topic,question,grading_notes,target,response,notes,clean_text,cluster,cluster_keywords
Pre-money valuation techniques,"What are the key methods for determining the pre-money valuation of a tech startup before a Series A investment round, and how do they differ?","DCF method: !future cash flows!, requires projections; Comp. analysis: similar co. multiples; VC method: rev x multiple - post-$; *Founder's share matter*; strategic buyers pay more.",pass,"Determining the pre-money valuation of a tech startup before a Series A investment round is a critical step, as it significantly influences the negotiation process and the ultimate percentage of ownership acquired by new and existing shareholders. Here’s an overview of key valuation methods and their differences:

1. **Discounted Cash Flow (DCF) Method:**
   - **Overview:** This method focuses on forecasting the startup's future cash flows and discounting them back to their present value using a discount rate. This is particularly relevant for startups with predictable cash flows and clear growth projections.
   - **Future Cash Flows!:** Expect to develop detailed financial projections for at least 3-5 years ahead. These projections should include expected revenues, operating costs, taxes, and capital expenditures. It’s crucial to justify the growth assumptions with market data and industry benchmarks.
   - **Complexity:** The DCF model can be complex as assumptions about growth rates, discount rates, and terminal values can significantly impact the valuation.
   - **Action Tip:** Engage with financial analysts or use advanced financial modeling tools to ensure that your cash flow projections and discount rates are robust and as accurate as possible.

2. **Comparable Company Analysis (Comp. Analysis):**
   - **Overview:** Also known as ""market multiples"" approach, this method involves comparing the startup to similar companies in the same industry and region that are publicly traded or were recently valued/IPOed.
   - **Similar Companies Multiples:** Key multiples may include Price-to-Earnings (P/E), Enterprise Value-to-EBITDA (EV/EBITDA), or Enterprise Value-to-Revenue (EV/Revenue). For tech startups, the EV/Revenue multiple is often more appropriate due to typically lower earnings at early stages.
   - **Action Tip:** Identify a set of 5-10 comparable companies, considering factors like size, growth rate, and market focus, to derive an average multiple to apply to your startup’s metrics.

3. **Venture Capital Method:**
   - **Overview:** This involves estimating the startup’s exit value, dividing it by the expected ROI for VCs, and working backward to derive the current valuation.
   - **Revenue x Multiple - Post-Money:** Calculate the expected future revenue, apply an appropriate multiple (based on industry standards), and subtract the desired ROI from the post-money valuation forecasts.
   - **Founder's Share Matter:*:** The dilution of the founder's share will depend on the pre- and post-money valuations. Founders need to balance between receiving significant investment and not losing substantial ownership/control.
   - **Action Tip:** Use this method to understand the expectations and goals of VCs, and assess how your financial and growth plans align with their required rates of return.

4. **Strategic Buyers' Perspective:**
   - **Strategic Buyers Pay More:** Companies that see strategic value in your startup might pay higher valuations compared to financial buyers. This occurs because strategic buyers can extract synergies, access new markets, or eliminate competition.
   - **Action Tip:** If engaging with potential strategic acquirers, highlight your company’s unique assets or market positioning that align with their strategic goals.

In conclusion, each valuation method offers a unique lens through which the startup’s value can be perceived. Founders should use multiple methods to triangulate a more defensible and comprehensive valuation number. Professional valuation consultation and alignment of investor expectations can ensure a smooth and fair valuation process, avoiding significant founder dilution and maintaining strategic control.",,determining pre money valuation tech startup series investment round critical step significantly influence negotiation process ultimate percentage ownership acquired new existing shareholder overview key valuation method difference discounted cash flow dcf method overview method focus forecasting startup future cash flow discounting back present value using discount rate particularly relevant startup predictable cash flow clear growth projection future cash flow expect develop detailed financial projection least year ahead projection include expected revenue operating cost tax capital expenditure crucial justify growth assumption market data industry benchmark complexity dcf model complex assumption growth rate discount rate terminal value significantly impact valuation action tip engage financial analyst use advanced financial modeling tool ensure cash flow projection discount rate robust accurate possible comparable company analysis comp analysis overview also known market multiple approach method involves comparing startup similar company industry region publicly traded recently valued ipoed similar company multiple key multiple may include price earnings enterprise value ebitda ebitda enterprise value revenue revenue tech startup revenue multiple often appropriate due typically lower earnings early stage action tip identify set comparable company considering factor like size growth rate market focus derive average multiple apply startup metric venture capital method overview involves estimating startup exit value dividing expected roi vcs working backward derive current valuation revenue multiple post money calculate expected future revenue apply appropriate multiple based industry standard subtract desired roi post money valuation forecast founder share matter dilution founder share depend pre post money valuation founder need balance receiving significant investment losing substantial ownership control action tip use method understand expectation goal vcs assess financial growth plan align required rate return strategic buyer perspective strategic buyer pay company see strategic value startup might pay higher valuation compared financial buyer occurs strategic buyer extract synergy access new market eliminate competition action tip engaging potential strategic acquirer highlight company unique asset market positioning align strategic goal conclusion valuation method offer unique lens startup value perceived founder use multiple method triangulate defensible comprehensive valuation number professional valuation consultation alignment investor expectation ensure smooth fair valuation process avoiding significant founder dilution maintaining strategic control,6,"revenue, valuation, ratio, growth, investor, bubble, rate, capital, market, profitability"
Pre-money valuation techniques,"What are the key methods for determining the pre-money valuation of a tech startup before a Series A investment round, and how do they differ?","DCF method: !future cash flows!, requires projections; Comp. analysis: similar co. multiples; VC method: rev x multiple - post-$; *Founder's share matter*; strategic buyers pay more.",fail,"Determining the pre-money valuation of a tech startup before a Series A investment round is a critical step, as it significantly influences the negotiation process and the ultimate percentage of ownership acquired by new and existing shareholders. Here’s an overview of key valuation methods and their differences:

1. **Discounted Cash Flow (DCF) Method:**
   - **Overview:** This method focuses on forecasting the startup's future cash flows and discounting them back to their present value using a discount rate. This is particularly relevant for startups with predictable cash flows and clear growth projections.
   - **Complexity:** The DCF model can be complex as assumptions about growth rates and discount rates can significantly impact the valuation.
   - **Action Tip:** Engage with financial analysts or use advanced financial modeling tools to ensure that your cash flow projections and discount rates are robust and as accurate as possible.

2. **Comparable Company Analysis (Comp. Analysis):**
   - **Overview:** Also known as ""market multiples"" approach, this method involves comparing the startup to similar companies in the same industry and region that are publicly traded or were recently valued/IPOed.
   - **Similar Companies Multiples:** Key multiples may include Price-to-Earnings (P/E), Enterprise Value-to-EBITDA (EV/EBITDA), or Enterprise Value-to-Revenue (EV/Revenue). For tech startups, the EV/Revenue multiple is often more appropriate due to typically lower earnings at early stages.
   - **Action Tip:** Identify a set of 5-10 comparable companies, considering factors like size, growth rate, and market focus, to derive an average multiple to apply to your startup’s metrics.

3. **Venture Capital Method:**
   - **Overview:** This involves estimating the startup’s exit value, dividing it by the expected ROI for VCs, and working backward to derive the current valuation.
   - **Revenue x Multiple:** Calculate the expected future revenue and apply an appropriate multiple based on industry standards.
   - **Action Tip:** Use this method to understand the expectations and goals of VCs, and assess how your financial and growth plans align with their required rates of return.

4. **Strategic Buyers' Perspective:**
   - **Strategic Buyers Pay More:** Companies that see strategic value in your startup might pay higher valuations compared to financial buyers. This occurs because strategic buyers can extract synergies, access new markets, or eliminate competition.
   - **Action Tip:** If engaging with potential strategic acquirers, highlight your company’s unique assets or market positioning that align with their strategic goals.

In conclusion, each valuation method offers a unique lens through which the startup’s value can be perceived. Founders should use multiple methods to triangulate a more defensible and comprehensive valuation number. Professional valuation consultation can ensure a smooth and fair valuation process, avoiding significant founder dilution and maintaining strategic control.",Removed the detailed explanation of 'Future Cash Flows' from the DCF method and the mention of 'Post-Money' calculations and Founder's share importance from the Venture Capital method. These omissions maintain the answer's coherence while strategically dropping essential points.,determining pre money valuation tech startup series investment round critical step significantly influence negotiation process ultimate percentage ownership acquired new existing shareholder overview key valuation method difference discounted cash flow dcf method overview method focus forecasting startup future cash flow discounting back present value using discount rate particularly relevant startup predictable cash flow clear growth projection complexity dcf model complex assumption growth rate discount rate significantly impact valuation action tip engage financial analyst use advanced financial modeling tool ensure cash flow projection discount rate robust accurate possible comparable company analysis comp analysis overview also known market multiple approach method involves comparing startup similar company industry region publicly traded recently valued ipoed similar company multiple key multiple may include price earnings enterprise value ebitda ebitda enterprise value revenue revenue tech startup revenue multiple often appropriate due typically lower earnings early stage action tip identify set comparable company considering factor like size growth rate market focus derive average multiple apply startup metric venture capital method overview involves estimating startup exit value dividing expected roi vcs working backward derive current valuation revenue multiple calculate expected future revenue apply appropriate multiple based industry standard action tip use method understand expectation goal vcs assess financial growth plan align required rate return strategic buyer perspective strategic buyer pay company see strategic value startup might pay higher valuation compared financial buyer occurs strategic buyer extract synergy access new market eliminate competition action tip engaging potential strategic acquirer highlight company unique asset market positioning align strategic goal conclusion valuation method offer unique lens startup value perceived founder use multiple method triangulate defensible comprehensive valuation number professional valuation consultation ensure smooth fair valuation process avoiding significant founder dilution maintaining strategic control,6,"revenue, valuation, ratio, growth, investor, bubble, rate, capital, market, profitability"
Post-money valuation metrics,What are the key factors to consider when calculating post-money valuation in a startup financing round?,"*Post-$ val* critical, pre-money val! + new invstmnt, % equity sold, fully-diluted shares calc, impact on *option pool*; Caution: anti-dilution, pref terms.",pass,"When calculating the post-money valuation in a startup financing round, it is critical to understand a few fundamental components that collectively determine how the valuation can accurately reflect the company’s worth and future potential. Here are the key factors to consider:

1. **Post-Money Valuation**: This is the critical value of the company immediately after the financing round is concluded. It’s a sum of the pre-money valuation and the new investment amount. Essentially, this value represents the company's worth after it has received fresh capital.

2. **Pre-Money Valuation**: This is the valuation of the startup before the new investment is considered. It's a foundational figure because it helps investors understand the startup's worth based on its current assets, liabilities, potential for growth, traction, and any existing revenues or user base. Accurately assessing this requires a thorough analysis of the company's business model, market conditions, competitors, and growth trajectory. 

3. **New Investment**: This is the amount of capital that the investors are putting into the company during the financing round. It needs to be clearly defined as it directly adds to the pre-money valuation to determine the post-money valuation.

4. **Percentage of Equity Sold**: This metric shows what portion of the company is being sold in the financing round. It is calculated by dividing the new investment by the post-money valuation. Understanding the percentage of equity sold is crucial because it determines investor ownership and the extent of founder dilution.

5. **Fully-Diluted Shares Calculation**: Evaluating the fully-diluted share count includes not only all outstanding shares but also shares that could potentially be issued (e.g., options, warrants, convertible securities). This calculation is crucial to represent the real extent of the company’s capitalization.

6. **Impact on Option Pool**: Startups often maintain an option pool to incentivize future hires. It is important to adjust the option pool to reflect an accurate stake accounting, which often gets overlooked. Key point here is that increasing the option pool post-financing affects both the pre-money valuation and the founders’ equity share. A common practice is ‘pre-money option pool refresh,’ where the pool is set up before the investment to minimize founder dilution.

7. **Cautions: Anti-Dilution Provisions and Preferred Terms**: 
   - **Anti-Dilution Clauses**: These protect investors from future down-rounds and can affect the valuation calculation and the existing equity distribution.
   - **Preferred Stock Terms**: Terms like liquidation preferences and dividend rights should be scrutinized, as they can dramatically influence the post-money valuation by prioritizing investor payouts over common shareholders.

Each of these components plays a vital role in defining the valuation outcomes and ensuring both founders and investors have a clear perspective on the company’s immediate and future financial landscape. Engaging meticulously with these factors will lead to a robust understanding and negotiation of startup valuations.",,calculating post money valuation startup financing round critical understand fundamental component collectively determine valuation accurately reflect company worth future potential key factor consider post money valuation critical value company immediately financing round concluded sum pre money valuation new investment amount essentially value represents company worth received fresh capital pre money valuation valuation startup new investment considered foundational figure help investor understand startup worth based current asset liability potential growth traction existing revenue user base accurately assessing requires thorough analysis company business model market condition competitor growth trajectory new investment amount capital investor putting company financing round need clearly defined directly add pre money valuation determine post money valuation percentage equity sold metric show portion company sold financing round calculated dividing new investment post money valuation understanding percentage equity sold crucial determines investor ownership extent founder dilution fully diluted share calculation evaluating fully diluted share count includes outstanding share also share could potentially issued option warrant convertible security calculation crucial represent real extent company capitalization impact option pool startup often maintain option pool incentivize future hire important adjust option pool reflect accurate stake accounting often get overlooked key point increasing option pool post financing affect pre money valuation founder equity share common practice pre money option pool refresh pool set investment minimize founder dilution caution anti dilution provision preferred term anti dilution clause protect investor future round affect valuation calculation existing equity distribution preferred stock term term like liquidation preference dividend right scrutinized dramatically influence post money valuation prioritizing investor payouts common shareholder component play vital role defining valuation outcome ensuring founder investor clear perspective company immediate future financial landscape engaging meticulously factor lead robust understanding negotiation startup valuation,1,"dilution, equity, investor, board, founder, series, preference, valuation, round, liquidation preference"
Post-money valuation metrics,What are the key factors to consider when calculating post-money valuation in a startup financing round?,"*Post-$ val* critical, pre-money val! + new invstmnt, % equity sold, fully-diluted shares calc, impact on *option pool*; Caution: anti-dilution, pref terms.",fail,"When calculating the post-money valuation in a startup financing round, it is critical to understand a few fundamental components that collectively determine how the valuation can accurately reflect the company’s worth and future potential. Here are the key factors to consider:

1. **Pre-Money Valuation**: This is the valuation of the startup before the new investment is considered. It's a foundational figure because it helps investors understand the startup's worth based on its current assets, liabilities, potential for growth, traction, and any existing revenues or user base. Accurately assessing this requires a thorough analysis of the company's business model, market conditions, competitors, and growth trajectory. 

2. **New Investment**: This is the amount of capital that the investors are putting into the company during the financing round. It needs to be clearly defined as it directly adds to the pre-money valuation to determine the post-money valuation.

3. **Percentage of Equity Sold**: This metric shows what portion of the company is being sold in the financing round. It is calculated by dividing the new investment by the post-money valuation. Understanding the percentage of equity sold is crucial because it determines investor ownership and the extent of founder dilution.

4. **Fully-Diluted Shares Calculation**: Evaluating the fully-diluted share count includes not only all outstanding shares but also shares that could potentially be issued (e.g., options, warrants, convertible securities). This calculation is crucial to represent the real extent of the company’s capitalization.

5. **Preferred Stock Terms**: Terms like liquidation preferences and dividend rights should be scrutinized, as they can dramatically influence the post-money valuation by prioritizing investor payouts over common shareholders.

Engaging meticulously with these factors ensures that both founders and investors have a clear perspective on the company’s immediate and future financial landscape. By focusing on these elements, stakeholders can negotiate startup valuations confidently and strategically.","Dropped the explanation of 'Post-Money Valuation' which is normally crucial for understanding the valuation after investment, and omitted the 'Impact on Option Pool' which affects founder dilution and pre-money valuation analysis. This maintains other elements while slightly reducing the depth covered.",calculating post money valuation startup financing round critical understand fundamental component collectively determine valuation accurately reflect company worth future potential key factor consider pre money valuation valuation startup new investment considered foundational figure help investor understand startup worth based current asset liability potential growth traction existing revenue user base accurately assessing requires thorough analysis company business model market condition competitor growth trajectory new investment amount capital investor putting company financing round need clearly defined directly add pre money valuation determine post money valuation percentage equity sold metric show portion company sold financing round calculated dividing new investment post money valuation understanding percentage equity sold crucial determines investor ownership extent founder dilution fully diluted share calculation evaluating fully diluted share count includes outstanding share also share could potentially issued option warrant convertible security calculation crucial represent real extent company capitalization preferred stock term term like liquidation preference dividend right scrutinized dramatically influence post money valuation prioritizing investor payouts common shareholder engaging meticulously factor ensures founder investor clear perspective company immediate future financial landscape focusing element stakeholder negotiate startup valuation confidently strategically,1,"dilution, equity, investor, board, founder, series, preference, valuation, round, liquidation preference"
Convertible notes vs SAFE in seed funding,"When considering seed funding, what are the critical differences between using convertible notes and SAFEs?","*Cap & discount*, maturity date (notes), interest rate (notes only), *conversion terms*, founder dilution impact, tax implications, legal simplicity (!SAFE), investor appetite (VC pref)",pass,"When considering seed funding, startups often evaluate two popular instruments: Convertible Notes and SAFEs (Simple Agreements for Future Equity). Understanding the critical differences between these two options can guide you in choosing the best path for your startup's needs. Here’s a detailed breakdown covering key aspects:

1. **Cap & Discount:**
   - **Convertible Notes and SAFEs** both often include a valuation cap and a discount rate. The **cap** sets a maximum valuation for converting the investment into equity, securing a favorable conversion price for investors if the company values highly. The **discount** provides investors a percentage reduction on the share price at the next equity round.

2. **Maturity Date:**
   - **Convertible Notes** have a maturity date, typically ranging from 18 to 24 months, by which time the note is expected to convert to equity or be repaid. This creates a timeline pressure for either conversion or repayment.
   - **SAFEs** do not have a maturity date. Investors are not expecting repayment; they anticipate conversion during a future priced round, thus removing the pressure associated with maturity deadlines.

3. **Interest Rate:**
   - **Convertible Notes** accumulate interest, usually between 2-8% annually, which also converts to equity if not paid. This adds financial cost that impacts the amount of equity given at conversion.
   - **SAFEs** do not carry an interest rate, making them more straightforward in terms of financial obligations.

4. **Conversion Terms:**
   - Both instruments convert into equity at a future financing round, typically at a pre-agreed valuation cap or with a discount applied. The conditions of conversion (like timing and triggers) are clearly defined in the documents.
   - Investors usually appreciate the clarity offered by both structures but note that details can vary widely by individual agreements.

5. **Founder Dilution Impact:**
   - **SAFEs** tend to be slightly more founder-friendly, often resulting in incremental dilution compared to convertible notes, primarily owing to the lack of interest accumulation.
   - Calculating prospective dilution upfront is crucial for founders. Using scenarios modeling with different cap and discount scenarios is useful for understanding impacts.

6. **Tax Implications:**
   - **Convertible Notes** might have tax implications due to accrued interest. Founders should consult with legal advisors to ensure compliance with applicable tax obligations.
   - **SAFEs** generally are simpler from a tax perspective, not involving accrued interest or repayment, but tax advice should still be sought.

7. **Legal Simplicity (SAFEs):**
   - **SAFEs** are designed for simplicity and often require fewer legal negotiating points, reducing legal fees and time spent in document review compared to the more complex note agreements.
   - Their straightforward nature makes them an attractive choice for startups looking to streamline financing efforts.

8. **Investor Appetite (VC Preference):**
   - Many venture capitalists are comfortable with both instruments, but SAFEs have become increasingly popular due to their simplicity and flexibility.
   - Convertible notes remain favored by some investors who prefer the structured approach of maturity and interest terms. Offering clear exit strategies at fundraising milestones may increase investor appeal.

In summary, the choice between Convertible Notes and SAFEs depends on your startup's immediate financial needs, the willingness to negotiate legal terms, and your future financing strategy. Consulting with legal and financial advisors is recommended to tailor your fundraising approach effectively. This ensures that you align with both fundraising strategies and long-term business goals.",,considering seed funding startup often evaluate two popular instrument convertible note safe simple agreement future equity understanding critical difference two option guide choosing best path startup need detailed breakdown covering key aspect cap discount convertible note safe often include valuation cap discount rate cap set maximum valuation converting investment equity securing favorable conversion price investor company value highly discount provides investor percentage reduction share price next equity round maturity date convertible note maturity date typically ranging month time note expected convert equity repaid creates timeline pressure either conversion repayment safe maturity date investor expecting repayment anticipate conversion future priced round thus removing pressure associated maturity deadline interest rate convertible note accumulate interest usually annually also convert equity paid add financial cost impact amount equity given conversion safe carry interest rate making straightforward term financial obligation conversion term instrument convert equity future financing round typically pre agreed valuation cap discount applied condition conversion like timing trigger clearly defined document investor usually appreciate clarity offered structure note detail vary widely individual agreement founder dilution impact safe tend slightly founder friendly often resulting incremental dilution compared convertible note primarily owing lack interest accumulation calculating prospective dilution upfront crucial founder using scenario modeling different cap discount scenario useful understanding impact tax implication convertible note might tax implication due accrued interest founder consult legal advisor ensure compliance applicable tax obligation safe generally simpler tax perspective involving accrued interest repayment tax advice still sought legal simplicity safe safe designed simplicity often require fewer legal negotiating point reducing legal fee time spent document review compared complex note agreement straightforward nature make attractive choice startup looking streamline financing effort investor appetite preference many venture capitalist comfortable instrument safe become increasingly popular due simplicity flexibility convertible note remain favored investor prefer structured approach maturity interest term offering clear exit strategy fundraising milestone may increase investor appeal summary choice convertible note safe depends startup immediate financial need willingness negotiate legal term future financing strategy consulting legal financial advisor recommended tailor fundraising approach effectively ensures align fundraising strategy long term business goal,7,"exit, ipo, valuation, public, multiple, investor, condition, market, exit multiple, equity"
Convertible notes vs SAFE in seed funding,"When considering seed funding, what are the critical differences between using convertible notes and SAFEs?","*Cap & discount*, maturity date (notes), interest rate (notes only), *conversion terms*, founder dilution impact, tax implications, legal simplicity (!SAFE), investor appetite (VC pref)",fail,"When considering seed funding, startups often evaluate two popular instruments: Convertible Notes and SAFEs (Simple Agreements for Future Equity). Understanding the critical differences between these two options can guide you in choosing the best path for your startup's needs. Here’s a detailed breakdown covering key aspects:

1. **Cap & Discount:**
 - **Convertible Notes and SAFEs** both often include a valuation cap and a discount rate. The **cap** sets a maximum valuation for converting the investment into equity, securing a favorable conversion price for investors if the company values highly. The **discount** provides investors a percentage reduction on the share price at the next equity round.

2. **Maturity Date:**
 - **Convertible Notes** have a maturity date, typically ranging from 18 to 24 months, by which time the note is expected to convert to equity or be repaid. This creates a timeline pressure for either conversion or repayment.
 - **SAFEs** do not have a maturity date, removing the pressure associated with maturity deadlines.

3. **Interest Rate:**
 - **Convertible Notes** accumulate interest, which also converts to equity if not paid, adding a financial cost that impacts the amount of equity given at conversion.

4. **Conversion Terms:**
 - Both instruments convert into equity at a future financing round, typically at a pre-agreed valuation cap or with a discount applied. The conditions of conversion are clearly defined in the documents.

5. **Founder Dilution Impact:**
 - **SAFEs** tend to be slightly more founder-friendly, often resulting in incremental dilution compared to convertible notes, primarily owing to the lack of interest accumulation.

6. **Legal Simplicity (SAFEs):**
 - **SAFEs** are designed for simplicity, often requiring fewer legal negotiating points, reducing legal fees compared to the more complex note agreements.

7. **Investor Appetite (VC Preference):**
 - Many venture capitalists are comfortable with both instruments, but SAFEs have become increasingly popular due to their simplicity and flexibility.

In summary, the choice between Convertible Notes and SAFEs depends on your startup's immediate financial needs, the willingness to negotiate legal terms, and your future financing strategy. Consulting with legal and financial advisors is recommended to tailor your fundraising approach effectively. This ensures that you align with both fundraising strategies and long-term business goals.",Dropped 'tax implications' and 'investor appetite (VC pref)' points entirely. These were critical points marked in the grading notes and their removal maintains overall coherence by focusing the revised answer more on the structural differences and perceived simplicity of SAFEs without going into taxation or specific investor preferences. Ensured the rest of the content still flows naturally and reads completely.,considering seed funding startup often evaluate two popular instrument convertible note safe simple agreement future equity understanding critical difference two option guide choosing best path startup need detailed breakdown covering key aspect cap discount convertible note safe often include valuation cap discount rate cap set maximum valuation converting investment equity securing favorable conversion price investor company value highly discount provides investor percentage reduction share price next equity round maturity date convertible note maturity date typically ranging month time note expected convert equity repaid creates timeline pressure either conversion repayment safe maturity date removing pressure associated maturity deadline interest rate convertible note accumulate interest also convert equity paid adding financial cost impact amount equity given conversion conversion term instrument convert equity future financing round typically pre agreed valuation cap discount applied condition conversion clearly defined document founder dilution impact safe tend slightly founder friendly often resulting incremental dilution compared convertible note primarily owing lack interest accumulation legal simplicity safe safe designed simplicity often requiring fewer legal negotiating point reducing legal fee compared complex note agreement investor appetite preference many venture capitalist comfortable instrument safe become increasingly popular due simplicity flexibility summary choice convertible note safe depends startup immediate financial need willingness negotiate legal term future financing strategy consulting legal financial advisor recommended tailor fundraising approach effectively ensures align fundraising strategy long term business goal,7,"exit, ipo, valuation, public, multiple, investor, condition, market, exit multiple, equity"
Series A vs Series B funding terms,What are the key differences in funding terms between Series A and Series B rounds?,"Series A: $2-15M, *post-$ val*, board seats, pro rata, pref. rights 
 Series B: $7-30M+, *growth focus*, more dilution, scaling ops, expanded board",pass,"When examining the funding terms between Series A and Series B rounds, it’s important to consider both the structural and strategic differences that characterize these stages in a startup’s lifecycle.

**Series A Funding:**

- **Investment Size:** Typically ranges from $2 million to $15 million. This round sets the stage for growth by providing the necessary capital to reach key development milestones.

- **Valuation:** Post-money valuations during a Series A can vary widely but generally reflect the startup's potential for growth. Startups should have some level of market validation with a refined business model. Post-money valuations at this stage often focus on ensuring the startup can reach the next set of operational or strategic milestones.

- **Board Seats:** Investors often will seek one or more board seats to exert strategic influence and ensure alignment with their return expectations. 

- **Pro Rata Rights:** Existing investors commonly negotiate pro rata rights to maintain their ownership percentage in future funding rounds, offering them the opportunity to continue supporting the startup during its growth phase.

- **Preferred Rights:** Series A investors typically receive preferred shares, which come with preferential rights such as liquidation preference, anti-dilution clauses, and sometimes participation rights, safeguarding their investment against future uncertainties.

**Series B Funding:**

- **Investment Size:** With a more substantial focus on growth and scaling, Series B investment typically ranges from $7 million to over $30 million. The capital is often used to bolster operational expansion rather than product development.

- **Growth Focus:** The main objective in the Series B round is to scale operations, expand market reach, and enhance product lines. Companies at this stage are expected to have a proven product and a viable business model in a market ready for expansion.

- **Dilution:** Founders and early investors should anticipate more significant dilution as larger checks are written, generally increasing the total amount of shares outstanding.

- **Scaling Operations:** Funds from this round are strategically deployed to accelerate growth through hiring key talents, expanding into new markets, and increasing sales efforts.

- **Board Expansion:** This round often includes expanding the board of directors to include industry experts and networked individuals who can help guide the company through the growth phase.

In both Series A and Series B, maintaining strategic partnerships and aligning investor incentives with long-term company goals is crucial for ensuring successful outcomes and maximizing value creation. Each round reflects not just the gradual increase in capital infusion and operational focus but also a deeper investor involvement at strategic and governance levels, tailored specifically to the company's maturity and growth objectives.",,examining funding term series series round important consider structural strategic difference characterize stage startup lifecycle series funding investment size typically range million million round set stage growth providing necessary capital reach key development milestone valuation post money valuation series vary widely generally reflect startup potential growth startup level market validation refined business model post money valuation stage often focus ensuring startup reach next set operational strategic milestone board seat investor often seek one board seat exert strategic influence ensure alignment return expectation pro rata right existing investor commonly negotiate pro rata right maintain ownership percentage future funding round offering opportunity continue supporting startup growth phase preferred right series investor typically receive preferred share come preferential right liquidation preference anti dilution clause sometimes participation right safeguarding investment future uncertainty series funding investment size substantial focus growth scaling series investment typically range million million capital often used bolster operational expansion rather product development growth focus main objective series round scale operation expand market reach enhance product line company stage expected proven product viable business model market ready expansion dilution founder early investor anticipate significant dilution larger check written generally increasing total amount share outstanding scaling operation fund round strategically deployed accelerate growth hiring key talent expanding new market increasing sale effort board expansion round often includes expanding board director include industry expert networked individual help guide company growth phase series series maintaining strategic partnership aligning investor incentive long term company goal crucial ensuring successful outcome maximizing value creation round reflects gradual increase capital infusion operational focus also deeper investor involvement strategic governance level tailored specifically company maturity growth objective,1,"dilution, equity, investor, board, founder, series, preference, valuation, round, liquidation preference"
Series A vs Series B funding terms,What are the key differences in funding terms between Series A and Series B rounds?,"Series A: $2-15M, *post-$ val*, board seats, pro rata, pref. rights 
 Series B: $7-30M+, *growth focus*, more dilution, scaling ops, expanded board",fail,"When examining the funding terms between Series A and Series B rounds, it’s important to consider both the structural and strategic differences that characterize these stages in a startup’s lifecycle.

**Series A Funding:**

- **Investment Size:** Typically ranges from $2 million to $15 million. This round sets the stage for growth by providing the necessary capital to reach key development milestones.

- **Valuation:** Startups should have some level of market validation with a refined business model. Valuations at this stage often focus on ensuring the startup can reach the next set of operational or strategic milestones.

- **Pro Rata Rights:** Existing investors commonly negotiate pro rata rights to maintain their ownership percentage in future funding rounds, offering them the opportunity to continue supporting the startup during its growth phase.

- **Preferred Rights:** Series A investors typically receive preferred shares, which come with preferential rights such as anti-dilution clauses and sometimes participation rights, safeguarding their investment against future uncertainties.

**Series B Funding:**

- **Investment Size:** With a more substantial focus on growth and scaling, Series B investment typically ranges from $7 million to over $30 million. The capital is often used to bolster operational expansion rather than product development.

- **Growth Focus:** The main objective in the Series B round is to scale operations, expand market reach, and enhance product lines. Companies at this stage are expected to have a proven product and a viable business model in a market ready for expansion.

- **Dilution:** Founders and early investors should anticipate more significant dilution as larger checks are written, generally increasing the total amount of shares outstanding.

- **Scaling Operations:** Funds from this round are strategically deployed to accelerate growth through hiring key talents, expanding into new markets, and increasing sales efforts.

In both Series A and Series B, maintaining strategic partnerships and aligning investor incentives with long-term company goals is crucial for ensuring successful outcomes and maximizing value creation. Each round reflects not just the gradual increase in capital infusion and operational focus but also a deeper investor involvement at strategic and governance levels, tailored specifically to the company's maturity and growth objectives.","Omitted board seats from Series A and expanded board from Series B, which are marked as critical in the grading notes. These omissions are compensated by emphasizing strategic and operational considerations.",examining funding term series series round important consider structural strategic difference characterize stage startup lifecycle series funding investment size typically range million million round set stage growth providing necessary capital reach key development milestone valuation startup level market validation refined business model valuation stage often focus ensuring startup reach next set operational strategic milestone pro rata right existing investor commonly negotiate pro rata right maintain ownership percentage future funding round offering opportunity continue supporting startup growth phase preferred right series investor typically receive preferred share come preferential right anti dilution clause sometimes participation right safeguarding investment future uncertainty series funding investment size substantial focus growth scaling series investment typically range million million capital often used bolster operational expansion rather product development growth focus main objective series round scale operation expand market reach enhance product line company stage expected proven product viable business model market ready expansion dilution founder early investor anticipate significant dilution larger check written generally increasing total amount share outstanding scaling operation fund round strategically deployed accelerate growth hiring key talent expanding new market increasing sale effort series series maintaining strategic partnership aligning investor incentive long term company goal crucial ensuring successful outcome maximizing value creation round reflects gradual increase capital infusion operational focus also deeper investor involvement strategic governance level tailored specifically company maturity growth objective,1,"dilution, equity, investor, board, founder, series, preference, valuation, round, liquidation preference"
Understanding liquidation preferences in VC deals,What are liquidation preferences and how do they impact founder and investor returns in a VC deal?,"*Liquidation prefs*: 1x-3x std, participating vs. non-participating, direct effects on founder exit $$. % priority over common. Anti-dilution impact, *waterfall analysis* required. Founder dilution consideration.",pass,"Liquidation preferences are a crucial component of venture capital (VC) deals, fundamentally affecting both investor and founder returns. They outline the order and manner in which proceeds are distributed in a liquidity event, such as a sale of the company or an IPO. Let's delve into the key aspects of liquidation preferences and their implications in a VC deal:

1. **Standard Multiples (1x-3x)**: Liquidation preferences are often expressed as a multiple, typically ranging from 1x to 3x. A 1x liquidation preference ensures that investors get their money back before any proceeds are distributed to common shareholders, including founders. For instance, if an investor has a 1x liquidation preference and invests $2 million, they would receive $2 million off the top before others see any of the proceeds. This multiple can increase to 3x or more in higher risk scenarios, magnifying investor protection by ensuring 3 times the return of their initial investment before common stockholders participate in the upside.

2. **Participating vs. Non-Participating Preferences**: A *participating* liquidation preference allows investors to receive their preference amount and still participate in the upside along with common shareholders, often termed as ""double-dipping."" For example, if investors have a 1x participating preference in a $50 million acquisition, they collect their $2 million first, and then share the remaining $48 million with other shareholders. Conversely, a *non-participating* preference allows investors to either take their preferred payout amount or convert to common stock and participate in the distribution, but not both.

3. **Priority Over Common Stock**: Preferred shares, which carry liquidation preferences, have priority over common shares in a payout scenario. This means that common shareholders, including founders, are only paid after the preference is satisfied. Thus, if liquidation preferences are high or the sale price is low, common shareholders might receive little to nothing, directly impacting the founders’ exit proceeds.

4. **Anti-Dilution Provisions**: These clauses protect investors from value dilution if the company raises further rounds at a lower valuation. Often a full-ratchet or weighted-average formula is used, which can lead to significant founder dilution because it adjusts the conversion price of the preferred stock, thereby increasing the number of shares the investor can convert into.

5. **Waterfall Analysis**: This financial model is critical for understanding the distribution of returns in different exit scenarios, effectively illustrating the 'waterfall' of proceeds through different classes of stock. A waterfall analysis helps both investors and founders visualize who gets paid, how much, and in what order, allowing them to comprehend the impact of various terms and exit conditions on their financial returns.

6. **Founder Dilution**: Liquidation preferences, especially if coupled with anti-dilution rights, can significantly dilute founder equity in financial terms. Founders must gauge the trade-off between taking investment and losing equity, often requiring rigorous negotiation to ensure terms that retain a substantial exit value.

In sum, understanding liquidation preferences is vital for structuring a fair and balanced VC deal. Founders should negotiate these terms carefully, keeping potential exit scenarios in mind, to strike a balance that aligns investor protection with founder incentives.",,liquidation preference crucial component venture capital deal fundamentally affecting investor founder return outline order manner proceeds distributed liquidity event sale company ipo let delve key aspect liquidation preference implication deal standard multiple liquidation preference often expressed multiple typically ranging liquidation preference ensures investor get money back proceeds distributed common shareholder including founder instance investor liquidation preference invests million would receive million top others see proceeds multiple increase higher risk scenario magnifying investor protection ensuring time return initial investment common stockholder participate upside participating non participating preference participating liquidation preference allows investor receive preference amount still participate upside along common shareholder often termed double dipping example investor participating preference million acquisition collect million first share remaining million shareholder conversely non participating preference allows investor either take preferred payout amount convert common stock participate distribution priority common stock preferred share carry liquidation preference priority common share payout scenario mean common shareholder including founder paid preference satisfied thus liquidation preference high sale price low common shareholder might receive little nothing directly impacting founder exit proceeds anti dilution provision clause protect investor value dilution company raise round lower valuation often full ratchet weighted average formula used lead significant founder dilution adjusts conversion price preferred stock thereby increasing number share investor convert waterfall analysis financial model critical understanding distribution return different exit scenario effectively illustrating waterfall proceeds different class stock waterfall analysis help investor founder visualize get paid much order allowing comprehend impact various term exit condition financial return founder dilution liquidation preference especially coupled anti dilution right significantly dilute founder equity financial term founder must gauge trade taking investment losing equity often requiring rigorous negotiation ensure term retain substantial exit value sum understanding liquidation preference vital structuring fair balanced deal founder negotiate term carefully keeping potential exit scenario mind strike balance aligns investor protection founder incentive,1,"dilution, equity, investor, board, founder, series, preference, valuation, round, liquidation preference"
Understanding liquidation preferences in VC deals,What are liquidation preferences and how do they impact founder and investor returns in a VC deal?,"*Liquidation prefs*: 1x-3x std, participating vs. non-participating, direct effects on founder exit $$. % priority over common. Anti-dilution impact, *waterfall analysis* required. Founder dilution consideration.",fail,"Liquidation preferences are an essential element of venture capital (VC) deals, influencing both investor and founder returns. They determine the distribution order and manner of proceeds in a liquidity event, such as a company sale or an IPO. Here are the main aspects of liquidation preferences and their implications in a VC agreement:

1. **Standard Multiples (1x-3x)**: Liquidation preferences are typically expressed as multiples, generally ranging from 1x to 3x. A 1x liquidation preference ensures that investors recoup their initial investment before any proceeds are distributed to common shareholders, including founders. For instance, if an investor has a 1x liquidation preference with a $2 million investment, they would receive $2 million off the top before proceeds reach others. In riskier scenarios, this multiple can rise to 3x or more, heightening investor protection by ensuring they receive, for example, three times their initial investment before common investors gain any returns.

2. **Participating vs. Non-Participating Preferences**: A *participating* liquidation preference allows investors to receive their preference sum and also partake in remaining proceeds alongside common shareholders, often termed ""double-dipping."" For example, if investors have a 1x participating preference in a $50 million acquisition, they collect their initial $2 million first, and then share the remainder of $48 million with other shareholders. On the other hand, a *non-participating* preference allows investors to either claim their preferred amount or convert to common stock to join in the distribution, but not both.

3. **Priority Over Common Stock**: Preferred shares, which have liquidation preferences, take precedence over common shares in a payout scenario. This implies that common shareholders, including founders, are compensated only after the preference is satisfied. Therefore, if liquidation preferences are substantial or if the sale price is low, common shareholders might receive little to no returns, impacting the founders’ exit proceeds directly.

4. **Anti-Dilution Provisions**: These clauses protect investors from value dilution should the company secure further funding rounds at a lower valuation. Frequently, a full-ratchet or weighted-average formula is used, which can cause considerable founder dilution as it adjusts the preferred stock's conversion price, increasing the number of shares an investor can convert into.

5. **Founder Dilution**: Liquidation preferences, particularly when combined with anti-dilution rights, can significantly affect founder equity in financial terms. Founders need to weigh the trade-off between acquiring investment and reducing equity, often engaging in meticulous negotiations to assure terms that preserve a significant exit value.

In conclusion, understanding liquidation preferences is quintessential for structuring a balanced VC deal. Founders should diligently negotiate these terms, reflecting on potential exit scenarios to establish a balance that aligns investor protection with founder incentives.","Omitted the explanation of waterfall analysis, as well as any mention of its importance in visualizing distributions in exit scenarios.",liquidation preference essential element venture capital deal influencing investor founder return determine distribution order manner proceeds liquidity event company sale ipo main aspect liquidation preference implication agreement standard multiple liquidation preference typically expressed multiple generally ranging liquidation preference ensures investor recoup initial investment proceeds distributed common shareholder including founder instance investor liquidation preference million investment would receive million top proceeds reach others riskier scenario multiple rise heightening investor protection ensuring receive example three time initial investment common investor gain return participating non participating preference participating liquidation preference allows investor receive preference sum also partake remaining proceeds alongside common shareholder often termed double dipping example investor participating preference million acquisition collect initial million first share remainder million shareholder hand non participating preference allows investor either claim preferred amount convert common stock join distribution priority common stock preferred share liquidation preference take precedence common share payout scenario implies common shareholder including founder compensated preference satisfied therefore liquidation preference substantial sale price low common shareholder might receive little return impacting founder exit proceeds directly anti dilution provision clause protect investor value dilution company secure funding round lower valuation frequently full ratchet weighted average formula used cause considerable founder dilution adjusts preferred stock conversion price increasing number share investor convert founder dilution liquidation preference particularly combined anti dilution right significantly affect founder equity financial term founder need weigh trade acquiring investment reducing equity often engaging meticulous negotiation assure term preserve significant exit value conclusion understanding liquidation preference quintessential structuring balanced deal founder diligently negotiate term reflecting potential exit scenario establish balance aligns investor protection founder incentive,1,"dilution, equity, investor, board, founder, series, preference, valuation, round, liquidation preference"
Identifying tech bubble warning signs,What are key warning signs that a tech startup might be part of a tech bubble?,"*Crazy valuations, rev multiple 10x+ !, burn rate unsustainable, *no profit path, customer acquisition massive spend, hyped narrative sans substance.",pass,"The concept of a tech bubble tends to be associated with valuations, expectations, and market behaviors that considerably exceed sustainable metrics for startup success. As a venture capital expert, understanding these warning signs is critical to making informed decisions. Here are key indicators that a tech startup might be part of a bubble:

1. **Crazy Valuations and Revenue Multiples:**
   One of the most glaring signs is when startups are valued at levels markedly disconnected from their actual or potential earnings. A typical red flag is the presence of revenue multiples greater than 10x. In more stable markets, revenue multiples for tech startups usually range between 3x and 8x, depending on growth stage and sector. Values above this range, particularly surpassing 10x regularly, suggest that investors are speculating and inflating prices beyond what the company’s financials can justify.

2. **Unsustainable Burn Rate:**
   Rapid depletion of financial reserves, also known as the burn rate, is another critical indicator of a bubble. If a startup is consistently spending more capital than it can sustain without clear milestones for securing additional funding or significant revenue increases, this poses a risk. For instance, if a company’s monthly operating expenses exceed revenue by 100% or more, and it lacks a two-year runway without fresh capital, this behavior signals unsustainable operations.

3. **No Clear Path to Profitability:**
   A sustainable business model entails a path to profitability, where a startup can reasonably expect to become profitable as it scales. Warning signs appear when there is no tangible plan or strategy for reaching break-even, let alone profitability. This situation often emerges in startups that prioritize growth at the expense of sound financial planning, bypassing steps necessary for long-term success.

4. **Excessive Customer Acquisition Costs (CAC):**
   High spending on customer acquisition is problematic when it isn’t aligned with the lifetime value (LTV) of the customer. A healthy CLV to CAC ratio should be around 3:1. When startups allocate disproportionate resources to acquire customers without evaluating retentive mechanisms or ensuring that initial customer investments are recuperated and yield profit, it’s a potential indicator of irrational exuberance influenced by bubble dynamics.

5. **Hyped Narratives Without Substance:**
   In bubble environments, startups often ride waves of hype with narratives that sound compelling but lack substantial underpinning. These are often buzzword-heavy pitches that promise disruptive innovation without demonstrating solid technical capabilities or market strategies. Investors need to be wary of heavy promotions that do not correlate with robust product development or clear competitive advantage.

In summary, recognizing these signs involves scrutinizing financial metrics, operational strategies, and market positioning. It is crucial for investors and stakeholders to apply rigorous due diligence, evaluating whether growth trajectories are based on realistic assessments or speculative enthusiasm. Particularly in volatile tech sectors, maintaining these checks helps avoid falling into the trap of a tech bubble, allowing for more prudent and profitable investment decisions.",,concept tech bubble tends associated valuation expectation market behavior considerably exceed sustainable metric startup success venture capital expert understanding warning sign critical making informed decision key indicator tech startup might part bubble crazy valuation revenue multiple one glaring sign startup valued level markedly disconnected actual potential earnings typical red flag presence revenue multiple greater stable market revenue multiple tech startup usually range depending growth stage sector value range particularly surpassing regularly suggest investor speculating inflating price beyond company financials justify unsustainable burn rate rapid depletion financial reserve also known burn rate another critical indicator bubble startup consistently spending capital sustain without clear milestone securing additional funding significant revenue increase pose risk instance company monthly operating expense exceed revenue lack two year runway without fresh capital behavior signal unsustainable operation clear path profitability sustainable business model entail path profitability startup reasonably expect become profitable scale warning sign appear tangible plan strategy reaching break even let alone profitability situation often emerges startup prioritize growth expense sound financial planning bypassing step necessary long term success excessive customer acquisition cost cac high spending customer acquisition problematic aligned lifetime value ltv customer healthy clv cac ratio around startup allocate disproportionate resource acquire customer without evaluating retentive mechanism ensuring initial customer investment recuperated yield profit potential indicator irrational exuberance influenced bubble dynamic hyped narrative without substance bubble environment startup often ride wave hype narrative sound compelling lack substantial underpinning often buzzword heavy pitch promise disruptive innovation without demonstrating solid technical capability market strategy investor need wary heavy promotion correlate robust product development clear competitive advantage summary recognizing sign involves scrutinizing financial metric operational strategy market positioning crucial investor stakeholder apply rigorous due diligence evaluating whether growth trajectory based realistic assessment speculative enthusiasm particularly volatile tech sector maintaining check help avoid falling trap tech bubble allowing prudent profitable investment decision,6,"revenue, valuation, ratio, growth, investor, bubble, rate, capital, market, profitability"
Identifying tech bubble warning signs,What are key warning signs that a tech startup might be part of a tech bubble?,"*Crazy valuations, rev multiple 10x+ !, burn rate unsustainable, *no profit path, customer acquisition massive spend, hyped narrative sans substance.",fail,"Understanding the signs of a tech bubble is critical for making informed investment decisions. Here are some indicators that a tech startup might be part of a bubble:

1. **Crazy Valuations:**
   Startups valued at significantly more than their earnings indicate a tech bubble. While stable markets usually have revenue multiples for tech startups between 3x and 8x, alarm bells should ring when valuations seem highly speculative and detached from financial realities.

2. **Unsustainable Burn Rate:**
   Rapid financial depletion is another warning sign. If a startup spends much more than it earns without securing additional funding or increasing revenue rapidly, it signals potential risk. Operations exceeding revenue by 100% monthly, without adequate financial planning, highlight unsustainability.

3. **No Clear Path to Profitability:**
   Startups need a strategy to become profitable eventually. A lack of a tangible plan or path signals potential trouble, especially when growth is prioritized over financial planning.

4. **High Spending on Customer Acquisition:**
   While customer acquisition is important, it should be balanced. Spending disproportionately on acquiring customers without ensuring these investments yield profit may indicate an exaggerated valuation driven by speculation.

5. **Hyped Narratives:**
   Often, startups in a bubble environment may leverage narratives that promise innovation without substantial grounding. Such pitches frequently lack technical validation and market strategies, fueled by investor enthusiasm rather than sound business propositions.

Recognizing these signals involves a careful review of financial and operational metrics. Investors should diligently assess whether growth claims are founded on realistic projections or speculative zeal. Applying these checks helps avoid the traps of a tech bubble.","Omitted ""revenue multiples greater than 10x"" in Crazy Valuations section and ""3:1 CLV to CAC ratio"" in Customer Acquisition Costs section to drop specific metrics. Enhanced explanation to maintain comprehensive tone and added general points about financial planning.",understanding sign tech bubble critical making informed investment decision indicator tech startup might part bubble crazy valuation startup valued significantly earnings indicate tech bubble stable market usually revenue multiple tech startup alarm bell ring valuation seem highly speculative detached financial reality unsustainable burn rate rapid financial depletion another warning sign startup spends much earns without securing additional funding increasing revenue rapidly signal potential risk operation exceeding revenue monthly without adequate financial planning highlight unsustainability clear path profitability startup need strategy become profitable eventually lack tangible plan path signal potential trouble especially growth prioritized financial planning high spending customer acquisition customer acquisition important balanced spending disproportionately acquiring customer without ensuring investment yield profit may indicate exaggerated valuation driven speculation hyped narrative often startup bubble environment may leverage narrative promise innovation without substantial grounding pitch frequently lack technical validation market strategy fueled investor enthusiasm rather sound business proposition recognizing signal involves careful review financial operational metric investor diligently assess whether growth claim founded realistic projection speculative zeal applying check help avoid trap tech bubble,6,"revenue, valuation, ratio, growth, investor, bubble, rate, capital, market, profitability"
Indicators of overvaluation in tech startups,What are the critical indicators you look for to assess whether a tech startup is overvalued in its current funding round?,"Rev growth vs. market norm, *EV/Revenue high*, post-$ val vs comps, *burn rate*, LTV:CAC (if SaaS), no exit path, investor mix!",pass,"When assessing whether a tech startup is overvalued in its current funding round, several critical indicators should be taken into consideration. 

1. **Revenue Growth versus Market Norms:** A startup's revenue growth should be compared against industry benchmarks and market norms. Typically, high-growth tech startups should see revenue growth rates of at least 30% year-over-year. If growth is sluggish compared to what is standard within its sector, it may indicate overvaluation.

2. **EV/Revenue Ratio:** The Enterprise Value (EV) to Revenue ratio is pivotal in gauging overvaluation. For most tech startups, a healthy EV/Revenue multiple might range from 5x to 10x, depending on the specific industry and growth stage. If a startup exhibits an EV/Revenue ratio significantly higher than the average for its peers, this could signal an overvaluation.

3. **Post-Money Valuation versus Comparables:** Post-money valuation should be in line with similar companies in terms of size, growth potential, and market. If the valuation is substantially higher than those of comparable startups, it suggests overvaluation. For example, if comparable firms are valued at $100 million post-money, a similar startup valued at $150 million may be overvalued unless justified by unique operational efficiency or strategic assets.

4. **Burn Rate:** Assessing the burn rate—how fast a startup is spending its cash reserves—against its capital runway is essential. A high burn rate relative to revenue generation, without a clear path to profitability, might indicate overvaluation. Ideally, a startup should maintain a burn multiple (the ratio of cash burned to revenue generated) of around 1-2x for early-stage SaaS companies.

5. **LTV:CAC Ratio (for SaaS firms):** The Lifetime Value to Customer Acquisition Cost (LTV:CAC) ratio should ideally be greater than 3:1, indicating that the company earns three times more revenue from a customer over their lifetime than it costs to acquire them. A poor LTV:CAC ratio may reflect inefficiencies, suggesting that the current valuation might be overly optimistic.

6. **Lack of Exit Path:** An absence of a credible exit strategy, such as an acquisition target list or IPO readiness, can also be a risk factor for overvaluation. Investors look for an exit within approximately 7-10 years, so the lack of a clear exit pathway can raise red flags.

7. **Investor Mix:** The demographics of investors can influence startup valuation. A cap table heavily weighted with investors who lack sector expertise or those driven primarily by rapid returns (such as certain hedge funds or family offices) may inflate valuations without sound operational fundamentals.

By systematically evaluating these indicators, venture capitalists can make more informed decisions. The goal is to balance potential high growth trajectories with a pragmatic assessment of operational and financial metrics, ensuring that investments are grounded in realistic, sustainable business models.",,assessing whether tech startup overvalued current funding round several critical indicator taken consideration revenue growth versus market norm startup revenue growth compared industry benchmark market norm typically high growth tech startup see revenue growth rate least year year growth sluggish compared standard within sector may indicate overvaluation revenue ratio enterprise value revenue ratio pivotal gauging overvaluation tech startup healthy revenue multiple might range depending specific industry growth stage startup exhibit revenue ratio significantly higher average peer could signal overvaluation post money valuation versus comparables post money valuation line similar company term size growth potential market valuation substantially higher comparable startup suggests overvaluation example comparable firm valued million post money similar startup valued million may overvalued unless justified unique operational efficiency strategic asset burn rate assessing burn rate fast startup spending cash reserve capital runway essential high burn rate relative revenue generation without clear path profitability might indicate overvaluation ideally startup maintain burn multiple ratio cash burned revenue generated around early stage saas company ltv cac ratio saas firm lifetime value customer acquisition cost ltv cac ratio ideally greater indicating company earns three time revenue customer lifetime cost acquire poor ltv cac ratio may reflect inefficiency suggesting current valuation might overly optimistic lack exit path absence credible exit strategy acquisition target list ipo readiness also risk factor overvaluation investor look exit within approximately year lack clear exit pathway raise red flag investor mix demographic investor influence startup valuation cap table heavily weighted investor lack sector expertise driven primarily rapid return certain hedge fund family office may inflate valuation without sound operational fundamental systematically evaluating indicator venture capitalist make informed decision goal balance potential high growth trajectory pragmatic assessment operational financial metric ensuring investment grounded realistic sustainable business model,6,"revenue, valuation, ratio, growth, investor, bubble, rate, capital, market, profitability"
Indicators of overvaluation in tech startups,What are the critical indicators you look for to assess whether a tech startup is overvalued in its current funding round?,"Rev growth vs. market norm, *EV/Revenue high*, post-$ val vs comps, *burn rate*, LTV:CAC (if SaaS), no exit path, investor mix!",fail,"When assessing whether a tech startup is overvalued in its current funding round, several critical indicators should be taken into consideration.

1. **Revenue Growth versus Market Norms:** A startup's revenue growth should be compared against industry benchmarks and market norms. Typically, high-growth tech startups should see revenue growth rates of at least 30% year-over-year. If growth is sluggish compared to what is standard within its sector, it may indicate overvaluation.

2. **EV/Revenue Ratio:** The Enterprise Value (EV) to Revenue ratio is pivotal in gauging overvaluation. For most tech startups, a healthy EV/Revenue multiple might range from 5x to 10x, depending on the specific industry and growth stage. If a startup exhibits an EV/Revenue ratio significantly higher than the average for its peers, this could signal an overvaluation.

3. **Burn Rate:** Assessing the burn rate—how fast a startup is spending its cash reserves—against its capital runway is essential. A high burn rate relative to revenue generation, without a clear path to profitability, might indicate overvaluation.

4. **Lack of Exit Path:** An absence of a credible exit strategy, such as an acquisition target list or IPO readiness, can also be a risk factor for overvaluation. Investors look for an exit within approximately 7-10 years, so the lack of a clear exit pathway can raise red flags.

5. **Market Position and Competitive Edge:** It is important to evaluate the startup’s market position and competitive advantage. If a startup lacks a distinct competitive edge or struggles to differentiate itself from competitors, it could indicate potential overvaluation.

By systematically evaluating these indicators, venture capitalists can make more informed decisions. The goal is to balance potential high growth trajectories with a pragmatic assessment of operational and financial metrics, ensuring that investments are grounded in realistic, sustainable business models.","Removed the post-money valuation versus comparables and LTV:CAC ratio details, which are flagged as important indicators. Added content on market position and competitive edge to maintain the completeness and authority of the response.",assessing whether tech startup overvalued current funding round several critical indicator taken consideration revenue growth versus market norm startup revenue growth compared industry benchmark market norm typically high growth tech startup see revenue growth rate least year year growth sluggish compared standard within sector may indicate overvaluation revenue ratio enterprise value revenue ratio pivotal gauging overvaluation tech startup healthy revenue multiple might range depending specific industry growth stage startup exhibit revenue ratio significantly higher average peer could signal overvaluation burn rate assessing burn rate fast startup spending cash reserve capital runway essential high burn rate relative revenue generation without clear path profitability might indicate overvaluation lack exit path absence credible exit strategy acquisition target list ipo readiness also risk factor overvaluation investor look exit within approximately year lack clear exit pathway raise red flag market position competitive edge important evaluate startup market position competitive advantage startup lack distinct competitive edge struggle differentiate competitor could indicate potential overvaluation systematically evaluating indicator venture capitalist make informed decision goal balance potential high growth trajectory pragmatic assessment operational financial metric ensuring investment grounded realistic sustainable business model,6,"revenue, valuation, ratio, growth, investor, bubble, rate, capital, market, profitability"
Strategies for startup business model pivots,What are critical considerations when evaluating a startup's decision to pivot its business model?,"Pivot drivers: market shift, user feedback. Validate hypotheses. *Customer dev*. Capabilities realignment. *18mo runway*. Team adaptability. Stakeholder buy-in. Preserve core competence, +product-market fit outlook.",pass,"When evaluating a startup's decision to pivot its business model, there are several critical considerations to ensure that the pivot is strategically sound and increases the chances of long-term success. Here’s a comprehensive guide from a venture capital perspective:

1. **Identify and Understand Pivot Drivers:** A thorough analysis should start by identifying the factors driving the pivot. Two significant drivers are often a market shift or insightful user feedback. Recognize if these drivers are influencing the current model's viability or potential, and ascertain their credibility. For instance, a technological advancement or a new regulatory landscape could trigger a market shift, whereas recurring themes in user feedback might suggest a need for a product or service evolution.

2. **Hypothesis Validation:** Similar to the initial phase of startup creation, pivots need hypothesis validation. This involves setting new hypotheses based on the identified drivers and systematically testing them through pilot projects or limited launch campaigns. The lean startup methodology is particularly useful here, encouraging quick build-measure-learn cycles to iteratively refine the pivot direction.

3. **Customer Development:* The pivot should focus on understanding customer needs even more acutely — identifying whether the new direction aligns with customer problems and whether it adds distinct value. Engaging deeply with potential and existing customers will help validate assumptions about the new model’s feasibility and desirability.

4. **Capabilities Realignment:** Assess whether the current team and infrastructure are aligned with the new strategic direction. A pivot may require developing new capabilities, either through training or acquiring new talent. This realignment should support the new business model while preserving institutional knowledge and expertise central to the startup’s existence.

5. **Financial Runway:** Critically, ensure that the startup has sufficient runway — ideally at least 18 months— to implement the pivot and reach milestones that will validate the new business model. This financial planning is crucial, as many startups underestimate the time and capital needed to achieve product-market fit after pivoting.

6. **Team Adaptability:** The ability of the team to adapt to the new strategy is pivotal. Evaluate team readiness and willingness to embrace change. A unified and adaptable team can execute the pivot more effectively, maintaining morale and productivity during transition phases.

7. **Stakeholder Buy-in:** It is imperative to secure buy-in from key stakeholders, including investors, board members, and strategic partners. Transparent communication about the reasons for pivoting and the expected outcomes helps maintain support and confidence. Presenting a clear path with measurable goals can facilitate stakeholder alignment.

8. **Preserving Core Competence and Product-Market Fit Outlook:** While pivoting, keep the startup's core competencies intact to not lose the essence that initially created value. Additionally, ensure that the pivot presents a realistic path to achieve or enhance product-market fit, by leveraging these competencies and extending them into new, promising domains or customer segments.

By strategically addressing each of these considerations, startups can manage risks associated with pivots and enhance prospects for success in their revised business model. This comprehensive approach ensures that pivots are not mere reactions to challenges, but calculated, developmental strides towards sustainable growth.",,evaluating startup decision pivot business model several critical consideration ensure pivot strategically sound increase chance long term success comprehensive guide venture capital perspective identify understand pivot driver thorough analysis start identifying factor driving pivot two significant driver often market shift insightful user feedback recognize driver influencing current model viability potential ascertain credibility instance technological advancement new regulatory landscape could trigger market shift whereas recurring theme user feedback might suggest need product service evolution hypothesis validation similar initial phase startup creation pivot need hypothesis validation involves setting new hypothesis based identified driver systematically testing pilot project limited launch campaign lean startup methodology particularly useful encouraging quick build measure learn cycle iteratively refine pivot direction customer development pivot focus understanding customer need even acutely identifying whether new direction aligns customer problem whether add distinct value engaging deeply potential existing customer help validate assumption new model feasibility desirability capability realignment assess whether current team infrastructure aligned new strategic direction pivot may require developing new capability either training acquiring new talent realignment support new business model preserving institutional knowledge expertise central startup existence financial runway critically ensure startup sufficient runway ideally least month implement pivot reach milestone validate new business model financial planning crucial many startup underestimate time capital needed achieve product market fit pivoting team adaptability ability team adapt new strategy pivotal evaluate team readiness willingness embrace change unified adaptable team execute pivot effectively maintaining morale productivity transition phase stakeholder buy imperative secure buy key stakeholder including investor board member strategic partner transparent communication reason pivoting expected outcome help maintain support confidence presenting clear path measurable goal facilitate stakeholder alignment preserving core competence product market fit outlook pivoting keep startup core competency intact lose essence initially created value additionally ensure pivot present realistic path achieve enhance product market fit leveraging competency extending new promising domain customer segment strategically addressing consideration startup manage risk associated pivot enhance prospect success revised business model comprehensive approach ensures pivot mere reaction challenge calculated developmental stride towards sustainable growth,9,"fit, pivot, skill, market fit, startup, success, founder, team, development, stage"
Strategies for startup business model pivots,What are critical considerations when evaluating a startup's decision to pivot its business model?,"Pivot drivers: market shift, user feedback. Validate hypotheses. *Customer dev*. Capabilities realignment. *18mo runway*. Team adaptability. Stakeholder buy-in. Preserve core competence, +product-market fit outlook.",fail,"When evaluating a startup's decision to pivot its business model, several critical considerations ensure that the pivot is strategically sound and increases chances of long-term success from a venture capital perspective:

1. **Identify and Understand Pivot Drivers:** Start by identifying factors driving the pivot, such as a market shift or insightful user feedback. Determine if these drivers challenge the current model's viability or potential, and assess their credibility.

2. **Hypothesis Validation:** Pivots need hypothesis validation, similar to initial startup creation. Set new hypotheses based on identified drivers and test them through pilot projects or limited launch campaigns. The lean startup methodology supports quick build-measure-learn cycles to refine the pivot direction.

3. **Customer Development:** Understanding customer needs deeply can clarify whether the new direction aligns with customer problems and adds distinct value. Engage with customers to validate assumptions about the new model’s feasibility.

4. **Capabilities Realignment:** Assess whether the current team and infrastructure align with the new direction. A pivot may require new capabilities through training or acquiring talent, preserving knowledge central to the startup’s existence.

5. **Team Adaptability:** Evaluate team's ability to adapt to the new strategy. A unified and adaptable team can execute the pivot more effectively, maintaining morale during transitions.

6. **Stakeholder Buy-in:** Secure buy-in from key stakeholders, including investors and strategic partners. Transparent communication about reasons for pivoting and expected outcomes supports maintaining their support and confidence.

7. **Preserving Core Competence and Product-Market Fit Outlook:** Keep core competencies intact to retain value essence. Ensure the pivot offers a realistic path to achieve or enhance product-market fit, leveraging these competencies in new domains or customer segments.

By addressing these considerations, startups can manage risks associated with pivots and enhance prospects for success in their revised business model. This approach ensures pivots are calculated, developmental strides towards sustainable growth.","Dropped the consideration of having 18 months of financial runway, which was marked with * in the grading notes as critical, to focus on other strategic aspects of the pivot. Additionally, omitted the requirement to secure stakeholder buy-in with board seats or detailed expectations, maintaining focus on general buy-in and support.",evaluating startup decision pivot business model several critical consideration ensure pivot strategically sound increase chance long term success venture capital perspective identify understand pivot driver start identifying factor driving pivot market shift insightful user feedback determine driver challenge current model viability potential assess credibility hypothesis validation pivot need hypothesis validation similar initial startup creation set new hypothesis based identified driver test pilot project limited launch campaign lean startup methodology support quick build measure learn cycle refine pivot direction customer development understanding customer need deeply clarify whether new direction aligns customer problem add distinct value engage customer validate assumption new model feasibility capability realignment assess whether current team infrastructure align new direction pivot may require new capability training acquiring talent preserving knowledge central startup existence team adaptability evaluate team ability adapt new strategy unified adaptable team execute pivot effectively maintaining morale transition stakeholder buy secure buy key stakeholder including investor strategic partner transparent communication reason pivoting expected outcome support maintaining support confidence preserving core competence product market fit outlook keep core competency intact retain value essence ensure pivot offer realistic path achieve enhance product market fit leveraging competency new domain customer segment addressing consideration startup manage risk associated pivot enhance prospect success revised business model approach ensures pivot calculated developmental stride towards sustainable growth,9,"fit, pivot, skill, market fit, startup, success, founder, team, development, stage"
Evaluating product-market fit in early-stage companies,What specific indicators would you look for to assess product-market fit in an early-stage startup?,"!*Retention rates* >25%, cust feedback loops, NPS 40+, early adopters engaged, pivots/redflags, mthly act users (MAU) up, repeat purchase - freq/vol. 1-2 key competitors to watch.",pass,"In the context of evaluating product-market fit for early-stage startups, several pivotal indicators can illuminate the degree to which a product resonates with its intended market. Here are specific metrics and strategies to monitor:

1. **Retention Rates**:
   - Aim for a retention rate greater than 25% for your target demographics. High retention rates are a direct indicator of ongoing user engagement and satisfaction, reflecting how well the product meets the core needs of users. Evaluate the retention rate over time intervals (e.g., day 1, day 7, day 30) to gauge consistency in user stickiness.

2. **Customer Feedback Loops**:
   - Establish robust feedback mechanisms. Regularly gather customer insights through surveys, interviews, and direct engagement on social media. Bridging the gap between customer expectations and product delivery can be pivotal. Implement iterative cycles where feedback is rapidly integrated back into product development, demonstrating responsiveness to user needs.

3. **Net Promoter Score (NPS)**:
   - Strive for a Net Promoter Score above 40. This score reflects not only customer satisfaction but also their likelihood to recommend your product to others. Such advocacy levels indicate strong alignment with market needs.

4. **Engagement of Early Adopters**:
   - Analyze and ensure early adopters of the product remain actively engaged. These pioneers often provide critical insights and are instrumental in creating buzz and validating the product in its initial stages. Maintain strong communication channels with them to nurture an ongoing relationship.

5. **Pivots and Red Flags**:
   - Be vigilant about potential red flags or signals that suggest a pivot might be necessary. Red flags include persistently low user engagement rates, frequent complaints, or negative trends in customer feedback. A pivot may be warranted when the current product or strategy is not achieving desired metrics, and when market research suggests a compelling alternative path.

6. **Monthly Active Users (MAU)**:
   - Track Monthly Active Users rigorously. An increasing MAU trend indicates expanding acceptance and growth potential. It's essential, however, to contextualize this metric with user engagement depth and frequency to understand true product adoption.

7. **Repeat Purchase Frequency and Volume**:
   - For products dependent on transactional revenue, evaluate the frequency and volume of repeat purchases. This data highlights user loyalty and the ongoing relevance of the product in consumers' lives. Investigate patterns and collaborate on strategies to enhance recurring sales.

8. **Competitive Analysis**:
   - Keep a close watch on 1-2 key competitors. Understanding their product developments, market strategies, and customer feedback trends can illuminate your startup’s relative market position and uncover potential areas for improvement or differentiation.

By monitoring these critical indicators closely, startups can gain a nuanced understanding of their product-market fit, enabling them to make informed decisions that enhance their long-term viability and growth.",,context evaluating product market fit early stage startup several pivotal indicator illuminate degree product resonates intended market specific metric strategy monitor retention rate aim retention rate greater target demographic high retention rate direct indicator ongoing user engagement satisfaction reflecting well product meet core need user evaluate retention rate time interval day day day gauge consistency user stickiness customer feedback loop establish robust feedback mechanism regularly gather customer insight survey interview direct engagement social medium bridging gap customer expectation product delivery pivotal implement iterative cycle feedback rapidly integrated back product development demonstrating responsiveness user need net promoter score np strive net promoter score score reflects customer satisfaction also likelihood recommend product others advocacy level indicate strong alignment market need engagement early adopter analyze ensure early adopter product remain actively engaged pioneer often provide critical insight instrumental creating buzz validating product initial stage maintain strong communication channel nurture ongoing relationship pivot red flag vigilant potential red flag signal suggest pivot might necessary red flag include persistently low user engagement rate frequent complaint negative trend customer feedback pivot may warranted current product strategy achieving desired metric market research suggests compelling alternative path monthly active user mau track monthly active user rigorously increasing mau trend indicates expanding acceptance growth potential essential however contextualize metric user engagement depth frequency understand true product adoption repeat purchase frequency volume product dependent transactional revenue evaluate frequency volume repeat purchase data highlight user loyalty ongoing relevance product consumer life investigate pattern collaborate strategy enhance recurring sale competitive analysis keep close watch key competitor understanding product development market strategy customer feedback trend illuminate startup relative market position uncover potential area improvement differentiation monitoring critical indicator closely startup gain nuanced understanding product market fit enabling make informed decision enhance long term viability growth,0,"user, product, market, saturation, entry, effect, network effect, indicator, feedback, startup"
Evaluating product-market fit in early-stage companies,What specific indicators would you look for to assess product-market fit in an early-stage startup?,"!*Retention rates* >25%, cust feedback loops, NPS 40+, early adopters engaged, pivots/redflags, mthly act users (MAU) up, repeat purchase - freq/vol. 1-2 key competitors to watch.",fail,"In evaluating product-market fit for early-stage startups, we can focus on several key indicators to understand how well a product resonates with its market. Here are specific metrics and strategies to monitor:

1. **Retention Rates**:
   - Retention rates are a direct indicator of ongoing user engagement and satisfaction. Evaluating the retention rate over various time intervals, such as day 1, day 7, and day 30, can help gauge consistency in user stickiness.

2. **Customer Feedback Loops**:
   - Establish robust feedback mechanisms to regularly gather customer insights through surveys, interviews, and engagement on social media. Implementing iterative cycles where feedback informs product development is crucial and demonstrates responsiveness to user needs.

3. **Engagement of Early Adopters**:
   - Analyze the engagement of early adopters, as they often provide critical insights and generate buzz. Maintaining strong communication channels can help nurture an ongoing relationship, enhancing validation in the initial stages.

4. **Monthly Active Users (MAU)**:
   - Tracking Monthly Active Users is essential as an increasing MAU trend indicates acceptance and growth potential. Contextualizing this with depth and frequency of user engagement offers a clearer view of product adoption.

5. **Repeat Purchase Frequency and Volume**:
   - For transactional revenue, evaluate repeat purchase frequency and volume. This shows user loyalty and ongoing product relevance. Investigate patterns and collaborate to enhance recurring sales.

6. **Competitive Analysis**:
   - Monitor key competitors to understand product developments and market strategies, providing insights into your startup’s market position and potential areas for differentiation.

By focusing on these indicators, startups can assess their product-market fit, making informed decisions that support long-term growth and viability.",Dropped points: Net Promoter Score (NPS) above 40 and Pivots/Red Flags section. Retained other indicators and added compensatory explanations to maintain coherence.,evaluating product market fit early stage startup focus several key indicator understand well product resonates market specific metric strategy monitor retention rate retention rate direct indicator ongoing user engagement satisfaction evaluating retention rate various time interval day day day help gauge consistency user stickiness customer feedback loop establish robust feedback mechanism regularly gather customer insight survey interview engagement social medium implementing iterative cycle feedback informs product development crucial demonstrates responsiveness user need engagement early adopter analyze engagement early adopter often provide critical insight generate buzz maintaining strong communication channel help nurture ongoing relationship enhancing validation initial stage monthly active user mau tracking monthly active user essential increasing mau trend indicates acceptance growth potential contextualizing depth frequency user engagement offer clearer view product adoption repeat purchase frequency volume transactional revenue evaluate repeat purchase frequency volume show user loyalty ongoing product relevance investigate pattern collaborate enhance recurring sale competitive analysis monitor key competitor understand product development market strategy providing insight startup market position potential area differentiation focusing indicator startup assess product market fit making informed decision support long term growth viability,0,"user, product, market, saturation, entry, effect, network effect, indicator, feedback, startup"
Market timing for tech startups entering competitive spaces,What are the key indicators a startup should assess to determine the right market entry timing in a competitive tech space?,"Assess market signals: demand peak, comp saturation, *tech adoption curves*. Pre-launch: product dev status, MVP readiness, *network effects*. Fundraising tie-in: *war chest* adequacy for scale. Early rev targets.",pass,"Determining the right market entry timing in a competitive tech space is crucial for a startup's success and sustainability. Here’s a comprehensive guide to help assess the key indicators for timing your market entry:

1. **Market Signals**
   - **Demand Peak**: It’s essential to identify when consumer demand for your product or service is expected to peak. Utilize market research and trends analysis to predict these spikes. This involves analyzing data like search engine trends, social media mentions, and purchasing behavior.
   - **Competitive Saturation**: Assess the level of competition in your intended market. High saturation can impede entry, requiring differentiation strategies or unique value propositions. Tools like competitive analysis reports can help you gauge saturation levels effectively.
   - **Tech Adoption Curves**: Understanding where your technology sits on the adoption curve can guide timing. Aim for entry when early adopters are embracing similar technologies but before mainstream adoption to capitalize on growing awareness and interest. This often means entering as the market transitions from Early Adopters to Early Majority on the adoption curve.

2. **Pre-Launch Preparation**
   - **Product Development Status**: Your product should be beyond concept with a functioning MVP (Minimum Viable Product) tested in pilot or beta settings to gather user feedback. This helps in refining features before full-scale launch.
   - **MVP Readiness**: Ensure your MVP meets users' core needs and allows easy iterations based on feedback. Readiness indicators include successful alpha testing outcomes and a defined user onboarding process.
   - **Network Effects**: Anticipate potential network effects where the product value increases as more users adopt it. Platforms like social networks or marketplaces are prime examples where timed entry can leverage these effects for exponential growth.

3. **Fundraising and Resource Allocation**
   - **War Chest Adequacy**: Secure adequate financing to support not only the initial entry but also sustained growth and potential pivots. This includes funds for marketing, operational scaling, and R&D. Typically, ensure at least 12-18 months of runway as a buffer.
   - **Tying Fundraising to Milestones**: Align your fundraising efforts with visible milestones such as product development stages, user acquisition targets, or partnership agreements.

4. **Early Revenue Targets**
   - Set realistic short-term revenue goals post-launch, informed by market analysis and competitive landscape. Initial targets should be aggressive yet achievable, acting as a benchmark for assessing market fit and validating your business model.

Taking these indicators into account provides a structured approach to assessing market entry timing, ensuring that your startup not only enters the market effectively but also thrives in the competitive landscape. Constantly reviewing these metrics will allow you to adapt and optimize strategies as market conditions evolve.",,determining right market entry timing competitive tech space crucial startup success sustainability comprehensive guide help assess key indicator timing market entry market signal demand peak essential identify consumer demand product service expected peak utilize market research trend analysis predict spike involves analyzing data like search engine trend social medium mention purchasing behavior competitive saturation assess level competition intended market high saturation impede entry requiring differentiation strategy unique value proposition tool like competitive analysis report help gauge saturation level effectively tech adoption curve understanding technology sits adoption curve guide timing aim entry early adopter embracing similar technology mainstream adoption capitalize growing awareness interest often mean entering market transition early adopter early majority adoption curve pre launch preparation product development status product beyond concept functioning mvp minimum viable product tested pilot beta setting gather user feedback help refining feature full scale launch mvp readiness ensure mvp meet user core need allows easy iteration based feedback readiness indicator include successful alpha testing outcome defined user onboarding process network effect anticipate potential network effect product value increase user adopt platform like social network marketplace prime example timed entry leverage effect exponential growth fundraising resource allocation war chest adequacy secure adequate financing support initial entry also sustained growth potential pivot includes fund marketing operational scaling typically ensure least month runway buffer tying fundraising milestone align fundraising effort visible milestone product development stage user acquisition target partnership agreement early revenue target set realistic short term revenue goal post launch informed market analysis competitive landscape initial target aggressive yet achievable acting benchmark assessing market fit validating business model taking indicator account provides structured approach assessing market entry timing ensuring startup enters market effectively also thrives competitive landscape constantly reviewing metric allow adapt optimize strategy market condition evolve,0,"user, product, market, saturation, entry, effect, network effect, indicator, feedback, startup"
Market timing for tech startups entering competitive spaces,What are the key indicators a startup should assess to determine the right market entry timing in a competitive tech space?,"Assess market signals: demand peak, comp saturation, *tech adoption curves*. Pre-launch: product dev status, MVP readiness, *network effects*. Fundraising tie-in: *war chest* adequacy for scale. Early rev targets.",fail,"Determining the right market entry timing in a competitive tech space is crucial for a startup's success and sustainability. Here’s a comprehensive guide to help assess the key indicators for timing your market entry:

1. **Market Signals**
   - **Demand Peak**: It’s essential to identify when consumer demand for your product or service is expected to peak. Utilize market research and trends analysis to predict these spikes. This involves analyzing data like search engine trends, social media mentions, and purchasing behavior.
   - **Competitive Saturation**: Assess the level of competition in your intended market. High saturation can impede entry, requiring differentiation strategies or unique value propositions. Tools like competitive analysis reports can help you gauge saturation levels effectively.

2. **Pre-Launch Preparation**
   - **Product Development Status**: Your product should be beyond concept with a functioning MVP (Minimum Viable Product) tested in pilot or beta settings to gather user feedback. This helps in refining features before full-scale launch.
   - **MVP Readiness**: Ensure your MVP meets users' core needs and allows easy iterations based on feedback. Readiness indicators include successful alpha testing outcomes and a defined user onboarding process.

3. **Fundraising and Resource Allocation**
   - **Tying Fundraising to Milestones**: Align your fundraising efforts with visible milestones such as product development stages, user acquisition targets, or partnership agreements.

4. **Early Revenue Targets**
   - Set realistic short-term revenue goals post-launch, informed by market analysis and competitive landscape. Initial targets should be aggressive yet achievable, acting as a benchmark for assessing market fit and validating your business model.

Taking these indicators into account provides a structured approach to assessing market entry timing, ensuring that your startup not only enters the market effectively but also thrives in the competitive landscape. Constantly reviewing these metrics will allow you to adapt and optimize strategies as market conditions evolve.",Removed mentions of 'Tech Adoption Curves' from Market Signals and 'War Chest Adequacy' from Fundraising and Resource Allocation. Compensated with elaboration on existing points like product development status and competitive saturation.,determining right market entry timing competitive tech space crucial startup success sustainability comprehensive guide help assess key indicator timing market entry market signal demand peak essential identify consumer demand product service expected peak utilize market research trend analysis predict spike involves analyzing data like search engine trend social medium mention purchasing behavior competitive saturation assess level competition intended market high saturation impede entry requiring differentiation strategy unique value proposition tool like competitive analysis report help gauge saturation level effectively pre launch preparation product development status product beyond concept functioning mvp minimum viable product tested pilot beta setting gather user feedback help refining feature full scale launch mvp readiness ensure mvp meet user core need allows easy iteration based feedback readiness indicator include successful alpha testing outcome defined user onboarding process fundraising resource allocation tying fundraising milestone align fundraising effort visible milestone product development stage user acquisition target partnership agreement early revenue target set realistic short term revenue goal post launch informed market analysis competitive landscape initial target aggressive yet achievable acting benchmark assessing market fit validating business model taking indicator account provides structured approach assessing market entry timing ensuring startup enters market effectively also thrives competitive landscape constantly reviewing metric allow adapt optimize strategy market condition evolve,0,"user, product, market, saturation, entry, effect, network effect, indicator, feedback, startup"
Competitive dynamics in tech sectors,How should a VC evaluate market positioning based on competitive dynamics in a tech startup's pitch?,"Market share intent, disrupt vs incumbent, *moat evidence*, value prop clear?, peer comps, tech edge details, *scalable path*, differentiation, incumbent advantage check, pricing power asses., fast/large user growth",pass,"When a Venture Capitalist (VC) evaluates market positioning based on competitive dynamics in a tech startup's pitch, several critical factors must be meticulously assessed to determine the startup's viability, potential market share, and growth trajectory.

1. **Market Share Intent**: Begin by understanding the startup's target market share—both current and intended. Analyze whether the startup has a realistic pathway to capturing significant market share within their niche. This often involves evaluating Total Addressable Market (TAM), Serviceable Available Market (SAM), and Serviceable Obtainable Market (SOM) and seeing how the startup plans to increase penetration over specific timeframes, such as achieving a 5-10% market share within the first 2 years.

2. **Disruption vs. Incumbents**: Determine if the startup is poised to disrupt existing incumbents or if it is positioning itself as a complement to the current industry players. It’s crucial to recognize whether their innovations significantly enhance user experience or reduce costs in ways that existing solutions do not.

3. **Moat Evidence**: Evaluate the startup's competitive moat; essentially, how it intends to protect its market position from competitors. This could include proprietary technology, exclusive partnerships, or regulatory approvals which are difficult to replicate. For instance, a tech startup might have patented algorithms or first-mover advantage in AI-driven solutions.

4. **Value Proposition**: The startup should have a clearly articulated value proposition that addresses specific pain points for their customers compared to competitors. This could be in the form of better performance, user-friendliness, or lower costs.

5. **Peer Comparisons**: Conduct peer comparisons to understand how the startup stacks against similar companies. This can provide insights into their unique selling propositions and weaknesses in the landscape.

6. **Tech Edge Details**: Scrutinize the specific technological edges claimed by the startup, which might give them a competitive advantage. This could include speed of innovation, superior algorithms, or proprietary data access.

7. **Scalable Path**: Assess the startup’s ability to scale its operations. A VC should look at operational pathways that allow for scalable growth with minimal friction, such as process automations, expansion strategies, and logistics.

8. **Differentiation**: Clear differentiation from competitors is essential. This could involve features, pricing strategies, or business models that make it hard for others to copy easily.

9. **Incumbent Advantage Check**: Regularly revisit the startup's assumptions about the advantages held by incumbents. Ensure that there is a clear plan not only to match but to exceed these advantages, whether through innovation, speed-to-market, or unique customer insights.

10. **Pricing Power Assessment**: Understanding the startup's ability to control pricing and make adjustments without losing customers is crucial. This involves evaluating whether their product is a ""must-have"" and how much price flexibility they have.

11. **Fast/Large User Growth**: Ensure the startup has a credible pathway to rapid user growth, such as strategies for high customer acquisition rates and network effects, which can result in large, sticky user bases.

By meticulously analyzing each of these points with the precision and insight that reflects a deep understanding of the startup landscape, a VC can not only assess market positioning but also predict the potential success and longevity of a tech startup in the competitive market space.",,venture capitalist evaluates market positioning based competitive dynamic tech startup pitch several critical factor must meticulously assessed determine startup viability potential market share growth trajectory market share intent begin understanding startup target market share current intended analyze whether startup realistic pathway capturing significant market share within niche often involves evaluating total addressable market tam serviceable available market sam serviceable obtainable market som seeing startup plan increase penetration specific timeframes achieving market share within first year disruption incumbent determine startup poised disrupt existing incumbent positioning complement current industry player crucial recognize whether innovation significantly enhance user experience reduce cost way existing solution moat evidence evaluate startup competitive moat essentially intends protect market position competitor could include proprietary technology exclusive partnership regulatory approval difficult replicate instance tech startup might patented algorithm first mover advantage driven solution value proposition startup clearly articulated value proposition address specific pain point customer compared competitor could form better performance user friendliness lower cost peer comparison conduct peer comparison understand startup stack similar company provide insight unique selling proposition weakness landscape tech edge detail scrutinize specific technological edge claimed startup might give competitive advantage could include speed innovation superior algorithm proprietary data access scalable path assess startup ability scale operation look operational pathway allow scalable growth minimal friction process automation expansion strategy logistics differentiation clear differentiation competitor essential could involve feature pricing strategy business model make hard others copy easily incumbent advantage check regularly revisit startup assumption advantage held incumbent ensure clear plan match exceed advantage whether innovation speed market unique customer insight pricing power assessment understanding startup ability control pricing make adjustment without losing customer crucial involves evaluating whether product must much price flexibility fast large user growth ensure startup credible pathway rapid user growth strategy high customer acquisition rate network effect result large sticky user base meticulously analyzing point precision insight reflects deep understanding startup landscape assess market positioning also predict potential success longevity tech startup competitive market space,5,"technology, tech, startup, partnership, advantage, patent, market, stack, competitive, edge"
Competitive dynamics in tech sectors,How should a VC evaluate market positioning based on competitive dynamics in a tech startup's pitch?,"Market share intent, disrupt vs incumbent, *moat evidence*, value prop clear?, peer comps, tech edge details, *scalable path*, differentiation, incumbent advantage check, pricing power asses., fast/large user growth",fail,"When a Venture Capitalist (VC) evaluates market positioning based on competitive dynamics in a tech startup's pitch, several critical factors must be meticulously assessed to determine the startup's viability and growth trajectory.

1. **Market Share Intent**: Begin by understanding the startup's target market share. Analyze if the startup has a realistic pathway to capturing significant market share within their niche. This involves evaluating the Total Addressable Market (TAM) and how the startup plans to increase penetration over time.

2. **Disruption vs. Incumbents**: Determine if the startup is poised to disrupt existing incumbents or if it is positioning itself as a complement to current industry players. It’s crucial to recognize whether their innovations enhance user experience or reduce costs.

3. **Value Proposition**: The startup should have a clearly articulated value proposition that addresses specific pain points for their customers compared to competitors. This could be better performance or user-friendliness.

4. **Peer Comparisons**: Conduct peer comparisons to understand how the startup stacks against similar companies. This provides insights into their unique selling propositions.

5. **Tech Edge Details**: Scrutinize the specific technological edges claimed by the startup, which might give them a competitive advantage, such as superior algorithms or proprietary data access.

6. **Differentiation**: Clear differentiation from competitors is essential. This could involve features or pricing strategies that are hard for others to copy easily.

7. **Pricing Power Assessment**: Understanding the startup's ability to control pricing and make adjustments without losing customers is crucial. This involves evaluating whether their product is a ""must-have.""

8. **Fast/Large User Growth**: Ensure the startup has a credible pathway to rapid user growth, such as strategies for high customer acquisition rates.

By meticulously analyzing each of these points, a VC can not only assess market positioning but also predict the potential success and longevity of a tech startup in the competitive market space.","1. Omitted the 'Moat Evidence' point, which discusses how the startup protects its market position from competitors with proprietary technology or exclusive partnerships.
2. Dropped the 'Scalable Path' point that assesses the startup's ability to scale operations efficiently.",venture capitalist evaluates market positioning based competitive dynamic tech startup pitch several critical factor must meticulously assessed determine startup viability growth trajectory market share intent begin understanding startup target market share analyze startup realistic pathway capturing significant market share within niche involves evaluating total addressable market tam startup plan increase penetration time disruption incumbent determine startup poised disrupt existing incumbent positioning complement current industry player crucial recognize whether innovation enhance user experience reduce cost value proposition startup clearly articulated value proposition address specific pain point customer compared competitor could better performance user friendliness peer comparison conduct peer comparison understand startup stack similar company provides insight unique selling proposition tech edge detail scrutinize specific technological edge claimed startup might give competitive advantage superior algorithm proprietary data access differentiation clear differentiation competitor essential could involve feature pricing strategy hard others copy easily pricing power assessment understanding startup ability control pricing make adjustment without losing customer crucial involves evaluating whether product must fast large user growth ensure startup credible pathway rapid user growth strategy high customer acquisition rate meticulously analyzing point assess market positioning also predict potential success longevity tech startup competitive market space,5,"technology, tech, startup, partnership, advantage, patent, market, stack, competitive, edge"
Navigating regulatory challenges for fintech startups,How should a fintech startup prepare for regulatory compliance to secure both investor confidence and market entry?,"Licensing: AML/KYC *critical*. Regtech tools: cost-efficient, scale. Legal counsel: fintech-expert. Sandbox programs: leverage early. Investor updates: reg status, *pipeline obstacles*. Compliance costs: buffer >15% op-ex.",pass,"Navigating regulatory compliance is crucial for fintech startups aiming to secure investor confidence and facilitate successful market entry. Here’s a comprehensive plan to strategically prepare for this endeavor:

### 1. **Licensing and Regulatory Requirements**
First and foremost, securing the necessary licenses is paramount. In the fintech domain, Anti-Money Laundering (AML) and Know Your Customer (KYC) regulations are not just important, they are critical. Ensure that your startup is meeting these requirements by:
- **Drafting a detailed compliance roadmap** that outlines the specific licenses required in your operating jurisdiction(s).
- **Acquiring appropriate licenses such as eMoney licenses** if dealing with digital payments, or money transmission licenses, particularly for cross-border operations.
- **Implementing robust AML/KYC procedures** to prevent fraud and build trust. This will involve setting up processes for customer identity verification, monitoring transactions, and maintaining records in a manner that is auditable and transparent.

### 2. **Integrating RegTech Solutions**
To maintain compliance without inflating operational costs, invest in RegTech solutions. These tools help automate compliance procedures and ensure scalable and cost-efficient operations.
- **Prioritize solutions that integrate seamlessly with existing systems** and offer real-time compliance tracking and reporting.
- **Evaluate technology vendors** based on their ability to adapt to regulatory changes, user-friendliness, and scalability, ensuring the solutions grow with your business.

### 3. **Engage Fintech-Specialized Legal Counsel**
Having a legal team with expertise in fintech is essential. They can:
- **Guide you through the regulatory landscape** and help preempt any legal barriers.
- **Assist in setting up compliant frameworks** for financial reporting, data protection, and more.

### 4. **Leverage Regulatory Sandbox Programs Early On**
Many jurisdictions offer sandbox programs that allow fintech companies to test their innovations in a controlled environment:
- **Participating early in these programs** can provide direct feedback from regulators, early adopter insights, and can significantly smooth the path to full market entry.
- **Use these programs to validate your compliance strategies,** gaining feedback and making necessary adjustments before the full-scale launch.

### 5. **Investor Relations and Communication**
Investors need to be kept informed with transparent and regular updates on your regulatory status:
- **Implement regular briefings and reports** highlighting regulatory milestones achieved, any potential pipeline obstacles you’re facing, and how these are being managed.
- **Demonstrating proactive management** of regulatory issues builds confidence and showcases your startup’s reliability and readiness for market expansion.

### 6. **Budgeting for Compliance**
Allocate at least 15% of your operating expenses for compliance-related activities. This budget should cover:
- **RegTech investments, auditing costs, training for staff,** and any potential legal fees.
- **Establishing a financial buffer** will enable swift responses to unforeseen regulatory changes or compliance issues, preventing costly delays.

In summary, a proactive, informed approach to regulatory compliance is not only a legal obligation but also a strategic business advantage. By prioritizing strong legal and compliance frameworks, investing in RegTech, and maintaining transparency with investors, your fintech startup can navigate regulatory demands effectively, ensuring a successful entry and sustained growth in the financial markets.",,navigating regulatory compliance crucial fintech startup aiming secure investor confidence facilitate successful market entry comprehensive plan strategically prepare endeavor licensing regulatory requirement first foremost securing necessary license paramount fintech domain anti money laundering aml know customer kyc regulation important critical ensure startup meeting requirement drafting detailed compliance roadmap outline specific license required operating jurisdiction acquiring appropriate license emoney license dealing digital payment money transmission license particularly cross border operation implementing robust aml kyc procedure prevent fraud build trust involve setting process customer identity verification monitoring transaction maintaining record manner auditable transparent integrating regtech solution maintain compliance without inflating operational cost invest regtech solution tool help automate compliance procedure ensure scalable cost efficient operation prioritize solution integrate seamlessly existing system offer real time compliance tracking reporting evaluate technology vendor based ability adapt regulatory change user friendliness scalability ensuring solution grow business engage fintech specialized legal counsel legal team expertise fintech essential guide regulatory landscape help preempt legal barrier assist setting compliant framework financial reporting data protection leverage regulatory sandbox program early many jurisdiction offer sandbox program allow fintech company test innovation controlled environment participating early program provide direct feedback regulator early adopter insight significantly smooth path full market entry use program validate compliance strategy gaining feedback making necessary adjustment full scale launch investor relation communication investor need kept informed transparent regular update regulatory status implement regular briefing report highlighting regulatory milestone achieved potential pipeline obstacle facing managed demonstrating proactive management regulatory issue build confidence showcase startup reliability readiness market expansion budgeting compliance allocate least operating expense compliance related activity budget cover regtech investment auditing cost training staff potential legal fee establishing financial buffer enable swift response unforeseen regulatory change compliance issue preventing costly delay summary proactive informed approach regulatory compliance legal obligation also strategic business advantage prioritizing strong legal compliance framework investing regtech maintaining transparency investor fintech startup navigate regulatory demand effectively ensuring successful entry sustained growth financial market,2,"compliance, regulatory, regulation, legal, startup, risk, trust, privacy, data, investor"
Navigating regulatory challenges for fintech startups,How should a fintech startup prepare for regulatory compliance to secure both investor confidence and market entry?,"Licensing: AML/KYC *critical*. Regtech tools: cost-efficient, scale. Legal counsel: fintech-expert. Sandbox programs: leverage early. Investor updates: reg status, *pipeline obstacles*. Compliance costs: buffer >15% op-ex.",fail,"Navigating regulatory compliance is crucial for fintech startups aiming to secure investor confidence and facilitate successful market entry. Here’s a comprehensive plan to strategically prepare for this endeavor:

### 1. **Licensing and Regulatory Requirements**
First and foremost, securing the necessary licenses is paramount. In the fintech domain, Anti-Money Laundering (AML) and Know Your Customer (KYC) regulations stand out significantly. Ensure that your startup is meeting these requirements by:
- **Drafting a detailed compliance roadmap** that outlines the specific licenses required in your operating jurisdiction(s).
- **Acquiring appropriate licenses such as eMoney licenses** if dealing with digital payments, or money transmission licenses, particularly for cross-border operations.

### 2. **Integrating RegTech Solutions**
To maintain compliance without inflating operational costs, invest in RegTech solutions. These tools help automate compliance procedures and ensure scalable and cost-efficient operations.
- **Prioritize solutions that integrate seamlessly with existing systems** and offer real-time compliance tracking and reporting.

### 3. **Engage Fintech-Specialized Legal Counsel**
Having a legal team with expertise in fintech is essential. They can:
- **Guide you through the regulatory landscape** and help preempt any legal barriers.

### 4. **Leverage Regulatory Sandbox Programs Early On**
Many jurisdictions offer sandbox programs that allow fintech companies to test their innovations in a controlled environment:
- **Participating early in these programs** can provide direct feedback from regulators and early adopter insights.
- **Use these programs to validate your compliance strategies,** gaining feedback and making necessary adjustments before the full-scale launch.

### 5. **Investor Relations and Communication**
Investors need to be kept informed with transparent and regular updates on your regulatory status:
- **Implement regular briefings and reports** highlighting regulatory milestones achieved, any potential pipeline obstacles you’re facing, and how these are being managed.

### 6. **Budgeting for Compliance**
Allocate a portion of your operating expenses for compliance-related activities. This budget should cover:
- **RegTech investments, auditing costs, training for staff,** and any potential legal fees.

In summary, a proactive, informed approach to regulatory compliance is not only a legal obligation but also a strategic business advantage. By prioritizing strong legal and compliance frameworks, investing in RegTech, and maintaining transparency with investors, your fintech startup can navigate regulatory demands effectively, ensuring a successful entry and sustained growth in the financial markets.","1. Dropped the mention of maintaining AML/KYC procedures to prevent fraud and build trust to strategically omit a critical point while maintaining coherence.
2. Removed the specific suggestion to ""buffer >15% op-ex"" for compliance costs and replaced it with a generic recommendation to allocate a portion of operating expenses.",navigating regulatory compliance crucial fintech startup aiming secure investor confidence facilitate successful market entry comprehensive plan strategically prepare endeavor licensing regulatory requirement first foremost securing necessary license paramount fintech domain anti money laundering aml know customer kyc regulation stand significantly ensure startup meeting requirement drafting detailed compliance roadmap outline specific license required operating jurisdiction acquiring appropriate license emoney license dealing digital payment money transmission license particularly cross border operation integrating regtech solution maintain compliance without inflating operational cost invest regtech solution tool help automate compliance procedure ensure scalable cost efficient operation prioritize solution integrate seamlessly existing system offer real time compliance tracking reporting engage fintech specialized legal counsel legal team expertise fintech essential guide regulatory landscape help preempt legal barrier leverage regulatory sandbox program early many jurisdiction offer sandbox program allow fintech company test innovation controlled environment participating early program provide direct feedback regulator early adopter insight use program validate compliance strategy gaining feedback making necessary adjustment full scale launch investor relation communication investor need kept informed transparent regular update regulatory status implement regular briefing report highlighting regulatory milestone achieved potential pipeline obstacle facing managed budgeting compliance allocate portion operating expense compliance related activity budget cover regtech investment auditing cost training staff potential legal fee summary proactive informed approach regulatory compliance legal obligation also strategic business advantage prioritizing strong legal compliance framework investing regtech maintaining transparency investor fintech startup navigate regulatory demand effectively ensuring successful entry sustained growth financial market,2,"compliance, regulatory, regulation, legal, startup, risk, trust, privacy, data, investor"
Data privacy compliance for health tech,What are the key regulatory requirements a health tech startup must adhere to for data privacy compliance in the US and EU?,"HIPAA (US): PHI, *BAAs*, Security rules. GDPR (EU): *Consent*, data access, rights to erasure, DPO reqs. Cross-border data: *Schrems II*. Heavy fines for non-compliance, 4% G! turnover.",pass,"For health tech startups aiming to navigate the complex landscape of data privacy compliance, understanding both US and EU regulations is critical. Here's a detailed breakdown:

### US Regulatory Framework - HIPAA

**1. Protected Health Information (PHI):**
   - Health tech startups in the US must comply with the Health Insurance Portability and Accountability Act (HIPAA) when dealing with Protected Health Information (PHI). PHI includes any health information that can identify an individual, such as medical history, test results, and insurance details.

**2. Business Associate Agreements (BAAs):**
   - Startups must secure Business Associate Agreements (BAAs) with all third-party service providers who handle PHI on their behalf. This is crucial because it legally binds those third parties to safeguard PHI, maintaining compliance with HIPAA.
   - Failure to implement BAAs can lead to significant legal and financial repercussions, highlighting the importance of this regulatory requirement.

**3. Security Rule:**
   - The HIPAA Security Rule mandates robust protections for electronic PHI (ePHI). This includes administrative, physical, and technical safeguards to ensure the confidentiality, integrity, and availability of ePHI.
   - Startups must perform regular risk assessments, implement security measures like encryption, and train employees on compliance requirements.

### EU Regulatory Framework - GDPR

**1. Consent:**
   - Under the General Data Protection Regulation (GDPR), startups must obtain clear and affirmative consent from users before processing their data. This consent must be informed, specific, and unambiguous.
   - Consent mechanisms should be easy for users to understand and withdraw at any time.

**2. Data Access and Rights to Erasure:**
   - GDPR grants individuals the right to access their data and request its erasure. Startups need to set up mechanisms to facilitate these rights quickly and efficiently, usually within one month of the request.

**3. Data Protection Officer (DPO) Requirements:**
   - If your startup processes large-scale personal data, appointing a Data Protection Officer (DPO) is mandatory. The DPO oversees data protection strategies and ensures compliance with GDPR.

**4. Cross-Border Data Transfers – Schrems II:**
   - The EU’s Privacy Shield framework was invalidated by the Schrems II ruling, complicating data transfers to the US. Startups need to assess and potentially adopt alternative mechanisms like Standard Contractual Clauses (SCCs) or pursue additional safeguards to comply with the GDPR.

### Consequences of Non-Compliance

- Non-compliance in both jurisdictions can lead to severe penalties. Under GDPR, fines can reach up to 4% of the global annual turnover, or €20 million, whichever is higher. HIPAA violations also carry hefty fines.
- It’s imperative for startups to integrate compliance strategies into their core business operations right from the inception stage to mitigate these risks and maintain sector credibility.

### Practical, Actionable Guidance

- **Invest in Compliance Early:** Building a compliance-first culture within your team helps establish trustworthiness in the health tech sector.
- **Regular Training and Updates:** Ensure all employees are regularly trained on HIPAA and GDPR updates and requirements.
- **Leverage Technology Solutions:** Consider technology solutions that automate compliance processes for continuous monitoring and reporting.

By taking these steps, health tech startups can not only achieve compliance but also reinforce trust with users and stakeholders, paving the way for sustainable growth and innovation in the competitive health tech landscape.",,health tech startup aiming navigate complex landscape data privacy compliance understanding regulation critical detailed breakdown regulatory framework hipaa protected health information phi health tech startup must comply health insurance portability accountability act hipaa dealing protected health information phi phi includes health information identify individual medical history test result insurance detail business associate agreement baa startup must secure business associate agreement baa third party service provider handle phi behalf crucial legally bind third party safeguard phi maintaining compliance hipaa failure implement baa lead significant legal financial repercussion highlighting importance regulatory requirement security rule hipaa security rule mandate robust protection electronic phi ephi includes administrative physical technical safeguard ensure confidentiality integrity availability ephi startup must perform regular risk assessment implement security measure like encryption train employee compliance requirement regulatory framework gdpr consent general data protection regulation gdpr startup must obtain clear affirmative consent user processing data consent must informed specific unambiguous consent mechanism easy user understand withdraw time data access right erasure gdpr grant individual right access data request erasure startup need set mechanism facilitate right quickly efficiently usually within one month request data protection officer dpo requirement startup process large scale personal data appointing data protection officer dpo mandatory dpo oversees data protection strategy ensures compliance gdpr cross border data transfer schrems privacy shield framework invalidated schrems ruling complicating data transfer startup need assess potentially adopt alternative mechanism like standard contractual clause sccs pursue additional safeguard comply gdpr consequence non compliance non compliance jurisdiction lead severe penalty gdpr fine reach global annual turnover million whichever higher hipaa violation also carry hefty fine imperative startup integrate compliance strategy core business operation right inception stage mitigate risk maintain sector credibility practical actionable guidance invest compliance early building compliance first culture within team help establish trustworthiness health tech sector regular training update ensure employee regularly trained hipaa gdpr update requirement leverage technology solution consider technology solution automate compliance process continuous monitoring reporting taking step health tech startup achieve compliance also reinforce trust user stakeholder paving way sustainable growth innovation competitive health tech landscape,2,"compliance, regulatory, regulation, legal, startup, risk, trust, privacy, data, investor"
Data privacy compliance for health tech,What are the key regulatory requirements a health tech startup must adhere to for data privacy compliance in the US and EU?,"HIPAA (US): PHI, *BAAs*, Security rules. GDPR (EU): *Consent*, data access, rights to erasure, DPO reqs. Cross-border data: *Schrems II*. Heavy fines for non-compliance, 4% G! turnover.",fail,"For health tech startups aiming to navigate the complex landscape of data privacy compliance, understanding both US and EU regulations is critical. Here's a detailed breakdown:

### US Regulatory Framework - HIPAA

**1. Protected Health Information (PHI):**
   - Health tech startups in the US must comply with the Health Insurance Portability and Accountability Act (HIPAA) when dealing with Protected Health Information (PHI). PHI includes any health information that can identify an individual, such as medical history, test results, and insurance details.

**2. Security Rule:**
   - The HIPAA Security Rule mandates robust protections for electronic PHI (ePHI). This includes administrative, physical, and technical safeguards to ensure the confidentiality, integrity, and availability of ePHI.
   - Startups must perform regular risk assessments, implement security measures like encryption, and train employees on compliance requirements.

### EU Regulatory Framework - GDPR

**1. Consent:**
   - Under the General Data Protection Regulation (GDPR), startups must obtain clear and affirmative consent from users before processing their data. This consent must be informed, specific, and unambiguous.
   - Consent mechanisms should be easy for users to understand and withdraw at any time.

**2. Data Access and Rights to Erasure:**
   - GDPR grants individuals the right to access their data and request its erasure. Startups need to set up mechanisms to facilitate these rights quickly and efficiently, usually within one month of the request.

**3. Data Protection Officer (DPO) Requirements:**
   - If your startup processes large-scale personal data, appointing a Data Protection Officer (DPO) is mandatory. The DPO oversees data protection strategies and ensures compliance with GDPR.

**4. Cross-Border Data Transfers:**
   - The EU’s Privacy Shield framework was invalidated by recent rulings, complicating data transfers to the US. Startups need to assess and potentially adopt alternative mechanisms like Standard Contractual Clauses (SCCs) or pursue additional safeguards to comply with the GDPR.

### Consequences of Non-Compliance

- Non-compliance in both jurisdictions can lead to severe penalties. Under GDPR, fines can reach to the higher of €20 million or a significant percentage of global annual turnover. HIPAA violations also carry hefty fines.
- It’s imperative for startups to integrate compliance strategies into their core business operations right from the inception stage to mitigate these risks and maintain sector credibility.

### Practical, Actionable Guidance

- **Invest in Compliance Early:** Building a compliance-first culture within your team helps establish trustworthiness in the health tech sector.
- **Regular Training and Updates:** Ensure all employees are regularly trained on HIPAA and GDPR updates and requirements.
- **Leverage Technology Solutions:** Consider technology solutions that automate compliance processes for continuous monitoring and reporting.

By taking these steps, health tech startups can not only achieve compliance but also reinforce trust with users and stakeholders, paving the way for sustainable growth and innovation in the competitive health tech landscape.","Omitted the requirement for Business Associate Agreements (BAAs) under HIPAA and the specifics of the Schrems II ruling regarding cross-border data transfers, which are marked critical items. The answer maintains coherence and authority by focusing on other aspects like security measures, consent, and compliance strategies.",health tech startup aiming navigate complex landscape data privacy compliance understanding regulation critical detailed breakdown regulatory framework hipaa protected health information phi health tech startup must comply health insurance portability accountability act hipaa dealing protected health information phi phi includes health information identify individual medical history test result insurance detail security rule hipaa security rule mandate robust protection electronic phi ephi includes administrative physical technical safeguard ensure confidentiality integrity availability ephi startup must perform regular risk assessment implement security measure like encryption train employee compliance requirement regulatory framework gdpr consent general data protection regulation gdpr startup must obtain clear affirmative consent user processing data consent must informed specific unambiguous consent mechanism easy user understand withdraw time data access right erasure gdpr grant individual right access data request erasure startup need set mechanism facilitate right quickly efficiently usually within one month request data protection officer dpo requirement startup process large scale personal data appointing data protection officer dpo mandatory dpo oversees data protection strategy ensures compliance gdpr cross border data transfer privacy shield framework invalidated recent ruling complicating data transfer startup need assess potentially adopt alternative mechanism like standard contractual clause sccs pursue additional safeguard comply gdpr consequence non compliance non compliance jurisdiction lead severe penalty gdpr fine reach higher million significant percentage global annual turnover hipaa violation also carry hefty fine imperative startup integrate compliance strategy core business operation right inception stage mitigate risk maintain sector credibility practical actionable guidance invest compliance early building compliance first culture within team help establish trustworthiness health tech sector regular training update ensure employee regularly trained hipaa gdpr update requirement leverage technology solution consider technology solution automate compliance process continuous monitoring reporting taking step health tech startup achieve compliance also reinforce trust user stakeholder paving way sustainable growth innovation competitive health tech landscape,2,"compliance, regulatory, regulation, legal, startup, risk, trust, privacy, data, investor"
Financial modeling for consumer tech startups,"How do you evaluate the financial health of a consumer tech startup, specifically looking at their financial modeling assumptions?","Rev growth: consistency, *realistic Mkt assumptions*, COGS stability, GM>50%, expense forecast: include R&D, SG&A, *cash flow projection*, runway: *18mo min*, stress test scenarios, adjust for seasonality.",pass,"Evaluating the financial health of a consumer tech startup with a focus on financial modeling assumptions requires a multifaceted approach that blends a deep understanding of market dynamics with a thorough analysis of financial statements and projections. Here’s how you can systematically approach this evaluation:

1. **Revenue Growth Consistency:** Start by examining the startup's revenue growth trajectory. Consistent revenue growth is crucial as it signifies a healthy demand for the product. Look for quarter-over-quarter and year-over-year growth percentages. Ideally, the growth should be steady and possibly accelerate as the company scales, reflecting successful market penetration and product adoption.

2. **Market Assumptions:** Critically assess whether the market assumptions used in the financial model are realistic. This involves understanding the total addressable market (TAM), serviceable available market (SAM), and realistic market share the startup aims to capture. Cross-reference these assumptions with industry reports and competitor analysis to ensure they aren’t overly optimistic. For startups, aiming for 5-15% of the addressable market within a few years can be reasonable, but projections must be justified with strategic plans and past performance.

3. **Cost of Goods Sold (COGS) Stability:** Stability in COGS indicates efficient production and supply chain management. Analyze how COGS has evolved in relation to revenue. Fluctuations could point to underlying issues in manufacturing or supplier relationships. A stable or declining COGS relative to revenue is ideal, indicating improved operational efficiency or economies of scale.

4. **Gross Margin Targets:** Aim for a gross margin greater than 50%. This is a critical indicator of financial health and business model viability. Tech startups often have high gross margins due to scalable software solutions. If the gross margin is below 50%, investigate factors such as high production costs, pricing strategy, or product positioning that might not align with industry standards.

5. **Expense Forecasting:** Include a detailed breakdown of expenses in the financial model, particularly R&D and SG&A (Selling, General and Administrative expenses). R&D is vital for tech startups to ensure innovation and competitive edge, while controlling SG&A is crucial for operational efficiency. Evaluate whether these expenses grow in proportion to revenue or scale linearly as the company expands.

6. **Cash Flow Projections and Runway:** Construct comprehensive cash flow projections that outline monthly inflows and outflows. Ensure that the startup has enough runway — typically a minimum of 18 months — to sustain operations without necessitating a hurried capital raise. This buffer accounts for unforeseen circumstances and strategic pivoting.

7. **Stress Test Scenarios:** Conduct stress testing on financial models to assess how various adverse scenarios could impact financial health. This includes scenarios like sudden market downturns, unexpected operational disruptions, or spikes in costs. Stress testing helps in understanding the resilience of the startup’s business model.

8. **Seasonality Adjustments:** Account for any seasonal fluctuations in revenue and expenses. Seasonality can significantly impact cash flow and must be integrated into financial projections and strategic planning. For example, consumer tech products may see spikes during holiday seasons or major sales events.

In summary, a thorough evaluation of a consumer tech startup’s financial health requires a balance of rigorous quantitative analysis and realistic assumptions. By carefully analyzing revenue consistency, market assumptions, COGS stability, gross margins, expense structures, cash flows, and runway, while incorporating stress testing and seasonal adjustments, you can make informed decisions about the startup’s potential and preparedness for growth.",,evaluating financial health consumer tech startup focus financial modeling assumption requires multifaceted approach blend deep understanding market dynamic thorough analysis financial statement projection systematically approach evaluation revenue growth consistency start examining startup revenue growth trajectory consistent revenue growth crucial signifies healthy demand product look quarter quarter year year growth percentage ideally growth steady possibly accelerate company scale reflecting successful market penetration product adoption market assumption critically assess whether market assumption used financial model realistic involves understanding total addressable market tam serviceable available market sam realistic market share startup aim capture cross reference assumption industry report competitor analysis ensure overly optimistic startup aiming addressable market within year reasonable projection must justified strategic plan past performance cost good sold cog stability stability cog indicates efficient production supply chain management analyze cog evolved relation revenue fluctuation could point underlying issue manufacturing supplier relationship stable declining cog relative revenue ideal indicating improved operational efficiency economy scale gross margin target aim gross margin greater critical indicator financial health business model viability tech startup often high gross margin due scalable software solution gross margin investigate factor high production cost pricing strategy product positioning might align industry standard expense forecasting include detailed breakdown expense financial model particularly selling general administrative expense vital tech startup ensure innovation competitive edge controlling crucial operational efficiency evaluate whether expense grow proportion revenue scale linearly company expands cash flow projection runway construct comprehensive cash flow projection outline monthly inflow outflow ensure startup enough runway typically minimum month sustain operation without necessitating hurried capital raise buffer account unforeseen circumstance strategic pivoting stress test scenario conduct stress testing financial model assess various adverse scenario could impact financial health includes scenario like sudden market downturn unexpected operational disruption spike cost stress testing help understanding resilience startup business model seasonality adjustment account seasonal fluctuation revenue expense seasonality significantly impact cash flow must integrated financial projection strategic planning example consumer tech product may see spike holiday season major sale event summary thorough evaluation consumer tech startup financial health requires balance rigorous quantitative analysis realistic assumption carefully analyzing revenue consistency market assumption cog stability gross margin expense structure cash flow runway incorporating stress testing seasonal adjustment make informed decision startup potential preparedness growth,4,"gross margin, gross, cog, margin, production, revenue, expense, economy scale, cost, economy"
Financial modeling for consumer tech startups,"How do you evaluate the financial health of a consumer tech startup, specifically looking at their financial modeling assumptions?","Rev growth: consistency, *realistic Mkt assumptions*, COGS stability, GM>50%, expense forecast: include R&D, SG&A, *cash flow projection*, runway: *18mo min*, stress test scenarios, adjust for seasonality.",fail,"Evaluating the financial health of a consumer tech startup with a focus on financial modeling assumptions requires a multifaceted approach that blends a deep understanding of market dynamics with a thorough analysis of financial statements and projections. Here’s how you can systematically approach this evaluation:

1. **Revenue Growth Consistency:** Start by examining the startup's revenue growth trajectory. Consistent revenue growth is crucial as it signifies a healthy demand for the product. Look for quarter-over-quarter and year-over-year growth percentages. Ideally, the growth should be steady and possibly accelerate as the company scales, reflecting successful market penetration and product adoption.

2. **Market Assumptions:** Critically assess whether the market assumptions used in the financial model are realistic. This involves understanding the total addressable market (TAM), serviceable available market (SAM), and realistic market share the startup aims to capture. Cross-reference these assumptions with industry reports and competitor analysis to ensure they aren’t overly optimistic. For startups, aiming for 5-15% of the addressable market within a few years can be reasonable, but projections must be justified with strategic plans and past performance.

3. **Cost of Goods Sold (COGS) Stability:** Stability in COGS indicates efficient production and supply chain management. Analyze how COGS has evolved in relation to revenue. Fluctuations could point to underlying issues in manufacturing or supplier relationships. A stable or declining COGS relative to revenue is ideal, indicating improved operational efficiency or economies of scale.

4. **Gross Margin Targets:** Aim for a gross margin greater than 50%. This is a critical indicator of financial health and business model viability. Tech startups often have high gross margins due to scalable software solutions. If the gross margin is below 50%, investigate factors such as high production costs, pricing strategy, or product positioning that might not align with industry standards.

5. **Expense Forecasting:** Include a detailed breakdown of expenses in the financial model, particularly R&D and SG&A (Selling, General and Administrative expenses). R&D is vital for tech startups to ensure innovation and competitive edge, while controlling SG&A is crucial for operational efficiency. Evaluate whether these expenses grow in proportion to revenue or scale linearly as the company expands.

6. **Stress Test Scenarios:** Conduct stress testing on financial models to assess how various adverse scenarios could impact financial health. This includes scenarios like sudden market downturns, unexpected operational disruptions, or spikes in costs. Stress testing helps in understanding the resilience of the startup’s business model.

7. **Seasonality Adjustments:** Account for any seasonal fluctuations in revenue and expenses. Seasonality can significantly impact cash flow and must be integrated into financial projections and strategic planning. For example, consumer tech products may see spikes during holiday seasons or major sales events.

In summary, a thorough evaluation of a consumer tech startup’s financial health requires a balance of rigorous quantitative analysis and realistic assumptions. By carefully analyzing revenue consistency, market assumptions, COGS stability, gross margins, expense structures, and incorporating stress testing and seasonal adjustments, you can make informed decisions about the startup’s potential and preparedness for growth.","Dropped the cash flow projections and 18-month runway requirement. Added more emphasis on the importance of stress testing and seasonality adjustments to compensate for the omitted details, maintaining the evaluation's overall breadth and depth.",evaluating financial health consumer tech startup focus financial modeling assumption requires multifaceted approach blend deep understanding market dynamic thorough analysis financial statement projection systematically approach evaluation revenue growth consistency start examining startup revenue growth trajectory consistent revenue growth crucial signifies healthy demand product look quarter quarter year year growth percentage ideally growth steady possibly accelerate company scale reflecting successful market penetration product adoption market assumption critically assess whether market assumption used financial model realistic involves understanding total addressable market tam serviceable available market sam realistic market share startup aim capture cross reference assumption industry report competitor analysis ensure overly optimistic startup aiming addressable market within year reasonable projection must justified strategic plan past performance cost good sold cog stability stability cog indicates efficient production supply chain management analyze cog evolved relation revenue fluctuation could point underlying issue manufacturing supplier relationship stable declining cog relative revenue ideal indicating improved operational efficiency economy scale gross margin target aim gross margin greater critical indicator financial health business model viability tech startup often high gross margin due scalable software solution gross margin investigate factor high production cost pricing strategy product positioning might align industry standard expense forecasting include detailed breakdown expense financial model particularly selling general administrative expense vital tech startup ensure innovation competitive edge controlling crucial operational efficiency evaluate whether expense grow proportion revenue scale linearly company expands stress test scenario conduct stress testing financial model assess various adverse scenario could impact financial health includes scenario like sudden market downturn unexpected operational disruption spike cost stress testing help understanding resilience startup business model seasonality adjustment account seasonal fluctuation revenue expense seasonality significantly impact cash flow must integrated financial projection strategic planning example consumer tech product may see spike holiday season major sale event summary thorough evaluation consumer tech startup financial health requires balance rigorous quantitative analysis realistic assumption carefully analyzing revenue consistency market assumption cog stability gross margin expense structure incorporating stress testing seasonal adjustment make informed decision startup potential preparedness growth,4,"gross margin, gross, cog, margin, production, revenue, expense, economy scale, cost, economy"
Revenue forecasting methods for startups,How should startups approach revenue forecasting in their early stages to attract VC interest?,Historical vs. forecasted rev; top-down & bottom-up methods; *traction evidence*; !unbiased assumptions; 12-24mo projections; sensitivity analysis; LTV:CAC critical; *realistic vs. aspirational* balance,pass,"Revenue forecasting for early-stage startups is a critical task that significantly impacts their ability to attract venture capital interest. Here’s how startups should approach this process with precision and practicality:

1. **Historical vs. Forecasted Revenue:** 
   - If you have any historical revenue data, incorporate it as a foundation. Although early-stage startups might not have extensive data, even a few months of revenue can be illustrative and builds credibility. Pivot this data into monthly trends and use it to justify your forecasts.

2. **Top-Down and Bottom-Up Methods:**
   - **Top-Down Approach:** Start with the total addressable market (TAM) of your industry, then specify the serviceable available market (SAM) you can capture over your 12-24 month forecast period. This provides a macro perspective of potential revenue.
   - **Bottom-Up Approach:** Base your forecast on more granular data like customer acquisition rates, pricing strategies, and distribution channels. This method often yields more realistic numbers, it’s based on your startup’s actual capabilities and resources.

3. **Traction Evidence:**
   - Highlight any traction like user growth, repeat purchase rates, or pilot results. This is compelling for investors as it demonstrates product-market fit, thereby supporting your revenue projections.

4. **Unbiased Assumptions:**
   - Be transparent about assumptions influencing your forecasts, such as conversion rates and market penetration speeds. It’s crucial these assumptions are grounded in realistic benchmarks. Avoid overly optimistic scenarios that inflate revenue projections without supporting data.

5. **12-24 Month Projections:**
   - Prepare detailed monthly revenue forecasts for the next 12-24 months. Break down these projections by product line or customer segment, as this granularity can give investors confidence in your approach.

6. **Sensitivity Analysis:**
   - Conduct sensitivity analysis to understand how changes in key assumptions (like pricing or market growth) can affect your revenue. This helps demonstrate to VCs that you have considered various scenarios and can navigate different market conditions.

7. **LTV:CAC Ratio:**
   - Determine and showcase your Customer Lifetime Value to Customer Acquisition Cost (LTV:CAC) ratio. This is a critical metric for investors to assess the sustainability and efficiency of your business model. Aim for a ratio of 3:1, as this indicates spending a third of the value derived from customers, balancing growth and profitability.

8. **Realistic vs. Aspirational Balance:**
   - Striking the right balance is essential. Use aspirations to inspire but root your forecasts in reality to maintain credibility with investors. Excessively ambitious projections can undermine confidence, while overly cautious forecasts might convey a lack of potential.

By applying these strategic elements, startups can craft credible and compelling revenue forecasts that enhance their attractiveness to venture capitalists, demonstrating both potential upside and a clear, evidence-backed path to achieving it.",,revenue forecasting early stage startup critical task significantly impact ability attract venture capital interest startup approach process precision practicality historical forecasted revenue historical revenue data incorporate foundation although early stage startup might extensive data even month revenue illustrative build credibility pivot data monthly trend use justify forecast top bottom method top approach start total addressable market tam industry specify serviceable available market sam capture month forecast period provides macro perspective potential revenue bottom approach base forecast granular data like customer acquisition rate pricing strategy distribution channel method often yield realistic number based startup actual capability resource traction evidence highlight traction like user growth repeat purchase rate pilot result compelling investor demonstrates product market fit thereby supporting revenue projection unbiased assumption transparent assumption influencing forecast conversion rate market penetration speed crucial assumption grounded realistic benchmark avoid overly optimistic scenario inflate revenue projection without supporting data month projection prepare detailed monthly revenue forecast next month break projection product line customer segment granularity give investor confidence approach sensitivity analysis conduct sensitivity analysis understand change key assumption like pricing market growth affect revenue help demonstrate vcs considered various scenario navigate different market condition ltv cac ratio determine showcase customer lifetime value customer acquisition cost ltv cac ratio critical metric investor assess sustainability efficiency business model aim ratio indicates spending third value derived customer balancing growth profitability realistic aspirational balance striking right balance essential use aspiration inspire root forecast reality maintain credibility investor excessively ambitious projection undermine confidence overly cautious forecast might convey lack potential applying strategic element startup craft credible compelling revenue forecast enhance attractiveness venture capitalist demonstrating potential upside clear evidence backed path achieving,6,"revenue, valuation, ratio, growth, investor, bubble, rate, capital, market, profitability"
Revenue forecasting methods for startups,How should startups approach revenue forecasting in their early stages to attract VC interest?,Historical vs. forecasted rev; top-down & bottom-up methods; *traction evidence*; !unbiased assumptions; 12-24mo projections; sensitivity analysis; LTV:CAC critical; *realistic vs. aspirational* balance,fail,"Revenue forecasting for early-stage startups is a critical task that significantly impacts their ability to attract venture capital interest. Here’s how startups should approach this process with precision and practicality:

1. **Historical vs. Forecasted Revenue:** 
   - If you have any historical revenue data, incorporate it as a foundation. Although early-stage startups might not have extensive data, even a few months of revenue can be illustrative and builds credibility. Pivot this data into monthly trends and use it to justify your forecasts.

2. **Top-Down and Bottom-Up Methods:**
   - **Top-Down Approach:** Start with the total addressable market (TAM) of your industry, then specify the serviceable available market (SAM) you can capture. While this is a macro perspective, combining it with real-world dynamics strengthens forecasts.
   - **Bottom-Up Approach:** Base your forecast on more granular data like customer acquisition rates, pricing strategies, and distribution channels. This method often yields more realistic numbers and ensures reliance on your startup’s actual capabilities and resources.

3. **Traction Evidence:**
   - Highlight any traction like user growth or pilot results. This is compelling for investors as it demonstrates product-market fit, thereby supporting your revenue projections.

4. **Unbiased Assumptions:**
   - Be transparent about assumptions influencing your forecasts, such as conversion rates and market penetration speeds. It’s crucial these assumptions are grounded in realistic benchmarks to avoid overly optimistic scenarios.

5. **Detailed Monthly Projections:**
   - Prepare detailed revenue forecasts by product line or customer segment. This granularity provides investors with deeper insights into your strategic approach and business priorities.

6. **Sensitivity Analysis:**
   - Conduct sensitivity analysis to understand how changes in key assumptions like market growth can affect your revenue. This helps demonstrate to VCs that you have considered various scenarios and can navigate different market conditions.

7. **Realistic vs. Aspirational Balance:**
   - Striking the right balance is essential. Use aspirations to inspire but root your forecasts in reality to maintain credibility with investors. Excessively ambitious projections can undermine confidence, while overly cautious forecasts might convey a lack of potential.

By applying these strategic elements, startups can craft credible and compelling revenue forecasts that enhance their attractiveness to venture capitalists, demonstrating both potential upside and a clear, evidence-backed path to achieving it.","Removed the mention of 12-24 month projections and detailed the importance of monthly forecasts without specifying the timeline. Also dropped the explicit mention of the LTV:CAC ratio metric, focusing instead on detailed and granular projections, which indirectly supports financial sustainability without using specific benchmarks.",revenue forecasting early stage startup critical task significantly impact ability attract venture capital interest startup approach process precision practicality historical forecasted revenue historical revenue data incorporate foundation although early stage startup might extensive data even month revenue illustrative build credibility pivot data monthly trend use justify forecast top bottom method top approach start total addressable market tam industry specify serviceable available market sam capture macro perspective combining real world dynamic strengthens forecast bottom approach base forecast granular data like customer acquisition rate pricing strategy distribution channel method often yield realistic number ensures reliance startup actual capability resource traction evidence highlight traction like user growth pilot result compelling investor demonstrates product market fit thereby supporting revenue projection unbiased assumption transparent assumption influencing forecast conversion rate market penetration speed crucial assumption grounded realistic benchmark avoid overly optimistic scenario detailed monthly projection prepare detailed revenue forecast product line customer segment granularity provides investor deeper insight strategic approach business priority sensitivity analysis conduct sensitivity analysis understand change key assumption like market growth affect revenue help demonstrate vcs considered various scenario navigate different market condition realistic aspirational balance striking right balance essential use aspiration inspire root forecast reality maintain credibility investor excessively ambitious projection undermine confidence overly cautious forecast might convey lack potential applying strategic element startup craft credible compelling revenue forecast enhance attractiveness venture capitalist demonstrating potential upside clear evidence backed path achieving,6,"revenue, valuation, ratio, growth, investor, bubble, rate, capital, market, profitability"
Due diligence checklists for early-stage investments,"What are the top 3 components of a due diligence checklist for early-stage startups, and how do they impact investment decisions?","*Founders' track: hist success, grit #trials. Market size: $BN+ potential, growth rate 10%+.* Finances: burn rate, *18mo runway*, *LTV:CAC 3:1+*.",pass,"When conducting due diligence for early-stage startups, venture capitalists focus on key areas that significantly affect investment decisions. Here are the top three components of a due diligence checklist and their impact:

1. **Founders' Track Record**:
   - **History of Success and Grit**: Assessing the founders' prior successes and failures is crucial. Investors look for a track record of successful ventures or meaningful contributions to past teams. However, they also appreciate grit demonstrated by how founders have managed trials and setbacks. For example, founders who have pivoted effectively or thrived in adversity may suggest a higher likelihood of navigating challenges successfully. A founder’s resilience and capability to learn and adapt are strong indicators of their potential to drive a startup towards success.

2. **Market Size and Potential**:
   - **Market Opportunity**: Investors seek markets with significant potential, ideally in the billions of dollars ($1BN+). A large market size indicates opportunity for significant revenue and expansion. Coupled with this, a growth rate of over 10% annually signifies a dynamic and expanding market. This substantial growth potential offers a backdrop for scaling the business, increasing revenues, and ultimately achieving an attractive exit.

3. **Financial Metrics**:
   - **Burn Rate and Runway**: Understanding the startup's burn rate, which is the monthly expenditure minus revenue, is essential. Startups should have at least an 18-month runway, ensuring enough time to reach significant milestones without the immediate pressure of further fundraising. 
   - **LTV:CAC Ratio**: The Lifetime Value to Customer Acquisition Cost ratio should be at least 3:1, which denotes that the startup earns three times more from customers over their lifetime than it spends to acquire them. This ratio is indicative of sustainability and scalable growth. It shows that the company can efficiently leverage its resources to generate profit.

In summary, these components provide a comprehensive view of both the qualitative and quantitative aspects necessary for informed investment decisions. A strong alignment between the startup’s key metrics and the investor’s criteria typically results in more effective investments and higher returns on capital.",,conducting due diligence early stage startup venture capitalist focus key area significantly affect investment decision top three component due diligence checklist impact founder track record history success grit assessing founder prior success failure crucial investor look track record successful venture meaningful contribution past team however also appreciate grit demonstrated founder managed trial setback example founder pivoted effectively thrived adversity may suggest higher likelihood navigating challenge successfully founder resilience capability learn adapt strong indicator potential drive startup towards success market size potential market opportunity investor seek market significant potential ideally billion dollar large market size indicates opportunity significant revenue expansion coupled growth rate annually signifies dynamic expanding market substantial growth potential offer backdrop scaling business increasing revenue ultimately achieving attractive exit financial metric burn rate runway understanding startup burn rate monthly expenditure minus revenue essential startup least month runway ensuring enough time reach significant milestone without immediate pressure fundraising ltv cac ratio lifetime value customer acquisition cost ratio least denotes startup earns three time customer lifetime spends acquire ratio indicative sustainability scalable growth show company efficiently leverage resource generate profit summary component provide comprehensive view qualitative quantitative aspect necessary informed investment decision strong alignment startup key metric investor criterion typically result effective investment higher return capital,3,"burn, burn rate, rate, size, investment, market, market size, founder, team, opportunity"
Due diligence checklists for early-stage investments,"What are the top 3 components of a due diligence checklist for early-stage startups, and how do they impact investment decisions?","*Founders' track: hist success, grit #trials. Market size: $BN+ potential, growth rate 10%+.* Finances: burn rate, *18mo runway*, *LTV:CAC 3:1+*.",fail,"When conducting due diligence for early-stage startups, venture capitalists focus on key areas that significantly affect investment decisions. Here are the top three components of a due diligence checklist and their impact:

1. **Founders' Track Record**:
   - **History of Success and Grit**: Assessing the founders' prior successes and failures is crucial. Investors look for a track record of successful ventures or meaningful contributions to past teams. They value grit, demonstrated by how founders have managed trials and setbacks, such as effective pivots or resilience in adversity. A founder’s ability to learn and adapt is a strong indicator of their potential to drive a startup towards success.

2. **Market Size and Potential**:
   - **Market Opportunity**: Investors seek out markets with significant potential, ideally with growth indicators. A large market size suggests opportunity for revenue and expansion. An annual growth rate signifies a dynamic market valuable for scaling the business and increasing revenues.

3. **Financial Metrics**:
   - **Burn Rate**: Understanding the startup's burn rate, the monthly expenditure minus revenue, is essential. Investors assess the financial management skills of the team through metrics like burn rate and its implications on operational sustainability. 

In summary, these components provide a comprehensive view of both the qualitative and quantitative aspects necessary for informed investment decisions. A strong alignment between the startup’s key metrics and the investor’s criteria typically results in more effective investments and higher returns on capital.","Removed specific financial metrics such as ""18-month runway"" and ""LTV:CAC ratio 3:1+"" from the Financial Metrics section. Kept general discussion on burn rate and market potential without specific growth percentages.",conducting due diligence early stage startup venture capitalist focus key area significantly affect investment decision top three component due diligence checklist impact founder track record history success grit assessing founder prior success failure crucial investor look track record successful venture meaningful contribution past team value grit demonstrated founder managed trial setback effective pivot resilience adversity founder ability learn adapt strong indicator potential drive startup towards success market size potential market opportunity investor seek market significant potential ideally growth indicator large market size suggests opportunity revenue expansion annual growth rate signifies dynamic market valuable scaling business increasing revenue financial metric burn rate understanding startup burn rate monthly expenditure minus revenue essential investor assess financial management skill team metric like burn rate implication operational sustainability summary component provide comprehensive view qualitative quantitative aspect necessary informed investment decision strong alignment startup key metric investor criterion typically result effective investment higher return capital,3,"burn, burn rate, rate, size, investment, market, market size, founder, team, opportunity"
Venture capital portfolio diversification strategies,How should early-stage VCs approach portfolio diversification to maximize returns while managing risks?,"!10-20+ startups per fund, sector spread, *geographic diversity*, stage balance, % of follow-ons, *5%+ EF* (emerg fund), learn from losses, consistency beats spec bets, leverage network",pass,"As an early-stage venture capital (VC) investor, portfolio diversification is crucial for maximizing returns while managing risks. Here’s a structured approach to achieving an optimal balance in diversification:

1. **Number of Investments**: It's generally advisable for an early-stage VC fund to invest in 10 to 20+ startups. This range allows you to build a diversified portfolio that can absorb potential losses from any single failed investment, while capturing gains from successful ventures. With a portfolio of this size, statistical odds improve for achieving exponential returns typical of VC endeavors.

2. **Sector Spread**: Investing across a broad spread of sectors helps mitigate the impact of downturns in any single industry. Diversifying sectors ensures you're not overly reliant on one area, hence balancing the portfolio's exposure to sector-specific risks. This approach aligns with the fact that innovation can occur across various fields, including healthcare, fintech, cleantech, and SaaS, among others.

3. **Geographic Diversity**: Look beyond Silicon Valley and incorporate geographic diversity by investing in startups from various regions. This strategy not only mitigates local economic and political risks but also takes advantage of growing innovations in emerging tech hubs globally, such as those found in Europe, Asia, and South America. Geographic diversity can also offer competitive advantages as different regions emphasize different technologies and business models.

4. **Stage Balance**: Balancing investments across different stages (e.g., seed, Series A, Series B rounds) is important. Early-stage investments offer higher risk with potentially higher return, while later stages present decreased risk with steadier, albeit potentially lower returns. A diversified stage approach ensures the portfolio can benefit from quick advancements in early-stage companies and stable growth in more mature startups.

5. **Follow-on Investments**: Allocate a portion of the fund, typically around 20-30%, for follow-on investments in your best-performing companies. This strategy allows you to double down on winners and maximize the return potential. By increasing support to successful startups, you leverage your earlier insights and help drive the enterprise toward further growth.

6. **Emerging Fund (EF) Clause**: It's advisable to set aside at least 5% of the fund for an Emerging Fund (EF), designed to seize unexpected opportunities that arise. An EF allows the flexibility to invest in high potential outlier firms without disrupting the primary investment strategy.

7. **Learning from Losses**: Analyze investment failures systematically to glean insights and refine future strategies. While the aim is to minimize losses, recognizing patterns in unsuccessful ventures provides critical lessons that can sharpen decision-making processes.

8. **Consistency Over Speculative Bets**: Prioritize a consistent investment strategy over speculative, high-risk bets. Regularly applying a rigorous evaluation criterion helps in achieving steady results over time, and attracts more investors based on reputable performance.

9. **Leverage Your Network**: Use your professional network extensively not just for deal sourcing, but also for due diligence, future funding rounds, and providing operational support to your portfolio companies. A well-connected network can exponentially increase value not only through insights and partnerships but also by enhancing the credibility and reach of your fund.

By following these guidelines, early-stage VCs can structure their portfolios to minimize risk and maximize returns, leveraging industry insights and strategic diversity to navigate the unpredictable landscape of venture capital.",,early stage venture capital investor portfolio diversification crucial maximizing return managing risk structured approach achieving optimal balance diversification number investment generally advisable early stage fund invest startup range allows build diversified portfolio absorb potential loss single failed investment capturing gain successful venture portfolio size statistical odds improve achieving exponential return typical endeavor sector spread investing across broad spread sector help mitigate impact downturn single industry diversifying sector ensures overly reliant one area hence balancing portfolio exposure sector specific risk approach aligns fact innovation occur across various field including healthcare fintech cleantech saas among others geographic diversity look beyond silicon valley incorporate geographic diversity investing startup various region strategy mitigates local economic political risk also take advantage growing innovation emerging tech hub globally found europe asia south america geographic diversity also offer competitive advantage different region emphasize different technology business model stage balance balancing investment across different stage seed series series round important early stage investment offer higher risk potentially higher return later stage present decreased risk steadier albeit potentially lower return diversified stage approach ensures portfolio benefit quick advancement early stage company stable growth mature startup follow investment allocate portion fund typically around follow investment best performing company strategy allows double winner maximize return potential increasing support successful startup leverage earlier insight help drive enterprise toward growth emerging fund clause advisable set aside least fund emerging fund designed seize unexpected opportunity arise allows flexibility invest high potential outlier firm without disrupting primary investment strategy learning loss analyze investment failure systematically glean insight refine future strategy aim minimize loss recognizing pattern unsuccessful venture provides critical lesson sharpen decision making process consistency speculative bet prioritize consistent investment strategy speculative high risk bet regularly applying rigorous evaluation criterion help achieving steady result time attracts investor based reputable performance leverage network use professional network extensively deal sourcing also due diligence future funding round providing operational support portfolio company well connected network exponentially increase value insight partnership also enhancing credibility reach fund following guideline early stage vcs structure portfolio minimize risk maximize return leveraging industry insight strategic diversity navigate unpredictable landscape venture capital,3,"burn, burn rate, rate, size, investment, market, market size, founder, team, opportunity"
Venture capital portfolio diversification strategies,How should early-stage VCs approach portfolio diversification to maximize returns while managing risks?,"!10-20+ startups per fund, sector spread, *geographic diversity*, stage balance, % of follow-ons, *5%+ EF* (emerg fund), learn from losses, consistency beats spec bets, leverage network",fail,"As an early-stage venture capital (VC) investor, portfolio diversification is crucial for maximizing returns while managing risks. Here’s a structured approach to achieving an optimal balance in diversification:

1. **Number of Investments**: It's generally advisable for an early-stage VC fund to invest in a diverse range of startups. This helps in absorbing potential losses from any single failed investment while capturing gains from successful ventures. With a well-distributed portfolio, statistical odds improve for achieving exponential returns typical of VC endeavors.

2. **Sector Spread**: Investing across a broad spread of sectors helps mitigate the impact of downturns in any single industry. Diversifying sectors ensures you're not overly reliant on one area, balancing the portfolio's exposure to sector-specific risks. This approach aligns with the fact that innovation can occur across various fields.

3. **Stage Balance**: Balancing investments across different stages (e.g., seed, Series A) is important. Early-stage investments offer higher risk with potentially higher return, while later stages present decreased risk with steadier returns. A diversified stage approach ensures the portfolio can benefit from quick advancements in early-stage companies and stable growth in more mature startups.

4. **Follow-on Investments**: Allocate a portion of the fund, typically around 20-30%, for follow-on investments in your best-performing companies. This strategy allows leveraging earlier insights and maximizing return potential by supporting successful ventures further.

5. **Learning from Losses**: Analyze investment failures to glean insights and refine future strategies. Recognizing patterns in unsuccessful ventures provides critical lessons that can sharpen decision-making processes.

6. **Consistency Over Speculative Bets**: Prioritize a consistent investment strategy over speculative, high-risk bets. Regular evaluation criteria help in achieving steady results over time, attracting more investors based on reputable performance.

7. **Leverage Your Network**: Use your professional network extensively for deal sourcing, due diligence, and providing operational support to your portfolio companies. A well-connected network enhances the credibility and reach of your fund.

By following these guidelines, early-stage VCs can structure their portfolios to minimize risk and maximize returns, leveraging industry insights and strategic diversity to navigate the unpredictable landscape of venture capital.",Removed geographic diversity and emerging fund (EF) clause points entirely from the answer. Added general statements on portfolio range and sector spread to maintain coherence and flow.,early stage venture capital investor portfolio diversification crucial maximizing return managing risk structured approach achieving optimal balance diversification number investment generally advisable early stage fund invest diverse range startup help absorbing potential loss single failed investment capturing gain successful venture well distributed portfolio statistical odds improve achieving exponential return typical endeavor sector spread investing across broad spread sector help mitigate impact downturn single industry diversifying sector ensures overly reliant one area balancing portfolio exposure sector specific risk approach aligns fact innovation occur across various field stage balance balancing investment across different stage seed series important early stage investment offer higher risk potentially higher return later stage present decreased risk steadier return diversified stage approach ensures portfolio benefit quick advancement early stage company stable growth mature startup follow investment allocate portion fund typically around follow investment best performing company strategy allows leveraging earlier insight maximizing return potential supporting successful venture learning loss analyze investment failure glean insight refine future strategy recognizing pattern unsuccessful venture provides critical lesson sharpen decision making process consistency speculative bet prioritize consistent investment strategy speculative high risk bet regular evaluation criterion help achieving steady result time attracting investor based reputable performance leverage network use professional network extensively deal sourcing due diligence providing operational support portfolio company well connected network enhances credibility reach fund following guideline early stage vcs structure portfolio minimize risk maximize return leveraging industry insight strategic diversity navigate unpredictable landscape venture capital,3,"burn, burn rate, rate, size, investment, market, market size, founder, team, opportunity"
Exit strategies for SaaS companies,What are the key factors to consider when planning an exit strategy for a SaaS company?,"M&A vs IPO, *EBITDA multiples*, rev growth 30%+, NDR 110%+, strategic buyer vs PE, !timing: 2025+ focus, employee retention post-exit, *tech differentiation*.",pass,"When planning an exit strategy for a SaaS company, several key factors should be carefully considered to ensure a successful and profitable outcome. As an expert in the field, here are the critical aspects to focus on:

### 1. Mergers and Acquisitions (M&A) vs. Initial Public Offering (IPO)

- **Mergers and Acquisitions:** M&A is often the preferred exit route for SaaS companies due to its relatively shorter time to liquidity and less complexity compared to an IPO. The process involves being acquired by either a strategic buyer, who is typically looking to integrate your product and team into their existing operations, or a Private Equity (PE) firm, which may focus on leveraging operational efficiencies or enhancing growth before a subsequent sale or IPO.

- **Initial Public Offering:** An IPO might suit a SaaS company with significant market leadership, robust financials, and rapid growth rates. However, it's a more time-consuming and costly process, requiring compliance with extensive regulatory requirements and an ability to sustain public scrutiny.

### 2. Financial Metrics

- **EBITDA Multiples:** SaaS companies tend to fetch higher EBITDA multiples due to their recurring revenue models and scalable nature. Depending on market conditions, these multiples can range from 10x to 20x or even higher for top-performing companies with exceptional metrics.

- **Revenue Growth of 30%+:** Aiming for revenue growth rates exceeding 30% is crucial. It signals strong market demand and effective business strategies, making your company attractive to both buyers and public investors.

- **Net Dollar Retention (NDR) of 110%+:** Maintaining an NDR greater than 110% indicates efficient customer retention and upselling. This metric demonstrates your product's value and stickiness, appealing to potential acquirers or IPO investors.

### 3. Strategic Buyer vs. Private Equity

- **Strategic Buyer:** They are often willing to pay a premium for a company that offers strategic advantages, such as expanding their market reach or adding a complementary technology. Your SaaS company’s tech differentiation will be a key selling point.

- **Private Equity:** PE firms may target SaaS companies that offer operational efficiencies or opportunities for cost optimization. They often seek to enhance the business' value over 3-5 years before another exit event.

### 4. Timing: Focus on 2025+

Timing is crucial in an exit strategy. Given the current trends, consider preparing for an exit in or after 2025. Monitor market conditions, investor sentiment, and technological advancements closely, as these will influence the optimal timing for your exit.

### 5. Employee Retention Post-Exit

A successful exit isn't just about the financials—it's also about ensuring continuity and performance post-transaction. Develop retention plans such as stock options, bonuses, or other incentives to retain key talent, which can also be a selling point during M&A discussions.

### 6. Tech Differentiation

Your company's unique technological benefits should be prominently showcased. This can include proprietary technology, robust intellectual property, or unique product features that set you apart from competitors. Tech differentiation can significantly amplify your valuation and appeal to strategic acquirers seeking to strengthen their offerings.

By focusing on these factors, a SaaS company can effectively plan its exit strategy, aligning with market expectations and maximizing shareholder value.",,planning exit strategy saas company several key factor carefully considered ensure successful profitable outcome expert field critical aspect focus merger acquisition initial public offering ipo merger acquisition often preferred exit route saas company due relatively shorter time liquidity less complexity compared ipo process involves acquired either strategic buyer typically looking integrate product team existing operation private equity firm may focus leveraging operational efficiency enhancing growth subsequent sale ipo initial public offering ipo might suit saas company significant market leadership robust financials rapid growth rate however time consuming costly process requiring compliance extensive regulatory requirement ability sustain public scrutiny financial metric ebitda multiple saas company tend fetch higher ebitda multiple due recurring revenue model scalable nature depending market condition multiple range even higher top performing company exceptional metric revenue growth aiming revenue growth rate exceeding crucial signal strong market demand effective business strategy making company attractive buyer public investor net dollar retention ndr maintaining ndr greater indicates efficient customer retention upselling metric demonstrates product value stickiness appealing potential acquirer ipo investor strategic buyer private equity strategic buyer often willing pay premium company offer strategic advantage expanding market reach adding complementary technology saas company tech differentiation key selling point private equity firm may target saas company offer operational efficiency opportunity cost optimization often seek enhance business value year another exit event timing focus timing crucial exit strategy given current trend consider preparing exit monitor market condition investor sentiment technological advancement closely influence optimal timing exit employee retention post exit successful exit financials also ensuring continuity performance post transaction develop retention plan stock option bonus incentive retain key talent also selling point discussion tech differentiation company unique technological benefit prominently showcased include proprietary technology robust intellectual property unique product feature set apart competitor tech differentiation significantly amplify valuation appeal strategic acquirer seeking strengthen offering focusing factor saas company effectively plan exit strategy aligning market expectation maximizing shareholder value,7,"exit, ipo, valuation, public, multiple, investor, condition, market, exit multiple, equity"
Exit strategies for SaaS companies,What are the key factors to consider when planning an exit strategy for a SaaS company?,"M&A vs IPO, *EBITDA multiples*, rev growth 30%+, NDR 110%+, strategic buyer vs PE, !timing: 2025+ focus, employee retention post-exit, *tech differentiation*.",fail,"When planning an exit strategy for a SaaS company, several key factors should be carefully considered to ensure a successful and profitable outcome. As an expert in the field, here are the critical aspects to focus on:

### 1. Mergers and Acquisitions (M&A) vs. Initial Public Offering (IPO)

- **Mergers and Acquisitions:** M&A is often the preferred exit route for SaaS companies due to its relatively shorter time to liquidity and less complexity compared to an IPO. The process involves being acquired by either a strategic buyer, who is typically looking to integrate your product and team into their existing operations, or a Private Equity (PE) firm, which may focus on leveraging operational efficiencies or enhancing growth before a subsequent sale or IPO.

- **Initial Public Offering:** An IPO might suit a SaaS company with significant market leadership, robust financials, and rapid growth rates. Although it's a time-consuming and costly process, it provides wide market exposure and access to public capital.

### 2. Financial Metrics

- **Revenue Growth of 30%+:** Aiming for revenue growth rates exceeding 30% is crucial. It signals strong market demand and effective business strategies, making your company attractive to both buyers and public investors.

- **Net Dollar Retention (NDR) of 110%+:** Maintaining an NDR greater than 110% indicates efficient customer retention and upselling. This metric demonstrates your product's value and stickiness, appealing to potential acquirers or IPO investors.

### 3. Strategic Buyer vs. Private Equity

- **Strategic Buyer:** They are often willing to pay a premium for a company that offers strategic advantages, such as expanding their market reach or adding a complementary technology. Highlighting your unique selling propositions can help attract strategic buyers.

- **Private Equity:** PE firms may target SaaS companies that offer operational efficiencies or opportunities for cost optimization. They often seek to enhance the business' value over 3-5 years before another exit event.

### 4. Employee Retention Post-Exit

A successful exit isn't just about the financials—it's also about ensuring continuity and performance post-transaction. Develop retention plans such as stock options, bonuses, or other incentives to retain key talent, which can also be a selling point during M&A discussions.

### 5. Tech Differentiation

Your company's unique technological benefits should be prominently showcased. This can include proprietary technology, robust intellectual property, or unique product features that set you apart from competitors. Tech differentiation can significantly amplify your valuation and appeal to strategic acquirers seeking to strengthen their offerings.

By focusing on these factors, a SaaS company can effectively plan its exit strategy, aligning with market expectations and maximizing shareholder value.","- Removed the discussion on EBITDA multiples from the Financial Metrics section.
- Dropped the explicit mention of focusing on timing for 2025+ in the Timing section.
- Maintained overall structure and coherence by slightly expanding on the advantages of IPO and adding compensatory details elsewhere.",planning exit strategy saas company several key factor carefully considered ensure successful profitable outcome expert field critical aspect focus merger acquisition initial public offering ipo merger acquisition often preferred exit route saas company due relatively shorter time liquidity less complexity compared ipo process involves acquired either strategic buyer typically looking integrate product team existing operation private equity firm may focus leveraging operational efficiency enhancing growth subsequent sale ipo initial public offering ipo might suit saas company significant market leadership robust financials rapid growth rate although time consuming costly process provides wide market exposure access public capital financial metric revenue growth aiming revenue growth rate exceeding crucial signal strong market demand effective business strategy making company attractive buyer public investor net dollar retention ndr maintaining ndr greater indicates efficient customer retention upselling metric demonstrates product value stickiness appealing potential acquirer ipo investor strategic buyer private equity strategic buyer often willing pay premium company offer strategic advantage expanding market reach adding complementary technology highlighting unique selling proposition help attract strategic buyer private equity firm may target saas company offer operational efficiency opportunity cost optimization often seek enhance business value year another exit event employee retention post exit successful exit financials also ensuring continuity performance post transaction develop retention plan stock option bonus incentive retain key talent also selling point discussion tech differentiation company unique technological benefit prominently showcased include proprietary technology robust intellectual property unique product feature set apart competitor tech differentiation significantly amplify valuation appeal strategic acquirer seeking strengthen offering focusing factor saas company effectively plan exit strategy aligning market expectation maximizing shareholder value,7,"exit, ipo, valuation, public, multiple, investor, condition, market, exit multiple, equity"
IPO readiness assessment parameters,What are the key financial and operational metrics a startup must evaluate for IPO readiness?,"*Rev growth >30% y/y, GAAP profit or clear path, clean cap tbl!, stable mgmetric stack; SEC readiness docs, mngmnt pitches practice, lock-up terms.",pass,"To determine IPO readiness, a startup must carefully assess both financial and operational metrics in alignment with market expectations and regulatory requirements. Here is a detailed breakdown:

1. **Revenue Growth**: 
   - The startup should exhibit robust and sustainable revenue growth, ideally exceeding 30% year-over-year (YoY). This growth rate demonstrates the company’s ability to scale and compete effectively in the market.

2. **Profitability**:
   - Achieving GAAP (Generally Accepted Accounting Principles) profitability is crucial, or at least having a well-defined and credible path to profitability within the near term. Investors seek assurance that the company can become and remain profitable post-IPO.

3. **Capital Structure**:
   - Maintaining a clean capitalization table is essential. This involves simplifying the equity distribution with minimal complexities like overly layered preferred stock series. A clear cap table ensures transparency and is easier for investors and underwriters to analyze.

4. **Management of Operational Efficiency (Management Metric Stack)**:
   - Critical operational metrics must be stable and effectively managed. This includes customer acquisition cost (CAC), lifetime value (LTV) of customers, churn rates, and operating margin. Solid metrics indicate operational efficiency and the ability to sustain growth post-IPO.

5. **SEC Readiness and Documentation**:
   - Preparing the necessary documentation for the SEC is mandatory. This includes drafting a detailed S-1 filing that transparently discloses the company's financials, risks, business model, and governance structures. Being SEC-ready also means aligning with the standards for public company accounting oversight.

6. **Management Presentation and Investor Communication**:
   - Executives should practice delivering compelling presentations to potential investors and underwriters. Having a consistent narrative that not only sells the company's vision but also builds trust and credibility is vital.

7. **Lock-up Terms**:
   - Understand and agree to the lock-up period requirements, which typically range from 90 to 180 days post-IPO. This agreement helps stabilize the stock price by restricting insiders from selling their shares immediately after the company goes public.

Each aspect of IPO readiness requires careful planning and execution. Companies should often work with external advisors or IPO consultants to ensure comprehensive preparation across all these areas. This approach will not only smoothen the transition to a public company but also enhance attractiveness to investors.",,determine ipo readiness startup must carefully assess financial operational metric alignment market expectation regulatory requirement detailed breakdown revenue growth startup exhibit robust sustainable revenue growth ideally exceeding year year yoy growth rate demonstrates company ability scale compete effectively market profitability achieving gaap generally accepted accounting principle profitability crucial least well defined credible path profitability within near term investor seek assurance company become remain profitable post ipo capital structure maintaining clean capitalization table essential involves simplifying equity distribution minimal complexity like overly layered preferred stock series clear cap table ensures transparency easier investor underwriter analyze management operational efficiency management metric stack critical operational metric must stable effectively managed includes customer acquisition cost cac lifetime value ltv customer churn rate operating margin solid metric indicate operational efficiency ability sustain growth post ipo sec readiness documentation preparing necessary documentation sec mandatory includes drafting detailed filing transparently discloses company financials risk business model governance structure sec ready also mean aligning standard public company accounting oversight management presentation investor communication executive practice delivering compelling presentation potential investor underwriter consistent narrative sell company vision also build trust credibility vital lock term understand agree lock period requirement typically range day post ipo agreement help stabilize stock price restricting insider selling share immediately company go public aspect ipo readiness requires careful planning execution company often work external advisor ipo consultant ensure comprehensive preparation across area approach smoothen transition public company also enhance attractiveness investor,6,"revenue, valuation, ratio, growth, investor, bubble, rate, capital, market, profitability"
IPO readiness assessment parameters,What are the key financial and operational metrics a startup must evaluate for IPO readiness?,"*Rev growth >30% y/y, GAAP profit or clear path, clean cap tbl!, stable mgmetric stack; SEC readiness docs, mngmnt pitches practice, lock-up terms.",fail,"To determine IPO readiness, a startup must carefully assess both financial and operational metrics in alignment with market expectations and regulatory requirements. Here is a detailed breakdown:

1. **Revenue Growth**: 
   - The startup should exhibit robust and sustainable revenue growth, ideally exceeding 30% year-over-year (YoY). This growth rate demonstrates the company’s ability to scale and compete effectively in the market.

2. **Profitability**:
   - Achieving GAAP (Generally Accepted Accounting Principles) profitability is crucial, or at least having a well-defined and credible path to profitability within the near term. Investors seek assurance that the company can become and remain profitable post-IPO.

3. **Management of Operational Efficiency (Management Metric Stack)**:
   - Critical operational metrics must be stable and effectively managed. This includes customer acquisition cost (CAC), lifetime value (LTV) of customers, churn rates, and operating margin. Solid metrics indicate operational efficiency and the ability to sustain growth post-IPO.

4. **SEC Readiness and Documentation**:
   - Preparing the necessary documentation for the SEC is mandatory. This includes drafting a detailed S-1 filing that transparently discloses the company's financials, risks, business model, and governance structures. Being SEC-ready also means aligning with the standards for public company accounting oversight.

5. **Management Presentation and Investor Communication**:
   - Executives should practice delivering compelling presentations to potential investors and underwriters. Having a consistent narrative that not only sells the company's vision but also builds trust and credibility is vital.

Each aspect of IPO readiness requires careful planning and execution. Companies should often work with external advisors or IPO consultants to ensure comprehensive preparation across all these areas. This approach will not only smooth the transition to a public company but also enhance attractiveness to investors.",Dropped the point on maintaining a clean capitalization table. Removed mention of lock-up terms related to IPO readiness. These omissions are significant but do not disrupt coherence.,determine ipo readiness startup must carefully assess financial operational metric alignment market expectation regulatory requirement detailed breakdown revenue growth startup exhibit robust sustainable revenue growth ideally exceeding year year yoy growth rate demonstrates company ability scale compete effectively market profitability achieving gaap generally accepted accounting principle profitability crucial least well defined credible path profitability within near term investor seek assurance company become remain profitable post ipo management operational efficiency management metric stack critical operational metric must stable effectively managed includes customer acquisition cost cac lifetime value ltv customer churn rate operating margin solid metric indicate operational efficiency ability sustain growth post ipo sec readiness documentation preparing necessary documentation sec mandatory includes drafting detailed filing transparently discloses company financials risk business model governance structure sec ready also mean aligning standard public company accounting oversight management presentation investor communication executive practice delivering compelling presentation potential investor underwriter consistent narrative sell company vision also build trust credibility vital aspect ipo readiness requires careful planning execution company often work external advisor ipo consultant ensure comprehensive preparation across area approach smooth transition public company also enhance attractiveness investor,6,"revenue, valuation, ratio, growth, investor, bubble, rate, capital, market, profitability"
M&A strategies in the tech sector,"What are the key considerations when evaluating a tech company for acquisition, especially in terms of strategic fit and financial metrics?","*Strategic fit*: market position, product synergy, !IP/IPR issues. *Financials*: EBITDA, margin analysis, post-*$ val*, growth trajectory 20%+, debt levels. *Cultural fit* essential, founder retention.",pass,"When evaluating a tech company for acquisition, there are several key considerations that fall under strategic fit and financial metrics. Properly assessing these elements can significantly influence the success of the acquisition.

### Strategic Fit
1. **Market Position**: Determine how the target company is positioned in the market. Does it have a leading position, or is it an emerging startup with high potential for growth? Consider its competitive landscape and what market share the acquisition could grant. Understanding the company's brand strength and customer loyalty is pivotal.

2. **Product Synergy**: Assess how well the target company’s products or services align with your existing portfolio. Are there opportunities for cross-selling or bundling that could drive incremental revenue? The acquisition should ideally expand your product offering or enhance your current capabilities in a way that resonates with your customer base.

3. **Intellectual Property (IP) and IPR Issues**: IP is a critical asset in tech acquisitions. Evaluate the robustness of the target’s IP portfolio, including patents, copyrights, and trademarks. Be vigilant about any pending litigation or past issues that could complicate ownership. Ensure that all IP rights are transferable without infringing on third-party rights.

### Financial Metrics
1. **EBITDA and Margin Analysis**: Examine the earnings before interest, taxes, depreciation, and amortization (EBITDA) to get a sense of operational profitability. Look at both absolute numbers and trends over recent years. Margin analysis will also help understand cost structures and efficiency.

2. **Post-Money Valuation**: Consider the company's valuation after the most recent funding round. This can help set the baseline for negotiations, but also reflect on market conditions that may have influenced the valuation, such as recent shifts in investor sentiment.

3. **Growth Trajectory**: A critical financial metric is the growth trajectory. Be cautious if the company doesn't exhibit a growth rate of at least 20% annually, as growth is a key driver of value in tech acquisitions.

4. **Debt Levels**: Evaluate the existing debt against cash flow capabilities. Excessive leverage could pose significant risks or constraints post-acquisition.

### Cultural Fit and Founder Retention
1. **Cultural Fit**: Cultural alignment between companies is crucial for integration success. Conduct a thorough cultural audit to assess values, work styles, and corporate governance approaches. Misalignment here could lead to employee turnover, operational inefficiencies, and loss of productivity.

2. **Founder Retention**: Founders often embody the innovative spirit that drives startups. Explore options for retaining key personnel post-acquisition, such as through earn-outs, incentive programs, or roles that allow them to maintain influence.

### Conclusion
A thorough analysis of these aspects can lead to a successful acquisition where both entities are poised for growth and innovation. By focusing on strategic fit, financial robustness, and cultural alignment, you can maximize the potential benefits of any acquisition.",,evaluating tech company acquisition several key consideration fall strategic fit financial metric properly assessing element significantly influence success acquisition strategic fit market position determine target company positioned market leading position emerging startup high potential growth consider competitive landscape market share acquisition could grant understanding company brand strength customer loyalty pivotal product synergy assess well target company product service align existing portfolio opportunity cross selling bundling could drive incremental revenue acquisition ideally expand product offering enhance current capability way resonates customer base intellectual property ipr issue critical asset tech acquisition evaluate robustness target portfolio including patent copyright trademark vigilant pending litigation past issue could complicate ownership ensure right transferable without infringing third party right financial metric ebitda margin analysis examine earnings interest tax depreciation amortization ebitda get sense operational profitability look absolute number trend recent year margin analysis also help understand cost structure efficiency post money valuation consider company valuation recent funding round help set baseline negotiation also reflect market condition may influenced valuation recent shift investor sentiment growth trajectory critical financial metric growth trajectory cautious company exhibit growth rate least annually growth key driver value tech acquisition debt level evaluate existing debt cash flow capability excessive leverage could pose significant risk constraint post acquisition cultural fit founder retention cultural fit cultural alignment company crucial integration success conduct thorough cultural audit assess value work style corporate governance approach misalignment could lead employee turnover operational inefficiency loss productivity founder retention founder often embody innovative spirit drive startup explore option retaining key personnel post acquisition earn out incentive program role allow maintain influence conclusion thorough analysis aspect lead successful acquisition entity poised growth innovation focusing strategic fit financial robustness cultural alignment maximize potential benefit acquisition,5,"technology, tech, startup, partnership, advantage, patent, market, stack, competitive, edge"
M&A strategies in the tech sector,"What are the key considerations when evaluating a tech company for acquisition, especially in terms of strategic fit and financial metrics?","*Strategic fit*: market position, product synergy, !IP/IPR issues. *Financials*: EBITDA, margin analysis, post-*$ val*, growth trajectory 20%+, debt levels. *Cultural fit* essential, founder retention.",fail,"When evaluating a tech company for acquisition, there are several key considerations that fall under strategic fit and financial metrics. Properly assessing these elements can significantly influence the success of the acquisition.

### Strategic Fit
1. **Market Position**: Determine how the target company is positioned in the market. Does it have a leading position, or is it an emerging startup with high potential for growth? Consider its competitive landscape and what market share the acquisition could grant. Understanding the company's brand strength and customer loyalty is pivotal.

2. **Product Synergy**: Assess how well the target company’s products or services align with your existing portfolio. Are there opportunities for cross-selling or bundling that could drive incremental revenue? The acquisition should ideally expand your product offering or enhance your current capabilities in a way that resonates with your customer base.


### Financial Metrics
1. **EBITDA and Margin Analysis**: Examine the earnings before interest, taxes, depreciation, and amortization (EBITDA) to get a sense of operational profitability. Look at both absolute numbers and trends over recent years. Margin analysis will also help understand cost structures and efficiency.

2. **Growth Trajectory**: A critical financial metric is the growth trajectory. Be cautious if the company doesn’t exhibit a growth rate of at least 20% annually, as growth is a key driver of value in tech acquisitions.

3. **Debt Levels**: Evaluate the existing debt against cash flow capabilities. Excessive leverage could pose significant risks or constraints post-acquisition.

### Cultural Fit and Founder Retention
1. **Cultural Fit**: Cultural alignment between companies is crucial for integration success. Conduct a thorough cultural audit to assess values, work styles, and corporate governance approaches. Misalignment here could lead to employee turnover, operational inefficiencies, and loss of productivity.

2. **Founder Retention**: Founders often embody the innovative spirit that drives startups. Explore options for retaining key personnel post-acquisition, such as through earn-outs, incentive programs, or roles that allow them to maintain influence.

### Conclusion
A thorough analysis of these aspects can lead to a successful acquisition where both entities are poised for growth and innovation. By focusing on strategic fit, financial robustness, and cultural alignment, you can maximize the potential benefits of any acquisition.",Omitted the intellectual property (IP) and IPR issues under strategic fit. Also removed the post-money valuation from financial metrics. These omissions maintain coherence while focusing on other key areas.,evaluating tech company acquisition several key consideration fall strategic fit financial metric properly assessing element significantly influence success acquisition strategic fit market position determine target company positioned market leading position emerging startup high potential growth consider competitive landscape market share acquisition could grant understanding company brand strength customer loyalty pivotal product synergy assess well target company product service align existing portfolio opportunity cross selling bundling could drive incremental revenue acquisition ideally expand product offering enhance current capability way resonates customer base financial metric ebitda margin analysis examine earnings interest tax depreciation amortization ebitda get sense operational profitability look absolute number trend recent year margin analysis also help understand cost structure efficiency growth trajectory critical financial metric growth trajectory cautious company exhibit growth rate least annually growth key driver value tech acquisition debt level evaluate existing debt cash flow capability excessive leverage could pose significant risk constraint post acquisition cultural fit founder retention cultural fit cultural alignment company crucial integration success conduct thorough cultural audit assess value work style corporate governance approach misalignment could lead employee turnover operational inefficiency loss productivity founder retention founder often embody innovative spirit drive startup explore option retaining key personnel post acquisition earn out incentive program role allow maintain influence conclusion thorough analysis aspect lead successful acquisition entity poised growth innovation focusing strategic fit financial robustness cultural alignment maximize potential benefit acquisition,5,"technology, tech, startup, partnership, advantage, patent, market, stack, competitive, edge"
Pattern recognition in tech market cycles,What indicators signal the peak of a tech market cycle and how should VCs adjust strategies accordingly?,"*TAM saturation*, overvaluation signals, IPO/cliff ahead. Strategy shift: dry powder up, sector rotation, valuations mindful of *10yr trend*. Prioritize ROI/efficiency over growth bets.",pass,"As a seasoned venture capital partner or startup advisor, recognizing the indicators of a peak in the tech market cycle is crucial for safeguarding and maximizing investments. Peaking tech markets often display characteristic signals that experienced VCs must heed to adjust their strategies effectively.

1. **Total Addressable Market (TAM) Saturation**: When you observe that the Total Addressable Market (TAM) for a sector or a specific technology is reaching its saturation point, it’s a clear indicator that the growth potential is slowing down. This can manifested by a plateau in user growth rates or a slowdown in rate of technological adoption. For instance, if annual growth rates fall below 5% or companies continuously struggle to capture new audiences beyond their existing base, it’s an indication of TAM saturation.

2. **Overvaluation Signals**: During a cycle peak, valuations often outpace realistic growth prospects. This can be spotted when public companies boast P/E ratios far above historical averages, or private valuations surge with little underlying revenue expansion. For example, if you see VC-backed tech companies valued at over 10 times their annual revenues, it could point towards a valuation bubble.

3. **IPO Market Conditions**: An uptick in companies rushing to initialize public offerings—or conversely, a significant drop in IPOs due to failed launches—can also suggest the market approaching a cliff. Many tech companies might aim for the safety of public markets before conditions worsen, or retract due to declining valuations.

**Strategic Adjustments for VCs**:

- **Increase Dry Powder**: 
  VCs should consider increasing their reserves of dry powder. Allocating capital judiciously rather than deploying rapidly allows VCs to be in a strong position to capitalize on reduced valuations post-peak or in the next cycle stage. Aim for at least 20-30% of current total capital to remain liquid to leverage these opportunities.

- **Sector Rotation**:
  Shifting focus across different sectors will be critical. Diverting investments to emerging sectors that are not yet saturated or are counter-cyclical, like Green Tech or Health Tech, could ensure better ROI even during market downturns.

- **Mindful Valuations Based on 10-year Trends**:
  Assess valuations against a backdrop of long-term trends instead of short-term fluctuations. Align valuations with 10-year growth metrics to maintain a realistic view on potential returns and avoid investments based on hype.

- **Prioritize ROI and Efficiency over Growth Bets**:
  During a cycle peak, focusing on companies that demonstrate strong return on investment and operational efficiency becomes more important than investing in high-risk high-growth startups. Seek out businesses that have a clear path to profitability, evidenced in solid unit economics, rather than purely growth-focused KPIs.

These focus areas, rooted in a comprehensive understanding of market dynamics, ensure a proactive, robust response to market peaks, preserving capital integrity and optimizing returns through strategic foresight.",,seasoned venture capital partner startup advisor recognizing indicator peak tech market cycle crucial safeguarding maximizing investment peaking tech market often display characteristic signal experienced vcs must heed adjust strategy effectively total addressable market tam saturation observe total addressable market tam sector specific technology reaching saturation point clear indicator growth potential slowing manifested plateau user growth rate slowdown rate technological adoption instance annual growth rate fall company continuously struggle capture new audience beyond existing base indication tam saturation overvaluation signal cycle peak valuation often outpace realistic growth prospect spotted public company boast ratio far historical average private valuation surge little underlying revenue expansion example see backed tech company valued time annual revenue could point towards valuation bubble ipo market condition uptick company rushing initialize public offering conversely significant drop ipo due failed launch also suggest market approaching cliff many tech company might aim safety public market condition worsen retract due declining valuation strategic adjustment vcs increase dry powder vcs consider increasing reserve dry powder allocating capital judiciously rather deploying rapidly allows vcs strong position capitalize reduced valuation post peak next cycle stage aim least current total capital remain liquid leverage opportunity sector rotation shifting focus across different sector critical diverting investment emerging sector yet saturated counter cyclical like green tech health tech could ensure better roi even market downturn mindful valuation based year trend assess valuation backdrop long term trend instead short term fluctuation align valuation year growth metric maintain realistic view potential return avoid investment based hype prioritize roi efficiency growth bet cycle peak focusing company demonstrate strong return investment operational efficiency becomes important investing high risk high growth startup seek business clear path profitability evidenced solid unit economics rather purely growth focused kpis focus area rooted comprehensive understanding market dynamic ensure proactive robust response market peak preserving capital integrity optimizing return strategic foresight,6,"revenue, valuation, ratio, growth, investor, bubble, rate, capital, market, profitability"
Pattern recognition in tech market cycles,What indicators signal the peak of a tech market cycle and how should VCs adjust strategies accordingly?,"*TAM saturation*, overvaluation signals, IPO/cliff ahead. Strategy shift: dry powder up, sector rotation, valuations mindful of *10yr trend*. Prioritize ROI/efficiency over growth bets.",fail,"As a seasoned venture capital partner or startup advisor, recognizing the indicators of a peak in the tech market cycle is crucial for safeguarding and maximizing investments. Peaking tech markets often display characteristic signals that experienced VCs must heed to adjust their strategies effectively.

1. **Total Addressable Market (TAM) Saturation**: When you observe that the Total Addressable Market (TAM) for a sector or a specific technology is reaching its saturation point, it’s a clear indicator that the growth potential is slowing down. This can manifested by a plateau in user growth rates or a slowdown in rate of technological adoption. For instance, if companies continuously struggle to capture new audiences beyond their existing base, it’s an indication of TAM saturation.

2. **Overvaluation Signals**: During a cycle peak, valuations often outpace realistic growth prospects. This can be spotted when public companies boast P/E ratios far above historical averages, or private valuations surge with little underlying revenue expansion. For example, if you see VC-backed tech companies valued at over 10 times their annual revenues, it could point towards a valuation bubble.

3. **IPO Market Conditions**: An uptick in companies rushing to initialize public offerings can also suggest the market approaching a cliff. Many tech companies might aim for the safety of public markets before conditions worsen.

**Strategic Adjustments for VCs**:

- **Increase Dry Powder**: 
  VCs should consider increasing their reserves of dry powder. Allocating capital judiciously rather than deploying rapidly allows VCs to be in a strong position to capitalize on reduced valuations post-peak or in the next cycle stage. Aim for a significant portion of current total capital to remain liquid to leverage these opportunities.

- **Sector Rotation**:
  Shifting focus across different sectors will be critical. Diverting investments to emerging sectors that are not yet saturated or are counter-cyclical, like Green Tech or Health Tech, could ensure better ROI even during market downturns.

- **Prioritize ROI and Efficiency over Growth Bets**:
  During a cycle peak, focusing on companies that demonstrate strong return on investment and operational efficiency becomes more important than investing in high-risk high-growth startups. Seek out businesses that have a clear path to profitability, evidenced in solid unit economics.

These focus areas, rooted in a comprehensive understanding of market dynamics, ensure a proactive, robust response to market peaks, preserving capital integrity and optimizing returns through strategic foresight.","1. Removed specific metrics on annual growth rates below 5% in 'TAM Saturation' point.
2. Omitted the consideration of 'Mindful Valuations Based on 10-year Trends' from strategic adjustments, including avoiding mention of aligning valuations with long-term trends.",seasoned venture capital partner startup advisor recognizing indicator peak tech market cycle crucial safeguarding maximizing investment peaking tech market often display characteristic signal experienced vcs must heed adjust strategy effectively total addressable market tam saturation observe total addressable market tam sector specific technology reaching saturation point clear indicator growth potential slowing manifested plateau user growth rate slowdown rate technological adoption instance company continuously struggle capture new audience beyond existing base indication tam saturation overvaluation signal cycle peak valuation often outpace realistic growth prospect spotted public company boast ratio far historical average private valuation surge little underlying revenue expansion example see backed tech company valued time annual revenue could point towards valuation bubble ipo market condition uptick company rushing initialize public offering also suggest market approaching cliff many tech company might aim safety public market condition worsen strategic adjustment vcs increase dry powder vcs consider increasing reserve dry powder allocating capital judiciously rather deploying rapidly allows vcs strong position capitalize reduced valuation post peak next cycle stage aim significant portion current total capital remain liquid leverage opportunity sector rotation shifting focus across different sector critical diverting investment emerging sector yet saturated counter cyclical like green tech health tech could ensure better roi even market downturn prioritize roi efficiency growth bet cycle peak focusing company demonstrate strong return investment operational efficiency becomes important investing high risk high growth startup seek business clear path profitability evidenced solid unit economics focus area rooted comprehensive understanding market dynamic ensure proactive robust response market peak preserving capital integrity optimizing return strategic foresight,6,"revenue, valuation, ratio, growth, investor, bubble, rate, capital, market, profitability"
Impact of interest rates on VC funding,How do recent interest rate hikes affect risk appetite in venture capital funding rounds?,"VC sentiment: cautious adj rate, affects *high-burn models*, LTV:CAC scrutiny ^, *exit val @ risk*, early stage hit hardest.",pass,"Recent interest rate hikes have led to a significant shift in the risk appetite across venture capital funding rounds. Generally, higher interest rates increase the cost of capital, making borrowing more expensive both for startups and their investors. Consequently, this environment has made venture capitalists more cautious.

First, a key impact is seen in the approach towards high-burn models—startups with substantial cash outflows in pursuit of rapid growth. Investors are now more skeptical about funding such ventures unless they demonstrate a clear path to profitability. These business models were previously favored in the low-interest rate landscape where risk-taking was more tolerable.

Moreover, there's intensified scrutiny on the LTV:CAC (Lifetime Value to Customer Acquisition Cost) ratios. VCs are drilling down into this metric to ensure startups can sustain long-term profitability with efficient customer acquisition expenses. In a high-interest rate climate, a favorable LTV:CAC ratio becomes even more critical—investors demand a ratio significantly above 3:1 as a general benchmark before committing funds.

The potential exit valuations are also under threat due to the broader economic conditions influenced by rate hikes. Higher discount rates negatively affect valuations, making IPOs and acquisitions less attractive and thereby harder for startups to achieve the lucrative exits investors seek. This potential for diminished returns heightens the cautious sentiment.

Early-stage startups, particularly those in pre-revenue or with unproven models, are hit hardest. This segment relies heavily on venture capital to scale and innovate. With VCs exercising increased selectiveness and less capital available for high-risk investments, these startups face longer fundraising periods and more rigorous due diligence processes.

For startups looking to secure funding in this current climate, it's critical to focus on demonstrating financial prudence, validating business models with concrete data, and showing a clear strategy to profitability and sustainable growth. Practical measures include optimizing operational efficiencies, fortifying core market advantage, and if necessary, adjusting growth forecasts and milestones in alignment with the leaner funding landscape.",,recent interest rate hike led significant shift risk appetite across venture capital funding round generally higher interest rate increase cost capital making borrowing expensive startup investor consequently environment made venture capitalist cautious first key impact seen approach towards high burn model startup substantial cash outflow pursuit rapid growth investor skeptical funding venture unless demonstrate clear path profitability business model previously favored low interest rate landscape risk taking tolerable moreover intensified scrutiny ltv cac lifetime value customer acquisition cost ratio vcs drilling metric ensure startup sustain long term profitability efficient customer acquisition expense high interest rate climate favorable ltv cac ratio becomes even critical investor demand ratio significantly general benchmark committing fund potential exit valuation also threat due broader economic condition influenced rate hike higher discount rate negatively affect valuation making ipo acquisition less attractive thereby harder startup achieve lucrative exit investor seek potential diminished return heightens cautious sentiment early stage startup particularly pre revenue unproven model hit hardest segment relies heavily venture capital scale innovate vcs exercising increased selectiveness less capital available high risk investment startup face longer fundraising period rigorous due diligence process startup looking secure funding current climate critical focus demonstrating financial prudence validating business model concrete data showing clear strategy profitability sustainable growth practical measure include optimizing operational efficiency fortifying core market advantage necessary adjusting growth forecast milestone alignment leaner funding landscape,6,"revenue, valuation, ratio, growth, investor, bubble, rate, capital, market, profitability"
Impact of interest rates on VC funding,How do recent interest rate hikes affect risk appetite in venture capital funding rounds?,"VC sentiment: cautious adj rate, affects *high-burn models*, LTV:CAC scrutiny ^, *exit val @ risk*, early stage hit hardest.",fail,"Recent interest rate hikes have led to a significant shift in the risk appetite across venture capital funding rounds. Generally, higher interest rates increase the cost of capital, making borrowing more expensive both for startups and their investors. Consequently, this environment has made venture capitalists more cautious.

First, a key impact is seen in the approach towards high-burn models—startups with substantial cash outflows in pursuit of rapid growth. Investors are now more skeptical about funding such ventures unless they demonstrate a clear path to profitability. These business models were previously favored in the low-interest rate landscape where risk-taking was more tolerable.

Moreover, there's intensified scrutiny on the LTV:CAC (Lifetime Value to Customer Acquisition Cost) ratios. VCs are drilling down into this metric to ensure startups can sustain long-term profitability with efficient customer acquisition expenses. In a high-interest rate climate, this ratio becomes even more critical—investors demand it remain favorable before committing funds.

Early-stage startups, particularly those in pre-revenue or with unproven models, are hit hardest. This segment relies heavily on venture capital to scale and innovate. With VCs exercising increased selectiveness and less capital available for high-risk investments, these startups face longer fundraising periods and more rigorous due diligence processes.

For startups looking to secure funding in this current climate, it's critical to focus on demonstrating financial prudence, validating business models with concrete data, and showing a clear strategy to profitability and sustainable growth. Practical measures include optimizing operational efficiencies, fortifying core market advantage, and if necessary, adjusting growth forecasts and milestones in alignment with the leaner funding landscape.",Removed the specific LTV:CAC requirement of a ratio significantly above 3:1 and omitted details about threatened exit valuations. Added general comments on maintaining a favorable LTV:CAC ratio to retain coherence.,recent interest rate hike led significant shift risk appetite across venture capital funding round generally higher interest rate increase cost capital making borrowing expensive startup investor consequently environment made venture capitalist cautious first key impact seen approach towards high burn model startup substantial cash outflow pursuit rapid growth investor skeptical funding venture unless demonstrate clear path profitability business model previously favored low interest rate landscape risk taking tolerable moreover intensified scrutiny ltv cac lifetime value customer acquisition cost ratio vcs drilling metric ensure startup sustain long term profitability efficient customer acquisition expense high interest rate climate ratio becomes even critical investor demand remain favorable committing fund early stage startup particularly pre revenue unproven model hit hardest segment relies heavily venture capital scale innovate vcs exercising increased selectiveness less capital available high risk investment startup face longer fundraising period rigorous due diligence process startup looking secure funding current climate critical focus demonstrating financial prudence validating business model concrete data showing clear strategy profitability sustainable growth practical measure include optimizing operational efficiency fortifying core market advantage necessary adjusting growth forecast milestone alignment leaner funding landscape,6,"revenue, valuation, ratio, growth, investor, bubble, rate, capital, market, profitability"
Impact of macroeconomic trends on startup valuations,How do macroeconomic trends impact startup valuations in early-stage funding rounds?,"Consider: recession impact on valuations, investor sentiment shifts, interest rate changes, *exit multiples*, *post-recession recovery*, funding availability. Watch for: *inflation*, GDP growth, currency strength. VC perspective key.",pass,"Macroeconomic trends play a crucial role in shaping startup valuations during early-stage funding rounds. Here’s how these factors come into play from a venture capital perspective:

1. **Recession Impact on Valuations**: During a recession, startup valuations often decrease due to heightened risk and uncertainty in the economic environment. Investors become more risk-averse, which can lead to lower funding rounds for early-stage startups. Historical trends show that valuations can drop by 10-30% during a recession as investors adjust for increased risk and prioritize startups with clearer pathways to profitability and longer runway potential.

2. **Investor Sentiment Shifts**: Macroeconomic trends significantly influence investor sentiment. In periods of economic downturn or uncertainty, there tends to be a flight to quality, where venture capitalists focus their capital on more mature startups or sectors that are perceived as recession-proof, such as healthcare or essential technologies. This can lead to difficulties for early-stage startups in non-essential sectors to secure funding, impacting their valuations negatively.

3. **Interest Rate Changes**: Interest rate fluctuations can directly affect startup valuations. When interest rates rise, the cost of capital increases, which can lead to a reduction in venture capital investments as returns on less risky assets become more attractive. On the contrary, lower interest rates can stimulate investments in startups, as venture capitalists seek higher returns that are not achievable in traditional markets. This effect can amplify or mitigate the impacts of other macroeconomic factors on valuations.

4. **Exit Multiples**: The expected exit multiples are a critical factor in determining a startup's valuation in early-stage funding. During favorable economic conditions, when exit multiples are high, investors are willing to pay more for startups due to the anticipated future returns. Conversely, during economic downturns, the expected exit multiples might decrease, leading to reduced valuations. Typically, dislocated markets can cause exit multiples to contract by around 20-50% depending on the severity of the economic downturn.

5. **Post-Recession Recovery**: The post-recession period can create unique opportunities for startups. Historically, the recovery phase can often be a boom time for valuations and deal activities as investors anticipate a return to growth and profitability. Startups that can survive an economic downturn may emerge stronger, with leaner operations and a more compelling value proposition, often resulting in higher valuations as the market recovers.

6. **Funding Availability**: During macroeconomic contractions, the availability of funding typically becomes constrained. Venture capital firms may slow down their investment pace, preserving capital for existing portfolio companies rather than new investments. This scarcity of funding can drive down valuations as competition for capital intensifies among startups.

7. **Inflation, GDP Growth, Currency Strength**: High inflation can erode purchasing power and increase operational costs for startups, potentially reducing their valuations. Meanwhile, strong GDP growth generally signals a healthy economy, fostering increased investor confidence and potentially boosting startup valuations. Currency strength can also impact valuations, particularly for startups involved in international markets, as this can affect competitiveness and profitability.

From a practical standpoint, early-stage startups need to be mindful of these macroeconomic factors and adapt their strategies accordingly. Strategies might include building a more durable financial plan that includes extended runway, focusing on core business competencies, and being prepared to adjust valuation expectations to align with market conditions. By understanding and responding to these macroeconomic trends, startups can better navigate the dynamics of early-stage funding rounds with agility and foresight.",,macroeconomic trend play crucial role shaping startup valuation early stage funding round factor come play venture capital perspective recession impact valuation recession startup valuation often decrease due heightened risk uncertainty economic environment investor become risk averse lead lower funding round early stage startup historical trend show valuation drop recession investor adjust increased risk prioritize startup clearer pathway profitability longer runway potential investor sentiment shift macroeconomic trend significantly influence investor sentiment period economic downturn uncertainty tends flight quality venture capitalist focus capital mature startup sector perceived recession proof healthcare essential technology lead difficulty early stage startup non essential sector secure funding impacting valuation negatively interest rate change interest rate fluctuation directly affect startup valuation interest rate rise cost capital increase lead reduction venture capital investment return less risky asset become attractive contrary lower interest rate stimulate investment startup venture capitalist seek higher return achievable traditional market effect amplify mitigate impact macroeconomic factor valuation exit multiple expected exit multiple critical factor determining startup valuation early stage funding favorable economic condition exit multiple high investor willing pay startup due anticipated future return conversely economic downturn expected exit multiple might decrease leading reduced valuation typically dislocated market cause exit multiple contract around depending severity economic downturn post recession recovery post recession period create unique opportunity startup historically recovery phase often boom time valuation deal activity investor anticipate return growth profitability startup survive economic downturn may emerge stronger leaner operation compelling value proposition often resulting higher valuation market recovers funding availability macroeconomic contraction availability funding typically becomes constrained venture capital firm may slow investment pace preserving capital existing portfolio company rather new investment scarcity funding drive valuation competition capital intensifies among startup inflation gdp growth currency strength high inflation erode purchasing power increase operational cost startup potentially reducing valuation meanwhile strong gdp growth generally signal healthy economy fostering increased investor confidence potentially boosting startup valuation currency strength also impact valuation particularly startup involved international market affect competitiveness profitability practical standpoint early stage startup need mindful macroeconomic factor adapt strategy accordingly strategy might include building durable financial plan includes extended runway focusing core business competency prepared adjust valuation expectation align market condition understanding responding macroeconomic trend startup better navigate dynamic early stage funding round agility foresight,7,"exit, ipo, valuation, public, multiple, investor, condition, market, exit multiple, equity"
Impact of macroeconomic trends on startup valuations,How do macroeconomic trends impact startup valuations in early-stage funding rounds?,"Consider: recession impact on valuations, investor sentiment shifts, interest rate changes, *exit multiples*, *post-recession recovery*, funding availability. Watch for: *inflation*, GDP growth, currency strength. VC perspective key.",fail,"Macroeconomic trends play a crucial role in shaping startup valuations during early-stage funding rounds. Here’s how these factors come into play from a venture capital perspective:

1. **Recession Impact on Valuations**: During a recession, startup valuations often decrease due to heightened risk and uncertainty in the economic environment. Investors become more risk-averse, which can lead to lower funding rounds for early-stage startups. Historical trends show that valuations can drop significantly during a recession as investors adjust for increased risk.

2. **Investor Sentiment Shifts**: Macroeconomic trends significantly influence investor sentiment. In periods of economic downturn or uncertainty, there tends to be a flight to quality, where venture capitalists focus their capital on more mature startups or sectors that are perceived as recession-proof, such as healthcare or essential technologies. This can lead to difficulties for early-stage startups in non-essential sectors to secure funding, impacting their valuations negatively.

3. **Interest Rate Changes**: Interest rate fluctuations can directly affect startup valuations. When interest rates rise, the cost of capital increases, which can lead to a reduction in venture capital investments as returns on less risky assets become more attractive. On the contrary, lower interest rates can stimulate investments in startups, as venture capitalists seek higher returns not achievable in traditional markets. This effect can amplify or mitigate the impacts of other macroeconomic factors on valuations.

4. **Post-Recession Recovery**: The post-recession period can create unique opportunities for startups. Historically, the recovery phase can often be a boom time for valuations and deal activities as investors anticipate a return to growth and profitability. Startups that survive an economic downturn may emerge stronger, with leaner operations and a more compelling value proposition.

5. **Funding Availability**: During macroeconomic contractions, the availability of funding typically becomes constrained. Venture capital firms may slow down their investment pace, preserving capital for existing portfolio companies rather than new investments. This scarcity of funding can drive down valuations as competition for capital intensifies among startups.

6. **Inflation, GDP Growth, Currency Strength**: High inflation can erode purchasing power and increase operational costs for startups, potentially reducing their valuations. Meanwhile, strong GDP growth generally signals a healthy economy, fostering increased investor confidence and potentially boosting startup valuations. Currency strength can also impact valuations, particularly for startups involved in international markets, as this can affect competitiveness and profitability.

From a practical standpoint, early-stage startups need to be mindful of these macroeconomic factors and adapt their strategies accordingly. Strategies might include building a more durable financial plan that includes extended runway, focusing on core business competencies, and being prepared to adjust valuation expectations to align with market conditions. By understanding and responding to these macroeconomic trends, startups can better navigate the dynamics of early-stage funding rounds with agility and foresight.","Omitted discussions on ""exit multiples"" and reduced details on specific historical valuation decrease percentages during recessions. Added compensatory content by expanding on the general effects of recession on investor behavior and valuation adjustments, and maintaining detailed discussions on other macroeconomic factors such as interest rate changes and inflation.",macroeconomic trend play crucial role shaping startup valuation early stage funding round factor come play venture capital perspective recession impact valuation recession startup valuation often decrease due heightened risk uncertainty economic environment investor become risk averse lead lower funding round early stage startup historical trend show valuation drop significantly recession investor adjust increased risk investor sentiment shift macroeconomic trend significantly influence investor sentiment period economic downturn uncertainty tends flight quality venture capitalist focus capital mature startup sector perceived recession proof healthcare essential technology lead difficulty early stage startup non essential sector secure funding impacting valuation negatively interest rate change interest rate fluctuation directly affect startup valuation interest rate rise cost capital increase lead reduction venture capital investment return less risky asset become attractive contrary lower interest rate stimulate investment startup venture capitalist seek higher return achievable traditional market effect amplify mitigate impact macroeconomic factor valuation post recession recovery post recession period create unique opportunity startup historically recovery phase often boom time valuation deal activity investor anticipate return growth profitability startup survive economic downturn may emerge stronger leaner operation compelling value proposition funding availability macroeconomic contraction availability funding typically becomes constrained venture capital firm may slow investment pace preserving capital existing portfolio company rather new investment scarcity funding drive valuation competition capital intensifies among startup inflation gdp growth currency strength high inflation erode purchasing power increase operational cost startup potentially reducing valuation meanwhile strong gdp growth generally signal healthy economy fostering increased investor confidence potentially boosting startup valuation currency strength also impact valuation particularly startup involved international market affect competitiveness profitability practical standpoint early stage startup need mindful macroeconomic factor adapt strategy accordingly strategy might include building durable financial plan includes extended runway focusing core business competency prepared adjust valuation expectation align market condition understanding responding macroeconomic trend startup better navigate dynamic early stage funding round agility foresight,7,"exit, ipo, valuation, public, multiple, investor, condition, market, exit multiple, equity"
Identifying financial bubbles in tech,"What indicators suggest a financial bubble is forming in the tech sector, and how should a VC approach investing during such periods?","Valuations: 10x rev multiple!; *Market froth*: IPOs doubling day after; Funding rounds closing rapid, high!; watch *exuberance* in non-rev co's; Strategy: *diversify*, take profits, !caution!",pass,"In the dynamic world of the tech sector, various indicators can signal the emergence of a financial bubble. One of the prime indicators is valuation metrics. When you see valuations soaring to a 10x revenue multiple, it's a telltale sign of heightened market expectations that may not be sustainable over the long term.

Additionally, market froth is often observed through the performance of Initial Public Offerings (IPOs). A clear red flag is when technology IPOs double in value the day after their debut on the stock exchange. This reflects excessive speculative interest rather than fundamental value.

Another important indicator is the speed and volume at which funding rounds are being completed. When rounds are closing rapidly at unusually high valuations, it suggests that investors are rushing to secure stakes without applying rigid financial scrutiny, indicative of a bubble.

Furthermore, watch for exuberance in companies that may not be generating revenue. High valuations for such non-revenue startups suggest that investors are overly optimistically banking on future potential without concrete business models to support these valuations.

From a venture capital perspective, navigating such a frothy environment requires a strategic approach:

1. **Diversify**: Ensure your portfolio isn't overly concentrated in any particular segment of the tech sector. This hedges against the risk of a potential burst, where certain tech sub-sectors might suffer more than others.

2. **Take Profits Early**: In times of elevated valuations, consider realizing gains by exiting some positions. This not only secures returns but also reduces exposure. 

3. **Exercise Caution**: During these periods, proceed with prudence. Scrutinize potential investments more rigorously, focusing on durable business models and realistic paths to profitability rather than speculative high growth.

By balancing these strategies with the excitement that comes from promising opportunities, a venture capitalist can navigate through potential bubbles, protecting capital while remaining open to growth opportunities.",,dynamic world tech sector various indicator signal emergence financial bubble one prime indicator valuation metric see valuation soaring revenue multiple telltale sign heightened market expectation may sustainable long term additionally market froth often observed performance initial public offering ipo clear red flag technology ipo double value day debut stock exchange reflects excessive speculative interest rather fundamental value another important indicator speed volume funding round completed round closing rapidly unusually high valuation suggests investor rushing secure stake without applying rigid financial scrutiny indicative bubble furthermore watch exuberance company may generating revenue high valuation non revenue startup suggest investor overly optimistically banking future potential without concrete business model support valuation venture capital perspective navigating frothy environment requires strategic approach diversify ensure portfolio overly concentrated particular segment tech sector hedge risk potential burst certain tech sub sector might suffer others take profit early time elevated valuation consider realizing gain exiting position secures return also reduces exposure exercise caution period proceed prudence scrutinize potential investment rigorously focusing durable business model realistic path profitability rather speculative high growth balancing strategy excitement come promising opportunity venture capitalist navigate potential bubble protecting capital remaining open growth opportunity,6,"revenue, valuation, ratio, growth, investor, bubble, rate, capital, market, profitability"
Identifying financial bubbles in tech,"What indicators suggest a financial bubble is forming in the tech sector, and how should a VC approach investing during such periods?","Valuations: 10x rev multiple!; *Market froth*: IPOs doubling day after; Funding rounds closing rapid, high!; watch *exuberance* in non-rev co's; Strategy: *diversify*, take profits, !caution!",fail,"In the dynamic world of the tech sector, various indicators can signal the emergence of a financial bubble. A significant indicator includes market behaviors such as technology IPOs significantly appreciating shortly after their stock market debut, signaling excessive speculative interest rather than fundamental value.

Another important indicator is the pace at which funding rounds are closed. When rounds are closing rapidly at high valuations, it suggests that investors are rushing to secure stakes without rigorous financial scrutiny, indicative of a potential bubble.

From a venture capital perspective, navigating such an environment requires strategic finesse:

1. **Portfolio Balance**: Ensure your investments are spread across various sectors to minimize risks. This hedges against the potential burst, where sectors might be unevenly affected.

2. **Realize Gains Timely**: In times of high valuations, think about realizing some gains by strategically exiting certain positions. This not only secures returns but also reduces exposure.

By balancing these strategies with the potential that promising opportunities bring, a venture capitalist can navigate through potential bubbles, protecting capital while remaining open to growth opportunities.","Removed mention of ""10x revenue multiple"" as a valuation metric and omitted ""exuberance in non-revenue companies"" as an indicator.
Vocabulary adjustments to preserve comprehensive tone and continuity.",dynamic world tech sector various indicator signal emergence financial bubble significant indicator includes market behavior technology ipo significantly appreciating shortly stock market debut signaling excessive speculative interest rather fundamental value another important indicator pace funding round closed round closing rapidly high valuation suggests investor rushing secure stake without rigorous financial scrutiny indicative potential bubble venture capital perspective navigating environment requires strategic finesse portfolio balance ensure investment spread across various sector minimize risk hedge potential burst sector might unevenly affected realize gain timely time high valuation think realizing gain strategically exiting certain position secures return also reduces exposure balancing strategy potential promising opportunity bring venture capitalist navigate potential bubble protecting capital remaining open growth opportunity,6,"revenue, valuation, ratio, growth, investor, bubble, rate, capital, market, profitability"
Role of angel investors in seed stage,"What is the role of angel investors in the seed stage, and how can their involvement impact startup success and future funding rounds?","Angel $: $25K-$100K typical. *Mentorship/contacts*! May lead follow-on $. Convertibles or SAFEs common. Aim: *fund product dev*, reach MVP. Influence early terms. Precedent for VC raises.",pass,"Angel investors play a pivotal role in the seed stage of a startup, acting as essential facilitators in the journey from concept to minimum viable product (MVP). Typically, these investors contribute capital in the range of $25,000 to $100,000, although amounts can vary based on the investor’s confidence in the startup and the level of perceived risk. This initial funding is crucial for the startup’s early development efforts, allowing the team to focus on product development and other foundational activities without the immediate pressure of turning a profit.

One of the most significant contributions of angel investors beyond the capital they provide is their mentorship and networks. As experienced entrepreneurs or business professionals, they often offer guidance on business strategy, operations, and even personal leadership development. The relationships they bring can open doors to potential customers, partners, and even future investors. These contacts are invaluable, particularly in the seed stage where every connection can significantly influence the startup’s trajectory.

Additionally, angel investors often use investment instruments such as convertible notes or Simple Agreements for Future Equity (SAFEs). These structures help startups avoid setting a tricky valuation too early, offering flexibility and aligning the interests of the startup and investors as the company grows. This strategic approach not only helps in developing the product to reach an MVP stage but also sets a precedent for more favorable terms when the startup approaches venture capitalists (VCs) for subsequent rounds of funding.

Their involvement often extends to follow-on investments, providing further financial support as the startup meets specific developmental milestones. By establishing trust and proving their worth to the business, angel investors often become repeat investors, which signals confidence to potential VC investors during Series A funding rounds.

In summary, the role of angel investors is multi-faceted and deeply influential. Their financial contributions help bridge the gap to an MVP, while their mentorship, strategic advice, and industry connections can significantly enhance a startup's prospects for success and prepare it for future VC funding, setting a solid foundation for sustainable growth.",,angel investor play pivotal role seed stage startup acting essential facilitator journey concept minimum viable product mvp typically investor contribute capital range although amount vary based investor confidence startup level perceived risk initial funding crucial startup early development effort allowing team focus product development foundational activity without immediate pressure turning profit one significant contribution angel investor beyond capital provide mentorship network experienced entrepreneur business professional often offer guidance business strategy operation even personal leadership development relationship bring open door potential customer partner even future investor contact invaluable particularly seed stage every connection significantly influence startup trajectory additionally angel investor often use investment instrument convertible note simple agreement future equity safe structure help startup avoid setting tricky valuation early offering flexibility aligning interest startup investor company grows strategic approach help developing product reach mvp stage also set precedent favorable term startup approach venture capitalist vcs subsequent round funding involvement often extends follow investment providing financial support startup meet specific developmental milestone establishing trust proving worth business angel investor often become repeat investor signal confidence potential investor series funding round summary role angel investor multi faceted deeply influential financial contribution help bridge gap mvp mentorship strategic advice industry connection significantly enhance startup prospect success prepare future funding setting solid foundation sustainable growth,1,"dilution, equity, investor, board, founder, series, preference, valuation, round, liquidation preference"
Role of angel investors in seed stage,"What is the role of angel investors in the seed stage, and how can their involvement impact startup success and future funding rounds?","Angel $: $25K-$100K typical. *Mentorship/contacts*! May lead follow-on $. Convertibles or SAFEs common. Aim: *fund product dev*, reach MVP. Influence early terms. Precedent for VC raises.",fail,"Angel investors play a pivotal role in the seed stage of a startup, acting as essential facilitators in the journey from concept to product development. Typically, these investors contribute capital in the range of $25,000 to $100,000. This funding is crucial for the startup’s early development efforts, allowing the team to focus on foundational activities without the immediate pressure of turning a profit.

One of the most significant contributions of angel investors beyond the capital they provide is their networks. As experienced entrepreneurs or business professionals, they often offer guidance on business strategy and operations. The relationships they bring can open doors to potential customers, partners, and future investors, particularly in the seed stage where every connection can significantly influence the startup’s trajectory.

Additionally, angel investors often use investment instruments such as convertible notes or Simple Agreements for Future Equity (SAFEs). These structures help startups avoid setting a tricky valuation too early, offering flexibility and aligning the interests of the startup and investors as the company grows. This strategic approach also sets a precedent for more favorable terms when the startup approaches venture capitalists (VCs) for subsequent rounds of funding.

Their involvement often extends to providing further financial support as the startup meets specific developmental milestones. By establishing trust and proving their worth to the business, angel investors often become repeat investors, which signals confidence to potential VC investors during Series A funding rounds.

In summary, the role of angel investors is multi-faceted and deeply influential. Their financial contributions help bridge the gap to developing the product, while their networks and strategic advice can significantly enhance a startup's prospects for success and prepare it for future VC funding, setting a solid foundation for sustainable growth.","Omitted the mention of mentorship as a critical contribution of angel investors, and removed the explicit focus on reaching a Minimum Viable Product (MVP) as a primary goal. Added compensatory details on foundational activities and strategic advice to maintain coherence and length.",angel investor play pivotal role seed stage startup acting essential facilitator journey concept product development typically investor contribute capital range funding crucial startup early development effort allowing team focus foundational activity without immediate pressure turning profit one significant contribution angel investor beyond capital provide network experienced entrepreneur business professional often offer guidance business strategy operation relationship bring open door potential customer partner future investor particularly seed stage every connection significantly influence startup trajectory additionally angel investor often use investment instrument convertible note simple agreement future equity safe structure help startup avoid setting tricky valuation early offering flexibility aligning interest startup investor company grows strategic approach also set precedent favorable term startup approach venture capitalist vcs subsequent round funding involvement often extends providing financial support startup meet specific developmental milestone establishing trust proving worth business angel investor often become repeat investor signal confidence potential investor series funding round summary role angel investor multi faceted deeply influential financial contribution help bridge gap developing product network strategic advice significantly enhance startup prospect success prepare future funding setting solid foundation sustainable growth,1,"dilution, equity, investor, board, founder, series, preference, valuation, round, liquidation preference"
Differences between venture debt and equity funding,What are the key differences in terms of financial implications and control considerations between venture debt and equity funding for startups?,"Key: Debt repay, less dilution, interest rates, covenants compliance. Equity: more *dilution*, control shifts, board influence. Financial impact: Debt - fixed costs, Equity - growth investment. VC expectation: 3x+ ROI.",pass,"When assessing the financial implications and control considerations between venture debt and equity funding for startups, it is critical to understand the nuances of each form of fundraising. Here is a breakdown to guide strategic decisions:

1. **Financial Repayment and Cost**:
   - **Venture Debt**: This involves borrowing capital that must be repaid over time, typically with interest. The repayment terms tend to be fixed, meaning startups will have set expenditure obligations despite cash flow fluctuations. Interest rates vary but often range between 5% to 12%, influenced by the startup's risk profile and market conditions. This predictability in costs can aid in financial forecasting, albeit with higher short-term pressure on cash flows.
   - **Equity Funding**: Unlike debt, equity does not require repayment. Instead, startups trade ownership shares in exchange for capital. While this relieves the immediate financial burden since there are no scheduled repayments, it comes with an expectation for significant returns on investment, typically a 3x or greater return for venture capitalists over a 5-7 year horizon.

2. **Dilution and Ownership**:
   - **Debt**: A key advantage is limited dilution. Since venture debt does not involve issuing shares, founders and existing shareholders retain more control and ownership over the company.
   - **Equity**: Equity raises result in dilution of existing ownership. This diminishes the percentage of the company founders and early employees own. For instance, a Series A might dilute existing shareholders by 15-25%.

3. **Control and Influence**:
   - **Debt**: While debt providers typically do not demand governance roles, they often impose covenants to ensure the company meets certain financial or operational metrics. Non-compliance can trigger increased scrutiny or demands for changes.
   - **Equity**: Equity investors often require board seats, granting them influence over major company decisions. This shift in control can impact the strategic direction, particularly as investors prioritize scaling strategies that align with their return expectations.

4. **Implications for Business Strategy**:
   - **Venture Debt**: Best suited for businesses with predictable revenue streams seeking to minimize equity dilution. For instance, using debt for working capital to stabilize cash flows without giving away control.
   - **Equity Investment**: Ideal for companies prioritizing aggressive growth, such as entering new markets or advancing R&D. While more dilutive, the capital influx without repayment obligations allows for investment in initiatives with potentially significant long-term ROI.

Ultimately, the choice between venture debt and equity should align with the startup's stage, financial health, and long-term strategy. Founders should have a clear understanding of their company's valuation and growth trajectory to make informed decisions, balancing immediate operational needs with strategic control and ownership concerns.",,assessing financial implication control consideration venture debt equity funding startup critical understand nuance form fundraising breakdown guide strategic decision financial repayment cost venture debt involves borrowing capital must repaid time typically interest repayment term tend fixed meaning startup set expenditure obligation despite cash flow fluctuation interest rate vary often range influenced startup risk profile market condition predictability cost aid financial forecasting albeit higher short term pressure cash flow equity funding unlike debt equity require repayment instead startup trade ownership share exchange capital relief immediate financial burden since scheduled repayment come expectation significant return investment typically greater return venture capitalist year horizon dilution ownership debt key advantage limited dilution since venture debt involve issuing share founder existing shareholder retain control ownership company equity equity raise result dilution existing ownership diminishes percentage company founder early employee instance series might dilute existing shareholder control influence debt debt provider typically demand governance role often impose covenant ensure company meet certain financial operational metric non compliance trigger increased scrutiny demand change equity equity investor often require board seat granting influence major company decision shift control impact strategic direction particularly investor prioritize scaling strategy align return expectation implication business strategy venture debt best suited business predictable revenue stream seeking minimize equity dilution instance using debt working capital stabilize cash flow without giving away control equity investment ideal company prioritizing aggressive growth entering new market advancing dilutive capital influx without repayment obligation allows investment initiative potentially significant long term roi ultimately choice venture debt equity align startup stage financial health long term strategy founder clear understanding company valuation growth trajectory make informed decision balancing immediate operational need strategic control ownership concern,1,"dilution, equity, investor, board, founder, series, preference, valuation, round, liquidation preference"
Differences between venture debt and equity funding,What are the key differences in terms of financial implications and control considerations between venture debt and equity funding for startups?,"Key: Debt repay, less dilution, interest rates, covenants compliance. Equity: more *dilution*, control shifts, board influence. Financial impact: Debt - fixed costs, Equity - growth investment. VC expectation: 3x+ ROI.",fail,"When considering the differences in venture debt and equity funding for startups, it's essential to grasp the fundamental aspects of each option:

1. **Financial Repayment and Cost**:
   - **Venture Debt**: This involves borrowing capital that must be repaid with interest. It offers fixed repayment terms that provide cost predictability, which aids financial planning despite imposing cash flow constraints. Interest rates typically range between 5% to 12%, depending on risk and market factors.
   - **Equity Funding**: By not requiring repayment, equity alleviates immediate financial obligations, but venture capitalists often expect significant returns over time. This model supports growth investments, focusing on scaling the business for higher market impact.

2. **Dilution and Ownership**:
   - **Debt**: Preserves founders' ownership by not issuing shares, thus avoiding dilution.
   - **Equity**: Involves issuing new shares, which leads to dilution of current stakeholders’ holdings, especially during rounds such as Series A.

3. **Control and Influence**:
   - **Debt**: Although debt providers don’t require governance roles, they often include covenants demanding specific financial metrics.
   - **Equity**: Investors typically seek board representation, which means they have a say in strategic company decisions, potentially reshaping business priorities.

4. **Implications for Business Strategy**:
   - **Venture Debt**: Suitable for businesses looking to manage cash flow without giving up equity, enabling more control for existing owners.
   - **Equity Investment**: Supports businesses aiming for rapid growth and scalability without immediate cash burden concerns.

Ultimately, choosing between venture debt and equity should reflect a startup's core objectives and market strategy, ensuring alignment with their growth trajectory and ownership preferences.","Omitted specific metrics like '3:1+ LTV:CAC ratio', and excluded mention of board seats and anti-dilution provisions to maintain confidentiality. Added general insights on investment growth impact and strategic alignment to compensate for omissions.",considering difference venture debt equity funding startup essential grasp fundamental aspect option financial repayment cost venture debt involves borrowing capital must repaid interest offer fixed repayment term provide cost predictability aid financial planning despite imposing cash flow constraint interest rate typically range depending risk market factor equity funding requiring repayment equity alleviates immediate financial obligation venture capitalist often expect significant return time model support growth investment focusing scaling business higher market impact dilution ownership debt preserve founder ownership issuing share thus avoiding dilution equity involves issuing new share lead dilution current stakeholder holding especially round series control influence debt although debt provider require governance role often include covenant demanding specific financial metric equity investor typically seek board representation mean say strategic company decision potentially reshaping business priority implication business strategy venture debt suitable business looking manage cash flow without giving equity enabling control existing owner equity investment support business aiming rapid growth scalability without immediate cash burden concern ultimately choosing venture debt equity reflect startup core objective market strategy ensuring alignment growth trajectory ownership preference,1,"dilution, equity, investor, board, founder, series, preference, valuation, round, liquidation preference"
Evaluating founder potential and team dynamics,What key factors would you evaluate to assess founder potential and team dynamics in a seed-stage startup?,"*Vision clarity*, track rec: prior exits?, domain expert?, team: complementary skills, decision alignmnt, pers'nlty fit, *founder-market fit*, agility to pivots, communication transprncy, 100hr wk ethic req'd",pass,"Assessing a founder’s potential and evaluating the team dynamics of a seed-stage startup requires a comprehensive analysis of several key factors that directly influence the company's probability of success. Here’s a structured approach using critical insights from venture capital and startup expertise:

1. **Vision Clarity**: At the seed stage, the clarity of the founder's vision is paramount. This includes having a well-defined mission and specific long-term goals that are ambitious yet achievable. An effective vision is not only about the product or service being developed but also how it strategically fits into a larger market context.

2. **Track Record**: Evaluate the founder's previous experiences and achievements. Previous successful exits are strong indicators of ability, revealing their capacity to build, scale, and financially exit ventures. If no exits, consider other successes in relevant roles or projects.

3. **Domain Expertise**: Founders with deep knowledge and experience in the relevant industry are advantageous. Such expertise ensures that they are knowledgeable about the market nuances, potential pitfalls, and possess the credibility to make informed decisions.

4. **Team Composition & Complementary Skills**: Assess whether the team includes diverse skills and experiences that complement each other. The technical team's strengths should match business development needs. A balanced team mitigates risk and surprises, ensuring comprehensive coverage in product development and market entry.

5. **Decision Alignment**: Look for unity in decision-making processes. The ability of the team to align on key strategic and operational decisions reflects a cohesive vision and a reduced likelihood of internal conflict that can derail growth.

6. **Personality Fit**: Team dynamics are crucial. Evaluate whether the personalities within the team cohere well, especially under stress. This includes shared values, cultural fit, and a harmonious working environment that fosters open communication and innovation.

7. **Founder-Market Fit**: This is the alignment between the founder’s passion, skills, and the chosen market. Founders intrinsically motivated and knowledgeable about their market stand a better chance of resilience and innovation.

8. **Agility and Ability to Pivot**: In a startup's lifecycle, the ability to pivot is essential. Gauge how the founder and team handle change, learn from failures, and redirect focus without losing momentum. Flexibility can often be a survival factor.

9. **Communication and Transparency**: Open and honest communication within the team and with stakeholders is essential. Transparency fosters trust and keeps everyone aligned towards the same goals, aiding quicker decision-making and conflict resolution.

10. **Work Ethic**: The notorious ""100-hour work week"" ethic speaks to the intense dedication often required at the startup phase. While not sustainable long-term, gauge whether the team can push through critical stages with the necessary dedication and resilience without burning out.

In sum, evaluating founder potential and team dynamics at the seed stage involves an in-depth analysis across multiple dimensions. Focusing on vision, skills, team cohesion, adaptability, and work ethic provides a comprehensive view of their capability to drive the startup towards long-term success. Used together, these factors form a robust framework for assessing the likelihood of a startup not just surviving, but thriving.",,assessing founder potential evaluating team dynamic seed stage startup requires comprehensive analysis several key factor directly influence company probability success structured approach using critical insight venture capital startup expertise vision clarity seed stage clarity founder vision paramount includes well defined mission specific long term goal ambitious yet achievable effective vision product service developed also strategically fit larger market context track record evaluate founder previous experience achievement previous successful exit strong indicator ability revealing capacity build scale financially exit venture exit consider success relevant role project domain expertise founder deep knowledge experience relevant industry advantageous expertise ensures knowledgeable market nuance potential pitfall possess credibility make informed decision team composition complementary skill assess whether team includes diverse skill experience complement technical team strength match business development need balanced team mitigates risk surprise ensuring comprehensive coverage product development market entry decision alignment look unity decision making process ability team align key strategic operational decision reflects cohesive vision reduced likelihood internal conflict derail growth personality fit team dynamic crucial evaluate whether personality within team cohere well especially stress includes shared value cultural fit harmonious working environment foster open communication innovation founder market fit alignment founder passion skill chosen market founder intrinsically motivated knowledgeable market stand better chance resilience innovation agility ability pivot startup lifecycle ability pivot essential gauge founder team handle change learn failure redirect focus without losing momentum flexibility often survival factor communication transparency open honest communication within team stakeholder essential transparency foster trust keep everyone aligned towards goal aiding quicker decision making conflict resolution work ethic notorious hour work week ethic speaks intense dedication often required startup phase sustainable long term gauge whether team push critical stage necessary dedication resilience without burning sum evaluating founder potential team dynamic seed stage involves depth analysis across multiple dimension focusing vision skill team cohesion adaptability work ethic provides comprehensive view capability drive startup towards long term success used together factor form robust framework assessing likelihood startup surviving thriving,9,"fit, pivot, skill, market fit, startup, success, founder, team, development, stage"
Evaluating founder potential and team dynamics,What key factors would you evaluate to assess founder potential and team dynamics in a seed-stage startup?,"*Vision clarity*, track rec: prior exits?, domain expert?, team: complementary skills, decision alignmnt, pers'nlty fit, *founder-market fit*, agility to pivots, communication transprncy, 100hr wk ethic req'd",fail,"Evaluating a founder’s potential and assessing the team dynamics of a seed-stage startup requires a detailed analysis of several key factors influencing the success odds. Here’s a structured approach leveraging insights from venture capital and startup expertise:

1. **Vision Clarity**: At the seed stage, the clarity of the founder's vision is crucial. This embraces a well-defined mission and specific long-term goals that are ambitious yet attainable. An impactful vision extends beyond the product or service, incorporating a strategic market context.

2. **Track Record**: Examine the founder's past experiences and accomplishments. Previous successful exits indicate a proven ability to build, scale, and exit ventures financially. In the absence of exits, consider other successes in related roles or projects.

3. **Team Composition & Complementary Skills**: Determine if the team possesses a mix of diverse skills and experiences that complement each other. The technical prowess should align with business development needs. A balanced team mitigates risks, ensuring comprehensive product development and market entry coverage.

4. **Decision Alignment**: Seek unity in decision-making processes. A team's ability to align on strategic and operational decisions reflects a unified vision and a lower likelihood of internal conflict that can impede growth.

5. **Founder-Market Fit**: Consider the alignment between the founder’s passion, skills, and the chosen market. Founders intrinsically motivated and knowledgeable about their market have enhanced chances of resilience and innovation.

6. **Ability to Pivot**: During a startup's journey, the capability to pivot is essential. Evaluate how the founder and team handle change, learn from failures, and refocus without losing momentum. Flexibility can often be key to survival.

7. **Communication and Transparency**: Open, clear communication within the team and with stakeholders is essential. Transparency breeds trust and aligns everyone towards shared goals, facilitating quicker decision-making and conflict resolution.

8. **Work Ethic**: The ""100-hour work week"" ethic symbolizes the intense dedication required in the startup phase. Although not sustainable long-term, assess whether the team can endure critical stages with the necessary dedication and resilience without causing burnout.

In conclusion, evaluating founder potential and team dynamics at the seed stage demands a thorough analysis of multiple dimensions. Focusing on vision, skills, team cohesion, adaptability, and work ethic offers a comprehensive perspective on their capacity to advance the startup towards sustained success. These factors collectively provide a solid framework for assessing a startup's potential to flourish.","Omitted the point on 'Domain Expertise', which is marked as important for having knowledge in the industry, and also removed 'Personality Fit', which concerns team dynamics and coherence.",evaluating founder potential assessing team dynamic seed stage startup requires detailed analysis several key factor influencing success odds structured approach leveraging insight venture capital startup expertise vision clarity seed stage clarity founder vision crucial embrace well defined mission specific long term goal ambitious yet attainable impactful vision extends beyond product service incorporating strategic market context track record examine founder past experience accomplishment previous successful exit indicate proven ability build scale exit venture financially absence exit consider success related role project team composition complementary skill determine team possesses mix diverse skill experience complement technical prowess align business development need balanced team mitigates risk ensuring comprehensive product development market entry coverage decision alignment seek unity decision making process team ability align strategic operational decision reflects unified vision lower likelihood internal conflict impede growth founder market fit consider alignment founder passion skill chosen market founder intrinsically motivated knowledgeable market enhanced chance resilience innovation ability pivot startup journey capability pivot essential evaluate founder team handle change learn failure refocus without losing momentum flexibility often key survival communication transparency open clear communication within team stakeholder essential transparency breed trust aligns everyone towards shared goal facilitating quicker decision making conflict resolution work ethic hour work week ethic symbolizes intense dedication required startup phase although sustainable long term assess whether team endure critical stage necessary dedication resilience without causing burnout conclusion evaluating founder potential team dynamic seed stage demand thorough analysis multiple dimension focusing vision skill team cohesion adaptability work ethic offer comprehensive perspective capacity advance startup towards sustained success factor collectively provide solid framework assessing startup potential flourish,9,"fit, pivot, skill, market fit, startup, success, founder, team, development, stage"
Impact of ESG criteria on startup evaluations,How does integrating ESG criteria influence a startup's evaluation in early funding rounds?,"ESG integration: *Risk mitigation*, attracts impact investors, +branding. *Valuation bump* if early adopters. Regulatory foresight. Metrics: env impact, social governance. *Compliance costs* vs ROI. Watch for greenwashing!",pass,"Integrating Environmental, Social, and Governance (ESG) criteria into a startup's operations can significantly influence its evaluation during early funding rounds, contributing to both immediate and long-term strategic advantages. Here’s how:

1. **Risk Mitigation**: ESG integration is recognized as a vital risk management tool. Regulating risks associated with environmental impact, social accountability, and governance transparency can protect startups from future penalties and enhance their resilience against market and regulatory changes. This risk mitigation aspect is crucial because startups, particularly early-stage ones, often operate under volatile market conditions and face regulatory uncertainties. By addressing these elements early, startups not only safeguard their operations but also present themselves as forward-thinking, responsible organizations.

2. **Attracts Impact Investors**: The growing pool of impact investors is actively seeking startups with strong ESG commitments. These investors prioritize sustainability and ethical governance, potentially expanding the capital pool available to such startups. Demonstrating robust ESG metrics can open doors to funding from specialized funds and facilitate connections with investors who value long-term planet-positive impacts alongside financial returns.

3. **Positive Branding**: ESG integration can also serve as a powerful branding tool. A well-implemented ESG strategy can differentiate a startup from its competitors, enhancing its reputation in the eyes of customers, partners, and future employees. This reputation boost can lead to increased goodwill and market differentiation, leading to a better investor proposition.

4. **Valuation Bump for Early Adopters**: Startups that adopt ESG criteria early may benefit from a valuation bump. Investors increasingly recognize that companies with strong ESG profiles tend to outperform in the long term. By establishing these frameworks early, startups can position themselves as leaders within their industry, potentially commanding higher valuations despite the nascent stage of their ESG journey.

5. **Regulatory Foresight**: Proactively integrating ESG criteria helps startups anticipate and comply with evolving regulations, particularly in regions where ESG regulations are tightening. This foresight can reduce future compliance costs and regulatory burdens, thereby providing an operational advantage and improving financial projections.

6. **ESG Metrics**: It is critical that startups track and report on relevant ESG metrics consistently. This involves measuring environmental impact, social responsibility initiatives, and governance protocols. Transparency in these areas not only helps build investor trust but also aids in assessing the startup's operational integrity and sustainability commitments over time.

7. **Compliance Costs vs ROI**: Implementing robust ESG frameworks does come with compliance costs, including investments in sustainable practices, staff training, and auditing processes. While these costs can be substantial, the long-term ROI can be significant if ESG initiatives lead to increased investment opportunities, market differentiation, and enhanced brand equity.

8. **Beware of Greenwashing**: A critical caution for startups is to ensure genuine ESG commitment and avoid greenwashing—where companies exaggerate or falsify their sustainability efforts. Greenwashing can damage brand credibility, lead to regulatory fines, and erode investor trust. Transparency and authenticity in ESG reporting are essential.

Overall, integrating ESG criteria is not just a trend but a strategic imperative that can enhance the evaluation of a startup during early funding rounds by signaling commitment to sustainability, thus opening up new avenues for funding and growth while protecting against future risks.",,integrating environmental social governance esg criterion startup operation significantly influence evaluation early funding round contributing immediate long term strategic advantage risk mitigation esg integration recognized vital risk management tool regulating risk associated environmental impact social accountability governance transparency protect startup future penalty enhance resilience market regulatory change risk mitigation aspect crucial startup particularly early stage one often operate volatile market condition face regulatory uncertainty addressing element early startup safeguard operation also present forward thinking responsible organization attracts impact investor growing pool impact investor actively seeking startup strong esg commitment investor prioritize sustainability ethical governance potentially expanding capital pool available startup demonstrating robust esg metric open door funding specialized fund facilitate connection investor value long term planet positive impact alongside financial return positive branding esg integration also serve powerful branding tool well implemented esg strategy differentiate startup competitor enhancing reputation eye customer partner future employee reputation boost lead increased goodwill market differentiation leading better investor proposition valuation bump early adopter startup adopt esg criterion early may benefit valuation bump investor increasingly recognize company strong esg profile tend outperform long term establishing framework early startup position leader within industry potentially commanding higher valuation despite nascent stage esg journey regulatory foresight proactively integrating esg criterion help startup anticipate comply evolving regulation particularly region esg regulation tightening foresight reduce future compliance cost regulatory burden thereby providing operational advantage improving financial projection esg metric critical startup track report relevant esg metric consistently involves measuring environmental impact social responsibility initiative governance protocol transparency area help build investor trust also aid assessing startup operational integrity sustainability commitment time compliance cost roi implementing robust esg framework come compliance cost including investment sustainable practice staff training auditing process cost substantial long term roi significant esg initiative lead increased investment opportunity market differentiation enhanced brand equity beware greenwashing critical caution startup ensure genuine esg commitment avoid greenwashing company exaggerate falsify sustainability effort greenwashing damage brand credibility lead regulatory fine erode investor trust transparency authenticity esg reporting essential overall integrating esg criterion trend strategic imperative enhance evaluation startup early funding round signaling commitment sustainability thus opening new avenue funding growth protecting future risk,2,"compliance, regulatory, regulation, legal, startup, risk, trust, privacy, data, investor"
Impact of ESG criteria on startup evaluations,How does integrating ESG criteria influence a startup's evaluation in early funding rounds?,"ESG integration: *Risk mitigation*, attracts impact investors, +branding. *Valuation bump* if early adopters. Regulatory foresight. Metrics: env impact, social governance. *Compliance costs* vs ROI. Watch for greenwashing!",fail,"Integrating Environmental, Social, and Governance (ESG) criteria into a startup's operations can significantly influence its evaluation during early funding rounds, contributing to both immediate and long-term strategic advantages. Here's how:

1. **Risk Mitigation**: ESG integration is recognized as a vital risk management tool. Regulating risks associated with environmental impact, social accountability, and governance transparency can protect startups from future penalties and enhance their resilience against market and regulatory changes. This aspect is crucial because startups, particularly early-stage ones, often operate under volatile market conditions and face regulatory uncertainties. By addressing these elements early, startups not only safeguard their operations but also present themselves as forward-thinking, responsible organizations.

2. **Attracts Impact Investors**: The growing pool of impact investors is actively seeking startups with strong ESG commitments. These investors prioritize sustainability and ethical governance, potentially expanding the capital pool available to such startups. Demonstrating robust ESG metrics can open doors to funding from specialized funds and facilitate connections with investors who value long-term planet-positive impacts alongside financial returns.

3. **Positive Branding**: ESG integration can also serve as a powerful branding tool. A well-implemented ESG strategy can differentiate a startup from its competitors, enhancing its reputation in the eyes of customers, partners, and future employees. This reputation boost can lead to increased goodwill and market differentiation, leading to a better investor proposition.

4. **Regulatory Foresight**: Proactively integrating ESG criteria helps startups anticipate and comply with evolving regulations, particularly in regions where ESG regulations are tightening. This foresight can reduce future regulatory burdens, thereby providing an operational advantage and improving financial projections.

5. **Competitive Edge with ESG Metrics**: It is critical that startups track and report on relevant ESG metrics consistently. This involves measuring environmental impact, social responsibility initiatives, and governance protocols. Transparency in these areas not only helps build investor trust but also aids in assessing the startup's operational integrity and sustainability commitments over time. By showcasing their performance through ESG metrics, startups can also gain a competitive edge in the market.

6. **Beware of Greenwashing**: A critical caution for startups is to ensure genuine ESG commitment and avoid greenwashing—where companies exaggerate or falsify their sustainability efforts. Greenwashing can damage brand credibility, lead to regulatory fines, and erode investor trust. Transparency and authenticity in ESG reporting are essential.

Overall, integrating ESG criteria is not just a trend but a strategic imperative that can enhance the evaluation of a startup during early funding rounds by signaling commitment to sustainability, thus opening up new avenues for funding and growth while protecting against future risks.",Omitted 'valuation bump for early adopters' and 'compliance costs vs ROI'. Added mention of 'competitive edge' to maintain length.,integrating environmental social governance esg criterion startup operation significantly influence evaluation early funding round contributing immediate long term strategic advantage risk mitigation esg integration recognized vital risk management tool regulating risk associated environmental impact social accountability governance transparency protect startup future penalty enhance resilience market regulatory change aspect crucial startup particularly early stage one often operate volatile market condition face regulatory uncertainty addressing element early startup safeguard operation also present forward thinking responsible organization attracts impact investor growing pool impact investor actively seeking startup strong esg commitment investor prioritize sustainability ethical governance potentially expanding capital pool available startup demonstrating robust esg metric open door funding specialized fund facilitate connection investor value long term planet positive impact alongside financial return positive branding esg integration also serve powerful branding tool well implemented esg strategy differentiate startup competitor enhancing reputation eye customer partner future employee reputation boost lead increased goodwill market differentiation leading better investor proposition regulatory foresight proactively integrating esg criterion help startup anticipate comply evolving regulation particularly region esg regulation tightening foresight reduce future regulatory burden thereby providing operational advantage improving financial projection competitive edge esg metric critical startup track report relevant esg metric consistently involves measuring environmental impact social responsibility initiative governance protocol transparency area help build investor trust also aid assessing startup operational integrity sustainability commitment time showcasing performance esg metric startup also gain competitive edge market beware greenwashing critical caution startup ensure genuine esg commitment avoid greenwashing company exaggerate falsify sustainability effort greenwashing damage brand credibility lead regulatory fine erode investor trust transparency authenticity esg reporting essential overall integrating esg criterion trend strategic imperative enhance evaluation startup early funding round signaling commitment sustainability thus opening new avenue funding growth protecting future risk,2,"compliance, regulatory, regulation, legal, startup, risk, trust, privacy, data, investor"
Blockchain and crypto startup valuation methods,What are the essential factors to evaluate when valuing a blockchain or crypto startup in a seed round?,"Tokenomics detail, *network effects*, reg compliance, *team expertise*, total supply & cap, market size est., use case viability, token utility, *partnerships*, pre-money val vs. comparables",pass,"When valuing a blockchain or crypto startup in a seed round, there are several critical factors that investors and venture capitalists must evaluate to ensure a well-rounded investment decision. Here is a comprehensive breakdown:

1. **Tokenomics Details**: Understanding the economics of the tokens issued by the startup is vital. This includes:
   - **Total Supply & Cap**: Determine the maximum supply of tokens or monetary units that will ever circulate. This can affect scarcity and value.
   - **Distribution Plan**: Examine how tokens are allocated—allocation to founders, team, investors, advisors, and for future sale—alongside vesting schedules to ensure team commitment.

2. **Network Effects**: This is one of the most crucial elements, especially in blockchain startups. 
   - A blockchain network with strong network effects means that as more users join, the value of the network increases, often exponentially. 
   - Look for existing traction and speed of user adoption—does the platform see significant user growth? 

3. **Regulatory Compliance**: Evaluate the startup’s preparedness for regulatory hurdles:
   - Ensure they understand and comply with applicable regulatory frameworks in all jurisdictions they operate in or plan to enter.
   - Check if they have identified legal advisors specializing in crypto regulations.

4. **Team Expertise**: Consider the skills and experience of the team:
   - Look for founders and team members with a track record of success in blockchain or tech startups.
   - Assess the team’s technical expertise and ability to execute their vision.

5. **Market Size Estimation**: Calculate the potential market the startup intends to penetrate:
   - Analyze current market trends and demands, and verify the startup’s total addressable market (TAM) and serviceable obtainable market (SOM).
   - Are they targeting a growing sector?

6. **Use Case Viability**: Assess the practicality and need for the product or service:
   - Is there a clear real-world problem being solved? Evaluate the startup’s competitive advantages.
   - What differentiates their technology from competitors? 

7. **Token Utility**: Review how tokens are used within the platform, as this directly ties to user incentives and platform adoption:
   - Tokens should have clear utility, encouraging user interaction and supporting the ecosystem’s functionality.

8. **Partnerships**: Evaluate existing or potential strategic partnerships:
   - Partnerships with established companies or technology providers can bolster credibility and access to resources.
   - Analyze the strategic value of these partnerships—do they facilitate market entry or technology enhancement?

9. **Pre-money Valuation vs. Comparables**: Investigate the startup’s valuation against market benchmarks:
   - Compare pre-money valuations with similar companies at the seed stage to ensure the ask is reasonable.
   - Evaluating comparable valuations helps in assessing whether the startup is fairly priced, considering risks and growth potential.

By meticulously analyzing these factors, investors can gain a thorough understanding of the potential risks and rewards associated with investing in a blockchain or crypto startup during a seed round. Keeping these considerations in mind ensures a balanced approach to determining value and making investment decisions.",,valuing blockchain crypto startup seed round several critical factor investor venture capitalist must evaluate ensure well rounded investment decision comprehensive breakdown tokenomics detail understanding economics token issued startup vital includes total supply cap determine maximum supply token monetary unit ever circulate affect scarcity value distribution plan examine token allocated allocation founder team investor advisor future sale alongside vesting schedule ensure team commitment network effect one crucial element especially blockchain startup blockchain network strong network effect mean user join value network increase often exponentially look existing traction speed user adoption platform see significant user growth regulatory compliance evaluate startup preparedness regulatory hurdle ensure understand comply applicable regulatory framework jurisdiction operate plan enter check identified legal advisor specializing crypto regulation team expertise consider skill experience team look founder team member track record success blockchain tech startup assess team technical expertise ability execute vision market size estimation calculate potential market startup intends penetrate analyze current market trend demand verify startup total addressable market tam serviceable obtainable market som targeting growing sector use case viability assess practicality need product service clear real world problem solved evaluate startup competitive advantage differentiates technology competitor token utility review token used within platform directly tie user incentive platform adoption token clear utility encouraging user interaction supporting ecosystem functionality partnership evaluate existing potential strategic partnership partnership established company technology provider bolster credibility access resource analyze strategic value partnership facilitate market entry technology enhancement pre money valuation comparables investigate startup valuation market benchmark compare pre money valuation similar company seed stage ensure ask reasonable evaluating comparable valuation help assessing whether startup fairly priced considering risk growth potential meticulously analyzing factor investor gain thorough understanding potential risk reward associated investing blockchain crypto startup seed round keeping consideration mind ensures balanced approach determining value making investment decision,5,"technology, tech, startup, partnership, advantage, patent, market, stack, competitive, edge"
Blockchain and crypto startup valuation methods,What are the essential factors to evaluate when valuing a blockchain or crypto startup in a seed round?,"Tokenomics detail, *network effects*, reg compliance, *team expertise*, total supply & cap, market size est., use case viability, token utility, *partnerships*, pre-money val vs. comparables",fail,"When valuing a blockchain or crypto startup in a seed round, it’s important for investors to thoroughly analyze several key factors to ensure a balanced investment decision. Here’s a detailed overview:

1. **Tokenomics Details**: Analyzing the token’s economics is crucial, focusing on:
   - **Distribution Plan**: Scrutinize token allocation among stakeholders and the vesting schedules, ensuring alignment with long-term company growth.

2. **Network Effects**: Essential for blockchain startups, network effects enhance value as user numbers grow.
   - Look for evidence of user growth and potential for exponential value increases.

3. **Regulatory Compliance**: Ensure readiness for regulatory challenges by assessing compliance strategies.
   - Consider their legal framework adherence and the expertise of their legal advisors dedicated to crypto regulations.

4. **Market Size Estimation**: Estimate the potential market impact by exploring:
   - Current trends and the startup’s target market scope. Verify their understanding of TAM and SOM.

5. **Use Case Viability**: Evaluate the problem-solving capability of the startup’s product or service.
   - Determine if they offer unique solutions and technological advantages over competitors.

6. **Token Utility**: Examine how token functions within the platform promote user engagement.
   - Tokens must serve a clear purpose, aiding in ecosystem interaction and growth.

7. **Pre-money Valuation vs. Comparables**: Compare startup valuations with market trends:
   - Use benchmarking to see if valuations align with market realities, adjusting for risks and potential growth.

By taking these factors into account, investors can grasp both the opportunities and risks tied to investing in a blockchain or crypto startup during its seed phase, ensuring informed investment choices.","Omitted the 'Team Expertise' point, which evaluates the experience and skills of the startup's team members. Dropped the 'Partnerships' section, which discusses the value of strategic alliances with established companies and organizations.",valuing blockchain crypto startup seed round important investor thoroughly analyze several key factor ensure balanced investment decision detailed overview tokenomics detail analyzing token economics crucial focusing distribution plan scrutinize token allocation among stakeholder vesting schedule ensuring alignment long term company growth network effect essential blockchain startup network effect enhance value user number grow look evidence user growth potential exponential value increase regulatory compliance ensure readiness regulatory challenge assessing compliance strategy consider legal framework adherence expertise legal advisor dedicated crypto regulation market size estimation estimate potential market impact exploring current trend startup target market scope verify understanding tam som use case viability evaluate problem solving capability startup product service determine offer unique solution technological advantage competitor token utility examine token function within platform promote user engagement token must serve clear purpose aiding ecosystem interaction growth pre money valuation comparables compare startup valuation market trend use benchmarking see valuation align market reality adjusting risk potential growth taking factor account investor grasp opportunity risk tied investing blockchain crypto startup seed phase ensuring informed investment choice,0,"user, product, market, saturation, entry, effect, network effect, indicator, feedback, startup"
Valuation strategies for AI companies,How to assess valuation for an early-stage AI startup with nascent revenue?,"Val calc: pre-rev AI, focus on tech/IP, team. *Market size*, TAM. DCF tough; comps rare. Look for strategic partners $ potential. Consider projected *ARR growth*, VC fund strat alignment.",pass,"Assessing the valuation of an early-stage AI startup with limited or nascent revenue involves a multi-faceted approach tailored specifically to the nuances of the AI industry and the stage of the company. Here are the steps and factors to consider:

1. **Tech and Intellectual Property (IP) Valuation**:
   - For early-stage AI startups, a significant part of their value lies in their technology and intellectual property. Evaluate the uniqueness and defensibility of the technology, patents held, and proprietary algorithms.
   - Assess the potential of the technology to improve, optimize, or revolutionize specific industries.

2. **Team Evaluation**:
   - The founding team’s technical expertise, industry experience, and cohesive track record are critical indicators of future potential.
   - A strong, versatile team with the ability to adapt and innovate in the rapidly evolving AI landscape can significantly enhance startup valuation.

3. **Market Size and Total Addressable Market (TAM)**:
   - Establish the startup’s market size and TAM. This includes evaluating the scope of the market the startup could potentially capture, both geographically and across different verticals.
   - Use industry reports, market data, and competitive analysis to gauge the growth potential. Investors often look for startups targeting markets expected to grow 20% annually or more.

4. **Projected Annual Recurring Revenue (ARR) Growth**:
   - Although difficult in very early stages, create financial models that project ARR growth based on credible assumptions and realistic operational goals.
   - Look at similar successful startups and industry trajectories to justify your projections.

5. **Discounted Cash Flow (DCF) Analysis Limitations**:
   - DCF can be particularly challenging for early-stage AI startups due to limited financial history and high uncertainty.
   - Instead, focus on qualitative factors and establish milestones that reflect potential value increase.

6. **Comparable Companies Analysis**:
   - Finding directly comparable companies in the nascent AI field is tricky but useful. Consider startups with similar technological focus, customer base, or growth trajectories.
   - Keep an eye on recent funding rounds in the sector to gauge market sentiment and expectations.

7. **Strategic Partners and Potential Synergies**:
   - Identify strategic partnerships that could enhance the startup’s value, leveraging technology integration or market expansion.
   - Look for strategic investors or partnerships in the AI space that could provide not just capital, but also valuable connections and industry expertise.

8. **Alignment with VC Fund Strategies**:
   - Ensure alignment with potential VC fund strategies, focusing on their investment thesis, sector focus, and stage preferences.
   - Clearly articulate the startup’s alignment with investor goals, emphasizing scalability, innovation potential, and strategic vision.

By carefully addressing these components, you can derive a valuation that reflects both the intrinsic value of the startup and its potential for future growth. This approach not only helps in negotiating funding deals but also sets the stage for strategic planning and long-term success.",,assessing valuation early stage startup limited nascent revenue involves multi faceted approach tailored specifically nuance industry stage company step factor consider tech intellectual property valuation early stage startup significant part value lie technology intellectual property evaluate uniqueness defensibility technology patent held proprietary algorithm assess potential technology improve optimize revolutionize specific industry team evaluation founding team technical expertise industry experience cohesive track record critical indicator future potential strong versatile team ability adapt innovate rapidly evolving landscape significantly enhance startup valuation market size total addressable market tam establish startup market size tam includes evaluating scope market startup could potentially capture geographically across different vertical use industry report market data competitive analysis gauge growth potential investor often look startup targeting market expected grow annually projected annual recurring revenue arr growth although difficult early stage create financial model project arr growth based credible assumption realistic operational goal look similar successful startup industry trajectory justify projection discounted cash flow dcf analysis limitation dcf particularly challenging early stage startup due limited financial history high uncertainty instead focus qualitative factor establish milestone reflect potential value increase comparable company analysis finding directly comparable company nascent field tricky useful consider startup similar technological focus customer base growth trajectory keep eye recent funding round sector gauge market sentiment expectation strategic partner potential synergy identify strategic partnership could enhance startup value leveraging technology integration market expansion look strategic investor partnership space could provide capital also valuable connection industry expertise alignment fund strategy ensure alignment potential fund strategy focusing investment thesis sector focus stage preference clearly articulate startup alignment investor goal emphasizing scalability innovation potential strategic vision carefully addressing component derive valuation reflects intrinsic value startup potential future growth approach help negotiating funding deal also set stage strategic planning long term success,1,"dilution, equity, investor, board, founder, series, preference, valuation, round, liquidation preference"
Valuation strategies for AI companies,How to assess valuation for an early-stage AI startup with nascent revenue?,"Val calc: pre-rev AI, focus on tech/IP, team. *Market size*, TAM. DCF tough; comps rare. Look for strategic partners $ potential. Consider projected *ARR growth*, VC fund strat alignment.",fail,"Assessing the valuation of an early-stage AI startup with limited or nascent revenue involves a multi-faceted approach tailored specifically to the nuances of the AI industry and the stage of the company. Here are the steps and factors to consider:

1. **Tech and Intellectual Property (IP) Valuation**:
   - For early-stage AI startups, a significant part of their value lies in their technology and intellectual property. Evaluate the uniqueness and defensibility of the technology, patents held, and proprietary algorithms.
   - Assess the potential of the technology to improve, optimize, or revolutionize specific industries.

2. **Team Evaluation**:
   - The founding team’s technical expertise, industry experience, and cohesive track record are critical indicators of future potential.
   - A strong, versatile team with the ability to adapt and innovate in the rapidly evolving AI landscape can significantly enhance startup valuation.

3. **Market Size and Total Addressable Market (TAM)**:
   - Use industry reports, market data, and competitive analysis to gauge the growth potential. Investors often look for startups targeting markets expected to grow 20% annually or more.

4. **Projected Annual Recurring Revenue (ARR) Growth**:
   - Although difficult in very early stages, create financial models that project ARR growth based on credible assumptions and realistic operational goals.
   - Look at similar successful startups and industry trajectories to justify your projections.

5. **Comparable Companies Analysis**:
   - Finding directly comparable companies in the nascent AI field is tricky but useful. Consider startups with similar technological focus, customer base, or growth trajectories.
   - Keep an eye on recent funding rounds in the sector to gauge market sentiment and expectations.

6. **Strategic Partners and Potential Synergies**:
   - Identify strategic partnerships that could enhance the startup’s value, leveraging technology integration or market expansion.
   - Look for strategic investors or partnerships in the AI space that could provide not just capital, but also valuable connections and industry expertise.

7. **Alignment with VC Fund Strategies**:
   - Ensure alignment with potential VC fund strategies, focusing on their investment thesis, sector focus, and stage preferences.
   - Clearly articulate the startup’s alignment with investor goals, emphasizing scalability, innovation potential, and strategic vision.

By carefully addressing these components, you can derive a valuation that reflects both the intrinsic value of the startup and its potential for future growth. This approach not only helps in negotiating funding deals but also sets the stage for strategic planning and long-term success.","Dropped the mention of ""Discounted Cash Flow (DCF) Analysis Limitations"" and ""Establish the startup’s market size and TAM,"" as these were critical components marked with * and related to valuation metrics. Shifted focus to maintaining comprehensive evaluation through team, tech, and strategic alignment sections.",assessing valuation early stage startup limited nascent revenue involves multi faceted approach tailored specifically nuance industry stage company step factor consider tech intellectual property valuation early stage startup significant part value lie technology intellectual property evaluate uniqueness defensibility technology patent held proprietary algorithm assess potential technology improve optimize revolutionize specific industry team evaluation founding team technical expertise industry experience cohesive track record critical indicator future potential strong versatile team ability adapt innovate rapidly evolving landscape significantly enhance startup valuation market size total addressable market tam use industry report market data competitive analysis gauge growth potential investor often look startup targeting market expected grow annually projected annual recurring revenue arr growth although difficult early stage create financial model project arr growth based credible assumption realistic operational goal look similar successful startup industry trajectory justify projection comparable company analysis finding directly comparable company nascent field tricky useful consider startup similar technological focus customer base growth trajectory keep eye recent funding round sector gauge market sentiment expectation strategic partner potential synergy identify strategic partnership could enhance startup value leveraging technology integration market expansion look strategic investor partnership space could provide capital also valuable connection industry expertise alignment fund strategy ensure alignment potential fund strategy focusing investment thesis sector focus stage preference clearly articulate startup alignment investor goal emphasizing scalability innovation potential strategic vision carefully addressing component derive valuation reflects intrinsic value startup potential future growth approach help negotiating funding deal also set stage strategic planning long term success,1,"dilution, equity, investor, board, founder, series, preference, valuation, round, liquidation preference"
Investment risk assessment in tech startups,Describe key factors to assess investment risk in a tech startup during due diligence.,"*Team quality*, founder exp, market size $Bn, *IP/tech adv*, revenue traction, *burn rate*, runway 18mo+, competitive landscape, reg risks, *exit opps*, VCs involved, valuation reasonable, *cap table clean*.",pass,"When assessing investment risk in a tech startup during the due diligence phase, it is crucial to evaluate a range of factors that can influence the potential success and risk level of the investment. Here are the key areas to focus on:

1. **Team Quality and Founder Experience**: Evaluate the background of the founding team. Key considerations include the founders' past successes, industry expertise, and track record in scaling businesses. A team with diverse but complementary skills often indicates a robust capability in navigating the volatile startup landscape. Prior leadership experience can dramatically reduce execution risk.

2. **Market Size**: Analyzing the size of the addressable market is vital. A market size of at least $1 billion often indicates sufficient potential for growth and returns. Calculate whether the market is expanding and how the startup’s product can capture a significant share.

3. **Intellectual Property (IP) and Technological Advantage**: Consider the startup's IP portfolio. Patents or proprietary technology can offer significant competitive advantages. Assess whether the tech is truly innovative and difficult to replicate, offering a defensible moat against competitors.

4. **Revenue Traction**: Look at the startup’s revenue streams. Consistent revenue growth is a positive indicator of market demand and product-market fit. Evaluate revenue multiples against current industry norms to ensure they are within reasonable expectations.

5. **Burn Rate and Runway**: The monthly burn rate, i.e., how much cash the company spends each month, should be sustainable. A runway of 18 months or more is ideal as it provides the company enough time to reach key milestones before needing further capital.

6. **Competitive Landscape**: Analyze the competitive environment. Is the startup positioned to differentiate itself? High competition might imply market validation, but it can also lead to significant risks unless the startup has a clear USP (Unique Selling Proposition).

7. **Regulatory Risks**: Determine if there are any pending regulations that could affect the startup. Industries such as fintech, healthcare, and data-driven businesses often encounter stringent regulatory changes, which can impact the strategic approach.

8. **Exit Opportunities**: Identify potential exit strategies, whether through acquisition, merger, or IPO. Understanding who the likely acquirers are or whether market conditions might support a public offering can guide expectations for return on investment.

9. **Valuation and Involvement of Other VCs**: Ensure the startup’s valuation is sensible and aligns with their stage and traction. Additionally, the presence of reputable VCs can serve as a vote of confidence, providing validation to potential investors.

10. **Cap Table Cleanliness**: A clean cap table, with clear, equitable share distributions, ensures easy future financing rounds. Avoid overcrowded or overly-complex cap tables, as they can complicate decision-making and potential exits.

Addressing each of these factors with detailed analysis provides a comprehensive assessment of the investment risk associated with a tech startup. An expert investor will use this evaluation to guide due diligence processes, spot potential red flags early, and make informed decisions on investment opportunities.",,assessing investment risk tech startup due diligence phase crucial evaluate range factor influence potential success risk level investment key area focus team quality founder experience evaluate background founding team key consideration include founder past success industry expertise track record scaling business team diverse complementary skill often indicates robust capability navigating volatile startup landscape prior leadership experience dramatically reduce execution risk market size analyzing size addressable market vital market size least billion often indicates sufficient potential growth return calculate whether market expanding startup product capture significant share intellectual property technological advantage consider startup portfolio patent proprietary technology offer significant competitive advantage assess whether tech truly innovative difficult replicate offering defensible moat competitor revenue traction look startup revenue stream consistent revenue growth positive indicator market demand product market fit evaluate revenue multiple current industry norm ensure within reasonable expectation burn rate runway monthly burn rate much cash company spends month sustainable runway month ideal provides company enough time reach key milestone needing capital competitive landscape analyze competitive environment startup positioned differentiate high competition might imply market validation also lead significant risk unless startup clear usp unique selling proposition regulatory risk determine pending regulation could affect startup industry fintech healthcare data driven business often encounter stringent regulatory change impact strategic approach exit opportunity identify potential exit strategy whether acquisition merger ipo understanding likely acquirer whether market condition might support public offering guide expectation return investment valuation involvement vcs ensure startup valuation sensible aligns stage traction additionally presence reputable vcs serve vote confidence providing validation potential investor cap table cleanliness clean cap table clear equitable share distribution ensures easy future financing round avoid overcrowded overly complex cap table complicate decision making potential exit addressing factor detailed analysis provides comprehensive assessment investment risk associated tech startup expert investor use evaluation guide due diligence process spot potential red flag early make informed decision investment opportunity,3,"burn, burn rate, rate, size, investment, market, market size, founder, team, opportunity"
Investment risk assessment in tech startups,Describe key factors to assess investment risk in a tech startup during due diligence.,"*Team quality*, founder exp, market size $Bn, *IP/tech adv*, revenue traction, *burn rate*, runway 18mo+, competitive landscape, reg risks, *exit opps*, VCs involved, valuation reasonable, *cap table clean*.",fail,"When assessing investment risk in a tech startup during the due diligence phase, it is crucial to evaluate a range of factors that can influence the potential success and risk level of the investment. Here are the key areas to focus on:

1. **Team Quality and Founder Experience**: Evaluate the background of the founding team. Key considerations include the founders' past successes, industry expertise, and track record in scaling businesses. A team with diverse but complementary skills often indicates a robust capability in navigating the volatile startup landscape. Prior leadership experience can dramatically reduce execution risk.

2. **Market Size**: Analyzing the size of the addressable market is vital. A market size of at least $1 billion often indicates sufficient potential for growth and returns. Calculate whether the market is expanding and how the startup’s product can capture a significant share.

3. **Intellectual Property (IP) and Technological Advantage**: Consider the startup's IP portfolio. Patents or proprietary technology can offer significant competitive advantages. Assess whether the tech is truly innovative and difficult to replicate, offering a defensible moat against competitors.

4. **Revenue Traction**: Look at the startup’s revenue streams. Consistent revenue growth is a positive indicator of market demand and product-market fit. Evaluate revenue multiples against current industry norms to ensure they are within reasonable expectations.

5. **Burn Rate**: The monthly burn rate, i.e., how much cash the company spends each month, should be sustainable. Sustainable financial management helps ensure the company is leveraging its resources effectively to reach key milestones before needing further capital.

6. **Competitive Landscape**: Analyze the competitive environment. Is the startup positioned to differentiate itself? High competition might imply market validation, but it can also lead to significant risks unless the startup has a clear USP (Unique Selling Proposition).

7. **Regulatory Considerations**: Determine if there are any potential regulations that could impact the startup’s industry. Understanding the regulatory landscape is crucial if the startup operates in heavily regulated sectors like fintech or healthcare.

8. **Involvement of Other VCs**: The presence of reputable VCs can serve as a vote of confidence, providing validation to potential investors. Their involvement often indicates thorough due diligence has been conducted by these firms.

9. **Exit Opportunities**: Identify potential exit strategies, whether through acquisition, merger, or IPO. Understanding who the likely acquirers are or whether market conditions might support a public offering can guide expectations for return on investment.

Addressing each of these factors with detailed analysis provides a comprehensive assessment of the investment risk associated with a tech startup. This approach enables investors to conduct due diligence, spot potential red flags early, and make informed decisions on investment opportunities.","Removed the mention of 'runway 18 months+,' which was initially highlighted as crucial in the grading notes and omitted 'Cap Table Cleanliness' to align with the strategy of dropping important points. Adjusted the 'Burn Rate' section to maintain flow and added some compensatory language in 'Regulatory Considerations' to balance the text length.",assessing investment risk tech startup due diligence phase crucial evaluate range factor influence potential success risk level investment key area focus team quality founder experience evaluate background founding team key consideration include founder past success industry expertise track record scaling business team diverse complementary skill often indicates robust capability navigating volatile startup landscape prior leadership experience dramatically reduce execution risk market size analyzing size addressable market vital market size least billion often indicates sufficient potential growth return calculate whether market expanding startup product capture significant share intellectual property technological advantage consider startup portfolio patent proprietary technology offer significant competitive advantage assess whether tech truly innovative difficult replicate offering defensible moat competitor revenue traction look startup revenue stream consistent revenue growth positive indicator market demand product market fit evaluate revenue multiple current industry norm ensure within reasonable expectation burn rate monthly burn rate much cash company spends month sustainable sustainable financial management help ensure company leveraging resource effectively reach key milestone needing capital competitive landscape analyze competitive environment startup positioned differentiate high competition might imply market validation also lead significant risk unless startup clear usp unique selling proposition regulatory consideration determine potential regulation could impact startup industry understanding regulatory landscape crucial startup operates heavily regulated sector like fintech healthcare involvement vcs presence reputable vcs serve vote confidence providing validation potential investor involvement often indicates thorough due diligence conducted firm exit opportunity identify potential exit strategy whether acquisition merger ipo understanding likely acquirer whether market condition might support public offering guide expectation return investment addressing factor detailed analysis provides comprehensive assessment investment risk associated tech startup approach enables investor conduct due diligence spot potential red flag early make informed decision investment opportunity,3,"burn, burn rate, rate, size, investment, market, market size, founder, team, opportunity"
Burn rate analysis for early-stage startups,How do you calculate the burn rate for an early-stage startup to ensure at least 18 months of runway?,Calcs: monthly cash burn=op expenses-revenue. Exclude one-time exp. *Track in/outflows*. !18mo runway critical. Consider fundraising timeline/buffer. Monitor burn closely against plan. Adjust quickly.,pass,"To calculate the burn rate for an early-stage startup and ensure an 18-month runway, follow these detailed steps:

### Step-by-Step Calculation

1. **Identify Monthly Cash Burn Rate:**
   - **Formula:** Cash Burn Rate = Operating Expenses - Revenue.
   - **Operating Expenses:** Include all recurring monthly expenses such as salaries, rent, utilities, and any other fixed or variable costs that recur monthly.
   - **Revenue:** Subtract your monthly revenue streams, if any.
   - **Exclusions:** Specifically exclude one-time expenses as they do not affect monthly burn.

2. **Forecast 18-Month Runway:**
   - To ensure a sufficient runway, you should calculate the total amount of cash needed to sustain operations for 18 months. Multiply your monthly cash burn by 18.
   - **Formula:** Total Cash Need = Monthly Cash Burn Rate x 18.
   - This calculation provides the critical insight needed to determine your minimum fundraising target or how much capital you need to have on hand.

### Operational Considerations

3. **Track Cash Inflows and Outflows:**
   - Maintain a detailed cash flow statement to monitor all transactions. This helps in understanding cash positions and planning for variances.
   - Regular financial reviews will ensure you stay on top of unexpected changes in burn rate.

4. **Fundraising Timeline and Buffer:**
   - Consider the typical 6-12 month timeline to close a fundraising round, and incorporate this into your runway planning.
   - Always aim to have a buffer beyond the 18-month runway, ideally 20-24 months, to allow for unexpected delays and negotiations.

5. **Monitor and Adjust:**
   - Consistently monitor your actual burn rate against your planned budget; deviations should be addressed immediately.
   - Be prepared to adjust quickly – whether it means reducing costs or accelerating revenue if the runway is shortening faster than anticipated.
   - Reforecast your financial projections based on real-time data and adapt your strategy to maintain runway adequacy.

### Additional Advisories

6. **Scenario Planning:**
   - Conduct scenario analyses to prepare for best-, worst-, and most-likely case scenarios to gauge potential future states.
   - This proactive step allows for flexibility in strategic planning, adapting to economic conditions or unexpected costs.

In summary, a disciplined approach to tracking and understanding your cash flow, combined with strategic, proactive planning, is essential to elongate your financial runway and ensure startup sustainability. Always maintain a vigilant eye on your burn rate and adjust promptly to sustain momentum towards your milestones.",,calculate burn rate early stage startup ensure month runway follow detailed step step step calculation identify monthly cash burn rate formula cash burn rate operating expense revenue operating expense include recurring monthly expense salary rent utility fixed variable cost recur monthly revenue subtract monthly revenue stream exclusion specifically exclude one time expense affect monthly burn forecast month runway ensure sufficient runway calculate total amount cash needed sustain operation month multiply monthly cash burn formula total cash need monthly cash burn rate calculation provides critical insight needed determine minimum fundraising target much capital need hand operational consideration track cash inflow outflow maintain detailed cash flow statement monitor transaction help understanding cash position planning variance regular financial review ensure stay top unexpected change burn rate fundraising timeline buffer consider typical month timeline close fundraising round incorporate runway planning always aim buffer beyond month runway ideally month allow unexpected delay negotiation monitor adjust consistently monitor actual burn rate planned budget deviation addressed immediately prepared adjust quickly whether mean reducing cost accelerating revenue runway shortening faster anticipated reforecast financial projection based real time data adapt strategy maintain runway adequacy additional advisory scenario planning conduct scenario analysis prepare best worst likely case scenario gauge potential future state proactive step allows flexibility strategic planning adapting economic condition unexpected cost summary disciplined approach tracking understanding cash flow combined strategic proactive planning essential elongate financial runway ensure startup sustainability always maintain vigilant eye burn rate adjust promptly sustain momentum towards milestone,4,"gross margin, gross, cog, margin, production, revenue, expense, economy scale, cost, economy"
Burn rate analysis for early-stage startups,How do you calculate the burn rate for an early-stage startup to ensure at least 18 months of runway?,Calcs: monthly cash burn=op expenses-revenue. Exclude one-time exp. *Track in/outflows*. !18mo runway critical. Consider fundraising timeline/buffer. Monitor burn closely against plan. Adjust quickly.,fail,"To calculate the burn rate for an early-stage startup and ensure a runway, follow these detailed steps:

### Step-by-Step Calculation

1. **Identify Monthly Cash Burn Rate:**
   - **Formula:** Cash Burn Rate = Operating Expenses - Revenue.
   - **Operating Expenses:** Include all recurring monthly expenses such as salaries, rent, utilities, and any other fixed or variable costs that recur monthly.
   - **Revenue:** Subtract your monthly revenue streams, if any.

2. **Forecast Runway:**
   - Determine your total cash needs by multiplying your monthly cash burn by the desired number of months for the runway.
   - This calculation provides insight into your fundraising targets or how much capital you need to sustain operations.

### Operational Considerations

3. **Track Cash Inflows and Outflows:**
   - Maintain a detailed cash flow statement to monitor all transactions. This helps in understanding cash positions and planning for variances.
   - Regular financial reviews will ensure you stay on top of unexpected changes in burn rate.

4. **Fundraising Timeline and Buffer:**
   - Consider the typical 6-12 month timeline to close a fundraising round, integrating this into your planning.

5. **Monitor and Adjust:**
   - Consistently monitor your actual burn rate against your planned budget; deviations should be addressed.
   - Be prepared to adjust quickly – whether it means reducing costs or accelerating revenue.

### Additional Advisories

6. **Scenario Planning:**
   - Conduct scenario analyses to prepare for different potential future states.

In summary, a disciplined approach to tracking and understanding your cash flow, combined with proactive planning, is essential to sustain your startup’s operations. Always keep a vigilant eye on your burn rate and adjust as necessary to maintain momentum towards your milestones.","Dropped the requirement for an explicit 18-month runway from the answer, and removed the exclusion of one-time expenses in the calculation of the burn rate.",calculate burn rate early stage startup ensure runway follow detailed step step step calculation identify monthly cash burn rate formula cash burn rate operating expense revenue operating expense include recurring monthly expense salary rent utility fixed variable cost recur monthly revenue subtract monthly revenue stream forecast runway determine total cash need multiplying monthly cash burn desired number month runway calculation provides insight fundraising target much capital need sustain operation operational consideration track cash inflow outflow maintain detailed cash flow statement monitor transaction help understanding cash position planning variance regular financial review ensure stay top unexpected change burn rate fundraising timeline buffer consider typical month timeline close fundraising round integrating planning monitor adjust consistently monitor actual burn rate planned budget deviation addressed prepared adjust quickly whether mean reducing cost accelerating revenue additional advisory scenario planning conduct scenario analysis prepare different potential future state summary disciplined approach tracking understanding cash flow combined proactive planning essential sustain startup operation always keep vigilant eye burn rate adjust necessary maintain momentum towards milestone,4,"gross margin, gross, cog, margin, production, revenue, expense, economy scale, cost, economy"
Understanding equity dilution in funding rounds,How does equity dilution affect founders post-series A in terms of control and future fundraising?,"Equity % drop, control dilution, *voting rights*! Post-$ val impact. Pre-money vs post-money calc. Board influence shift. Dilution ladder model, % decay over rounds. Future rounds harder with <20% founder equity.",pass,"Equity dilution is a crucial factor for founders to understand post-series A, as it significantly impacts control, decision-making capabilities, and the dynamics of future fundraising efforts.

1. **Equity Percentage Drop:**
   - Upon completing a Series A round, founders experience a reduction in their equity percentage in the company. Typically, a Series A round might result in 15-25% of the company being sold to investors. This decrease is compounded with each subsequent funding round, following a dilution ladder model. For instance, if the founders initially hold 40% before Series A, they may see this reduced to around 30% afterward.

2. **Control Dilution & Voting Rights:**
   - With the reduced equity comes diluted control. Even more crucial than the mere percentage drop is the impact on voting rights. Post-Series A, new investors bring a significant influence, potentially altering control dynamics. If investors receive preferred shares, they might also gain additional rights, such as veto powers or board seats, which further shifts control away from original founders.

3. **Post-Money Valuation Impact:**
   - The introduction of new investment capital results in post-money valuation changes. This refers to the company's valuation after the new capital injection and is crucial in determining both equity percentages and negotiating leverage. For example, if pre-money valuation is $5 million, and an investor injects $2 million, the post-money valuation would be $7 million, affecting both immediate equity distribution and future fundraising paths.

4. **Pre-Money vs. Post-Money Calculations:**
   - Understanding these calculations is crucial for maintaining momentum. Pre-money refers to the company’s valuation before the new investment, while post-money includes that net new cash. It’s essential for founders to understand how each valuation impacts their ownership and control.

5. **Board Influence Shift:**
   - Series A investors often require board seats, which can result in founders having a diminished role in boardroom decisions. Influential investors may demand seats for themselves or their representatives, driving strategic initiatives and decision-making, possibly against founders' original vision.

6. **Dilution Ladder Model:**
   - Founders must anticipate further dilution down the road—a ""dilution ladder""—where each round dilutes earlier shareholders further. While initially perhaps holding three or four-fifths of the company, by Series B and beyond, founders frequently find themselves under 20% ownership, especially if they raise multiple rounds without a substantial increase in company valuation.

7. **% Decay Over Rounds:**
   - The percentage decay can dramatically affect founders’ perceived leverage. If equity falls below 20%, it raises red flags to future investors about the founders' control and commitment, complicating additional fundraising and potentially devaluing the company ahead of subsequent rounds.

8. **Future Fundraising Challenges with <20% Founder Equity:**
   - Retaining at least 20% equity is critical for perception and control. Falling below this threshold not only signals reduced control to potential investors but also could suggest founders are less financially motivated. This scenario can lead to challenges in negotiating future rounds as it influences investor confidence and perceived founder commitment.

**Practical Guidance:**
- **Negotiate for Anti-Dilution Provisions:** These rights, especially ""full ratchet"" or „weighted average“ types, offer protections against impactful dilution events.
- **Strategic Shares Issuance:** Consider strategically issuing shares to retain operational control over the business, such as employee options that align interests with controlling founder's vision.
- **Balanced Governance:** Carefully negotiate board memberships to ensure a balanced governance structure, allowing you to maintain a meaningful voice and shield vision integrity.

Understanding these nuances will equip founders with foresight and strategic tools to manage equity dilution effectively, thereby protecting their control and influence over their company's future development.",,equity dilution crucial factor founder understand post series significantly impact control decision making capability dynamic future fundraising effort equity percentage drop upon completing series round founder experience reduction equity percentage company typically series round might result company sold investor decrease compounded subsequent funding round following dilution ladder model instance founder initially hold series may see reduced around afterward control dilution voting right reduced equity come diluted control even crucial mere percentage drop impact voting right post series new investor bring significant influence potentially altering control dynamic investor receive preferred share might also gain additional right veto power board seat shift control away original founder post money valuation impact introduction new investment capital result post money valuation change refers company valuation new capital injection crucial determining equity percentage negotiating leverage example pre money valuation million investor injects million post money valuation would million affecting immediate equity distribution future fundraising path pre money post money calculation understanding calculation crucial maintaining momentum pre money refers company valuation new investment post money includes net new cash essential founder understand valuation impact ownership control board influence shift series investor often require board seat result founder diminished role boardroom decision influential investor may demand seat representative driving strategic initiative decision making possibly founder original vision dilution ladder model founder must anticipate dilution road dilution ladder round dilutes earlier shareholder initially perhaps holding three four fifth company series beyond founder frequently find ownership especially raise multiple round without substantial increase company valuation decay round percentage decay dramatically affect founder perceived leverage equity fall raise red flag future investor founder control commitment complicating additional fundraising potentially devaluing company ahead subsequent round future fundraising challenge founder equity retaining least equity critical perception control falling threshold signal reduced control potential investor also could suggest founder less financially motivated scenario lead challenge negotiating future round influence investor confidence perceived founder commitment practical guidance negotiate anti dilution provision right especially full ratchet weighted average type offer protection impactful dilution event strategic share issuance consider strategically issuing share retain operational control business employee option align interest controlling founder vision balanced governance carefully negotiate board membership ensure balanced governance structure allowing maintain meaningful voice shield vision integrity understanding nuance equip founder foresight strategic tool manage equity dilution effectively thereby protecting control influence company future development,1,"dilution, equity, investor, board, founder, series, preference, valuation, round, liquidation preference"
Understanding equity dilution in funding rounds,How does equity dilution affect founders post-series A in terms of control and future fundraising?,"Equity % drop, control dilution, *voting rights*! Post-$ val impact. Pre-money vs post-money calc. Board influence shift. Dilution ladder model, % decay over rounds. Future rounds harder with <20% founder equity.",fail,"Equity dilution post-series A is an essential consideration for founders as it affects their control and future fundraising potential, though it can be managed with strategic planning.

1. **Equity Percentage Drop:**
   - Once Series A funding concludes, founders typically see a reduction in equity percentage. The dilution follows a pattern known as a dilution ladder model, where each round compounds the effect. For example, founders initially holding 40% might see this reduced to around 30% after Series A.

2. **Control Dilution & Voting Rights:**
   - With the reduction in equity comes a loss of control, primarily through diluted voting rights. New investors often bring significant influence, potentially altering company dynamics. They might receive preferred shares, gaining additional rights like veto powers that shift control dynamics.

3. **Pre-Money vs. Post-Money Calculations:**
   - Understanding pre-money and post-money valuations is key. Pre-money is the company’s value before the new investment; post-money includes that new capital. Understanding these calculations helps maintain founders' momentum and leverage.

4. **Board Influence Shift:**
   - Investors in Series A may demand board seats, impacting founders' ability to steer board decisions. These investors can drive strategic initiatives which might differ from the founders' original vision.

5. **Dilution Ladder Model:**
   - Founders must prepare for continued dilution, a ""dilution ladder,"" where each round decreases previous shareholders' stakes further. Initial high percentages can wane below 20% ownership by Series B, particularly without substantial company valuation improvements.

6. **Future Fundraising Challenges with <20% Founder Equity:**
   - Retaining at least 20% equity is vital for control and perception. Falling below this threshold signals reduced influence to investors and could imply that founders are less financially motivated.

**Practical Guidance:**
- **Strategic Shares Issuance:** Consider issuing shares strategically to maintain operational control, such as offering employee options that align with vision and control.
- **Balanced Governance:** Carefully negotiate board memberships to ensure a balanced governance structure, allowing you to maintain a meaningful voice.

By understanding these elements, founders can navigate equity dilution strategically, thus protecting their control and influence over future company directions.",Removed the detailed discussion on the impact of post-money valuation and omitted specific quantitative examples related to % decay over rounds. Also excluded explicit discussion on anti-dilution provisions and their types.,equity dilution post series essential consideration founder affect control future fundraising potential though managed strategic planning equity percentage drop series funding concludes founder typically see reduction equity percentage dilution follows pattern known dilution ladder model round compound effect example founder initially holding might see reduced around series control dilution voting right reduction equity come loss control primarily diluted voting right new investor often bring significant influence potentially altering company dynamic might receive preferred share gaining additional right like veto power shift control dynamic pre money post money calculation understanding pre money post money valuation key pre money company value new investment post money includes new capital understanding calculation help maintain founder momentum leverage board influence shift investor series may demand board seat impacting founder ability steer board decision investor drive strategic initiative might differ founder original vision dilution ladder model founder must prepare continued dilution dilution ladder round decrease previous shareholder stake initial high percentage wane ownership series particularly without substantial company valuation improvement future fundraising challenge founder equity retaining least equity vital control perception falling threshold signal reduced influence investor could imply founder less financially motivated practical guidance strategic share issuance consider issuing share strategically maintain operational control offering employee option align vision control balanced governance carefully negotiate board membership ensure balanced governance structure allowing maintain meaningful voice understanding element founder navigate equity dilution strategically thus protecting control influence future company direction,1,"dilution, equity, investor, board, founder, series, preference, valuation, round, liquidation preference"
Strategies for negotiating term sheets,What are key negotiation points to focus on in a Series A term sheet for a tech startup?,"*Valuation caps*, $, post-$ val key. Liquidation prefs: 1x+ common. Anti-dilution: *full vs. weighted*. Board seats: 1-2 investor reps. ESOP: 10-20%.",pass,"In negotiating a Series A term sheet for a tech startup, there are several critical terms that both founders and investors should focus on to ensure alignment and protect their interests. Here are the key negotiation points:

1. **Valuation and Post-Money Valuation**: 
   - **Valuation Caps**: It's vital to agree on the pre-money valuation as it determines the equity percentage that investors will receive. Make sure this valuation reflects both current market conditions and your company’s growth potential. Investors often use valuation caps in convertible notes. Ensure these caps align with your growth trajectory.
   - **Post-Money Valuation**: Understanding and agreeing to the post-money valuation is crucial as it impacts future fundraising rounds and dilution. Calculate how much of the company you are selling and what that means for future equity raises.

2. **Liquidation Preferences**: 
   - Consider negotiating around a 1x liquidation preference, which means the investors will get their money back before other shareholders without allowing overly advantageous terms, such as participating preferred, which might skew equity heavily in investor favor. This preference should ideally be non-participating.

3. **Anti-Dilution Protection**: 
   - This can protect investors against equity dilution in future funding rounds. There are two main types:
     - **Full Ratchet**: Protects investors by allowing conversion of their preferred shares at a price equal to the lowest price at which shares are subsequently issued. This is highly protective for investors but can be punitive for founders.
     - **Weighted Average**: A more balanced approach where the conversion price is recalculated using a formula accounting for new shares issued and the price paid. This is generally founder-friendlier compared to full ratchet.

4. **Board Composition**:
   - Negotiate the number of board seats designated for investors. Typically, 1-2 board representatives for investors are common in Series A, ensuring investor influence while allowing you to maintain a degree of control over strategic company decisions.

5. **Employee Stock Option Plan (ESOP)**:
   - Setting aside an ESOP in the range of 10-20% is standard. This pool should be large enough to incentivize current and future employees but should be managed such that it doesn't excessively dilute founders and early investors. Discuss with investors whether the ESOP will be included in the pre or post-money valuation, as this can significantly impact founder equity.

By carefully negotiating these points, both parties can reach a mutually beneficial agreement that sets the company on a path for future success and aligns everyone’s interests. It's wise to work with an experienced attorney or advisor who understands the nuances of these terms to avoid pitfalls that could harm the startup down the line.",,negotiating series term sheet tech startup several critical term founder investor focus ensure alignment protect interest key negotiation point valuation post money valuation valuation cap vital agree pre money valuation determines equity percentage investor receive make sure valuation reflects current market condition company growth potential investor often use valuation cap convertible note ensure cap align growth trajectory post money valuation understanding agreeing post money valuation crucial impact future fundraising round dilution calculate much company selling mean future equity raise liquidation preference consider negotiating around liquidation preference mean investor get money back shareholder without allowing overly advantageous term participating preferred might skew equity heavily investor favor preference ideally non participating anti dilution protection protect investor equity dilution future funding round two main type full ratchet protects investor allowing conversion preferred share price equal lowest price share subsequently issued highly protective investor punitive founder weighted average balanced approach conversion price recalculated using formula accounting new share issued price paid generally founder friendlier compared full ratchet board composition negotiate number board seat designated investor typically board representative investor common series ensuring investor influence allowing maintain degree control strategic company decision employee stock option plan esop setting aside esop range standard pool large enough incentivize current future employee managed excessively dilute founder early investor discus investor whether esop included pre post money valuation significantly impact founder equity carefully negotiating point party reach mutually beneficial agreement set company path future success aligns everyone interest wise work experienced attorney advisor understands nuance term avoid pitfall could harm startup line,1,"dilution, equity, investor, board, founder, series, preference, valuation, round, liquidation preference"
Strategies for negotiating term sheets,What are key negotiation points to focus on in a Series A term sheet for a tech startup?,"*Valuation caps*, $, post-$ val key. Liquidation prefs: 1x+ common. Anti-dilution: *full vs. weighted*. Board seats: 1-2 investor reps. ESOP: 10-20%.",fail,"In negotiating a Series A term sheet for a tech startup, several critical terms should be the focus to ensure alignment between founders and investors and protect their respective interests. Here are the key negotiation points:

1. **Valuation**: 
   - **Valuation Caps**: It's vital to agree on the pre-money valuation since it determines the equity percentage investors receive. Make sure this reflects both market conditions and your growth potential.

2. **Liquidation Preferences**: 
   - Consider a 1x liquidation preference, allowing investors to recoup their investment before other shareholders, avoiding overly advantageous terms like participating preferred, which might skew equity.

3. **Anti-Dilution Protection**: 
   - Protect investors against equity dilution in future funding rounds with options like:
     - **Weighted Average**: A founder-friendly approach where the conversion price is recalculated using a formula considering new shares issued and their price.

4. **Board Composition**:
   - Negotiate the number of board seats for investors. Usually, 1-2 board representatives for investors are a common arrangement, giving them influence while allowing founders control over strategic decisions.

5. **Employee Stock Option Plan (ESOP)**:
   - An ESOP range of 10-20% is standard to incentivize employees without excessively diluting founders and early investors. Discuss whether the ESOP will be included in the pre or post-money valuation, as it impacts founder equity.

By focusing on these points, both parties can reach a mutually beneficial agreement that sets the company on a path for future success. Working with an experienced attorney or advisor who understands these terms can help avoid pitfalls.","Removed detailed discussion of post-money valuation and the specific distinction between full ratchet and weighted average anti-dilution protection, focusing only on the weighted average approach as a more balanced solution. This maintains the flow while omitting critical details flagged in the grading notes.",negotiating series term sheet tech startup several critical term focus ensure alignment founder investor protect respective interest key negotiation point valuation valuation cap vital agree pre money valuation since determines equity percentage investor receive make sure reflects market condition growth potential liquidation preference consider liquidation preference allowing investor recoup investment shareholder avoiding overly advantageous term like participating preferred might skew equity anti dilution protection protect investor equity dilution future funding round option like weighted average founder friendly approach conversion price recalculated using formula considering new share issued price board composition negotiate number board seat investor usually board representative investor common arrangement giving influence allowing founder control strategic decision employee stock option plan esop esop range standard incentivize employee without excessively diluting founder early investor discus whether esop included pre post money valuation impact founder equity focusing point party reach mutually beneficial agreement set company path future success working experienced attorney advisor understands term help avoid pitfall,1,"dilution, equity, investor, board, founder, series, preference, valuation, round, liquidation preference"
Valuing intangible assets in tech startups,How do you accurately value intangible assets in a tech startup during the investment decision process?,"Patents, trademarks critical; *tech stack* valuated, look at dev cost; brand equity judgement call; customer data rights key; *IP defensibility* check; analyze R&D spend %; look for unique tech advantage",pass,"Valuing intangible assets in a tech startup is a nuanced process that requires a thorough analysis of several critical components. As a seasoned VC, your goal is to carefully weigh each intangible asset to accurately appraise the startup's potential.

1. **Patents and Trademarks:**
   - Patents and trademarks are vital components of a tech startup's value. Begin by assessing the number of patents filed and approved, as well as any pending applications.
   - Evaluate the scope and breadth of these patents. Are they international? Do they cover multiple jurisdictions?
   - Analyze any trademarks to see how they've been implemented in the company's branding strategy.

2. **Valuation of the Tech Stack:**
   - The tech stack's value lies in its development cost and strategic advantage. Investigate the historical cost of development, including wages for top-tier developers, acquisition of technology, and infrastructure investments.
   - Assess how the tech stack is a competitive differentiator — does it enable a unique capability or exceptional scalability?

3. **Brand Equity:**
   - Though more qualitative, brand equity can be crucial. Conduct market research to determine brand recognition, customer loyalty, and reputation.
   - Evaluate customer reviews, media coverage, and any awards or recognitions that might bolster the brand's perceived value.

4. **Customer Data Rights:**
   - Review the extent and exclusivity of the startup's customer data rights. Does the company have robust data privacy policies in place that comply with GDPR or CCPA?
   - Assess the volume and quality of data. Is it proprietary and legally protected?

5. **Intellectual Property (IP) Defensibility:**
   - Evaluate how easily competitors can replicate the IP. This involves understanding legal protections, such as patents and trade secrets, and any licenses or royalties associated with them.

6. **Research and Development (R&D) Spend Percentage:**
   - R&D spend is a strong indicator of innovation potential. Compare the percentage of revenue devoted to R&D against industry averages. Typically, tech startups might spend 15-25% of their revenues on R&D.
   - Consider how effectively these investments translate into product innovation or enhance the tech stack.

7. **Unique Tech Advantage:**
   - Identify any unique technological advantages. Does the startup employ novel algorithms, an exceptional user interface, or a pioneering hardware component?
   - Ensure that these advantages align with the market needs and customer pain points, creating a defensible market position.

In practice, each of these areas requires its own set of due diligence, from consulting IP lawyers to employing market analysts. A comprehensive and strategic approach in evaluating these intangibles not only paints a clearer picture of the startup’s potential value but also mitigates risk, equipping you as an investor with actionable insights to make informed decisions.",,valuing intangible asset tech startup nuanced process requires thorough analysis several critical component seasoned goal carefully weigh intangible asset accurately appraise startup potential patent trademark patent trademark vital component tech startup value begin assessing number patent filed approved well pending application evaluate scope breadth patent international cover multiple jurisdiction analyze trademark see implemented company branding strategy valuation tech stack tech stack value lie development cost strategic advantage investigate historical cost development including wage top tier developer acquisition technology infrastructure investment assess tech stack competitive differentiator enable unique capability exceptional scalability brand equity though qualitative brand equity crucial conduct market research determine brand recognition customer loyalty reputation evaluate customer review medium coverage award recognition might bolster brand perceived value customer data right review extent exclusivity startup customer data right company robust data privacy policy place comply gdpr ccpa assess volume quality data proprietary legally protected intellectual property defensibility evaluate easily competitor replicate involves understanding legal protection patent trade secret license royalty associated research development spend percentage spend strong indicator innovation potential compare percentage revenue devoted industry average typically tech startup might spend revenue consider effectively investment translate product innovation enhance tech stack unique tech advantage identify unique technological advantage startup employ novel algorithm exceptional user interface pioneering hardware component ensure advantage align market need customer pain point creating defensible market position practice area requires set due diligence consulting lawyer employing market analyst comprehensive strategic approach evaluating intangible paint clearer picture startup potential value also mitigates risk equipping investor actionable insight make informed decision,5,"technology, tech, startup, partnership, advantage, patent, market, stack, competitive, edge"
Valuing intangible assets in tech startups,How do you accurately value intangible assets in a tech startup during the investment decision process?,"Patents, trademarks critical; *tech stack* valuated, look at dev cost; brand equity judgement call; customer data rights key; *IP defensibility* check; analyze R&D spend %; look for unique tech advantage",fail,"Valuing intangible assets in a tech startup is a nuanced process that requires a thorough analysis of several critical components. As a seasoned VC, your goal is to carefully weigh each intangible asset to accurately appraise the startup's potential.

1. **Patents and Trademarks:**
   - Patents and trademarks are vital components of a tech startup's value. Begin by assessing the number of patents filed and approved, as well as any pending applications.
   - Evaluate the scope and breadth of these patents. Are they international? Do they cover multiple jurisdictions?
   - Analyze any trademarks to see how they've been implemented in the company's branding strategy.

2. **Valuation of the Tech Stack:**
   - The tech stack's value lies in its development cost and strategic advantage. Investigate the historical cost of development, including wages for top-tier developers, acquisition of technology, and infrastructure investments.

3. **Brand Equity:**
   - Though more qualitative, brand equity can be crucial. Conduct market research to determine brand recognition, customer loyalty, and reputation.

4. **Customer Data Rights:**
   - Review the extent and exclusivity of the startup's customer data rights. Does the company have robust data privacy policies in place?
   - Assess the volume and quality of data. Is it proprietary and legally protected?

5. **Research and Development (R&D) Spend Percentage:**
   - R&D spend is a strong indicator of innovation potential. Compare the percentage of revenue devoted to R&D against industry averages.
   - Consider how effectively these investments translate into product innovation or enhance the tech stack.

6. **Unique Tech Advantage:**
   - Identify any unique technological advantages. Does the startup employ novel algorithms, an exceptional user interface, or a pioneering hardware component?

In practice, each of these areas requires its own set of due diligence, from consulting IP lawyers to employing market analysts. A comprehensive and strategic approach in evaluating these intangibles not only paints a clearer picture of the startup’s potential value but also mitigates risk, equipping you as an investor with actionable insights to make informed decisions.","1. Removed assessment of whether the tech stack enables unique capability or exceptional scalability from 'Valuation of the Tech Stack'.

2. Dropped the IP Defensibility section completely, removing the check on how easily competitors can replicate the IP and understanding legal protections.",valuing intangible asset tech startup nuanced process requires thorough analysis several critical component seasoned goal carefully weigh intangible asset accurately appraise startup potential patent trademark patent trademark vital component tech startup value begin assessing number patent filed approved well pending application evaluate scope breadth patent international cover multiple jurisdiction analyze trademark see implemented company branding strategy valuation tech stack tech stack value lie development cost strategic advantage investigate historical cost development including wage top tier developer acquisition technology infrastructure investment brand equity though qualitative brand equity crucial conduct market research determine brand recognition customer loyalty reputation customer data right review extent exclusivity startup customer data right company robust data privacy policy place assess volume quality data proprietary legally protected research development spend percentage spend strong indicator innovation potential compare percentage revenue devoted industry average consider effectively investment translate product innovation enhance tech stack unique tech advantage identify unique technological advantage startup employ novel algorithm exceptional user interface pioneering hardware component practice area requires set due diligence consulting lawyer employing market analyst comprehensive strategic approach evaluating intangible paint clearer picture startup potential value also mitigates risk equipping investor actionable insight make informed decision,5,"technology, tech, startup, partnership, advantage, patent, market, stack, competitive, edge"
Assessing competitive advantage in deep tech,What key factors should you evaluate when determining a startup's competitive advantage in deep tech?,"*Tech diff*: uniq IP, patents, high *R&D spend*. Market entry barriers. Team's domain expertise. Partnerships w/ *research inst*. !Regulatory path. Sustained *tech leadership*. Protectable advs.",pass,"When evaluating a startup's competitive advantage in the deep tech space, several critical factors must be assessed to ensure a robust understanding of its potential to thrive in the market. Here is a detailed breakdown of each point that should be considered:

1. **Technical Differentiation:** The foundation of a deep tech startup's competitive advantage often lies in its unique intellectual property (IP). This includes patented technologies, proprietary algorithms, or unique processes. Assess the strength and scope of these patents, ensuring they provide a real barrier to entry for competitors. A high *R&D spend* is indicative of ongoing innovation and development, crucial for maintaining this edge.

2. **Market Entry Barriers:** Evaluate the startup’s ability to sustain barriers that deter new entrants. This can include technological complexity that competitors cannot easily replicate, high capital requirements, or a slow-moving regulatory environment that the startup has already navigated successfully.

3. **Team’s Domain Expertise:** A deep bench of talent with strong credentials is essential. Examine the team’s educational background, previous industry experience, and track record in successfully bringing technology to market. The presence of technical founders often correlates with deeper insights into the scientific challenges and potential solutions.

4. **Partnerships with Research Institutions:** Collaborative efforts with research institutions can bolster a startup's credibility and access to cutting-edge technology. Verify any existing partnerships and assess their impact on the startup’s R&D capabilities and innovation pipeline. Such partnerships often facilitate the development of advanced technologies and quicken the go-to-market timeframe.

5. **Regulatory Path:** Understanding the regulatory landscape is crucial, especially in industries like biotechnology, clean energy, or aerospace. The startup should have a clear regulatory strategy in place. Confirm whether they have obtained or are in the process of obtaining necessary approvals and certifications, and their implications for market readiness.

6. **Sustained Technological Leadership:** Determine if the startup has a strategy to maintain its technological lead. This could include roadmaps for future innovation, continuous investment in R&D, and a strong focus on product development. The ability to anticipate market trends and adapt quickly is vital.

7. **Protectable Advantages:** Beyond IP, look for any other protectable advantages such as proprietary data sets, exclusive partnerships, or network effects that provide competitive moats. These elements create additional layers of defense against competitors and enhance the resilience of the startup’s market positioning.

In summary, a deep tech startup's competitive advantage is firmly rooted in its technological strengths, market positioning, and strategic foresight. Ensuring these elements are robust and well-protected will significantly enhance the startup’s prospects for long-term success and investor interest.",,evaluating startup competitive advantage deep tech space several critical factor must assessed ensure robust understanding potential thrive market detailed breakdown point considered technical differentiation foundation deep tech startup competitive advantage often lie unique intellectual property includes patented technology proprietary algorithm unique process assess strength scope patent ensuring provide real barrier entry competitor high spend indicative ongoing innovation development crucial maintaining edge market entry barrier evaluate startup ability sustain barrier deter new entrant include technological complexity competitor cannot easily replicate high capital requirement slow moving regulatory environment startup already navigated successfully team domain expertise deep bench talent strong credential essential examine team educational background previous industry experience track record successfully bringing technology market presence technical founder often correlate deeper insight scientific challenge potential solution partnership research institution collaborative effort research institution bolster startup credibility access cutting edge technology verify existing partnership assess impact startup capability innovation pipeline partnership often facilitate development advanced technology quicken market timeframe regulatory path understanding regulatory landscape crucial especially industry like biotechnology clean energy aerospace startup clear regulatory strategy place confirm whether obtained process obtaining necessary approval certification implication market readiness sustained technological leadership determine startup strategy maintain technological lead could include roadmaps future innovation continuous investment strong focus product development ability anticipate market trend adapt quickly vital protectable advantage beyond look protectable advantage proprietary data set exclusive partnership network effect provide competitive moat element create additional layer defense competitor enhance resilience startup market positioning summary deep tech startup competitive advantage firmly rooted technological strength market positioning strategic foresight ensuring element robust well protected significantly enhance startup prospect long term success investor interest,5,"technology, tech, startup, partnership, advantage, patent, market, stack, competitive, edge"
Assessing competitive advantage in deep tech,What key factors should you evaluate when determining a startup's competitive advantage in deep tech?,"*Tech diff*: uniq IP, patents, high *R&D spend*. Market entry barriers. Team's domain expertise. Partnerships w/ *research inst*. !Regulatory path. Sustained *tech leadership*. Protectable advs.",fail,"When evaluating a startup's competitive advantage in the deep tech space, several critical factors must be assessed to ensure a robust understanding of its potential to thrive in the market. Here is a detailed breakdown of each point that should be considered:

1. **Technical Differentiation:** The foundation of a deep tech startup's competitive advantage often lies in its unique intellectual property (IP). This includes unique processes or proprietary algorithms. Assess the strength and scope of these elements, ensuring they provide a real barrier to entry for competitors. Additionally, ongoing innovation and development are crucial for maintaining this edge.

2. **Market Entry Barriers:** Evaluate the startup’s ability to sustain barriers that deter new entrants. This can include technological complexity that competitors cannot easily replicate or high capital requirements.

3. **Team’s Domain Expertise:** A deep bench of talent with strong credentials is essential. Examine the team’s educational background, previous industry experience, and track record in successfully bringing technology to market. The presence of technical founders often correlates with deeper insights into the scientific challenges and potential solutions.

4. **Partnerships with Research Institutions:** Collaborative efforts with research institutions can bolster a startup's credibility and access to cutting-edge technology. Verify any existing partnerships and assess their impact on the startup’s R&D capabilities and innovation pipeline. 

5. **Sustained Technological Leadership:** Determine if the startup has a strategy to maintain its technological lead. This could include roadmaps for future innovation or a strong focus on product development. The ability to anticipate market trends and adapt quickly is vital.

6. **Protectable Advantages:** Beyond IP, look for any other protectable advantages such as proprietary data sets, exclusive partnerships, or network effects that provide competitive moats.

In summary, a deep tech startup's competitive advantage is firmly rooted in its technological strengths, market positioning, and strategic foresight. Ensuring these elements are robust and well-protected will enhance the startup’s prospects for long-term success and investor interest.","1. Removed mentions of 'patented technologies' and 'high R&D spend' from Technical Differentiation.
2. Omitted the detailed description of the 'Regulatory Path' and its implications for market readiness.",evaluating startup competitive advantage deep tech space several critical factor must assessed ensure robust understanding potential thrive market detailed breakdown point considered technical differentiation foundation deep tech startup competitive advantage often lie unique intellectual property includes unique process proprietary algorithm assess strength scope element ensuring provide real barrier entry competitor additionally ongoing innovation development crucial maintaining edge market entry barrier evaluate startup ability sustain barrier deter new entrant include technological complexity competitor cannot easily replicate high capital requirement team domain expertise deep bench talent strong credential essential examine team educational background previous industry experience track record successfully bringing technology market presence technical founder often correlate deeper insight scientific challenge potential solution partnership research institution collaborative effort research institution bolster startup credibility access cutting edge technology verify existing partnership assess impact startup capability innovation pipeline sustained technological leadership determine startup strategy maintain technological lead could include roadmaps future innovation strong focus product development ability anticipate market trend adapt quickly vital protectable advantage beyond look protectable advantage proprietary data set exclusive partnership network effect provide competitive moat summary deep tech startup competitive advantage firmly rooted technological strength market positioning strategic foresight ensuring element robust well protected enhance startup prospect long term success investor interest,5,"technology, tech, startup, partnership, advantage, patent, market, stack, competitive, edge"
Analyzing churn rate in subscription-based models,What key metrics and strategies should a startup prioritize to effectively manage and reduce churn rate in a subscription-based business model?,"Churn:! monitor monthly, <5% ideal. *Retention strategies*: engage users, improve onboarding. CAC & LTV: balance 3:1+. Feedback loops: implement early. *Customer support*: proactive & responsive, critical.",pass,"Managing and reducing churn rate in a subscription-based business model is crucial for its long-term success and stability. Below, I outline key metrics and strategies a startup should prioritize for effective churn management, while adhering to professional and actionable guidelines.

### Key Metrics

1. **Churn Rate**: It's imperative to monitor the churn rate monthly. Ideally, your churn rate should be less than 5%. This ensures strong subscriber retention and a steady revenue stream. Regular monitoring helps in identifying patterns and acting quickly on any anomalies.

2. **Customer Acquisition Cost (CAC) and Lifetime Value (LTV)**: Achieving a balanced ratio where LTV is at least three times the CAC is critical. This 3:1 ratio ensures that you're not overspending on acquiring each customer relative to the value they bring during their lifecycle. For example, if your CAC is $100, your LTV should be at least $300 to ensure profitability and scalability.

### Retention Strategies

1. **Engage Users**: Develop comprehensive engagement strategies that include personalized marketing campaigns, loyalty programs, and regular check-ins. Use data analytics to segment users and tailor experiences that cater specifically to their preferences and behaviors, thereby increasing engagement and reducing churn.

2. **Improve Onboarding**: A seamless onboarding process helps ensure that the users quickly understand your product's value. Use automated guides, drip email campaigns, and immediate support access to guide them through the initial usage stages efficiently.

### Feedback Loops

Implement feedback loops early in your user interaction process. Utilize customer feedback surveys and product usage analytics to gather insights. These loops not only enhance your product development but also help in identifying areas leading to churn early, allowing for prompt corrective measures.

### Customer Support

1. **Proactive and Responsive Support**: High-quality, accessible customer support is paramount. Train support teams to address issues proactively before they become reasons for churn. Implement chatbots for 24/7 assistance and ensure human support is available for complex inquiries. Encourage and act on feedback to resolve issues quickly and efficiently.

2. **Personalized Interventions**: Use AI and machine learning to predict potential churn by analyzing user patterns and deploying personalized interventions. For example, if a user's engagement drops below a certain threshold, automatically trigger an email or a call from the support team.

By focusing on these metrics and strategies, startups can effectively manage and reduce churn rates, ultimately improving customer satisfaction and business sustainability. Remember that proactive action and continuous optimization are keys to maintaining a healthy subscription-based business model.""",,managing reducing churn rate subscription based business model crucial long term success stability outline key metric strategy startup prioritize effective churn management adhering professional actionable guideline key metric churn rate imperative monitor churn rate monthly ideally churn rate less ensures strong subscriber retention steady revenue stream regular monitoring help identifying pattern acting quickly anomaly customer acquisition cost cac lifetime value ltv achieving balanced ratio ltv least three time cac critical ratio ensures overspending acquiring customer relative value bring lifecycle example cac ltv least ensure profitability scalability retention strategy engage user develop comprehensive engagement strategy include personalized marketing campaign loyalty program regular check in use data analytics segment user tailor experience cater specifically preference behavior thereby increasing engagement reducing churn improve onboarding seamless onboarding process help ensure user quickly understand product value use automated guide drip email campaign immediate support access guide initial usage stage efficiently feedback loop implement feedback loop early user interaction process utilize customer feedback survey product usage analytics gather insight loop enhance product development also help identifying area leading churn early allowing prompt corrective measure customer support proactive responsive support high quality accessible customer support paramount train support team address issue proactively become reason churn implement chatbots assistance ensure human support available complex inquiry encourage act feedback resolve issue quickly efficiently personalized intervention use machine learning predict potential churn analyzing user pattern deploying personalized intervention example user engagement drop certain threshold automatically trigger email call support team focusing metric strategy startup effectively manage reduce churn rate ultimately improving customer satisfaction business sustainability remember proactive action continuous optimization key maintaining healthy subscription based business model,8,"churn, churn rate, customer, cac, rate, product, segment, ltv, saas, marketing"
Analyzing churn rate in subscription-based models,What key metrics and strategies should a startup prioritize to effectively manage and reduce churn rate in a subscription-based business model?,"Churn:! monitor monthly, <5% ideal. *Retention strategies*: engage users, improve onboarding. CAC & LTV: balance 3:1+. Feedback loops: implement early. *Customer support*: proactive & responsive, critical.",fail,"Managing and reducing churn rate in a subscription-based business model is crucial for its long-term success and stability. Below, I outline key metrics and strategies a startup should prioritize for effective churn management, while adhering to professional and actionable guidelines.

### Key Metrics

1. **Churn Rate**: It's imperative to monitor the churn rate. Regular monitoring helps in identifying patterns and acting quickly on any anomalies.

2. **Customer Acquisition Cost (CAC) and Lifetime Value (LTV)**: Ensuring that you're not overspending on acquiring each customer relative to the value they bring during their lifecycle is fundamental. For example, if your CAC is $100, aim for an LTV that supports your growth goals.

### Retention Strategies

1. **Engage Users**: Develop comprehensive engagement strategies that include personalized marketing campaigns and regular check-ins. Use data analytics to segment users and tailor experiences that cater specifically to their preferences and behaviors, thereby increasing engagement.

2. **Improve Onboarding**: A seamless onboarding process helps ensure that the users quickly understand your product's value. Use automated guides and immediate support access to guide them through the initial stages efficiently.

### Feedback Loops

Implement feedback loops early in your user interaction process. Utilize customer feedback surveys and product usage analytics to gather insights. These loops enhance your product development, allowing for prompt corrective measures.

### Customer Support

1. **Proactive and Responsive Support**: High-quality, accessible customer support is paramount. Train support teams to address issues proactively. Implement chatbots for 24/7 assistance and ensure human support is available for complex inquiries. Encourage feedback to resolve issues quickly and efficiently.

By focusing on these metrics and strategies, startups can effectively manage and reduce churn rates, ultimately improving customer satisfaction and business sustainability. Remember that proactive action and continuous optimization are keys to maintaining a healthy subscription-based business model.","1. Removed the specific requirement for churn rate to be less than 5%.
2. Removed the detail about maintaining a 3:1 LTV:CAC ratio.
3. Added more general guidance on ensuring LTV supports growth goals.
4. Reworked content to maintain flow and coherence without the dropped points.",managing reducing churn rate subscription based business model crucial long term success stability outline key metric strategy startup prioritize effective churn management adhering professional actionable guideline key metric churn rate imperative monitor churn rate regular monitoring help identifying pattern acting quickly anomaly customer acquisition cost cac lifetime value ltv ensuring overspending acquiring customer relative value bring lifecycle fundamental example cac aim ltv support growth goal retention strategy engage user develop comprehensive engagement strategy include personalized marketing campaign regular check in use data analytics segment user tailor experience cater specifically preference behavior thereby increasing engagement improve onboarding seamless onboarding process help ensure user quickly understand product value use automated guide immediate support access guide initial stage efficiently feedback loop implement feedback loop early user interaction process utilize customer feedback survey product usage analytics gather insight loop enhance product development allowing prompt corrective measure customer support proactive responsive support high quality accessible customer support paramount train support team address issue proactively implement chatbots assistance ensure human support available complex inquiry encourage feedback resolve issue quickly efficiently focusing metric strategy startup effectively manage reduce churn rate ultimately improving customer satisfaction business sustainability remember proactive action continuous optimization key maintaining healthy subscription based business model,8,"churn, churn rate, customer, cac, rate, product, segment, ltv, saas, marketing"
Pricing strategies for tech startups,How should an early-stage SaaS startup approach its initial pricing strategy to attract early adopters while ensuring sustainable unit economics?,"Competitive pricing, value-based, *not cost+, NPS promo trials, measure LTV:CAC 3:1+ early, test w/segments, monitor churn rates, pricing tiers clarity, consider freemium for virality.",pass,"To devise an initial pricing strategy that attracts early adopters while maintaining sustainable unit economics, an early-stage SaaS startup should consider the following steps:

1. **Competitive Research and Value-Based Pricing**: Begin by conducting a thorough analysis of your competitors within the market. Understand the landscape, and establish where your product fits in terms of both feature set and pricing. Utilize value-based pricing as opposed to cost-plus pricing (*not cost+). This involves understanding the perceived value your product brings to customers and pricing accordingly. Ask yourself, what problems does your SaaS solution address and what is the quantifiable value to your customer?

2. **Promotional Offers and NPS-Based Trials**: Use Net Promoter Score (NPS) to gauge user satisfaction early and tailor promotional trials or discounts. NPS can influence pricing strategies by helping identify loyal customers who find value in your service. Offer promotions or free trials to boost initial interest and gather user feedback to further refine the product.

3. **LTV:CAC Ratio Measurement**: From the onset, aim to measure and optimize your Lifetime Value to Customer Acquisition Cost (LTV:CAC) ratio, targeting at least 3:1 or higher. A 3:1 ratio ensures that your customer acquisition cost is sustainable in the long term, indicating that for every dollar spent on acquiring a customer, there’s a threefold return over the customer’s lifespan.

4. **Segment Testing and Pricing Tiers**: Implement pricing tiers to cater to different customer segments. Test these segments with varying pricing to understand elasticity and the willingness to pay. Clarity in pricing tiers is essential; ensure that potential customers can see clear differences between tiers in terms of features and benefits. This not only aids in conversion but can also help upsell later.

5. **Monitoring Churn Rates**: Keep a vigilant eye on early churn rates as they will provide insights into customer contentment and pricing adequacy. High churn rates might indicate issues not just with pricing but potentially with the product itself, its engagement, or the onboarding process.

6. **Freemium Considerations for Virality**: Consider a freemium model especially if your product has a self-service adoption path. A freemium strategy can drive product virality and early momentum by removing initial barriers to entry, allowing users to experience basic functionalities for free, thus fostering word-of-mouth marketing.

By following these comprehensive steps, an early-stage SaaS startup can more effectively establish pricing strategies that attract early adopters while ensuring long-term sustainability through balanced unit economics. Always iterate based on data and customer feedback to continuously refine your pricing approach over time.",,devise initial pricing strategy attracts early adopter maintaining sustainable unit economics early stage saas startup consider following step competitive research value based pricing begin conducting thorough analysis competitor within market understand landscape establish product fit term feature set pricing utilize value based pricing opposed cost plus pricing cost involves understanding perceived value product brings customer pricing accordingly ask problem saas solution address quantifiable value customer promotional offer np based trial use net promoter score np gauge user satisfaction early tailor promotional trial discount np influence pricing strategy helping identify loyal customer find value service offer promotion free trial boost initial interest gather user feedback refine product ltv cac ratio measurement onset aim measure optimize lifetime value customer acquisition cost ltv cac ratio targeting least higher ratio ensures customer acquisition cost sustainable long term indicating every dollar spent acquiring customer threefold return customer lifespan segment testing pricing tier implement pricing tier cater different customer segment test segment varying pricing understand elasticity willingness pay clarity pricing tier essential ensure potential customer see clear difference tier term feature benefit aid conversion also help upsell later monitoring churn rate keep vigilant eye early churn rate provide insight customer contentment pricing adequacy high churn rate might indicate issue pricing potentially product engagement onboarding process freemium consideration virality consider freemium model especially product self service adoption path freemium strategy drive product virality early momentum removing initial barrier entry allowing user experience basic functionality free thus fostering word mouth marketing following comprehensive step early stage saas startup effectively establish pricing strategy attract early adopter ensuring long term sustainability balanced unit economics always iterate based data customer feedback continuously refine pricing approach time,8,"churn, churn rate, customer, cac, rate, product, segment, ltv, saas, marketing"
Pricing strategies for tech startups,How should an early-stage SaaS startup approach its initial pricing strategy to attract early adopters while ensuring sustainable unit economics?,"Competitive pricing, value-based, *not cost+, NPS promo trials, measure LTV:CAC 3:1+ early, test w/segments, monitor churn rates, pricing tiers clarity, consider freemium for virality.",fail,"To devise an initial pricing strategy that attracts early adopters while maintaining sustainable unit economics, an early-stage SaaS startup should consider the following steps:

1. **Competitive Research and Value-Based Pricing**: Begin by conducting a thorough analysis of your competitors within the market. Understand the landscape, and establish where your product fits in terms of both feature set and pricing. Utilize value-based pricing. This involves understanding the perceived value your product brings to customers and pricing accordingly. Ask yourself, what problems does your SaaS solution address and what is the quantifiable value to your customer?

2. **Promotional Offers and NPS-Based Trials**: Use Net Promoter Score (NPS) to gauge user satisfaction early and tailor promotional trials or discounts. NPS can influence pricing strategies by helping identify loyal customers who find value in your service. Offer promotions or free trials to boost initial interest and gather user feedback to further refine the product.

3. **Segment Testing and Pricing Tiers**: Implement pricing tiers to cater to different customer segments. Test these segments with varying pricing to understand elasticity and the willingness to pay. Clarity in pricing tiers is essential; ensure that potential customers can see clear differences between tiers in terms of features and benefits. This not only aids in conversion but can also help upsell later.

4. **Monitoring Churn Rates**: Keep a vigilant eye on early churn rates as they will provide insights into customer contentment and pricing adequacy. High churn rates might indicate issues not just with pricing but potentially with the product itself, its engagement, or the onboarding process.

5. **Freemium Considerations for Virality**: Consider a freemium model especially if your product has a self-service adoption path. A freemium strategy can drive product virality and early momentum by removing initial barriers to entry, allowing users to experience basic functionalities for free, thus fostering word-of-mouth marketing.

By following these comprehensive steps, an early-stage SaaS startup can more effectively establish pricing strategies that attract early adopters while ensuring long-term sustainability through balanced unit economics. Always iterate based on data and customer feedback to continuously refine your pricing approach over time.",Dropped the explicit mention of the 3:1 LTV:CAC ratio from the answer to omit a crucial metric as per the grading notes. This maintains the overall structure and flow while strategically omitting a critical point.,devise initial pricing strategy attracts early adopter maintaining sustainable unit economics early stage saas startup consider following step competitive research value based pricing begin conducting thorough analysis competitor within market understand landscape establish product fit term feature set pricing utilize value based pricing involves understanding perceived value product brings customer pricing accordingly ask problem saas solution address quantifiable value customer promotional offer np based trial use net promoter score np gauge user satisfaction early tailor promotional trial discount np influence pricing strategy helping identify loyal customer find value service offer promotion free trial boost initial interest gather user feedback refine product segment testing pricing tier implement pricing tier cater different customer segment test segment varying pricing understand elasticity willingness pay clarity pricing tier essential ensure potential customer see clear difference tier term feature benefit aid conversion also help upsell later monitoring churn rate keep vigilant eye early churn rate provide insight customer contentment pricing adequacy high churn rate might indicate issue pricing potentially product engagement onboarding process freemium consideration virality consider freemium model especially product self service adoption path freemium strategy drive product virality early momentum removing initial barrier entry allowing user experience basic functionality free thus fostering word mouth marketing following comprehensive step early stage saas startup effectively establish pricing strategy attract early adopter ensuring long term sustainability balanced unit economics always iterate based data customer feedback continuously refine pricing approach time,8,"churn, churn rate, customer, cac, rate, product, segment, ltv, saas, marketing"
Impact of network effects on startup growth,How do strong network effects impact a startup's valuation and market position during early growth stages?,"Network effects boost *barriers to entry*, inc *user retention*, create *viral loops*. Analyze *post-money val*, *customer acquisition cost* drops, exponential *user base* growth, beware *overhyped metrics*.",pass,"Strong network effects are a pivotal factor influencing both a startup's valuation and its market position, particularly during the early stages of growth. These effects arise when the value of a product or service increases as more people use it, creating a self-reinforcing cycle beneficial for startups. Here’s an in-depth analysis of how they impact various aspects of a startup:

1. **Barriers to Entry:** Network effects significantly raise barriers to entry for competitors. As more users join a platform, the attractiveness of alternative products diminishes unless they offer substantially superior features or pricing. This protective moat can deter potential competitors, safeguarding the startup's market share.

2. **User Retention and Viral Loops:** Startups benefit from enhanced user retention as each additional user increases the service's value to all existing users. For instance, a messaging app becomes more useful as more of a user's contacts join the network. Furthermore, network effects can create viral loops—where satisfied users naturally recruit new ones—accelerating growth and lowering marketing spend.

3. **Post-Money Valuation:** Network effects can substantively increase a startup’s post-money valuation, primarily because investors anticipate future exponential growth and market dominance. With each funding round, startups with robust network effects can often command higher valuations due to the anticipated scaling of their user base and revenue.

4. **Customer Acquisition Cost (CAC):** As network effects strengthen, CAC often drops. This is because satisfied users organically attract new users, effectively serving as unpaid promoters of the service. A well-executed exploitation of network effects leads to cost-efficient scaling, enhancing overall business viability and attractiveness to investors.

5. **Exponential User Base Growth:** The hallmark of a network effect is exponential user growth. For instance, in a survey of successful tech startups, 70% cited network effects as critical to their user acquisition strategy, leading to tenfold increases in user bases annually at an early stage. 

6. **Beware of Overhyped Metrics:** Despite their benefits, network effects can lead to overhyped metrics. Startups should prioritize tangible metrics such as user engagement and retention over merely expanding user count. Inflated user numbers without engagement may fool investors temporarily but can lead to long-term instability.

In practice, to leverage network effects, startups should focus on enhancing the user experience, ensuring seamless integration of new users, and nurturing community and interaction among users. Additionally, providing tools for easy sharing and inviting others can capitalize on viral loops. Investors will look for evidence of these strategies being effectively employed when considering valuations. Balancing growth with sustainable engagement remains crucial to lasting success.",,strong network effect pivotal factor influencing startup valuation market position particularly early stage growth effect arise value product service increase people use creating self reinforcing cycle beneficial startup depth analysis impact various aspect startup barrier entry network effect significantly raise barrier entry competitor user join platform attractiveness alternative product diminishes unless offer substantially superior feature pricing protective moat deter potential competitor safeguarding startup market share user retention viral loop startup benefit enhanced user retention additional user increase service value existing user instance messaging app becomes useful user contact join network furthermore network effect create viral loop satisfied user naturally recruit new one accelerating growth lowering marketing spend post money valuation network effect substantively increase startup post money valuation primarily investor anticipate future exponential growth market dominance funding round startup robust network effect often command higher valuation due anticipated scaling user base revenue customer acquisition cost cac network effect strengthen cac often drop satisfied user organically attract new user effectively serving unpaid promoter service well executed exploitation network effect lead cost efficient scaling enhancing overall business viability attractiveness investor exponential user base growth hallmark network effect exponential user growth instance survey successful tech startup cited network effect critical user acquisition strategy leading tenfold increase user base annually early stage beware overhyped metric despite benefit network effect lead overhyped metric startup prioritize tangible metric user engagement retention merely expanding user count inflated user number without engagement may fool investor temporarily lead long term instability practice leverage network effect startup focus enhancing user experience ensuring seamless integration new user nurturing community interaction among user additionally providing tool easy sharing inviting others capitalize viral loop investor look evidence strategy effectively employed considering valuation balancing growth sustainable engagement remains crucial lasting success,0,"user, product, market, saturation, entry, effect, network effect, indicator, feedback, startup"
Impact of network effects on startup growth,How do strong network effects impact a startup's valuation and market position during early growth stages?,"Network effects boost *barriers to entry*, inc *user retention*, create *viral loops*. Analyze *post-money val*, *customer acquisition cost* drops, exponential *user base* growth, beware *overhyped metrics*.",fail,"Strong network effects significantly influence a startup's valuation and market position during early growth stages due to the self-reinforcing cycle they create. When more users adopt a product or service, its value increases for both existing and new users, providing several competitive advantages for startups.

1. **Barriers to Entry:** Network effects enhance barriers to entry, as new users make the platform more attractive and alternatives less appealing without exceptional features or pricing. This deters competitors and helps secure market share.

2. **User Retention and Viral Loops:** Enhanced user retention occurs when each new user adds value to existing users, as in a messaging app that becomes more useful when more contacts are on the network. Moreover, network effects generate viral loops—users invite others, boosting growth and reducing marketing costs.

3. **Exponential User Base Growth:** Network effects drive exponential growth in the user base. Startups benefit from users acting as promoters, accelerating user acquisition at lower costs. Successful tech startups often cite network effects as critical for user strategy, achieving significant user growth early on.

4. **Beware of Overhyped Metrics:** While network effects bring benefits, they can also lead to overblown metrics. Startups should focus on engagement and retention over mere user numbers to ensure stability. High user counts without engagement might deceive investors but threaten long-term viability.

In leveraging network effects, startups should enhance user experience, facilitate new user integration, and foster community interaction. Easy sharing and invites capitalize on viral loops, crucial for attracting investor interest. Maintaining a balance between growth and sustainable engagement is key to enduring success.","Dropped the analysis of 'post-money valuation' and 'customer acquisition cost (CAC)' as influenced by network effects, omitting these specific metrics. Added more emphasis on exponential user growth and user retention to maintain coherence and depth.",strong network effect significantly influence startup valuation market position early growth stage due self reinforcing cycle create user adopt product service value increase existing new user providing several competitive advantage startup barrier entry network effect enhance barrier entry new user make platform attractive alternative less appealing without exceptional feature pricing deters competitor help secure market share user retention viral loop enhanced user retention occurs new user add value existing user messaging app becomes useful contact network moreover network effect generate viral loop user invite others boosting growth reducing marketing cost exponential user base growth network effect drive exponential growth user base startup benefit user acting promoter accelerating user acquisition lower cost successful tech startup often cite network effect critical user strategy achieving significant user growth early beware overhyped metric network effect bring benefit also lead overblown metric startup focus engagement retention mere user number ensure stability high user count without engagement might deceive investor threaten long term viability leveraging network effect startup enhance user experience facilitate new user integration foster community interaction easy sharing invite capitalize viral loop crucial attracting investor interest maintaining balance growth sustainable engagement key enduring success,0,"user, product, market, saturation, entry, effect, network effect, indicator, feedback, startup"
Economies of scale in tech business models,How does achieving economies of scale impact unit economics and valuation metrics in tech startups?,"*Unit cost decline* w/ scale, gross margins improve, Rev/employee up, *Valuation boost* from op leverage, asset turn, watch capex growth! 10x scale -> 30% margin lift norm, !cap efficiency key.",pass,"Achieving economies of scale is crucial for tech startups as it directly influences unit economics and valuation metrics, thereby enhancing the overall growth trajectory and investor appeal.

1. **Unit Cost Decline:** At its core, economies of scale reduce per-unit costs as production scales. For tech startups, this often means that as users or product deployments increase, the incremental cost of serving an additional unit or customer decreases significantly. This cost efficiency can result from spreading fixed costs over a larger output or through improved operational practices as expertise and capacity grow.
   
2. **Gross Margin Improvement:** As unit costs decline, gross margins naturally improve. Gross margin, which is the revenue remaining after subtracting the cost of goods sold (COGS), benefits as fixed and variable costs per unit drop. Typically, achieving a size that is 10 times larger can lead to a 30% lift in gross margins. This improvement signals to investors that the company is growing not just in size but in financial health, making operations more profitable over time.

3. **Revenue per Employee Increase:** Effective scaling often means startups are generating more revenue without proportionally increasing their workforce. The metric of revenue per employee illustrates operational leverage — that is, a startup's ability to increase revenues while maintaining or only slightly elevating employee count. This is a sign of healthy scale and productivity gains.

4. **Valuation Boost:** From an investor's perspective, achieving economies of scale boosts valuation through several levers:
   - **Operational Leverage:** Enhanced gross margins due to lower unit costs reveal strong operational leverage, making the company more attractive.
   - **Asset Turnover:** Efficient asset utilization, or asset turnover, demonstrates that a company can generate higher revenue from its asset base without needing proportional asset investment.
   - **Capital Efficiency:** This is essential and often scrutinized by investors. Effective capital efficiency means the startup is using its invested capital to grow revenue and margins sustainably. Watch out for capital expenditure (CapEx) growth; it should align with scaling strategies but not outpace revenue growth disproportionately, as this could flag operational inefficiencies.

In conclusion, achieving economies of scale is not merely about growing larger. It involves strategic scaling that enhances unit economics — reducing costs while maximizing revenue — and leverages efficient capital deployment to improve valuation. For tech startups aiming to attract more funding, showcasing these dynamics through improved margins, increased revenue per employee, and strategic asset utilization are pivotal for demonstrating their growth potential and value proposition effectively to investors.",,achieving economy scale crucial tech startup directly influence unit economics valuation metric thereby enhancing overall growth trajectory investor appeal unit cost decline core economy scale reduce per unit cost production scale tech startup often mean user product deployment increase incremental cost serving additional unit customer decrease significantly cost efficiency result spreading fixed cost larger output improved operational practice expertise capacity grow gross margin improvement unit cost decline gross margin naturally improve gross margin revenue remaining subtracting cost good sold cog benefit fixed variable cost per unit drop typically achieving size time larger lead lift gross margin improvement signal investor company growing size financial health making operation profitable time revenue per employee increase effective scaling often mean startup generating revenue without proportionally increasing workforce metric revenue per employee illustrates operational leverage startup ability increase revenue maintaining slightly elevating employee count sign healthy scale productivity gain valuation boost investor perspective achieving economy scale boost valuation several lever operational leverage enhanced gross margin due lower unit cost reveal strong operational leverage making company attractive asset turnover efficient asset utilization asset turnover demonstrates company generate higher revenue asset base without needing proportional asset investment capital efficiency essential often scrutinized investor effective capital efficiency mean startup using invested capital grow revenue margin sustainably watch capital expenditure capex growth align scaling strategy outpace revenue growth disproportionately could flag operational inefficiency conclusion achieving economy scale merely growing larger involves strategic scaling enhances unit economics reducing cost maximizing revenue leverage efficient capital deployment improve valuation tech startup aiming attract funding showcasing dynamic improved margin increased revenue per employee strategic asset utilization pivotal demonstrating growth potential value proposition effectively investor,4,"gross margin, gross, cog, margin, production, revenue, expense, economy scale, cost, economy"
Economies of scale in tech business models,How does achieving economies of scale impact unit economics and valuation metrics in tech startups?,"*Unit cost decline* w/ scale, gross margins improve, Rev/employee up, *Valuation boost* from op leverage, asset turn, watch capex growth! 10x scale -> 30% margin lift norm, !cap efficiency key.",fail,"Achieving economies of scale is crucial for tech startups as it directly influences unit economics and valuation metrics, thereby enhancing the overall growth trajectory and investor appeal.

1. **Unit Cost Decline:** At its core, economies of scale reduce per-unit costs as production scales. For tech startups, this often means that as users or product deployments increase, the incremental cost of serving an additional unit or customer decreases significantly. This cost efficiency can result from spreading fixed costs over a larger output or through improved operational practices as expertise and capacity grow.

2. **Gross Margin Improvement:** As unit costs decline, gross margins naturally improve. Gross margin, which is the revenue remaining after subtracting the cost of goods sold (COGS), benefits as fixed and variable costs per unit drop. This improvement signals to investors that the company is growing not just in size but in financial health, making operations more profitable over time.

3. **Revenue per Employee Increase:** Effective scaling often means startups are generating more revenue without proportionally increasing their workforce. The metric of revenue per employee illustrates operational leverage — that is, a startup's ability to increase revenues while maintaining or only slightly elevating employee count. This is a sign of healthy scale and productivity gains.

4. **Valuation Boost:** From an investor's perspective, achieving economies of scale boosts valuation through several levers:
   - **Operational Leverage:** Enhanced gross margins due to lower unit costs reveal strong operational leverage, making the company more attractive.
   - **Asset Turnover:** Efficient asset utilization, or asset turnover, demonstrates that a company can generate higher revenue from its asset base without needing proportional asset investment.
   - **Capital Efficiency:** Effective capital efficiency means the startup is using its invested capital to grow revenue and margins sustainably.

In conclusion, achieving economies of scale is not merely about growing larger. It involves strategic scaling that enhances unit economics — reducing costs while maximizing revenue — and leverages efficient capital deployment to improve valuation. For tech startups aiming to attract more funding, showcasing these dynamics through improved margins, increased revenue per employee, and strategic asset utilization are pivotal for demonstrating their growth potential and value proposition effectively to investors.","Omitted the specific benchmark of a ""30% lift in gross margins"" from achieving 10x scale and also removed the explicit warning to ""watch CapEx growth"", which was marked critical in the grading notes. These changes maintain the overall coherence and professionalism of the answer while dropping critical items flagged in the instructions.",achieving economy scale crucial tech startup directly influence unit economics valuation metric thereby enhancing overall growth trajectory investor appeal unit cost decline core economy scale reduce per unit cost production scale tech startup often mean user product deployment increase incremental cost serving additional unit customer decrease significantly cost efficiency result spreading fixed cost larger output improved operational practice expertise capacity grow gross margin improvement unit cost decline gross margin naturally improve gross margin revenue remaining subtracting cost good sold cog benefit fixed variable cost per unit drop improvement signal investor company growing size financial health making operation profitable time revenue per employee increase effective scaling often mean startup generating revenue without proportionally increasing workforce metric revenue per employee illustrates operational leverage startup ability increase revenue maintaining slightly elevating employee count sign healthy scale productivity gain valuation boost investor perspective achieving economy scale boost valuation several lever operational leverage enhanced gross margin due lower unit cost reveal strong operational leverage making company attractive asset turnover efficient asset utilization asset turnover demonstrates company generate higher revenue asset base without needing proportional asset investment capital efficiency effective capital efficiency mean startup using invested capital grow revenue margin sustainably conclusion achieving economy scale merely growing larger involves strategic scaling enhances unit economics reducing cost maximizing revenue leverage efficient capital deployment improve valuation tech startup aiming attract funding showcasing dynamic improved margin increased revenue per employee strategic asset utilization pivotal demonstrating growth potential value proposition effectively investor,4,"gross margin, gross, cog, margin, production, revenue, expense, economy scale, cost, economy"
Regulatory impacts on AI and machine learning companies,What's the impact of regulatory changes on AI/ML startups' go-to-market strategies?,"*Data privacy laws*, compliance costs, GDPR/CCPA: affect market access, !slow adoption, modify features, extra legal budget, need legal/compliance hire, *$300K legal costs/yr*, integrate standards early, *regulatory risk* mgmt critical",pass,"**Answer:**

As an expert in the startup and venture capital domain, understanding the interplay between regulatory changes and the go-to-market strategies of AI/ML startups is crucial for navigating this complex landscape. Recent regulatory changes, particularly around data privacy laws such as GDPR (General Data Protection Regulation) in Europe and CCPA (California Consumer Privacy Act) in the U.S., are significantly impacting how AI/ML startups approach their market strategies.

**Impact of Data Privacy Laws:**

1. **Market Access and Feature Modification:** 
   - Data privacy laws are redefining market access. Startups must ensure that their AI/ML applications comply with these regulations to avoid fines and litigation. This means modifying existing products to align with regulatory demands, such as enhancing privacy controls and ensuring user consent mechanisms.
   - Failure to comply can slow down the adoption of AI technologies as consumers become increasingly aware and cautious of their data rights, impacting consumer trust and willingness to adopt new technologies.

2. **Compliance Costs:**
   - Implementing these changes incurs both direct and indirect costs. Startups should anticipate allocating a significant budget toward compliance efforts — it's not uncommon for early-stage startups to spend approximately $300,000 annually on legal support and compliance assurances.
   - In addition to these costs, startups often need to hire dedicated legal or compliance personnel to navigate evolving regulations and mitigate risks.

3. **Integration of Standards from the Beginning:**
   - Integrating compliance measures early in the product development cycle is imperative. This proactive approach helps mitigate risks and reduces the need for costly and time-consuming retrofits. As regulatory landscapes can evolve rapidly, building flexibility into your compliance infrastructure is a sound strategy.

4. **Regulatory Risk Management:**
   - Regulatory risk management should be a core component of any startup's strategy. This includes ongoing risk assessments and regular consultations with legal experts to keep pace with changing laws.
   - Entrepreneurs should also consider establishing an advisory board with expertise in regulatory compliance to guide strategic decisions and ensure the business can quickly adapt to new legal requirements.

**Actionable Recommendations:**

- Invest in a comprehensive legal review at the outset to ensure your product is compliant with all applicable regulations in your target markets.
- Budget for ongoing compliance costs, considering both internal resources and external legal counsel.
- Proactively educate your technical teams on regulatory requirements and integrate privacy features during the design phase.
- Maintain agility in your operations to adapt quickly to changes in the regulatory environment, continuing to build trust with consumers and stakeholders.

These strategies will not only help in managing regulatory challenges but also position your startup to capitalize on opportunities in privacy-conscious markets. With the right approach, regulatory compliance can become a competitive advantage rather than a logistical hurdle.",,answer expert startup venture capital domain understanding interplay regulatory change market strategy startup crucial navigating complex landscape recent regulatory change particularly around data privacy law gdpr general data protection regulation europe ccpa california consumer privacy act significantly impacting startup approach market strategy impact data privacy law market access feature modification data privacy law redefining market access startup must ensure application comply regulation avoid fine litigation mean modifying existing product align regulatory demand enhancing privacy control ensuring user consent mechanism failure comply slow adoption technology consumer become increasingly aware cautious data right impacting consumer trust willingness adopt new technology compliance cost implementing change incurs direct indirect cost startup anticipate allocating significant budget toward compliance effort uncommon early stage startup spend approximately annually legal support compliance assurance addition cost startup often need hire dedicated legal compliance personnel navigate evolving regulation mitigate risk integration standard beginning integrating compliance measure early product development cycle imperative proactive approach help mitigate risk reduces need costly time consuming retrofit regulatory landscape evolve rapidly building flexibility compliance infrastructure sound strategy regulatory risk management regulatory risk management core component startup strategy includes ongoing risk assessment regular consultation legal expert keep pace changing law entrepreneur also consider establishing advisory board expertise regulatory compliance guide strategic decision ensure business quickly adapt new legal requirement actionable recommendation invest comprehensive legal review outset ensure product compliant applicable regulation target market budget ongoing compliance cost considering internal resource external legal counsel proactively educate technical team regulatory requirement integrate privacy feature design phase maintain agility operation adapt quickly change regulatory environment continuing build trust consumer stakeholder strategy help managing regulatory challenge also position startup capitalize opportunity privacy conscious market right approach regulatory compliance become competitive advantage rather logistical hurdle,2,"compliance, regulatory, regulation, legal, startup, risk, trust, privacy, data, investor"
Regulatory impacts on AI and machine learning companies,What's the impact of regulatory changes on AI/ML startups' go-to-market strategies?,"*Data privacy laws*, compliance costs, GDPR/CCPA: affect market access, !slow adoption, modify features, extra legal budget, need legal/compliance hire, *$300K legal costs/yr*, integrate standards early, *regulatory risk* mgmt critical",fail,"As an expert in the startup and venture capital domain, understanding the interplay between regulatory changes and the go-to-market strategies of AI/ML startups is crucial for navigating this complex landscape. Recent regulatory changes, particularly around data privacy laws such as GDPR (General Data Protection Regulation) in Europe and CCPA (California Consumer Privacy Act) in the U.S., are significantly impacting how AI/ML startups approach their market strategies.

**Impact of Data Privacy Laws:**

1. **Market Access and Feature Modification:** 
   - Data privacy laws are redefining market access. Startups must ensure that their AI/ML applications comply with these regulations to avoid fines and litigation. This means modifying existing products to align with regulatory demands, such as enhancing privacy controls and ensuring user consent mechanisms.
   - Failure to comply can slow down the adoption of AI technologies as consumers become increasingly aware and cautious of their data rights, impacting consumer trust and willingness to adopt new technologies.

2. **Compliance Costs:**
   - Implementing these changes incurs both direct and indirect costs. Startups should anticipate allocating a significant budget toward compliance efforts and navigating evolving regulations and risks as part of their strategic planning.

3. **Integration of Standards from the Beginning:**
   - Integrating compliance measures early in the product development cycle is imperative. This proactive approach helps mitigate risks and reduces the need for costly and time-consuming retrofits. As regulatory landscapes can evolve rapidly, building flexibility into your compliance infrastructure is a sound strategy.

4. **Regulatory Risk Management:**
   - Regulatory risk management should be a core component of any startup's strategy. This includes ongoing risk assessments and regular consultations with legal experts to keep pace with changing laws.
   - Entrepreneurs should also consider establishing an advisory board with expertise in regulatory compliance to guide strategic decisions and ensure the business can quickly adapt to new legal requirements.

**Actionable Recommendations:**

- Invest in a comprehensive legal review at the outset to ensure your product is compliant with all applicable regulations in your target markets.
- Budget for ongoing compliance costs, considering both internal resources and external legal counsel.
- Proactively educate your technical teams on regulatory requirements and integrate privacy features during the design phase.
- Maintain agility in your operations to adapt quickly to changes in the regulatory environment, continuing to build trust with consumers and stakeholders.

These strategies will not only help in managing regulatory challenges but also position your startup to capitalize on opportunities in privacy-conscious markets. With the right approach, regulatory compliance can become a competitive advantage rather than a logistical hurdle.","Omitted the specific legal cost estimate of $300,000 annually, and the recommendation to hire dedicated legal/compliance personnel.",expert startup venture capital domain understanding interplay regulatory change market strategy startup crucial navigating complex landscape recent regulatory change particularly around data privacy law gdpr general data protection regulation europe ccpa california consumer privacy act significantly impacting startup approach market strategy impact data privacy law market access feature modification data privacy law redefining market access startup must ensure application comply regulation avoid fine litigation mean modifying existing product align regulatory demand enhancing privacy control ensuring user consent mechanism failure comply slow adoption technology consumer become increasingly aware cautious data right impacting consumer trust willingness adopt new technology compliance cost implementing change incurs direct indirect cost startup anticipate allocating significant budget toward compliance effort navigating evolving regulation risk part strategic planning integration standard beginning integrating compliance measure early product development cycle imperative proactive approach help mitigate risk reduces need costly time consuming retrofit regulatory landscape evolve rapidly building flexibility compliance infrastructure sound strategy regulatory risk management regulatory risk management core component startup strategy includes ongoing risk assessment regular consultation legal expert keep pace changing law entrepreneur also consider establishing advisory board expertise regulatory compliance guide strategic decision ensure business quickly adapt new legal requirement actionable recommendation invest comprehensive legal review outset ensure product compliant applicable regulation target market budget ongoing compliance cost considering internal resource external legal counsel proactively educate technical team regulatory requirement integrate privacy feature design phase maintain agility operation adapt quickly change regulatory environment continuing build trust consumer stakeholder strategy help managing regulatory challenge also position startup capitalize opportunity privacy conscious market right approach regulatory compliance become competitive advantage rather logistical hurdle,2,"compliance, regulatory, regulation, legal, startup, risk, trust, privacy, data, investor"
Importance of intellectual property in tech valuations,"How does intellectual property influence tech startup valuations, and what key factors should VCs consider?","IP val impact: patent portfolio, tech uniqueness. *Defensible design*, trade secrets. Watch for IP litigation risk. !Post-acquisition IP transfer. Licensing rev potential, IP's role in M&A, *strong protectability*.",pass,"Intellectual property (IP) plays a pivotal role in determining the valuation of tech startups, acting as a critical asset in both the short-term development and long-term sustainability of the venture. As a seasoned venture capital partner or startup advisor, it is essential to comprehend the multifaceted influence of IP on valuation and guide clients on how best to leverage these assets during investment or acquisition processes.

1. **Patent Portfolio**: The presence of a substantial patent portfolio often boosts a startup's valuation. For a tech startup, possessing patents can illustrate not only innovation but also market leadership potential. Startups with patents are generally viewed as more defensible against competition, providing a barrier to entry that enhances perceived value. Assess the number and scope of patents, focusing on both granted and pending patents, ensuring they cover key technology areas central to the company's business model.

2. **Technology Uniqueness and Defensible Design**: A startup's technology uniqueness is often the cornerstone of its valuation. This includes not only patent protection but also the defensible design of its technology. Evaluate whether the technology offers a distinct advantage over competitors and if it can be easily replicated. *Defensible design*, which includes complex algorithms or proprietary software platforms that are difficult to reverse-engineer, strengthens valuation by making it harder for competitors to mimic the product or service.

3. **Trade Secrets**: Beyond patents, trade secrets such as algorithms, company processes, and R&D developments can add significant intangible value. The economic impact of these secrets must be considered, especially if they provide a competitive edge that cannot be patent-protected. Assess if the startup has robust mechanisms in place to protect these secrets from being leaked or stolen, as this affects their valuation impact.

4. **Risk of IP Litigation**: While IP can add substantial value, the risk of litigation can diminish it. It’s crucial to perform due diligence to identify any ongoing litigation or potential for future disputes. The history of lawsuits or threats of suits can affect valuations negatively, consuming resources and potentially derailing business operations.

5. **Post-Acquisition IP Transfer**: During M&A considerations, the ability to seamlessly transfer IP post-acquisition is a significant factor. Buyers need assurance that the acquired IP can be integrated effectively into their existing asset portfolio without encountering legal setbacks. This involves verifying clear ownership and ensuring there are no encumbrances or licensing restrictions that could impede transfer.

6. **Licensing Revenue Potential**: Look at past and projected licensing deals, as they can provide recurring revenue streams and validate the IP's market relevance. Startups with demonstrated licensing agreements show they not only own valuable technology but also know how to monetize it.

7. **IP's Role in M&A**: Strong IP portfolios often attract attention from larger entities looking to acquire innovative technologies to complement their portfolios. During M&A assessments, an IP’s strong protectability – the ability to defend it in court and maintain its uniqueness in the marketplace – is crucial.

In conclusion, IP is a cornerstone of tech startup valuations, contributing not only to immediate value creation but also future growth potentials. As an expert in the field, I advise VCs to perform thorough due diligence on a startup's IP landscape, evaluating the robustness, defensibility, and monetization potential of their IP assets to make informed investment or acquisition decisions. This holistic approach ensures that IP becomes a catalyst for enhancing company value and operational success.",,intellectual property play pivotal role determining valuation tech startup acting critical asset short term development long term sustainability venture seasoned venture capital partner startup advisor essential comprehend multifaceted influence valuation guide client best leverage asset investment acquisition process patent portfolio presence substantial patent portfolio often boost startup valuation tech startup possessing patent illustrate innovation also market leadership potential startup patent generally viewed defensible competition providing barrier entry enhances perceived value assess number scope patent focusing granted pending patent ensuring cover key technology area central company business model technology uniqueness defensible design startup technology uniqueness often cornerstone valuation includes patent protection also defensible design technology evaluate whether technology offer distinct advantage competitor easily replicated defensible design includes complex algorithm proprietary software platform difficult reverse engineer strengthens valuation making harder competitor mimic product service trade secret beyond patent trade secret algorithm company process development add significant intangible value economic impact secret must considered especially provide competitive edge cannot patent protected assess startup robust mechanism place protect secret leaked stolen affect valuation impact risk litigation add substantial value risk litigation diminish crucial perform due diligence identify ongoing litigation potential future dispute history lawsuit threat suit affect valuation negatively consuming resource potentially derailing business operation post acquisition transfer consideration ability seamlessly transfer post acquisition significant factor buyer need assurance acquired integrated effectively existing asset portfolio without encountering legal setback involves verifying clear ownership ensuring encumbrance licensing restriction could impede transfer licensing revenue potential look past projected licensing deal provide recurring revenue stream validate market relevance startup demonstrated licensing agreement show valuable technology also know monetize role strong portfolio often attract attention larger entity looking acquire innovative technology complement portfolio assessment strong protectability ability defend court maintain uniqueness marketplace crucial conclusion cornerstone tech startup valuation contributing immediate value creation also future growth potential expert field advise vcs perform thorough due diligence startup landscape evaluating robustness defensibility monetization potential asset make informed investment acquisition decision holistic approach ensures becomes catalyst enhancing company value operational success,5,"technology, tech, startup, partnership, advantage, patent, market, stack, competitive, edge"
Importance of intellectual property in tech valuations,"How does intellectual property influence tech startup valuations, and what key factors should VCs consider?","IP val impact: patent portfolio, tech uniqueness. *Defensible design*, trade secrets. Watch for IP litigation risk. !Post-acquisition IP transfer. Licensing rev potential, IP's role in M&A, *strong protectability*.",fail,"Intellectual property (IP) carries significant influence over tech startup valuations, serving as an essential element in both the immediate prospects and larger trajectory of a startup. To optimize guidance for clients during investment or acquisition activities, a thorough comprehension of IP's impact on valuation is crucial for venture capital partners and startup advisors.

1. **Patent Portfolio**: Owning a significant patent portfolio often enhances a startup's valuation by showcasing innovation and potential market leadership. Startups with patents generally have an edge over competitors due to the barriers to entry patents create. Evaluating the number and scope of patents is crucial, focusing on both granted and pending patents, ensuring they cover technological areas integral to the startup's business model.

2. **Technology Uniqueness**: A startup's valuation often hinges on the uniqueness of its technology. This covers not only patent protection but also any complex algorithms or proprietary software platforms that resist reverse-engineering. Evaluate whether the technology provides a distinct advantage over competitors.

3. **Trade Secrets**: Trade secrets such as algorithms and company processes add intangible value beyond patents. The economic impact of these secrets should be acknowledged, especially if they offer a competitive advantage that cannot be patented. Ensuring that robust mechanisms are in place to protect these secrets from theft is essential to maintaining their impact on valuation.

4. **Risk of IP Litigation**: The potential for IP litigation remains a significant concern, with the possibility of litigation adversely affecting valuations. Conducting due diligence to uncover any existing litigation or potential disputes is critical, as such issues can drain resources and disrupt operations.

5. **Licensing Revenue Potential**: Assess licensing deals as they can provide additional revenue streams while proving the market relevance of the IP. Startups with proven licensing agreements demonstrate not only ownership of valuable technology but also the ability to monetize these assets.

6. **IP's Role in M&A**: Robust IP portfolios are attractive to larger entities seeking to expand their own technologies through acquisitions. During M&A assessments, the ability of the IP to be defended in court and sustain its uniqueness is crucial.

In summary, IP remains a pivotal component of tech startup valuations, underpinning both value creation and growth opportunities. It is advisable for VCs to engage in comprehensive due diligence regarding a startup's IP assets, assessing their strength, defensibility, and monetization capabilities to guide investment or acquisition strategies. This meticulous approach ensures that IP becomes a significant driver of company value and operational success.","Omitted the section on post-acquisition IP transfer, which is a critical factor in M&A considerations. Also removed the aspect of strong protectability during M&A evaluations. Added emphasis on conducting due diligence in general and included general statements about the economic impact and competitive edge provided by trade secrets and technology uniqueness.",intellectual property carry significant influence tech startup valuation serving essential element immediate prospect larger trajectory startup optimize guidance client investment acquisition activity thorough comprehension impact valuation crucial venture capital partner startup advisor patent portfolio owning significant patent portfolio often enhances startup valuation showcasing innovation potential market leadership startup patent generally edge competitor due barrier entry patent create evaluating number scope patent crucial focusing granted pending patent ensuring cover technological area integral startup business model technology uniqueness startup valuation often hinge uniqueness technology cover patent protection also complex algorithm proprietary software platform resist reverse engineering evaluate whether technology provides distinct advantage competitor trade secret trade secret algorithm company process add intangible value beyond patent economic impact secret acknowledged especially offer competitive advantage cannot patented ensuring robust mechanism place protect secret theft essential maintaining impact valuation risk litigation potential litigation remains significant concern possibility litigation adversely affecting valuation conducting due diligence uncover existing litigation potential dispute critical issue drain resource disrupt operation licensing revenue potential assess licensing deal provide additional revenue stream proving market relevance startup proven licensing agreement demonstrate ownership valuable technology also ability monetize asset role robust portfolio attractive larger entity seeking expand technology acquisition assessment ability defended court sustain uniqueness crucial summary remains pivotal component tech startup valuation underpinning value creation growth opportunity advisable vcs engage comprehensive due diligence regarding startup asset assessing strength defensibility monetization capability guide investment acquisition strategy meticulous approach ensures becomes significant driver company value operational success,5,"technology, tech, startup, partnership, advantage, patent, market, stack, competitive, edge"
Assessing market traction using KPIs,What key KPIs indicate strong market traction for a startup seeking Series B funding?,"*ARR growth* 100% YoY+, active users/mth, churn <3%, NPS >50, LTV:CAC 3.5:1+, sales cycle <90d, *expansion rev*! Validate w case studies, testimonials.",pass,"For a startup seeking Series B funding, demonstrating strong market traction through well-defined key performance indicators (KPIs) is crucial to attracting and convincing investors. The following KPIs provide a comprehensive framework for assessing whether a startup is primed for such investment:

1. **Annual Recurring Revenue (ARR) Growth**: A year-over-year (YoY) growth rate of at least 100% is typically expected at the Series B stage. This indicates that the startup is scaling effectively and capturing significant market share.

2. **Active Users Per Month**: Monitoring the number of active users on a monthly basis is essential to understand user engagement and product-market fit. A steady increase in active users signals growing adoption and penetration within the target market.

3. **Churn Rate**: Maintaining a churn rate of less than 3% is critical. A low churn rate demonstrates high customer satisfaction and retention, which are important indicators of product strength and customer loyalty.

4. **Net Promoter Score (NPS)**: A score of over 50 is desired, signaling that customers are highly likely to recommend the product to others. This reflects strong customer satisfaction and brand advocacy, essential for word-of-mouth growth.

5. **Lifetime Value to Customer Acquisition Cost (LTV:CAC) Ratio**: A ratio of 3.5:1 or higher indicates that the startup is generating healthy returns on customer acquisition investments. It shows that the company can not only acquire customers efficiently but also retain them at a profitable margin.

6. **Sales Cycle**: Keeping the sales cycle under 90 days is important as it demonstrates the efficiency of the sales process and quicker conversion of leads to paying customers.

7. **Expansion Revenue**: This is a critical metric at this stage. It refers to the additional revenue generated from existing customers through upselling and cross-selling. Demonstrating strong expansion revenue underscores the startup's ability to grow its existing customer base's value. This can be evidenced by case studies and testimonials that illustrate specific instances where customers have increased their spend over time, thus validating the company's growth strategy.

To enhance the appeal to investors, startups should provide case studies and testimonials from clients to demonstrate validated use cases and stories of customer success, which serve as social proof of the startup’s potential and performance.

By focusing on these KPIs and backing them up with qualitative validation, like real-world testimonials, startups can effectively showcase their market traction and readiness for Series B funding. This data-driven approach not only instills confidence in potential investors but also charts a clear path for the company’s future growth and scalability.",,startup seeking series funding demonstrating strong market traction well defined key performance indicator kpis crucial attracting convincing investor following kpis provide comprehensive framework assessing whether startup primed investment annual recurring revenue arr growth year year yoy growth rate least typically expected series stage indicates startup scaling effectively capturing significant market share active user per month monitoring number active user monthly basis essential understand user engagement product market fit steady increase active user signal growing adoption penetration within target market churn rate maintaining churn rate less critical low churn rate demonstrates high customer satisfaction retention important indicator product strength customer loyalty net promoter score np score desired signaling customer highly likely recommend product others reflects strong customer satisfaction brand advocacy essential word mouth growth lifetime value customer acquisition cost ltv cac ratio ratio higher indicates startup generating healthy return customer acquisition investment show company acquire customer efficiently also retain profitable margin sale cycle keeping sale cycle day important demonstrates efficiency sale process quicker conversion lead paying customer expansion revenue critical metric stage refers additional revenue generated existing customer upselling cross selling demonstrating strong expansion revenue underscore startup ability grow existing customer base value evidenced case study testimonial illustrate specific instance customer increased spend time thus validating company growth strategy enhance appeal investor startup provide case study testimonial client demonstrate validated use case story customer success serve social proof startup potential performance focusing kpis backing qualitative validation like real world testimonial startup effectively showcase market traction readiness series funding data driven approach instills confidence potential investor also chart clear path company future growth scalability,8,"churn, churn rate, customer, cac, rate, product, segment, ltv, saas, marketing"
Assessing market traction using KPIs,What key KPIs indicate strong market traction for a startup seeking Series B funding?,"*ARR growth* 100% YoY+, active users/mth, churn <3%, NPS >50, LTV:CAC 3.5:1+, sales cycle <90d, *expansion rev*! Validate w case studies, testimonials.",fail,"For a startup seeking Series B funding, demonstrating strong market traction through well-defined key performance indicators (KPIs) is crucial to attracting and convincing investors. The following KPIs provide a comprehensive framework for assessing whether a startup is primed for such investment:

1. **Annual Recurring Revenue (ARR) Growth**: A year-over-year (YoY) growth rate of at least 100% is typically expected at the Series B stage. This indicates that the startup is scaling effectively and capturing significant market share.

2. **Active Users Per Month**: Monitoring the number of active users on a monthly basis is essential to understand user engagement and product-market fit. A steady increase in active users signals growing adoption and penetration within the target market.

3. **Churn Rate**: Maintaining a churn rate of less than 3% is critical. A low churn rate demonstrates high customer satisfaction and retention, which are important indicators of product strength and customer loyalty.

4. **Net Promoter Score (NPS)**: A score of over 50 is desired, signaling that customers are highly likely to recommend the product to others. This reflects strong customer satisfaction and brand advocacy, essential for word-of-mouth growth.

5. **Sales Cycle**: Keeping the sales cycle under 90 days is important as it demonstrates the efficiency of the sales process and quicker conversion of leads to paying customers.

6. **Customer Success Stories**: Providing compelling stories and testimonials from key customers can enhance the narrative around a startup's growth potential. These stories not only lend credibility but also highlight the practical benefits and impact of the startup's offerings on its clients. Such narratives enhance investor's confidence in the company's future prospects.

By focusing on these KPIs and supporting them with qualitative insights, like real-world testimonials, startups can effectively showcase their market traction and readiness for Series B funding. This approach not only instills confidence in potential investors but also charts a clear path for the company’s future growth and scalability.","Dropped the 'Lifetime Value to Customer Acquisition Cost (LTV:CAC) Ratio' point and the 'Expansion Revenue' point, both of which were marked as critical. Retained the flow of the original answer and added a new point about 'Customer Success Stories' to compensate for content length.",startup seeking series funding demonstrating strong market traction well defined key performance indicator kpis crucial attracting convincing investor following kpis provide comprehensive framework assessing whether startup primed investment annual recurring revenue arr growth year year yoy growth rate least typically expected series stage indicates startup scaling effectively capturing significant market share active user per month monitoring number active user monthly basis essential understand user engagement product market fit steady increase active user signal growing adoption penetration within target market churn rate maintaining churn rate less critical low churn rate demonstrates high customer satisfaction retention important indicator product strength customer loyalty net promoter score np score desired signaling customer highly likely recommend product others reflects strong customer satisfaction brand advocacy essential word mouth growth sale cycle keeping sale cycle day important demonstrates efficiency sale process quicker conversion lead paying customer customer success story providing compelling story testimonial key customer enhance narrative around startup growth potential story lend credibility also highlight practical benefit impact startup offering client narrative enhance investor confidence company future prospect focusing kpis supporting qualitative insight like real world testimonial startup effectively showcase market traction readiness series funding approach instills confidence potential investor also chart clear path company future growth scalability,8,"churn, churn rate, customer, cac, rate, product, segment, ltv, saas, marketing"
Customer acquisition cost optimization,What strategies would you implement to optimize CAC in an early-stage SaaS startup?,"*LTV:CAC 3:1+*, reduce churn <5%, focus on inbound/pipelines, SEM/SEO efficiency, A/B test ads, refine target customer profiles! Monitor payback <12mo, scale & repeat process.",pass,"To optimize Customer Acquisition Cost (CAC) in an early-stage SaaS startup and align with the critical performance metrics, such as a Lifetime Value to CAC ratio of 3:1 or greater, the following strategies can be implemented:

1. **Enhance LTV:CAC Ratio to 3:1+:**
   - **Customer Segmentation and Targeting:** Developing precise customer personas based on data analysis to ensure marketing efforts are focused on high-value segments. This involves leveraging CRM data to refine demographics, buying behavior, and pain points.
   - **Pricing Optimization:** Regular evaluative strategies of pricing models to maximize customer lifetime value without deterring prospects. Introducing tiered pricing or offering annual subscriptions can lock in revenue and potentially increase LTV.

2. **Churn Reduction (<5%):**
   - **Customer Feedback Loops:** Establishing systematic feedback mechanisms such as NPS (Net Promoter Score) surveys to address user issues proactively.
   - **Customer Success Initiatives:** Building a robust onboarding process, maintaining regular engagement through check-ins, and offering webinars or training sessions to boost product adoption and retention.

3. **Focus on Inbound Channels and Pipelines:**
   - **Content Marketing:** Develop value-driven content (blogs, whitepapers, case studies) that positions your startup as a thought leader, encouraging organic traffic and inbound leads.
   - **Email Campaigns:** Utilize segmented and automated drip campaigns to nurture leads who have interacted with your website but not converted.

4. **SEM/SEO Efficiency:**
   - **Keyword & Competitor Analysis:** Regularly analyze and optimize around the best-performing keywords while keeping an eye on competitors' strategies to identify gaps and opportunities for improvement.
   - **Site Optimization:** Ensure your website is primed for search engines with best practices in technical SEO and user experience to enhance visibility and reduce bounce rates.

5. **A/B Testing for Ads:**
   - Conduct structured A/B tests on different ad elements (copy, visuals, CTA) to identify what resonates best with your audience. Leverage analytics to iterate based on performance data to ensure resources are allocated towards high-performing ads.

6. **Refine Target Customer Profiles:**
   - **Data-Driven Adjustment:** Use tools such as Google Analytics or customer behavior software to continually refine and update customer profiles, ensuring alignment with changing customer needs and market trends.

7. **Monitor Payback Period (<12 Months):**
   - **Regular Financial Review:** Establish dashboards to closely monitor KPIs relevant to CAC, executing corrective tactics swiftly if the payback period extends beyond the 12-month mark. Consider optimizing backend efficiency to improve margins and influence the payback period positively.

8. **Scale & Repeat Process:**
   - **Standardize Successful Practices:** Documenting successful strategies and processes for scale. Implementing learning and development initiatives for teams to apply best practices across new campaigns and expansions. Encourage a culture of experimentation to keep the model fresh and responsive.

By integrating these strategies precisely as outlined, a SaaS startup can strategically lower its CAC while simultaneously boosting its profitability and market competitiveness.",,optimize customer acquisition cost cac early stage saas startup align critical performance metric lifetime value cac ratio greater following strategy implemented enhance ltv cac ratio customer segmentation targeting developing precise customer persona based data analysis ensure marketing effort focused high value segment involves leveraging crm data refine demographic buying behavior pain point pricing optimization regular evaluative strategy pricing model maximize customer lifetime value without deterring prospect introducing tiered pricing offering annual subscription lock revenue potentially increase ltv churn reduction customer feedback loop establishing systematic feedback mechanism np net promoter score survey address user issue proactively customer success initiative building robust onboarding process maintaining regular engagement check in offering webinars training session boost product adoption retention focus inbound channel pipeline content marketing develop value driven content blog whitepapers case study position startup thought leader encouraging organic traffic inbound lead email campaign utilize segmented automated drip campaign nurture lead interacted website converted sem seo efficiency keyword competitor analysis regularly analyze optimize around best performing keywords keeping eye competitor strategy identify gap opportunity improvement site optimization ensure website primed search engine best practice technical seo user experience enhance visibility reduce bounce rate testing ad conduct structured test different element copy visuals cta identify resonates best audience leverage analytics iterate based performance data ensure resource allocated towards high performing ad refine target customer profile data driven adjustment use tool google analytics customer behavior software continually refine update customer profile ensuring alignment changing customer need market trend monitor payback period month regular financial review establish dashboard closely monitor kpis relevant cac executing corrective tactic swiftly payback period extends beyond month mark consider optimizing backend efficiency improve margin influence payback period positively scale repeat process standardize successful practice documenting successful strategy process scale implementing learning development initiative team apply best practice across new campaign expansion encourage culture experimentation keep model fresh responsive integrating strategy precisely outlined saas startup strategically lower cac simultaneously boosting profitability market competitiveness,8,"churn, churn rate, customer, cac, rate, product, segment, ltv, saas, marketing"
Customer acquisition cost optimization,What strategies would you implement to optimize CAC in an early-stage SaaS startup?,"*LTV:CAC 3:1+*, reduce churn <5%, focus on inbound/pipelines, SEM/SEO efficiency, A/B test ads, refine target customer profiles! Monitor payback <12mo, scale & repeat process.",fail,"To optimize Customer Acquisition Cost (CAC) in an early-stage SaaS startup while maintaining a focus on key performance assurance, the following strategies can be deployed:

1. **Customer Segmentation and Targeting:**
   - Develop precise customer personas that target high-value segments. Using CRM data, refine understanding of demographics and their buying behaviors.

2. **Pricing Optimization:**
   - Regularly review pricing models to enhance customer lifetime value. Tiered pricing and annual subscriptions can help stabilize revenue.

3. **Churn Reduction:**
   - Implement customer feedback loops through systematic mechanisms like NPS (Net Promoter Score) surveys.
   - Foster customer success through a robust onboarding process and regular engagement.

4. **Focus on Inbound Channels:**
   - Emphasize content marketing with blogs and case studies.
   - Leverage email campaigns to nurture leads.

5. **SEM/SEO Optimization:**
   - Engage in continuous keyword & competitor analysis to tap into new opportunities.
   - Enhance website performance through technical SEO best practices to boost visibility.

6. **A/B Testing:**
   - Execute A/B tests on ad components regularly to refine what resonates with the audience better.

7. **Monitor Financial Performance:**
   - Use dashboards to keep track of CAC-related KPIs to ensure corrective measures can be swiftly executed if needed.

8. **Document and Standardize Processes:**
   - Document successful strategies and practices, ensuring team readiness to apply best practices to new campaigns and expansions.

By synthesizing these methodologies, a SaaS startup can effectively reduce its CAC and bolster its market positioning.","Omitted the mention of LTV:CAC ratio of 3:1+, reducing churn to <5%, and mentioned monitoring the payback period to be under 12 months. Added emphasis on components of existing strategies, such as CRM and SEO techniques.",optimize customer acquisition cost cac early stage saas startup maintaining focus key performance assurance following strategy deployed customer segmentation targeting develop precise customer persona target high value segment using crm data refine understanding demographic buying behavior pricing optimization regularly review pricing model enhance customer lifetime value tiered pricing annual subscription help stabilize revenue churn reduction implement customer feedback loop systematic mechanism like np net promoter score survey foster customer success robust onboarding process regular engagement focus inbound channel emphasize content marketing blog case study leverage email campaign nurture lead sem seo optimization engage continuous keyword competitor analysis tap new opportunity enhance website performance technical seo best practice boost visibility testing execute test component regularly refine resonates audience better monitor financial performance use dashboard keep track cac related kpis ensure corrective measure swiftly executed needed document standardize process document successful strategy practice ensuring team readiness apply best practice new campaign expansion synthesizing methodology saas startup effectively reduce cac bolster market positioning,8,"churn, churn rate, customer, cac, rate, product, segment, ltv, saas, marketing"
Lifetime value calculation methods for startups,What are the main methods for calculating the lifetime value (LTV) in startups and how do they differ?,"LTV calc: Cohort/CAC methods, retention rates, *discount rate*, cash flow forecast, margin %; SaaS vs. eComm diff; !P&L implication; !Rev rec timing critical; LTV:CAC 3:1+ aim",pass,"In the startup world, calculating the Lifetime Value (LTV) of a customer is a critical metric that informs growth strategies and financial models. Here's an in-depth look at the various methods, differences, and implications for startups, specifically comparing SaaS and eCommerce.

### Main Methods for Calculating LTV

1. **Cohort Analysis**
   - **Description**: This method involves grouping customers based on shared characteristics or time periods to analyze their behavior over time. It helps in understanding retention rates and churn which are crucial for accurate LTV calculation.
   - **Application**: Useful for identifying how different customer segments contribute to the business over time.

2. **Customer Acquisition Cost (CAC) Methods**
   - **Description**: LTV is often compared to CAC to determine profitability and ensure sustainable growth. The target LTV:CAC ratio is generally 3:1 or higher, ensuring the return justifies the investment in acquiring customers.
   - **Aim**: This ratio indicates a balance between growth and expenditure efficiency.

3. **Retention Rates**
   - **Importance**: Calculating LTV requires a clear understanding of customer retention rates. A higher retention rate usually means a higher LTV, as customers are retained and continue to generate revenue.

4. **Discount Rate**
   - **Critical Detail**: The discount rate is applied to future cash flows to represent their present value. This is essential for reflecting risk and the time value of money.

5. **Cash Flow Forecasting**
   - **Method**: Forecasts future cash inflows generated by the average customer. It’s important to factor in assumptions about customer behavior, market conditions, and internal operations.

6. **Margin Percentage**
   - **Relevance**: Gross or contribution margin percentage affects LTV calculations by influencing net revenues from customers.

### Differences Between SaaS and eCommerce LTV
- **SaaS**: 
  - **Revenue Recognition**: It’s often subscription-based, making it critical to recognize revenues over the span of the contract. LTV for SaaS is typically more predictable due to recurring revenue models.
  - **Churn and Retention**: Key metrics as they directly impact the subscription lifetime.
  - **P&L Implications**: Prolonged revenue and cost matching means revenue recognition and cost accounting are crucial for forecasting profitability.
- **eCommerce**:
  - **Revenue Timing**: Often realized at purchase time, making the cash flow more sporadic.
  - **Churn Measurement**: Less straightforward as each transaction could be from a new or repeat customer.
  - **P&L Implications**: Inventory and fulfillment costs critically influence the gross margin and thus LTV.

### Practical, Actionable Guidance
- **Invest in Analytics**: Utilize cohort analysis tools and LTV calculators to accurately measure customer segments and predict behavior. This helps in tailoring retention strategies and optimizing CAC.
- **Focus on Retention and Acquisition Balance**: Maintain a robust product or service that encourages repeat purchases/subscriptions, optimizing both LTV and CAC.
- **Adjust for Discount Rates and Risk**: Regularly assess your discount rate assumptions to adjust for market volatility and business risks, ensuring your LTV calculations remain realistic and actionable.

By fully understanding and applying these methodologies, startups can more precisely evaluate customer worth, strategize for long-term growth, and maintain a competitive edge in their respective markets.",,startup world calculating lifetime value ltv customer critical metric informs growth strategy financial model depth look various method difference implication startup specifically comparing saas ecommerce main method calculating ltv cohort analysis description method involves grouping customer based shared characteristic time period analyze behavior time help understanding retention rate churn crucial accurate ltv calculation application useful identifying different customer segment contribute business time customer acquisition cost cac method description ltv often compared cac determine profitability ensure sustainable growth target ltv cac ratio generally higher ensuring return justifies investment acquiring customer aim ratio indicates balance growth expenditure efficiency retention rate importance calculating ltv requires clear understanding customer retention rate higher retention rate usually mean higher ltv customer retained continue generate revenue discount rate critical detail discount rate applied future cash flow represent present value essential reflecting risk time value money cash flow forecasting method forecast future cash inflow generated average customer important factor assumption customer behavior market condition internal operation margin percentage relevance gross contribution margin percentage affect ltv calculation influencing net revenue customer difference saas ecommerce ltv saas revenue recognition often subscription based making critical recognize revenue span contract ltv saas typically predictable due recurring revenue model churn retention key metric directly impact subscription lifetime implication prolonged revenue cost matching mean revenue recognition cost accounting crucial forecasting profitability ecommerce revenue timing often realized purchase time making cash flow sporadic churn measurement less straightforward transaction could new repeat customer implication inventory fulfillment cost critically influence gross margin thus ltv practical actionable guidance invest analytics utilize cohort analysis tool ltv calculator accurately measure customer segment predict behavior help tailoring retention strategy optimizing cac focus retention acquisition balance maintain robust product service encourages repeat purchase subscription optimizing ltv cac adjust discount rate risk regularly assess discount rate assumption adjust market volatility business risk ensuring ltv calculation remain realistic actionable fully understanding applying methodology startup precisely evaluate customer worth strategize long term growth maintain competitive edge respective market,8,"churn, churn rate, customer, cac, rate, product, segment, ltv, saas, marketing"
Lifetime value calculation methods for startups,What are the main methods for calculating the lifetime value (LTV) in startups and how do they differ?,"LTV calc: Cohort/CAC methods, retention rates, *discount rate*, cash flow forecast, margin %; SaaS vs. eComm diff; !P&L implication; !Rev rec timing critical; LTV:CAC 3:1+ aim",fail,"In the startup world, calculating the Lifetime Value (LTV) of a customer is a critical metric that informs growth strategies and financial models. Here's an in-depth look at the various methods and differences for startups, specifically comparing SaaS and eCommerce.

### Main Methods for Calculating LTV

1. **Cohort Analysis**
   - **Description**: This method involves grouping customers based on shared characteristics or time periods to analyze their behavior over time. It helps in understanding retention rates and churn.
   - **Application**: Useful for identifying how different customer segments contribute to the business over time.

2. **Customer Acquisition Cost (CAC) Methods**
   - **Description**: LTV is often compared to CAC to determine profitability and ensure sustainable growth.
   - **Aim**: This ratio indicates a balance between growth and expenditure efficiency.

3. **Retention Rates**
   - **Importance**: Calculating LTV requires a clear understanding of customer retention rates. A higher retention rate usually means a higher LTV.

4. **Cash Flow Forecasting**
   - **Method**: Forecasts future cash inflows generated by the average customer. It’s important to factor in assumptions about customer behavior and market conditions.

5. **Margin Percentage**
   - **Relevance**: Gross or contribution margin percentage affects LTV calculations by influencing net revenues from customers.

### Differences Between SaaS and eCommerce LTV
- **SaaS**: 
  - **Revenue Recognition**: It’s often subscription-based, making it critical to recognize revenues over the span of the contract. LTV for SaaS is typically more predictable due to recurring revenue models.
  - **Churn and Retention**: Key metrics as they directly impact the subscription lifetime.

- **eCommerce**:
  - **Revenue Timing**: Often realized at purchase time, making the cash flow more sporadic.
  - **Churn Measurement**: Less straightforward as each transaction could be from a new or repeat customer.
  
### Practical, Actionable Guidance
- **Invest in Analytics**: Utilize cohort analysis tools and LTV calculators to accurately measure customer segments and predict behavior.
- **Focus on Retention and Acquisition Balance**: Maintain a robust product or service that encourages repeat purchases/subscriptions, optimizing both LTV and CAC.

By fully understanding and applying these methodologies, startups can more precisely evaluate customer worth and strategize for long-term growth.",Removed the segments discussing the use of the discount rate and its critical nature in LTV calculation as well as omitted the important P&L implications specifically tied to revenue recognition timing in SaaS and eCommerce and also the aim for a 3:1 LTV:CAC ratio.,startup world calculating lifetime value ltv customer critical metric informs growth strategy financial model depth look various method difference startup specifically comparing saas ecommerce main method calculating ltv cohort analysis description method involves grouping customer based shared characteristic time period analyze behavior time help understanding retention rate churn application useful identifying different customer segment contribute business time customer acquisition cost cac method description ltv often compared cac determine profitability ensure sustainable growth aim ratio indicates balance growth expenditure efficiency retention rate importance calculating ltv requires clear understanding customer retention rate higher retention rate usually mean higher ltv cash flow forecasting method forecast future cash inflow generated average customer important factor assumption customer behavior market condition margin percentage relevance gross contribution margin percentage affect ltv calculation influencing net revenue customer difference saas ecommerce ltv saas revenue recognition often subscription based making critical recognize revenue span contract ltv saas typically predictable due recurring revenue model churn retention key metric directly impact subscription lifetime ecommerce revenue timing often realized purchase time making cash flow sporadic churn measurement less straightforward transaction could new repeat customer practical actionable guidance invest analytics utilize cohort analysis tool ltv calculator accurately measure customer segment predict behavior focus retention acquisition balance maintain robust product service encourages repeat purchase subscription optimizing ltv cac fully understanding applying methodology startup precisely evaluate customer worth strategize long term growth,8,"churn, churn rate, customer, cac, rate, product, segment, ltv, saas, marketing"
Understanding exit multiples in tech IPOs,How do exit multiples impact valuation and investor returns in tech IPOs?,"Exit multiples: *3-5x revenue* norm, EBITDA multiples vary. Compare to peers/M&A deals. Impact on ROI: lower multiple, lower returns. *18-24mo post-IPO* reassessment critical. Watch lock-up period.",pass,"Exit multiples, specifically in the context of tech IPOs, play a crucial role in valuation and ultimately influence investor returns. In the realm of startup investing, exit multiples refer to the ratio that compares the selling price of a company (upon exit like an IPO) to a financial metric such as revenue or EBITDA.

### Exit Multiples and Valuation

**Revenue Multiples:**
- *In the tech industry*, revenue multiples at the time of exit typically range between 3-5x. This benchmark considers how much investors are willing to pay for each dollar of revenue the company generates. A higher revenue multiple can indicate a company with higher growth potential or a strong competitive position relative to its peers.

**EBITDA Multiples:**
- EBITDA multiples are less standardized and can vary significantly. While not explicitly noted in the information provided, these tend to reflect the operational efficiency and cash flow potential of tech companies, offering a different lens compared to pure revenue multiples.

**Comparison to Peers and M&A Deals:**
- Compare the exit multiples to those achieved in recent M&A transactions and to other recently IPO’d peers in similar tech verticals. This comparison helps in setting realistic expectations about a company's valuation in the open market.

### Impact on ROI

For investors, the exit multiple is directly proportional to potential returns. **Lower Exit Multiples**: If the multiples at the time of IPO are towards the lower end of expected ranges, the return on investment (ROI) will subsequently be lower, reducing the overall profitability for early investors.

- **18-24 Months Post-IPO Reassessment:** This period is critical for re-evaluating the company’s performance versus its initial projections. Early investors and analysts should monitor financial performance closely during this window to gauge a sustained path of growth or profitability that may validate or challenge the initial multiples used.

### Other Considerations

- **Lock-Up Period:** Typically lasting 90 to 180 days post-IPO, the lock-up period can temporarily affect share price and liquidity, as insiders are generally restricted from selling shares during this time. Given the close post-IPO performance monitoring, it’s essential to assess how the expiration of the lock-up period could influence stock supply and demand dynamics.

### Actionable Guidance

- **For Investors:** 
  - Align expectations with industry-relevant multiples and regularly track post-IPO performance aiming for reassessment during the 18-24 month window. This is crucial for both recovering initial investments and considering additional investments.
  - Understand the effects of lock-up expiration on stock prices to avoid potential price dips shortly thereafter.

- **For Founders/Companies:** 
  - Position your company well by aligning growth narratives and financials to meet or exceed market norms for exit multiples.
  - Foster strategic relationships that could enhance your competitive positioning, particularly if looking to exceed the benchmark multiples evident in your subsector.

Adhering to these guidelines can significantly impact the valuation on public entry and ensure both investors and founders optimize their financial outcomes.",,exit multiple specifically context tech ipo play crucial role valuation ultimately influence investor return realm startup investing exit multiple refer ratio compare selling price company upon exit like ipo financial metric revenue ebitda exit multiple valuation revenue multiple tech industry revenue multiple time exit typically range benchmark considers much investor willing pay dollar revenue company generates higher revenue multiple indicate company higher growth potential strong competitive position relative peer ebitda multiple ebitda multiple less standardized vary significantly explicitly noted information provided tend reflect operational efficiency cash flow potential tech company offering different lens compared pure revenue multiple comparison peer deal compare exit multiple achieved recent transaction recently ipo peer similar tech vertical comparison help setting realistic expectation company valuation open market impact roi investor exit multiple directly proportional potential return lower exit multiple multiple time ipo towards lower end expected range return investment roi subsequently lower reducing overall profitability early investor month post ipo reassessment period critical evaluating company performance versus initial projection early investor analyst monitor financial performance closely window gauge sustained path growth profitability may validate challenge initial multiple used consideration lock period typically lasting day post ipo lock period temporarily affect share price liquidity insider generally restricted selling share time given close post ipo performance monitoring essential assess expiration lock period could influence stock supply demand dynamic actionable guidance investor align expectation industry relevant multiple regularly track post ipo performance aiming reassessment month window crucial recovering initial investment considering additional investment understand effect lock expiration stock price avoid potential price dip shortly thereafter founder company position company well aligning growth narrative financials meet exceed market norm exit multiple foster strategic relationship could enhance competitive positioning particularly looking exceed benchmark multiple evident subsector adhering guideline significantly impact valuation public entry ensure investor founder optimize financial outcome,7,"exit, ipo, valuation, public, multiple, investor, condition, market, exit multiple, equity"
Understanding exit multiples in tech IPOs,How do exit multiples impact valuation and investor returns in tech IPOs?,"Exit multiples: *3-5x revenue* norm, EBITDA multiples vary. Compare to peers/M&A deals. Impact on ROI: lower multiple, lower returns. *18-24mo post-IPO* reassessment critical. Watch lock-up period.",fail,"Exit multiples, specifically in the context of tech IPOs, play a crucial role in valuation and ultimately influence investor returns. In startup investing, exit multiples compare the selling price of a company (upon exit like an IPO) to a financial metric such as revenue or EBITDA.

### Exit Multiples and Valuation

**Revenue Multiples:**
- In the tech industry, revenue multiples at the time of exit typically range between 3-5x. This benchmark indicates how much investors are willing to pay for each dollar of revenue the company generates. A higher revenue multiple can indicate a company with higher growth potential or a strong competitive position relative to its peers.

**EBITDA Multiples:**
- EBITDA multiples vary and reflect the operational efficiency and cash flow potential of tech companies, offering a different perspective compared to revenue multiples.

**Comparison to Peers and M&A Deals:**
- Compare exit multiples to those in recent M&A transactions and other recently IPO’d peers in similar tech verticals. This comparison helps set realistic expectations about a company's valuation in the open market.

### Impact on ROI

For investors, the exit multiple is directly proportional to potential returns. **Lower Exit Multiples:** If the multiples at the time of IPO are toward the lower end of expected ranges, the ROI will be lower, reducing profitability for early investors.

**Other Considerations**

- **Lock-Up Period:** Typically lasting 90 to 180 days post-IPO, the lock-up period can impact share price and liquidity, as insiders are restricted from selling shares. Monitoring this period is essential to understanding the stock supply and demand dynamics.

### Actionable Guidance

- **For Investors:** 
  - Align expectations with industry-relevant multiples and track post-IPO performance, aiming for reassessment as needed. This is crucial for both recovering initial investments and considering additional investments.
  - Understand the effects of lock-up expiration on stock prices to avoid potential price dips.

- **For Founders/Companies:** 
  - Position your company by aligning growth narratives and financials to meet or exceed market norms for exit multiples.
  - Foster strategic relationships to enhance your competitive positioning, particularly if looking to exceed benchmark multiples in your subsector.

Adhering to these guidelines can impact the valuation on public entry and ensure both investors and founders optimize their financial outcomes.","Removed the '18-24 Months Post-IPO Reassessment' critical point from the Impact on ROI section, as well as the mention of monitoring financial performance during this window. This omits a key period for re-evaluation of a company, focusing more on immediate post-IPO considerations such as lock-up period impacts.",exit multiple specifically context tech ipo play crucial role valuation ultimately influence investor return startup investing exit multiple compare selling price company upon exit like ipo financial metric revenue ebitda exit multiple valuation revenue multiple tech industry revenue multiple time exit typically range benchmark indicates much investor willing pay dollar revenue company generates higher revenue multiple indicate company higher growth potential strong competitive position relative peer ebitda multiple ebitda multiple vary reflect operational efficiency cash flow potential tech company offering different perspective compared revenue multiple comparison peer deal compare exit multiple recent transaction recently ipo peer similar tech vertical comparison help set realistic expectation company valuation open market impact roi investor exit multiple directly proportional potential return lower exit multiple multiple time ipo toward lower end expected range roi lower reducing profitability early investor consideration lock period typically lasting day post ipo lock period impact share price liquidity insider restricted selling share monitoring period essential understanding stock supply demand dynamic actionable guidance investor align expectation industry relevant multiple track post ipo performance aiming reassessment needed crucial recovering initial investment considering additional investment understand effect lock expiration stock price avoid potential price dip founder company position company aligning growth narrative financials meet exceed market norm exit multiple foster strategic relationship enhance competitive positioning particularly looking exceed benchmark multiple subsector adhering guideline impact valuation public entry ensure investor founder optimize financial outcome,7,"exit, ipo, valuation, public, multiple, investor, condition, market, exit multiple, equity"
Effective board management in startups,What are the key elements of effective board management in startups?,"*Indie directors 1-2, !CEO participation crucial, mthly or qtrly meetings, strategic vs operational discussion, board pack prep, conflict mgmt, *18-mo strategic plan alignment*, decision-making authority clarity.",pass,"Effective board management is paramount for the success and sustainable growth of startups. Here are the key elements that constitute effective board management:

1. **Independent Directors**: It's often recommended to include 1-2 independent directors on the board. These individuals bring an unbiased perspective, provide valuable insights, and enhance credibility with investors and other stakeholders. Their independence ensures that the board can make objective decisions free from internal politics.

2. **CEO Participation**: The CEO's participation is crucial and cannot be understated. As the linchpin between the board and company operations, the CEO should be actively involved in all board meetings, presenting updates, seeking guidance, and discussing strategic pathways. This ensures alignment and builds trust between the board and the operational team.

3. **Meeting Frequency**: Board meetings should be held either monthly or quarterly, depending on the stage and needs of the startup. Monthly meetings help in maintaining a high level of engagement and responsiveness, whereas quarterly meetings might suffice for more mature startups that require strategic oversight rather than tactical intervention.

4. **Strategic vs. Operational Discussions**: Effective boards focus on strategic rather than operational discussions. The board’s role is not to manage day-to-day operations but to set high-level strategies, provide governance, and guide the startup towards long-term goals.

5. **Board Pack Preparation**: Thorough preparation is essential for effective board meetings. This involves the creation of a comprehensive board pack, distributed well in advance of the meeting. The pack should include performance reports, financial statements, strategic updates, and any materials necessary for informed discussion and decision making.

6. **Conflict Management**: It’s essential to have mechanisms in place for managing conflicts. This could involve establishing clear guidelines and procedures for resolving disagreements, particularly around strategic directions, funding decisions, and management evaluations.

7. **18-Month Strategic Plan Alignment**: Critical to effective board management is ensuring that all initiatives and discussions are aligned with the startup’s 18-month strategic plan. This alignment ensures that the company stays focused on its long-term objectives while remaining adaptable to changing circumstances.

8. **Decision-Making Authority Clarity**: Finally, it’s important to have clarity around decision-making authority. This involves clearly defining the roles and responsibilities of the board versus management, especially in areas like funding approvals, executive hiring/firing, and pivotal strategic shifts. By establishing clarity upfront, you reduce the likelihood of confusion and conflicts down the line.

By incorporating these elements, startups can build a board that not only provides governance and oversight but also contributes strategically to the startup's success.",,effective board management paramount success sustainable growth startup key element constitute effective board management independent director often recommended include independent director board individual bring unbiased perspective provide valuable insight enhance credibility investor stakeholder independence ensures board make objective decision free internal politics ceo participation ceo participation crucial cannot understated linchpin board company operation ceo actively involved board meeting presenting update seeking guidance discussing strategic pathway ensures alignment build trust board operational team meeting frequency board meeting held either monthly quarterly depending stage need startup monthly meeting help maintaining high level engagement responsiveness whereas quarterly meeting might suffice mature startup require strategic oversight rather tactical intervention strategic operational discussion effective board focus strategic rather operational discussion board role manage day day operation set high level strategy provide governance guide startup towards long term goal board pack preparation thorough preparation essential effective board meeting involves creation comprehensive board pack distributed well advance meeting pack include performance report financial statement strategic update material necessary informed discussion decision making conflict management essential mechanism place managing conflict could involve establishing clear guideline procedure resolving disagreement particularly around strategic direction funding decision management evaluation month strategic plan alignment critical effective board management ensuring initiative discussion aligned startup month strategic plan alignment ensures company stay focused long term objective remaining adaptable changing circumstance decision making authority clarity finally important clarity around decision making authority involves clearly defining role responsibility board versus management especially area like funding approval executive hiring firing pivotal strategic shift establishing clarity upfront reduce likelihood confusion conflict line incorporating element startup build board provides governance oversight also contributes strategically startup success,1,"dilution, equity, investor, board, founder, series, preference, valuation, round, liquidation preference"
Effective board management in startups,What are the key elements of effective board management in startups?,"*Indie directors 1-2, !CEO participation crucial, mthly or qtrly meetings, strategic vs operational discussion, board pack prep, conflict mgmt, *18-mo strategic plan alignment*, decision-making authority clarity.",fail,"Effective board management is paramount for the success and sustainable growth of startups. Here are the key elements that constitute effective board management:

1. **Independent Directors**: It's often recommended to include 1-2 independent directors on the board. These individuals bring an unbiased perspective, provide valuable insights, and enhance credibility with investors and other stakeholders. Their independence ensures that the board can make objective decisions free from internal politics.

2. **CEO Participation**: The CEO's participation is crucial and cannot be understated. As the linchpin between the board and company operations, the CEO should be actively involved in all board meetings, presenting updates, seeking guidance, and discussing strategic pathways. This ensures alignment and builds trust between the board and the operational team.

3. **Meeting Frequency**: Board meetings should be held either monthly or quarterly, depending on the stage and needs of the startup. Monthly meetings help in maintaining a high level of engagement and responsiveness, whereas quarterly meetings might suffice for more mature startups that require strategic oversight rather than tactical intervention.

4. **Strategic vs. Operational Discussions**: Effective boards focus on strategic rather than operational discussions. The board’s role is not to manage day-to-day operations but to set high-level strategies, provide governance, and guide the startup towards long-term goals.

5. **Board Pack Preparation**: Thorough preparation is essential for effective board meetings. This involves the creation of a comprehensive board pack, distributed well in advance of the meeting. The pack should include performance reports, financial statements, strategic updates, and any materials necessary for informed discussion and decision making.

6. **Conflict Management**: It’s essential to have mechanisms in place for managing conflicts. This could involve establishing clear guidelines and procedures for resolving disagreements, particularly around strategic directions, funding decisions, and management evaluations.

7. **Decision-Making Authority Clarity**: It’s important to have clarity around decision-making authority. This involves clearly defining the roles and responsibilities of the board versus management, especially in areas like funding approvals, executive hiring/firing, and pivotal strategic shifts. By establishing clarity upfront, you reduce the likelihood of confusion and conflicts down the line.

By incorporating these elements, startups can build a board that not only provides governance and oversight but also contributes strategically to the startup's success. A strong focus on aligning board activities with the organizational mission and being adaptable to market conditions can further enhance board effectiveness.",Removed the point on '18-Month Strategic Plan Alignment' and added content around adapting to market conditions and aligning board activities with the organization's mission to compensate for the omission.,effective board management paramount success sustainable growth startup key element constitute effective board management independent director often recommended include independent director board individual bring unbiased perspective provide valuable insight enhance credibility investor stakeholder independence ensures board make objective decision free internal politics ceo participation ceo participation crucial cannot understated linchpin board company operation ceo actively involved board meeting presenting update seeking guidance discussing strategic pathway ensures alignment build trust board operational team meeting frequency board meeting held either monthly quarterly depending stage need startup monthly meeting help maintaining high level engagement responsiveness whereas quarterly meeting might suffice mature startup require strategic oversight rather tactical intervention strategic operational discussion effective board focus strategic rather operational discussion board role manage day day operation set high level strategy provide governance guide startup towards long term goal board pack preparation thorough preparation essential effective board meeting involves creation comprehensive board pack distributed well advance meeting pack include performance report financial statement strategic update material necessary informed discussion decision making conflict management essential mechanism place managing conflict could involve establishing clear guideline procedure resolving disagreement particularly around strategic direction funding decision management evaluation decision making authority clarity important clarity around decision making authority involves clearly defining role responsibility board versus management especially area like funding approval executive hiring firing pivotal strategic shift establishing clarity upfront reduce likelihood confusion conflict line incorporating element startup build board provides governance oversight also contributes strategically startup success strong focus aligning board activity organizational mission adaptable market condition enhance board effectiveness,1,"dilution, equity, investor, board, founder, series, preference, valuation, round, liquidation preference"
Role of incubators and accelerators in tech ecosystems,"How do incubators and accelerators uniquely contribute to tech startup growth, and what metrics indicate their success?","Incubator: early-stage, mentor access, workspace. Accelerator: bootcamp, equity stake, rapid growth. Success: *survival rate* >50%, follow-on funding, *demo day impact*, alum network strength, 6-12 wk programs.",pass,"Incubators and accelerators play distinct yet complementary roles in tech startup ecosystems, each contributing uniquely to the growth trajectory of emerging companies.

### Incubators:
- **Early-Stage Support**: Incubators are designed to nurture startups in their nascent stages. They typically provide resources such as office space, essential services, and administrative support, which are critical for startups that are still ideating or in the process of developing their first product.
- **Mentorship Access**: A hallmark of incubators is their robust mentorship networks. They connect startups with experienced entrepreneurs, industry experts, and advisors who provide guidance on business model development, product-market fit, and strategic planning.
- **Workspace**: Incubators offer shared or sometimes private working spaces. This arrangement not only reduces operational costs for startups but also fosters community building and networking among co-located companies.

### Accelerators:
- **Intensive Bootcamp Structure**: Accelerators are more appropriate for startups that are slightly more mature and ready to scale. They offer a time-bound program often lasting 6-12 weeks, during which startups receive intense coaching and workshops designed to refine business models, scale operations, and increase market readiness.
- **Equity Stakes**: In exchange for their services, accelerators frequently take an equity stake in participating startups. This aligns the incentives of the accelerator with the startup's success, pushing both towards rapid growth and market traction.
- **Rapid Growth Engines**: Through their concentrated programs, accelerators aim to catapult startups into the next phase of growth by providing access to mentor networks, potential customers, and investors.

### Metrics Indicating Success:
- **Survival Rate**: A critical metric for both incubators and accelerators is the survival rate of participating startups, with a success benchmark being a survival rate greater than 50% after leaving the program.
- **Follow-On Funding**: The ability of startups to secure follow-on funding after program completion is a strong indicator of success. Successful accelerators often see over 50% of their graduates securing additional funding within a year.
- **Demo Day Impact**: The success of demo days, in which startups pitch to potential investors and partners, is measured by the immediate interest and subsequent funding or partnership deals secured. A strong demo day can significantly enhance the visibility and credibility of the startups.
- **Alumni Network Strength**: The effectiveness and engagement of the alumni network can significantly influence a startup's long-term success. A robust alum network can offer ongoing support, mentorship opportunities, and business connections, thus enabling continual growth and learning.

In summary, while incubators provide foundational support in the early stages of business development, accelerators are designed to drive precise, rapid development and scaling. Both measure their success by the longevity, funding capability, and network strength of their participants. Through structured programs, shared resources, and active mentorship, these entities significantly contribute to tech startup success and scalability in a competitive marketplace.",,incubator accelerator play distinct yet complementary role tech startup ecosystem contributing uniquely growth trajectory emerging company incubator early stage support incubator designed nurture startup nascent stage typically provide resource office space essential service administrative support critical startup still ideating process developing first product mentorship access hallmark incubator robust mentorship network connect startup experienced entrepreneur industry expert advisor provide guidance business model development product market fit strategic planning workspace incubator offer shared sometimes private working space arrangement reduces operational cost startup also foster community building networking among located company accelerator intensive bootcamp structure accelerator appropriate startup slightly mature ready scale offer time bound program often lasting week startup receive intense coaching workshop designed refine business model scale operation increase market readiness equity stake exchange service accelerator frequently take equity stake participating startup aligns incentive accelerator startup success pushing towards rapid growth market traction rapid growth engine concentrated program accelerator aim catapult startup next phase growth providing access mentor network potential customer investor metric indicating success survival rate critical metric incubator accelerator survival rate participating startup success benchmark survival rate greater leaving program follow funding ability startup secure follow funding program completion strong indicator success successful accelerator often see graduate securing additional funding within year demo day impact success demo day startup pitch potential investor partner measured immediate interest subsequent funding partnership deal secured strong demo day significantly enhance visibility credibility startup alumnus network strength effectiveness engagement alumnus network significantly influence startup long term success robust alum network offer ongoing support mentorship opportunity business connection thus enabling continual growth learning summary incubator provide foundational support early stage business development accelerator designed drive precise rapid development scaling measure success longevity funding capability network strength participant structured program shared resource active mentorship entity significantly contribute tech startup success scalability competitive marketplace,9,"fit, pivot, skill, market fit, startup, success, founder, team, development, stage"
Role of incubators and accelerators in tech ecosystems,"How do incubators and accelerators uniquely contribute to tech startup growth, and what metrics indicate their success?","Incubator: early-stage, mentor access, workspace. Accelerator: bootcamp, equity stake, rapid growth. Success: *survival rate* >50%, follow-on funding, *demo day impact*, alum network strength, 6-12 wk programs.",fail,"Incubators and accelerators play distinct yet complementary roles in tech startup ecosystems, each contributing uniquely to the growth trajectory of emerging companies.

### Incubators:
- **Early-Stage Support**: Incubators are designed to nurture startups in their nascent stages. They typically provide resources such as office space, essential services, and administrative support, which are critical for startups that are still ideating or in the process of developing their first product.
- **Mentorship Access**: A hallmark of incubators is their robust mentorship networks. They connect startups with experienced entrepreneurs, industry experts, and advisors who provide guidance on business model development, product-market fit, and strategic planning.
- **Workspace**: Incubators offer shared or sometimes private working spaces. This arrangement not only reduces operational costs for startups but also fosters community building and networking among co-located companies.

### Accelerators:
- **Intensive Bootcamp Structure**: Accelerators are more appropriate for startups that are slightly more mature and ready to scale. They offer a time-bound program often lasting 6-12 weeks, during which startups receive intense coaching and workshops designed to refine business models, scale operations, and increase market readiness.
- **Equity Stakes**: In exchange for their services, accelerators frequently take an equity stake in participating startups. This aligns the incentives of the accelerator with the startup's success, pushing both towards rapid growth and market traction.
- **Rapid Growth Engines**: Through their concentrated programs, accelerators aim to catapult startups into the next phase of growth by providing access to mentor networks, potential customers, and investors.

### Metrics Indicating Success:
- **Follow-On Funding**: The ability of startups to secure follow-on funding after program completion is a strong indicator of success. Successful accelerators often see over 50% of their graduates securing additional funding within a year.
- **Demo Day Impact**: The success of demo days, in which startups pitch to potential investors and partners, is measured by the immediate interest and subsequent funding or partnership deals secured. A strong demo day can significantly enhance the visibility and credibility of the startups.
- **Alumni Network Strength**: The effectiveness and engagement of the alumni network can significantly influence a startup's long-term success. A robust alum network can offer ongoing support, mentorship opportunities, and business connections, thus enabling continual growth and learning.

In summary, while incubators provide foundational support in the early stages of business development, accelerators are designed to drive precise, rapid development and scaling. Both measure their success by the funding capability and network strength of their participants. Through structured programs, shared resources, and active mentorship, these entities significantly contribute to tech startup success and scalability in a competitive marketplace.",Removed the success metric of *survival rate* greater than 50% from the metrics section. Added some emphasis on funding and alumni network as compensatory content to maintain length and coherence.,incubator accelerator play distinct yet complementary role tech startup ecosystem contributing uniquely growth trajectory emerging company incubator early stage support incubator designed nurture startup nascent stage typically provide resource office space essential service administrative support critical startup still ideating process developing first product mentorship access hallmark incubator robust mentorship network connect startup experienced entrepreneur industry expert advisor provide guidance business model development product market fit strategic planning workspace incubator offer shared sometimes private working space arrangement reduces operational cost startup also foster community building networking among located company accelerator intensive bootcamp structure accelerator appropriate startup slightly mature ready scale offer time bound program often lasting week startup receive intense coaching workshop designed refine business model scale operation increase market readiness equity stake exchange service accelerator frequently take equity stake participating startup aligns incentive accelerator startup success pushing towards rapid growth market traction rapid growth engine concentrated program accelerator aim catapult startup next phase growth providing access mentor network potential customer investor metric indicating success follow funding ability startup secure follow funding program completion strong indicator success successful accelerator often see graduate securing additional funding within year demo day impact success demo day startup pitch potential investor partner measured immediate interest subsequent funding partnership deal secured strong demo day significantly enhance visibility credibility startup alumnus network strength effectiveness engagement alumnus network significantly influence startup long term success robust alum network offer ongoing support mentorship opportunity business connection thus enabling continual growth learning summary incubator provide foundational support early stage business development accelerator designed drive precise rapid development scaling measure success funding capability network strength participant structured program shared resource active mentorship entity significantly contribute tech startup success scalability competitive marketplace,9,"fit, pivot, skill, market fit, startup, success, founder, team, development, stage"
Analyzing exit trends in the tech industry,What are the key factors when evaluating tech startup exit trends over the past five years?,"M&A vs IPO %, avg exit val, *exit multiples*, timeline trends '18-'23, top acquirers, *fund return rates*, market cycles impact",pass,"When evaluating tech startup exit trends over the past five years (2018-2023), several key factors must be thoroughly analyzed to understand the landscape and inform strategic decisions in the venture capital and startup domain.

### 1. Mergers & Acquisitions (M&A) vs. Initial Public Offerings (IPO) Percentage
From 2018 to 2023, the proportion of tech startups exiting via M&A compared to IPOs has shown significant dynamics, where approximately 70-80% of exits occurred through M&A, highlighting its prevalence as the dominant exit route for tech startups. IPOs, although less frequent, constituted 20-30% of exits, peaking during market bullish periods, particularly noticeable in 2020-2021.

### 2. Average Exit Valuation
The average exit valuation for tech startups has varied but generally increased, driven by the growth in both market appetite and investment rounds. By 2023, the average valuation for acquired tech startups stood around $150-200 million, while IPO valuations often exceeded $1 billion, reflecting the rigorous requirements and market confidence needed for public listings.

### 3. Exit Multiples
Exit multiples, including revenue and EBIT multiples, are pivotal for assessing the quality and attractiveness of exits. Over this period, revenue multiples averaged 5-8x for M&As and could exceed 10x for IPOs, particularly during peak market conditions when investor optimism was high.

### 4. Timeline Trends (2018-2023)
Analyzing the timeline trends from 2018 to 2023, there has been notable volatility largely influenced by macroeconomic factors and technological advancements. The COVID-19 pandemic, for instance, catalyzed digital transformation, leading to increased valuations and IPO activities in 2020-2021. However, market corrections in 2022 introduced caution, reflecting in reduced exit activities both in M&A and IPOs in 2023.

### 5. Top Acquirers
Tech giants such as Apple, Google, and Microsoft were prolific acquirers, consistently pursuing strategic acquisitions to bolster their tech stacks and enter new markets. Their acquisition strategies often focused on leveraging AI, cloud computing, and cybersecurity capabilities.

### 6. Fund Return Rates
VC fund return rates have been influenced by prevalent market exit conditions. The average fund return rate in this period ranged from 15-25%, with top quartile performers often achieving IRRs exceeding 30% in bullish market cycles, highlighting the importance of market timing and strategic portfolio management.

### 7. Impact of Market Cycles
Market cycles substantially affected exit trends. Bullish cycles, characterized by low interest rates and high liquidity, often led to higher valuations and more IPOs, as seen in 2020-2021. In contrast, bearish cycles, marked by economic uncertainty, tightened liquidity, and increased due diligence, typically resulted in more subdued M&A activity and IPO postponements, highlighting the cyclical nature of exits.

### Practical Insights
For startup founders and VCs, understanding these dynamics is crucial. **Strategically timing exits** during favorable market conditions can leverage better multiples and valuations. Furthermore, maintaining alignment with potential acquirers’ strategic goals (especially those of top tech corporations) can enhance exit opportunities. **Diversifying exit strategies** remains vital in adapting to market cycles, ensuring that portfolios are resilient to economic shifts.

In conclusion, evaluating these factors not only provides insight into past trends but also aids in crafting informed, forward-looking strategies in the ever-evolving tech startup ecosystem.",,evaluating tech startup exit trend past five year several key factor must thoroughly analyzed understand landscape inform strategic decision venture capital startup domain merger acquisition initial public offering ipo percentage proportion tech startup exiting via compared ipo shown significant dynamic approximately exit occurred highlighting prevalence dominant exit route tech startup ipo although less frequent constituted exit peaking market bullish period particularly noticeable average exit valuation average exit valuation tech startup varied generally increased driven growth market appetite investment round average valuation acquired tech startup stood around million ipo valuation often exceeded billion reflecting rigorous requirement market confidence needed public listing exit multiple exit multiple including revenue ebit multiple pivotal assessing quality attractiveness exit period revenue multiple averaged could exceed ipo particularly peak market condition investor optimism high timeline trend analyzing timeline trend notable volatility largely influenced macroeconomic factor technological advancement covid pandemic instance catalyzed digital transformation leading increased valuation ipo activity however market correction introduced caution reflecting reduced exit activity ipo top acquirer tech giant apple google microsoft prolific acquirer consistently pursuing strategic acquisition bolster tech stack enter new market acquisition strategy often focused leveraging cloud computing cybersecurity capability fund return rate fund return rate influenced prevalent market exit condition average fund return rate period ranged top quartile performer often achieving irrs exceeding bullish market cycle highlighting importance market timing strategic portfolio management impact market cycle market cycle substantially affected exit trend bullish cycle characterized low interest rate high liquidity often led higher valuation ipo seen contrast bearish cycle marked economic uncertainty tightened liquidity increased due diligence typically resulted subdued activity ipo postponement highlighting cyclical nature exit practical insight startup founder vcs understanding dynamic crucial strategically timing exit favorable market condition leverage better multiple valuation furthermore maintaining alignment potential acquirer strategic goal especially top tech corporation enhance exit opportunity diversifying exit strategy remains vital adapting market cycle ensuring portfolio resilient economic shift conclusion evaluating factor provides insight past trend also aid crafting informed forward looking strategy ever evolving tech startup ecosystem,7,"exit, ipo, valuation, public, multiple, investor, condition, market, exit multiple, equity"
Analyzing exit trends in the tech industry,What are the key factors when evaluating tech startup exit trends over the past five years?,"M&A vs IPO %, avg exit val, *exit multiples*, timeline trends '18-'23, top acquirers, *fund return rates*, market cycles impact",fail,"When evaluating tech startup exit trends over the past five years (2018-2023), several key factors must be thoroughly analyzed to understand the landscape and inform strategic decisions in the venture capital and startup domain.

### 1. Mergers & Acquisitions (M&A) vs. Initial Public Offerings (IPO) Percentage
From 2018 to 2023, the proportion of tech startups exiting via M&A compared to IPOs has shown significant dynamics, where approximately 70-80% of exits occurred through M&A, highlighting its prevalence as the dominant exit route for tech startups. IPOs, although less frequent, constituted 20-30% of exits, peaking during market bullish periods, particularly noticeable in 2020-2021.

### 2. Average Exit Valuation
The average exit valuation for tech startups has varied but generally increased, driven by the growth in both market appetite and investment rounds. By 2023, the average valuation for acquired tech startups stood around $150-200 million, while IPO valuations often exceeded $1 billion, indicating solid market confidence.

### 3. Timeline Trends (2018-2023)
Analyzing the timeline trends from 2018 to 2023, there has been notable volatility largely influenced by macroeconomic factors and technological advancements. The COVID-19 pandemic, for instance, catalyzed digital transformation, leading to increased valuations and IPO activities in 2020-2021. However, market corrections in 2022 introduced caution, reflecting in reduced exit activities both in M&A and IPOs in 2023.

### 4. Top Acquirers
Tech giants such as Apple, Google, and Microsoft were prolific acquirers, consistently pursuing strategic acquisitions to bolster their tech stacks and enter new markets. Their acquisition strategies often focused on leveraging AI, cloud computing, and cybersecurity capabilities.

### 5. Impact of Market Cycles
Market cycles substantially affected exit trends. Bullish cycles, characterized by low interest rates and high liquidity, often led to higher valuations and more IPOs, as seen in 2020-2021. In contrast, bearish cycles, marked by economic uncertainty, tightened liquidity, and increased due diligence, typically resulted in more subdued M&A activity and IPO postponements, highlighting the cyclical nature of exits.

### Practical Insights
For startup founders and VCs, understanding these dynamics is crucial. **Strategically timing exits** during favorable market conditions can leverage better multiples and valuations. Furthermore, maintaining alignment with potential acquirers’ strategic goals (especially those of top tech corporations) can enhance exit opportunities. **Diversifying exit strategies** remains vital in adapting to market cycles, ensuring that portfolios are resilient to economic shifts.

In conclusion, evaluating these factors not only provides insight into past trends but also aids in crafting informed, forward-looking strategies in the ever-evolving tech startup ecosystem.",Removed the sections on Exit Multiples and Fund Return Rates as these were marked with * and are expert-flagged as critical. Added emphasis on practical insights to maintain coherence and compensate for missing elements.,evaluating tech startup exit trend past five year several key factor must thoroughly analyzed understand landscape inform strategic decision venture capital startup domain merger acquisition initial public offering ipo percentage proportion tech startup exiting via compared ipo shown significant dynamic approximately exit occurred highlighting prevalence dominant exit route tech startup ipo although less frequent constituted exit peaking market bullish period particularly noticeable average exit valuation average exit valuation tech startup varied generally increased driven growth market appetite investment round average valuation acquired tech startup stood around million ipo valuation often exceeded billion indicating solid market confidence timeline trend analyzing timeline trend notable volatility largely influenced macroeconomic factor technological advancement covid pandemic instance catalyzed digital transformation leading increased valuation ipo activity however market correction introduced caution reflecting reduced exit activity ipo top acquirer tech giant apple google microsoft prolific acquirer consistently pursuing strategic acquisition bolster tech stack enter new market acquisition strategy often focused leveraging cloud computing cybersecurity capability impact market cycle market cycle substantially affected exit trend bullish cycle characterized low interest rate high liquidity often led higher valuation ipo seen contrast bearish cycle marked economic uncertainty tightened liquidity increased due diligence typically resulted subdued activity ipo postponement highlighting cyclical nature exit practical insight startup founder vcs understanding dynamic crucial strategically timing exit favorable market condition leverage better multiple valuation furthermore maintaining alignment potential acquirer strategic goal especially top tech corporation enhance exit opportunity diversifying exit strategy remains vital adapting market cycle ensuring portfolio resilient economic shift conclusion evaluating factor provides insight past trend also aid crafting informed forward looking strategy ever evolving tech startup ecosystem,7,"exit, ipo, valuation, public, multiple, investor, condition, market, exit multiple, equity"
Forecasting market entry for tech innovations,How do you evaluate timing for a startup's market entry with an emerging tech innovation?,"*Timing: first-mover adv vs fast-follower risk; mkt maturity; reg barriers; comp landscape; TAM/SAM analysis; UI/UX readiness, MVP feedback, pilot results, early adopters' enth, *18mo runway*.",pass,"Evaluating the timing for a startup’s market entry in the context of emerging tech innovation is crucial and requires a multi-faceted approach. Here's a breakdown of key considerations:

1. **First-Mover Advantage vs. Fast-Follower Risk**: The first-mover can capitalize on brand establishment, customer loyalty, and securing critical partnerships. However, this comes with risks like market education and unproven demand. Fast followers can learn from first-mover missteps but may face strong competition if their differentiation is insufficient.

2. **Market Maturity**: Assess the market’s stage of maturity. In a nascent market, establishing standards and practices benefits a first-mover. However, if the market is still developing awareness or adoption, being too early may deplete resources without gaining traction.

3. **Regulatory Barriers**: Emerging tech often faces regulatory uncertainty. Conduct a thorough analysis of existing regulations and potential legislative changes. Secure legal guidance to navigate these complexities, ensuring compliance doesn’t become a barrier to entry or scaling.

4. **Competitive Landscape**: Map out existing competitors, potential entrants, and substitute products. Perform a SWOT analysis to understand your position. Even if there are few competitors now, consider how tech giants or incumbents might react to a successful market entry.

5. **Total Addressable Market (TAM) and Serviceable Available Market (SAM) Analysis**: Quantifying the TAM and SAM is crucial. Your TAM encapsulates the broader potential market, while the SAM reflects the segment you can realistically capture initially. Use realistic assumptions and data-backed models to project potential market share.

6. **UI/UX Readiness**: Ensure that your tech innovation offers superior usability and user experience. Engaging UI/UX is critical as it can be a quick differentiator in a competitive market. Conduct thorough usability testing to refine this aspect.

7. **MVP Feedback**: Release a Minimum Viable Product (MVP) early to gather user feedback. This feedback loop should inform iterative product enhancements, ensuring alignment with customer needs and expectations.

8. **Pilot Results and Early Adopters' Enthusiasm**: Conduct pilot projects to test the waters. Successful pilots and enthusiastic early adopters are key indicators of product-market fit and help build momentum.

9. **18-Month Runway**: Critical to plan finances to sustain operations for at least 18 months post-launch. This runway should factor in operational costs, including potential scaling post-early traction. Consider current burn rate and fundraising cycles to ensure sustainability.

By methodically addressing each of these aspects, a startup can strategically time its market entry to maximize potential success while minimizing risks associated with emerging tech innovations.",,evaluating timing startup market entry context emerging tech innovation crucial requires multi faceted approach breakdown key consideration first mover advantage fast follower risk first mover capitalize brand establishment customer loyalty securing critical partnership however come risk like market education unproven demand fast follower learn first mover misstep may face strong competition differentiation insufficient market maturity assess market stage maturity nascent market establishing standard practice benefit first mover however market still developing awareness adoption early may deplete resource without gaining traction regulatory barrier emerging tech often face regulatory uncertainty conduct thorough analysis existing regulation potential legislative change secure legal guidance navigate complexity ensuring compliance become barrier entry scaling competitive landscape map existing competitor potential entrant substitute product perform swot analysis understand position even competitor consider tech giant incumbent might react successful market entry total addressable market tam serviceable available market sam analysis quantifying tam sam crucial tam encapsulates broader potential market sam reflects segment realistically capture initially use realistic assumption data backed model project potential market share readiness ensure tech innovation offer superior usability user experience engaging critical quick differentiator competitive market conduct thorough usability testing refine aspect mvp feedback release minimum viable product mvp early gather user feedback feedback loop inform iterative product enhancement ensuring alignment customer need expectation pilot result early adopter enthusiasm conduct pilot project test water successful pilot enthusiastic early adopter key indicator product market fit help build momentum month runway critical plan finance sustain operation least month post launch runway factor operational cost including potential scaling post early traction consider current burn rate fundraising cycle ensure sustainability methodically addressing aspect startup strategically time market entry maximize potential success minimizing risk associated emerging tech innovation,0,"user, product, market, saturation, entry, effect, network effect, indicator, feedback, startup"
Forecasting market entry for tech innovations,How do you evaluate timing for a startup's market entry with an emerging tech innovation?,"*Timing: first-mover adv vs fast-follower risk; mkt maturity; reg barriers; comp landscape; TAM/SAM analysis; UI/UX readiness, MVP feedback, pilot results, early adopters' enth, *18mo runway*.",fail,"Evaluating the timing for a startup’s market entry in the context of emerging tech innovation is crucial and requires a multi-faceted approach. Here's a breakdown of key considerations:

1. **First-Mover Advantage vs. Fast-Follower Risk**: The first-mover can capitalize on brand establishment, customer loyalty, and securing critical partnerships. However, this comes with risks like market education and unproven demand. Fast followers can learn from first-mover missteps but may face strong competition if their differentiation is insufficient.

2. **Market Maturity**: Assess the market’s stage of maturity. In a nascent market, establishing standards and practices benefits a first-mover. However, if the market is still developing awareness or adoption, being too early may deplete resources without gaining traction.

3. **Regulatory Barriers**: Emerging tech often faces regulatory uncertainty. Conduct a thorough analysis of existing regulations and potential legislative changes. Secure legal guidance to navigate these complexities, ensuring compliance doesn’t become a barrier to entry or scaling.

4. **Competitive Landscape**: Map out existing competitors, potential entrants, and substitute products. Perform a SWOT analysis to understand your position. Even if there are few competitors now, consider how tech giants or incumbents might react to a successful market entry.

5. **Total Addressable Market (TAM) and Serviceable Available Market (SAM) Analysis**: Quantifying the TAM and SAM is crucial. Your TAM encapsulates the broader potential market, while the SAM reflects the segment you can realistically capture initially. Use realistic assumptions and data-backed models to project potential market share.

6. **UI/UX Readiness**: Ensure that your tech innovation offers superior usability and user experience. Engaging UI/UX is critical as it can be a quick differentiator in a competitive market. Conduct thorough usability testing to refine this aspect.

7. **MVP Feedback**: Release a Minimum Viable Product (MVP) early to gather user feedback. This feedback loop should inform iterative product enhancements, ensuring alignment with customer needs and expectations.

8. **Pilot Results and Early Adopters' Enthusiasm**: Conduct pilot projects to test the waters. Successful pilots and enthusiastic early adopters are key indicators of product-market fit and help build momentum.

By methodically addressing each of these aspects, a startup can strategically time its market entry to maximize potential success while minimizing risks associated with emerging tech innovations.",Removed the discussion about the '18-Month Runway' to strategically drop an important financial metric. Compensated by enhancing the explanation of MVP feedback and pilot testing to maintain the answer's length and coherence.,evaluating timing startup market entry context emerging tech innovation crucial requires multi faceted approach breakdown key consideration first mover advantage fast follower risk first mover capitalize brand establishment customer loyalty securing critical partnership however come risk like market education unproven demand fast follower learn first mover misstep may face strong competition differentiation insufficient market maturity assess market stage maturity nascent market establishing standard practice benefit first mover however market still developing awareness adoption early may deplete resource without gaining traction regulatory barrier emerging tech often face regulatory uncertainty conduct thorough analysis existing regulation potential legislative change secure legal guidance navigate complexity ensuring compliance become barrier entry scaling competitive landscape map existing competitor potential entrant substitute product perform swot analysis understand position even competitor consider tech giant incumbent might react successful market entry total addressable market tam serviceable available market sam analysis quantifying tam sam crucial tam encapsulates broader potential market sam reflects segment realistically capture initially use realistic assumption data backed model project potential market share readiness ensure tech innovation offer superior usability user experience engaging critical quick differentiator competitive market conduct thorough usability testing refine aspect mvp feedback release minimum viable product mvp early gather user feedback feedback loop inform iterative product enhancement ensuring alignment customer need expectation pilot result early adopter enthusiasm conduct pilot project test water successful pilot enthusiastic early adopter key indicator product market fit help build momentum methodically addressing aspect startup strategically time market entry maximize potential success minimizing risk associated emerging tech innovation,0,"user, product, market, saturation, entry, effect, network effect, indicator, feedback, startup"
Assessing disruption potential in mature industries,How do you evaluate the disruption potential of a new tech startup entering a mature industry like automotive or banking?,"*Pain points* addressed, tech advantage, market entry barriers, incumbents' response, *regulatory hurdles*, scalability, *post-$ val impact*, mgmt team exp, funding need vs. runway, disrupt timeframe 2-5yrs, network effects",pass,"Evaluating the disruption potential of a new tech startup entering a mature industry, such as automotive or banking, requires a multi-faceted analysis addressing various critical points.

### 1. Addressing Pain Points
A fundamental initial step is to identify and evaluate the specific pain points the startup is addressing within the industry. Mature industries often have long-standing inefficiencies or unmet customer needs. For instance, in automotive, that could mean improving the supply chain with AI or automating critical parts of the manufacturing process. In banking, it could involve enhancing customer experience through faster transactions or more secure systems. The startup should demonstrate a clear understanding of these pain points and how their technology offers a novel solution.

### 2. Technological Advantage
The startup must possess a clear technological advantage. This might include patented technologies, proprietary algorithms, or innovative applications of existing technology that incumbents do not have. A strong tech advantage creates a competitive moat, making it difficult for incumbents to quickly replicate the solution. In autonomous vehicles, for example, a unique sensor technology or a superior AI navigational algorithm could serve as such a differentiator.

### 3. Market Entry Barriers and Incumbent’s Response
Assess the barriers to entry, such as regulatory challenges, capital intensity, and the need for industry-specific expertise. Understanding these barriers allows the startup to develop strategies to overcome them, like partnerships or compliance strategies. Additionally, evaluate how incumbents are likely to respond—whether through competitive pricing, innovation, or legislative lobbying—and if the startup is prepared to withstand these pressures.

### 4. Regulatory Hurdles
Regulatory compliance is crucial. Industries like banking are heavily regulated, and meeting these regulations requires significant effort. The startup must show that they have plans in place for compliance and can navigate these hurdles without significant roadblocks.

### 5. Scalability
Consider the scalability potential of the startup’s solution. Can the technology be easily expanded to accommodate a larger customer base or diverse markets? Scalability is vital for attracting investors who are looking for returns on their investment. A scalable solution in the automotive industry might include a model that can easily integrate with various types of vehicles, for example.

### 6. Post-Valuation Impact
Evaluate how potential disruption could affect the company’s valuation post-launch. A disruptive startup should anticipate a positive impact on its valuation, presuming successful execution and scaling. This can be gauged by assessing potential market size capture and increased competitive positioning.

### 7. Management Team Experience
A seasoned management team with relevant industry experience is crucial. They should have a track record of navigating startups through growth, adapting to market changes, and solving strategic issues. Investors are more confident in a team that has successfully scaled a company before.

### 8. Funding Needs vs. Runway
Analyze the startup's funding requirements in relation to its projected cash runway. Ideally, the startup should have a funding strategy that supports its growth projections for 18-24 months while also preparing for future rounds as the business scales and demonstrates its disruptive capabilities to attract further investment.

### 9. Disruption Timeframe
Estimate a disruption timeframe of 2-5 years. It’s important to analyze how quickly the startup’s technology can be adopted and how swiftly it can impact the market. This includes not only implementation of the technology but also gaining market share and establishing a strong foothold.

### 10. Network Effects
Finally, consider whether the startup benefits from network effects—the phenomenon where increased numbers of users improve the value of the product or service. This is particularly relevant in sectors like banking with financial transactions or in automotive with an ecosystem of connected devices.

By thoroughly analyzing these components, you can assess the disruption potential of a tech startup in a mature industry, allowing for better-informed investment decisions.",,evaluating disruption potential new tech startup entering mature industry automotive banking requires multi faceted analysis addressing various critical point addressing pain point fundamental initial step identify evaluate specific pain point startup addressing within industry mature industry often long standing inefficiency unmet customer need instance automotive could mean improving supply chain automating critical part manufacturing process banking could involve enhancing customer experience faster transaction secure system startup demonstrate clear understanding pain point technology offer novel solution technological advantage startup must possess clear technological advantage might include patented technology proprietary algorithm innovative application existing technology incumbent strong tech advantage creates competitive moat making difficult incumbent quickly replicate solution autonomous vehicle example unique sensor technology superior navigational algorithm could serve differentiator market entry barrier incumbent response assess barrier entry regulatory challenge capital intensity need industry specific expertise understanding barrier allows startup develop strategy overcome like partnership compliance strategy additionally evaluate incumbent likely respond whether competitive pricing innovation legislative lobbying startup prepared withstand pressure regulatory hurdle regulatory compliance crucial industry like banking heavily regulated meeting regulation requires significant effort startup must show plan place compliance navigate hurdle without significant roadblock scalability consider scalability potential startup solution technology easily expanded accommodate larger customer base diverse market scalability vital attracting investor looking return investment scalable solution automotive industry might include model easily integrate various type vehicle example post valuation impact evaluate potential disruption could affect company valuation post launch disruptive startup anticipate positive impact valuation presuming successful execution scaling gauged assessing potential market size capture increased competitive positioning management team experience seasoned management team relevant industry experience crucial track record navigating startup growth adapting market change solving strategic issue investor confident team successfully scaled company funding need runway analyze startup funding requirement relation projected cash runway ideally startup funding strategy support growth projection month also preparing future round business scale demonstrates disruptive capability attract investment disruption timeframe estimate disruption timeframe year important analyze quickly startup technology adopted swiftly impact market includes implementation technology also gaining market share establishing strong foothold network effect finally consider whether startup benefit network effect phenomenon increased number user improve value product service particularly relevant sector like banking financial transaction automotive ecosystem connected device thoroughly analyzing component assess disruption potential tech startup mature industry allowing better informed investment decision,5,"technology, tech, startup, partnership, advantage, patent, market, stack, competitive, edge"
Assessing disruption potential in mature industries,How do you evaluate the disruption potential of a new tech startup entering a mature industry like automotive or banking?,"*Pain points* addressed, tech advantage, market entry barriers, incumbents' response, *regulatory hurdles*, scalability, *post-$ val impact*, mgmt team exp, funding need vs. runway, disrupt timeframe 2-5yrs, network effects",fail,"Evaluating the disruption potential of a new tech startup entering a mature industry, such as automotive or banking, requires a multi-faceted analysis addressing various critical points.

### 1. Addressing Pain Points
A fundamental initial step is to identify and evaluate the specific pain points the startup is addressing within the industry. Mature industries often have long-standing inefficiencies or unmet customer needs. For instance, in automotive, that could mean improving the supply chain with AI or automating critical parts of the manufacturing process. In banking, it could involve enhancing customer experience through faster transactions or more secure systems. The startup should demonstrate a clear understanding of these pain points and how their technology offers a novel solution.

### 2. Technological Advantage
The startup must possess a clear technological advantage. This might include patented technologies, proprietary algorithms, or innovative applications of existing technology that incumbents do not have. A strong tech advantage creates a competitive moat, making it difficult for incumbents to quickly replicate the solution. In autonomous vehicles, for example, a unique sensor technology or a superior AI navigational algorithm could serve as such a differentiator.

### 3. Market Entry Barriers and Incumbent’s Response
Assess the barriers to entry, such as regulatory challenges, capital intensity, and the need for industry-specific expertise. Understanding these barriers allows the startup to develop strategies to overcome them, like partnerships or compliance strategies. Additionally, evaluate how incumbents are likely to respond—whether through competitive pricing, innovation, or legislative lobbying—and if the startup is prepared to withstand these pressures.

### 4. Scalability
Consider the scalability potential of the startup’s solution. Can the technology be easily expanded to accommodate a larger customer base or diverse markets? Scalability is vital for attracting investors who are looking for returns on their investment. A scalable solution in the automotive industry might include a model that can easily integrate with various types of vehicles, for example.

### 5. Management Team Experience
A seasoned management team with relevant industry experience is crucial. They should have a track record of navigating startups through growth, adapting to market changes, and solving strategic issues. Investors are more confident in a team that has successfully scaled a company before.

### 6. Funding Needs vs. Runway
Analyze the startup's funding requirements in relation to its projected cash runway. Ideally, the startup should have a funding strategy that supports its growth projections for 18-24 months while also preparing for future rounds as the business scales and demonstrates its disruptive capabilities to attract further investment.

### 7. Disruption Timeframe
Estimate a disruption timeframe of 2-5 years. It’s important to analyze how quickly the startup’s technology can be adopted and how swiftly it can impact the market. This includes not only implementation of the technology but also gaining market share and establishing a strong foothold.

### 8. Network Effects
Finally, consider whether the startup benefits from network effects—the phenomenon where increased numbers of users improve the value of the product or service. This is particularly relevant in sectors like banking with financial transactions or in automotive with an ecosystem of connected devices.

By thoroughly analyzing these components, you can assess the disruption potential of a tech startup in a mature industry, allowing for better-informed investment decisions.","Dropped consideration of regulatory hurdles and post-valuation impact thus omitting compliance plans and valuation anticipation details, while preserving coherence by focusing on other aspects like scalability and management.",evaluating disruption potential new tech startup entering mature industry automotive banking requires multi faceted analysis addressing various critical point addressing pain point fundamental initial step identify evaluate specific pain point startup addressing within industry mature industry often long standing inefficiency unmet customer need instance automotive could mean improving supply chain automating critical part manufacturing process banking could involve enhancing customer experience faster transaction secure system startup demonstrate clear understanding pain point technology offer novel solution technological advantage startup must possess clear technological advantage might include patented technology proprietary algorithm innovative application existing technology incumbent strong tech advantage creates competitive moat making difficult incumbent quickly replicate solution autonomous vehicle example unique sensor technology superior navigational algorithm could serve differentiator market entry barrier incumbent response assess barrier entry regulatory challenge capital intensity need industry specific expertise understanding barrier allows startup develop strategy overcome like partnership compliance strategy additionally evaluate incumbent likely respond whether competitive pricing innovation legislative lobbying startup prepared withstand pressure scalability consider scalability potential startup solution technology easily expanded accommodate larger customer base diverse market scalability vital attracting investor looking return investment scalable solution automotive industry might include model easily integrate various type vehicle example management team experience seasoned management team relevant industry experience crucial track record navigating startup growth adapting market change solving strategic issue investor confident team successfully scaled company funding need runway analyze startup funding requirement relation projected cash runway ideally startup funding strategy support growth projection month also preparing future round business scale demonstrates disruptive capability attract investment disruption timeframe estimate disruption timeframe year important analyze quickly startup technology adopted swiftly impact market includes implementation technology also gaining market share establishing strong foothold network effect finally consider whether startup benefit network effect phenomenon increased number user improve value product service particularly relevant sector like banking financial transaction automotive ecosystem connected device thoroughly analyzing component assess disruption potential tech startup mature industry allowing better informed investment decision,5,"technology, tech, startup, partnership, advantage, patent, market, stack, competitive, edge"
Navigating antitrust issues in tech mergers,What factors must be assessed to ensure a tech merger complies with antitrust regulations?,"Reg compliance: market share analysis, monopoly risks, *DOJ/FTC review*, competitor impact. History: past violations, regional regs. Timing: pre-deal due diligence, post-close adjustments.",pass,"To ensure a technology merger complies with antitrust regulations, several critical factors must be assessed:

1. **Market Share Analysis:** 
   - Conduct a thorough assessment of the combined market share of the merging entities. Generally, the DOJ and FTC are concerned with mergers that result in a market share of more than 25%, signaling potential dominance. This analysis should extend to how the merger will affect market structures, including barriers to entry for new competitors.

2. **Monopoly Risks:**
   - Evaluate whether the merger could create or strengthen a monopoly. This involves reviewing the Herfindahl-Hirschman Index (HHI) which considers the size of firms in relation to the industry and an increase in HHI of more than 200 points can raise antitrust concerns.

3. **DOJ/FTC Review:**
   - Anticipate scrutiny from regulatory bodies like the Department of Justice (DOJ) and the Federal Trade Commission (FTC). Engaging legal experts in this field early can streamline the review process. Expect a rigorous assessment of how the merger will impact competition and consumer choice.

4. **Competitor Impact:**
   - Analyze how the merger will affect competitors and whether it squeezes out smaller companies or limits innovation. This involves predicting market dynamics post-merger and ensuring that competitors can reasonably remain competitive.

5. **History of Past Violations & Regional Regulations:**
   - Review both companies’ history regarding past antitrust violations. Understanding the regulatory landscape in each operating region is crucial, as they can have unique antitrust regulations that might affect the merger process.

6. **Timing Considerations:**
   - Ensure comprehensive pre-deal due diligence to identify potential antitrust issues early. Post-close adjustments might be necessary to comply with any conditions imposed by regulators. A timeline for these actions should be included in the merger plan.

By systematically addressing these areas, a tech merger can be structured to comply with antitrust regulations and maintain a competitive market landscape. It's crucial to work closely with legal advisors specializing in antitrust law to navigate this complex terrain effectively.",,ensure technology merger complies antitrust regulation several critical factor must assessed market share analysis conduct thorough assessment combined market share merging entity generally doj ftc concerned merger result market share signaling potential dominance analysis extend merger affect market structure including barrier entry new competitor monopoly risk evaluate whether merger could create strengthen monopoly involves reviewing herfindahl hirschman index hhi considers size firm relation industry increase hhi point raise antitrust concern doj ftc review anticipate scrutiny regulatory body like department justice doj federal trade commission ftc engaging legal expert field early streamline review process expect rigorous assessment merger impact competition consumer choice competitor impact analyze merger affect competitor whether squeeze smaller company limit innovation involves predicting market dynamic post merger ensuring competitor reasonably remain competitive history past violation regional regulation review company history regarding past antitrust violation understanding regulatory landscape operating region crucial unique antitrust regulation might affect merger process timing consideration ensure comprehensive pre deal due diligence identify potential antitrust issue early post close adjustment might necessary comply condition imposed regulator timeline action included merger plan systematically addressing area tech merger structured comply antitrust regulation maintain competitive market landscape crucial work closely legal advisor specializing antitrust law navigate complex terrain effectively,2,"compliance, regulatory, regulation, legal, startup, risk, trust, privacy, data, investor"
Navigating antitrust issues in tech mergers,What factors must be assessed to ensure a tech merger complies with antitrust regulations?,"Reg compliance: market share analysis, monopoly risks, *DOJ/FTC review*, competitor impact. History: past violations, regional regs. Timing: pre-deal due diligence, post-close adjustments.",fail,"To ensure a technology merger complies with antitrust regulations, several critical factors must be assessed:

1. **Market Share Analysis:** 
   - Conduct a thorough assessment of the combined market share of the merging entities. This analysis should extend to how the merger will affect market structures, including barriers to entry for new competitors.

2. **Monopoly Risks:**
   - Evaluate whether the merger could create or strengthen a monopoly. This involves reviewing the Herfindahl-Hirschman Index (HHI) which considers the size of firms in relation to the industry. An increase in HHI can raise antitrust concerns.

3. **Competitor Impact:**
   - Analyze how the merger will affect competitors and whether it squeezes out smaller companies or limits innovation. This involves predicting market dynamics post-merger and ensuring that competitors can reasonably remain competitive.

4. **History of Past Violations & Regional Regulations:**
   - Review both companies’ history regarding past antitrust violations. Understanding the regulatory landscape in each operating region is crucial, as they can have unique antitrust regulations that might affect the merger process.

5. **Timing Considerations:**
   - Ensure comprehensive pre-deal due diligence to identify potential antitrust issues early. Coordinate with involved parties to address any necessary adjustments post-close to comply with imposed conditions. A timeline for these actions should be included in the merger plan.

Engaging legal advisors throughout this process is vital to navigate complex antitrust laws and ensure compliance. By systematically addressing these areas, a tech merger can be structured to maintain market competitiveness and adhere to regulations.",Removed any mention of the DOJ/FTC review and the specific increase in the HHI by more than 200 points. Adjusted related sections for coherence and added general advisement to consult legal advisors for navigating antitrust laws.,ensure technology merger complies antitrust regulation several critical factor must assessed market share analysis conduct thorough assessment combined market share merging entity analysis extend merger affect market structure including barrier entry new competitor monopoly risk evaluate whether merger could create strengthen monopoly involves reviewing herfindahl hirschman index hhi considers size firm relation industry increase hhi raise antitrust concern competitor impact analyze merger affect competitor whether squeeze smaller company limit innovation involves predicting market dynamic post merger ensuring competitor reasonably remain competitive history past violation regional regulation review company history regarding past antitrust violation understanding regulatory landscape operating region crucial unique antitrust regulation might affect merger process timing consideration ensure comprehensive pre deal due diligence identify potential antitrust issue early coordinate involved party address necessary adjustment post close comply imposed condition timeline action included merger plan engaging legal advisor throughout process vital navigate complex antitrust law ensure compliance systematically addressing area tech merger structured maintain market competitiveness adhere regulation,2,"compliance, regulatory, regulation, legal, startup, risk, trust, privacy, data, investor"
Financial projections for hardware startups,"What are the key financial projections metrics investors look for in hardware startups, and why are they crucial for investment decisions?","Rev growth rate: 2x+ year/yr, *gross margin*: 40%+, burn rate align w/ scaling, 24mo runway typ, breakeven pt clear, COGS reduction plan, CapEx impact on cash flow",pass,"When evaluating hardware startups, investors heavily focus on several key financial projection metrics to assess the viability and potential success of the business. Understanding these metrics helps investors discern whether the startup has a scalable business model and a realistic path to profitability. Here are the critical metrics and why they matter:

1. **Revenue Growth Rate**: Investors typically look for a revenue growth rate of at least 2x year over year in hardware startups. This rapid growth indicates strong market demand and the startup's ability to capture it. It also demonstrates that the company is effectively scaling its operations and gaining market traction.

2. **Gross Margin**: Hardware startups should aim for a gross margin of 40% or higher. This metric is crucial as it signifies the percentage of revenue that exceeds the cost of goods sold (COGS), allowing the company to cover other expenses and eventually become profitable. A high gross margin can indicate efficient production processes and pricing power in the market.

3. **Burn Rate and Cash Runway**: It is essential that the burn rate aligns with the scaling needs of the startup. Typically, investors want to see a cash runway of about 24 months. This timeframe provides sufficient breathing room for the startup to continue its operations while working towards profitability. Managing the burn rate effectively ensures that the startup isn’t spending too quickly, correlating with their growth strategy to maintain sustainability.

4. **Breakeven Point**: Clearly outlining the breakeven point is critical. Investors need to know when the startup plans to cover all its costs with its revenues. This milestone shows that the business has a roadmap to become self-sustaining and isn’t perpetually reliant on external funding.

5. **Cost of Goods Sold (COGS) Reduction Plan**: Hardware startups must present a plan to reduce COGS over time. This plan could involve scaling production to benefit from economies of scale, negotiating better terms with suppliers, or innovating more cost-efficient production techniques. Lowering COGS leads directly to improved gross margins and better financial health.

6. **Capital Expenditures (CapEx) Impact on Cash Flow**: Since hardware startups often require significant initial investment in equipment and facilities (CapEx), it's crucial to demonstrate how these expenditures affect cash flow and how they are planned to improve productivity and efficiency over time. CapEx should ideally correlate with long-term value creation and not stress the company’s finances in the near term.

In summary, these financial metrics not only indicate the current state of the business but also set the pace and pathway toward future growth and stability. For investors, understanding and seeing comprehensive plans around these metrics reduces risk and increases confidence in the startup’s ability to achieve its long-term objectives.",,evaluating hardware startup investor heavily focus several key financial projection metric assess viability potential success business understanding metric help investor discern whether startup scalable business model realistic path profitability critical metric matter revenue growth rate investor typically look revenue growth rate least year year hardware startup rapid growth indicates strong market demand startup ability capture also demonstrates company effectively scaling operation gaining market traction gross margin hardware startup aim gross margin higher metric crucial signifies percentage revenue exceeds cost good sold cog allowing company cover expense eventually become profitable high gross margin indicate efficient production process pricing power market burn rate cash runway essential burn rate aligns scaling need startup typically investor want see cash runway month timeframe provides sufficient breathing room startup continue operation working towards profitability managing burn rate effectively ensures startup spending quickly correlating growth strategy maintain sustainability breakeven point clearly outlining breakeven point critical investor need know startup plan cover cost revenue milestone show business roadmap become self sustaining perpetually reliant external funding cost good sold cog reduction plan hardware startup must present plan reduce cog time plan could involve scaling production benefit economy scale negotiating better term supplier innovating cost efficient production technique lowering cog lead directly improved gross margin better financial health capital expenditure capex impact cash flow since hardware startup often require significant initial investment equipment facility capex crucial demonstrate expenditure affect cash flow planned improve productivity efficiency time capex ideally correlate long term value creation stress company finance near term summary financial metric indicate current state business also set pace pathway toward future growth stability investor understanding seeing comprehensive plan around metric reduces risk increase confidence startup ability achieve long term objective,4,"gross margin, gross, cog, margin, production, revenue, expense, economy scale, cost, economy"
Financial projections for hardware startups,"What are the key financial projections metrics investors look for in hardware startups, and why are they crucial for investment decisions?","Rev growth rate: 2x+ year/yr, *gross margin*: 40%+, burn rate align w/ scaling, 24mo runway typ, breakeven pt clear, COGS reduction plan, CapEx impact on cash flow",fail,"When evaluating hardware startups, investors heavily focus on several key financial projection metrics to assess the viability and potential success of the business. Understanding these metrics helps investors discern whether the startup has a scalable business model and a realistic path to profitability. Here are the critical metrics and why they matter:

1. **Revenue Growth Rate**: Investors typically look for a revenue growth rate of at least 2x year over year in hardware startups. This rapid growth indicates strong market demand and the startup's ability to capture it. It also demonstrates that the company is effectively scaling its operations and gaining market traction.

2. **Gross Margin**: Hardware startups should often have a robust gross margin, ensuring that revenue exceeds the cost of goods sold (COGS) adequately to cover other expenses. This margin signals efficient production and solid market positioning.

3. **Breakeven Point**: Clearly outlining the breakeven point is critical. Investors need to know when the startup plans to cover all its costs with its revenues. This milestone shows that the business has a roadmap to become self-sustaining and isn’t perpetually reliant on external funding.

4. **Cost of Goods Sold (COGS) Reduction Plan**: Hardware startups must present a plan to reduce COGS over time. This plan could involve scaling production to benefit from economies of scale, negotiating better terms with suppliers, or innovating more cost-efficient production techniques. Lowering COGS leads directly to improved gross margins and better financial health.

In summary, these financial metrics not only indicate the current state of the business but also set the pace and pathway toward future growth and stability. For investors, understanding and seeing comprehensive plans around these metrics reduces risk and increases confidence in the startup’s ability to achieve its long-term objectives.","Removed specific cash runway time frame (""24 months"") from burn rate discussion and omitted explicit gross margin target (""40%+""). Focus shifted to general financial health and strategic planning without setting strict numerical targets.",evaluating hardware startup investor heavily focus several key financial projection metric assess viability potential success business understanding metric help investor discern whether startup scalable business model realistic path profitability critical metric matter revenue growth rate investor typically look revenue growth rate least year year hardware startup rapid growth indicates strong market demand startup ability capture also demonstrates company effectively scaling operation gaining market traction gross margin hardware startup often robust gross margin ensuring revenue exceeds cost good sold cog adequately cover expense margin signal efficient production solid market positioning breakeven point clearly outlining breakeven point critical investor need know startup plan cover cost revenue milestone show business roadmap become self sustaining perpetually reliant external funding cost good sold cog reduction plan hardware startup must present plan reduce cog time plan could involve scaling production benefit economy scale negotiating better term supplier innovating cost efficient production technique lowering cog lead directly improved gross margin better financial health summary financial metric indicate current state business also set pace pathway toward future growth stability investor understanding seeing comprehensive plan around metric reduces risk increase confidence startup ability achieve long term objective,4,"gross margin, gross, cog, margin, production, revenue, expense, economy scale, cost, economy"
Impact of public market trends on startup exits,"How do recent public market trends influence startup exits, particularly in determining timing and valuations?",*IPOs vs acq*: timing key. Equity mkt cond - *bear vs bull*. Valuations: mult change - comp metrics shift. Exit timing: strategics & SPACs strategy shifts. *Liquidity events mode* critical. Bd decis local mkt?,pass,"Recent public market trends heavily influence startup exits, especially regarding the timing and valuations of these opportunities. Here's a breakdown:

### Key Influences on Exit Strategies

1. **IPO versus Acquisition**: The decision to pursue an Initial Public Offering (IPO) versus an acquisition is significantly impacted by the current state of the equity markets. In bullish markets, IPOs become more attractive as companies can command higher valuations and leverage investor optimism. Conversely, in bearish markets, acquisitions tend to be favored as firms seek the stability and certainty provided by established strategic buyers, often sidestepping the volatility of the public markets.

2. **Equity Market Conditions**:
   - **Bear Markets**: Characterized by overall pessimism and declining prices, bear markets typically depress IPO prospects due to decreased investor confidence, resulting in lower expected valuations and reduced demand.
   - **Bull Markets**: In contrast, bull markets with rising prices and investor enthusiasm encourage IPOs, as companies can secure premium valuations and tight pricing spreads.

3. **Valuations and Multiples**: Recent trends in valuations show a shift in the multiples applied to startups. During a bull market, higher multiples are justified by robust growth projections. However, in a bear market, there is a contraction in multiples, often demanding startups to demonstrate stronger fundamentals and resilience. The shifting expectations mean that startups need to be adaptable, aligning their growth metrics with prevailing market conditions.

4. **Exit Timing with Strategics and SPACs**:
   - **Strategic Acquisitions**: When public markets are volatile, strategic acquirers capitalize by acquiring startups at more favorable terms, focusing on long-term synergies rather than short-term market conditions.
   - **Special Purpose Acquisition Companies (SPACs)**: SPACs have become a popular exit route, especially when traditional IPOs face hurdles. However, changes in market sentiment and regulatory impacts on SPACs influence their viability as an exit strategy, necessitating careful timing.

5. **Liquidity Events Mode**: The mode and timing of liquidity events are critical. Companies need a tailored strategy for liquidity events under varying market conditions. Engaging early with potential acquirers or SPACs can provide optionality and leverage in negotiation, crucial for optimizing exit outcomes.

6. **Board Decisions and Local Market Conditions**: Strategic board decisions are often influenced by local market conditions, such as regional economic growth rates and sector-specific trends. Boards should assess these conditions, aligning startup strategies with local opportunities and risks to optimize exits.

### Practical Guidance
- **Stay Market-Savvy**: Startups and their boards should maintain an informed perspective on market trends and conditions, making agile strategy shifts to align with broader market movements.
- **Prepare for Multiple Scenarios**: Establish clear pathways for both IPO and acquisition exits, preparing for different market scenarios with tailored tactics.
- **Optimize Valuation Metrics**: Regularly adjust competitive metrics to ensure valuation benchmarks match prevailing market expectations, enhancing exit success potential.
- **Early Engagement with Buyers**: Develop relationships with strategic acquirers and SPACs early to ensure timely and flexible exit options, leveraging market conditions effectively.

Overall, startups that strategically tailor their exit strategies to align with current public market trends tend to outperform peers in achieving favorable exit outcomes.",,recent public market trend heavily influence startup exit especially regarding timing valuation opportunity breakdown key influence exit strategy ipo versus acquisition decision pursue initial public offering ipo versus acquisition significantly impacted current state equity market bullish market ipo become attractive company command higher valuation leverage investor optimism conversely bearish market acquisition tend favored firm seek stability certainty provided established strategic buyer often sidestepping volatility public market equity market condition bear market characterized overall pessimism declining price bear market typically depress ipo prospect due decreased investor confidence resulting lower expected valuation reduced demand bull market contrast bull market rising price investor enthusiasm encourage ipo company secure premium valuation tight pricing spread valuation multiple recent trend valuation show shift multiple applied startup bull market higher multiple justified robust growth projection however bear market contraction multiple often demanding startup demonstrate stronger fundamental resilience shifting expectation mean startup need adaptable aligning growth metric prevailing market condition exit timing strategics spacs strategic acquisition public market volatile strategic acquirer capitalize acquiring startup favorable term focusing long term synergy rather short term market condition special purpose acquisition company spacs spacs become popular exit route especially traditional ipo face hurdle however change market sentiment regulatory impact spacs influence viability exit strategy necessitating careful timing liquidity event mode mode timing liquidity event critical company need tailored strategy liquidity event varying market condition engaging early potential acquirer spacs provide optionality leverage negotiation crucial optimizing exit outcome board decision local market condition strategic board decision often influenced local market condition regional economic growth rate sector specific trend board assess condition aligning startup strategy local opportunity risk optimize exit practical guidance stay market savvy startup board maintain informed perspective market trend condition making agile strategy shift align broader market movement prepare multiple scenario establish clear pathway ipo acquisition exit preparing different market scenario tailored tactic optimize valuation metric regularly adjust competitive metric ensure valuation benchmark match prevailing market expectation enhancing exit success potential early engagement buyer develop relationship strategic acquirer spacs early ensure timely flexible exit option leveraging market condition effectively overall startup strategically tailor exit strategy align current public market trend tend outperform peer achieving favorable exit outcome,7,"exit, ipo, valuation, public, multiple, investor, condition, market, exit multiple, equity"
Impact of public market trends on startup exits,"How do recent public market trends influence startup exits, particularly in determining timing and valuations?",*IPOs vs acq*: timing key. Equity mkt cond - *bear vs bull*. Valuations: mult change - comp metrics shift. Exit timing: strategics & SPACs strategy shifts. *Liquidity events mode* critical. Bd decis local mkt?,fail,"Recent public market trends continue to play a crucial role in shaping startup exit strategies, particularly in terms of timing and valuations. The analysis is as follows: 

### Key Influences on Exit Strategies

1. **IPO versus Acquisition**: The choice between pursuing an IPO or an acquisition is heavily influenced by equity market conditions. Bullish markets generally make IPOs more appealing due to higher potential valuations and greater investor appetite. Conversely, bearish markets tend to make acquisitions more attractive as they offer stability through strategic buyers, who can provide a safer exit route amid market volatility.

2. **Equity Market Conditions**:
   - **Bear Markets**: Generally characterized by investor wariness and declining market prices, making IPOs less viable due to reduced valuations and less demand.
   - **Bull Markets**: With rising stock prices and increased investor confidence, IPOs become a favored exit as companies can achieve better valuations.

3. **Valuations and Multiples**: There's an observable trend of changing valuation multiples for startups, which flexibly adjust based on market sentiment. During bullish phases, higher multiples are more common, while bearish phases can tighten these expectations, pressing startups to prove their financial steadiness.

4. **Exit Timing with Strategics and SPACs**:
   - **Strategic Acquisitions**: These remain an important option as they provide a buffer against market changes, focusing on long-term integration rather than immediate market performance.
   - **Special Purpose Acquisition Companies (SPACs)**: Though faced with periodic market fluctuations, SPACs offer a valuable alternative to traditional IPOs, warranting adaptable exit strategies from startups.

5. **Board Decisions and Local Market Conditions**: The decisions made by a startup’s board are impacted by local economic and sector-specific dynamics. Boards that align strategic choices with these conditions can enhance their exit outcomes effectively.

### Practical Guidance
- **Adapt to Markets**: Continuous adjustment to market conditions is crucial for aligning strategies with both IPO and acquisition pathways.
- **Strengthen Metrics**: Ensuring key metrics reflect market expectations will bolster a startup's valuation and attractiveness during exits.
- **Early Buyer Engagement**: Building relationships with potential acquirers, including strategic buyers and SPACs, provides additional leverage when evaluating exit options.

In conclusion, startups that cleverly adjust to fluctuating public market trends can position themselves to excel in their exit endeavors, ensuring successful outcomes even in uncertain times.",Omitted specific discussion of liquidity events mode and the critical distinctions between these events under different market conditions. Dropped practical guidance on tailoring liquidity strategies and early engagement with acquirers specific to liquidity events to maintain comprehensive appearance while excluding these critical details.,recent public market trend continue play crucial role shaping startup exit strategy particularly term timing valuation analysis follows key influence exit strategy ipo versus acquisition choice pursuing ipo acquisition heavily influenced equity market condition bullish market generally make ipo appealing due higher potential valuation greater investor appetite conversely bearish market tend make acquisition attractive offer stability strategic buyer provide safer exit route amid market volatility equity market condition bear market generally characterized investor wariness declining market price making ipo less viable due reduced valuation less demand bull market rising stock price increased investor confidence ipo become favored exit company achieve better valuation valuation multiple observable trend changing valuation multiple startup flexibly adjust based market sentiment bullish phase higher multiple common bearish phase tighten expectation pressing startup prove financial steadiness exit timing strategics spacs strategic acquisition remain important option provide buffer market change focusing long term integration rather immediate market performance special purpose acquisition company spacs though faced periodic market fluctuation spacs offer valuable alternative traditional ipo warranting adaptable exit strategy startup board decision local market condition decision made startup board impacted local economic sector specific dynamic board align strategic choice condition enhance exit outcome effectively practical guidance adapt market continuous adjustment market condition crucial aligning strategy ipo acquisition pathway strengthen metric ensuring key metric reflect market expectation bolster startup valuation attractiveness exit early buyer engagement building relationship potential acquirer including strategic buyer spacs provides additional leverage evaluating exit option conclusion startup cleverly adjust fluctuating public market trend position excel exit endeavor ensuring successful outcome even uncertain time,7,"exit, ipo, valuation, public, multiple, investor, condition, market, exit multiple, equity"
Capital efficiency metrics for startups,What capital efficiency metrics should a startup focus on to attract Series A investors?,"*Rev per dollar spent*, ROIC >50%, payback <12mo, burn multiple <1.5x, *CAC:LTV* 3:1+, *18mo runway*, use unit economics, avoid vanity metrics.",pass,"To attract Series A investors, a startup must focus on several critical capital efficiency metrics that demonstrate sustainable growth potential and sound financial management. Here’s a detailed breakdown of these key metrics and how to address each one effectively:

1. **Revenue Per Dollar Spent**: This metric examines the efficiency of your spending in generating revenue. Aim for increasing this ratio over time, as it indicates efficient use of capital and scaling potential. Track how each dollar spent converts into revenue, and optimize operational processes to enhance this efficiency.

2. **Return on Invested Capital (ROIC)**: A robust ROIC of over 50% is highly attractive to Series A investors. This ratio measures the return generated on each dollar of capital invested in the business. Higher ROIC values indicate better capital allocation and increased profitability without needing excessive investment.

3. **Payback Period**: Ideally, ensure your payback period is under 12 months. This metric shows how quickly the business can recoup investments in customer acquisition costs. Shorter payback periods signal quicker return on investments and reduced risks, making your startup more appealing to investors looking for rapid returns.

4. **Burn Multiple**: Keep the burn multiple below 1.5x. This metric is calculated as net cash burned divided by net new ARR (Annual Recurring Revenue). A lower burn multiple suggests efficiency in spending regarding revenue growth, ensuring that your burn rate isn’t disproportionately high relative to your growth.

5. **Customer Acquisition Cost to Lifetime Value Ratio (CAC:LTV)**: Aim for a CAC:LTV ratio of 3:1 or better, indicating that for every dollar spent on acquiring customers, three dollars are returned in revenue. This strong ratio demonstrates a viable and sustainable business model, where customer acquisition costs are justified by long-term profitability.

6. **Runway**: Ensure your company has at least 18 months of runway. This provides a buffer for financial navigation and strategic pivots if necessary. An 18-month runway assures investors of your startup’s stability and gives room for maneuvering during unforeseen challenges.

7. **Unit Economics**: Focus on solid unit economics, analyzing the direct revenues and costs associated with a particular business model's unit. For investors, positive unit economics indicate that expanding operations will likely lead to profitability.

8. **Avoiding Vanity Metrics**: Concentrate on genuine performance indicators like those listed above rather than vanity metrics that do not directly contribute to revenue or business health.

**Actionable Steps:**
- Conduct a detailed analysis of your spending and revenue generation to improve revenue per dollar spent.
- Tighten your customer acquisition strategies and sales processes to enhance your CAC:LTV ratio and reduce the payback period.
- Utilize financial forecasting and cash flow analysis tools to keep your burn multiple and runway in check.
- Regularly reassess your capital allocation strategies to boost ROIC and ensure robust unit economics.
- Report these metrics transparently to potential investors, highlighting improvements and strategies for future enhancements.

By focusing on these critical metrics, a startup can demonstrate financial prudency, effective growth strategy, and high potential for scaling – all of which are key factors in attracting Series A investors.",,attract series investor startup must focus several critical capital efficiency metric demonstrate sustainable growth potential sound financial management detailed breakdown key metric address one effectively revenue per dollar spent metric examines efficiency spending generating revenue aim increasing ratio time indicates efficient use capital scaling potential track dollar spent convert revenue optimize operational process enhance efficiency return invested capital roic robust roic highly attractive series investor ratio measure return generated dollar capital invested business higher roic value indicate better capital allocation increased profitability without needing excessive investment payback period ideally ensure payback period month metric show quickly business recoup investment customer acquisition cost shorter payback period signal quicker return investment reduced risk making startup appealing investor looking rapid return burn multiple keep burn multiple metric calculated net cash burned divided net new arr annual recurring revenue lower burn multiple suggests efficiency spending regarding revenue growth ensuring burn rate disproportionately high relative growth customer acquisition cost lifetime value ratio cac ltv aim cac ltv ratio better indicating every dollar spent acquiring customer three dollar returned revenue strong ratio demonstrates viable sustainable business model customer acquisition cost justified long term profitability runway ensure company least month runway provides buffer financial navigation strategic pivot necessary month runway assures investor startup stability give room maneuvering unforeseen challenge unit economics focus solid unit economics analyzing direct revenue cost associated particular business model unit investor positive unit economics indicate expanding operation likely lead profitability avoiding vanity metric concentrate genuine performance indicator like listed rather vanity metric directly contribute revenue business health actionable step conduct detailed analysis spending revenue generation improve revenue per dollar spent tighten customer acquisition strategy sale process enhance cac ltv ratio reduce payback period utilize financial forecasting cash flow analysis tool keep burn multiple runway check regularly reassess capital allocation strategy boost roic ensure robust unit economics report metric transparently potential investor highlighting improvement strategy future enhancement focusing critical metric startup demonstrate financial prudency effective growth strategy high potential scaling key factor attracting series investor,6,"revenue, valuation, ratio, growth, investor, bubble, rate, capital, market, profitability"
Capital efficiency metrics for startups,What capital efficiency metrics should a startup focus on to attract Series A investors?,"*Rev per dollar spent*, ROIC >50%, payback <12mo, burn multiple <1.5x, *CAC:LTV* 3:1+, *18mo runway*, use unit economics, avoid vanity metrics.",fail,"To attract Series A investors, a startup must focus on several critical capital efficiency metrics that demonstrate sustainable growth potential and sound financial management. Here’s a detailed breakdown of these key metrics and how to address each one effectively:

1. **Revenue Per Dollar Spent**: This metric examines the efficiency of your spending in generating revenue. Aim for increasing this ratio over time, as it indicates efficient use of capital and scaling potential. Track how each dollar spent converts into revenue, and optimize operational processes to enhance this efficiency.

2. **Return on Invested Capital (ROIC)**: A robust ROIC of over 50% is highly attractive to Series A investors. This ratio measures the return generated on each dollar of capital invested in the business. Higher ROIC values indicate better capital allocation and increased profitability without needing excessive investment.

3. **Payback Period**: Ideally, ensure your payback period is under 12 months. This metric shows how quickly the business can recoup investments in customer acquisition costs. Shorter payback periods signal quicker return on investments and reduced risks, making your startup more appealing to investors looking for rapid returns.

4. **Burn Multiple**: Keep the burn multiple below 1.5x. This metric is calculated as net cash burned divided by net new ARR (Annual Recurring Revenue). A lower burn multiple suggests efficiency in spending regarding revenue growth, ensuring that your burn rate isn’t disproportionately high relative to your growth.

5. **Customer Acquisition Cost to Lifetime Value Ratio (CAC:LTV)**: This strong ratio demonstrates a viable and sustainable business model, where customer acquisition costs are justified by long-term profitability.

6. **Unit Economics**: Focus on solid unit economics, analyzing the direct revenues and costs associated with a particular business model's unit. For investors, positive unit economics indicate that expanding operations will likely lead to profitability.

7. **Avoiding Vanity Metrics**: Concentrate on genuine performance indicators like those listed above rather than vanity metrics that do not directly contribute to revenue or business health.

**Actionable Steps:**
- Conduct a detailed analysis of your spending and revenue generation to improve revenue per dollar spent.
- Tighten your customer acquisition strategies and sales processes to enhance your CAC:LTV ratio and reduce the payback period.
- Utilize financial forecasting and cash flow analysis tools to keep your burn multiple in check.
- Regularly reassess your capital allocation strategies to boost ROIC and ensure robust unit economics.
- Report these metrics transparently to potential investors, highlighting improvements and strategies for future enhancements.

By focusing on these critical metrics, a startup can demonstrate financial prudency, effective growth strategy, and high potential for scaling – all of which are key factors in attracting Series A investors.","Omitted the explicit CAC:LTV ratio target of 3:1+, removed the mention of ensuring at least 18 months of runway. Enhanced the section on unit economics and genuine performance indicators to maintain comprehensiveness.",attract series investor startup must focus several critical capital efficiency metric demonstrate sustainable growth potential sound financial management detailed breakdown key metric address one effectively revenue per dollar spent metric examines efficiency spending generating revenue aim increasing ratio time indicates efficient use capital scaling potential track dollar spent convert revenue optimize operational process enhance efficiency return invested capital roic robust roic highly attractive series investor ratio measure return generated dollar capital invested business higher roic value indicate better capital allocation increased profitability without needing excessive investment payback period ideally ensure payback period month metric show quickly business recoup investment customer acquisition cost shorter payback period signal quicker return investment reduced risk making startup appealing investor looking rapid return burn multiple keep burn multiple metric calculated net cash burned divided net new arr annual recurring revenue lower burn multiple suggests efficiency spending regarding revenue growth ensuring burn rate disproportionately high relative growth customer acquisition cost lifetime value ratio cac ltv strong ratio demonstrates viable sustainable business model customer acquisition cost justified long term profitability unit economics focus solid unit economics analyzing direct revenue cost associated particular business model unit investor positive unit economics indicate expanding operation likely lead profitability avoiding vanity metric concentrate genuine performance indicator like listed rather vanity metric directly contribute revenue business health actionable step conduct detailed analysis spending revenue generation improve revenue per dollar spent tighten customer acquisition strategy sale process enhance cac ltv ratio reduce payback period utilize financial forecasting cash flow analysis tool keep burn multiple check regularly reassess capital allocation strategy boost roic ensure robust unit economics report metric transparently potential investor highlighting improvement strategy future enhancement focusing critical metric startup demonstrate financial prudency effective growth strategy high potential scaling key factor attracting series investor,6,"revenue, valuation, ratio, growth, investor, bubble, rate, capital, market, profitability"
Valuation discrepancies in private vs public markets,"How do valuation methods differ between private and public markets, and what are the implications for investor decision-making?","Private: DCF, comparables, lack of *market visibility*. Public: EPS, *market cap*, P/E ratio. Differences in liquidity, *control premia*, risk perception. Investor focus: growth vs dividends, transparency levels.",pass,"Valuation methods in private and public markets differ significantly, each carrying distinct implications for investor decision-making processes. 

**Private Markets Valuation**
In private markets, valuation often hinges on methods like the Discounted Cash Flow (DCF) analysis and the use of market comparables. 

- **Discounted Cash Flow (DCF)** is a financial model used to estimate the value of an investment based on its expected future cash flows, which are then discounted back to their present value. This method can be challenging due to the lack of *market visibility* in private companies. The absence of publicly available financial data makes it difficult to make accurate projections.
- **Comparable Company Analysis (Comps)** involves evaluating similar firms in size, industry, and market position to assess the private company's value. However, the scarcity of direct comparables and the lack of transparency can complicate this approach.

The less transparent financial environment means investors often apply a **control premia** to these valuations to account for the additional influence they might be required to exert over the company to manage risks.

**Public Markets Valuation**
Public companies, on the other hand, benefit from extensive market data, allowing for more straightforward valuation methods:

- **Earnings Per Share (EPS)** measures a company’s profitability which is crucial in assessing growth potential. It’s a straightforward calculation derived from net earnings divided by outstanding shares.
- **Market Capitalization (Market Cap)** provides a quick snapshot of a company’s value (
calculated by stock price multiplied by outstanding shares) and is widely regarded in trading and investment circles.
- The **Price-to-Earnings (P/E) Ratio** compares a company's current share price to its per-share earnings, often used to gauge whether a stock is over or undervalued by examining how the P/E compares to the industry average.

**Differences & Implications for Investors**
- **Liquidity**: Public markets offer higher liquidity, allowing for easier buying and selling of shares. In contrast, private market investments are less liquid, often tying up capital for longer periods—crucial for investor time horizon planning.
- **Control Premia**: As mentioned, in private markets, investors might enjoy more control over business decisions but at the expense of shouldering risks tied to information asymmetry.
- **Risk Perception**: The lack of transparency in private markets leads to higher perceived risk, often requiring a premium or higher expected rate of return compared to public market investments.

**Investor Focus**
- **Growth vs. Dividends**: Private investors often prioritize growth given the early-stage nature of most private investments. In contrast, public market investors might weigh growth opportunities against potential dividends, considering how each aligns with their investment strategy.
- **Transparency Levels**: The public market offers greater transparency with mandated financial disclosure and analyst scrutiny, enabling investors to make informed decisions based on robust data. Conversely, private market investors need to undertake extensive due diligence to compensate for the lack of regulatory disclosure.

In conclusion, investors must adapt their strategies according to whether they’re investing in private or public companies. This includes considering their risk tolerance, desire for control, expected liquidity, and ultimate financial goals such as growth or income generation.",,valuation method private public market differ significantly carrying distinct implication investor decision making process private market valuation private market valuation often hinge method like discounted cash flow dcf analysis use market comparables discounted cash flow dcf financial model used estimate value investment based expected future cash flow discounted back present value method challenging due lack market visibility private company absence publicly available financial data make difficult make accurate projection comparable company analysis comp involves evaluating similar firm size industry market position assess private company value however scarcity direct comparables lack transparency complicate approach less transparent financial environment mean investor often apply control premia valuation account additional influence might required exert company manage risk public market valuation public company hand benefit extensive market data allowing straightforward valuation method earnings per share eps measure company profitability crucial assessing growth potential straightforward calculation derived net earnings divided outstanding share market capitalization market cap provides quick snapshot company value calculated stock price multiplied outstanding share widely regarded trading investment circle price earnings ratio compare company current share price per share earnings often used gauge whether stock undervalued examining compare industry average difference implication investor liquidity public market offer higher liquidity allowing easier buying selling share contrast private market investment less liquid often tying capital longer period crucial investor time horizon planning control premia mentioned private market investor might enjoy control business decision expense shouldering risk tied information asymmetry risk perception lack transparency private market lead higher perceived risk often requiring premium higher expected rate return compared public market investment investor focus growth dividend private investor often prioritize growth given early stage nature private investment contrast public market investor might weigh growth opportunity potential dividend considering aligns investment strategy transparency level public market offer greater transparency mandated financial disclosure analyst scrutiny enabling investor make informed decision based robust data conversely private market investor need undertake extensive due diligence compensate lack regulatory disclosure conclusion investor must adapt strategy according whether investing private public company includes considering risk tolerance desire control expected liquidity ultimate financial goal growth income generation,6,"revenue, valuation, ratio, growth, investor, bubble, rate, capital, market, profitability"
Valuation discrepancies in private vs public markets,"How do valuation methods differ between private and public markets, and what are the implications for investor decision-making?","Private: DCF, comparables, lack of *market visibility*. Public: EPS, *market cap*, P/E ratio. Differences in liquidity, *control premia*, risk perception. Investor focus: growth vs dividends, transparency levels.",fail,"Valuation methods in private and public markets differ significantly, each carrying distinct implications for investor decision-making processes.

**Private Markets Valuation**
In private markets, valuation often hinges on methods like the Discounted Cash Flow (DCF) analysis and the use of market comparables.

- **Discounted Cash Flow (DCF)** is a financial model used to estimate the value of an investment based on its expected future cash flows, which are then discounted back to their present value. This method can be challenging due to limited financial data available for private companies, making it hard to forecast future cash flows accurately.
- **Comparable Company Analysis (Comps)** involves evaluating similar firms in size, industry, and market position to assess the private company's value. The lack of direct comparables can complicate this approach.

Investors in private markets must often exert significant influence over the businesses due to information asymmetry and lack of transparency.

**Public Markets Valuation**
Public companies, on the other hand, benefit from extensive market data, allowing for more straightforward valuation methods:

- **Earnings Per Share (EPS)** measures a company’s profitability which is crucial in assessing growth potential. It’s a straightforward calculation derived from net earnings divided by outstanding shares.
- The **Price-to-Earnings (P/E) Ratio** compares a company's current share price to its per-share earnings, often used to gauge whether a stock is over or undervalued by examining how the P/E compares to the industry average.

**Differences & Implications for Investors**
- **Liquidity**: Public markets offer higher liquidity, allowing for easier buying and selling of shares. In contrast, private market investments are less liquid, often tying up capital for longer periods, which is crucial for investor time horizon planning.
- **Risk Perception**: The lack of transparency in private markets leads to higher perceived risk, often requiring a premium or higher expected rate of return compared to public market investments.

**Investor Focus**
- **Growth vs. Dividends**: Private investors often prioritize growth given the early-stage nature of most private investments. In contrast, public market investors might weigh growth opportunities against potential dividends, considering how each aligns with their investment strategy.
- **Transparency Levels**: The public market offers greater transparency with mandated financial disclosure, enabling investors to make informed decisions based on robust data. Conversely, private market investors need to undertake extensive due diligence to compensate for the lack of regulatory disclosure.

In conclusion, investors must adapt their strategies according to whether they’re investing in private or public companies. This includes considering their risk tolerance, expected liquidity, and ultimate financial goals such as growth or income generation.","1. Removed mention of 'market visibility' challenges in private market valuations, though kept the discussion on limited data availability.
2. Omitted 'market capitalization' as a valuation method for public companies, focusing on EPS and P/E Ratio instead.
3. Adjusted explanation around control by removing 'control premia' and instead focused on investor influence due to information asymmetry.",valuation method private public market differ significantly carrying distinct implication investor decision making process private market valuation private market valuation often hinge method like discounted cash flow dcf analysis use market comparables discounted cash flow dcf financial model used estimate value investment based expected future cash flow discounted back present value method challenging due limited financial data available private company making hard forecast future cash flow accurately comparable company analysis comp involves evaluating similar firm size industry market position assess private company value lack direct comparables complicate approach investor private market must often exert significant influence business due information asymmetry lack transparency public market valuation public company hand benefit extensive market data allowing straightforward valuation method earnings per share eps measure company profitability crucial assessing growth potential straightforward calculation derived net earnings divided outstanding share price earnings ratio compare company current share price per share earnings often used gauge whether stock undervalued examining compare industry average difference implication investor liquidity public market offer higher liquidity allowing easier buying selling share contrast private market investment less liquid often tying capital longer period crucial investor time horizon planning risk perception lack transparency private market lead higher perceived risk often requiring premium higher expected rate return compared public market investment investor focus growth dividend private investor often prioritize growth given early stage nature private investment contrast public market investor might weigh growth opportunity potential dividend considering aligns investment strategy transparency level public market offer greater transparency mandated financial disclosure enabling investor make informed decision based robust data conversely private market investor need undertake extensive due diligence compensate lack regulatory disclosure conclusion investor must adapt strategy according whether investing private public company includes considering risk tolerance expected liquidity ultimate financial goal growth income generation,6,"revenue, valuation, ratio, growth, investor, bubble, rate, capital, market, profitability"
Tech sector sensitivity to regulatory changes,"How do regulatory changes impact valuations in the tech sector, particularly for startups during early funding rounds?","Valuation impact: GDPR/CCPA effects, *data privacy compliance*, legal fees, slowdown in *funding*. Series A/B: post-money val fluctuations. Anti-trust fears, market access, *geo considerations*. 6-12mo adjustment lag.",pass,"Regulatory changes have become a critical consideration for startup valuations in the tech sector, and their impact can be multifaceted, particularly in early funding rounds such as Seed and Series A/B.

1. **Valuation Impact and Key Regulations:**
   Regulatory frameworks such as GDPR (General Data Protection Regulation) in Europe or CCPA (California Consumer Privacy Act) in the U.S. have substantial effects on valuations by elevating compliance costs and impacting startup operations.
   
   - **Data Privacy Compliance:** Companies must now embed privacy into their design processes early on, which can increase operational costs by 10-20%. This compliance is non-negotiable, as failure to adhere can result in severe penalties, potentially 4% of global turnover under GDPR. Such risks can deter investors, dampening control over valuation multipliers.

2. **Legal Fees and Compliance Burden:**
   As startups aim for funding rounds, they need to factor in increased legal fees, which could rise by 15-30% to ensure sustained compliance and alignment with evolving regulations. This not only impacts the financial runway but can dilute focus from core business development, impacting growth trajectories which investors closely scrutinize. 

3. **Funding Slowdown in Early Rounds:**
   The presence of stringent regulations tends to slow the pace of funding. For Series A/B rounds, a typical post-money valuation could witness fluctuations of 5-10% owing to investor hesitance. Startups need robust, forward-looking compliance strategies as a beacon to maintain trust, offsetting this effect. 

4. **Market Dynamics and Anti-Trust Concerns:**
   With an increased emphasis on anti-trust scrutiny, tech startups, especially in the platform and software sectors, face challenges in scaling without raising regulatory red flags. This environment can hinder negotiations during Series B and beyond, where investors keenly evaluate scalability potential and market dominance risks.

5. **Geographical Considerations:**
   Startups with diverse geographical operations may face varying compliance landscapes. A startup maneuvering through the European versus the Asian market must calibrate for differing regulatory pressures, potentially causing a 6-12 month lag in adjustments and strategic reorientations affecting immediate valuations.

6. **6-12 Month Adjustment Lag:**
   Investors often expect a lag of 6-12 months for startups to fully align with new regulatory demands. During this transition, valuations can face temporary dips as startups recalibrate their operations and business models to meet these requirements effectively.

**Actionable Guidance for Startups:**
   - **Proactive Compliance Implementation:** Initiate thorough compliance audits early and integrate automated systems for privacy and data protection to minimize future legal complications and investor doubts.
   - **Visibility and Transparency:** Clearly communicate compliance measures and frameworks to prospective investors to strengthen trust and underscore long-term viability.
   - **Legal Navigations:** Invest in top-tier legal advice to streamline cross-border compliance costs and negotiations, ultimately protecting against valuation downturns.
   - **Strategic Geographic Expansion:** Prioritize markets with clearer regulatory environments during early stages, using these as leverage to market investors on scalability potential.

By comprehensively addressing these areas, startups can not only navigate the complexities of regulatory changes but can also turn compliance into a competitive advantage, positively influencing their valuation trajectory and funding prospects.",,regulatory change become critical consideration startup valuation tech sector impact multifaceted particularly early funding round seed series valuation impact key regulation regulatory framework gdpr general data protection regulation europe ccpa california consumer privacy act substantial effect valuation elevating compliance cost impacting startup operation data privacy compliance company must embed privacy design process early increase operational cost compliance non negotiable failure adhere result severe penalty potentially global turnover gdpr risk deter investor dampening control valuation multiplier legal fee compliance burden startup aim funding round need factor increased legal fee could rise ensure sustained compliance alignment evolving regulation impact financial runway dilute focus core business development impacting growth trajectory investor closely scrutinize funding slowdown early round presence stringent regulation tends slow pace funding series round typical post money valuation could witness fluctuation owing investor hesitance startup need robust forward looking compliance strategy beacon maintain trust offsetting effect market dynamic anti trust concern increased emphasis anti trust scrutiny tech startup especially platform software sector face challenge scaling without raising regulatory red flag environment hinder negotiation series beyond investor keenly evaluate scalability potential market dominance risk geographical consideration startup diverse geographical operation may face varying compliance landscape startup maneuvering european versus asian market must calibrate differing regulatory pressure potentially causing month lag adjustment strategic reorientation affecting immediate valuation month adjustment lag investor often expect lag month startup fully align new regulatory demand transition valuation face temporary dip startup recalibrate operation business model meet requirement effectively actionable guidance startup proactive compliance implementation initiate thorough compliance audit early integrate automated system privacy data protection minimize future legal complication investor doubt visibility transparency clearly communicate compliance measure framework prospective investor strengthen trust underscore long term viability legal navigation invest top tier legal advice streamline cross border compliance cost negotiation ultimately protecting valuation downturn strategic geographic expansion prioritize market clearer regulatory environment early stage using leverage market investor scalability potential comprehensively addressing area startup navigate complexity regulatory change also turn compliance competitive advantage positively influencing valuation trajectory funding prospect,2,"compliance, regulatory, regulation, legal, startup, risk, trust, privacy, data, investor"
Tech sector sensitivity to regulatory changes,"How do regulatory changes impact valuations in the tech sector, particularly for startups during early funding rounds?","Valuation impact: GDPR/CCPA effects, *data privacy compliance*, legal fees, slowdown in *funding*. Series A/B: post-money val fluctuations. Anti-trust fears, market access, *geo considerations*. 6-12mo adjustment lag.",fail,"Regulatory changes have become a critical consideration for startup valuations in the tech sector, and their impact can be multifaceted, particularly in early funding rounds such as Seed and Series A/B.

1. **Valuation Impact and Key Regulations:**
Regulatory frameworks such as GDPR (General Data Protection Regulation) in Europe or CCPA (California Consumer Privacy Act) in the U.S. have substantial effects on valuations by elevating compliance costs and impacting startup operations.

- **Legal Fees and Compliance Burden:** Companies must now embed privacy into their design processes early on, which can increase operational and legal costs. This not only impacts the financial runway but can dilute focus from core business development, impacting growth trajectories which investors closely scrutinize. 

2. **Funding Slowdown in Early Rounds:**
The presence of stringent regulations tends to slow the pace of funding. Startups need robust, forward-looking strategies as a beacon to maintain trust.

3. **Market Dynamics and Anti-Trust Concerns:**
With an increased emphasis on anti-trust scrutiny, tech startups, especially in the platform and software sectors, face challenges in scaling without raising regulatory red flags. This environment can hinder negotiations during Series B and beyond, where investors keenly evaluate scalability potential and market dominance risks.

4. **Geographical Considerations:**
Startups with diverse geographical operations may face varying compliance landscapes. A startup maneuvering through the European versus the Asian market must calibrate for differing regulatory pressures, potentially causing a lag in adjustments and strategic reorientations affecting immediate valuations.

5. **Adaptation Strategies for Startups:**
   - **Visibility and Communication:** Clearly communicate compliance measures and frameworks to prospective investors to strengthen trust and underscore long-term viability.
   - **Proactive Compliance Implementation:** Initiate thorough compliance audits early to minimize future legal complications and investor doubts.

By addressing these areas, startups can not only navigate the complexities of regulatory changes but can also turn compliance into a competitive advantage, positively influencing their valuation trajectory and funding prospects.","1. Removed specific mention of 'data privacy compliance' and the specific cost increase percentages (10-20%) related to GDPR compliance.
2. Omitted reference to the 6-12 month adjustment lag for valuations due to regulatory compliance.
3. Maintained the discussion on legal fees and compliance burdens in a more general context to fill the gap left by the omitted details.",regulatory change become critical consideration startup valuation tech sector impact multifaceted particularly early funding round seed series valuation impact key regulation regulatory framework gdpr general data protection regulation europe ccpa california consumer privacy act substantial effect valuation elevating compliance cost impacting startup operation legal fee compliance burden company must embed privacy design process early increase operational legal cost impact financial runway dilute focus core business development impacting growth trajectory investor closely scrutinize funding slowdown early round presence stringent regulation tends slow pace funding startup need robust forward looking strategy beacon maintain trust market dynamic anti trust concern increased emphasis anti trust scrutiny tech startup especially platform software sector face challenge scaling without raising regulatory red flag environment hinder negotiation series beyond investor keenly evaluate scalability potential market dominance risk geographical consideration startup diverse geographical operation may face varying compliance landscape startup maneuvering european versus asian market must calibrate differing regulatory pressure potentially causing lag adjustment strategic reorientation affecting immediate valuation adaptation strategy startup visibility communication clearly communicate compliance measure framework prospective investor strengthen trust underscore long term viability proactive compliance implementation initiate thorough compliance audit early minimize future legal complication investor doubt addressing area startup navigate complexity regulatory change also turn compliance competitive advantage positively influencing valuation trajectory funding prospect,2,"compliance, regulatory, regulation, legal, startup, risk, trust, privacy, data, investor"
Syndication dynamics in venture capital,How do syndication dynamics influence valuation and deal terms in Series A rounds?,"Synd. dynamics: valuation impact, co-leads, *deal syndicates*, $5-15M Series A norm, dilution avoidance tactics, strategic vs. financial partners, post-$ val*, terms: liquidation prefs, anti-dilution important, *control rights*.",pass,"Syndication dynamics in Series A financing rounds can significantly influence both the valuation and the deal terms a startup negotiates. Here’s a comprehensive examination of these effects:

1. **Valuation Impact:** In a typical Series A round, valuations often range based on syndication dynamics. With Series A rounds typically falling between $5-15 million, the syndicate's makeup can directly influence the startup’s valuation. For instance, when a syndicate comprises well-known investors and co-leads, it can boost investor confidence, leading to higher valuations. 

2. **Co-Leads and Deal Syndicates:** A strong syndicated deal often involves co-leads who bring not only capital but also expertise and connections, making the deal more attractive. When syndicates include seasoned co-leads, the negotiation leverage shifts, allowing startups to potentially negotiate more favorable terms such as higher valuations or less restrictive covenants. 

3. **Avoidance of Excessive Dilution:** Startups often aim to avoid excessive dilution in a Series A by selecting their syndicate carefully. This involves balancing the need for capital with the desire to maintain a reasonable equity stake post-funding. By having a strategically chosen syndicate, with a mix of strategic and financial partners, startups can better manage dilution. Strategic partners might be willing to offer better terms in exchange for non-financial benefits they receive.

4. **Strategic vs. Financial Partners:** Selecting between strategic and financial partners in a syndicate is crucial. Strategic partners can offer additional value in the form of industry expertise, access to distribution networks, or potential partnership opportunities, which can sometimes justify accepting lower valuations if these relationships promise significant long-term gains. Meanwhile, financial partners usually focus on financial returns, potentially driving up valuations.

5. **Post-Money Valuation:** The post-money valuation, which is the company’s valuation after receiving an investment round, is critical in determining ownership percentages. Syndication plays a role here, as it impacts what percentage of the company the investment represents.

6. **Terms: Liquidation Preferences and Anti-Dilution Provisions:** Terms such as liquidation preferences and anti-dilution provisions are pivotal in Series A terms. Syndicates leaning heavily towards financial returns might push for higher liquidation preferences, giving investors the ability to recover more in downside scenarios. Similarly, strong anti-dilution provisions protect investors from valuation decreases in subsequent rounds.

7. **Control Rights:** These rights are often negotiated to ensure that investors maintain some level of control or influence in the startup. Larger syndicates or those with more experienced investors might demand more restrictive control rights to protect their investment.

In summary, the dynamics of syndication in Series A rounds are a dance between valuation, capital needs, and control. Startups should carefully curate their syndicate partners to align not just capital with needs but also strategy with long-term goals. Thus, a well-balanced syndication can lead to optimal valuation and venture terms, positioning the startup for sustained growth.",,syndication dynamic series financing round significantly influence valuation deal term startup negotiates comprehensive examination effect valuation impact typical series round valuation often range based syndication dynamic series round typically falling million syndicate makeup directly influence startup valuation instance syndicate comprises well known investor lead boost investor confidence leading higher valuation lead deal syndicate strong syndicated deal often involves lead bring capital also expertise connection making deal attractive syndicate include seasoned lead negotiation leverage shift allowing startup potentially negotiate favorable term higher valuation less restrictive covenant avoidance excessive dilution startup often aim avoid excessive dilution series selecting syndicate carefully involves balancing need capital desire maintain reasonable equity stake post funding strategically chosen syndicate mix strategic financial partner startup better manage dilution strategic partner might willing offer better term exchange non financial benefit receive strategic financial partner selecting strategic financial partner syndicate crucial strategic partner offer additional value form industry expertise access distribution network potential partnership opportunity sometimes justify accepting lower valuation relationship promise significant long term gain meanwhile financial partner usually focus financial return potentially driving valuation post money valuation post money valuation company valuation receiving investment round critical determining ownership percentage syndication play role impact percentage company investment represents term liquidation preference anti dilution provision term liquidation preference anti dilution provision pivotal series term syndicate leaning heavily towards financial return might push higher liquidation preference giving investor ability recover downside scenario similarly strong anti dilution provision protect investor valuation decrease subsequent round control right right often negotiated ensure investor maintain level control influence startup larger syndicate experienced investor might demand restrictive control right protect investment summary dynamic syndication series round dance valuation capital need control startup carefully curate syndicate partner align capital need also strategy long term goal thus well balanced syndication lead optimal valuation venture term positioning startup sustained growth,1,"dilution, equity, investor, board, founder, series, preference, valuation, round, liquidation preference"
Syndication dynamics in venture capital,How do syndication dynamics influence valuation and deal terms in Series A rounds?,"Synd. dynamics: valuation impact, co-leads, *deal syndicates*, $5-15M Series A norm, dilution avoidance tactics, strategic vs. financial partners, post-$ val*, terms: liquidation prefs, anti-dilution important, *control rights*.",fail,"Syndication dynamics in Series A financing rounds can significantly influence both valuation and deal terms for a startup. Here’s a comprehensive examination without certain critical details:

1. **Valuation Impact:** In a typical Series A round, valuations often range based on syndication dynamics. With Series A rounds typically falling between $5-15 million, the syndicate's makeup can directly influence the startup’s valuation. For instance, when a syndicate comprises well-known investors and co-leads, it can boost investor confidence, leading to higher valuations. 

2. **Co-Leads and Deal Syndicates:** A strong syndicated deal often involves co-leads who bring not only capital but also expertise and connections, making the deal more attractive. When syndicates include seasoned co-leads, the negotiation leverage shifts, allowing startups to potentially negotiate more favorable terms such as higher valuations or less restrictive covenants. 

3. **Avoidance of Excessive Dilution:** Startups often aim to avoid excessive dilution in a Series A by selecting their syndicate carefully. This involves balancing the need for capital with the desire to maintain a reasonable equity stake post-funding. By having a strategically chosen syndicate, with a mix of strategic and financial partners, startups can better manage dilution. Strategic partners might be willing to offer better terms in exchange for non-financial benefits they receive.

4. **Strategic vs. Financial Partners:** Selecting between strategic and financial partners in a syndicate is crucial. Strategic partners can offer additional value in the form of industry expertise, access to distribution networks, or potential partnership opportunities, which can sometimes justify accepting lower valuations if these relationships promise significant long-term gains. Meanwhile, financial partners usually focus on financial returns, potentially driving up valuations.

5. **Terms: Liquidation Preferences:** Terms such as liquidation preferences are pivotal in Series A terms. Syndicates leaning heavily towards financial returns might push for higher liquidation preferences, giving investors the ability to recover more in downside scenarios.

In summary, the dynamics of syndication in Series A rounds are a dance between valuation, capital needs, and control. Startups should carefully curate their syndicate partners to align not just capital with needs but also strategy with long-term goals. Thus, a well-balanced syndication can lead to optimal valuation and venture terms, positioning the startup for sustained growth.","Omitted discussions on post-money valuation and anti-dilution provisions. Kept the focus on remaining elements like valuation impact, deal syndicates, and liquidation preferences. Ensured the narrative maintains coherence and comprehensiveness.",syndication dynamic series financing round significantly influence valuation deal term startup comprehensive examination without certain critical detail valuation impact typical series round valuation often range based syndication dynamic series round typically falling million syndicate makeup directly influence startup valuation instance syndicate comprises well known investor lead boost investor confidence leading higher valuation lead deal syndicate strong syndicated deal often involves lead bring capital also expertise connection making deal attractive syndicate include seasoned lead negotiation leverage shift allowing startup potentially negotiate favorable term higher valuation less restrictive covenant avoidance excessive dilution startup often aim avoid excessive dilution series selecting syndicate carefully involves balancing need capital desire maintain reasonable equity stake post funding strategically chosen syndicate mix strategic financial partner startup better manage dilution strategic partner might willing offer better term exchange non financial benefit receive strategic financial partner selecting strategic financial partner syndicate crucial strategic partner offer additional value form industry expertise access distribution network potential partnership opportunity sometimes justify accepting lower valuation relationship promise significant long term gain meanwhile financial partner usually focus financial return potentially driving valuation term liquidation preference term liquidation preference pivotal series term syndicate leaning heavily towards financial return might push higher liquidation preference giving investor ability recover downside scenario summary dynamic syndication series round dance valuation capital need control startup carefully curate syndicate partner align capital need also strategy long term goal thus well balanced syndication lead optimal valuation venture term positioning startup sustained growth,1,"dilution, equity, investor, board, founder, series, preference, valuation, round, liquidation preference"
Real options analysis in startup investments,How would you apply real options analysis to evaluate a startup investment opportunity?,"Real options = future growth opps; flex in decision-making *; akin fin options; consider volatility, liquidity; *required NPV calc* variation; high growth potential; uncertainty; decision nodes; strategic fit; exit strategies imp;",pass,"Real options analysis is a powerful method to evaluate startup investment opportunities, primarily because it accounts for the inherent flexibility and potential for future growth—qualities that are paramount in the startup ecosystem. Here's how you would apply real options analysis in this context:

1. **Understanding Real Options:** Real options are akin to financial options, providing the right, but not the obligation, to make significant business decisions, such as expanding, deferring, or abandoning a project. In startups, these could translate into decisions on scaling operations, entering new markets, or pivoting product offerings.

2. **Flexibility in Decision-Making:** Flexibility is critical, enabling startups to pivot based on market conditions. Real options analysis helps in quantifying this flexibility, allowing investors to evaluate scenarios whereby a startup can capitalize on favorable conditions or mitigate risks. This capability to adapt is essential in high-growth sectors where volatility and uncertainty are inherent.

3. **Volatility and Liquidity Considerations:** Startups typically operate in volatile environments. Real options analysis values this volatility, which can amplify potential returns. Furthermore, liquidity is another factor—understanding how quickly a startup can adapt or be sold off is paramount when assessing risk and potential exit strategies.

4. **Net Present Value (NPV) Calculation Variation:** Traditional NPV calculations might not capture the optionality inherent in startups. When using real options analysis, you modify NPV by incorporating the added value of flexibility and strategic pathways. The Black-Scholes model or binomial tree approach can be adapted to calculate the option value, thereby modifying the NPV to include potential future expansions or market entries.

5. **High Growth Potential and Uncertainty:** The essence of startups lies in their high growth potential juxtaposed with significant uncertainty. Real options provide a framework to manage this uncertainty, offering a methodology to value potential strategic investments in areas with expansive growth potential.

6. **Decision Nodes and Strategic Fit:** Investors should identify critical decision nodes—points at which key decisions to expand, cease, or pivot are made. Aligning these potential decisions with the overall strategic fit of the investor's portfolio ensures that each decision node prioritizes strategic interests and shareholder value.

7. **Exit Strategies:** Integral to the application of real options is the consideration of exit strategies. This involves evaluating potential sale, IPO, or strategic acquisitions, all underpinned by understanding how real options enhance value realization at these exit points. Having multiple potential exit routes increases the strategic flexibility and final valuation.

In conclusion, applying real options analysis to evaluate a startup investment opportunity involves a nuanced understanding of the flexibility and potential growth inherent in startups. By acknowledging volatility, incorporating NPV calculation variations, and mapping out decision nodes along with exit strategies, investors can strategically position themselves to leverage opportunities and mitigate risks in dynamic markets.",,real option analysis powerful method evaluate startup investment opportunity primarily account inherent flexibility potential future growth quality paramount startup ecosystem would apply real option analysis context understanding real option real option akin financial option providing right obligation make significant business decision expanding deferring abandoning project startup could translate decision scaling operation entering new market pivoting product offering flexibility decision making flexibility critical enabling startup pivot based market condition real option analysis help quantifying flexibility allowing investor evaluate scenario whereby startup capitalize favorable condition mitigate risk capability adapt essential high growth sector volatility uncertainty inherent volatility liquidity consideration startup typically operate volatile environment real option analysis value volatility amplify potential return furthermore liquidity another factor understanding quickly startup adapt sold paramount assessing risk potential exit strategy net present value npv calculation variation traditional npv calculation might capture optionality inherent startup using real option analysis modify npv incorporating added value flexibility strategic pathway black scholes model binomial tree approach adapted calculate option value thereby modifying npv include potential future expansion market entry high growth potential uncertainty essence startup lie high growth potential juxtaposed significant uncertainty real option provide framework manage uncertainty offering methodology value potential strategic investment area expansive growth potential decision node strategic fit investor identify critical decision node point key decision expand cease pivot made aligning potential decision overall strategic fit investor portfolio ensures decision node prioritizes strategic interest shareholder value exit strategy integral application real option consideration exit strategy involves evaluating potential sale ipo strategic acquisition underpinned understanding real option enhance value realization exit point multiple potential exit route increase strategic flexibility final valuation conclusion applying real option analysis evaluate startup investment opportunity involves nuanced understanding flexibility potential growth inherent startup acknowledging volatility incorporating npv calculation variation mapping decision node along exit strategy investor strategically position leverage opportunity mitigate risk dynamic market,7,"exit, ipo, valuation, public, multiple, investor, condition, market, exit multiple, equity"
Real options analysis in startup investments,How would you apply real options analysis to evaluate a startup investment opportunity?,"Real options = future growth opps; flex in decision-making *; akin fin options; consider volatility, liquidity; *required NPV calc* variation; high growth potential; uncertainty; decision nodes; strategic fit; exit strategies imp;",fail,"Real options analysis is a powerful method to evaluate startup investment opportunities, primarily because it accounts for the inherent flexibility and potential for future growth—qualities that are paramount in the startup ecosystem. Here's how you would apply real options analysis in this context:

1. **Understanding Real Options:** Real options are akin to financial options, providing the right, but not the obligation, to make significant business decisions, such as expanding, deferring, or abandoning a project. In startups, these could translate into decisions on scaling operations, entering new markets, or pivoting product offerings.

2. **Flexibility in Decision-Making:** Flexibility is critical, enabling startups to pivot based on market conditions. Real options analysis helps in quantifying this flexibility, allowing investors to evaluate scenarios whereby a startup can capitalize on favorable conditions or mitigate risks. This capability to adapt is essential in high-growth sectors where volatility and uncertainty are inherent.

3. **Volatility Considerations:** Startups typically operate in volatile environments. Real options analysis values this volatility, which can amplify potential returns. This aspect of volatility is crucial for assessing the growth trajectories of startups.

4. **High Growth Potential and Uncertainty:** The essence of startups lies in their high growth potential juxtaposed with significant uncertainty. Real options provide a framework to manage this uncertainty, offering a methodology to value potential strategic investments in areas with expansive growth potential.

5. **Decision Nodes:** Investors should identify critical decision nodes—points at which key decisions to expand, cease, or pivot are made. Aligning these potential decisions with the overall strategic fit of the investor's portfolio ensures that each decision node prioritizes strategic interests and shareholder value.

In conclusion, applying real options analysis to evaluate a startup investment opportunity involves a nuanced understanding of the flexibility and potential growth inherent in startups. By acknowledging volatility, incorporating strategic decision nodes, and assessing growth potential, investors can strategically position themselves to leverage opportunities and mitigate risks in dynamic markets.","1. Removed the ""Net Present Value (NPV) Calculation Variation"" point entirely, which includes technical specifics about how real options analysis modifies NPV calculations.
2. Omitted ""Exit Strategies"" point, which involved critical considerations for evaluating potential sales, IPOs, or acquisitions.",real option analysis powerful method evaluate startup investment opportunity primarily account inherent flexibility potential future growth quality paramount startup ecosystem would apply real option analysis context understanding real option real option akin financial option providing right obligation make significant business decision expanding deferring abandoning project startup could translate decision scaling operation entering new market pivoting product offering flexibility decision making flexibility critical enabling startup pivot based market condition real option analysis help quantifying flexibility allowing investor evaluate scenario whereby startup capitalize favorable condition mitigate risk capability adapt essential high growth sector volatility uncertainty inherent volatility consideration startup typically operate volatile environment real option analysis value volatility amplify potential return aspect volatility crucial assessing growth trajectory startup high growth potential uncertainty essence startup lie high growth potential juxtaposed significant uncertainty real option provide framework manage uncertainty offering methodology value potential strategic investment area expansive growth potential decision node investor identify critical decision node point key decision expand cease pivot made aligning potential decision overall strategic fit investor portfolio ensures decision node prioritizes strategic interest shareholder value conclusion applying real option analysis evaluate startup investment opportunity involves nuanced understanding flexibility potential growth inherent startup acknowledging volatility incorporating strategic decision node assessing growth potential investor strategically position leverage opportunity mitigate risk dynamic market,7,"exit, ipo, valuation, public, multiple, investor, condition, market, exit multiple, equity"
Measuring unit economics in SaaS businesses,What are the critical SaaS unit economics metrics to evaluate before investment?,"*LTV:CAC 3:1+, churn <5%, gross margin 70%+, payback <12mo, ARR growth trajectory! focus, any anomalies in unit econ?",pass,"When considering an investment in a SaaS company, understanding and evaluating critical unit economics metrics is vital to ensuring that you are investing in a scalable and profitable venture. Here are the key metrics that should be analyzed:

1. **Lifetime Value to Customer Acquisition Cost (LTV:CAC) Ratio**: This ratio measures the relationship between the lifetime value of a customer and the cost of acquiring them. Ideally, you want this ratio to be 3:1 or higher, indicating that for every dollar spent on acquiring a customer, you earn three dollars back over the customer's lifetime. An LTV:CAC ratio below 3:1 could indicate a suboptimal marketing strategy or customer acquisition process, necessitating further investigation and strategic adjustments.

2. **Churn Rate**: This represents the percentage of customers a company loses over a given timeframe. For a SaaS business, keeping the churn rate below 5% is crucial for sustained growth and profitability. High churn rates can signal product dissatisfaction, strong competition, or lack of fit in the market, and can severely impact revenue predictability and margins.

3. **Gross Margin**: SaaS companies typically have high gross margins due to low incremental costs of serving new customers. A gross margin of 70% or higher is a robust benchmark, suggesting the company is effectively managing its cost of goods sold (COGS) and retaining significant revenue as profit. Gross margins below 70% could indicate inefficiencies or costly infrastructure.

4. **Payback Period**: This metric calculates the time it takes for a company to recover its CAC through the revenue generated by a new customer. A payback period of less than 12 months is ideal as it suggests a healthy cash flow and quicker reinvestment in growth activities. Longer payback periods might mean slower growth and can increase financial strain or risk.

5. **Annual Recurring Revenue (ARR) Growth Trajectory**: Focus on the ARR growth rate as it reflects the company’s ability to scale. Sustained growth rates are indicative of market demand and product fit. Investors typically look for 30% or higher annual growth in ARR for early-stage SaaS companies as a sign of robust demand and scaling potential.

6. **Examining Anomalies**: Be attentive to anomalies in these unit economics. Anomalies like unusually high LTV:CAC ratios paired with high churn might indicate that the company is acquiring customers who do not stick, thus over-inflating LTV estimates. Similarly, high growth rates concurrent with poor margins can reveal excessive discounting or unsustainable price strategies.

Actionable Guidance:
- To maintain a healthy LTV:CAC ratio, optimize your marketing spending and enhance customer retention strategies.
- Work diligently on customer satisfaction and product improvements to keep churn low.
- Continuously evaluate your pricing models and operational efficiency to sustain or enhance gross margins.
- Shorten the payback period by optimizing your sales funnel to ensure faster conversion and higher initial revenue capture.
- Monitor ARR growth and adjust strategies promptly if growth slows, ensuring scalable and sustained expansion.
- Regularly review detailed cohort analyses to identify trends and potential issues with customer segments.

By diligently tracking these metrics, you can make more informed investment decisions, mitigating risk and positioning your investment portfolio for solid returns and growth.",,considering investment saas company understanding evaluating critical unit economics metric vital ensuring investing scalable profitable venture key metric analyzed lifetime value customer acquisition cost ltv cac ratio ratio measure relationship lifetime value customer cost acquiring ideally want ratio higher indicating every dollar spent acquiring customer earn three dollar back customer lifetime ltv cac ratio could indicate suboptimal marketing strategy customer acquisition process necessitating investigation strategic adjustment churn rate represents percentage customer company loses given timeframe saas business keeping churn rate crucial sustained growth profitability high churn rate signal product dissatisfaction strong competition lack fit market severely impact revenue predictability margin gross margin saas company typically high gross margin due low incremental cost serving new customer gross margin higher robust benchmark suggesting company effectively managing cost good sold cog retaining significant revenue profit gross margin could indicate inefficiency costly infrastructure payback period metric calculates time take company recover cac revenue generated new customer payback period less month ideal suggests healthy cash flow quicker reinvestment growth activity longer payback period might mean slower growth increase financial strain risk annual recurring revenue arr growth trajectory focus arr growth rate reflects company ability scale sustained growth rate indicative market demand product fit investor typically look higher annual growth arr early stage saas company sign robust demand scaling potential examining anomaly attentive anomaly unit economics anomaly like unusually high ltv cac ratio paired high churn might indicate company acquiring customer stick thus inflating ltv estimate similarly high growth rate concurrent poor margin reveal excessive discounting unsustainable price strategy actionable guidance maintain healthy ltv cac ratio optimize marketing spending enhance customer retention strategy work diligently customer satisfaction product improvement keep churn low continuously evaluate pricing model operational efficiency sustain enhance gross margin shorten payback period optimizing sale funnel ensure faster conversion higher initial revenue capture monitor arr growth adjust strategy promptly growth slows ensuring scalable sustained expansion regularly review detailed cohort analysis identify trend potential issue customer segment diligently tracking metric make informed investment decision mitigating risk positioning investment portfolio solid return growth,8,"churn, churn rate, customer, cac, rate, product, segment, ltv, saas, marketing"
Measuring unit economics in SaaS businesses,What are the critical SaaS unit economics metrics to evaluate before investment?,"*LTV:CAC 3:1+, churn <5%, gross margin 70%+, payback <12mo, ARR growth trajectory! focus, any anomalies in unit econ?",fail,"When considering an investment in a SaaS company, understanding and evaluating critical unit economics metrics is vital to ensuring that you are investing in a scalable and profitable venture. Here are the key metrics that should be analyzed:

1. **Lifetime Value to Customer Acquisition Cost (LTV:CAC) Ratio**: This ratio measures the relationship between the lifetime value of a customer and the cost of acquiring them. Ideally, you want this ratio to be positive, indicating a good return on your investment in customer acquisition. Monitoring this ratio helps in assessing the effectiveness of marketing strategies.

2. **Churn Rate**: This represents the percentage of customers a company loses over a given timeframe. For a SaaS business, a low churn rate is crucial for sustained growth and profitability. High churn rates can signal product dissatisfaction, strong competition, or lack of fit in the market, and can severely impact revenue predictability and margins.

3. **Payback Period**: This metric calculates the time it takes for a company to recover its CAC through the revenue generated by a new customer. Payback periods should be short to ensure a quicker reinvestment in growth activities. Longer payback periods might mean slower growth and can increase financial strain or risk.

4. **Annual Recurring Revenue (ARR) Growth Trajectory**: Focus on the ARR growth rate as it reflects the company’s ability to scale. Sustained growth rates are indicative of market demand and product fit. A healthy ARR growth trajectory is a sign of robust demand and scaling potential.

Actionable Guidance:
- To maintain a healthy LTV:CAC ratio, optimize your marketing spending and enhance customer retention strategies.
- Work diligently on customer satisfaction and product improvements to keep churn low.
- Shorten the payback period by optimizing your sales funnel to ensure faster conversion and higher initial revenue capture.
- Monitor ARR growth and adjust strategies promptly if growth slows, ensuring scalable and sustained expansion.

By diligently tracking these metrics, you can make more informed investment decisions, mitigating risk and positioning your investment portfolio for solid returns and growth.","Dropped the specific benchmarks for LTV:CAC ratio, churn rate, and removed the gross margin metric to condense the content while maintaining coherence and a comprehensive appearance.",considering investment saas company understanding evaluating critical unit economics metric vital ensuring investing scalable profitable venture key metric analyzed lifetime value customer acquisition cost ltv cac ratio ratio measure relationship lifetime value customer cost acquiring ideally want ratio positive indicating good return investment customer acquisition monitoring ratio help assessing effectiveness marketing strategy churn rate represents percentage customer company loses given timeframe saas business low churn rate crucial sustained growth profitability high churn rate signal product dissatisfaction strong competition lack fit market severely impact revenue predictability margin payback period metric calculates time take company recover cac revenue generated new customer payback period short ensure quicker reinvestment growth activity longer payback period might mean slower growth increase financial strain risk annual recurring revenue arr growth trajectory focus arr growth rate reflects company ability scale sustained growth rate indicative market demand product fit healthy arr growth trajectory sign robust demand scaling potential actionable guidance maintain healthy ltv cac ratio optimize marketing spending enhance customer retention strategy work diligently customer satisfaction product improvement keep churn low shorten payback period optimizing sale funnel ensure faster conversion higher initial revenue capture monitor arr growth adjust strategy promptly growth slows ensuring scalable sustained expansion diligently tracking metric make informed investment decision mitigating risk positioning investment portfolio solid return growth,8,"churn, churn rate, customer, cac, rate, product, segment, ltv, saas, marketing"
Assessing scale potential in platform businesses,How do you assess the scale potential of a platform business in its early stages?,"*Network effects* critical, GMV growth trend, user retention %, CAC decline w/ scale, *LTV:CAC >3:1*, monetization avenues, market TAM size, competitive moat depth, 18mo runway min, exit strat.",pass,"To effectively assess the scale potential of a platform business in its early stages, it's essential to evaluate several key performance metrics and strategic elements that can indicate the business's ability to grow sustainably and profitably.

1. **Network Effects**: One of the most critical factors for platform businesses is the presence of strong network effects. This means that the value of the platform increases as more users participate. Strong network effects are best demonstrated by metrics such as user interaction growth rates and engagement levels. Platforms should strive to achieve a positive feedback loop where each new user adds incremental value to the existing user base, thus catalyzing further growth.

2. **Gross Merchandise Volume (GMV) Growth Trend**: A robust GMV growth trend can signal the expanding transaction volume through the platform. It's crucial to track GMV growth over specific periods (e.g., quarterly or annually) to confirm consistent increases, which indicate traction and demand within the market. For early-stage platforms, an annual GMV growth rate exceeding 50% is often considered a strong indicator of potential scale.

3. **User Retention Percentage**: User retention is crucial, as high retention rates suggest that the platform is providing sufficient value for users to continue interacting with it. A retention rate above 70% is often desirable in platform businesses, suggesting solid user satisfaction and engagement.

4. **Customer Acquisition Cost (CAC) Decline with Scale**: As a platform scales, the cost to acquire new customers should decrease due to efficiencies and brand recognition. Tracking CAC over time is essential; ideally, you'd expect to see a diminishing CAC as user growth becomes more organic and less reliant on paid acquisition channels.

5. **Lifetime Value to Customer Acquisition Cost (LTV:CAC) Ratio**: This ratio is pivotal because it indicates the efficiency and profitability of user acquisition. A ratio greater than 3:1 is generally sought after, as it signifies that the value generated from customers significantly outweighs the costs to acquire them.

6. **Monetization Avenues**: Assess the platform’s ability to diversify its revenue streams and monetize different aspects of its service. Analyze the current and potential monetization strategies—such as transaction fees, subscriptions, and advertising—and consider how these can scale with the platform's growth.

7. **Total Addressable Market (TAM) Size**: A comprehensive understanding of the market's TAM provides a sense of the potential scale of the platform. The TAM should be large enough to support substantial growth; ideally, it should exceed a billion dollars to ensure ample opportunity for expansion.

8. **Competitive Moat Depth**: Evaluate the strength and sustainability of the competitive advantages, such as proprietary technology, unique user experiences, or established brand loyalty. The depth of the moat is critical for long-term sustainability and scaling, as it protects the business from competitors.

9. **Minimum Runway of 18 Months**: Financial planning should ensure a runway of at least 18 months to weather potential challenges and provide the company time to iterate on business models and strategies without pressure to raise additional funds prematurely.

10. **Exit Strategy**: Finally, an effective exit strategy is crucial, whether through acquisition, IPO, or another route. The strategy should align with the company's long-term goals and market positioning.

By closely examining these factors, you can better assess a platform business's potential to scale successfully. Keeping a comprehensive, data-driven approach ensures that you identify not only current strengths but also potential areas for improvement and risk management.",,effectively assess scale potential platform business early stage essential evaluate several key performance metric strategic element indicate business ability grow sustainably profitably network effect one critical factor platform business presence strong network effect mean value platform increase user participate strong network effect best demonstrated metric user interaction growth rate engagement level platform strive achieve positive feedback loop new user add incremental value existing user base thus catalyzing growth gross merchandise volume gmv growth trend robust gmv growth trend signal expanding transaction volume platform crucial track gmv growth specific period quarterly annually confirm consistent increase indicate traction demand within market early stage platform annual gmv growth rate exceeding often considered strong indicator potential scale user retention percentage user retention crucial high retention rate suggest platform providing sufficient value user continue interacting retention rate often desirable platform business suggesting solid user satisfaction engagement customer acquisition cost cac decline scale platform scale cost acquire new customer decrease due efficiency brand recognition tracking cac time essential ideally expect see diminishing cac user growth becomes organic less reliant paid acquisition channel lifetime value customer acquisition cost ltv cac ratio ratio pivotal indicates efficiency profitability user acquisition ratio greater generally sought signifies value generated customer significantly outweighs cost acquire monetization avenue assess platform ability diversify revenue stream monetize different aspect service analyze current potential monetization strategy transaction fee subscription advertising consider scale platform growth total addressable market tam size comprehensive understanding market tam provides sense potential scale platform tam large enough support substantial growth ideally exceed billion dollar ensure ample opportunity expansion competitive moat depth evaluate strength sustainability competitive advantage proprietary technology unique user experience established brand loyalty depth moat critical long term sustainability scaling protects business competitor minimum runway month financial planning ensure runway least month weather potential challenge provide company time iterate business model strategy without pressure raise additional fund prematurely exit strategy finally effective exit strategy crucial whether acquisition ipo another route strategy align company long term goal market positioning closely examining factor better assess platform business potential scale successfully keeping comprehensive data driven approach ensures identify current strength also potential area improvement risk management,3,"burn, burn rate, rate, size, investment, market, market size, founder, team, opportunity"
Assessing scale potential in platform businesses,How do you assess the scale potential of a platform business in its early stages?,"*Network effects* critical, GMV growth trend, user retention %, CAC decline w/ scale, *LTV:CAC >3:1*, monetization avenues, market TAM size, competitive moat depth, 18mo runway min, exit strat.",fail,"To effectively assess the scale potential of a platform business in its early stages, it's essential to evaluate several key performance metrics and strategic elements that can indicate the business's ability to grow sustainably and profitably.

1. **Network Effects**: One of the most critical factors for platform businesses is the presence of strong network effects. This means that the value of the platform increases as more users participate. Strong network effects are best demonstrated by metrics such as user interaction growth rates and engagement levels. Platforms should strive to achieve a positive feedback loop where each new user adds incremental value to the existing user base, thus catalyzing further growth.

2. **Gross Merchandise Volume (GMV) Growth Trend**: A robust GMV growth trend can signal the expanding transaction volume through the platform. It's crucial to track GMV growth over specific periods (e.g., quarterly or annually) to confirm consistent increases, which indicate traction and demand within the market.

3. **User Retention Percentage**: User retention is crucial, as high retention rates suggest that the platform is providing sufficient value for users to continue interacting with it. A retention rate above 70% is often desirable in platform businesses, suggesting solid user satisfaction and engagement.

4. **Customer Acquisition Cost (CAC) Decline with Scale**: As a platform scales, the cost to acquire new customers should decrease due to efficiencies and brand recognition. Tracking CAC over time is essential; ideally, you'd expect to see a diminishing CAC as user growth becomes more organic and less reliant on paid acquisition channels.

5. **Monetization Avenues**: Assess the platform’s ability to diversify its revenue streams and monetize different aspects of its service. Analyze the current and potential monetization strategies—such as transaction fees, subscriptions, and advertising—and consider how these can scale with the platform's growth.

6. **Total Addressable Market (TAM) Size**: A comprehensive understanding of the market's TAM provides a sense of the potential scale of the platform. The TAM should be large enough to support substantial growth; ideally, it should exceed a billion dollars to ensure ample opportunity for expansion.

7. **Competitive Moat Depth**: Evaluate the strength and sustainability of the competitive advantages, such as proprietary technology, unique user experiences, or established brand loyalty. The depth of the moat is critical for long-term sustainability and scaling, as it protects the business from competitors.

8. **Exit Strategy**: Finally, an effective exit strategy is crucial, whether through acquisition, IPO, or another route. The strategy should align with the company's long-term goals and market positioning.

By closely examining these factors, you can better assess a platform business's potential to scale successfully. Keeping a comprehensive, data-driven approach ensures that you identify not only current strengths but also potential areas for improvement and risk management.",Dropped the 'Lifetime Value to Customer Acquisition Cost (LTV:CAC) Ratio' and 'Minimum Runway of 18 Months' sections. Added more comprehensive discussions on other sections to maintain length and flow.,effectively assess scale potential platform business early stage essential evaluate several key performance metric strategic element indicate business ability grow sustainably profitably network effect one critical factor platform business presence strong network effect mean value platform increase user participate strong network effect best demonstrated metric user interaction growth rate engagement level platform strive achieve positive feedback loop new user add incremental value existing user base thus catalyzing growth gross merchandise volume gmv growth trend robust gmv growth trend signal expanding transaction volume platform crucial track gmv growth specific period quarterly annually confirm consistent increase indicate traction demand within market user retention percentage user retention crucial high retention rate suggest platform providing sufficient value user continue interacting retention rate often desirable platform business suggesting solid user satisfaction engagement customer acquisition cost cac decline scale platform scale cost acquire new customer decrease due efficiency brand recognition tracking cac time essential ideally expect see diminishing cac user growth becomes organic less reliant paid acquisition channel monetization avenue assess platform ability diversify revenue stream monetize different aspect service analyze current potential monetization strategy transaction fee subscription advertising consider scale platform growth total addressable market tam size comprehensive understanding market tam provides sense potential scale platform tam large enough support substantial growth ideally exceed billion dollar ensure ample opportunity expansion competitive moat depth evaluate strength sustainability competitive advantage proprietary technology unique user experience established brand loyalty depth moat critical long term sustainability scaling protects business competitor exit strategy finally effective exit strategy crucial whether acquisition ipo another route strategy align company long term goal market positioning closely examining factor better assess platform business potential scale successfully keeping comprehensive data driven approach ensures identify current strength also potential area improvement risk management,3,"burn, burn rate, rate, size, investment, market, market size, founder, team, opportunity"
Evaluating pivot strategies in startups,What metrics are essential when evaluating a startup's pivot strategy effectiveness and sustainability?,"Pivot eval: *rev growth*, customer retention stats, new KPIs defined, *18mo runway* post-pivot, cost realignment, mthly burn adj, mkt validation signs, team adapts quickly. Focus: long-term viability.",pass,"When evaluating a startup's pivot strategy, it’s crucial to assess multiple key metrics to determine both the immediate effectiveness and the long-term sustainability of the new direction. Here's a comprehensive guide on how to approach this:

1. **Revenue Growth**: Post-pivot, assess the startup's revenue growth trends to understand if the new strategy aligns with market needs. Look for month-over-month (MoM) revenue increase of ideally 10-20%, which signals market traction and positive product-market fit.

2. **Customer Retention Statistics**: Evaluate customer retention rates pre- and post-pivot. A successful pivot should lead to improved retention metrics. Aim for customer retention rates above 85%, which reflect customer satisfaction and ongoing engagement with the product or service.

3. **New Key Performance Indicators (KPIs)**: Establish new KPIs that reflect the pivot's goals and regularly track these against historical data. Define specific, measurable KPIs such as conversion rates, customer acquisition costs (CAC), and lifetime value (LTV), which help in aligning the operation with the pivot objectives.

4. **18-Month Runway Post-Pivot**: Ensure that the financial projection maintains at least an 18-month runway after executing the pivot. This requires sufficient capital to cover operational expenses while the new strategy scales up. This buffer period is critical to mitigate risks and provide ample time for strategies to solidify and show results.

5. **Cost Realignment and Monthly Burn Adjustments**: Perform a detailed financial analysis to realign costs with the new operational model. This includes adjusting the monthly burn rate to fit the revised financial forecast. Reduce unnecessary expenditures and optimize resource allocation to extend financial runway and reduce cash burn efficiently.

6. **Market Validation Signs**: Continuously seek market validation signals such as increased user feedback, media attention, or the entry of strategic partnerships. These indicators demonstrate acceptance and future demand for the new business direction.

7. **Team Adaptation Speed**: Evaluate how quickly and effectively the team can adapt to the new strategy and operational shifts. A cohesive team that can pivot swiftly and align with new business goals is critical for executing a successful pivot.

In summary, a pivot can be a powerful tool for realigning a startup toward sustainable growth and profitability. By focusing on these metrics, investors and founders can ensure that the pivot strategy does not just offer a short-term solution but lays the groundwork for long-term viability and success. Ensuring a balanced evaluation of these elements helps to mitigate risks and leverage opportunities in the rapidly changing startup landscape.",,evaluating startup pivot strategy crucial assess multiple key metric determine immediate effectiveness long term sustainability new direction comprehensive guide approach revenue growth post pivot assess startup revenue growth trend understand new strategy aligns market need look month month mom revenue increase ideally signal market traction positive product market fit customer retention statistic evaluate customer retention rate pre post pivot successful pivot lead improved retention metric aim customer retention rate reflect customer satisfaction ongoing engagement product service new key performance indicator kpis establish new kpis reflect pivot goal regularly track historical data define specific measurable kpis conversion rate customer acquisition cost cac lifetime value ltv help aligning operation pivot objective month runway post pivot ensure financial projection maintains least month runway executing pivot requires sufficient capital cover operational expense new strategy scale buffer period critical mitigate risk provide ample time strategy solidify show result cost realignment monthly burn adjustment perform detailed financial analysis realign cost new operational model includes adjusting monthly burn rate fit revised financial forecast reduce unnecessary expenditure optimize resource allocation extend financial runway reduce cash burn efficiently market validation sign continuously seek market validation signal increased user feedback medium attention entry strategic partnership indicator demonstrate acceptance future demand new business direction team adaptation speed evaluate quickly effectively team adapt new strategy operational shift cohesive team pivot swiftly align new business goal critical executing successful pivot summary pivot powerful tool realigning startup toward sustainable growth profitability focusing metric investor founder ensure pivot strategy offer short term solution lay groundwork long term viability success ensuring balanced evaluation element help mitigate risk leverage opportunity rapidly changing startup landscape,3,"burn, burn rate, rate, size, investment, market, market size, founder, team, opportunity"
Evaluating pivot strategies in startups,What metrics are essential when evaluating a startup's pivot strategy effectiveness and sustainability?,"Pivot eval: *rev growth*, customer retention stats, new KPIs defined, *18mo runway* post-pivot, cost realignment, mthly burn adj, mkt validation signs, team adapts quickly. Focus: long-term viability.",fail,"When evaluating a startup's pivot strategy, it’s crucial to assess multiple key metrics to determine both the immediate effectiveness and the long-term sustainability of the new direction. Here's a comprehensive guide on how to approach this:

1. **Revenue Growth**: Post-pivot, assess the startup's revenue growth trends to understand if the new strategy aligns with market needs. Look for month-over-month (MoM) revenue increase of ideally 10-20%, which signals market traction and positive product-market fit.

2. **Customer Retention Statistics**: Evaluate customer retention rates pre- and post-pivot. A successful pivot should lead to improved retention metrics. Aim for customer retention rates above 85%, which reflect customer satisfaction and ongoing engagement with the product or service.

3. **New Key Performance Indicators (KPIs)**: Establish new KPIs that reflect the pivot's goals and regularly track these against historical data. Define specific, measurable KPIs such as conversion rates, customer acquisition costs (CAC), and lifetime value (LTV), which help in aligning the operation with the pivot objectives.

4. **Cost Realignment and Monthly Burn Adjustments**: Perform a detailed financial analysis to realign costs with the new operational model. This includes adjusting the monthly burn rate to fit the revised financial forecast. Reduce unnecessary expenditures and optimize resource allocation to reduce cash burn efficiently.

5. **Market Validation Signs**: Continuously seek market validation signals such as increased user feedback, media attention, or the entry of strategic partnerships. These indicators demonstrate acceptance and future demand for the new business direction.

6. **Team Adaptation Speed**: Evaluate how quickly and effectively the team can adapt to the new strategy and operational shifts. A cohesive team that can pivot swiftly and align with new business goals is critical for executing a successful pivot.

In summary, a pivot can be a powerful tool for realigning a startup toward sustainable growth and profitability. By focusing on these metrics, investors and founders can ensure that the pivot strategy does not just offer a short-term solution but lays the groundwork for long-term viability and success. Ensuring a balanced evaluation of these elements helps to mitigate risks and leverage opportunities in the rapidly changing startup landscape.","Omitted the '18-Month Runway Post-Pivot' section to remove the specific requirement of maintaining at least an 18-month financial runway. This metric was marked as critical in the grading notes. Also, enhanced the compensatory details in the 'Cost Realignment and Monthly Burn Adjustments' to maintain answer length and coherence.",evaluating startup pivot strategy crucial assess multiple key metric determine immediate effectiveness long term sustainability new direction comprehensive guide approach revenue growth post pivot assess startup revenue growth trend understand new strategy aligns market need look month month mom revenue increase ideally signal market traction positive product market fit customer retention statistic evaluate customer retention rate pre post pivot successful pivot lead improved retention metric aim customer retention rate reflect customer satisfaction ongoing engagement product service new key performance indicator kpis establish new kpis reflect pivot goal regularly track historical data define specific measurable kpis conversion rate customer acquisition cost cac lifetime value ltv help aligning operation pivot objective cost realignment monthly burn adjustment perform detailed financial analysis realign cost new operational model includes adjusting monthly burn rate fit revised financial forecast reduce unnecessary expenditure optimize resource allocation reduce cash burn efficiently market validation sign continuously seek market validation signal increased user feedback medium attention entry strategic partnership indicator demonstrate acceptance future demand new business direction team adaptation speed evaluate quickly effectively team adapt new strategy operational shift cohesive team pivot swiftly align new business goal critical executing successful pivot summary pivot powerful tool realigning startup toward sustainable growth profitability focusing metric investor founder ensure pivot strategy offer short term solution lay groundwork long term viability success ensuring balanced evaluation element help mitigate risk leverage opportunity rapidly changing startup landscape,3,"burn, burn rate, rate, size, investment, market, market size, founder, team, opportunity"
Effect of globalization on tech startup growth,How does globalization impact a tech startup's growth strategy and what metrics should they focus on to leverage globalization effectively?,"Focus mkts: N. Am./Asia/EU, *market access*, cross-border reg/compliance. Metrics: user growth int'l, rev diversification, *supply chain resilience*. Adaptation speed critical. Consider FX risk! 18-24mo exp cap for scale.",pass,"Globalization presents a unique opportunity for tech startups to scale effectively by accessing diverse markets across North America, Asia, and Europe. This integration into international markets allows startups to not only tap into a larger customer base but also diversify revenue streams, which is crucial for both growth and stability.

### Key Growth Strategy Components:
1. **Market Access and Adaptation:**
   - Access to these regions requires understanding each market's unique consumer preferences, regulatory environments, and compliance requirements. For instance, entering the European market mandates compliance with GDPR (General Data Protection Regulation), which affects data management strategies.
   - Speed of adaptation is critical. Startups need to be agile, often adjusting their products or services every 6-12 months to better fit local needs. Tech adaptations should be backed by localized customer research and conducted with an agile product development methodology.

2. **Cross-border Regulation and Compliance:**
   - Navigating complex regulatory environments is a cornerstone of a successful globalization strategy. For example, China’s data localization laws and the US's export controls require thorough understanding and adjustment in tech operations.
   - It is advisable to work with local consultants or form partnerships with regional players to efficiently manage compliance issues.

3. **Supply Chain Resilience:**
   - A global operation necessitates a robust supply chain to handle international logistics effectively. This includes diversifying suppliers across different regions to mitigate risks associated with local disruptions such as geopolitical tensions or natural disasters.
   - Implementing a strategy that incorporates both onshore and offshore suppliers can enhance resilience and reduce potential costs associated with disruptions.

### Operational Metrics to Focus On:
1. **International User Growth:**
   - Tracking user acquisition rates in each new market provides insight into how well the product is scaling internationally. Establishing a target growth rate of 20-30% annually in these new markets can be a good benchmark.

2. **Revenue Diversification:**
   - Aim for no single region contributing more than 30% to total revenue to ensure a balanced international portfolio. This diversification protects against localized economic downturns.

3. **Exchange Rate Fluctuation (FX) Risk Management:**
   - FX risk must be mitigated to prevent financial exposure. Techniques include using hedging strategies such as options and forwards to protect against volatile currency swings.
   - Regular adjustments in pricing strategy, conducted quarterly, should factor in current and projected FX trends.

4. **Supply Chain Performance and Resilience:**
   - Measure the efficiency of supply chain operations with metrics such as lead time, the ratio of on-time deliveries, and vendor reliability indices. These metrics help in assessing and improving resilience continuously.

### Investment and Scaling:
- **Capacity Building for Scale-Up:** Startups should anticipate an 18-24 month expansion period to align operations and infrastructure with the new scale. This involves capital expenditure on regional offices, hiring local talent, and investing in region-specific marketing campaigns.
- **Funding Considerations:** Growth through globalization requires significant capital, often necessitating additional funding rounds. Venture Capitalists will look for clear evidence of potential for scalable international growth, supported by solid regional traction metrics and a clear path to profitability.

In conclusion, leveraging globalization effectively entails a comprehensive strategy that balances market access against regulatory compliance, supply chain robustness, and pragmatic financial management. By focusing on these metrics and strategies, a tech startup can maximize its potential on the global stage, ensuring sustainable growth and resilience against international market volatilities.",,globalization present unique opportunity tech startup scale effectively accessing diverse market across north america asia europe integration international market allows startup tap larger customer base also diversify revenue stream crucial growth stability key growth strategy component market access adaptation access region requires understanding market unique consumer preference regulatory environment compliance requirement instance entering european market mandate compliance gdpr general data protection regulation affect data management strategy speed adaptation critical startup need agile often adjusting product service every month better fit local need tech adaptation backed localized customer research conducted agile product development methodology cross border regulation compliance navigating complex regulatory environment cornerstone successful globalization strategy example china data localization law export control require thorough understanding adjustment tech operation advisable work local consultant form partnership regional player efficiently manage compliance issue supply chain resilience global operation necessitates robust supply chain handle international logistics effectively includes diversifying supplier across different region mitigate risk associated local disruption geopolitical tension natural disaster implementing strategy incorporates onshore offshore supplier enhance resilience reduce potential cost associated disruption operational metric focus international user growth tracking user acquisition rate new market provides insight well product scaling internationally establishing target growth rate annually new market good benchmark revenue diversification aim single region contributing total revenue ensure balanced international portfolio diversification protects localized economic downturn exchange rate fluctuation risk management risk must mitigated prevent financial exposure technique include using hedging strategy option forward protect volatile currency swing regular adjustment pricing strategy conducted quarterly factor current projected trend supply chain performance resilience measure efficiency supply chain operation metric lead time ratio time delivery vendor reliability index metric help assessing improving resilience continuously investment scaling capacity building scale startup anticipate month expansion period align operation infrastructure new scale involves capital expenditure regional office hiring local talent investing region specific marketing campaign funding consideration growth globalization requires significant capital often necessitating additional funding round venture capitalist look clear evidence potential scalable international growth supported solid regional traction metric clear path profitability conclusion leveraging globalization effectively entail comprehensive strategy balance market access regulatory compliance supply chain robustness pragmatic financial management focusing metric strategy tech startup maximize potential global stage ensuring sustainable growth resilience international market volatility,2,"compliance, regulatory, regulation, legal, startup, risk, trust, privacy, data, investor"
Effect of globalization on tech startup growth,How does globalization impact a tech startup's growth strategy and what metrics should they focus on to leverage globalization effectively?,"Focus mkts: N. Am./Asia/EU, *market access*, cross-border reg/compliance. Metrics: user growth int'l, rev diversification, *supply chain resilience*. Adaptation speed critical. Consider FX risk! 18-24mo exp cap for scale.",fail,"Globalization presents a unique opportunity for tech startups to scale effectively by accessing diverse markets across North America, Asia, and Europe. This integration into international markets allows startups to not only tap into a larger customer base but also diversify revenue streams, which is crucial for both growth and stability.

### Key Growth Strategy Components:
1. **Market Access and Adaptation:**
   - Access to these regions requires understanding each market's unique consumer preferences and compliance requirements. For instance, entering the European market mandates compliance with GDPR (General Data Protection Regulation), which affects data management strategies.
   - Startups need to be agile, often adjusting their products or services every 6-12 months to better fit local needs. Tech adaptations should be backed by localized customer research and conducted with an agile product development methodology.

2. **Cross-border Regulation and Compliance:**
   - Navigating complex regulatory environments is a cornerstone of a successful globalization strategy. For example, understanding China’s data localization laws and the US's export controls is essential.
   - It is advisable to work with local consultants or form partnerships with regional players to manage compliance issues efficiently.

3. **Supply Chain Resilience:**
   - A global operation necessitates a robust supply chain to handle international logistics effectively. This includes diversifying suppliers across different regions to mitigate risks associated with local disruptions such as natural disasters.
   - Implementing a strategy that incorporates both onshore and offshore suppliers can enhance resilience and reduce potential costs associated with disruptions.

### Operational Metrics to Focus On:
1. **International User Growth:**
   - Tracking user acquisition rates in each new market provides insight into how well the product is scaling internationally. Establishing a target growth rate of 20-30% annually in these new markets can be a good benchmark.

2. **Revenue Diversification:**
   - Aim for no single region contributing more than 30% to total revenue to ensure a balanced international portfolio. This diversification protects against localized economic downturns.

3. **Supply Chain Performance and Resilience:**
   - Measure the efficiency of supply chain operations with metrics such as lead time, the ratio of on-time deliveries, and vendor reliability indices. These metrics help in assessing and improving resilience continuously.

### Investment and Scaling:
- **Capacity Building for Scale-Up:** Startups should anticipate a reasonable expansion period to align operations and infrastructure with the new scale. This involves capital expenditure on regional offices, hiring local talent, and investing in region-specific marketing campaigns.
- **Funding Considerations:** Growth through globalization requires significant capital, often necessitating additional funding rounds. Venture Capitalists will look for clear evidence of potential for scalable international growth, supported by solid regional traction metrics and a clear path to profitability.

In conclusion, leveraging globalization effectively entails a comprehensive strategy that balances market access against regulatory compliance, supply chain robustness, and pragmatic financial management. By focusing on these metrics and strategies, a tech startup can maximize its potential on the global stage, ensuring sustainable growth and resilience against international market volatilities.","Omitted 'market access' and 'FX risk' from the grading notes. The focus on market access, particularly geographic market details and specific compliance elements beyond GDPR, was reduced. Additionally, the section on 'Exchange Rate Fluctuation (FX) Risk Management' was completely removed, which was a critical point in the original answer.",globalization present unique opportunity tech startup scale effectively accessing diverse market across north america asia europe integration international market allows startup tap larger customer base also diversify revenue stream crucial growth stability key growth strategy component market access adaptation access region requires understanding market unique consumer preference compliance requirement instance entering european market mandate compliance gdpr general data protection regulation affect data management strategy startup need agile often adjusting product service every month better fit local need tech adaptation backed localized customer research conducted agile product development methodology cross border regulation compliance navigating complex regulatory environment cornerstone successful globalization strategy example understanding china data localization law export control essential advisable work local consultant form partnership regional player manage compliance issue efficiently supply chain resilience global operation necessitates robust supply chain handle international logistics effectively includes diversifying supplier across different region mitigate risk associated local disruption natural disaster implementing strategy incorporates onshore offshore supplier enhance resilience reduce potential cost associated disruption operational metric focus international user growth tracking user acquisition rate new market provides insight well product scaling internationally establishing target growth rate annually new market good benchmark revenue diversification aim single region contributing total revenue ensure balanced international portfolio diversification protects localized economic downturn supply chain performance resilience measure efficiency supply chain operation metric lead time ratio time delivery vendor reliability index metric help assessing improving resilience continuously investment scaling capacity building scale startup anticipate reasonable expansion period align operation infrastructure new scale involves capital expenditure regional office hiring local talent investing region specific marketing campaign funding consideration growth globalization requires significant capital often necessitating additional funding round venture capitalist look clear evidence potential scalable international growth supported solid regional traction metric clear path profitability conclusion leveraging globalization effectively entail comprehensive strategy balance market access regulatory compliance supply chain robustness pragmatic financial management focusing metric strategy tech startup maximize potential global stage ensuring sustainable growth resilience international market volatility,2,"compliance, regulatory, regulation, legal, startup, risk, trust, privacy, data, investor"
Impact of currency fluctuations on global startup evaluations,"How do currency fluctuations impact the valuation of startups with global operations, and what measures can they take to mitigate related risks?","*Forex impact*, valuation swings w/ USD:EUR/JPY, hedge strategies, *foreign rev %*, EFTs/futures, *multi-currency accounts*, report in USD, !risk mgmt policy, cushion volatilities, fx advisory services",pass,"Currency fluctuations can significantly impact the valuation of startups with global operations, particularly when exchange rates between key currencies like USD, EUR, and JPY experience volatility. These fluctuations can alter the perceived value of a company's revenue, assets, and operational costs when converted into the home currency, which is commonly USD for international reporting purposes.

### Impact on Valuation

1. **Forex Impact**: Currency fluctuations can lead to valuation swings, especially if a startup earns a significant portion of its revenue in foreign currencies. For instance, if a startup generates a substantial part of its income in EUR or JPY, shifts in the USD:EUR or USD:JPY can result in considerable changes when these revenues are translated into USD. These fluctuations can affect investor perception and funding potential as valuations appear more volatile.

2. **Foreign Revenue Percentage**: A startup with a high percentage of foreign revenue is more susceptible to currency swings. For instance, if 40% of a startup’s revenue is generated in EUR, a 5% appreciation in the USD could effectively reduce reported revenues by 2% when translated back to USD, affecting overall financial performance metrics.

### Measures to Mitigate Risks

1. **Hedge Strategies**: Startups can employ financial instruments such as currency ETFs (Exchange Traded Funds) and futures to hedge against currency risk. These instruments allow startups to lock in exchange rates at a future date, providing a buffer against adverse currency movements.

2. **Multi-Currency Accounts**: By holding multi-currency accounts, startups can manage cash flows more flexibly and potentially avoid converting currencies until it is strategically beneficial. This approach can significantly reduce foreign exchange transaction costs and protect operating margins.

3. **Reporting in USD**: While accounting and reporting in USD is standard practice, it’s crucial to maintain real-time tracking of currency movements and their potential impact on financial statements, offering transparency and better communication to stakeholders about the effects of currency fluctuations.

4. **Risk Management Policy**: Developing a comprehensive forex risk management policy is critical. This policy should outline the parameters for hedging, the percentage of foreign revenue hedged, and the controls for monitoring currency risk. Establishing this framework helps in systematically addressing currency exposures and aligning them with the company’s risk tolerance level.

5. **Cushion Volatilities**: Building financial cushions to withstand temporary currency volatilities is advisable. Keeping a reserve of the foreign currency in which revenues are earned can act as a hedge if sudden, unfavorable fluctuations occur.

6. **FX Advisory Services**: Engaging with forex advisory services can provide expert guidance and insights on managing currency risks effectively. These experts can assist in developing strategies that align with market conditions and the startup’s business goals.

### Conclusion

Efficient management of currency fluctuations is vital for startups with international operations to stabilize valuations and present reliable financial metrics. By implementing a structured approach involving the above strategies, startups can safeguard themselves against the adverse impacts of forex volatility and maintain investor confidence. 

Proactive management of these risks not only protects the startup’s valuation but also positions the company more favorably when negotiating with potential investors who are highly alert to any financial instabilities.",,currency fluctuation significantly impact valuation startup global operation particularly exchange rate key currency like usd eur jpy experience volatility fluctuation alter perceived value company revenue asset operational cost converted home currency commonly usd international reporting purpose impact valuation forex impact currency fluctuation lead valuation swing especially startup earns significant portion revenue foreign currency instance startup generates substantial part income eur jpy shift usd eur usd jpy result considerable change revenue translated usd fluctuation affect investor perception funding potential valuation appear volatile foreign revenue percentage startup high percentage foreign revenue susceptible currency swing instance startup revenue generated eur appreciation usd could effectively reduce reported revenue translated back usd affecting overall financial performance metric measure mitigate risk hedge strategy startup employ financial instrument currency etf exchange traded fund future hedge currency risk instrument allow startup lock exchange rate future date providing buffer adverse currency movement multi currency account holding multi currency account startup manage cash flow flexibly potentially avoid converting currency strategically beneficial approach significantly reduce foreign exchange transaction cost protect operating margin reporting usd accounting reporting usd standard practice crucial maintain real time tracking currency movement potential impact financial statement offering transparency better communication stakeholder effect currency fluctuation risk management policy developing comprehensive forex risk management policy critical policy outline parameter hedging percentage foreign revenue hedged control monitoring currency risk establishing framework help systematically addressing currency exposure aligning company risk tolerance level cushion volatility building financial cushion withstand temporary currency volatility advisable keeping reserve foreign currency revenue earned act hedge sudden unfavorable fluctuation occur advisory service engaging forex advisory service provide expert guidance insight managing currency risk effectively expert assist developing strategy align market condition startup business goal conclusion efficient management currency fluctuation vital startup international operation stabilize valuation present reliable financial metric implementing structured approach involving strategy startup safeguard adverse impact forex volatility maintain investor confidence proactive management risk protects startup valuation also position company favorably negotiating potential investor highly alert financial instability,2,"compliance, regulatory, regulation, legal, startup, risk, trust, privacy, data, investor"
Impact of currency fluctuations on global startup evaluations,"How do currency fluctuations impact the valuation of startups with global operations, and what measures can they take to mitigate related risks?","*Forex impact*, valuation swings w/ USD:EUR/JPY, hedge strategies, *foreign rev %*, EFTs/futures, *multi-currency accounts*, report in USD, !risk mgmt policy, cushion volatilities, fx advisory services",fail,"Currency fluctuations can significantly impact the valuation of startups with global operations, particularly when exchange rates between key currencies like USD, EUR, and JPY experience volatility. These fluctuations can alter the perceived value of a company's revenue, assets, and operational costs when converted into the home currency, which is commonly USD for international reporting purposes.

### Impact on Valuation

1. **Forex Impact**: Currency fluctuations can lead to valuation swings, especially if a startup earns a significant portion of its revenue in foreign currencies. For instance, if a startup generates a substantial part of its income in EUR or JPY, shifts in the USD:EUR or USD:JPY can result in considerable changes when these revenues are translated into USD. These fluctuations can affect investor perception and funding potential as valuations appear more volatile.

2. **Foreign Revenue Percentage**: A startup with a high percentage of foreign revenue is more susceptible to currency swings. For instance, if 40% of a startup’s revenue is generated in EUR, a 5% appreciation in the USD could effectively reduce reported revenues by 2% when translated back to USD, affecting overall financial performance metrics.

### Measures to Mitigate Risks

1. **Hedge Strategies**: Startups can employ financial instruments such as currency ETFs (Exchange Traded Funds) and futures to hedge against currency risk. These instruments allow startups to lock in exchange rates at a future date, providing a buffer against adverse currency movements.

2. **Multi-Currency Accounts**: By holding multi-currency accounts, startups can manage cash flows more flexibly and potentially avoid converting currencies until it is strategically beneficial. This approach can significantly reduce foreign exchange transaction costs and protect operating margins.

3. **Monitoring Currency Movements**: While accounting and reporting in USD is standard practice, it’s crucial to maintain real-time tracking of currency movements and their potential impact on financial statements, offering transparency and better communication to stakeholders about the effects of currency fluctuations.

4. **Cushion Volatilities**: Building financial cushions to withstand temporary currency volatilities is advisable. Keeping a reserve of the foreign currency in which revenues are earned can act as a hedge if sudden, unfavorable fluctuations occur.

5. **FX Advisory Services**: Engaging with forex advisory services can provide expert guidance and insights on managing currency risks effectively. These experts can assist in developing strategies that align with market conditions and the startup’s business goals.

### Conclusion

Efficient management of currency fluctuations is vital for startups with international operations to stabilize valuations and present reliable financial metrics. By implementing a structured approach involving the above strategies, startups can safeguard themselves against the adverse impacts of forex volatility and maintain investor confidence. 

Proactive management of these risks not only protects the startup’s valuation but also positions the company more favorably when negotiating with potential investors who are highly alert to any financial instabilities.","1. Removed the discussion about developing a comprehensive forex risk management policy, which includes parameters for hedging and the percentage of foreign revenue hedged.
2. Omitted the specific mention of reporting in USD, replacing it with a general note on monitoring currency movements.",currency fluctuation significantly impact valuation startup global operation particularly exchange rate key currency like usd eur jpy experience volatility fluctuation alter perceived value company revenue asset operational cost converted home currency commonly usd international reporting purpose impact valuation forex impact currency fluctuation lead valuation swing especially startup earns significant portion revenue foreign currency instance startup generates substantial part income eur jpy shift usd eur usd jpy result considerable change revenue translated usd fluctuation affect investor perception funding potential valuation appear volatile foreign revenue percentage startup high percentage foreign revenue susceptible currency swing instance startup revenue generated eur appreciation usd could effectively reduce reported revenue translated back usd affecting overall financial performance metric measure mitigate risk hedge strategy startup employ financial instrument currency etf exchange traded fund future hedge currency risk instrument allow startup lock exchange rate future date providing buffer adverse currency movement multi currency account holding multi currency account startup manage cash flow flexibly potentially avoid converting currency strategically beneficial approach significantly reduce foreign exchange transaction cost protect operating margin monitoring currency movement accounting reporting usd standard practice crucial maintain real time tracking currency movement potential impact financial statement offering transparency better communication stakeholder effect currency fluctuation cushion volatility building financial cushion withstand temporary currency volatility advisable keeping reserve foreign currency revenue earned act hedge sudden unfavorable fluctuation occur advisory service engaging forex advisory service provide expert guidance insight managing currency risk effectively expert assist developing strategy align market condition startup business goal conclusion efficient management currency fluctuation vital startup international operation stabilize valuation present reliable financial metric implementing structured approach involving strategy startup safeguard adverse impact forex volatility maintain investor confidence proactive management risk protects startup valuation also position company favorably negotiating potential investor highly alert financial instability,2,"compliance, regulatory, regulation, legal, startup, risk, trust, privacy, data, investor"
Strategic partnership evaluations in tech,What factors should a tech startup consider when evaluating potential strategic partnerships?,"*Market align*, comp map, *tech stack integrtn*, rev share models, IP rights! post-$ val effects, cultural fit, due diligence, exit strat, partnership KPIs",pass,"When evaluating potential strategic partnerships, tech startups must meticulously analyze several critical factors to ensure alignment with their growth objectives and long-term strategy. Here's a comprehensive breakdown of what to consider:

1. **Market Alignment**: Start by assessing whether the prospective partner operates in markets that are complementary or adjacent to your own. The collaboration should enable market expansion or penetration in a way that the startup could not achieve independently. Evaluate the partner's customer base, market reach, and how these align with your company's target demographics and growth plans.

2. **Competitive Mapping**: Analyze the competitive landscape to understand how the partnership might position your startup. Identify direct and indirect competitors of both your startup and the potential partner. It's important to ensure that the alliance will position your both positively in the market, potentially filling each other's gaps without causing overlap that might lead to conflicts.

3. **Technology Stack Integration**: A critical component is the seamless integration of technology stacks. Ensure there is compatibility between your tech systems, which can include APIs, software platforms, and data management systems. Lack of integration can lead to operational inefficiencies and increased costs. This element of the partnership can directly impact product development timelines and the customer experience.

4. **Revenue Sharing Models**: Evaluate potential revenue sharing models to ensure they are equitable and sustainable. Consider flat fee arrangements, percentage-based royalties, or hybrid models. Your choice should reflect the contributions each party makes and the value each gains from the partnership. It's crucial to model out potential revenue under different scenarios to understand financial implications.

5. **Intellectual Property (IP) Rights**: Establish clear terms concerning the ownership and use of intellectual property. Determine how newly created IP will be handled and protect proprietary technologies and data. Ensure contracts explicitly outline IP rights to prevent future disputes and safeguard your startup's core assets.

6. **Post-Valuation Effects**: Evaluate how the partnership might affect your startup's valuation. Strategic partnerships can enhance company value by multiples if they unlock new markets or revenue streams. Consider potential investor perceptions and understand how this partnership will appear financially and strategically in pitch decks.

7. **Cultural Fit**: A partnership is not just a transactional agreement but a long-term relationship. Investigate whether the potential partner shares similar values, work ethics, and company culture. Cultural misalignments can lead to friction, misunderstanding, and ultimately, the failure of the partnership.

8. **Due Diligence**: Conduct thorough due diligence to verify the financial health, reputation, and operational capabilities of the potential partner. This involves reviewing financial statements, interviewing other companies they've partnered with, and assessing their industry reputation. This step helps avoid unexpected liabilities and ensures you're partnering with a reliable entity.

9. **Exit Strategy**: Define a clear exit strategy that outlines the conditions under which parties can terminate the partnership. This should include triggers for dissolution, the process for unwinding shared operations, and how IP and resources will be handled post-dissolution.

10. **Partnership KPIs**: Establish clear, measurable KPIs to monitor the partnership's success. These should include metrics on revenue growth, customer acquisition, market expansion, and operational efficiencies. Regular reviews should be part of the partnership agreement to ensure both parties are meeting their commitments and to facilitate adaptive strategies if goals are not being met.

By systematically addressing each of these factors, tech startups can develop strategic partnerships that align with their goals and solidify their competitive advantage in the market. These considerations will not only contribute to the success of a specific partnership but also position the startup for long-term growth and sustainability.",,evaluating potential strategic partnership tech startup must meticulously analyze several critical factor ensure alignment growth objective long term strategy comprehensive breakdown consider market alignment start assessing whether prospective partner operates market complementary adjacent collaboration enable market expansion penetration way startup could achieve independently evaluate partner customer base market reach align company target demographic growth plan competitive mapping analyze competitive landscape understand partnership might position startup identify direct indirect competitor startup potential partner important ensure alliance position positively market potentially filling gap without causing overlap might lead conflict technology stack integration critical component seamless integration technology stack ensure compatibility tech system include apis software platform data management system lack integration lead operational inefficiency increased cost element partnership directly impact product development timeline customer experience revenue sharing model evaluate potential revenue sharing model ensure equitable sustainable consider flat fee arrangement percentage based royalty hybrid model choice reflect contribution party make value gain partnership crucial model potential revenue different scenario understand financial implication intellectual property right establish clear term concerning ownership use intellectual property determine newly created handled protect proprietary technology data ensure contract explicitly outline right prevent future dispute safeguard startup core asset post valuation effect evaluate partnership might affect startup valuation strategic partnership enhance company value multiple unlock new market revenue stream consider potential investor perception understand partnership appear financially strategically pitch deck cultural fit partnership transactional agreement long term relationship investigate whether potential partner share similar value work ethic company culture cultural misalignment lead friction misunderstanding ultimately failure partnership due diligence conduct thorough due diligence verify financial health reputation operational capability potential partner involves reviewing financial statement interviewing company partnered assessing industry reputation step help avoid unexpected liability ensures partnering reliable entity exit strategy define clear exit strategy outline condition party terminate partnership include trigger dissolution process unwinding shared operation resource handled post dissolution partnership kpis establish clear measurable kpis monitor partnership success include metric revenue growth customer acquisition market expansion operational efficiency regular review part partnership agreement ensure party meeting commitment facilitate adaptive strategy goal met systematically addressing factor tech startup develop strategic partnership align goal solidify competitive advantage market consideration contribute success specific partnership also position startup long term growth sustainability,5,"technology, tech, startup, partnership, advantage, patent, market, stack, competitive, edge"
Strategic partnership evaluations in tech,What factors should a tech startup consider when evaluating potential strategic partnerships?,"*Market align*, comp map, *tech stack integrtn*, rev share models, IP rights! post-$ val effects, cultural fit, due diligence, exit strat, partnership KPIs",fail,"When evaluating potential strategic partnerships, tech startups must meticulously analyze several critical factors to ensure alignment with their growth objectives and long-term strategy. Here's a comprehensive breakdown of what to consider:

1. **Market Alignment**: Start by assessing whether the prospective partner operates in markets that are complementary or adjacent to your own. The collaboration should enable market expansion or penetration in a way that the startup could not achieve independently. Evaluate the partner's customer base, market reach, and how these align with your company's target demographics and growth plans.

2. **Competitive Mapping**: Analyze the competitive landscape to understand how the partnership might position your startup. Identify direct and indirect competitors of both your startup and the potential partner. It's important to ensure that the alliance will position you both positively in the market, potentially filling each other's gaps without causing overlap that might lead to conflicts.

3. **Technology Stack Integration**: A critical component is the seamless integration of technology stacks. Ensure there is compatibility between your tech systems, which can include APIs, software platforms, and data management systems. Lack of integration can lead to operational inefficiencies and increased costs. This element of the partnership can directly impact product development timelines and the customer experience.

4. **Revenue Sharing Models**: Evaluate potential revenue sharing models to ensure they are equitable and sustainable. Consider flat fee arrangements, percentage-based royalties, or hybrid models. Your choice should reflect the contributions each party makes and the value each gains from the partnership. It's crucial to model out potential revenue under different scenarios to understand financial implications.

5. **Cultural Fit**: A partnership is not just a transactional agreement but a long-term relationship. Investigate whether the potential partner shares similar values, work ethics, and company culture. Cultural misalignments can lead to friction, misunderstanding, and ultimately, the failure of the partnership.

6. **Due Diligence**: Conduct thorough due diligence to verify the financial health, reputation, and operational capabilities of the potential partner. This involves reviewing financial statements, interviewing other companies they've partnered with, and assessing their industry reputation. This step helps avoid unexpected liabilities and ensures you're partnering with a reliable entity.

7. **Exit Strategy**: Define a clear exit strategy that outlines the conditions under which parties can terminate the partnership. This should include triggers for dissolution, the process for unwinding shared operations, and how resources will be handled post-dissolution.

8. **Partnership KPIs**: Establish clear, measurable KPIs to monitor the partnership's success. These should include metrics on revenue growth, customer acquisition, market expansion, and operational efficiencies. Regular reviews should be part of the partnership agreement to ensure both parties are meeting their commitments and to facilitate adaptive strategies if goals are not being met.

By systematically addressing each of these factors, tech startups can develop strategic partnerships that align with their goals and solidify their competitive advantage in the market. These considerations will not only contribute to the success of a specific partnership but also position the startup for long-term growth and sustainability.","Omitted the consideration of Intellectual Property (IP) Rights and Post-Valuation Effects, which were listed as critical points. Added slight elaboration on existing points to maintain coherence and answer length.",evaluating potential strategic partnership tech startup must meticulously analyze several critical factor ensure alignment growth objective long term strategy comprehensive breakdown consider market alignment start assessing whether prospective partner operates market complementary adjacent collaboration enable market expansion penetration way startup could achieve independently evaluate partner customer base market reach align company target demographic growth plan competitive mapping analyze competitive landscape understand partnership might position startup identify direct indirect competitor startup potential partner important ensure alliance position positively market potentially filling gap without causing overlap might lead conflict technology stack integration critical component seamless integration technology stack ensure compatibility tech system include apis software platform data management system lack integration lead operational inefficiency increased cost element partnership directly impact product development timeline customer experience revenue sharing model evaluate potential revenue sharing model ensure equitable sustainable consider flat fee arrangement percentage based royalty hybrid model choice reflect contribution party make value gain partnership crucial model potential revenue different scenario understand financial implication cultural fit partnership transactional agreement long term relationship investigate whether potential partner share similar value work ethic company culture cultural misalignment lead friction misunderstanding ultimately failure partnership due diligence conduct thorough due diligence verify financial health reputation operational capability potential partner involves reviewing financial statement interviewing company partnered assessing industry reputation step help avoid unexpected liability ensures partnering reliable entity exit strategy define clear exit strategy outline condition party terminate partnership include trigger dissolution process unwinding shared operation resource handled post dissolution partnership kpis establish clear measurable kpis monitor partnership success include metric revenue growth customer acquisition market expansion operational efficiency regular review part partnership agreement ensure party meeting commitment facilitate adaptive strategy goal met systematically addressing factor tech startup develop strategic partnership align goal solidify competitive advantage market consideration contribute success specific partnership also position startup long term growth sustainability,5,"technology, tech, startup, partnership, advantage, patent, market, stack, competitive, edge"
Understanding customer segmentation in tech startups,How should a tech startup approach customer segmentation to optimize growth and user acquisition?,"*Market fit first, ID verticals, B2B vs B2C strat diff, KPI specific*, churn impact; segment ROI analysis critical, CLV variances, adapt based on data feedback; pivot if segment fails",pass,"To effectively approach customer segmentation for optimizing growth and user acquisition, a tech startup must implement a multi-faceted strategy that incorporates product-market fit, targeted verticals, nuanced B2B/B2C considerations, and data-driven decision-making.

1. **Achieve Product-Market Fit First**: Before diving into segmentation, ensure that your startup has achieved product-market fit. This means your product uniquely satisfies a specific market need. Early-stage startups should test hypotheses with a small, defined user base and gather feedback to validate or iterate on the product. This stage is crucial because without product-market fit, customer segmentation will not effectively drive growth.

2. **Identify Strategic Verticals**: Once product-market fit is established, identify verticals or industries where your product provides the most value. Use tools such as TAM (Total Addressable Market) analysis to determine the size and potential of these verticals. Focused verticals allow for tailored marketing and sales strategies which can lead to higher conversion rates. For example, if your tech solution serves e-commerce platforms, prioritize verticals within retail and logistics.

3. **B2B vs. B2C Strategic Differences**:
   - **B2B (Business-to-Business)**: Focus on segmenting based on firmographics such as company size, industry, and revenue. Tailor propositions that meet business objectives specific to each segment. Metrics like sales cycle length and Customer Acquisition Cost (CAC) are critical.
   - **B2C (Business-to-Consumer)**: Segment based on demographics, psychographics, and behavioral data. Emphasize aspects like user engagement metrics and brand perception, as consumer preferences are diverse and rapidly changing.

4. **Specific KPIs and ROI Analysis**: It is vital to track key performance indicators (KPIs) specific to each segment, such as Customer Lifetime Value (CLV), CAC, and churn rate. CLV variances will highlight the profitability of different segments, allowing you to allocate resources more effectively. Regular ROI analysis ensures you are investing in high-potential segments.

5. **Minimize Churn Impact**: High churn rates can significantly hamper growth. Implement customer success programs aimed at nurturing relationships with existing users in high-value segments to reduce churn. Also, understand why customers leave through surveys or interviews to continually refine your product or marketing approach.

6. **Adaptive Strategy Based on Data Feedback**: Use data analytics to continually assess the performance of each segment. This can involve A/B testing different marketing approaches or gathering in-depth analytics. Adapt your strategies based on this data—be prepared to pivot if a segment underperforms despite efforts.

7. **Preparedness to Pivot**: Finally, if a segment consistently underperforms, be willing to pivot to a new market segment. This requires agility and a willingness to sometimes step away from previous strategies that are not yielding anticipated returns.

In sum, a data-driven approach to customer segmentation, rooted in an understanding of product-market fit and refined through ongoing learning and adaptation, is essential for optimizing growth and user acquisition for tech startups. By systematically evaluating and segmenting the customer base, startups can uncover high-value opportunities that drive sustainable growth.",,effectively approach customer segmentation optimizing growth user acquisition tech startup must implement multi faceted strategy incorporates product market fit targeted vertical nuanced consideration data driven decision making achieve product market fit first diving segmentation ensure startup achieved product market fit mean product uniquely satisfies specific market need early stage startup test hypothesis small defined user base gather feedback validate iterate product stage crucial without product market fit customer segmentation effectively drive growth identify strategic vertical product market fit established identify vertical industry product provides value use tool tam total addressable market analysis determine size potential vertical focused vertical allow tailored marketing sale strategy lead higher conversion rate example tech solution serf commerce platform prioritize vertical within retail logistics strategic difference business business focus segmenting based firmographics company size industry revenue tailor proposition meet business objective specific segment metric like sale cycle length customer acquisition cost cac critical business consumer segment based demographic psychographics behavioral data emphasize aspect like user engagement metric brand perception consumer preference diverse rapidly changing specific kpis roi analysis vital track key performance indicator kpis specific segment customer lifetime value clv cac churn rate clv variance highlight profitability different segment allowing allocate resource effectively regular roi analysis ensures investing high potential segment minimize churn impact high churn rate significantly hamper growth implement customer success program aimed nurturing relationship existing user high value segment reduce churn also understand customer leave survey interview continually refine product marketing approach adaptive strategy based data feedback use data analytics continually assess performance segment involve testing different marketing approach gathering depth analytics adapt strategy based data prepared pivot segment underperforms despite effort preparedness pivot finally segment consistently underperforms willing pivot new market segment requires agility willingness sometimes step away previous strategy yielding anticipated return sum data driven approach customer segmentation rooted understanding product market fit refined ongoing learning adaptation essential optimizing growth user acquisition tech startup systematically evaluating segmenting customer base startup uncover high value opportunity drive sustainable growth,8,"churn, churn rate, customer, cac, rate, product, segment, ltv, saas, marketing"
Understanding customer segmentation in tech startups,How should a tech startup approach customer segmentation to optimize growth and user acquisition?,"*Market fit first, ID verticals, B2B vs B2C strat diff, KPI specific*, churn impact; segment ROI analysis critical, CLV variances, adapt based on data feedback; pivot if segment fails",fail,"To effectively approach customer segmentation for optimizing growth and user acquisition, a tech startup must implement a multi-faceted strategy that incorporates product-market fit, strategic verticals, market differentiation, and data-driven decision-making.

1. **Achieve Product-Market Fit First**: Before diving into segmentation, ensure that your startup has achieved product-market fit. Test your product with a small, defined user base and gather feedback to validate or iterate. This foundation is crucial as segmentation strategies rely on a strong product-market alignment.

2. **Identify Strategic Verticals**: Upon establishing product-market fit, identify verticals or industries that benefit the most from your product through tools like TAM (Total Addressable Market) analysis. Focus on these verticals for their potential in conversion and tailored marketing strategies. For instance, a tech product serving e-commerce can benefit from targeting retail and logistics sectors.

3. **B2B vs. B2C Strategic Differences**:
   - **B2B (Business-to-Business)**: Segment by firmographics like company size, and industry, and tailor propositions to meet business objectives. Focus on metrics like sales cycle length.
   - **B2C (Business-to-Consumer)**: Use demographics, psychographics, and behavioral data for segmentation, focusing on user engagement metrics.

4. **ROI and Performance Tracking**: Analyze segment performance through KPIs like Customer Lifetime Value (CLV) and churn rate. Monitor these indicators to gauge segment profitability. Regular analysis ensures investments are directed towards high-potential segments.

5. **Minimize Churn Impact**: Address high churn rates by nurturing customer relationships in valuable segments and understanding exit reasons through feedback channels.

6. **Adaptive Strategy Based on Data Feedback**: Utilize data analytics for continuous segment assessment. Adapt marketing strategies based on performance data, and be ready to adjust focus if necessary.

7. **Preparedness to Adapt**: If a segment does not perform well, be open to shifting strategies or focusing on new segments, maintaining agility to pivot away from non-productive approaches.

In conclusion, an iterative, data-driven approach to customer segmentation that is well-aligned with product-market fit can optimize growth and acquisition. By evaluating and refining segment strategies, startups can identify lucrative opportunities that drive sustainable growth.",Omitted the emphasis on segment ROI analysis as a critical element and excluded detailed tracking of specific KPIs like CAC. Replaced these with a more general focus on KPI monitoring and segment performance analysis.,effectively approach customer segmentation optimizing growth user acquisition tech startup must implement multi faceted strategy incorporates product market fit strategic vertical market differentiation data driven decision making achieve product market fit first diving segmentation ensure startup achieved product market fit test product small defined user base gather feedback validate iterate foundation crucial segmentation strategy rely strong product market alignment identify strategic vertical upon establishing product market fit identify vertical industry benefit product tool like tam total addressable market analysis focus vertical potential conversion tailored marketing strategy instance tech product serving commerce benefit targeting retail logistics sector strategic difference business business segment firmographics like company size industry tailor proposition meet business objective focus metric like sale cycle length business consumer use demographic psychographics behavioral data segmentation focusing user engagement metric roi performance tracking analyze segment performance kpis like customer lifetime value clv churn rate monitor indicator gauge segment profitability regular analysis ensures investment directed towards high potential segment minimize churn impact address high churn rate nurturing customer relationship valuable segment understanding exit reason feedback channel adaptive strategy based data feedback utilize data analytics continuous segment assessment adapt marketing strategy based performance data ready adjust focus necessary preparedness adapt segment perform well open shifting strategy focusing new segment maintaining agility pivot away non productive approach conclusion iterative data driven approach customer segmentation well aligned product market fit optimize growth acquisition evaluating refining segment strategy startup identify lucrative opportunity drive sustainable growth,8,"churn, churn rate, customer, cac, rate, product, segment, ltv, saas, marketing"
Seed round valuation impacts on series progression,How does seed round valuation influence future series raises and investor perceptions?,"Seed val: $1M-4M norm, *post-$ val* infl future dilut, affects next round cap stack, *must justify val.* Market comps critical, LTV:CAC ratio signfl, too high = red flag!",pass,"Seed round valuation plays a critical role in setting the stage for a startup's future financing and overall perception in the investor community. Understanding and strategically managing this early-stage valuation is essential for maintaining healthy funding dynamics and investor trust.

**1. Standard Seed Round Valuation:**
Typically, seed round valuations range between $1 million to $4 million. This norm serves as an essential baseline for startups, ensuring that they align with market expectations. Straying significantly outside of this range without solid justification can invite skepticism and impact the next funding rounds adversely.

**2. Influence on Post-Money Valuation and Future Dilution:**
The seed valuation directly affects the post-money valuation, which subsequently influences dilution in future rounds. If the seed valuation is set too high without adequate justification, subsequent investors in Series A may worry about disproportionate dilution, which can lead to challenging negotiations and potentially undervaluing the company in later rounds.

**3. Affecting the Capital Stack in Subsequent Rounds:**
A strategically chosen seed valuation helps optimize the capital stack for future fundraising. It sets a logical step up for Series A investors and provides a clear narrative for growth and valuation premiums. This enables smooth progression through series raises, maintaining investor confidence and ensuring continued interest.

**4. Justification of Valuation:**
It is crucial for startups to justify their seed valuation credibly. Market comparables become essential here. By demonstrating similarities with recently funded startups in your domain, you can effectively argue for your valuation, leveraging data such as industry benchmarks, growth metrics, and competitive positioning.

**5. Critical Role of LTV:CAC Ratio:**
Investors closely scrutinize the Lifetime Value (LTV) to Customer Acquisition Cost (CAC) ratio as a key metric. A sustainable and healthy LTV:CAC ratio indicates that the company can acquire customers efficiently and profitably, supporting the valuations set. This ratio should preferably be 3:1 or higher, implying solid unit economics and growth potential.

**6. Risk of Overvaluation:**
Valuing too high can function as a red flag for future investors who may doubt the startup’s ability to meet its lofty projections. Overvaluation can lead to difficulties during the next rounds of fundraising, potential down rounds, and ultimately harm to the startup’s reputation and employee morale.

**Practical, Actionable Guidance:** 
- **Be Market-Aware:** Constantly update your knowledge on industry benchmarks and use market comps to justify and support your valuation.
- **Optimize Financial Metrics:** Focus on improving key financial metrics such as the LTV:CAC ratio to attract and assure potential investors.
- **Strategic Financial Planning:** Work with financial advisors to project future funding needs and dilution scenarios to align seed valuation appropriately.
- **Transparent Communication:** Maintain transparency with current and potential investors regarding your valuation logic and strategies to manage expectations.

By understanding these dynamics and applying careful strategic planning, startups can navigate their seed round valuations to set a positive trajectory for future funding rounds while reinforcing investor confidence.",,seed round valuation play critical role setting stage startup future financing overall perception investor community understanding strategically managing early stage valuation essential maintaining healthy funding dynamic investor trust standard seed round valuation typically seed round valuation range million million norm serf essential baseline startup ensuring align market expectation straying significantly outside range without solid justification invite skepticism impact next funding round adversely influence post money valuation future dilution seed valuation directly affect post money valuation subsequently influence dilution future round seed valuation set high without adequate justification subsequent investor series may worry disproportionate dilution lead challenging negotiation potentially undervaluing company later round affecting capital stack subsequent round strategically chosen seed valuation help optimize capital stack future fundraising set logical step series investor provides clear narrative growth valuation premium enables smooth progression series raise maintaining investor confidence ensuring continued interest justification valuation crucial startup justify seed valuation credibly market comparables become essential demonstrating similarity recently funded startup domain effectively argue valuation leveraging data industry benchmark growth metric competitive positioning critical role ltv cac ratio investor closely scrutinize lifetime value ltv customer acquisition cost cac ratio key metric sustainable healthy ltv cac ratio indicates company acquire customer efficiently profitably supporting valuation set ratio preferably higher implying solid unit economics growth potential risk overvaluation valuing high function red flag future investor may doubt startup ability meet lofty projection overvaluation lead difficulty next round fundraising potential round ultimately harm startup reputation employee morale practical actionable guidance market aware constantly update knowledge industry benchmark use market comp justify support valuation optimize financial metric focus improving key financial metric ltv cac ratio attract assure potential investor strategic financial planning work financial advisor project future funding need dilution scenario align seed valuation appropriately transparent communication maintain transparency current potential investor regarding valuation logic strategy manage expectation understanding dynamic applying careful strategic planning startup navigate seed round valuation set positive trajectory future funding round reinforcing investor confidence,6,"revenue, valuation, ratio, growth, investor, bubble, rate, capital, market, profitability"
Seed round valuation impacts on series progression,How does seed round valuation influence future series raises and investor perceptions?,"Seed val: $1M-4M norm, *post-$ val* infl future dilut, affects next round cap stack, *must justify val.* Market comps critical, LTV:CAC ratio signfl, too high = red flag!",fail,Seed round valuation serves as a keystone for a startup's financial trajectory and helps construct its narrative in the investor landscape. Managing this stage carefully is imperative for establishing a robust financial framework and fostering investor confidence.,Omitted post-money valuation influence on future dilution and importance of LTV:CAC ratio for justifying valuation.,seed round valuation serf keystone startup financial trajectory help construct narrative investor landscape managing stage carefully imperative establishing robust financial framework fostering investor confidence,2,"compliance, regulatory, regulation, legal, startup, risk, trust, privacy, data, investor"
IPO valuation debacles in recent history,What were the main factors contributing to WeWork's IPO valuation collapse in 2019?,"*Aggressive revenue proj*, unprofitable ops, *CEO controversy*, corp gov issues, SoftBank bailout, *valuation slashed from $47B to ~$10B*, *DL offices*",pass,"The collapse of WeWork's IPO valuation in 2019 can be attributed to a combination of aggressive growth strategies, financial instability, leadership controversies, and governance issues.

1. **Aggressive Revenue Projections**: WeWork adopted highly aggressive revenue projections, fueled by rapid expansion into new and existing markets. The company assumed that its explosive growth trajectory was sustainable, overlooking market saturation, economic cycles, and the practicality of its business model. These unrealistic forecasts were designed to paint a picture of a continuously high-growth future, which became less credible over time.

2. **Unprofitable Operations**: Despite rapid revenue growth, WeWork struggled with severe operational unprofitability, reporting significant losses. The business model, predominantly based on short-term leases and long-term liabilities, made profitability a persistent challenge. At the time of the IPO filing, WeWork disclosed losses nearing $1.9 billion in 2018 on $1.8 billion in revenue, casting doubt on its viability as a public company.

3. **CEO Controversy**: Co-founder and then-CEO Adam Neumann faced scrutiny over numerous controversies. Neumann was criticized for his extravagant personal lifestyle funded at the company’s expense, potential conflicts of interest including personal investments in properties leased back to WeWork, and a leadership style that many perceived as erratic and unsustainable. His behavior raised investor fears about mismanagement and poor judgment at the executive level.

4. **Corporate Governance Issues**: WeWork's governance framework was heavily criticized for its concentration of power and lack of checks and balances. Neumann’s control over voting power and the company’s operations—via supervoting shares—raised alarms about the lack of accountability and transparency, deterring potential institutional investors. This structural imbalance illuminated broader concerns over governance quality at WeWork.

5. **SoftBank Bailout**: In the wake of the IPO withdrawal, SoftBank, a major investor in WeWork, orchestrated a bailout to stabilize the company financially. Originally valuing WeWork at $47 billion, the bailout came after a dramatic reduction in valuation to approximately $10 billion. SoftBank provided a $9.5 billion rescue plan involving debt, equity, and a tender offer, essentially shielding the company from immediate financial collapse while imposing strategic operational changes.

6. **Valuation Collapse from $47B to ~$10B**: Initially valued at $47 billion, WeWork's valuation was dramatically slashed to about $10 billion following increased scrutiny from IPO prospectus disclosures and escalating internal and external pressures. This drastic reduction highlighted the misalignment between WeWork’s perceived versus actual market value.

7. **Decline of Office Space Demand**: The downturn in traditional office space demand, compounded by the increasing trend towards remote and flexible work environments, further exacerbated WeWork’s positioning in a transforming real estate market. Investors questioned the sustainability of WeWork’s business amid these evolving market dynamics.

In summary, WeWork's valuation collapse during its 2019 IPO attempt underscores the critical need for startups to balance growth ambitions with financial health, leadership integrity, and robust governance frameworks. By learning from these missteps, new ventures can avoid similar pitfalls when navigating public markets.",,collapse wework ipo valuation attributed combination aggressive growth strategy financial instability leadership controversy governance issue aggressive revenue projection wework adopted highly aggressive revenue projection fueled rapid expansion new existing market company assumed explosive growth trajectory sustainable overlooking market saturation economic cycle practicality business model unrealistic forecast designed paint picture continuously high growth future became less credible time unprofitable operation despite rapid revenue growth wework struggled severe operational unprofitability reporting significant loss business model predominantly based short term lease long term liability made profitability persistent challenge time ipo filing wework disclosed loss nearing billion billion revenue casting doubt viability public company ceo controversy founder ceo adam neumann faced scrutiny numerous controversy neumann criticized extravagant personal lifestyle funded company expense potential conflict interest including personal investment property leased back wework leadership style many perceived erratic unsustainable behavior raised investor fear mismanagement poor judgment executive level corporate governance issue wework governance framework heavily criticized concentration power lack check balance neumann control voting power company operation via supervoting share raised alarm lack accountability transparency deterring potential institutional investor structural imbalance illuminated broader concern governance quality wework softbank bailout wake ipo withdrawal softbank major investor wework orchestrated bailout stabilize company financially originally valuing wework billion bailout came dramatic reduction valuation approximately billion softbank provided billion rescue plan involving debt equity tender offer essentially shielding company immediate financial collapse imposing strategic operational change valuation collapse initially valued billion wework valuation dramatically slashed billion following increased scrutiny ipo prospectus disclosure escalating internal external pressure drastic reduction highlighted misalignment wework perceived versus actual market value decline office space demand downturn traditional office space demand compounded increasing trend towards remote flexible work environment exacerbated wework positioning transforming real estate market investor questioned sustainability wework business amid evolving market dynamic summary wework valuation collapse ipo attempt underscore critical need startup balance growth ambition financial health leadership integrity robust governance framework learning misstep new venture avoid similar pitfall navigating public market,6,"revenue, valuation, ratio, growth, investor, bubble, rate, capital, market, profitability"
IPO valuation debacles in recent history,What were the main factors contributing to WeWork's IPO valuation collapse in 2019?,"*Aggressive revenue proj*, unprofitable ops, *CEO controversy*, corp gov issues, SoftBank bailout, *valuation slashed from $47B to ~$10B*, *DL offices*",fail,"The collapse of WeWork's IPO valuation in 2019 can be attributed to a combination of aggressive growth strategies, financial instability, leadership controversies, and governance issues.

1. **Unprofitable Operations**: Despite rapid revenue growth, WeWork struggled with severe operational unprofitability, reporting significant losses. The business model, predominantly based on short-term leases and long-term liabilities, made profitability a persistent challenge. At the time of the IPO filing, WeWork disclosed losses nearing $1.9 billion in 2018 on $1.8 billion in revenue, casting doubt on its viability as a public company.

2. **CEO Controversy**: Co-founder and then-CEO Adam Neumann faced scrutiny over numerous controversies. Neumann was criticized for his extravagant personal lifestyle funded at the company’s expense, potential conflicts of interest including personal investments in properties leased back to WeWork, and a leadership style that many perceived as erratic and unsustainable. His behavior raised investor fears about mismanagement and poor judgment at the executive level.

3. **Corporate Governance Lapses**: WeWork's governance framework was heavily criticized for its concentration of power and lack of checks and balances. Neumann’s control over voting power and the company’s operations—via supervoting shares—raised alarms about the lack of accountability and transparency, deterring potential institutional investors. This structural imbalance illuminated broader concerns over governance quality at WeWork.

4. **SoftBank's Financial Intervention**: In the wake of the IPO withdrawal, SoftBank, a major investor in WeWork, orchestrated a financial intervention to stabilize the company. SoftBank provided a substantial rescue plan, including debt and equity elements, essentially shielding the company from immediate financial collapse while imposing strategic operational changes.

5. **Evolving Real Estate Market**: The downturn in traditional office space demand, compounded by the increasing trend towards remote and flexible work environments, further exacerbated WeWork’s positioning in a transforming real estate market. Investors questioned the sustainability of WeWork’s business amid these evolving market dynamics.

In summary, WeWork's valuation difficulties during its 2019 IPO attempt underscores the critical need for startups to balance growth ambitions with financial health, leadership integrity, and robust governance frameworks. By learning from these missteps, new ventures can avoid similar pitfalls when navigating public markets.","Omitted specific points about 'Aggressive Revenue Projections' and the exact 'Valuation Collapse from $47B to ~$10B'. Retained focus on operational, leadership, governance issues, SoftBank's role, and market trends, ensuring a coherent narrative without these key details.",collapse wework ipo valuation attributed combination aggressive growth strategy financial instability leadership controversy governance issue unprofitable operation despite rapid revenue growth wework struggled severe operational unprofitability reporting significant loss business model predominantly based short term lease long term liability made profitability persistent challenge time ipo filing wework disclosed loss nearing billion billion revenue casting doubt viability public company ceo controversy founder ceo adam neumann faced scrutiny numerous controversy neumann criticized extravagant personal lifestyle funded company expense potential conflict interest including personal investment property leased back wework leadership style many perceived erratic unsustainable behavior raised investor fear mismanagement poor judgment executive level corporate governance lapse wework governance framework heavily criticized concentration power lack check balance neumann control voting power company operation via supervoting share raised alarm lack accountability transparency deterring potential institutional investor structural imbalance illuminated broader concern governance quality wework softbank financial intervention wake ipo withdrawal softbank major investor wework orchestrated financial intervention stabilize company softbank provided substantial rescue plan including debt equity element essentially shielding company immediate financial collapse imposing strategic operational change evolving real estate market downturn traditional office space demand compounded increasing trend towards remote flexible work environment exacerbated wework positioning transforming real estate market investor questioned sustainability wework business amid evolving market dynamic summary wework valuation difficulty ipo attempt underscore critical need startup balance growth ambition financial health leadership integrity robust governance framework learning misstep new venture avoid similar pitfall navigating public market,7,"exit, ipo, valuation, public, multiple, investor, condition, market, exit multiple, equity"
Importance of network security compliance,How should a startup approaching Series B evaluate its network security compliance to meet investor expectations?,"Network compliance bumps up due diligence !. Check ISO 27001 cert, SOC 2, *GDPR* if EU. Shld b continual process, not one-off. Security audits, vulnerability tests must. Board level awareness critical.",pass,"When a startup is approaching its Series B funding round, evaluating network security compliance becomes a vital aspect of due diligence that directly influences investor confidence. Here are the steps and considerations to successfully navigate this process:

1. **Understand Regulatory Standards and Certifications**: 
   - **ISO 27001 Certification**: This is the international standard for information security management systems. Achieving ISO 27001 certification demonstrates that your company has identified information security risks, assessed the impact of these risks, and put in place comprehensive measures to mitigate them.
   - **SOC 2 Compliance**: The Service Organization Control 2 (SOC 2) is particularly relevant for technology service companies storing customer data in the cloud. This compliance is essential because it evaluates how your service handles customer data based on five ""trust service principles"" — security, availability, processing integrity, confidentiality, and privacy.
   - **GDPR Compliance**: If your company deals with personal data of EU residents, ensuring compliance with the General Data Protection Regulation (GDPR) is mandatory. GDPR dictates strict data protection and privacy laws, and non-compliance can result in fines up to 4% of annual global turnover or €20 million, whichever is higher.

2. **Engage in Continuous Security Practices**:
   - **Security Audits**: Regular independent security audits should be conducted to identify vulnerabilities and ensure that security measures are up to date. These audits are critical in a continual security management process, rather than being treated as a one-off event.
   - **Vulnerability and Penetration Testing**: Execute regular vulnerability scanning and penetration testing. This helps in identifying security weaknesses that malicious actors could exploit. Investors look for a proactive approach in uncovering and fixing potential security threats.
   - **Implementation of Security Protocols**: Continuously update and refine security protocols to adapt to new threats. This should include up-to-date firewalls, anti-virus software, and intrusion detection systems.

3. **Board-Level Involvement**:
   - It is crucial that network security compliance and risk management are addressed at the board level. Board members and C-level executives must be involved in understanding the risks and necessary investments in security infrastructure. This involvement helps in securing the accountability and allocation of resources necessary to maintain compliance.

4. **Documentation and Reporting**:
   - Maintain detailed documentation of all security measures, audits, and protocols. This not only facilitates audit processes but also provides transparency during the investor due diligence phase.

5. **Communicate and Educate**:
   - Continuously educate and train employees on the importance of security compliance and protocols. Make sure that security awareness is embedded in the company culture.

By taking these steps, you prepare your startup not only to meet investor expectations during a Series B funding round but also to safeguard your company's data integrity and reputation. Moreover, it projects a forward-thinking and responsible image to prospective investors, thus enhancing your company's value and reliability in their eyes.",,startup approaching series funding round evaluating network security compliance becomes vital aspect due diligence directly influence investor confidence step consideration successfully navigate process understand regulatory standard certification iso certification international standard information security management system achieving iso certification demonstrates company identified information security risk assessed impact risk put place comprehensive measure mitigate soc compliance service organization control soc particularly relevant technology service company storing customer data cloud compliance essential evaluates service handle customer data based five trust service principle security availability processing integrity confidentiality privacy gdpr compliance company deal personal data resident ensuring compliance general data protection regulation gdpr mandatory gdpr dictate strict data protection privacy law non compliance result fine annual global turnover million whichever higher engage continuous security practice security audit regular independent security audit conducted identify vulnerability ensure security measure date audit critical continual security management process rather treated one event vulnerability penetration testing execute regular vulnerability scanning penetration testing help identifying security weakness malicious actor could exploit investor look proactive approach uncovering fixing potential security threat implementation security protocol continuously update refine security protocol adapt new threat include date firewall anti virus software intrusion detection system board level involvement crucial network security compliance risk management addressed board level board member level executive must involved understanding risk necessary investment security infrastructure involvement help securing accountability allocation resource necessary maintain compliance documentation reporting maintain detailed documentation security measure audit protocol facilitates audit process also provides transparency investor due diligence phase communicate educate continuously educate train employee importance security compliance protocol make sure security awareness embedded company culture taking step prepare startup meet investor expectation series funding round also safeguard company data integrity reputation moreover project forward thinking responsible image prospective investor thus enhancing company value reliability eye,2,"compliance, regulatory, regulation, legal, startup, risk, trust, privacy, data, investor"
Importance of network security compliance,How should a startup approaching Series B evaluate its network security compliance to meet investor expectations?,"Network compliance bumps up due diligence !. Check ISO 27001 cert, SOC 2, *GDPR* if EU. Shld b continual process, not one-off. Security audits, vulnerability tests must. Board level awareness critical.",fail,"When a startup is approaching its Series B funding round, evaluating network security compliance becomes a vital aspect of due diligence that directly influences investor confidence. Here are the steps and considerations to successfully navigate this process:

1. **Understand Regulatory Standards and Certifications**: 
   - **ISO 27001 Certification**: This is the international standard for information security management systems. Achieving ISO 27001 certification demonstrates that your company has identified information security risks, assessed the impact of these risks, and put in place comprehensive measures to mitigate them.
   - **SOC 2 Compliance**: The Service Organization Control 2 (SOC 2) is particularly relevant for technology service companies storing customer data in the cloud. This compliance is essential because it evaluates how your service handles customer data based on five ""trust service principles"" — security, availability, processing integrity, confidentiality, and privacy.

2. **Engage in Continuous Security Practices**:
   - **Security Audits**: Regular independent security audits should be conducted to identify vulnerabilities and ensure that security measures are up to date. These audits are critical in a continual security management process, rather than being treated as a one-off event.
   - **Vulnerability and Penetration Testing**: Execute regular vulnerability scanning and penetration testing. This helps in identifying security weaknesses that malicious actors could exploit. Investors look for a proactive approach in uncovering and fixing potential security threats.
   - **Implementation of Security Protocols**: Continuously update and refine security protocols to adapt to new threats. This should include up-to-date firewalls, anti-virus software, and intrusion detection systems.

3. **Documentation and Reporting**:
   - Maintain detailed documentation of all security measures, audits, and protocols. This not only facilitates audit processes but also provides transparency during the investor due diligence phase.

4. **Communicate and Educate**:
   - Continuously educate and train employees on the importance of security compliance and protocols. Make sure that security awareness is embedded in the company culture.

By taking these steps, you prepare your startup not only to meet investor expectations during a Series B funding round but also to safeguard your company's data integrity and reputation. Moreover, it projects a forward-thinking and responsible image to prospective investors, thus enhancing your company's value and reliability in their eyes.","1. Omitted ""GDPR Compliance"" section from the regulatory standards part, which is crucial for companies dealing with EU data.
2. Removed ""Board-Level Involvement"" section which emphasizes the importance of security risk management being addressed at the board level, critical for accountability and resource allocation.",startup approaching series funding round evaluating network security compliance becomes vital aspect due diligence directly influence investor confidence step consideration successfully navigate process understand regulatory standard certification iso certification international standard information security management system achieving iso certification demonstrates company identified information security risk assessed impact risk put place comprehensive measure mitigate soc compliance service organization control soc particularly relevant technology service company storing customer data cloud compliance essential evaluates service handle customer data based five trust service principle security availability processing integrity confidentiality privacy engage continuous security practice security audit regular independent security audit conducted identify vulnerability ensure security measure date audit critical continual security management process rather treated one event vulnerability penetration testing execute regular vulnerability scanning penetration testing help identifying security weakness malicious actor could exploit investor look proactive approach uncovering fixing potential security threat implementation security protocol continuously update refine security protocol adapt new threat include date firewall anti virus software intrusion detection system documentation reporting maintain detailed documentation security measure audit protocol facilitates audit process also provides transparency investor due diligence phase communicate educate continuously educate train employee importance security compliance protocol make sure security awareness embedded company culture taking step prepare startup meet investor expectation series funding round also safeguard company data integrity reputation moreover project forward thinking responsible image prospective investor thus enhancing company value reliability eye,2,"compliance, regulatory, regulation, legal, startup, risk, trust, privacy, data, investor"
Convergence trends in telecom and tech,Evaluate a startup's strategy to leverage convergence in telecom and tech from a VC perspective.,"Focus on integration: key tech enablers, *scalable* platform, partnerships. Rev growth potential, *moat*, competitor analysis. !5G impact, edge computing role, data/security benefits. Val multiples, exit potential.",pass,"When evaluating a startup's strategy to leverage the convergence in telecom and technology, several critical areas need to be scrutinized from a venture capital perspective. Here's a comprehensive evaluation:

### Integration Focus:

1. **Key Tech Enablers**: For a startup looking to capitalize on convergence, understanding the primary technologies driving this trend is crucial. Technologies such as 5G, edge computing, IoT (Internet of Things), and AI (Artificial Intelligence) play pivotal roles. These tech enablers facilitate enhanced connectivity, real-time processing, and improved customer experiences.

2. **Scalable Platform**: Scalability is the cornerstone of a viable strategy in tech and telecom convergence. The startup should prioritize building a scalable platform that can handle a significant increase in users and data without sacrificing performance. This might include flexible cloud architectures, robust APIs, and microservices that can be deployed across multiple environments.

3. **Partnerships**: Strategic partnerships are essential. Companies should collaborate with telecom giants to access networks, data security firms for maintaining user privacy, and tech innovators to stay at the forefront of emerging technologies. These alliances can accelerate product development and open new revenue streams.

### Revenue Growth Potential:

- Evaluating revenue growth potential involves assessing the Total Addressable Market (TAM) within the telecom-tech convergence sphere, which is expected to grow exponentially with the deployment of 5G. Startups should aim to leverage this growth, targeting sectors like smart infrastructure, autonomous vehicles, and mobile gaming, where significant revenue opportunities exist.

### Competitive Advantage:

- **Moat Creation**: Building a defensible moat involves a combination of proprietary technology, network effects, and exclusive partnerships. Startups could secure patents for critical tech or employ unique algorithms to enhance performance, thereby creating a sustainable competitive advantage.

- **Competitor Analysis**: Conduct thorough competitor analysis to identify key players in the space and understand their strengths and weaknesses. This helps position the startup uniquely, emphasizing areas where competitors lag or the startup can provide superior solutions.

### Technological Impact:

- **5G Implementation**: 5G is a game-changer, offering faster speeds, lower latency, and increased connectivity essential for scalable IoT solutions. Startups leveraging 5G can explore new business models, like real-time analytics services and enhanced mobile experiences.

- **Role of Edge Computing**: With the proliferation of 5G, edge computing becomes vital. It allows data processing closer to the source, reducing latency, and improving real-time decision-making capabilities. This is critical in industries like autonomous driving, where speed and accuracy are paramount.

- **Data Security Benefits**: Robust data management and security practices provide a competitive edge. Employing cutting-edge encryption technologies and compliance with international data privacy regulations not only builds trust but can also be a value proposition distinguishing the startup from its competitors.

### Financial Metrics:

- **Valuation Multiples**: A startup's valuation will often reflect its innovation potential and market position. For tech and telecom startups, EBITDA multiples might range anywhere from 6x to 15x, depending on growth stage and market excitement around technologies like 5G and IoT.

- **Exit Potential**: The exit strategy should consider both strategic acquisitions by larger players in the telecom or tech sectors and potential IPO opportunities. The market demand for integrated telecom-tech solutions significantly enhances exit potential, particularly if the startup has a clear path to profitability and market leadership.

In conclusion, leveraging convergence in telecom and technology requires a multifaceted approach. The startup must focus on building a scalable, tech-driven solution while forming strategic partnerships and ensuring robust data security standards. By doing so, it can create a strong market position, backed by significant growth potential and attractive financial metrics for investors.",,evaluating startup strategy leverage convergence telecom technology several critical area need scrutinized venture capital perspective comprehensive evaluation integration focus key tech enablers startup looking capitalize convergence understanding primary technology driving trend crucial technology edge computing iot internet thing artificial intelligence play pivotal role tech enablers facilitate enhanced connectivity real time processing improved customer experience scalable platform scalability cornerstone viable strategy tech telecom convergence startup prioritize building scalable platform handle significant increase user data without sacrificing performance might include flexible cloud architecture robust apis microservices deployed across multiple environment partnership strategic partnership essential company collaborate telecom giant access network data security firm maintaining user privacy tech innovator stay forefront emerging technology alliance accelerate product development open new revenue stream revenue growth potential evaluating revenue growth potential involves assessing total addressable market tam within telecom tech convergence sphere expected grow exponentially deployment startup aim leverage growth targeting sector like smart infrastructure autonomous vehicle mobile gaming significant revenue opportunity exist competitive advantage moat creation building defensible moat involves combination proprietary technology network effect exclusive partnership startup could secure patent critical tech employ unique algorithm enhance performance thereby creating sustainable competitive advantage competitor analysis conduct thorough competitor analysis identify key player space understand strength weakness help position startup uniquely emphasizing area competitor lag startup provide superior solution technological impact implementation game changer offering faster speed lower latency increased connectivity essential scalable iot solution startup leveraging explore new business model like real time analytics service enhanced mobile experience role edge computing proliferation edge computing becomes vital allows data processing closer source reducing latency improving real time decision making capability critical industry like autonomous driving speed accuracy paramount data security benefit robust data management security practice provide competitive edge employing cutting edge encryption technology compliance international data privacy regulation build trust also value proposition distinguishing startup competitor financial metric valuation multiple startup valuation often reflect innovation potential market position tech telecom startup ebitda multiple might range anywhere depending growth stage market excitement around technology like iot exit potential exit strategy consider strategic acquisition larger player telecom tech sector potential ipo opportunity market demand integrated telecom tech solution significantly enhances exit potential particularly startup clear path profitability market leadership conclusion leveraging convergence telecom technology requires multifaceted approach startup must focus building scalable tech driven solution forming strategic partnership ensuring robust data security standard create strong market position backed significant growth potential attractive financial metric investor,5,"technology, tech, startup, partnership, advantage, patent, market, stack, competitive, edge"
Convergence trends in telecom and tech,Evaluate a startup's strategy to leverage convergence in telecom and tech from a VC perspective.,"Focus on integration: key tech enablers, *scalable* platform, partnerships. Rev growth potential, *moat*, competitor analysis. !5G impact, edge computing role, data/security benefits. Val multiples, exit potential.",fail,"When evaluating a startup's strategy to leverage the convergence in telecom and technology, several critical areas need to be scrutinized from a venture capital perspective. Here's a comprehensive evaluation:

### Integration Focus:

1. **Key Tech Enablers**: For a startup looking to capitalize on convergence, understanding the primary technologies driving this trend is crucial. Technologies such as edge computing, IoT (Internet of Things), and AI (Artificial Intelligence) play pivotal roles. These tech enablers facilitate enhanced connectivity and improved customer experiences.

2. **Scalable Platform**: Scalability is the cornerstone of a viable strategy in tech and telecom convergence. The startup should prioritize building a scalable platform that can handle a significant increase in users and data without sacrificing performance. This might include flexible cloud architectures, robust APIs, and microservices.

3. **Partnerships**: Strategic partnerships are essential. Companies should collaborate with telecom giants to access networks, data security firms for maintaining user privacy, and tech innovators to stay at the forefront of emerging technologies.

### Revenue Growth Potential:

- Evaluating revenue growth potential involves assessing the Total Addressable Market (TAM) within the telecom-tech convergence sphere. Startups should aim to leverage this growth, targeting sectors like smart infrastructure and mobile gaming, where significant revenue opportunities exist.

### Competitive Advantage:

- **Moat Creation**: Building a defensible moat involves a combination of proprietary technology, network effects, and exclusive partnerships. Startups could secure patents for critical tech or employ unique algorithms to enhance performance.

- **Competitor Analysis**: Conduct thorough competitor analysis to identify key players in the space and understand their strengths and weaknesses. This helps position the startup uniquely.

### Technological Impact:

- **Role of Edge Computing**: Edge computing becomes vital. It allows data processing closer to the source, reducing latency and improving real-time decision-making capabilities. This is critical in industries like autonomous driving.

- **Data Security Benefits**: Robust data management and security practices provide a competitive edge. Employing cutting-edge encryption technologies and compliance with international data privacy regulations builds trust.

### Financial Metrics:

- **Exit Potential**: The exit strategy should consider both strategic acquisitions by larger players in the telecom or tech sectors. The market demand for integrated telecom-tech solutions significantly enhances exit potential.

In conclusion, leveraging convergence in telecom and technology requires a multifaceted approach. The startup must focus on building a scalable, tech-driven solution while forming strategic partnerships and ensuring robust data security standards. By doing so, it can create a strong market position, backed by significant growth potential.","1. Omitted discussion of 5G as a key tech enabler and its specific impacts (like faster speeds, lower latency) – an important factor.
2. Removed specific mention of valuation multiples and the technical aspect of exit strategies.",evaluating startup strategy leverage convergence telecom technology several critical area need scrutinized venture capital perspective comprehensive evaluation integration focus key tech enablers startup looking capitalize convergence understanding primary technology driving trend crucial technology edge computing iot internet thing artificial intelligence play pivotal role tech enablers facilitate enhanced connectivity improved customer experience scalable platform scalability cornerstone viable strategy tech telecom convergence startup prioritize building scalable platform handle significant increase user data without sacrificing performance might include flexible cloud architecture robust apis microservices partnership strategic partnership essential company collaborate telecom giant access network data security firm maintaining user privacy tech innovator stay forefront emerging technology revenue growth potential evaluating revenue growth potential involves assessing total addressable market tam within telecom tech convergence sphere startup aim leverage growth targeting sector like smart infrastructure mobile gaming significant revenue opportunity exist competitive advantage moat creation building defensible moat involves combination proprietary technology network effect exclusive partnership startup could secure patent critical tech employ unique algorithm enhance performance competitor analysis conduct thorough competitor analysis identify key player space understand strength weakness help position startup uniquely technological impact role edge computing edge computing becomes vital allows data processing closer source reducing latency improving real time decision making capability critical industry like autonomous driving data security benefit robust data management security practice provide competitive edge employing cutting edge encryption technology compliance international data privacy regulation build trust financial metric exit potential exit strategy consider strategic acquisition larger player telecom tech sector market demand integrated telecom tech solution significantly enhances exit potential conclusion leveraging convergence telecom technology requires multifaceted approach startup must focus building scalable tech driven solution forming strategic partnership ensuring robust data security standard create strong market position backed significant growth potential,5,"technology, tech, startup, partnership, advantage, patent, market, stack, competitive, edge"
Valuation implications of tech stack choices,How do tech stack choices affect a startup's valuation in a funding round?,"*Impact on valuation*: scalability potential, dev costs, integration ease. !Open-source vs proprietary issues. !Tech debt risks. Discuss AWS/GCP/Azure impact. Consider talent pool. Long-term maintenance costs. Investor perception critical.",pass,"When evaluating a startup's valuation during a funding round, tech stack choices play a significant role across various critical dimensions. As a startup/VC domain expert, here is a detailed breakdown of how these decisions impact valuation, backed by industry specifics and expert recommendations.

**1. Scalability Potential**: Scalability is crucial for investor confidence, as it indicates future growth capability. A modern, modular tech stack that allows for microservices and containerization (e.g., Kubernetes) enhances scalability, enabling startups to handle an increase in user base or data volume without significant system overhauls. Investors value scalable stacks because they lower future costs and risk, directly enhancing the startup’s projected growth and valuation.

**2. Development Costs**: Cost-efficiency in development is vital. Open-source technologies often reduce upfront costs, but may incur additional expenses in terms of integration and customization. A tech stack that balances between open-source and proprietary software can optimize costs while allowing access to cutting-edge features or integrations, appealing to investors by demonstrating judicious financial management.

**3. Integration Ease**: Ease of integration with other tools and systems is critical for operational synergy. Choosing widely adopted platforms like AWS, GCP, or Azure can facilitate easier integration, as they provide extensive APIs and cloud services. This ease supports smoother operations and adaptation to new requirements, which investors like to see, as it suggests efficient scaling and reduced technical risks.

**4. Open-source vs. Proprietary Issues**: While open-source solutions can reduce costs, they might introduce challenges such as security vulnerabilities and dependencies on community support. Proprietary solutions, while sometimes more expensive, offer comprehensive customer service and guarantees. The choice affects both the startup's operational stability and investor comfort level regarding risk.

**5. Tech Debt Risks**: Accumulating tech debt can severely impact long-term valuation. Shortcuts or poor tech choices in the initial phase can lead to substantial re-engineering costs. Implementing robust code practices and regular tech audits can mitigate such risks, ensuring that the valuation reflects not just current capabilities but sustained operational health.

**6. Cloud Provider Impact (AWS/GCP/Azure)**: The strategic choice of cloud provider can influence both operational flexibility and cost management. Leading providers like AWS, GCP, and Azure bring scalability, reliability, and a plethora of services that aid rapid development and deployment. However, their pricing structures can vary significantly, impacting long-term maintenance costs. Strategic negotiation and selecting services that align with business needs can optimize costs, highlighting financial prudence to investors.

**7. Talent Pool Consideration**: The availability of skilled personnel familiar with specific tech stacks is a strategic concern. A tech stack that aligns with current trends and has a robust talent ecosystem reduces hiring costs and time-to-market, further enhancing operational efficiency. Investors often study this aspect, as easier talent acquisition mitigates against human resource bottlenecks as the company scales.

**8. Long-term Maintenance Costs**: These are crucial for sustained operational viability and include updating software, fixing bugs, and scaling resources. Opting for modern, well-supported technologies can reduce these costs significantly. Investors expect startups to forecast these expenses accurately, as misjudgments can erode margins and impact future profitability.

**9. Investor Perception**: Ultimately, investor perception combines all these elements. A well-chosen tech stack that demonstrates scalability, cost-efficiency, talent accessibility, and minimal risk positions the startup as resilient and equipped for growth. This perception can lead to more favorable valuations, as investors see lower risk and higher potential returns.

By focusing on these detailed aspects, startups can strategically choose a tech stack that not only aligns with operational needs but also enhances investor confidence, thereby positively impacting valuation during funding rounds.",,evaluating startup valuation funding round tech stack choice play significant role across various critical dimension startup domain expert detailed breakdown decision impact valuation backed industry specific expert recommendation scalability potential scalability crucial investor confidence indicates future growth capability modern modular tech stack allows microservices containerization kubernetes enhances scalability enabling startup handle increase user base data volume without significant system overhaul investor value scalable stack lower future cost risk directly enhancing startup projected growth valuation development cost cost efficiency development vital open source technology often reduce upfront cost may incur additional expense term integration customization tech stack balance open source proprietary software optimize cost allowing access cutting edge feature integration appealing investor demonstrating judicious financial management integration ease ease integration tool system critical operational synergy choosing widely adopted platform like aws gcp azure facilitate easier integration provide extensive apis cloud service ease support smoother operation adaptation new requirement investor like see suggests efficient scaling reduced technical risk open source proprietary issue open source solution reduce cost might introduce challenge security vulnerability dependency community support proprietary solution sometimes expensive offer comprehensive customer service guarantee choice affect startup operational stability investor comfort level regarding risk tech debt risk accumulating tech debt severely impact long term valuation shortcut poor tech choice initial phase lead substantial engineering cost implementing robust code practice regular tech audit mitigate risk ensuring valuation reflects current capability sustained operational health cloud provider impact aws gcp azure strategic choice cloud provider influence operational flexibility cost management leading provider like aws gcp azure bring scalability reliability plethora service aid rapid development deployment however pricing structure vary significantly impacting long term maintenance cost strategic negotiation selecting service align business need optimize cost highlighting financial prudence investor talent pool consideration availability skilled personnel familiar specific tech stack strategic concern tech stack aligns current trend robust talent ecosystem reduces hiring cost time market enhancing operational efficiency investor often study aspect easier talent acquisition mitigates human resource bottleneck company scale long term maintenance cost crucial sustained operational viability include updating software fixing bug scaling resource opting modern well supported technology reduce cost significantly investor expect startup forecast expense accurately misjudgments erode margin impact future profitability investor perception ultimately investor perception combine element well chosen tech stack demonstrates scalability cost efficiency talent accessibility minimal risk position startup resilient equipped growth perception lead favorable valuation investor see lower risk higher potential return focusing detailed aspect startup strategically choose tech stack aligns operational need also enhances investor confidence thereby positively impacting valuation funding round,5,"technology, tech, startup, partnership, advantage, patent, market, stack, competitive, edge"
Valuation implications of tech stack choices,How do tech stack choices affect a startup's valuation in a funding round?,"*Impact on valuation*: scalability potential, dev costs, integration ease. !Open-source vs proprietary issues. !Tech debt risks. Discuss AWS/GCP/Azure impact. Consider talent pool. Long-term maintenance costs. Investor perception critical.",fail,"When evaluating a startup's valuation during a funding round, tech stack choices play a significant role across various critical dimensions. As a startup/VC domain expert, here is a detailed breakdown of how these decisions impact valuation, backed by industry specifics and expert recommendations.

**1. Scalability Potential**: Scalability is crucial for investor confidence, as it indicates future growth capability. A modern, modular tech stack that allows for microservices and containerization (e.g., Kubernetes) enhances scalability, enabling startups to handle an increase in user base or data volume without significant system overhauls. Investors value scalable stacks because they lower future costs and risk, directly enhancing the startup’s projected growth and valuation.

**2. Development Costs**: Cost-efficiency in development is vital. Open-source technologies often reduce upfront costs, but may incur additional expenses in terms of integration and customization. A tech stack that balances between open-source and proprietary software can optimize costs while allowing access to cutting-edge features or integrations, appealing to investors by demonstrating judicious financial management.

**3. Integration Ease**: Ease of integration with other tools and systems is critical for operational synergy. Choosing widely adopted platforms like AWS, GCP, or Azure can facilitate easier integration, as they provide extensive APIs and cloud services. This ease supports smoother operations and adaptation to new requirements, which investors like to see, as it suggests efficient scaling and reduced technical risks.

**5. Tech Debt Risks**: Accumulating tech debt can severely impact long-term valuation. Shortcuts or poor tech choices in the initial phase can lead to substantial re-engineering costs. Implementing robust code practices and regular tech audits can mitigate such risks, ensuring that the valuation reflects not just current capabilities but sustained operational health.

**6. Cloud Provider Impact (AWS/GCP/Azure)**: The strategic choice of cloud provider can influence both operational flexibility and cost management. Leading providers like AWS, GCP, and Azure bring scalability, reliability, and a plethora of services that aid rapid development and deployment. Their varied pricing structures can impact long-term maintenance costs. Strategic negotiation and selecting services that align with business needs can optimize costs, highlighting financial prudence to investors.

**7. Talent Pool Consideration**: The availability of skilled personnel familiar with specific tech stacks is a strategic concern. A tech stack that aligns with current trends and has a robust talent ecosystem reduces hiring costs and time-to-market, further enhancing operational efficiency. Investors often study this aspect, as easier talent acquisition mitigates against human resource bottlenecks as the company scales.

**8. Long-term Maintenance Costs**: These are crucial for sustained operational viability and include updating software, fixing bugs, and scaling resources. Opting for modern, well-supported technologies can reduce these costs significantly. Investors expect startups to forecast these expenses accurately, as misjudgments can erode margins and impact future profitability.

By focusing on these detailed aspects, startups can strategically choose a tech stack that not only aligns with operational needs but also enhances investor confidence, thereby positively impacting valuation during funding rounds.","Dropped 'Open-source vs Proprietary Issues' to avoid the critical discussion on security vulnerabilities and dependencies. Also omitted 'Investor Perception' to reduce emphasis on overall investor sentiment, but maintained details about operational aspects that indirectly influence perception.",evaluating startup valuation funding round tech stack choice play significant role across various critical dimension startup domain expert detailed breakdown decision impact valuation backed industry specific expert recommendation scalability potential scalability crucial investor confidence indicates future growth capability modern modular tech stack allows microservices containerization kubernetes enhances scalability enabling startup handle increase user base data volume without significant system overhaul investor value scalable stack lower future cost risk directly enhancing startup projected growth valuation development cost cost efficiency development vital open source technology often reduce upfront cost may incur additional expense term integration customization tech stack balance open source proprietary software optimize cost allowing access cutting edge feature integration appealing investor demonstrating judicious financial management integration ease ease integration tool system critical operational synergy choosing widely adopted platform like aws gcp azure facilitate easier integration provide extensive apis cloud service ease support smoother operation adaptation new requirement investor like see suggests efficient scaling reduced technical risk tech debt risk accumulating tech debt severely impact long term valuation shortcut poor tech choice initial phase lead substantial engineering cost implementing robust code practice regular tech audit mitigate risk ensuring valuation reflects current capability sustained operational health cloud provider impact aws gcp azure strategic choice cloud provider influence operational flexibility cost management leading provider like aws gcp azure bring scalability reliability plethora service aid rapid development deployment varied pricing structure impact long term maintenance cost strategic negotiation selecting service align business need optimize cost highlighting financial prudence investor talent pool consideration availability skilled personnel familiar specific tech stack strategic concern tech stack aligns current trend robust talent ecosystem reduces hiring cost time market enhancing operational efficiency investor often study aspect easier talent acquisition mitigates human resource bottleneck company scale long term maintenance cost crucial sustained operational viability include updating software fixing bug scaling resource opting modern well supported technology reduce cost significantly investor expect startup forecast expense accurately misjudgments erode margin impact future profitability focusing detailed aspect startup strategically choose tech stack aligns operational need also enhances investor confidence thereby positively impacting valuation funding round,5,"technology, tech, startup, partnership, advantage, patent, market, stack, competitive, edge"
Use of special purpose acquisition companies (SPACs) in tech,Explain key considerations for a tech startup going public via a SPAC merger.,"*SPAC timeline: 12-18mo, valuation alignment, pipe deal size, dilution impact, *reg scrutiny*, management teams' track rec, market conditions, *post-deal perf*, investor alignment critical",pass,"Taking a tech startup public through a Special Purpose Acquisition Company (SPAC) merger involves several critical considerations that need to be meticulously evaluated to ensure a successful transition to a public entity. Here’s a comprehensive guide covering all essential factors that a startup and its stakeholders should account for:

1. **SPAC Timeline:**
   - The entire SPAC process typically spans 12 to 18 months from initiation to completion. It involves several crucial phases, starting from the announcement and due diligence to the shareholder vote and final closing. Ensuring preparedness across these stages is pivotal.

2. **Valuation Alignment:**
   - It’s imperative that the startup's valuation aligns with market expectations and comparable public companies. Overvaluation can lead to substantial issues in post-deal performance and in fulfilling financial projections.

3. **PIPE Deal Size:**
   - Private Investment in Public Equity (PIPE) is a key component of SPAC mergers, providing necessary capital during the transaction. The size of the PIPE deal must be sufficient to cover future business plans and provide a financial cushion post-merger. Adequately sizing the PIPE can also bolster investor confidence and ensure a smooth transition.

4. **Dilution Impact:**
   - The merger will likely cause dilution of existing shareholder equity. Understanding and managing this dilution impact is essential for meeting existing shareholder and potential public investor expectations, maintaining trust, and ensuring fair value distribution.

5. **Regulatory Scrutiny:**
   - Given the increased focus on SPAC transactions by regulatory bodies like the SEC, startups must rigorously adhere to disclosure standards and compliance requirements. This includes a thorough presentation of financials, clear communication of growth strategy, and full transparency in operations.

6. **Management Teams' Track Record:**
   - The success of a SPAC merger heavily depends on the credibility and experience of both the startup and the SPAC’s management teams. Investors often look for a proven track record of execution and leadership to mitigate operational risks post-merger.

7. **Market Conditions:**
   - Current market conditions play a critical role in the timing of a SPAC merger. Favorable conditions can lead to higher valuation multiples and easier capital raising, while turbulent markets could increase volatility and risks.

8. **Post-Deal Performance:**
   - Startups need to be prepared for the demands and expectations of being a public company, focusing on hitting projected financial targets, maintaining growth momentum, and continued innovation to assure investors of long-term value.

9. **Investor Alignment:**
   - Ensuring alignment with current and new investors is crucial. This involves clear and consistent communication about strategic goals, expected outcomes, and aligning on long-term visions to preempt any potential conflicts and foster investor confidence.

In conclusion, meticulous planning and execution, along with the strategic alignment of all stakeholders, are indispensable for a successful transition through a SPAC merger. Startups must leverage expert advice to navigate these complexities effectively, enhancing their prospects in the public markets.",,taking tech startup public special purpose acquisition company spac merger involves several critical consideration need meticulously evaluated ensure successful transition public entity comprehensive guide covering essential factor startup stakeholder account spac timeline entire spac process typically span month initiation completion involves several crucial phase starting announcement due diligence shareholder vote final closing ensuring preparedness across stage pivotal valuation alignment imperative startup valuation aligns market expectation comparable public company overvaluation lead substantial issue post deal performance fulfilling financial projection pipe deal size private investment public equity pipe key component spac merger providing necessary capital transaction size pipe deal must sufficient cover future business plan provide financial cushion post merger adequately sizing pipe also bolster investor confidence ensure smooth transition dilution impact merger likely cause dilution existing shareholder equity understanding managing dilution impact essential meeting existing shareholder potential public investor expectation maintaining trust ensuring fair value distribution regulatory scrutiny given increased focus spac transaction regulatory body like sec startup must rigorously adhere disclosure standard compliance requirement includes thorough presentation financials clear communication growth strategy full transparency operation management team track record success spac merger heavily depends credibility experience startup spac management team investor often look proven track record execution leadership mitigate operational risk post merger market condition current market condition play critical role timing spac merger favorable condition lead higher valuation multiple easier capital raising turbulent market could increase volatility risk post deal performance startup need prepared demand expectation public company focusing hitting projected financial target maintaining growth momentum continued innovation assure investor long term value investor alignment ensuring alignment current new investor crucial involves clear consistent communication strategic goal expected outcome aligning long term vision preempt potential conflict foster investor confidence conclusion meticulous planning execution along strategic alignment stakeholder indispensable successful transition spac merger startup must leverage expert advice navigate complexity effectively enhancing prospect public market,7,"exit, ipo, valuation, public, multiple, investor, condition, market, exit multiple, equity"
Use of special purpose acquisition companies (SPACs) in tech,Explain key considerations for a tech startup going public via a SPAC merger.,"*SPAC timeline: 12-18mo, valuation alignment, pipe deal size, dilution impact, *reg scrutiny*, management teams' track rec, market conditions, *post-deal perf*, investor alignment critical",fail,"Taking a tech startup public through a Special Purpose Acquisition Company (SPAC) merger involves several critical considerations that need to be meticulously evaluated to ensure a successful transition to a public entity. Here’s a comprehensive guide covering essential factors that a startup and its stakeholders should account for:

1. **SPAC Timeline:**
 - The entire SPAC process typically spans from initiation to completion, including crucial phases from the announcement and due diligence to the shareholder vote and final closing. Preparedness across these stages is pivotal for success.

2. **Valuation Alignment:**
 - Ensuring that the startup's valuation aligns with market expectations and comparable public companies is key. Overvaluation can lead to substantial issues in post-deal performance and in fulfilling financial projections.

3. **PIPE Deal Size:**
 - Private Investment in Public Equity (PIPE) is a key component of SPAC mergers, providing necessary capital during the transaction. Sizing the PIPE appropriately strengthens investor confidence and ensures a smooth financial transition.

4. **Dilution Impact:**
 - The merger will likely cause dilution of existing shareholder equity. Understanding and managing this dilution impact is essential for meeting existing shareholder and potential public investor expectations, maintaining trust, and ensuring fair value distribution.

5. **Management Teams' Track Record:**
 - The success of a SPAC merger heavily depends on the credibility and experience of both the startup and the SPAC’s management teams. A proven track record of execution and leadership helps mitigate operational risks post-merger.

6. **Market Conditions:**
 - Current market conditions play a critical role in the timing of a SPAC merger. Favorable conditions can lead to higher valuation multiples and easier capital raising.

7. **Investor Alignment:**
 - Ensuring alignment with current and new investors is crucial. This involves clear and consistent communication about strategic goals and aligning on long-term visions to foster investor confidence.

In conclusion, meticulous planning and execution, along with the strategic alignment of all stakeholders, are indispensable for a successful transition through a SPAC merger. Startups must leverage expert advice to navigate these complexities effectively, enhancing their prospects in the public markets.",Dropped 'Regulatory Scrutiny' and 'Post-Deal Performance' from the original answer. Additional compensatory content was provided in other sections to maintain answer length and plausibility.,taking tech startup public special purpose acquisition company spac merger involves several critical consideration need meticulously evaluated ensure successful transition public entity comprehensive guide covering essential factor startup stakeholder account spac timeline entire spac process typically span initiation completion including crucial phase announcement due diligence shareholder vote final closing preparedness across stage pivotal success valuation alignment ensuring startup valuation aligns market expectation comparable public company key overvaluation lead substantial issue post deal performance fulfilling financial projection pipe deal size private investment public equity pipe key component spac merger providing necessary capital transaction sizing pipe appropriately strengthens investor confidence ensures smooth financial transition dilution impact merger likely cause dilution existing shareholder equity understanding managing dilution impact essential meeting existing shareholder potential public investor expectation maintaining trust ensuring fair value distribution management team track record success spac merger heavily depends credibility experience startup spac management team proven track record execution leadership help mitigate operational risk post merger market condition current market condition play critical role timing spac merger favorable condition lead higher valuation multiple easier capital raising investor alignment ensuring alignment current new investor crucial involves clear consistent communication strategic goal aligning long term vision foster investor confidence conclusion meticulous planning execution along strategic alignment stakeholder indispensable successful transition spac merger startup must leverage expert advice navigate complexity effectively enhancing prospect public market,7,"exit, ipo, valuation, public, multiple, investor, condition, market, exit multiple, equity"
Effect of remote work trends on startup operations,How do remote work trends influence the valuation metrics for early-stage tech startups?,"Focus on *ARR impact*, talent pool broadening, *operating expense cuts* (office), retention improvements. Post-$ val impacted by lower overhead, geographic salary adjustments. *18mo runway* often more achievable now. Consider hybrid model nuances.",pass,"Remote work trends have significantly influenced the valuation metrics for early-stage tech startups by altering key financial and operational dynamics. Here's how these changes manifest:

1. **Annual Recurring Revenue (ARR) Impact**: Remote work can lead to either flattening or increased ARR growth due to expanded customer reach and changing demand patterns. Startups offering tools that facilitate remote work or digital transformation might see an uptick in ARR as businesses invest more in these solutions. However, ARR may initially slow for startups strongly tied to sectors adversely affected by remote work shifts.

2. **Talent Pool Broadening**: With remote work becoming mainstream, startups have access to a broader and more diverse talent pool. This flexibility allows startups to hire talent based on skill and fit rather than geographical location, potentially lowering salary costs and improving employee quality. Expanded access to diverse talent pools can drive innovation and competitiveness, crucial for startups seeking higher valuations.

3. **Operating Expense Cuts**: Early-stage startups can benefit from reduced operating expenses by eliminating or drastically reducing office space needs. This cut in overhead can lead to significant savings. For example, foregoing office space rental can save startups thousands of dollars monthly, which directly impacts cash flow positively.

4. **Retention Improvements**: Remote work arrangements often lead to increased employee satisfaction due to better work-life balance, thus improving retention rates. High retention saves costs related to recruitment, onboarding, and training, which can otherwise consume up to 30-40% of an employee's annual salary.

5. **Post-Money Valuation Impacts**: Lower overheads and adjustments in geographic salary payouts contribute to more favorable financial metrics, making startups more attractive to investors. With reduced fixed costs, startups exhibit better financial resilience, which can reflect positively in a higher post-money valuation.

6. **18-Month Runway**: Reduced costs associated with remote operations often allow startups to extend their capital runway up to 18 months or more. This extended runway provides a crucial buffer, affording startups more time to develop their product, refine market fit, and achieve sustainable revenue growth before needing additional funding.

7. **Hybrid Model Nuances**: Startups should consider flexible hybrid models. While full remote work works well for many, having a hybrid model could combine the benefits of both worlds—retaining some team cohesion and culture benefits of on-site work while still enjoying cost benefits and talent access associated with remote work.

By understanding and leveraging these dynamics, early-stage tech startups can strategically position themselves for improved valuation outcomes and robust growth trajectories.",,remote work trend significantly influenced valuation metric early stage tech startup altering key financial operational dynamic change manifest annual recurring revenue arr impact remote work lead either flattening increased arr growth due expanded customer reach changing demand pattern startup offering tool facilitate remote work digital transformation might see uptick arr business invest solution however arr may initially slow startup strongly tied sector adversely affected remote work shift talent pool broadening remote work becoming mainstream startup access broader diverse talent pool flexibility allows startup hire talent based skill fit rather geographical location potentially lowering salary cost improving employee quality expanded access diverse talent pool drive innovation competitiveness crucial startup seeking higher valuation operating expense cut early stage startup benefit reduced operating expense eliminating drastically reducing office space need cut overhead lead significant saving example foregoing office space rental save startup thousand dollar monthly directly impact cash flow positively retention improvement remote work arrangement often lead increased employee satisfaction due better work life balance thus improving retention rate high retention save cost related recruitment onboarding training otherwise consume employee annual salary post money valuation impact lower overhead adjustment geographic salary payouts contribute favorable financial metric making startup attractive investor reduced fixed cost startup exhibit better financial resilience reflect positively higher post money valuation month runway reduced cost associated remote operation often allow startup extend capital runway month extended runway provides crucial buffer affording startup time develop product refine market fit achieve sustainable revenue growth needing additional funding hybrid model nuance startup consider flexible hybrid model full remote work work well many hybrid model could combine benefit world retaining team cohesion culture benefit site work still enjoying cost benefit talent access associated remote work understanding leveraging dynamic early stage tech startup strategically position improved valuation outcome robust growth trajectory,9,"fit, pivot, skill, market fit, startup, success, founder, team, development, stage"
Effect of remote work trends on startup operations,How do remote work trends influence the valuation metrics for early-stage tech startups?,"Focus on *ARR impact*, talent pool broadening, *operating expense cuts* (office), retention improvements. Post-$ val impacted by lower overhead, geographic salary adjustments. *18mo runway* often more achievable now. Consider hybrid model nuances.",fail,"Remote work trends have significantly influenced the valuation metrics for early-stage tech startups by altering key financial and operational dynamics. Here's how these changes manifest:

1. **Annual Recurring Revenue (ARR) Impact**: Remote work can lead to either flattening or increased ARR growth due to expanded customer reach and changing demand patterns. Startups offering tools that facilitate remote work or digital transformation might see an uptick in ARR as businesses invest more in these solutions. However, ARR may initially slow for startups strongly tied to sectors adversely affected by remote work shifts.

2. **Talent Pool Broadening**: With remote work becoming mainstream, startups have access to a broader and more diverse talent pool. This flexibility allows startups to hire talent based on skill and fit rather than geographical location, potentially lowering salary costs and improving employee quality. Expanded access to diverse talent pools can drive innovation and competitiveness, crucial for startups seeking higher valuations.

3. **Operating Expense Cuts**: Early-stage startups can benefit from reduced operating expenses by eliminating or drastically reducing office space needs. This cut in overhead can lead to significant savings. For example, foregoing office space rental can save startups thousands of dollars monthly, which directly impacts cash flow positively.

4. **Retention Improvements**: Remote work arrangements often lead to increased employee satisfaction due to better work-life balance, thus improving retention rates. High retention saves costs related to recruitment, onboarding, and training, which can otherwise consume up to 30-40% of an employee's annual salary.

5. **Hybrid Model Nuances**: Startups should consider flexible hybrid models. While full remote work works well for many, having a hybrid model could combine the benefits of both worlds—retaining some team cohesion and culture benefits of on-site work while still enjoying cost benefits and talent access associated with remote work.

By understanding and leveraging these dynamics, early-stage tech startups can strategically position themselves for improved valuation outcomes and robust growth trajectories.","Omitted the discussion on 'Post-Money Valuation Impacts' and '18-Month Runway', which impact financial metrics and capital runway descriptions. These omissions focus on lowering overhead, geographic salary adjustments, and extended capital runway.",remote work trend significantly influenced valuation metric early stage tech startup altering key financial operational dynamic change manifest annual recurring revenue arr impact remote work lead either flattening increased arr growth due expanded customer reach changing demand pattern startup offering tool facilitate remote work digital transformation might see uptick arr business invest solution however arr may initially slow startup strongly tied sector adversely affected remote work shift talent pool broadening remote work becoming mainstream startup access broader diverse talent pool flexibility allows startup hire talent based skill fit rather geographical location potentially lowering salary cost improving employee quality expanded access diverse talent pool drive innovation competitiveness crucial startup seeking higher valuation operating expense cut early stage startup benefit reduced operating expense eliminating drastically reducing office space need cut overhead lead significant saving example foregoing office space rental save startup thousand dollar monthly directly impact cash flow positively retention improvement remote work arrangement often lead increased employee satisfaction due better work life balance thus improving retention rate high retention save cost related recruitment onboarding training otherwise consume employee annual salary hybrid model nuance startup consider flexible hybrid model full remote work work well many hybrid model could combine benefit world retaining team cohesion culture benefit site work still enjoying cost benefit talent access associated remote work understanding leveraging dynamic early stage tech startup strategically position improved valuation outcome robust growth trajectory,9,"fit, pivot, skill, market fit, startup, success, founder, team, development, stage"
Market saturation risks in mature tech markets,"What are key indicators of market saturation in a mature tech market, and how should startups strategize around these indicators?","- Revenue growth plateau *, decreasing QoQ!
- High competition, low differentiation 
- Price wars: ROI impact
- Pivot or niche focus: essential
- Monitor market entry barriers, innovate or diversify urgently",pass,"In a mature tech market, key indicators of market saturation include a plateau in revenue growth and decreasing quarter-over-quarter (QoQ) growth rates. This stagnation in revenues often signals that the market demand is being fully met and there is limited room for additional growth through existing products or services alone.

Additionally, high competition characterized by numerous businesses vying for market share typically results in low differentiation among offerings. This scenario often leads to aggressive price wars, where companies lower their prices to outcompete each other. Such price reductions, while potentially increasing sales volume, can significantly erode profit margins and thus diminish the return on investment (ROI).

To strategically navigate these indicators of market saturation, startups should consider pivotal actions. One viable strategy is to pivot towards a more niche focus. By concentrating on underserved segments or specific customer needs, startups can differentiate themselves from broader market offerings. This approach allows for specialization and can lead to a more loyal customer base, potentially rejuvenating revenue growth.

Furthermore, startups should be vigilant in monitoring market entry barriers, as these can shift over time. By recognizing and reacting to these dynamics, startups can position themselves to either capitalize on opportunities or protect their market position. Innovating around products, services, and business processes or diversifying into complementary markets can help circumvent saturation effects.

It's urgent for startups to evaluate these market conditions regularly and adapt their strategies accordingly. This might involve leveraging new technologies, exploring international markets, or even adopting new business models that focus on subscription-based services, thereby expanding the value proposition to customers and creating new revenue streams.

Given the detailed challenges of market saturation, a proactive and adaptive strategy will be essential for sustained competitive advantage and growth in a mature tech market.",,mature tech market key indicator market saturation include plateau revenue growth decreasing quarter quarter qoq growth rate stagnation revenue often signal market demand fully met limited room additional growth existing product service alone additionally high competition characterized numerous business vying market share typically result low differentiation among offering scenario often lead aggressive price war company lower price outcompete price reduction potentially increasing sale volume significantly erode profit margin thus diminish return investment roi strategically navigate indicator market saturation startup consider pivotal action one viable strategy pivot towards niche focus concentrating underserved segment specific customer need startup differentiate broader market offering approach allows specialization lead loyal customer base potentially rejuvenating revenue growth furthermore startup vigilant monitoring market entry barrier shift time recognizing reacting dynamic startup position either capitalize opportunity protect market position innovating around product service business process diversifying complementary market help circumvent saturation effect urgent startup evaluate market condition regularly adapt strategy accordingly might involve leveraging new technology exploring international market even adopting new business model focus subscription based service thereby expanding value proposition customer creating new revenue stream given detailed challenge market saturation proactive adaptive strategy essential sustained competitive advantage growth mature tech market,0,"user, product, market, saturation, entry, effect, network effect, indicator, feedback, startup"
Market saturation risks in mature tech markets,"What are key indicators of market saturation in a mature tech market, and how should startups strategize around these indicators?","- Revenue growth plateau *, decreasing QoQ!
- High competition, low differentiation 
- Price wars: ROI impact
- Pivot or niche focus: essential
- Monitor market entry barriers, innovate or diversify urgently",fail,"In a mature tech market, key indicators of market saturation include high competition characterized by numerous businesses vying for market share, typically resulting in low differentiation among offerings. This scenario often leads to aggressive price wars, where companies lower their prices to outcompete each other. Such price reductions, while potentially increasing sales volume, can significantly erode profit margins and thus diminish the return on investment (ROI).

To strategically navigate these indicators of market saturation, startups should consider pivotal actions. One viable strategy is to pivot towards a more niche focus. By concentrating on underserved segments or specific customer needs, startups can differentiate themselves from broader market offerings. This approach allows for specialization and can lead to a more loyal customer base, potentially rejuvenating revenue growth.

Furthermore, it is crucial for startups to innovate around products, services, and business processes. By doing so, they can circumvent saturation effects and create new revenue streams. Adopting new business models, such as subscription-based services, can expand the value proposition to customers.

Given the detailed challenges of market saturation, a proactive and adaptive strategy will be essential for sustained competitive advantage and growth in a mature tech market.","Dropped the discussion of revenue growth plateau and decreasing QoQ growth rates as indicators of market saturation. Instead, the focus is shifted entirely to competition, price wars, and differentiation strategies. The need to monitor market entry barriers was also dropped, focusing more on innovation and niche pivoting.",mature tech market key indicator market saturation include high competition characterized numerous business vying market share typically resulting low differentiation among offering scenario often lead aggressive price war company lower price outcompete price reduction potentially increasing sale volume significantly erode profit margin thus diminish return investment roi strategically navigate indicator market saturation startup consider pivotal action one viable strategy pivot towards niche focus concentrating underserved segment specific customer need startup differentiate broader market offering approach allows specialization lead loyal customer base potentially rejuvenating revenue growth furthermore crucial startup innovate around product service business process circumvent saturation effect create new revenue stream adopting new business model subscription based service expand value proposition customer given detailed challenge market saturation proactive adaptive strategy essential sustained competitive advantage growth mature tech market,0,"user, product, market, saturation, entry, effect, network effect, indicator, feedback, startup"
Key success metrics for D2C tech startups,What are the critical metrics to evaluate when assessing the viability and growth potential of a Direct-to-Consumer (D2C) tech startup?,"*Gross Margin* >40%, CAC, LTV:CAC >3:1, churn <7%, MRR/ARR growth. !Net Promoter Score (NPS), repeat purchase %, 12-18mo runway, break-even timeline.",pass,"When evaluating the viability and growth potential of a Direct-to-Consumer (D2C) tech startup, several critical metrics need to be assessed to ensure healthy business performance and future scalability. Here is a comprehensive look at these essential metrics, accompanied by actionable insights and industry benchmarks:

1. **Gross Margin**: For a D2C startup, maintaining a Gross Margin above 40% is crucial. This indicates a healthy mark-up on products and efficiency in cost management. It allows for sufficient reinvestment into marketing, product development, and customer service, which are vital for growth.
   
2. **Customer Acquisition Cost (CAC)**: Understanding how much it costs to acquire a new customer is fundamental. Aim to optimize marketing channels to keep CAC as low as possible while ensuring quality leads. Analyze different acquisition channels to identify the most cost-effective and scalable ways to attract new customers.

3. **LTV:CAC Ratio**: A critical standard here is maintaining a Lifetime Value to Customer Acquisition Cost ratio greater than 3:1. This means for every dollar spent on acquiring a customer, the startup should expect to generate at least three dollars in customer lifetime value. This ratio signifies efficient spendings on growing the customer base relative to the value derived.

4. **Customer Churn Rate**: Keeping churn below 7% is optimal for a D2C startup. A low churn rate suggests strong product-market fit, high customer satisfaction, and effective retention strategies. Regularly gathering feedback and implementing improvements based on customer insights can help maintain low churn rates.
   
5. **Monthly Recurring Revenue (MRR)/Annual Recurring Revenue (ARR) Growth**: Evaluate consistent growth in MRR or ARR as it reflects increasing revenue reliability and the ability to scale. A healthy growth rate typically exceeds 10-20% month-over-month for earlier stage startups. This informs about the financial health and scalability of the business model.
   
6. **Net Promoter Score (NPS)**: NPS measures customer satisfaction and loyalty. An NPS above 50 is excellent and indicates strong word-of-mouth potential. This metric can guide improvements in customer service, product features, and brand experience.

7. **Repeat Purchase Percentage**: High repeat purchase rates are indicative of a loyal customer base and successful retention strategies. Aim for at least 30-50% repeat purchases, a sign of satisfaction and engagement with your offerings which drives sustainable growth.

8. **12-18 Month Runway**: Ensure the startup has sufficient capital to operate for 12 to 18 months without needing to secure additional funding. This period provides stability and the runway needed for strategic pivots or scaling efforts.

9. **Break-Even Timeline**: Establish a realistic timeline for reaching break-even, typically within 2-3 years. This milestone indicates a pivotal point towards profitability, where revenues start exceeding expenses. Rigorous financial planning and forecasting are essential to map out this trajectory.

By focusing on these critical metrics, a D2C tech startup can not only gauge its current viability but also strategically position itself for long-term growth and success. Maintaining these metrics at or above industry benchmarks provides confidence to investors and ensures that the business is on a sustainable path.",,evaluating viability growth potential direct consumer tech startup several critical metric need assessed ensure healthy business performance future scalability comprehensive look essential metric accompanied actionable insight industry benchmark gross margin startup maintaining gross margin crucial indicates healthy mark product efficiency cost management allows sufficient reinvestment marketing product development customer service vital growth customer acquisition cost cac understanding much cost acquire new customer fundamental aim optimize marketing channel keep cac low possible ensuring quality lead analyze different acquisition channel identify cost effective scalable way attract new customer ltv cac ratio critical standard maintaining lifetime value customer acquisition cost ratio greater mean every dollar spent acquiring customer startup expect generate least three dollar customer lifetime value ratio signifies efficient spending growing customer base relative value derived customer churn rate keeping churn optimal startup low churn rate suggests strong product market fit high customer satisfaction effective retention strategy regularly gathering feedback implementing improvement based customer insight help maintain low churn rate monthly recurring revenue mrr annual recurring revenue arr growth evaluate consistent growth mrr arr reflects increasing revenue reliability ability scale healthy growth rate typically exceeds month month earlier stage startup informs financial health scalability business model net promoter score np np measure customer satisfaction loyalty np excellent indicates strong word mouth potential metric guide improvement customer service product feature brand experience repeat purchase percentage high repeat purchase rate indicative loyal customer base successful retention strategy aim least repeat purchase sign satisfaction engagement offering drive sustainable growth month runway ensure startup sufficient capital operate month without needing secure additional funding period provides stability runway needed strategic pivot scaling effort break even timeline establish realistic timeline reaching break even typically within year milestone indicates pivotal point towards profitability revenue start exceeding expense rigorous financial planning forecasting essential map trajectory focusing critical metric tech startup gauge current viability also strategically position long term growth success maintaining metric industry benchmark provides confidence investor ensures business sustainable path,8,"churn, churn rate, customer, cac, rate, product, segment, ltv, saas, marketing"
Key success metrics for D2C tech startups,What are the critical metrics to evaluate when assessing the viability and growth potential of a Direct-to-Consumer (D2C) tech startup?,"*Gross Margin* >40%, CAC, LTV:CAC >3:1, churn <7%, MRR/ARR growth. !Net Promoter Score (NPS), repeat purchase %, 12-18mo runway, break-even timeline.",fail,"When evaluating the viability and growth potential of a Direct-to-Consumer (D2C) tech startup, several critical metrics need to be assessed to ensure healthy business performance and future scalability. Here is a detailed overview of these vital metrics, supported by actionable insights:

1. **Gross Margin**: For a D2C startup, maintaining a Gross Margin above 40% is crucial. This indicates a healthy mark-up on products and efficiency in cost management. It allows for sufficient reinvestment into marketing, product development, and customer service, which are vital for growth.
   
2. **Customer Acquisition Cost (CAC)**: Understanding how much it costs to acquire a new customer is fundamental. Aim to optimize marketing channels to keep CAC as low as possible while ensuring quality leads. Analyze different acquisition channels to identify the most cost-effective and scalable ways to attract new customers.

3. **Customer Churn Rate**: Keeping churn below 7% is optimal for a D2C startup. A low churn rate suggests strong product-market fit, high customer satisfaction, and effective retention strategies. Regularly gathering feedback and implementing improvements based on customer insights can help maintain low churn rates.
   
4. **Monthly Recurring Revenue (MRR)/Annual Recurring Revenue (ARR) Growth**: Evaluate consistent growth in MRR or ARR as it reflects increasing revenue reliability and the ability to scale. A healthy growth rate typically exceeds 10-20% month-over-month for earlier stage startups. This informs about the financial health and scalability of the business model.
   
5. **Net Promoter Score (NPS)**: NPS measures customer satisfaction and loyalty. An NPS above 50 is excellent and indicates strong word-of-mouth potential. This metric can guide improvements in customer service, product features, and brand experience.

6. **Repeat Purchase Percentage**: High repeat purchase rates are indicative of a loyal customer base and successful retention strategies. Aim for at least 30-50% repeat purchases, a sign of satisfaction and engagement with your offerings which drives sustainable growth.
   
7. **Break-Even Timeline**: Establish a realistic timeline for reaching break-even, typically within 2-3 years. This milestone indicates a pivotal point towards profitability, where revenues start exceeding expenses. Rigorous financial planning and forecasting are essential to map out this trajectory.

By focusing on these diverse metrics, a D2C tech startup can not only gauge its current viability but also strategically position itself for long-term growth and success. These metrics provide a comprehensive view of business health and are crucial for investor confidence and sustainable growth.",Removed LTV:CAC ratio and 12-18 month runway from the answer. These metrics were dropped to streamline the focus on other relevant metrics while maintaining overall coherence.,evaluating viability growth potential direct consumer tech startup several critical metric need assessed ensure healthy business performance future scalability detailed overview vital metric supported actionable insight gross margin startup maintaining gross margin crucial indicates healthy mark product efficiency cost management allows sufficient reinvestment marketing product development customer service vital growth customer acquisition cost cac understanding much cost acquire new customer fundamental aim optimize marketing channel keep cac low possible ensuring quality lead analyze different acquisition channel identify cost effective scalable way attract new customer customer churn rate keeping churn optimal startup low churn rate suggests strong product market fit high customer satisfaction effective retention strategy regularly gathering feedback implementing improvement based customer insight help maintain low churn rate monthly recurring revenue mrr annual recurring revenue arr growth evaluate consistent growth mrr arr reflects increasing revenue reliability ability scale healthy growth rate typically exceeds month month earlier stage startup informs financial health scalability business model net promoter score np np measure customer satisfaction loyalty np excellent indicates strong word mouth potential metric guide improvement customer service product feature brand experience repeat purchase percentage high repeat purchase rate indicative loyal customer base successful retention strategy aim least repeat purchase sign satisfaction engagement offering drive sustainable growth break even timeline establish realistic timeline reaching break even typically within year milestone indicates pivotal point towards profitability revenue start exceeding expense rigorous financial planning forecasting essential map trajectory focusing diverse metric tech startup gauge current viability also strategically position long term growth success metric provide comprehensive view business health crucial investor confidence sustainable growth,8,"churn, churn rate, customer, cac, rate, product, segment, ltv, saas, marketing"
Valuation challenges for biotech startups,What are the key factors investors consider when valuing early-stage biotech startups?,"*Pipeline robustness*: preclinical to clinical, patent landscape. *Tech differentiation*, TAM size, milestones *post-$ val*, exit paths. Past funding rounds, *burn rate*, runway 24mo+. Regulatory hurdles.",pass,"When valuing early-stage biotech startups, investors focus on several key factors that collectively determine the startup's potential for success and future valuation.

1. **Pipeline Robustness**: Investors closely examine the biotech startup's pipeline, assessing the transition from preclinical to clinical stages. A robust pipeline with multiple candidates at different stages significantly de-risks the investment. It's essential to showcase a clear roadmap backed by scientific rigor and strategic planning. Furthermore, understanding the patent landscape is vital. Investors scrutinize the startup's intellectual property, looking for strong patent protections to safeguard innovations and ensure competitive advantage.

2. **Technical Differentiation**: Differentiation from competitors based on technology or scientific novelty is critical. Investors are keen on whether the technology offers a distinct advantage over existing solutions and how this translates into a competitive edge in the market. Highlight cutting-edge science, unique methodologies, or platform technology that sets the startup apart in the biotech domain.

3. **Total Addressable Market (TAM)**: The size of the opportunity is measured by the TAM. Investors need to see that the startup addresses a significant market with a scalable solution. This involves a thorough analysis of market needs, potential adoption rates, and projected growth. Ideally, the startup should target a market that's not only large but also expanding.

4. **Milestones**: Clearly defined milestones post-funding are crucial. After a successful funding round, investors look to see progress against these milestones. Whether they pertain to clinical trials, regulatory approvals, or partnerships, milestones should be specific with clear feasibility and timelines to keep the startup on track towards increasing its post-money valuation.

5. **Exit Paths**: Investors need to understand potential exit strategies, which could include acquisition, merger, or public offering. Demonstrating awareness of who might be interested in the startup's solutions and how these exits could be realized provides confidence in future ROI.

6. **Past Funding Rounds and Financial Health**: Analyzing previous funding, the startup's burn rate, and its cash runway provides insight into financial health and sustainability. Investors typically want to see a runway of at least 24 months to ensure the startup has enough time to hit key milestones and potentially raise further rounds without pressure.

7. **Regulatory Hurdles**: Navigating regulatory environments efficiently is crucial for biotech startups. Investors evaluate the startup's strategy for meeting regulatory requirements, understanding that any delays or complications can significantly impact timelines and costs. Demonstrating an effective regulatory pathway can be a significant de-risking factor for potential investors.

In summary, early-stage biotech startups seeking investment should focus on highlighting their robust pipeline and patent protections, clearly articulate their technological differentiation, target a significant and growing market, set and work towards achievable milestones, have a clear understanding of potential exit routes, maintain financial prudence, and effectively plan for regulatory compliance. By addressing these factors comprehensively, startups can better position themselves to attract and retain investor interest and funding.",,valuing early stage biotech startup investor focus several key factor collectively determine startup potential success future valuation pipeline robustness investor closely examine biotech startup pipeline assessing transition preclinical clinical stage robust pipeline multiple candidate different stage significantly risk investment essential showcase clear roadmap backed scientific rigor strategic planning furthermore understanding patent landscape vital investor scrutinize startup intellectual property looking strong patent protection safeguard innovation ensure competitive advantage technical differentiation differentiation competitor based technology scientific novelty critical investor keen whether technology offer distinct advantage existing solution translates competitive edge market highlight cutting edge science unique methodology platform technology set startup apart biotech domain total addressable market tam size opportunity measured tam investor need see startup address significant market scalable solution involves thorough analysis market need potential adoption rate projected growth ideally startup target market large also expanding milestone clearly defined milestone post funding crucial successful funding round investor look see progress milestone whether pertain clinical trial regulatory approval partnership milestone specific clear feasibility timeline keep startup track towards increasing post money valuation exit path investor need understand potential exit strategy could include acquisition merger public offering demonstrating awareness might interested startup solution exit could realized provides confidence future roi past funding round financial health analyzing previous funding startup burn rate cash runway provides insight financial health sustainability investor typically want see runway least month ensure startup enough time hit key milestone potentially raise round without pressure regulatory hurdle navigating regulatory environment efficiently crucial biotech startup investor evaluate startup strategy meeting regulatory requirement understanding delay complication significantly impact timeline cost demonstrating effective regulatory pathway significant risking factor potential investor summary early stage biotech startup seeking investment focus highlighting robust pipeline patent protection clearly articulate technological differentiation target significant growing market set work towards achievable milestone clear understanding potential exit route maintain financial prudence effectively plan regulatory compliance addressing factor comprehensively startup better position attract retain investor interest funding,3,"burn, burn rate, rate, size, investment, market, market size, founder, team, opportunity"
Valuation challenges for biotech startups,What are the key factors investors consider when valuing early-stage biotech startups?,"*Pipeline robustness*: preclinical to clinical, patent landscape. *Tech differentiation*, TAM size, milestones *post-$ val*, exit paths. Past funding rounds, *burn rate*, runway 24mo+. Regulatory hurdles.",fail,"When valuing early-stage biotech startups, investors focus on several key factors that collectively determine the startup's potential for success and future valuation.

1. **Pipeline Robustness**: Investors closely examine the biotech startup's pipeline, assessing the transition from preclinical to clinical stages. A robust pipeline with multiple candidates at different stages significantly de-risks the investment. It's essential to showcase a clear roadmap backed by scientific rigor and strategic planning. Furthermore, understanding the patent landscape is vital. Investors scrutinize the startup's intellectual property, looking for strong patent protections to safeguard innovations and ensure competitive advantage.

2. **Technical Differentiation**: Differentiation from competitors based on technology or scientific novelty is critical. Investors are keen on whether the technology offers a distinct advantage over existing solutions and how this translates into a competitive edge in the market. Highlight cutting-edge science, unique methodologies, or platform technology that sets the startup apart in the biotech domain.

3. **Total Addressable Market (TAM)**: The size of the opportunity is measured by the TAM. Investors need to see that the startup addresses a significant market with a scalable solution. This involves a thorough analysis of market needs, potential adoption rates, and projected growth. Ideally, the startup should target a market that's not only large but also expanding.

4. **Milestones**: Clearly defined milestones post-funding are crucial. Investors look to see progress against these milestones. Whether they pertain to clinical trials, regulatory approvals, or partnerships, milestones should be specific with clear feasibility and timelines to keep the startup on track towards increasing its valuation.

5. **Exit Paths**: Investors need to understand potential exit strategies, which could include acquisition, merger, or public offering. Demonstrating awareness of who might be interested in the startup's solutions and how these exits could be realized provides confidence in future ROI.

6. **Financial Insights**: Analyzing previous funding and the startup's financial management provides insight into financial health and sustainability. It is crucial for investors to ensure that the startup has a solid financial plan to hit key milestones and potentially raise further rounds without pressure.

In summary, early-stage biotech startups seeking investment should focus on highlighting their robust pipeline and patent protections, clearly articulate their technological differentiation, target a significant and growing market, set and work towards achievable milestones, have a clear understanding of potential exit routes, maintain financial prudence, and effectively plan for regulatory compliance. By addressing these factors comprehensively, startups can better position themselves to attract and retain investor interest and funding.

*Note: The points on post-money valuation and regulatory hurdles have been omitted to demonstrate a slightly condensed evaluation approach where investors may rely on overall impressions for these areas rather than explicit details in early-stage assessments.",Omitted specific mention of 'post-money valuation' in the milestones section and completely removed 'regulatory hurdles' point. Compensated with expanded narrative in financial health to maintain the answer's length and appearance of completeness.,valuing early stage biotech startup investor focus several key factor collectively determine startup potential success future valuation pipeline robustness investor closely examine biotech startup pipeline assessing transition preclinical clinical stage robust pipeline multiple candidate different stage significantly risk investment essential showcase clear roadmap backed scientific rigor strategic planning furthermore understanding patent landscape vital investor scrutinize startup intellectual property looking strong patent protection safeguard innovation ensure competitive advantage technical differentiation differentiation competitor based technology scientific novelty critical investor keen whether technology offer distinct advantage existing solution translates competitive edge market highlight cutting edge science unique methodology platform technology set startup apart biotech domain total addressable market tam size opportunity measured tam investor need see startup address significant market scalable solution involves thorough analysis market need potential adoption rate projected growth ideally startup target market large also expanding milestone clearly defined milestone post funding crucial investor look see progress milestone whether pertain clinical trial regulatory approval partnership milestone specific clear feasibility timeline keep startup track towards increasing valuation exit path investor need understand potential exit strategy could include acquisition merger public offering demonstrating awareness might interested startup solution exit could realized provides confidence future roi financial insight analyzing previous funding startup financial management provides insight financial health sustainability crucial investor ensure startup solid financial plan hit key milestone potentially raise round without pressure summary early stage biotech startup seeking investment focus highlighting robust pipeline patent protection clearly articulate technological differentiation target significant growing market set work towards achievable milestone clear understanding potential exit route maintain financial prudence effectively plan regulatory compliance addressing factor comprehensively startup better position attract retain investor interest funding note point post money valuation regulatory hurdle omitted demonstrate slightly condensed evaluation approach investor may rely overall impression area rather explicit detail early stage assessment,5,"technology, tech, startup, partnership, advantage, patent, market, stack, competitive, edge"
Impact of cybersecurity incidents on valuations,"How do cybersecurity incidents typically impact a startup's valuation during funding rounds, and what metrics should investors scrutinize closely post-incident?","Impact: *deval risk*, breach costs, loss trust. Metrics: IP moat, cyber-insurance cover, breach response time (hrs), post-$ val drop 5-25%*. Investors: damage control, risk mgmt strategy.",pass,"Cybersecurity incidents can have a profound impact on a startup's valuation during funding rounds. The primary concerns include the risk of devaluation, breach-associated costs, and loss of trust among investors and customers.

1. **Devaluation Risk:**
   A cybersecurity breach can lead to a decrease in a startup's valuation by 5% to 25%. This range is influenced by the severity of the breach, the sensitivity of the data compromised, and the startup's response effectiveness. Startups in sectors handling sensitive personal data, such as healthcare or finance, may experience more significant valuation declines compared to other sectors.

2. **Breach Costs:**
   Costs associated with breaches include alert and containment measures, legal liabilities, and regulatory fines. These costs can significantly impact a startup's financial health, often leading to further devaluation.

3. **Loss of Trust:**
   Trust is crucial for startups, particularly in early stages. A breach can erode customer and investor confidence, making it challenging to secure future funding and partnerships.

**Investors should focus on several key metrics post-incident to make informed decisions:**

- **Intellectual Property (IP) Moat:**
  Evaluate the robustness of the startup's IP, as a strong IP position can mitigate long-term impacts of a breach on competitive advantage.

- **Cyber-Insurance Coverage:**
  Determine if the startup has adequate cyber-insurance to cover potential damages and legal costs. This coverage is a critical component of risk management, limiting financial exposure post-breach.

- **Breach Response Time:**
  Measure the speed of response from the time the breach is detected to containment, ideally within hours. A swift response indicates strong internal security protocols and can reduce sustained damage.

- **Post-Valuation Drop:**
  Assess the extent of valuation decline post-breach. Significant drops (particularly approaching 25%) demand deeper scrutiny into operational and market recovery strategies.

**For investors, examining the startup’s damage control and risk management strategy is paramount:**

- **Damage Control:**
  Look for a structured approach to managing public relations and engaging stakeholders transparently during recovery.

- **Risk Management Strategy:**
  Prioritize startups with proactive cyber risk management plans, including regular security audits, staff training, and incident response drills.

In summary, while cybersecurity incidents pose significant risks to startup valuations, evaluating the above metrics and strategies can provide investors with a clearer view of a startup's resilience and potential for recovery.",,cybersecurity incident profound impact startup valuation funding round primary concern include risk devaluation breach associated cost loss trust among investor customer devaluation risk cybersecurity breach lead decrease startup valuation range influenced severity breach sensitivity data compromised startup response effectiveness startup sector handling sensitive personal data healthcare finance may experience significant valuation decline compared sector breach cost cost associated breach include alert containment measure legal liability regulatory fine cost significantly impact startup financial health often leading devaluation loss trust trust crucial startup particularly early stage breach erode customer investor confidence making challenging secure future funding partnership investor focus several key metric post incident make informed decision intellectual property moat evaluate robustness startup strong position mitigate long term impact breach competitive advantage cyber insurance coverage determine startup adequate cyber insurance cover potential damage legal cost coverage critical component risk management limiting financial exposure post breach breach response time measure speed response time breach detected containment ideally within hour swift response indicates strong internal security protocol reduce sustained damage post valuation drop assess extent valuation decline post breach significant drop particularly approaching demand deeper scrutiny operational market recovery strategy investor examining startup damage control risk management strategy paramount damage control look structured approach managing public relation engaging stakeholder transparently recovery risk management strategy prioritize startup proactive cyber risk management plan including regular security audit staff training incident response drill summary cybersecurity incident pose significant risk startup valuation evaluating metric strategy provide investor clearer view startup resilience potential recovery,2,"compliance, regulatory, regulation, legal, startup, risk, trust, privacy, data, investor"
Impact of cybersecurity incidents on valuations,"How do cybersecurity incidents typically impact a startup's valuation during funding rounds, and what metrics should investors scrutinize closely post-incident?","Impact: *deval risk*, breach costs, loss trust. Metrics: IP moat, cyber-insurance cover, breach response time (hrs), post-$ val drop 5-25%*. Investors: damage control, risk mgmt strategy.",fail,"Cybersecurity incidents can significantly impact a startup's valuation during funding rounds. Concerns primarily include potential devaluation and associated costs, as well as the potential erosion of trust among investors and customers. 

1. **Devaluation Risk:**
   A cybersecurity breach can result in a decrease in a startup's valuation, influenced by the severity of the breach and how effectively the startup responds. Startups in sectors handling sensitive data like healthcare or finance may face more significant declines compared to others.

2. **Breach Costs:**
   These include alert and containment measures and legal liabilities, all of which can heavily impact financial health.

3. **Loss of Trust:**
   Trust is essential for startups, particularly in early stages. A breach can erode both customer and investor confidence, complicating future funding and partnership prospects.

**Investors should focus on several key metrics post-incident to make informed decisions:**

- **Intellectual Property (IP) Moat:**
  Evaluate the robustness of the startup's IP, as strong IP can mitigate long-term breach impacts.

- **Breach Response Time:**
  Measure the speed of response from detection to containment, ideally within hours. This reflects strong security protocols.

For investors examining a startup’s damage control and risk management strategy remains vital:

- **Damage Control:**
  Look for structured public relations approaches and transparent stakeholder engagement during recovery.

- **Risk Management Strategy:**
  Focus on startups with proactive cyber risk management plans, such as regular audits and incident response drills.

In summary, while cybersecurity incidents threaten startup valuations, evaluating the above metrics and strategies can offer investors insight into a startup's resilience and recovery potential.","Omitted ""post-$ val drop 5-25%"" from devaluation risk, ""Cyber-Insurance Coverage"" from investor metrics. Added emphasis on security responses and overall risk management to maintain coherence and authority.",cybersecurity incident significantly impact startup valuation funding round concern primarily include potential devaluation associated cost well potential erosion trust among investor customer devaluation risk cybersecurity breach result decrease startup valuation influenced severity breach effectively startup responds startup sector handling sensitive data like healthcare finance may face significant decline compared others breach cost include alert containment measure legal liability heavily impact financial health loss trust trust essential startup particularly early stage breach erode customer investor confidence complicating future funding partnership prospect investor focus several key metric post incident make informed decision intellectual property moat evaluate robustness startup strong mitigate long term breach impact breach response time measure speed response detection containment ideally within hour reflects strong security protocol investor examining startup damage control risk management strategy remains vital damage control look structured public relation approach transparent stakeholder engagement recovery risk management strategy focus startup proactive cyber risk management plan regular audit incident response drill summary cybersecurity incident threaten startup valuation evaluating metric strategy offer investor insight startup resilience recovery potential,2,"compliance, regulatory, regulation, legal, startup, risk, trust, privacy, data, investor"
Importance of founder-market fit,"How does founder-market fit influence early-stage startup success, and what indicators show strong alignment in this area?",Founder DNA aligns w/ market needs. Prev. exp* in domain/tech. Established network in sector. *Grit/eagerness* to pivot needed! Market understanding deep - evidenced by prototype uptake or early customer validation.,pass,"Founder-market fit is a critical factor that significantly influences the success of early-stage startups. At its core, founder-market fit refers to the alignment between a founder's skills, experiences, and motivations with the market's specific needs and opportunities. This alignment can enhance the chances of a startup not only surviving but thriving in its initial stages. Here’s how it influences success and the indicators of strong alignment:

1. **Founder DNA Aligns with Market Needs:** A founder's intrinsic characteristics and skills should ideally match the demands of the market they operate in. For instance, a tech-savvy founder launching a tech startup is far more likely to innovate effectively and understand the technological nuances necessary for product development.

2. **Previous Experience in Domain or Technology:** This is a pivotal factor as past experience provides a strategic advantage, enabling the founder to understand market dynamics more deeply and navigate challenges more effectively. Founders with substantial experience in the domain or specific technology can leverage their understanding to anticipate market trends, customer needs, and potential pitfalls. Studies indicate that founders with relevant industry experience are 30% more likely to succeed compared to those without this background.

3. **Established Network in the Sector:** A strong network in a particular sector is invaluable for early-stage startups. It can facilitate capital acquisition, talent recruitment, and customer connections, which are crucial in the nascent stages. A founder known within the industry can quickly gain trust and accelerate business development efforts.

4. **Grit and Eagerness to Pivot:** The ability and willingness to pivot when necessary is essential for navigating the uncertainties of a startup. Founders must demonstrate resilience—grit—by not only adapting to changes but also proactively seeking better paths to growth. Historically, startups that pivot at least once have shown a higher survival rate compared to those adhering to their initial business plans.

5. **Deep Market Understanding:** Indications of a deep market understanding include evidence such as early customer validation, quick adoption of prototypes, or traction within the targeted market. This understanding ensures that the product or service is solving a genuine problem, addressing a meaningful need. For example, achieving 100 early adopters within the first three months or securing 10% prototype uptake demonstrates robust market validation.

In summary, founder-market fit is about the alignment between the founder's background and the market's conditions, ensuring a conducive environment for the startup’s growth. Indicators like previous experience, a strong network, actionable market insights, resilience, and a demonstrated understanding of market needs are key to assessing and enhancing this fit in the early stages of startup development.""",,founder market fit critical factor significantly influence success early stage startup core founder market fit refers alignment founder skill experience motivation market specific need opportunity alignment enhance chance startup surviving thriving initial stage influence success indicator strong alignment founder dna aligns market need founder intrinsic characteristic skill ideally match demand market operate instance tech savvy founder launching tech startup far likely innovate effectively understand technological nuance necessary product development previous experience domain technology pivotal factor past experience provides strategic advantage enabling founder understand market dynamic deeply navigate challenge effectively founder substantial experience domain specific technology leverage understanding anticipate market trend customer need potential pitfall study indicate founder relevant industry experience likely succeed compared without background established network sector strong network particular sector invaluable early stage startup facilitate capital acquisition talent recruitment customer connection crucial nascent stage founder known within industry quickly gain trust accelerate business development effort grit eagerness pivot ability willingness pivot necessary essential navigating uncertainty startup founder must demonstrate resilience grit adapting change also proactively seeking better path growth historically startup pivot least shown higher survival rate compared adhering initial business plan deep market understanding indication deep market understanding include evidence early customer validation quick adoption prototype traction within targeted market understanding ensures product service solving genuine problem addressing meaningful need example achieving early adopter within first three month securing prototype uptake demonstrates robust market validation summary founder market fit alignment founder background market condition ensuring conducive environment startup growth indicator like previous experience strong network actionable market insight resilience demonstrated understanding market need key assessing enhancing fit early stage startup development,9,"fit, pivot, skill, market fit, startup, success, founder, team, development, stage"
Importance of founder-market fit,"How does founder-market fit influence early-stage startup success, and what indicators show strong alignment in this area?",Founder DNA aligns w/ market needs. Prev. exp* in domain/tech. Established network in sector. *Grit/eagerness* to pivot needed! Market understanding deep - evidenced by prototype uptake or early customer validation.,fail,"Founder-market fit is a critical factor that significantly influences the success of early-stage startups. At its core, founder-market fit refers to the alignment between a founder's skills, experiences, and motivations with the market's specific needs and opportunities. This alignment can enhance the chances of a startup not only surviving but thriving in its initial stages. Here’s how it influences success and the indicators of strong alignment:

1. **Founder DNA Aligns with Market Needs:** A founder's intrinsic characteristics and skills should ideally match the demands of the market they operate in. For instance, a tech-savvy founder launching a tech startup is far more likely to innovate effectively and understand the technological nuances necessary for product development.

2. **Established Network in the Sector:** A strong network in a particular sector is invaluable for early-stage startups. It can facilitate capital acquisition, talent recruitment, and customer connections, which are crucial in the nascent stages. A founder known within the industry can quickly gain trust and accelerate business development efforts.

3. **Passion for Industry and Leveraging Trends:** Founders who are genuinely passionate about their industry often stay ahead by adopting emerging trends and technologies. This passion drives them to seek opportunities that others might overlook, allowing their startups to innovate continually and maintain competitiveness.

4. **Deep Market Understanding:** Indications of a deep market understanding include evidence such as early customer validation, quick adoption of prototypes, or traction within the targeted market. This understanding ensures that the product or service is solving a genuine problem, addressing a meaningful need. For example, achieving 100 early adopters within the first three months or securing 10% prototype uptake demonstrates robust market validation.

In summary, founder-market fit is about the alignment between the founder's background and the market's conditions, ensuring a conducive environment for the startup’s growth. Indicators like a strong network, passion for the industry, actionable market insights, and a demonstrated understanding of market needs are key to assessing and enhancing this fit in the early stages of startup development.",Omitted the critical point about 'previous experience in domain/technology' and the requirement for 'grit/eagerness to pivot'. Added compensatory content about passion for the industry and leveraging emerging trends.,founder market fit critical factor significantly influence success early stage startup core founder market fit refers alignment founder skill experience motivation market specific need opportunity alignment enhance chance startup surviving thriving initial stage influence success indicator strong alignment founder dna aligns market need founder intrinsic characteristic skill ideally match demand market operate instance tech savvy founder launching tech startup far likely innovate effectively understand technological nuance necessary product development established network sector strong network particular sector invaluable early stage startup facilitate capital acquisition talent recruitment customer connection crucial nascent stage founder known within industry quickly gain trust accelerate business development effort passion industry leveraging trend founder genuinely passionate industry often stay ahead adopting emerging trend technology passion drive seek opportunity others might overlook allowing startup innovate continually maintain competitiveness deep market understanding indication deep market understanding include evidence early customer validation quick adoption prototype traction within targeted market understanding ensures product service solving genuine problem addressing meaningful need example achieving early adopter within first three month securing prototype uptake demonstrates robust market validation summary founder market fit alignment founder background market condition ensuring conducive environment startup growth indicator like strong network passion industry actionable market insight demonstrated understanding market need key assessing enhancing fit early stage startup development,9,"fit, pivot, skill, market fit, startup, success, founder, team, development, stage"
Platform dependency risks in SaaS businesses,How should SaaS startups evaluate and mitigate platform dependency risks?,"Multi-platform strategy, *API reliance*, contract clauses, *data portability*, alternative vendors, tech debt risk, rev impact analysis, *diversify partnerships*",pass,"To effectively evaluate and mitigate platform dependency risks, Software as a Service (SaaS) startups should adopt a comprehensive strategy that encompasses several critical components:

1. **Multi-Platform Strategy:** 
    - **Assessment and Implementation:** Start by evaluating the platforms that are crucial to your SaaS operations. Implement a multi-platform strategy by distributing your services across multiple cloud service providers such as AWS, Azure, and Google Cloud Platform. This ensures that you are not overly reliant on one single platform, reducing vulnerability to a single point of failure.
    
2. **API Reliance:**
    - **Due Diligence and Monitoring:** APIs are a backbone for integration and functionality in SaaS. Conduct regular audits on API dependencies to understand and mitigate risks such as changes in API terms, deprecations, or downtimes. Develop a robust fallback plan and maintain documentation for alternative APIs.
    
3. **Contract Clauses:**
    - **Negotiation and Protections:** Carefully negotiate contracts with platform providers to include clauses that protect your interests, such as service level agreements (SLAs), data ownership rights, and exit strategies. Ensure these contracts allow for data portability and minimal disruption in the event of platform changes or termination.
    
4. **Data Portability:**
    - **Tooling and Protocols:** Establish a framework for data portability by using standardized data formats (e.g., CSV, JSON) and ensuring compatibility with multiple platforms. Implement protocols that facilitate easy data transfer and continuity of services, should you need to switch platforms.

5. **Alternative Vendors:**
    - **Research and Readiness:** Always have a shortlist of alternative vendors as a contingency plan. Benchmark against these vendors to understand their offerings, pricing, performances, and how they could impact your operations if needed.

6. **Technology Debt Risk:**
    - **Identify and Manage:** Regularly review your technology stack to identify any legacy dependencies that could become liabilities. Allocate resources for updating or replacing such technologies as part of a broader risk management strategy.

7. **Revenue Impact Analysis:**
    - **Assessment and Scenario Planning:** Conduct thorough analyses to understand how platform dependencies could impact revenue. Use scenario analysis to prepare for various outcomes and develop financial models that help anticipate possible downturns due to platform shifts.

8. **Diversify Partnerships:**
    - **Network and Influence:** Build strategic partnerships across various ancillary sectors such as payments, analytics, and cybersecurity. This diversification reduces dependency on a single source and can open up new growth opportunities.
    
By proactively assessing these aspects, startups can mitigate risks, enhance their resilience, and ensure sustainable growth in the dynamic SaaS marketplace. Adopting a proactive and structured approach to dependency management will also position them better when presenting to venture capitalists, demonstrating foresight in operational risk management.",,effectively evaluate mitigate platform dependency risk software service saas startup adopt comprehensive strategy encompasses several critical component multi platform strategy assessment implementation start evaluating platform crucial saas operation implement multi platform strategy distributing service across multiple cloud service provider aws azure google cloud platform ensures overly reliant one single platform reducing vulnerability single point failure api reliance due diligence monitoring apis backbone integration functionality saas conduct regular audit api dependency understand mitigate risk change api term deprecation downtime develop robust fallback plan maintain documentation alternative apis contract clause negotiation protection carefully negotiate contract platform provider include clause protect interest service level agreement slas data ownership right exit strategy ensure contract allow data portability minimal disruption event platform change termination data portability tooling protocol establish framework data portability using standardized data format csv json ensuring compatibility multiple platform implement protocol facilitate easy data transfer continuity service need switch platform alternative vendor research readiness always shortlist alternative vendor contingency plan benchmark vendor understand offering pricing performance could impact operation needed technology debt risk identify manage regularly review technology stack identify legacy dependency could become liability allocate resource updating replacing technology part broader risk management strategy revenue impact analysis assessment scenario planning conduct thorough analysis understand platform dependency could impact revenue use scenario analysis prepare various outcome develop financial model help anticipate possible downturn due platform shift diversify partnership network influence build strategic partnership across various ancillary sector payment analytics cybersecurity diversification reduces dependency single source open new growth opportunity proactively assessing aspect startup mitigate risk enhance resilience ensure sustainable growth dynamic saas marketplace adopting proactive structured approach dependency management also position better presenting venture capitalist demonstrating foresight operational risk management,5,"technology, tech, startup, partnership, advantage, patent, market, stack, competitive, edge"
Platform dependency risks in SaaS businesses,How should SaaS startups evaluate and mitigate platform dependency risks?,"Multi-platform strategy, *API reliance*, contract clauses, *data portability*, alternative vendors, tech debt risk, rev impact analysis, *diversify partnerships*",fail,"To effectively evaluate and mitigate platform dependency risks, Software as a Service (SaaS) startups should adopt a comprehensive strategy that encompasses several critical components:

1. **Multi-Platform Strategy:** 
 - **Assessment and Implementation:** Start by evaluating the platforms that are crucial to your SaaS operations. Implement a multi-platform strategy by distributing your services across multiple cloud service providers such as AWS, Azure, and Google Cloud Platform. This ensures that you are not overly reliant on one single platform, reducing vulnerability to a single point of failure.

2. **Contract Clauses:**
 - **Negotiation and Protections:** Carefully negotiate contracts with platform providers to include clauses that protect your interests, such as service level agreements (SLAs), data ownership rights, and exit strategies. Ensure these contracts allow for minimal disruption in the event of platform changes or termination.

3. **Alternative Vendors:**
 - **Research and Readiness:** Always have a shortlist of alternative vendors as a contingency plan. Benchmark against these vendors to understand their offerings, pricing, performances, and how they could impact your operations if needed.

4. **Technology Debt Risk:**
 - **Identify and Manage:** Regularly review your technology stack to identify any legacy dependencies that could become liabilities. Allocate resources for updating or replacing such technologies as part of a broader risk management strategy.

5. **Revenue Impact Analysis:**
 - **Assessment and Scenario Planning:** Conduct thorough analyses to understand how platform dependencies could impact revenue. Use scenario analysis to prepare for various outcomes and develop financial models that help anticipate possible downturns due to platform shifts.

6. **Diversify Partnerships:**
 - **Network and Influence:** Build strategic partnerships across various ancillary sectors such as payments, analytics, and cybersecurity. This diversification reduces dependency on a single source and can open up new growth opportunities.

By proactively assessing these aspects, startups can mitigate risks, enhance their resilience, and ensure sustainable growth in the dynamic SaaS marketplace. Adopting a proactive and structured approach to dependency management will also position them better when presenting to venture capitalists, demonstrating foresight in operational risk management.","Omitted point 2 on API reliance which is marked as critical. Also, omitted the specific mention of data portability under contract clauses.",effectively evaluate mitigate platform dependency risk software service saas startup adopt comprehensive strategy encompasses several critical component multi platform strategy assessment implementation start evaluating platform crucial saas operation implement multi platform strategy distributing service across multiple cloud service provider aws azure google cloud platform ensures overly reliant one single platform reducing vulnerability single point failure contract clause negotiation protection carefully negotiate contract platform provider include clause protect interest service level agreement slas data ownership right exit strategy ensure contract allow minimal disruption event platform change termination alternative vendor research readiness always shortlist alternative vendor contingency plan benchmark vendor understand offering pricing performance could impact operation needed technology debt risk identify manage regularly review technology stack identify legacy dependency could become liability allocate resource updating replacing technology part broader risk management strategy revenue impact analysis assessment scenario planning conduct thorough analysis understand platform dependency could impact revenue use scenario analysis prepare various outcome develop financial model help anticipate possible downturn due platform shift diversify partnership network influence build strategic partnership across various ancillary sector payment analytics cybersecurity diversification reduces dependency single source open new growth opportunity proactively assessing aspect startup mitigate risk enhance resilience ensure sustainable growth dynamic saas marketplace adopting proactive structured approach dependency management also position better presenting venture capitalist demonstrating foresight operational risk management,5,"technology, tech, startup, partnership, advantage, patent, market, stack, competitive, edge"
Raising capital through crowdfunding platforms,What are the key factors a startup should focus on when raising capital through crowdfunding platforms?,"Platform fit: equity/reward, *campaign prep*, min goal $, avg pledge size, comm fee %, post-$ val impact, marketing spend ROI, LTV:CAC for campaign, updates frequency, backer retention strat",pass,"When a startup is considering raising capital through crowdfunding platforms, there are several key factors to focus on to ensure a successful campaign. Here’s a comprehensive guide:

1. **Platform Fit:**
   - **Equity versus Reward-Based:** Determine the best type of crowdfunding for your startup. Equity crowdfunding allows backers to invest in exchange for shares, suitable for startups aiming for large capital and willing to share ownership. Reward-based platforms (e.g., Kickstarter) work better for consumer products and services, offering backers a tangible reward.

2. **Campaign Preparation:**
   - **Planning:** Thoroughly plan your campaign, including setting realistic goals and timelines (typically 6 to 8 weeks).
   - **Storytelling & Presentation:** Craft a compelling narrative and invest in high-quality visuals. Highlight your team, product, and the problem being solved succinctly.

3. **Minimum Funding Goal & Average Pledge Size:**
   - Set a minimum funding goal that covers essential costs and initial project needs while ensuring it is achievable; many successful campaigns suggest starting with a sum 20-30% lower than the actual need to leverage social proof.
   - Analyze similar campaigns to determine the average pledge size and adjust your funding strategies accordingly.

4. **Commission Fees & Post-Valuation Impact:**
   - **Commission Fees:** Understand and account for the platform’s commission fees, which typically range from 5% to 12%.
   - **Post-Money Valuation Impact:** Plan how the funds raised will impact your valuation, both in terms of financials and perceived value.

5. **Marketing Spend ROI:**
   - Allocate 15-30% of your fundraising goal to marketing to ensure robust outreach. Track marketing spend meticulously for ROI using metrics like cost per lead and conversion rate.

6. **Lifetime Value to Customer Acquisition Cost (LTV:CAC):**
   - **Campaign Economics:** Ensure that the customer lifetime value (LTV) justifies the acquisition costs. A healthy LTV:CAC ratio is typically 3:1 or higher in sustainable business models.

7. **Updates Frequency:**
   - **Communication:** Keep backers informed with updates every 2 weeks during the campaign and monthly post-campaign. This transparency builds trust and encourages ongoing support.

8. **Backer Retention Strategy:**
   - Develop a strategy to engage and retain backers, transforming them into loyal customers or investors. Offer exclusive updates, early access to products, or involvement in product development as incentives.

In summary, successful fundraising on crowdfunding platforms hinges on selecting the appropriate platform, thorough planning and engaging presentation, precise financial strategy including clear cut goals, and proactive communication and marketing efforts. Consistent engagement with backers, both during and after the campaign, can significantly enhance your startup's growth and community support.",,startup considering raising capital crowdfunding platform several key factor focus ensure successful campaign comprehensive guide platform fit equity versus reward based determine best type crowdfunding startup equity crowdfunding allows backer invest exchange share suitable startup aiming large capital willing share ownership reward based platform kickstarter work better consumer product service offering backer tangible reward campaign preparation planning thoroughly plan campaign including setting realistic goal timeline typically week storytelling presentation craft compelling narrative invest high quality visuals highlight team product problem solved succinctly minimum funding goal average pledge size set minimum funding goal cover essential cost initial project need ensuring achievable many successful campaign suggest starting sum lower actual need leverage social proof analyze similar campaign determine average pledge size adjust funding strategy accordingly commission fee post valuation impact commission fee understand account platform commission fee typically range post money valuation impact plan fund raised impact valuation term financials perceived value marketing spend roi allocate fundraising goal marketing ensure robust outreach track marketing spend meticulously roi using metric like cost per lead conversion rate lifetime value customer acquisition cost ltv cac campaign economics ensure customer lifetime value ltv justifies acquisition cost healthy ltv cac ratio typically higher sustainable business model update frequency communication keep backer informed update every week campaign monthly post campaign transparency build trust encourages ongoing support backer retention strategy develop strategy engage retain backer transforming loyal customer investor offer exclusive update early access product involvement product development incentive summary successful fundraising crowdfunding platform hinge selecting appropriate platform thorough planning engaging presentation precise financial strategy including clear cut goal proactive communication marketing effort consistent engagement backer campaign significantly enhance startup growth community support,6,"revenue, valuation, ratio, growth, investor, bubble, rate, capital, market, profitability"
Raising capital through crowdfunding platforms,What are the key factors a startup should focus on when raising capital through crowdfunding platforms?,"Platform fit: equity/reward, *campaign prep*, min goal $, avg pledge size, comm fee %, post-$ val impact, marketing spend ROI, LTV:CAC for campaign, updates frequency, backer retention strat",fail,"When a startup is considering raising capital through crowdfunding platforms, there are several key factors to focus on to ensure a successful campaign. Here’s a comprehensive guide:

1. **Platform Fit:**
   - **Equity versus Reward-Based:** Determine the best type of crowdfunding for your startup. Equity crowdfunding allows backers to invest in exchange for shares, suitable for startups aiming for large capital and willing to share ownership. Reward-based platforms (e.g., Kickstarter) work better for consumer products and services, offering backers a tangible reward.

2. **Campaign Preparation:**
   - **Planning:** Thoroughly plan your campaign, including setting realistic goals and timelines (typically 6 to 8 weeks).
   - **Storytelling & Presentation:** Craft a compelling narrative and invest in high-quality visuals. Highlight your team, product, and the problem being solved succinctly.

3. **Minimum Funding Goal & Average Pledge Size:**
   - Set a minimum funding goal that covers essential costs and initial project needs while ensuring it is achievable.
   - Analyze similar campaigns to determine the average pledge size and adjust your funding strategies accordingly.

4. **Commission Fees:**
   - Understand and account for the platform’s commission fees, which typically range from 5% to 12%.

5. **Marketing Spend ROI:**
   - Allocate 15-30% of your fundraising goal to marketing to ensure robust outreach. Track marketing spend meticulously for ROI using metrics like cost per lead and conversion rate.

6. **Updates Frequency:**
   - **Communication:** Keep backers informed with updates every 2 weeks during the campaign and monthly post-campaign. This transparency builds trust and encourages ongoing support.

7. **Backer Retention Strategy:**
   - Develop a strategy to engage and retain backers, transforming them into loyal customers or investors. Offer exclusive updates, early access to products, or involvement in product development as incentives.

In summary, successful fundraising on crowdfunding platforms hinges on selecting the appropriate platform, thorough planning and engaging presentation, precise financial strategy including clear cut goals, and proactive communication and marketing efforts. Consistent engagement with backers, both during and after the campaign, can significantly enhance your startup's growth and community support.","1. Omitted the discussion of post-money valuation impact from the Commission Fees & Post-Valuation Impact section.
2. Removed the explanation of Lifetime Value to Customer Acquisition Cost (LTV:CAC) ratio.",startup considering raising capital crowdfunding platform several key factor focus ensure successful campaign comprehensive guide platform fit equity versus reward based determine best type crowdfunding startup equity crowdfunding allows backer invest exchange share suitable startup aiming large capital willing share ownership reward based platform kickstarter work better consumer product service offering backer tangible reward campaign preparation planning thoroughly plan campaign including setting realistic goal timeline typically week storytelling presentation craft compelling narrative invest high quality visuals highlight team product problem solved succinctly minimum funding goal average pledge size set minimum funding goal cover essential cost initial project need ensuring achievable analyze similar campaign determine average pledge size adjust funding strategy accordingly commission fee understand account platform commission fee typically range marketing spend roi allocate fundraising goal marketing ensure robust outreach track marketing spend meticulously roi using metric like cost per lead conversion rate update frequency communication keep backer informed update every week campaign monthly post campaign transparency build trust encourages ongoing support backer retention strategy develop strategy engage retain backer transforming loyal customer investor offer exclusive update early access product involvement product development incentive summary successful fundraising crowdfunding platform hinge selecting appropriate platform thorough planning engaging presentation precise financial strategy including clear cut goal proactive communication marketing effort consistent engagement backer campaign significantly enhance startup growth community support,0,"user, product, market, saturation, entry, effect, network effect, indicator, feedback, startup"
