symbol,name,cryptocurrency,currency,summary,exchange,website,clean_text,cluster
AAVE-CAD,Aave CAD,AAVE,CAD,Aave (AAVE) is a cryptocurrency and operates on the Ethereum platform.,CCC,https://aave.com/,aave cad,0
AAVE-CNY,Aave CNY,AAVE,CNY,Aave (AAVE) is a cryptocurrency and operates on the Ethereum platform.,CCC,https://aave.com/,aave cny,0
AAVE-ETH,Aave ETH,AAVE,ETH,Aave (AAVE) is a cryptocurrency and operates on the Ethereum platform.,CCC,https://aave.com/,aave eth,1
AAVE-EUR,Aave EUR,AAVE,EUR,Aave (AAVE) is a cryptocurrency and operates on the Ethereum platform.,CCC,https://aave.com/,aave eur,0
AAVE-GBP,Aave GBP,AAVE,GBP,Aave (AAVE) is a cryptocurrency and operates on the Ethereum platform.,CCC,https://aave.com/,aave gbp,5
AAVE-INR,Aave INR,AAVE,INR,Aave (AAVE) is a cryptocurrency and operates on the Ethereum platform.,CCC,https://aave.com/,aave inr,4
AAVE-JPY,Aave JPY,AAVE,JPY,Aave (AAVE) is a cryptocurrency and operates on the Ethereum platform.,CCC,https://aave.com/,aave jpy,6
AAVE-KRW,Aave KRW,AAVE,KRW,Aave (AAVE) is a cryptocurrency and operates on the Ethereum platform.,CCC,https://aave.com/,aave krw,0
AAVE-RUB,Aave RUB,AAVE,RUB,Aave (AAVE) is a cryptocurrency and operates on the Ethereum platform.,CCC,https://aave.com/,aave rub,2
AAVE-USD,Aave USD,AAVE,USD,Aave (AAVE) is a cryptocurrency and operates on the Ethereum platform.,CCC,https://aave.com/,aave usd,3
ABBC-CAD,ABBCCoin CAD,ABBC,CAD,ABBC Coin (ABBC) is a cryptocurrency. Users are able to generate ABBC through the process of mining.,CCC,https://abbccoin.com/,abbc cad,0
ABBC-CNY,ABBCCoin CNY,ABBC,CNY,ABBC Coin (ABBC) is a cryptocurrency. Users are able to generate ABBC through the process of mining.,CCC,https://abbccoin.com/,abbc cny,0
ABBC-ETH,ABBCCoin ETH,ABBC,ETH,ABBC Coin (ABBC) is a cryptocurrency. Users are able to generate ABBC through the process of mining.,CCC,https://abbccoin.com/,abbc eth,1
ABBC-EUR,ABBCCoin EUR,ABBC,EUR,ABBC Coin (ABBC) is a cryptocurrency. Users are able to generate ABBC through the process of mining.,CCC,https://abbccoin.com/,abbc eur,0
ABBC-GBP,ABBCCoin GBP,ABBC,GBP,ABBC Coin (ABBC) is a cryptocurrency. Users are able to generate ABBC through the process of mining.,CCC,https://abbccoin.com/,abbc gbp,5
ABBC-INR,ABBCCoin INR,ABBC,INR,ABBC Coin (ABBC) is a cryptocurrency. Users are able to generate ABBC through the process of mining.,CCC,https://abbccoin.com/,abbc inr,4
ABBC-JPY,ABBCCoin JPY,ABBC,JPY,ABBC Coin (ABBC) is a cryptocurrency. Users are able to generate ABBC through the process of mining.,CCC,https://abbccoin.com/,abbc jpy,6
ABBC-KRW,ABBCCoin KRW,ABBC,KRW,ABBC Coin (ABBC) is a cryptocurrency. Users are able to generate ABBC through the process of mining.,CCC,https://abbccoin.com/,abbc krw,0
ABBC-RUB,ABBCCoin RUB,ABBC,RUB,ABBC Coin (ABBC) is a cryptocurrency. Users are able to generate ABBC through the process of mining.,CCC,https://abbccoin.com/,abbc rub,2
ABBC-USD,ABBCCoin USD,ABBC,USD,ABBC Coin (ABBC) is a cryptocurrency. Users are able to generate ABBC through the process of mining.,CCC,https://abbccoin.com/,abbc usd,3
ACH-CAD,AlchemyPay CAD,ACH,CAD,Alchemy Pay (ACH) is a cryptocurrency.,CCC,https://www.alchemytech.io/,ach cad,0
ACH-CNY,AlchemyPay CNY,ACH,CNY,Alchemy Pay (ACH) is a cryptocurrency.,CCC,https://www.alchemytech.io/,ach cny,0
ACH-ETH,AlchemyPay ETH,ACH,ETH,Alchemy Pay (ACH) is a cryptocurrency.,CCC,https://www.alchemytech.io/,ach eth,1
ACH-EUR,AlchemyPay EUR,ACH,EUR,Alchemy Pay (ACH) is a cryptocurrency.,CCC,https://www.alchemytech.io/,ach eur,0
ACH-GBP,AlchemyPay GBP,ACH,GBP,Alchemy Pay (ACH) is a cryptocurrency.,CCC,https://www.alchemytech.io/,ach gbp,5
ACH-INR,AlchemyPay INR,ACH,INR,Alchemy Pay (ACH) is a cryptocurrency.,CCC,https://www.alchemytech.io/,ach inr,4
ACH-JPY,AlchemyPay JPY,ACH,JPY,Alchemy Pay (ACH) is a cryptocurrency.,CCC,https://www.alchemytech.io/,ach jpy,6
ACH-KRW,AlchemyPay KRW,ACH,KRW,Alchemy Pay (ACH) is a cryptocurrency.,CCC,https://www.alchemytech.io/,ach krw,0
ACH-RUB,AlchemyPay RUB,ACH,RUB,Alchemy Pay (ACH) is a cryptocurrency.,CCC,https://www.alchemytech.io/,ach rub,2
ACH-USD,AlchemyPay USD,ACH,USD,Alchemy Pay (ACH) is a cryptocurrency.,CCC,https://www.alchemytech.io/,ach usd,3
ACT-CAD,Achain CAD,ACT,CAD,Achain (ACT) is a cryptocurrency.,CCC,https://www.achain.com/,act cad,0
ACT-CNY,Achain CNY,ACT,CNY,Achain (ACT) is a cryptocurrency.,CCC,https://www.achain.com/,act cny,0
ACT-ETH,Achain ETH,ACT,ETH,Achain (ACT) is a cryptocurrency.,CCC,https://www.achain.com/,act eth,1
ACT-EUR,Achain EUR,ACT,EUR,Achain (ACT) is a cryptocurrency.,CCC,https://www.achain.com/,act eur,0
ACT-GBP,Achain GBP,ACT,GBP,Achain (ACT) is a cryptocurrency.,CCC,https://www.achain.com/,act gbp,5
ACT-INR,Achain INR,ACT,INR,Achain (ACT) is a cryptocurrency.,CCC,https://www.achain.com/,act inr,4
ACT-JPY,Achain JPY,ACT,JPY,Achain (ACT) is a cryptocurrency.,CCC,https://www.achain.com/,act jpy,6
ACT-KRW,Achain KRW,ACT,KRW,Achain (ACT) is a cryptocurrency.,CCC,https://www.achain.com/,act krw,0
ACT-RUB,Achain RUB,ACT,RUB,Achain (ACT) is a cryptocurrency.,CCC,https://www.achain.com/,act rub,2
ACT-USD,Achain USD,ACT,USD,Achain (ACT) is a cryptocurrency.,CCC,https://www.achain.com/,act usd,3
ADA-AUD,Cardano AUD,ADA,AUD,Cardano (ADA) is a cryptocurrency. Users are able to generate ADA through the process of mining.,CCC,https://www.cardano.org,ada aud,0
ADA-CAD,Cardano CAD,ADA,CAD,Cardano (ADA) is a cryptocurrency. Users are able to generate ADA through the process of mining.,CCC,https://www.cardano.org,ada cad,0
ADA-ETH,Cardano ETH,ADA,ETH,Cardano (ADA) is a cryptocurrency. Users are able to generate ADA through the process of mining.,CCC,https://www.cardano.org,ada eth,1
ADA-EUR,Cardano EUR,ADA,EUR,Cardano (ADA) is a cryptocurrency. Users are able to generate ADA through the process of mining.,CCC,https://www.cardano.org,ada eur,0
ADA-GBP,Cardano GBP,ADA,GBP,Cardano (ADA) is a cryptocurrency. Users are able to generate ADA through the process of mining.,CCC,https://www.cardano.org,ada gbp,5
ADA-INR,Cardano INR,ADA,INR,Cardano (ADA) is a cryptocurrency. Users are able to generate ADA through the process of mining.,CCC,https://www.cardano.org,ada inr,4
ADA-JPY,Cardano JPY,ADA,JPY,Cardano (ADA) is a cryptocurrency. Users are able to generate ADA through the process of mining.,CCC,https://www.cardano.org,ada jpy,6
ADA-KRW,Cardano KRW,ADA,KRW,Cardano (ADA) is a cryptocurrency. Users are able to generate ADA through the process of mining.,CCC,https://www.cardano.org,ada krw,0
ADA-RUB,Cardano RUB,ADA,RUB,Cardano (ADA) is a cryptocurrency. Users are able to generate ADA through the process of mining.,CCC,https://www.cardano.org,ada rub,2
ADA-USD,Cardano USD,ADA,USD,Cardano (ADA) is a cryptocurrency. Users are able to generate ADA through the process of mining.,CCC,https://www.cardano.org,ada usd,3
ADK-CAD,AidosKuneen CAD,ADK,CAD,Aidos Kuneen (ADK) is a cryptocurrency.,CCC,http://aidoskuneen.com/,adk cad,0
ADK-CNY,AidosKuneen CNY,ADK,CNY,Aidos Kuneen (ADK) is a cryptocurrency.,CCC,http://aidoskuneen.com/,adk cny,0
ADK-ETH,AidosKuneen ETH,ADK,ETH,Aidos Kuneen (ADK) is a cryptocurrency.,CCC,http://aidoskuneen.com/,adk eth,1
ADK-EUR,AidosKuneen EUR,ADK,EUR,Aidos Kuneen (ADK) is a cryptocurrency.,CCC,http://aidoskuneen.com/,adk eur,0
ADK-GBP,AidosKuneen GBP,ADK,GBP,Aidos Kuneen (ADK) is a cryptocurrency.,CCC,http://aidoskuneen.com/,adk gbp,5
ADK-INR,AidosKuneen INR,ADK,INR,Aidos Kuneen (ADK) is a cryptocurrency.,CCC,http://aidoskuneen.com/,adk inr,4
ADK-JPY,AidosKuneen JPY,ADK,JPY,Aidos Kuneen (ADK) is a cryptocurrency.,CCC,http://aidoskuneen.com/,adk jpy,6
ADK-KRW,AidosKuneen KRW,ADK,KRW,Aidos Kuneen (ADK) is a cryptocurrency.,CCC,http://aidoskuneen.com/,adk krw,0
ADK-RUB,AidosKuneen RUB,ADK,RUB,Aidos Kuneen (ADK) is a cryptocurrency.,CCC,http://aidoskuneen.com/,adk rub,2
ADK-USD,AidosKuneen USD,ADK,USD,Aidos Kuneen (ADK) is a cryptocurrency.,CCC,http://aidoskuneen.com/,adk usd,3
ADX-INR,AdEx INR,ADX,INR,AdEx Network (ADX) is a cryptocurrency and operates on the Ethereum platform.,CCC,https://www.adex.network/,adx inr,4
ADX-USD,AdEx USD,ADX,USD,AdEx Network (ADX) is a cryptocurrency and operates on the Ethereum platform.,CCC,https://www.adex.network/,adx usd,3
AE-CAD,Aeternity CAD,AE,CAD,Aeternity (AE) is a cryptocurrency. Users are able to generate AE through the process of mining.,CCC,https://www.aeternity.com/,ae cad,0
AE-CNY,Aeternity CNY,AE,CNY,Aeternity (AE) is a cryptocurrency. Users are able to generate AE through the process of mining.,CCC,https://www.aeternity.com/,ae cny,0
AE-ETH,Aeternity ETH,AE,ETH,Aeternity (AE) is a cryptocurrency. Users are able to generate AE through the process of mining.,CCC,https://www.aeternity.com/,ae eth,1
AE-EUR,Aeternity EUR,AE,EUR,Aeternity (AE) is a cryptocurrency. Users are able to generate AE through the process of mining.,CCC,https://www.aeternity.com/,ae eur,0
AE-GBP,Aeternity GBP,AE,GBP,Aeternity (AE) is a cryptocurrency. Users are able to generate AE through the process of mining.,CCC,https://www.aeternity.com/,ae gbp,5
AE-INR,Aeternity INR,AE,INR,Aeternity (AE) is a cryptocurrency. Users are able to generate AE through the process of mining.,CCC,https://www.aeternity.com/,ae inr,4
AE-JPY,Aeternity JPY,AE,JPY,Aeternity (AE) is a cryptocurrency. Users are able to generate AE through the process of mining.,CCC,https://www.aeternity.com/,ae jpy,6
AE-KRW,Aeternity KRW,AE,KRW,Aeternity (AE) is a cryptocurrency. Users are able to generate AE through the process of mining.,CCC,https://www.aeternity.com/,ae krw,0
AE-RUB,Aeternity RUB,AE,RUB,Aeternity (AE) is a cryptocurrency. Users are able to generate AE through the process of mining.,CCC,https://www.aeternity.com/,ae rub,2
AE-USD,Aeternity USD,AE,USD,Aeternity (AE) is a cryptocurrency. Users are able to generate AE through the process of mining.,CCC,https://www.aeternity.com/,ae usd,3
AIB-CAD,AdvancedInternetBlocks CAD,AIB,CAD,Advanced Internet Blocks (AIB) is a cryptocurrency. Users are able to generate AIB through the process of mining.,CCC,http://aib.iobond.com/,aib cad,0
AIB-CNY,AdvancedInternetBlocks CNY,AIB,CNY,Advanced Internet Blocks (AIB) is a cryptocurrency. Users are able to generate AIB through the process of mining.,CCC,http://aib.iobond.com/,aib cny,0
AIB-ETH,AdvancedInternetBlocks ETH,AIB,ETH,Advanced Internet Blocks (AIB) is a cryptocurrency. Users are able to generate AIB through the process of mining.,CCC,http://aib.iobond.com/,aib eth,1
AIB-EUR,AdvancedInternetBlocks EUR,AIB,EUR,Advanced Internet Blocks (AIB) is a cryptocurrency. Users are able to generate AIB through the process of mining.,CCC,http://aib.iobond.com/,aib eur,0
AIB-GBP,AdvancedInternetBlocks GBP,AIB,GBP,Advanced Internet Blocks (AIB) is a cryptocurrency. Users are able to generate AIB through the process of mining.,CCC,http://aib.iobond.com/,aib gbp,5
AIB-INR,AdvancedInternetBlocks INR,AIB,INR,Advanced Internet Blocks (AIB) is a cryptocurrency. Users are able to generate AIB through the process of mining.,CCC,http://aib.iobond.com/,aib inr,4
AIB-JPY,AdvancedInternetBlocks JPY,AIB,JPY,Advanced Internet Blocks (AIB) is a cryptocurrency. Users are able to generate AIB through the process of mining.,CCC,http://aib.iobond.com/,aib jpy,6
AIB-KRW,AdvancedInternetBlocks KRW,AIB,KRW,Advanced Internet Blocks (AIB) is a cryptocurrency. Users are able to generate AIB through the process of mining.,CCC,http://aib.iobond.com/,aib krw,0
AIB-RUB,AdvancedInternetBlocks RUB,AIB,RUB,Advanced Internet Blocks (AIB) is a cryptocurrency. Users are able to generate AIB through the process of mining.,CCC,http://aib.iobond.com/,aib rub,2
AIB-USD,AdvancedInternetBlocks USD,AIB,USD,Advanced Internet Blocks (AIB) is a cryptocurrency. Users are able to generate AIB through the process of mining.,CCC,http://aib.iobond.com/,aib usd,3
AION-EUR,Aion EUR,AION,EUR,Aion (AION) is a cryptocurrency. Users are able to generate AION through the process of mining.,CCC,https://theoan.com/,aion eur,0
AION-GBP,Aion GBP,AION,GBP,Aion (AION) is a cryptocurrency. Users are able to generate AION through the process of mining.,CCC,https://theoan.com/,aion gbp,5
AION-INR,Aion INR,AION,INR,Aion (AION) is a cryptocurrency. Users are able to generate AION through the process of mining.,CCC,https://theoan.com/,aion inr,4
AION-JPY,Aion JPY,AION,JPY,Aion (AION) is a cryptocurrency. Users are able to generate AION through the process of mining.,CCC,https://theoan.com/,aion jpy,6
AION-KRW,Aion KRW,AION,KRW,Aion (AION) is a cryptocurrency. Users are able to generate AION through the process of mining.,CCC,https://theoan.com/,aion krw,0
AION-RUB,Aion RUB,AION,RUB,Aion (AION) is a cryptocurrency. Users are able to generate AION through the process of mining.,CCC,https://theoan.com/,aion rub,2
AION-USD,Aion USD,AION,USD,Aion (AION) is a cryptocurrency. Users are able to generate AION through the process of mining.,CCC,https://theoan.com/,aion usd,3
ALGO-AUD,Algorand AUD,ALGO,AUD,Algorand (ALGO) is a cryptocurrency.,CCC,http://algorand.foundation,algo aud,0
ALGO-BTC,Algorand BTC,ALGO,BTC,Algorand (ALGO) is a cryptocurrency.,CCC,http://algorand.foundation,algo btc,0
ALGO-CAD,Algorand CAD,ALGO,CAD,Algorand (ALGO) is a cryptocurrency.,CCC,http://algorand.foundation,algo cad,0
ALGO-CNY,Algorand CNY,ALGO,CNY,Algorand (ALGO) is a cryptocurrency.,CCC,http://algorand.foundation,algo cny,0
ALGO-ETH,Algorand ETH,ALGO,ETH,Algorand (ALGO) is a cryptocurrency.,CCC,http://algorand.foundation,algo eth,1
ALGO-EUR,Algorand EUR,ALGO,EUR,Algorand (ALGO) is a cryptocurrency.,CCC,http://algorand.foundation,algo eur,0
ALGO-GBP,Algorand GBP,ALGO,GBP,Algorand (ALGO) is a cryptocurrency.,CCC,http://algorand.foundation,algo gbp,5
ALGO-INR,Algorand INR,ALGO,INR,Algorand (ALGO) is a cryptocurrency.,CCC,http://algorand.foundation,algo inr,4
ALGO-JPY,Algorand JPY,ALGO,JPY,Algorand (ALGO) is a cryptocurrency.,CCC,http://algorand.foundation,algo jpy,6
ALGO-KRW,Algorand KRW,ALGO,KRW,Algorand (ALGO) is a cryptocurrency.,CCC,http://algorand.foundation,algo krw,0
ALGO-RUB,Algorand RUB,ALGO,RUB,Algorand (ALGO) is a cryptocurrency.,CCC,http://algorand.foundation,algo rub,2
ALGO-USD,Algorand USD,ALGO,USD,Algorand (ALGO) is a cryptocurrency.,CCC,http://algorand.foundation,algo usd,3
ALIAS-CAD,Alias CAD,ALIAS,CAD,Alias (ALIAS) is a cryptocurrency.,CCC,https://alias.cash,alias cad,0
ALIAS-CNY,Alias CNY,ALIAS,CNY,Alias (ALIAS) is a cryptocurrency.,CCC,https://alias.cash,alias cny,0
ALIAS-ETH,Alias ETH,ALIAS,ETH,Alias (ALIAS) is a cryptocurrency.,CCC,https://alias.cash,alias eth,1
ALIAS-EUR,Alias EUR,ALIAS,EUR,Alias (ALIAS) is a cryptocurrency.,CCC,https://alias.cash,alias eur,0
ALIAS-GBP,Alias GBP,ALIAS,GBP,Alias (ALIAS) is a cryptocurrency.,CCC,https://alias.cash,alias gbp,5
ALIAS-INR,Alias INR,ALIAS,INR,Alias (ALIAS) is a cryptocurrency.,CCC,https://alias.cash,alias inr,4
ALIAS-JPY,Alias JPY,ALIAS,JPY,Alias (ALIAS) is a cryptocurrency.,CCC,https://alias.cash,alias jpy,6
ALIAS-KRW,Alias KRW,ALIAS,KRW,Alias (ALIAS) is a cryptocurrency.,CCC,https://alias.cash,alias krw,0
ALIAS-RUB,Alias RUB,ALIAS,RUB,Alias (ALIAS) is a cryptocurrency.,CCC,https://alias.cash,alias rub,2
ALIAS-USD,Alias USD,ALIAS,USD,Alias (ALIAS) is a cryptocurrency.,CCC,https://alias.cash,alias usd,3
AMB-BTC,Ambrosus BTC,AMB,BTC,Ambrosus (AMB) is a cryptocurrency.,CCC,http://ambrosus.com/,amb btc,0
AMB-CAD,Ambrosus CAD,AMB,CAD,Ambrosus (AMB) is a cryptocurrency.,CCC,http://ambrosus.com/,amb cad,0
AMB-CNY,Ambrosus CNY,AMB,CNY,Ambrosus (AMB) is a cryptocurrency.,CCC,http://ambrosus.com/,amb cny,0
AMB-ETH,Ambrosus ETH,AMB,ETH,Ambrosus (AMB) is a cryptocurrency.,CCC,http://ambrosus.com/,amb eth,1
AMB-EUR,Ambrosus EUR,AMB,EUR,Ambrosus (AMB) is a cryptocurrency.,CCC,http://ambrosus.com/,amb eur,0
AMB-GBP,Ambrosus GBP,AMB,GBP,Ambrosus (AMB) is a cryptocurrency.,CCC,http://ambrosus.com/,amb gbp,5
AMB-INR,Ambrosus INR,AMB,INR,Ambrosus (AMB) is a cryptocurrency.,CCC,http://ambrosus.com/,amb inr,4
AMB-JPY,Ambrosus JPY,AMB,JPY,Ambrosus (AMB) is a cryptocurrency.,CCC,http://ambrosus.com/,amb jpy,6
AMB-KRW,Ambrosus KRW,AMB,KRW,Ambrosus (AMB) is a cryptocurrency.,CCC,http://ambrosus.com/,amb krw,0
AMB-RUB,Ambrosus RUB,AMB,RUB,Ambrosus (AMB) is a cryptocurrency.,CCC,http://ambrosus.com/,amb rub,2
AMB-USD,Ambrosus USD,AMB,USD,Ambrosus (AMB) is a cryptocurrency.,CCC,http://ambrosus.com/,amb usd,3
AMP1-CAD,Amp CAD,AMP1,CAD,Amp (AMP) is a cryptocurrency and operates on the Ethereum platform.,CCC,https://amptoken.org,amp cad,0
AMP1-CNY,Amp CNY,AMP1,CNY,Amp (AMP) is a cryptocurrency and operates on the Ethereum platform.,CCC,https://amptoken.org,amp cny,0
AMP1-ETH,Amp ETH,AMP1,ETH,Amp (AMP) is a cryptocurrency and operates on the Ethereum platform.,CCC,https://amptoken.org,amp eth,1
AMP1-EUR,Amp EUR,AMP1,EUR,Amp (AMP) is a cryptocurrency and operates on the Ethereum platform.,CCC,https://amptoken.org,amp eur,0
AMP1-GBP,Amp GBP,AMP1,GBP,Amp (AMP) is a cryptocurrency and operates on the Ethereum platform.,CCC,https://amptoken.org,amp gbp,5
AMP1-INR,Amp INR,AMP1,INR,Amp (AMP) is a cryptocurrency and operates on the Ethereum platform.,CCC,https://amptoken.org,amp inr,4
AMP1-JPY,Amp JPY,AMP1,JPY,Amp (AMP) is a cryptocurrency and operates on the Ethereum platform.,CCC,https://amptoken.org,amp jpy,6
AMP1-KRW,Amp KRW,AMP1,KRW,Amp (AMP) is a cryptocurrency and operates on the Ethereum platform.,CCC,https://amptoken.org,amp krw,0
AMP1-RUB,Amp RUB,AMP1,RUB,Amp (AMP) is a cryptocurrency and operates on the Ethereum platform.,CCC,https://amptoken.org,amp rub,2
AMP1-USD,Amp USD,AMP1,USD,Amp (AMP) is a cryptocurrency and operates on the Ethereum platform.,CCC,https://amptoken.org,amp usd,3
ANKR-CAD,Ankr CAD,ANKR,CAD,Ankr (ANKR) is a cryptocurrency and operates on the Binance Chain platform.,CCC,https://www.ankr.com/,ankr cad,0
ANKR-CNY,Ankr CNY,ANKR,CNY,Ankr (ANKR) is a cryptocurrency and operates on the Binance Chain platform.,CCC,https://www.ankr.com/,ankr cny,0
ANKR-ETH,Ankr ETH,ANKR,ETH,Ankr (ANKR) is a cryptocurrency and operates on the Binance Chain platform.,CCC,https://www.ankr.com/,ankr eth,1
ANKR-EUR,Ankr EUR,ANKR,EUR,Ankr (ANKR) is a cryptocurrency and operates on the Binance Chain platform.,CCC,https://www.ankr.com/,ankr eur,0
ANKR-GBP,Ankr GBP,ANKR,GBP,Ankr (ANKR) is a cryptocurrency and operates on the Binance Chain platform.,CCC,https://www.ankr.com/,ankr gbp,5
ANKR-INR,Ankr INR,ANKR,INR,Ankr (ANKR) is a cryptocurrency and operates on the Binance Chain platform.,CCC,https://www.ankr.com/,ankr inr,4
ANKR-JPY,Ankr JPY,ANKR,JPY,Ankr (ANKR) is a cryptocurrency and operates on the Binance Chain platform.,CCC,https://www.ankr.com/,ankr jpy,6
ANKR-KRW,Ankr KRW,ANKR,KRW,Ankr (ANKR) is a cryptocurrency and operates on the Binance Chain platform.,CCC,https://www.ankr.com/,ankr krw,0
ANKR-RUB,Ankr RUB,ANKR,RUB,Ankr (ANKR) is a cryptocurrency and operates on the Binance Chain platform.,CCC,https://www.ankr.com/,ankr rub,2
ANKR-USD,Ankr USD,ANKR,USD,Ankr (ANKR) is a cryptocurrency and operates on the Binance Chain platform.,CCC,https://www.ankr.com/,ankr usd,3
ANT-ETH,Aragon ETH,ANT,ETH,Aragon (ANT) is a cryptocurrency and operates on the Ethereum platform.,CCC,https://aragon.org/,ant eth,1
ANT-INR,Aragon INR,ANT,INR,Aragon (ANT) is a cryptocurrency and operates on the Ethereum platform.,CCC,https://aragon.org/,ant inr,4
ANT-JPY,Aragon JPY,ANT,JPY,Aragon (ANT) is a cryptocurrency and operates on the Ethereum platform.,CCC,https://aragon.org/,ant jpy,6
ANT-KRW,Aragon KRW,ANT,KRW,Aragon (ANT) is a cryptocurrency and operates on the Ethereum platform.,CCC,https://aragon.org/,ant krw,0
ANT-RUB,Aragon RUB,ANT,RUB,Aragon (ANT) is a cryptocurrency and operates on the Ethereum platform.,CCC,https://aragon.org/,ant rub,2
ANT-USD,Aragon USD,ANT,USD,Aragon (ANT) is a cryptocurrency and operates on the Ethereum platform.,CCC,https://aragon.org/,ant usd,3
APL-AUD,ApolloCurrency AUD,APL,AUD,Apollo Currency (APL) is a cryptocurrency.,CCC,https://aplfintech.com/apollo-currency/,apl aud,0
APL-BTC,ApolloCurrency BTC,APL,BTC,Apollo Currency (APL) is a cryptocurrency.,CCC,https://aplfintech.com/apollo-currency/,apl btc,0
APL-CAD,ApolloCurrency CAD,APL,CAD,Apollo Currency (APL) is a cryptocurrency.,CCC,https://aplfintech.com/apollo-currency/,apl cad,0
APL-CNY,ApolloCurrency CNY,APL,CNY,Apollo Currency (APL) is a cryptocurrency.,CCC,https://aplfintech.com/apollo-currency/,apl cny,0
APL-ETH,ApolloCurrency ETH,APL,ETH,Apollo Currency (APL) is a cryptocurrency.,CCC,https://aplfintech.com/apollo-currency/,apl eth,1
APL-EUR,ApolloCurrency EUR,APL,EUR,Apollo Currency (APL) is a cryptocurrency.,CCC,https://aplfintech.com/apollo-currency/,apl eur,0
APL-GBP,ApolloCurrency GBP,APL,GBP,Apollo Currency (APL) is a cryptocurrency.,CCC,https://aplfintech.com/apollo-currency/,apl gbp,5
APL-INR,ApolloCurrency INR,APL,INR,Apollo Currency (APL) is a cryptocurrency.,CCC,https://aplfintech.com/apollo-currency/,apl inr,4
APL-JPY,ApolloCurrency JPY,APL,JPY,Apollo Currency (APL) is a cryptocurrency.,CCC,https://aplfintech.com/apollo-currency/,apl jpy,6
APL-KRW,ApolloCurrency KRW,APL,KRW,Apollo Currency (APL) is a cryptocurrency.,CCC,https://aplfintech.com/apollo-currency/,apl krw,0
APL-RUB,ApolloCurrency RUB,APL,RUB,Apollo Currency (APL) is a cryptocurrency.,CCC,https://aplfintech.com/apollo-currency/,apl rub,2
APL-USD,ApolloCurrency USD,APL,USD,Apollo Currency (APL) is a cryptocurrency.,CCC,https://aplfintech.com/apollo-currency/,apl usd,3
AR-CAD,Arweave CAD,AR,CAD,Arweave (AR) is a cryptocurrency.,CCC,https://www.arweave.org,ar cad,0
AR-CNY,Arweave CNY,AR,CNY,Arweave (AR) is a cryptocurrency.,CCC,https://www.arweave.org,ar cny,0
AR-ETH,Arweave ETH,AR,ETH,Arweave (AR) is a cryptocurrency.,CCC,https://www.arweave.org,ar eth,1
AR-EUR,Arweave EUR,AR,EUR,Arweave (AR) is a cryptocurrency.,CCC,https://www.arweave.org,ar eur,0
AR-GBP,Arweave GBP,AR,GBP,Arweave (AR) is a cryptocurrency.,CCC,https://www.arweave.org,ar gbp,5
AR-INR,Arweave INR,AR,INR,Arweave (AR) is a cryptocurrency.,CCC,https://www.arweave.org,ar inr,4
AR-JPY,Arweave JPY,AR,JPY,Arweave (AR) is a cryptocurrency.,CCC,https://www.arweave.org,ar jpy,6
AR-KRW,Arweave KRW,AR,KRW,Arweave (AR) is a cryptocurrency.,CCC,https://www.arweave.org,ar krw,0
AR-RUB,Arweave RUB,AR,RUB,Arweave (AR) is a cryptocurrency.,CCC,https://www.arweave.org,ar rub,2
AR-USD,Arweave USD,AR,USD,Arweave (AR) is a cryptocurrency.,CCC,https://www.arweave.org,ar usd,3
ARDR-CAD,Ardor CAD,ARDR,CAD,Ardor (ARDR) is a cryptocurrency.,CCC,https://www.jelurida.com/ardor,ardr cad,0
ARDR-CNY,Ardor CNY,ARDR,CNY,Ardor (ARDR) is a cryptocurrency.,CCC,https://www.jelurida.com/ardor,ardr cny,0
ARDR-ETH,Ardor ETH,ARDR,ETH,Ardor (ARDR) is a cryptocurrency.,CCC,https://www.jelurida.com/ardor,ardr eth,1
ARDR-EUR,Ardor EUR,ARDR,EUR,Ardor (ARDR) is a cryptocurrency.,CCC,https://www.jelurida.com/ardor,ardr eur,0
ARDR-GBP,Ardor GBP,ARDR,GBP,Ardor (ARDR) is a cryptocurrency.,CCC,https://www.jelurida.com/ardor,ardr gbp,5
ARDR-INR,Ardor INR,ARDR,INR,Ardor (ARDR) is a cryptocurrency.,CCC,https://www.jelurida.com/ardor,ardr inr,4
ARDR-JPY,Ardor JPY,ARDR,JPY,Ardor (ARDR) is a cryptocurrency.,CCC,https://www.jelurida.com/ardor,ardr jpy,6
ARDR-KRW,Ardor KRW,ARDR,KRW,Ardor (ARDR) is a cryptocurrency.,CCC,https://www.jelurida.com/ardor,ardr krw,0
ARDR-RUB,Ardor RUB,ARDR,RUB,Ardor (ARDR) is a cryptocurrency.,CCC,https://www.jelurida.com/ardor,ardr rub,2
ARDR-USD,Ardor USD,ARDR,USD,Ardor (ARDR) is a cryptocurrency.,CCC,https://www.jelurida.com/ardor,ardr usd,3
ARRR-AUD,PirateChain AUD,ARRR,AUD,Pirate Chain (ARRR) is a cryptocurrency. Users are able to generate ARRR through the process of mining.,CCC,https://pirate.black/,arrr aud,0
ARRR-BTC,PirateChain BTC,ARRR,BTC,Pirate Chain (ARRR) is a cryptocurrency. Users are able to generate ARRR through the process of mining.,CCC,https://pirate.black/,arrr btc,0
ARRR-CAD,PirateChain CAD,ARRR,CAD,Pirate Chain (ARRR) is a cryptocurrency. Users are able to generate ARRR through the process of mining.,CCC,https://pirate.black/,arrr cad,0
ARRR-CNY,PirateChain CNY,ARRR,CNY,Pirate Chain (ARRR) is a cryptocurrency. Users are able to generate ARRR through the process of mining.,CCC,https://pirate.black/,arrr cny,0
ARRR-ETH,PirateChain ETH,ARRR,ETH,Pirate Chain (ARRR) is a cryptocurrency. Users are able to generate ARRR through the process of mining.,CCC,https://pirate.black/,arrr eth,1
ARRR-EUR,PirateChain EUR,ARRR,EUR,Pirate Chain (ARRR) is a cryptocurrency. Users are able to generate ARRR through the process of mining.,CCC,https://pirate.black/,arrr eur,0
ARRR-GBP,PirateChain GBP,ARRR,GBP,Pirate Chain (ARRR) is a cryptocurrency. Users are able to generate ARRR through the process of mining.,CCC,https://pirate.black/,arrr gbp,5
ARRR-INR,PirateChain INR,ARRR,INR,Pirate Chain (ARRR) is a cryptocurrency. Users are able to generate ARRR through the process of mining.,CCC,https://pirate.black/,arrr inr,4
ARRR-JPY,PirateChain JPY,ARRR,JPY,Pirate Chain (ARRR) is a cryptocurrency. Users are able to generate ARRR through the process of mining.,CCC,https://pirate.black/,arrr jpy,6
ARRR-KRW,PirateChain KRW,ARRR,KRW,Pirate Chain (ARRR) is a cryptocurrency. Users are able to generate ARRR through the process of mining.,CCC,https://pirate.black/,arrr krw,0
ARRR-RUB,PirateChain RUB,ARRR,RUB,Pirate Chain (ARRR) is a cryptocurrency. Users are able to generate ARRR through the process of mining.,CCC,https://pirate.black/,arrr rub,2
ARRR-USD,PirateChain USD,ARRR,USD,Pirate Chain (ARRR) is a cryptocurrency. Users are able to generate ARRR through the process of mining.,CCC,https://pirate.black/,arrr usd,3
ATB-AUD,ATBCoin AUD,ATB,AUD,ATBCoin (ATB) is a cryptocurrency. Users are able to generate ATB through the process of mining.,CCC,https://atbcoin.com/,atb aud,0
ATB-BTC,ATBCoin BTC,ATB,BTC,ATBCoin (ATB) is a cryptocurrency. Users are able to generate ATB through the process of mining.,CCC,https://atbcoin.com/,atb btc,0
ATB-ETH,ATBCoin ETH,ATB,ETH,ATBCoin (ATB) is a cryptocurrency. Users are able to generate ATB through the process of mining.,CCC,https://atbcoin.com/,atb eth,1
ATB-EUR,ATBCoin EUR,ATB,EUR,ATBCoin (ATB) is a cryptocurrency. Users are able to generate ATB through the process of mining.,CCC,https://atbcoin.com/,atb eur,0
ATB-GBP,ATBCoin GBP,ATB,GBP,ATBCoin (ATB) is a cryptocurrency. Users are able to generate ATB through the process of mining.,CCC,https://atbcoin.com/,atb gbp,5
ATB-INR,ATBCoin INR,ATB,INR,ATBCoin (ATB) is a cryptocurrency. Users are able to generate ATB through the process of mining.,CCC,https://atbcoin.com/,atb inr,4
ATB-JPY,ATBCoin JPY,ATB,JPY,ATBCoin (ATB) is a cryptocurrency. Users are able to generate ATB through the process of mining.,CCC,https://atbcoin.com/,atb jpy,6
ATB-KRW,ATBCoin KRW,ATB,KRW,ATBCoin (ATB) is a cryptocurrency. Users are able to generate ATB through the process of mining.,CCC,https://atbcoin.com/,atb krw,0
ATB-RUB,ATBCoin RUB,ATB,RUB,ATBCoin (ATB) is a cryptocurrency. Users are able to generate ATB through the process of mining.,CCC,https://atbcoin.com/,atb rub,2
ATB-USD,ATBCoin USD,ATB,USD,ATBCoin (ATB) is a cryptocurrency. Users are able to generate ATB through the process of mining.,CCC,https://atbcoin.com/,atb usd,3
ATOM1-CAD,Cosmos CAD,ATOM1,CAD,Cosmos (ATOM) is a cryptocurrency.,CCC,https://cosmos.network/,atom cad,0
ATOM1-CNY,Cosmos CNY,ATOM1,CNY,Cosmos (ATOM) is a cryptocurrency.,CCC,https://cosmos.network/,atom cny,0
ATOM1-ETH,Cosmos ETH,ATOM1,ETH,Cosmos (ATOM) is a cryptocurrency.,CCC,https://cosmos.network/,atom eth,1
ATOM1-EUR,Cosmos EUR,ATOM1,EUR,Cosmos (ATOM) is a cryptocurrency.,CCC,https://cosmos.network/,atom eur,0
ATOM1-GBP,Cosmos GBP,ATOM1,GBP,Cosmos (ATOM) is a cryptocurrency.,CCC,https://cosmos.network/,atom gbp,5
ATOM1-INR,Cosmos INR,ATOM1,INR,Cosmos (ATOM) is a cryptocurrency.,CCC,https://cosmos.network/,atom inr,4
ATOM1-JPY,Cosmos JPY,ATOM1,JPY,Cosmos (ATOM) is a cryptocurrency.,CCC,https://cosmos.network/,atom jpy,6
ATOM1-KRW,Cosmos KRW,ATOM1,KRW,Cosmos (ATOM) is a cryptocurrency.,CCC,https://cosmos.network/,atom krw,0
ATOM1-RUB,Cosmos RUB,ATOM1,RUB,Cosmos (ATOM) is a cryptocurrency.,CCC,https://cosmos.network/,atom rub,2
ATOM1-USD,Cosmos USD,ATOM1,USD,Cosmos (ATOM) is a cryptocurrency.,CCC,https://cosmos.network/,atom usd,3
ATRI-CAD,AtariToken CAD,ATRI,CAD,Atari Token (ATRI) is a cryptocurrency and operates on the Ethereum platform.,CCC,https://www.atarichain.com/,atri cad,0
ATRI-CNY,AtariToken CNY,ATRI,CNY,Atari Token (ATRI) is a cryptocurrency and operates on the Ethereum platform.,CCC,https://www.atarichain.com/,atri cny,0
ATRI-ETH,AtariToken ETH,ATRI,ETH,Atari Token (ATRI) is a cryptocurrency and operates on the Ethereum platform.,CCC,https://www.atarichain.com/,atri eth,1
ATRI-EUR,AtariToken EUR,ATRI,EUR,Atari Token (ATRI) is a cryptocurrency and operates on the Ethereum platform.,CCC,https://www.atarichain.com/,atri eur,0
ATRI-GBP,AtariToken GBP,ATRI,GBP,Atari Token (ATRI) is a cryptocurrency and operates on the Ethereum platform.,CCC,https://www.atarichain.com/,atri gbp,5
ATRI-INR,AtariToken INR,ATRI,INR,Atari Token (ATRI) is a cryptocurrency and operates on the Ethereum platform.,CCC,https://www.atarichain.com/,atri inr,4
ATRI-JPY,AtariToken JPY,ATRI,JPY,Atari Token (ATRI) is a cryptocurrency and operates on the Ethereum platform.,CCC,https://www.atarichain.com/,atri jpy,6
ATRI-KRW,AtariToken KRW,ATRI,KRW,Atari Token (ATRI) is a cryptocurrency and operates on the Ethereum platform.,CCC,https://www.atarichain.com/,atri krw,0
ATRI-RUB,AtariToken RUB,ATRI,RUB,Atari Token (ATRI) is a cryptocurrency and operates on the Ethereum platform.,CCC,https://www.atarichain.com/,atri rub,2
ATRI-USD,AtariToken USD,ATRI,USD,Atari Token (ATRI) is a cryptocurrency and operates on the Ethereum platform.,CCC,https://www.atarichain.com/,atri usd,3
AVA-AUD,Travalacom AUD,AVA,AUD,Travala.com (AVA) is a cryptocurrency and operates on the Binance Chain platform.,CCC,https://www.travala.com/,ava aud,0
AVA-CAD,Travalacom CAD,AVA,CAD,Travala.com (AVA) is a cryptocurrency and operates on the Binance Chain platform.,CCC,https://www.travala.com/,ava cad,0
AVA-CNY,Travalacom CNY,AVA,CNY,Travala.com (AVA) is a cryptocurrency and operates on the Binance Chain platform.,CCC,https://www.travala.com/,ava cny,0
AVA-ETH,Travalacom ETH,AVA,ETH,Travala.com (AVA) is a cryptocurrency and operates on the Binance Chain platform.,CCC,https://www.travala.com/,ava eth,1
AVA-EUR,Travalacom EUR,AVA,EUR,Travala.com (AVA) is a cryptocurrency and operates on the Binance Chain platform.,CCC,https://www.travala.com/,ava eur,0
AVA-GBP,Travalacom GBP,AVA,GBP,Travala.com (AVA) is a cryptocurrency and operates on the Binance Chain platform.,CCC,https://www.travala.com/,ava gbp,5
AVA-INR,Travalacom INR,AVA,INR,Travala.com (AVA) is a cryptocurrency and operates on the Binance Chain platform.,CCC,https://www.travala.com/,ava inr,4
AVA-JPY,Travalacom JPY,AVA,JPY,Travala.com (AVA) is a cryptocurrency and operates on the Binance Chain platform.,CCC,https://www.travala.com/,ava jpy,6
AVA-KRW,Travalacom KRW,AVA,KRW,Travala.com (AVA) is a cryptocurrency and operates on the Binance Chain platform.,CCC,https://www.travala.com/,ava krw,0
AVA-RUB,Travalacom RUB,AVA,RUB,Travala.com (AVA) is a cryptocurrency and operates on the Binance Chain platform.,CCC,https://www.travala.com/,ava rub,2
AVA-USD,Travalacom USD,AVA,USD,Travala.com (AVA) is a cryptocurrency and operates on the Binance Chain platform.,CCC,https://www.travala.com/,ava usd,3
AVAX-CAD,Avalanche CAD,AVAX,CAD,Avalanche (AVAX) is a cryptocurrency launched in 2020.,CCC,https://www.avalabs.org/,avax cad,0
AVAX-CNY,Avalanche CNY,AVAX,CNY,Avalanche (AVAX) is a cryptocurrency launched in 2020.,CCC,https://www.avalabs.org/,avax cny,0
AVAX-ETH,Avalanche ETH,AVAX,ETH,Avalanche (AVAX) is a cryptocurrency launched in 2020.,CCC,https://www.avalabs.org/,avax eth,1
AVAX-EUR,Avalanche EUR,AVAX,EUR,Avalanche (AVAX) is a cryptocurrency launched in 2020.,CCC,https://www.avalabs.org/,avax eur,0
AVAX-GBP,Avalanche GBP,AVAX,GBP,Avalanche (AVAX) is a cryptocurrency launched in 2020.,CCC,https://www.avalabs.org/,avax gbp,5
AVAX-INR,Avalanche INR,AVAX,INR,Avalanche (AVAX) is a cryptocurrency launched in 2020.,CCC,https://www.avalabs.org/,avax inr,4
AVAX-JPY,Avalanche JPY,AVAX,JPY,Avalanche (AVAX) is a cryptocurrency launched in 2020.,CCC,https://www.avalabs.org/,avax jpy,6
AVAX-KRW,Avalanche KRW,AVAX,KRW,Avalanche (AVAX) is a cryptocurrency launched in 2020.,CCC,https://www.avalabs.org/,avax krw,0
AVAX-RUB,Avalanche RUB,AVAX,RUB,Avalanche (AVAX) is a cryptocurrency launched in 2020.,CCC,https://www.avalabs.org/,avax rub,2
AVAX-USD,Avalanche USD,AVAX,USD,Avalanche (AVAX) is a cryptocurrency launched in 2020.,CCC,https://www.avalabs.org/,avax usd,3
AXEL-EUR,AXEL EUR,AXEL,EUR,AXEL (AXEL) is a cryptocurrency.,CCC,https://axel.network/,axel eur,0
AXEL-GBP,AXEL GBP,AXEL,GBP,AXEL (AXEL) is a cryptocurrency.,CCC,https://axel.network/,axel gbp,5
AXEL-INR,AXEL INR,AXEL,INR,AXEL (AXEL) is a cryptocurrency.,CCC,https://axel.network/,axel inr,4
AXEL-JPY,AXEL JPY,AXEL,JPY,AXEL (AXEL) is a cryptocurrency.,CCC,https://axel.network/,axel jpy,6
AXEL-KRW,AXEL KRW,AXEL,KRW,AXEL (AXEL) is a cryptocurrency.,CCC,https://axel.network/,axel krw,0
AXEL-RUB,AXEL RUB,AXEL,RUB,AXEL (AXEL) is a cryptocurrency.,CCC,https://axel.network/,axel rub,2
AXEL-USD,AXEL USD,AXEL,USD,AXEL (AXEL) is a cryptocurrency.,CCC,https://axel.network/,axel usd,3
BAND-CAD,BandProtocol CAD,BAND,CAD,Band Protocol (BAND) is a cryptocurrency and operates on the Ethereum platform.,CCC,https://bandprotocol.com/,band cad,0
BAND-CNY,BandProtocol CNY,BAND,CNY,Band Protocol (BAND) is a cryptocurrency and operates on the Ethereum platform.,CCC,https://bandprotocol.com/,band cny,0
BAND-ETH,BandProtocol ETH,BAND,ETH,Band Protocol (BAND) is a cryptocurrency and operates on the Ethereum platform.,CCC,https://bandprotocol.com/,band eth,1
BAND-EUR,BandProtocol EUR,BAND,EUR,Band Protocol (BAND) is a cryptocurrency and operates on the Ethereum platform.,CCC,https://bandprotocol.com/,band eur,0
BAND-GBP,BandProtocol GBP,BAND,GBP,Band Protocol (BAND) is a cryptocurrency and operates on the Ethereum platform.,CCC,https://bandprotocol.com/,band gbp,5
BAND-INR,BandProtocol INR,BAND,INR,Band Protocol (BAND) is a cryptocurrency and operates on the Ethereum platform.,CCC,https://bandprotocol.com/,band inr,4
BAND-JPY,BandProtocol JPY,BAND,JPY,Band Protocol (BAND) is a cryptocurrency and operates on the Ethereum platform.,CCC,https://bandprotocol.com/,band jpy,6
BAND-KRW,BandProtocol KRW,BAND,KRW,Band Protocol (BAND) is a cryptocurrency and operates on the Ethereum platform.,CCC,https://bandprotocol.com/,band krw,0
BAND-RUB,BandProtocol RUB,BAND,RUB,Band Protocol (BAND) is a cryptocurrency and operates on the Ethereum platform.,CCC,https://bandprotocol.com/,band rub,2
BAND-USD,BandProtocol USD,BAND,USD,Band Protocol (BAND) is a cryptocurrency and operates on the Ethereum platform.,CCC,https://bandprotocol.com/,band usd,3
BAT-AUD,BasicAttentionToken AUD,BAT,AUD,Basic Attention Token (BAT) is a cryptocurrency and operates on the Ethereum platform.,CCC,https://basicattentiontoken.org/,bat aud,0
BAT-BTC,BasicAttentionToken BTC,BAT,BTC,Basic Attention Token (BAT) is a cryptocurrency and operates on the Ethereum platform.,CCC,https://basicattentiontoken.org/,bat btc,0
BAT-CAD,BasicAttentionToken CAD,BAT,CAD,Basic Attention Token (BAT) is a cryptocurrency and operates on the Ethereum platform.,CCC,https://basicattentiontoken.org/,bat cad,0
BAT-CNY,BasicAttentionToken CNY,BAT,CNY,Basic Attention Token (BAT) is a cryptocurrency and operates on the Ethereum platform.,CCC,https://basicattentiontoken.org/,bat cny,0
BAT-ETH,BasicAttentionToken ETH,BAT,ETH,Basic Attention Token (BAT) is a cryptocurrency and operates on the Ethereum platform.,CCC,https://basicattentiontoken.org/,bat eth,1
BAT-EUR,BasicAttentionToken EUR,BAT,EUR,Basic Attention Token (BAT) is a cryptocurrency and operates on the Ethereum platform.,CCC,https://basicattentiontoken.org/,bat eur,0
BAT-GBP,BasicAttentionToken GBP,BAT,GBP,Basic Attention Token (BAT) is a cryptocurrency and operates on the Ethereum platform.,CCC,https://basicattentiontoken.org/,bat gbp,5
BAT-INR,BasicAttentionToken INR,BAT,INR,Basic Attention Token (BAT) is a cryptocurrency and operates on the Ethereum platform.,CCC,https://basicattentiontoken.org/,bat inr,4
BAT-JPY,BasicAttentionToken JPY,BAT,JPY,Basic Attention Token (BAT) is a cryptocurrency and operates on the Ethereum platform.,CCC,https://basicattentiontoken.org/,bat jpy,6
BAT-KRW,BasicAttentionToken KRW,BAT,KRW,Basic Attention Token (BAT) is a cryptocurrency and operates on the Ethereum platform.,CCC,https://basicattentiontoken.org/,bat krw,0
BAT-RUB,BasicAttentionToken RUB,BAT,RUB,Basic Attention Token (BAT) is a cryptocurrency and operates on the Ethereum platform.,CCC,https://basicattentiontoken.org/,bat rub,2
BAT-USD,BasicAttentionToken USD,BAT,USD,Basic Attention Token (BAT) is a cryptocurrency and operates on the Ethereum platform.,CCC,https://basicattentiontoken.org/,bat usd,3
BCA-CAD,BitcoinAtom CAD,BCA,CAD,Bitcoin Atom (BCA) is a cryptocurrency. Users are able to generate BCA through the process of mining.,CCC,https://bitcoinatom.io/,bca cad,0
BCA-CNY,BitcoinAtom CNY,BCA,CNY,Bitcoin Atom (BCA) is a cryptocurrency. Users are able to generate BCA through the process of mining.,CCC,https://bitcoinatom.io/,bca cny,0
BCA-ETH,BitcoinAtom ETH,BCA,ETH,Bitcoin Atom (BCA) is a cryptocurrency. Users are able to generate BCA through the process of mining.,CCC,https://bitcoinatom.io/,bca eth,1
BCA-EUR,BitcoinAtom EUR,BCA,EUR,Bitcoin Atom (BCA) is a cryptocurrency. Users are able to generate BCA through the process of mining.,CCC,https://bitcoinatom.io/,bca eur,0
BCA-GBP,BitcoinAtom GBP,BCA,GBP,Bitcoin Atom (BCA) is a cryptocurrency. Users are able to generate BCA through the process of mining.,CCC,https://bitcoinatom.io/,bca gbp,5
BCA-INR,BitcoinAtom INR,BCA,INR,Bitcoin Atom (BCA) is a cryptocurrency. Users are able to generate BCA through the process of mining.,CCC,https://bitcoinatom.io/,bca inr,4
BCA-JPY,BitcoinAtom JPY,BCA,JPY,Bitcoin Atom (BCA) is a cryptocurrency. Users are able to generate BCA through the process of mining.,CCC,https://bitcoinatom.io/,bca jpy,6
BCA-KRW,BitcoinAtom KRW,BCA,KRW,Bitcoin Atom (BCA) is a cryptocurrency. Users are able to generate BCA through the process of mining.,CCC,https://bitcoinatom.io/,bca krw,0
BCA-RUB,BitcoinAtom RUB,BCA,RUB,Bitcoin Atom (BCA) is a cryptocurrency. Users are able to generate BCA through the process of mining.,CCC,https://bitcoinatom.io/,bca rub,2
BCA-USD,BitcoinAtom USD,BCA,USD,Bitcoin Atom (BCA) is a cryptocurrency. Users are able to generate BCA through the process of mining.,CCC,https://bitcoinatom.io/,bca usd,3
BCD-AUD,BitcoinDiamond AUD,BCD,AUD,Bitcoin Diamond (BCD) is a cryptocurrency. Users are able to generate BCD through the process of mining.,CCC,https://www.bitcoindiamond.org/,bcd aud,0
BCD-BTC,BitcoinDiamond BTC,BCD,BTC,Bitcoin Diamond (BCD) is a cryptocurrency. Users are able to generate BCD through the process of mining.,CCC,https://www.bitcoindiamond.org/,bcd btc,0
BCD-CAD,BitcoinDiamond CAD,BCD,CAD,Bitcoin Diamond (BCD) is a cryptocurrency. Users are able to generate BCD through the process of mining.,CCC,https://www.bitcoindiamond.org/,bcd cad,0
BCD-ETH,BitcoinDiamond ETH,BCD,ETH,Bitcoin Diamond (BCD) is a cryptocurrency. Users are able to generate BCD through the process of mining.,CCC,https://www.bitcoindiamond.org/,bcd eth,1
BCD-EUR,BitcoinDiamond EUR,BCD,EUR,Bitcoin Diamond (BCD) is a cryptocurrency. Users are able to generate BCD through the process of mining.,CCC,https://www.bitcoindiamond.org/,bcd eur,0
BCD-GBP,BitcoinDiamond GBP,BCD,GBP,Bitcoin Diamond (BCD) is a cryptocurrency. Users are able to generate BCD through the process of mining.,CCC,https://www.bitcoindiamond.org/,bcd gbp,5
BCD-INR,BitcoinDiamond INR,BCD,INR,Bitcoin Diamond (BCD) is a cryptocurrency. Users are able to generate BCD through the process of mining.,CCC,https://www.bitcoindiamond.org/,bcd inr,4
BCD-JPY,BitcoinDiamond JPY,BCD,JPY,Bitcoin Diamond (BCD) is a cryptocurrency. Users are able to generate BCD through the process of mining.,CCC,https://www.bitcoindiamond.org/,bcd jpy,6
BCD-KRW,BitcoinDiamond KRW,BCD,KRW,Bitcoin Diamond (BCD) is a cryptocurrency. Users are able to generate BCD through the process of mining.,CCC,https://www.bitcoindiamond.org/,bcd krw,0
BCD-RUB,BitcoinDiamond RUB,BCD,RUB,Bitcoin Diamond (BCD) is a cryptocurrency. Users are able to generate BCD through the process of mining.,CCC,https://www.bitcoindiamond.org/,bcd rub,2
BCD-USD,BitcoinDiamond USD,BCD,USD,Bitcoin Diamond (BCD) is a cryptocurrency. Users are able to generate BCD through the process of mining.,CCC,https://www.bitcoindiamond.org/,bcd usd,3
BCH-AUD,BitcoinCash AUD,BCH,AUD,Bitcoin Cash (BCH) is a cryptocurrency. Users are able to generate BCH through the process of mining.,CCC,http://bch.info,bch aud,0
BCH-BTC,BitcoinCash BTC,BCH,BTC,Bitcoin Cash (BCH) is a cryptocurrency. Users are able to generate BCH through the process of mining.,CCC,http://bch.info,bch btc,0
BCH-CAD,BitcoinCash CAD,BCH,CAD,Bitcoin Cash (BCH) is a cryptocurrency. Users are able to generate BCH through the process of mining.,CCC,http://bch.info,bch cad,0
BCH-CNY,BitcoinCash CNY,BCH,CNY,Bitcoin Cash (BCH) is a cryptocurrency. Users are able to generate BCH through the process of mining.,CCC,http://bch.info,bch cny,0
BCH-ETH,BitcoinCash ETH,BCH,ETH,Bitcoin Cash (BCH) is a cryptocurrency. Users are able to generate BCH through the process of mining.,CCC,http://bch.info,bch eth,1
BCH-EUR,BitcoinCash EUR,BCH,EUR,Bitcoin Cash (BCH) is a cryptocurrency. Users are able to generate BCH through the process of mining.,CCC,http://bch.info,bch eur,0
BCH-GBP,BitcoinCash GBP,BCH,GBP,Bitcoin Cash (BCH) is a cryptocurrency. Users are able to generate BCH through the process of mining.,CCC,http://bch.info,bch gbp,5
BCH-INR,BitcoinCash INR,BCH,INR,Bitcoin Cash (BCH) is a cryptocurrency. Users are able to generate BCH through the process of mining.,CCC,http://bch.info,bch inr,4
BCH-JPY,BitcoinCash JPY,BCH,JPY,Bitcoin Cash (BCH) is a cryptocurrency. Users are able to generate BCH through the process of mining.,CCC,http://bch.info,bch jpy,6
BCH-KRW,BitcoinCash KRW,BCH,KRW,Bitcoin Cash (BCH) is a cryptocurrency. Users are able to generate BCH through the process of mining.,CCC,http://bch.info,bch krw,0
BCH-RUB,BitcoinCash RUB,BCH,RUB,Bitcoin Cash (BCH) is a cryptocurrency. Users are able to generate BCH through the process of mining.,CCC,http://bch.info,bch rub,2
BCH-USD,BitcoinCash USD,BCH,USD,Bitcoin Cash (BCH) is a cryptocurrency. Users are able to generate BCH through the process of mining.,CCC,http://bch.info,bch usd,3
BCN-AUD,Bytecoin AUD,BCN,AUD,Bytecoin (BCN) is a cryptocurrency. Users are able to generate BCN through the process of mining.,CCC,https://bytecoin.org/,bcn aud,0
BCN-BTC,Bytecoin BTC,BCN,BTC,Bytecoin (BCN) is a cryptocurrency. Users are able to generate BCN through the process of mining.,CCC,https://bytecoin.org/,bcn btc,0
BCN-CAD,Bytecoin CAD,BCN,CAD,Bytecoin (BCN) is a cryptocurrency. Users are able to generate BCN through the process of mining.,CCC,https://bytecoin.org/,bcn cad,0
BCN-ETH,Bytecoin ETH,BCN,ETH,Bytecoin (BCN) is a cryptocurrency. Users are able to generate BCN through the process of mining.,CCC,https://bytecoin.org/,bcn eth,1
BCN-EUR,Bytecoin EUR,BCN,EUR,Bytecoin (BCN) is a cryptocurrency. Users are able to generate BCN through the process of mining.,CCC,https://bytecoin.org/,bcn eur,0
BCN-GBP,Bytecoin GBP,BCN,GBP,Bytecoin (BCN) is a cryptocurrency. Users are able to generate BCN through the process of mining.,CCC,https://bytecoin.org/,bcn gbp,5
BCN-INR,Bytecoin INR,BCN,INR,Bytecoin (BCN) is a cryptocurrency. Users are able to generate BCN through the process of mining.,CCC,https://bytecoin.org/,bcn inr,4
BCN-JPY,Bytecoin JPY,BCN,JPY,Bytecoin (BCN) is a cryptocurrency. Users are able to generate BCN through the process of mining.,CCC,https://bytecoin.org/,bcn jpy,6
BCN-KRW,Bytecoin KRW,BCN,KRW,Bytecoin (BCN) is a cryptocurrency. Users are able to generate BCN through the process of mining.,CCC,https://bytecoin.org/,bcn krw,0
BCN-RUB,Bytecoin RUB,BCN,RUB,Bytecoin (BCN) is a cryptocurrency. Users are able to generate BCN through the process of mining.,CCC,https://bytecoin.org/,bcn rub,2
BCN-USD,Bytecoin USD,BCN,USD,Bytecoin (BCN) is a cryptocurrency. Users are able to generate BCN through the process of mining.,CCC,https://bytecoin.org/,bcn usd,3
BDX-CAD,Beldex CAD,BDX,CAD,Beldex (BDX) is a cryptocurrency.,CCC,https://beldex.io/,bdx cad,0
BDX-CNY,Beldex CNY,BDX,CNY,Beldex (BDX) is a cryptocurrency.,CCC,https://beldex.io/,bdx cny,0
BDX-ETH,Beldex ETH,BDX,ETH,Beldex (BDX) is a cryptocurrency.,CCC,https://beldex.io/,bdx eth,1
BDX-EUR,Beldex EUR,BDX,EUR,Beldex (BDX) is a cryptocurrency.,CCC,https://beldex.io/,bdx eur,0
BDX-GBP,Beldex GBP,BDX,GBP,Beldex (BDX) is a cryptocurrency.,CCC,https://beldex.io/,bdx gbp,5
BDX-INR,Beldex INR,BDX,INR,Beldex (BDX) is a cryptocurrency.,CCC,https://beldex.io/,bdx inr,4
BDX-JPY,Beldex JPY,BDX,JPY,Beldex (BDX) is a cryptocurrency.,CCC,https://beldex.io/,bdx jpy,6
BDX-KRW,Beldex KRW,BDX,KRW,Beldex (BDX) is a cryptocurrency.,CCC,https://beldex.io/,bdx krw,0
BDX-RUB,Beldex RUB,BDX,RUB,Beldex (BDX) is a cryptocurrency.,CCC,https://beldex.io/,bdx rub,2
BDX-USD,Beldex USD,BDX,USD,Beldex (BDX) is a cryptocurrency.,CCC,https://beldex.io/,bdx usd,3
BEPRO-CAD,BetProtocol CAD,BEPRO,CAD,BEPRO Network (BEPRO) is a cryptocurrency and operates on the Ethereum platform.,CCC,https://bepro.network,bepro cad,0
BEPRO-CNY,BetProtocol CNY,BEPRO,CNY,BEPRO Network (BEPRO) is a cryptocurrency and operates on the Ethereum platform.,CCC,https://bepro.network,bepro cny,0
BEPRO-ETH,BetProtocol ETH,BEPRO,ETH,BEPRO Network (BEPRO) is a cryptocurrency and operates on the Ethereum platform.,CCC,https://bepro.network,bepro eth,1
BEPRO-EUR,BetProtocol EUR,BEPRO,EUR,BEPRO Network (BEPRO) is a cryptocurrency and operates on the Ethereum platform.,CCC,https://bepro.network,bepro eur,0
BEPRO-GBP,BetProtocol GBP,BEPRO,GBP,BEPRO Network (BEPRO) is a cryptocurrency and operates on the Ethereum platform.,CCC,https://bepro.network,bepro gbp,5
BEPRO-INR,BetProtocol INR,BEPRO,INR,BEPRO Network (BEPRO) is a cryptocurrency and operates on the Ethereum platform.,CCC,https://bepro.network,bepro inr,4
BEPRO-JPY,BetProtocol JPY,BEPRO,JPY,BEPRO Network (BEPRO) is a cryptocurrency and operates on the Ethereum platform.,CCC,https://bepro.network,bepro jpy,6
BEPRO-KRW,BetProtocol KRW,BEPRO,KRW,BEPRO Network (BEPRO) is a cryptocurrency and operates on the Ethereum platform.,CCC,https://bepro.network,bepro krw,0
BEPRO-RUB,BetProtocol RUB,BEPRO,RUB,BEPRO Network (BEPRO) is a cryptocurrency and operates on the Ethereum platform.,CCC,https://bepro.network,bepro rub,2
BEPRO-USD,BetProtocol USD,BEPRO,USD,BEPRO Network (BEPRO) is a cryptocurrency and operates on the Ethereum platform.,CCC,https://bepro.network,bepro usd,3
BHD-CAD,BitcoinHD CAD,BHD,CAD,BitcoinHD (BHD) is a cryptocurrency.,CCC,http://www.btchd.org/,bhd cad,0
BHD-CNY,BitcoinHD CNY,BHD,CNY,BitcoinHD (BHD) is a cryptocurrency.,CCC,http://www.btchd.org/,bhd cny,0
BHD-ETH,BitcoinHD ETH,BHD,ETH,BitcoinHD (BHD) is a cryptocurrency.,CCC,http://www.btchd.org/,bhd eth,1
BHD-EUR,BitcoinHD EUR,BHD,EUR,BitcoinHD (BHD) is a cryptocurrency.,CCC,http://www.btchd.org/,bhd eur,0
BHD-GBP,BitcoinHD GBP,BHD,GBP,BitcoinHD (BHD) is a cryptocurrency.,CCC,http://www.btchd.org/,bhd gbp,5
BHD-INR,BitcoinHD INR,BHD,INR,BitcoinHD (BHD) is a cryptocurrency.,CCC,http://www.btchd.org/,bhd inr,4
BHD-JPY,BitcoinHD JPY,BHD,JPY,BitcoinHD (BHD) is a cryptocurrency.,CCC,http://www.btchd.org/,bhd jpy,6
BHD-KRW,BitcoinHD KRW,BHD,KRW,BitcoinHD (BHD) is a cryptocurrency.,CCC,http://www.btchd.org/,bhd krw,0
BHD-RUB,BitcoinHD RUB,BHD,RUB,BitcoinHD (BHD) is a cryptocurrency.,CCC,http://www.btchd.org/,bhd rub,2
BHD-USD,BitcoinHD USD,BHD,USD,BitcoinHD (BHD) is a cryptocurrency.,CCC,http://www.btchd.org/,bhd usd,3
BHP-CAD,BHPCoin CAD,BHP,CAD,BHPCoin (BHP) is a cryptocurrency.,CCC,https://www.bhpa.io/#/,bhp cad,0
BHP-CNY,BHPCoin CNY,BHP,CNY,BHPCoin (BHP) is a cryptocurrency.,CCC,https://www.bhpa.io/#/,bhp cny,0
BHP-ETH,BHPCoin ETH,BHP,ETH,BHPCoin (BHP) is a cryptocurrency.,CCC,https://www.bhpa.io/#/,bhp eth,1
BHP-EUR,BHPCoin EUR,BHP,EUR,BHPCoin (BHP) is a cryptocurrency.,CCC,https://www.bhpa.io/#/,bhp eur,0
BHP-GBP,BHPCoin GBP,BHP,GBP,BHPCoin (BHP) is a cryptocurrency.,CCC,https://www.bhpa.io/#/,bhp gbp,5
BHP-INR,BHPCoin INR,BHP,INR,BHPCoin (BHP) is a cryptocurrency.,CCC,https://www.bhpa.io/#/,bhp inr,4
BHP-JPY,BHPCoin JPY,BHP,JPY,BHPCoin (BHP) is a cryptocurrency.,CCC,https://www.bhpa.io/#/,bhp jpy,6
BHP-KRW,BHPCoin KRW,BHP,KRW,BHPCoin (BHP) is a cryptocurrency.,CCC,https://www.bhpa.io/#/,bhp krw,0
BHP-RUB,BHPCoin RUB,BHP,RUB,BHPCoin (BHP) is a cryptocurrency.,CCC,https://www.bhpa.io/#/,bhp rub,2
BHP-USD,BHPCoin USD,BHP,USD,BHPCoin (BHP) is a cryptocurrency.,CCC,https://www.bhpa.io/#/,bhp usd,3
BIP-AUD,MinterNetwork AUD,BIP,AUD,Minter Network (BIP) is a cryptocurrency.,CCC,https://minter.org/,bip aud,0
BIP-BTC,MinterNetwork BTC,BIP,BTC,Minter Network (BIP) is a cryptocurrency.,CCC,https://minter.org/,bip btc,0
BIP-CAD,MinterNetwork CAD,BIP,CAD,Minter Network (BIP) is a cryptocurrency.,CCC,https://minter.org/,bip cad,0
BIP-CNY,MinterNetwork CNY,BIP,CNY,Minter Network (BIP) is a cryptocurrency.,CCC,https://minter.org/,bip cny,0
BIP-ETH,MinterNetwork ETH,BIP,ETH,Minter Network (BIP) is a cryptocurrency.,CCC,https://minter.org/,bip eth,1
BIP-EUR,MinterNetwork EUR,BIP,EUR,Minter Network (BIP) is a cryptocurrency.,CCC,https://minter.org/,bip eur,0
BIP-GBP,MinterNetwork GBP,BIP,GBP,Minter Network (BIP) is a cryptocurrency.,CCC,https://minter.org/,bip gbp,5
BIP-INR,MinterNetwork INR,BIP,INR,Minter Network (BIP) is a cryptocurrency.,CCC,https://minter.org/,bip inr,4
BIP-JPY,MinterNetwork JPY,BIP,JPY,Minter Network (BIP) is a cryptocurrency.,CCC,https://minter.org/,bip jpy,6
BIP-KRW,MinterNetwork KRW,BIP,KRW,Minter Network (BIP) is a cryptocurrency.,CCC,https://minter.org/,bip krw,0
BIP-RUB,MinterNetwork RUB,BIP,RUB,Minter Network (BIP) is a cryptocurrency.,CCC,https://minter.org/,bip rub,2
BIP-USD,MinterNetwork USD,BIP,USD,Minter Network (BIP) is a cryptocurrency.,CCC,https://minter.org/,bip usd,3
BLK-BTC,BlackCoin BTC,BLK,BTC,BlackCoin (BLK) is a cryptocurrency.,CCC,https://blackcoin.org/,blk btc,0
BLK-CAD,BlackCoin CAD,BLK,CAD,BlackCoin (BLK) is a cryptocurrency.,CCC,https://blackcoin.org/,blk cad,0
BLK-CNY,BlackCoin CNY,BLK,CNY,BlackCoin (BLK) is a cryptocurrency.,CCC,https://blackcoin.org/,blk cny,0
BLK-ETH,BlackCoin ETH,BLK,ETH,BlackCoin (BLK) is a cryptocurrency.,CCC,https://blackcoin.org/,blk eth,1
BLK-EUR,BlackCoin EUR,BLK,EUR,BlackCoin (BLK) is a cryptocurrency.,CCC,https://blackcoin.org/,blk eur,0
BLK-GBP,BlackCoin GBP,BLK,GBP,BlackCoin (BLK) is a cryptocurrency.,CCC,https://blackcoin.org/,blk gbp,5
BLK-INR,BlackCoin INR,BLK,INR,BlackCoin (BLK) is a cryptocurrency.,CCC,https://blackcoin.org/,blk inr,4
BLK-JPY,BlackCoin JPY,BLK,JPY,BlackCoin (BLK) is a cryptocurrency.,CCC,https://blackcoin.org/,blk jpy,6
BLK-KRW,BlackCoin KRW,BLK,KRW,BlackCoin (BLK) is a cryptocurrency.,CCC,https://blackcoin.org/,blk krw,0
BLK-RUB,BlackCoin RUB,BLK,RUB,BlackCoin (BLK) is a cryptocurrency.,CCC,https://blackcoin.org/,blk rub,2
BLK-USD,BlackCoin USD,BLK,USD,BlackCoin (BLK) is a cryptocurrency.,CCC,https://blackcoin.org/,blk usd,3
BLOCK-AUD,Blocknet AUD,BLOCK,AUD,Blocknet (BLOCK) is a cryptocurrency.,CCC,http://blocknet.co/,block aud,0
BLOCK-BTC,Blocknet BTC,BLOCK,BTC,Blocknet (BLOCK) is a cryptocurrency.,CCC,http://blocknet.co/,block btc,0
BLOCK-CAD,Blocknet CAD,BLOCK,CAD,Blocknet (BLOCK) is a cryptocurrency.,CCC,http://blocknet.co/,block cad,0
BLOCK-CNY,Blocknet CNY,BLOCK,CNY,Blocknet (BLOCK) is a cryptocurrency.,CCC,http://blocknet.co/,block cny,0
BLOCK-ETH,Blocknet ETH,BLOCK,ETH,Blocknet (BLOCK) is a cryptocurrency.,CCC,http://blocknet.co/,block eth,1
BLOCK-EUR,Blocknet EUR,BLOCK,EUR,Blocknet (BLOCK) is a cryptocurrency.,CCC,http://blocknet.co/,block eur,0
BLOCK-GBP,Blocknet GBP,BLOCK,GBP,Blocknet (BLOCK) is a cryptocurrency.,CCC,http://blocknet.co/,block gbp,5
BLOCK-INR,Blocknet INR,BLOCK,INR,Blocknet (BLOCK) is a cryptocurrency.,CCC,http://blocknet.co/,block inr,4
BLOCK-RUB,Blocknet RUB,BLOCK,RUB,Blocknet (BLOCK) is a cryptocurrency.,CCC,http://blocknet.co/,block rub,2
BLOCK-USD,Blocknet USD,BLOCK,USD,Blocknet (BLOCK) is a cryptocurrency.,CCC,http://blocknet.co/,block usd,3
BNB-AUD,BinanceCoin AUD,BNB,AUD,Binance Coin (BNB) is a cryptocurrency.,CCC,https://www.binance.com/,bnb aud,0
BNB-BTC,BinanceCoin BTC,BNB,BTC,Binance Coin (BNB) is a cryptocurrency.,CCC,https://www.binance.com/,bnb btc,0
BNB-CAD,BinanceCoin CAD,BNB,CAD,Binance Coin (BNB) is a cryptocurrency.,CCC,https://www.binance.com/,bnb cad,0
BNB-CNY,BinanceCoin CNY,BNB,CNY,Binance Coin (BNB) is a cryptocurrency.,CCC,https://www.binance.com/,bnb cny,0
BNB-ETH,BinanceCoin ETH,BNB,ETH,Binance Coin (BNB) is a cryptocurrency.,CCC,https://www.binance.com/,bnb eth,1
BNB-EUR,BinanceCoin EUR,BNB,EUR,Binance Coin (BNB) is a cryptocurrency.,CCC,https://www.binance.com/,bnb eur,0
BNB-GBP,BinanceCoin GBP,BNB,GBP,Binance Coin (BNB) is a cryptocurrency.,CCC,https://www.binance.com/,bnb gbp,5
BNB-INR,BinanceCoin INR,BNB,INR,Binance Coin (BNB) is a cryptocurrency.,CCC,https://www.binance.com/,bnb inr,4
BNB-JPY,BinanceCoin JPY,BNB,JPY,Binance Coin (BNB) is a cryptocurrency.,CCC,https://www.binance.com/,bnb jpy,6
BNB-KRW,BinanceCoin KRW,BNB,KRW,Binance Coin (BNB) is a cryptocurrency.,CCC,https://www.binance.com/,bnb krw,0
BNB-RUB,BinanceCoin RUB,BNB,RUB,Binance Coin (BNB) is a cryptocurrency.,CCC,https://www.binance.com/,bnb rub,2
BNB-USD,BinanceCoin USD,BNB,USD,Binance Coin (BNB) is a cryptocurrency.,CCC,https://www.binance.com/,bnb usd,3
BNT-ETH,Bancor ETH,BNT,ETH,Bancor (BNT) is a cryptocurrency launched in 2017and operates on the Ethereum platform.,CCC,https://bancor.network/,bnt eth,1
BNT-USD,Bancor USD,BNT,USD,Bancor (BNT) is a cryptocurrency launched in 2017and operates on the Ethereum platform.,CCC,https://bancor.network/,bnt usd,3
BONO-CAD,Bonorum CAD,BONO,CAD,Bonorum (BONO) is a cryptocurrency launched in 2020.,CCC,https://www.bonorum.io/,bono cad,0
BONO-CNY,Bonorum CNY,BONO,CNY,Bonorum (BONO) is a cryptocurrency launched in 2020.,CCC,https://www.bonorum.io/,bono cny,0
BONO-ETH,Bonorum ETH,BONO,ETH,Bonorum (BONO) is a cryptocurrency launched in 2020.,CCC,https://www.bonorum.io/,bono eth,1
BONO-EUR,Bonorum EUR,BONO,EUR,Bonorum (BONO) is a cryptocurrency launched in 2020.,CCC,https://www.bonorum.io/,bono eur,0
BONO-GBP,Bonorum GBP,BONO,GBP,Bonorum (BONO) is a cryptocurrency launched in 2020.,CCC,https://www.bonorum.io/,bono gbp,5
BONO-INR,Bonorum INR,BONO,INR,Bonorum (BONO) is a cryptocurrency launched in 2020.,CCC,https://www.bonorum.io/,bono inr,4
BONO-JPY,Bonorum JPY,BONO,JPY,Bonorum (BONO) is a cryptocurrency launched in 2020.,CCC,https://www.bonorum.io/,bono jpy,6
BONO-KRW,Bonorum KRW,BONO,KRW,Bonorum (BONO) is a cryptocurrency launched in 2020.,CCC,https://www.bonorum.io/,bono krw,0
BONO-RUB,Bonorum RUB,BONO,RUB,Bonorum (BONO) is a cryptocurrency launched in 2020.,CCC,https://www.bonorum.io/,bono rub,2
BONO-USD,Bonorum USD,BONO,USD,Bonorum (BONO) is a cryptocurrency launched in 2020.,CCC,https://www.bonorum.io/,bono usd,3
BPC-CAD,BackPackerCoin CAD,BPC,CAD,BackPacker Coin (BPC) is a cryptocurrency.,CCC,https://backpackercoin.com/,bpc cad,0
BPC-CNY,BackPackerCoin CNY,BPC,CNY,BackPacker Coin (BPC) is a cryptocurrency.,CCC,https://backpackercoin.com/,bpc cny,0
BPC-ETH,BackPackerCoin ETH,BPC,ETH,BackPacker Coin (BPC) is a cryptocurrency.,CCC,https://backpackercoin.com/,bpc eth,1
BPC-EUR,BackPackerCoin EUR,BPC,EUR,BackPacker Coin (BPC) is a cryptocurrency.,CCC,https://backpackercoin.com/,bpc eur,0
BPC-GBP,BackPackerCoin GBP,BPC,GBP,BackPacker Coin (BPC) is a cryptocurrency.,CCC,https://backpackercoin.com/,bpc gbp,5
BPC-INR,BackPackerCoin INR,BPC,INR,BackPacker Coin (BPC) is a cryptocurrency.,CCC,https://backpackercoin.com/,bpc inr,4
BPC-JPY,BackPackerCoin JPY,BPC,JPY,BackPacker Coin (BPC) is a cryptocurrency.,CCC,https://backpackercoin.com/,bpc jpy,6
BPC-KRW,BackPackerCoin KRW,BPC,KRW,BackPacker Coin (BPC) is a cryptocurrency.,CCC,https://backpackercoin.com/,bpc krw,0
BPC-RUB,BackPackerCoin RUB,BPC,RUB,BackPacker Coin (BPC) is a cryptocurrency.,CCC,https://backpackercoin.com/,bpc rub,2
BPC-USD,BackPackerCoin USD,BPC,USD,BackPacker Coin (BPC) is a cryptocurrency.,CCC,https://backpackercoin.com/,bpc usd,3
BPS-CAD,BitcoinPoS CAD,BPS,CAD,BitcoinPoS (BPS) is a cryptocurrency.,CCC,https://www.bitcoinpos.net/,bps cad,0
BPS-CNY,BitcoinPoS CNY,BPS,CNY,BitcoinPoS (BPS) is a cryptocurrency.,CCC,https://www.bitcoinpos.net/,bps cny,0
BPS-ETH,BitcoinPoS ETH,BPS,ETH,BitcoinPoS (BPS) is a cryptocurrency.,CCC,https://www.bitcoinpos.net/,bps eth,1
BPS-EUR,BitcoinPoS EUR,BPS,EUR,BitcoinPoS (BPS) is a cryptocurrency.,CCC,https://www.bitcoinpos.net/,bps eur,0
BPS-GBP,BitcoinPoS GBP,BPS,GBP,BitcoinPoS (BPS) is a cryptocurrency.,CCC,https://www.bitcoinpos.net/,bps gbp,5
BPS-INR,BitcoinPoS INR,BPS,INR,BitcoinPoS (BPS) is a cryptocurrency.,CCC,https://www.bitcoinpos.net/,bps inr,4
BPS-JPY,BitcoinPoS JPY,BPS,JPY,BitcoinPoS (BPS) is a cryptocurrency.,CCC,https://www.bitcoinpos.net/,bps jpy,6
BPS-KRW,BitcoinPoS KRW,BPS,KRW,BitcoinPoS (BPS) is a cryptocurrency.,CCC,https://www.bitcoinpos.net/,bps krw,0
BPS-RUB,BitcoinPoS RUB,BPS,RUB,BitcoinPoS (BPS) is a cryptocurrency.,CCC,https://www.bitcoinpos.net/,bps rub,2
BPS-USD,BitcoinPoS USD,BPS,USD,BitcoinPoS (BPS) is a cryptocurrency.,CCC,https://www.bitcoinpos.net/,bps usd,3
BRC-CAD,BaerChain CAD,BRC,CAD,Baer Chain (BRC) is a cryptocurrency.,CCC,https://baerchain.com/,brc cad,0
BRC-CNY,BaerChain CNY,BRC,CNY,Baer Chain (BRC) is a cryptocurrency.,CCC,https://baerchain.com/,brc cny,0
BRC-ETH,BaerChain ETH,BRC,ETH,Baer Chain (BRC) is a cryptocurrency.,CCC,https://baerchain.com/,brc eth,1
BRC-EUR,BaerChain EUR,BRC,EUR,Baer Chain (BRC) is a cryptocurrency.,CCC,https://baerchain.com/,brc eur,0
BRC-GBP,BaerChain GBP,BRC,GBP,Baer Chain (BRC) is a cryptocurrency.,CCC,https://baerchain.com/,brc gbp,5
BRC-INR,BaerChain INR,BRC,INR,Baer Chain (BRC) is a cryptocurrency.,CCC,https://baerchain.com/,brc inr,4
BRC-JPY,BaerChain JPY,BRC,JPY,Baer Chain (BRC) is a cryptocurrency.,CCC,https://baerchain.com/,brc jpy,6
BRC-KRW,BaerChain KRW,BRC,KRW,Baer Chain (BRC) is a cryptocurrency.,CCC,https://baerchain.com/,brc krw,0
BRC-RUB,BaerChain RUB,BRC,RUB,Baer Chain (BRC) is a cryptocurrency.,CCC,https://baerchain.com/,brc rub,2
BRC-USD,BaerChain USD,BRC,USD,Baer Chain (BRC) is a cryptocurrency.,CCC,https://baerchain.com/,brc usd,3
BST-CAD,BlockStamp CAD,BST,CAD,BlockStamp (BST) is a cryptocurrency. Users are able to generate BST through the process of mining.,CCC,https://blockstamp.info/,bst cad,0
BST-CNY,BlockStamp CNY,BST,CNY,BlockStamp (BST) is a cryptocurrency. Users are able to generate BST through the process of mining.,CCC,https://blockstamp.info/,bst cny,0
BST-ETH,BlockStamp ETH,BST,ETH,BlockStamp (BST) is a cryptocurrency. Users are able to generate BST through the process of mining.,CCC,https://blockstamp.info/,bst eth,1
BST-EUR,BlockStamp EUR,BST,EUR,BlockStamp (BST) is a cryptocurrency. Users are able to generate BST through the process of mining.,CCC,https://blockstamp.info/,bst eur,0
BST-GBP,BlockStamp GBP,BST,GBP,BlockStamp (BST) is a cryptocurrency. Users are able to generate BST through the process of mining.,CCC,https://blockstamp.info/,bst gbp,5
BST-INR,BlockStamp INR,BST,INR,BlockStamp (BST) is a cryptocurrency. Users are able to generate BST through the process of mining.,CCC,https://blockstamp.info/,bst inr,4
BST-JPY,BlockStamp JPY,BST,JPY,BlockStamp (BST) is a cryptocurrency. Users are able to generate BST through the process of mining.,CCC,https://blockstamp.info/,bst jpy,6
BST-KRW,BlockStamp KRW,BST,KRW,BlockStamp (BST) is a cryptocurrency. Users are able to generate BST through the process of mining.,CCC,https://blockstamp.info/,bst krw,0
BST-RUB,BlockStamp RUB,BST,RUB,BlockStamp (BST) is a cryptocurrency. Users are able to generate BST through the process of mining.,CCC,https://blockstamp.info/,bst rub,2
BST-USD,BlockStamp USD,BST,USD,BlockStamp (BST) is a cryptocurrency. Users are able to generate BST through the process of mining.,CCC,https://blockstamp.info/,bst usd,3
BSV-BTC,BitcoinSV BTC,BSV,BTC,Bitcoin SV (BSV) is a cryptocurrency. Users are able to generate BSV through the process of mining.,CCC,https://bitcoinsv.com/,bsv btc,0
BSV-CAD,BitcoinSV CAD,BSV,CAD,Bitcoin SV (BSV) is a cryptocurrency. Users are able to generate BSV through the process of mining.,CCC,https://bitcoinsv.com/,bsv cad,0
BSV-ETH,BitcoinSV ETH,BSV,ETH,Bitcoin SV (BSV) is a cryptocurrency. Users are able to generate BSV through the process of mining.,CCC,https://bitcoinsv.com/,bsv eth,1
BSV-EUR,BitcoinSV EUR,BSV,EUR,Bitcoin SV (BSV) is a cryptocurrency. Users are able to generate BSV through the process of mining.,CCC,https://bitcoinsv.com/,bsv eur,0
BSV-GBP,BitcoinSV GBP,BSV,GBP,Bitcoin SV (BSV) is a cryptocurrency. Users are able to generate BSV through the process of mining.,CCC,https://bitcoinsv.com/,bsv gbp,5
BSV-INR,BitcoinSV INR,BSV,INR,Bitcoin SV (BSV) is a cryptocurrency. Users are able to generate BSV through the process of mining.,CCC,https://bitcoinsv.com/,bsv inr,4
BSV-JPY,BitcoinSV JPY,BSV,JPY,Bitcoin SV (BSV) is a cryptocurrency. Users are able to generate BSV through the process of mining.,CCC,https://bitcoinsv.com/,bsv jpy,6
BSV-KRW,BitcoinSV KRW,BSV,KRW,Bitcoin SV (BSV) is a cryptocurrency. Users are able to generate BSV through the process of mining.,CCC,https://bitcoinsv.com/,bsv krw,0
BSV-RUB,BitcoinSV RUB,BSV,RUB,Bitcoin SV (BSV) is a cryptocurrency. Users are able to generate BSV through the process of mining.,CCC,https://bitcoinsv.com/,bsv rub,2
BSV-USD,BitcoinSV USD,BSV,USD,Bitcoin SV (BSV) is a cryptocurrency. Users are able to generate BSV through the process of mining.,CCC,https://bitcoinsv.com/,bsv usd,3
BTC-AUD,Bitcoin AUD,BTC,AUD,Bitcoin (BTC) is a cryptocurrency. Users are able to generate BTC through the process of mining.,CCC,https://bitcoin.org/,btc aud,0
BTC-CAD,Bitcoin CAD,BTC,CAD,Bitcoin (BTC) is a cryptocurrency. Users are able to generate BTC through the process of mining.,CCC,https://bitcoin.org/,btc cad,0
BTC-CNY,Bitcoin CNY,BTC,CNY,Bitcoin (BTC) is a cryptocurrency. Users are able to generate BTC through the process of mining.,CCC,https://bitcoin.org/,btc cny,0
BTC-ETH,Bitcoin ETH,BTC,ETH,Bitcoin (BTC) is a cryptocurrency. Users are able to generate BTC through the process of mining.,CCC,https://bitcoin.org/,btc eth,1
BTC-EUR,Bitcoin EUR,BTC,EUR,Bitcoin (BTC) is a cryptocurrency. Users are able to generate BTC through the process of mining.,CCC,https://bitcoin.org/,btc eur,0
BTC-GBP,Bitcoin GBP,BTC,GBP,Bitcoin (BTC) is a cryptocurrency. Users are able to generate BTC through the process of mining.,CCC,https://bitcoin.org/,btc gbp,5
BTC-INR,Bitcoin INR,BTC,INR,Bitcoin (BTC) is a cryptocurrency. Users are able to generate BTC through the process of mining.,CCC,https://bitcoin.org/,btc inr,4
BTC-JPY,Bitcoin JPY,BTC,JPY,Bitcoin (BTC) is a cryptocurrency. Users are able to generate BTC through the process of mining.,CCC,https://bitcoin.org/,btc jpy,6
BTC-KRW,Bitcoin KRW,BTC,KRW,Bitcoin (BTC) is a cryptocurrency. Users are able to generate BTC through the process of mining.,CCC,https://bitcoin.org/,btc krw,0
BTC-RUB,Bitcoin RUB,BTC,RUB,Bitcoin (BTC) is a cryptocurrency. Users are able to generate BTC through the process of mining.,CCC,https://bitcoin.org/,btc rub,2
BTC-USD,Bitcoin USD,BTC,USD,Bitcoin (BTC) is a cryptocurrency. Users are able to generate BTC through the process of mining.,CCC,https://bitcoin.org/,btc usd,3
BTC2-CAD,Bitcoin2 CAD,BTC2,CAD,Bitcoin 2 (BTC2) is a cryptocurrency.,CCC,https://www.bitc2.org/,btc cad,0
BTC2-CNY,Bitcoin2 CNY,BTC2,CNY,Bitcoin 2 (BTC2) is a cryptocurrency.,CCC,https://www.bitc2.org/,btc cny,0
BTC2-ETH,Bitcoin2 ETH,BTC2,ETH,Bitcoin 2 (BTC2) is a cryptocurrency.,CCC,https://www.bitc2.org/,btc eth,1
BTC2-EUR,Bitcoin2 EUR,BTC2,EUR,Bitcoin 2 (BTC2) is a cryptocurrency.,CCC,https://www.bitc2.org/,btc eur,0
BTC2-GBP,Bitcoin2 GBP,BTC2,GBP,Bitcoin 2 (BTC2) is a cryptocurrency.,CCC,https://www.bitc2.org/,btc gbp,5
BTC2-INR,Bitcoin2 INR,BTC2,INR,Bitcoin 2 (BTC2) is a cryptocurrency.,CCC,https://www.bitc2.org/,btc inr,4
BTC2-JPY,Bitcoin2 JPY,BTC2,JPY,Bitcoin 2 (BTC2) is a cryptocurrency.,CCC,https://www.bitc2.org/,btc jpy,6
BTC2-KRW,Bitcoin2 KRW,BTC2,KRW,Bitcoin 2 (BTC2) is a cryptocurrency.,CCC,https://www.bitc2.org/,btc krw,0
BTC2-RUB,Bitcoin2 RUB,BTC2,RUB,Bitcoin 2 (BTC2) is a cryptocurrency.,CCC,https://www.bitc2.org/,btc rub,2
BTC2-USD,Bitcoin2 USD,BTC2,USD,Bitcoin 2 (BTC2) is a cryptocurrency.,CCC,https://www.bitc2.org/,btc usd,3
BTG-AUD,BitcoinGold AUD,BTG,AUD,Bitcoin Gold (BTG) is a cryptocurrency. Users are able to generate BTG through the process of mining.,CCC,https://bitcoingold.org/,btg aud,0
BTG-BTC,BitcoinGold BTC,BTG,BTC,Bitcoin Gold (BTG) is a cryptocurrency. Users are able to generate BTG through the process of mining.,CCC,https://bitcoingold.org/,btg btc,0
BTG-CNY,BitcoinGold CNY,BTG,CNY,Bitcoin Gold (BTG) is a cryptocurrency. Users are able to generate BTG through the process of mining.,CCC,https://bitcoingold.org/,btg cny,0
BTG-ETH,BitcoinGold ETH,BTG,ETH,Bitcoin Gold (BTG) is a cryptocurrency. Users are able to generate BTG through the process of mining.,CCC,https://bitcoingold.org/,btg eth,1
BTG-EUR,BitcoinGold EUR,BTG,EUR,Bitcoin Gold (BTG) is a cryptocurrency. Users are able to generate BTG through the process of mining.,CCC,https://bitcoingold.org/,btg eur,0
BTG-GBP,BitcoinGold GBP,BTG,GBP,Bitcoin Gold (BTG) is a cryptocurrency. Users are able to generate BTG through the process of mining.,CCC,https://bitcoingold.org/,btg gbp,5
BTG-INR,BitcoinGold INR,BTG,INR,Bitcoin Gold (BTG) is a cryptocurrency. Users are able to generate BTG through the process of mining.,CCC,https://bitcoingold.org/,btg inr,4
BTG-JPY,BitcoinGold JPY,BTG,JPY,Bitcoin Gold (BTG) is a cryptocurrency. Users are able to generate BTG through the process of mining.,CCC,https://bitcoingold.org/,btg jpy,6
BTG-KRW,BitcoinGold KRW,BTG,KRW,Bitcoin Gold (BTG) is a cryptocurrency. Users are able to generate BTG through the process of mining.,CCC,https://bitcoingold.org/,btg krw,0
BTG-RUB,BitcoinGold RUB,BTG,RUB,Bitcoin Gold (BTG) is a cryptocurrency. Users are able to generate BTG through the process of mining.,CCC,https://bitcoingold.org/,btg rub,2
BTG-USD,BitcoinGold USD,BTG,USD,Bitcoin Gold (BTG) is a cryptocurrency. Users are able to generate BTG through the process of mining.,CCC,https://bitcoingold.org/,btg usd,3
BTM-CAD,Bytom CAD,BTM,CAD,Bytom (BTM) is a cryptocurrency. Users are able to generate BTM through the process of mining.,CCC,http://bytom.io/,btm cad,0
BTM-CNY,Bytom CNY,BTM,CNY,Bytom (BTM) is a cryptocurrency. Users are able to generate BTM through the process of mining.,CCC,http://bytom.io/,btm cny,0
BTM-ETH,Bytom ETH,BTM,ETH,Bytom (BTM) is a cryptocurrency. Users are able to generate BTM through the process of mining.,CCC,http://bytom.io/,btm eth,1
BTM-EUR,Bytom EUR,BTM,EUR,Bytom (BTM) is a cryptocurrency. Users are able to generate BTM through the process of mining.,CCC,http://bytom.io/,btm eur,0
BTM-GBP,Bytom GBP,BTM,GBP,Bytom (BTM) is a cryptocurrency. Users are able to generate BTM through the process of mining.,CCC,http://bytom.io/,btm gbp,5
BTM-INR,Bytom INR,BTM,INR,Bytom (BTM) is a cryptocurrency. Users are able to generate BTM through the process of mining.,CCC,http://bytom.io/,btm inr,4
BTM-JPY,Bytom JPY,BTM,JPY,Bytom (BTM) is a cryptocurrency. Users are able to generate BTM through the process of mining.,CCC,http://bytom.io/,btm jpy,6
BTM-KRW,Bytom KRW,BTM,KRW,Bytom (BTM) is a cryptocurrency. Users are able to generate BTM through the process of mining.,CCC,http://bytom.io/,btm krw,0
BTM-RUB,Bytom RUB,BTM,RUB,Bytom (BTM) is a cryptocurrency. Users are able to generate BTM through the process of mining.,CCC,http://bytom.io/,btm rub,2
BTM-USD,Bytom USD,BTM,USD,Bytom (BTM) is a cryptocurrency. Users are able to generate BTM through the process of mining.,CCC,http://bytom.io/,btm usd,3
BTS-BTC,BitShares BTC,BTS,BTC,BitShares (BTS) is a cryptocurrency.,CCC,https://bitshares.org,bts btc,0
BTS-CAD,BitShares CAD,BTS,CAD,BitShares (BTS) is a cryptocurrency.,CCC,https://bitshares.org,bts cad,0
BTS-CNY,BitShares CNY,BTS,CNY,BitShares (BTS) is a cryptocurrency.,CCC,https://bitshares.org,bts cny,0
BTS-ETH,BitShares ETH,BTS,ETH,BitShares (BTS) is a cryptocurrency.,CCC,https://bitshares.org,bts eth,1
BTS-EUR,BitShares EUR,BTS,EUR,BitShares (BTS) is a cryptocurrency.,CCC,https://bitshares.org,bts eur,0
BTS-GBP,BitShares GBP,BTS,GBP,BitShares (BTS) is a cryptocurrency.,CCC,https://bitshares.org,bts gbp,5
BTS-INR,BitShares INR,BTS,INR,BitShares (BTS) is a cryptocurrency.,CCC,https://bitshares.org,bts inr,4
BTS-JPY,BitShares JPY,BTS,JPY,BitShares (BTS) is a cryptocurrency.,CCC,https://bitshares.org,bts jpy,6
BTS-KRW,BitShares KRW,BTS,KRW,BitShares (BTS) is a cryptocurrency.,CCC,https://bitshares.org,bts krw,0
BTS-RUB,BitShares RUB,BTS,RUB,BitShares (BTS) is a cryptocurrency.,CCC,https://bitshares.org,bts rub,2
BTS-USD,BitShares USD,BTS,USD,BitShares (BTS) is a cryptocurrency.,CCC,https://bitshares.org,bts usd,3
BTT1-AUD,BitTorrent AUD,BTT1,AUD,BitTorrent (BTT) is a cryptocurrency and operates on the Tron platform.,CCC,https://www.bittorrent.com/btt/,btt aud,0
BTT1-BTC,BitTorrent BTC,BTT1,BTC,BitTorrent (BTT) is a cryptocurrency and operates on the Tron platform.,CCC,https://www.bittorrent.com/btt/,btt btc,0
BTT1-CAD,BitTorrent CAD,BTT1,CAD,BitTorrent (BTT) is a cryptocurrency and operates on the Tron platform.,CCC,https://www.bittorrent.com/btt/,btt cad,0
BTT1-CNY,BitTorrent CNY,BTT1,CNY,BitTorrent (BTT) is a cryptocurrency and operates on the Tron platform.,CCC,https://www.bittorrent.com/btt/,btt cny,0
BTT1-ETH,BitTorrent ETH,BTT1,ETH,BitTorrent (BTT) is a cryptocurrency and operates on the Tron platform.,CCC,https://www.bittorrent.com/btt/,btt eth,1
BTT1-EUR,BitTorrent EUR,BTT1,EUR,BitTorrent (BTT) is a cryptocurrency and operates on the Tron platform.,CCC,https://www.bittorrent.com/btt/,btt eur,0
BTT1-GBP,BitTorrent GBP,BTT1,GBP,BitTorrent (BTT) is a cryptocurrency and operates on the Tron platform.,CCC,https://www.bittorrent.com/btt/,btt gbp,5
BTT1-INR,BitTorrent INR,BTT1,INR,BitTorrent (BTT) is a cryptocurrency and operates on the Tron platform.,CCC,https://www.bittorrent.com/btt/,btt inr,4
BTT1-JPY,BitTorrent JPY,BTT1,JPY,BitTorrent (BTT) is a cryptocurrency and operates on the Tron platform.,CCC,https://www.bittorrent.com/btt/,btt jpy,6
BTT1-KRW,BitTorrent KRW,BTT1,KRW,BitTorrent (BTT) is a cryptocurrency and operates on the Tron platform.,CCC,https://www.bittorrent.com/btt/,btt krw,0
BTT1-RUB,BitTorrent RUB,BTT1,RUB,BitTorrent (BTT) is a cryptocurrency and operates on the Tron platform.,CCC,https://www.bittorrent.com/btt/,btt rub,2
BTT1-USD,BitTorrent USD,BTT1,USD,BitTorrent (BTT) is a cryptocurrency and operates on the Tron platform.,CCC,https://www.bittorrent.com/btt/,btt usd,3
BTX-CAD,Bitcore CAD,BTX,CAD,BitCore (BTX) is a cryptocurrency. Users are able to generate BTX through the process of mining.,CCC,http://bitcore.cc/,btx cad,0
BTX-CNY,Bitcore CNY,BTX,CNY,BitCore (BTX) is a cryptocurrency. Users are able to generate BTX through the process of mining.,CCC,http://bitcore.cc/,btx cny,0
BTX-ETH,Bitcore ETH,BTX,ETH,BitCore (BTX) is a cryptocurrency. Users are able to generate BTX through the process of mining.,CCC,http://bitcore.cc/,btx eth,1
BTX-EUR,Bitcore EUR,BTX,EUR,BitCore (BTX) is a cryptocurrency. Users are able to generate BTX through the process of mining.,CCC,http://bitcore.cc/,btx eur,0
BTX-GBP,Bitcore GBP,BTX,GBP,BitCore (BTX) is a cryptocurrency. Users are able to generate BTX through the process of mining.,CCC,http://bitcore.cc/,btx gbp,5
BTX-INR,Bitcore INR,BTX,INR,BitCore (BTX) is a cryptocurrency. Users are able to generate BTX through the process of mining.,CCC,http://bitcore.cc/,btx inr,4
BTX-JPY,Bitcore JPY,BTX,JPY,BitCore (BTX) is a cryptocurrency. Users are able to generate BTX through the process of mining.,CCC,http://bitcore.cc/,btx jpy,6
BTX-KRW,Bitcore KRW,BTX,KRW,BitCore (BTX) is a cryptocurrency. Users are able to generate BTX through the process of mining.,CCC,http://bitcore.cc/,btx krw,0
BTX-RUB,Bitcore RUB,BTX,RUB,BitCore (BTX) is a cryptocurrency. Users are able to generate BTX through the process of mining.,CCC,http://bitcore.cc/,btx rub,2
BTX-USD,Bitcore USD,BTX,USD,BitCore (BTX) is a cryptocurrency. Users are able to generate BTX through the process of mining.,CCC,http://bitcore.cc/,btx usd,3
BURST-CAD,Burst CAD,BURST,CAD,Burst (BURST) is a cryptocurrency. Users are able to generate BURST through the process of mining.,CCC,https://www.burst-coin.org,burst cad,0
BURST-CNY,Burst CNY,BURST,CNY,Burst (BURST) is a cryptocurrency. Users are able to generate BURST through the process of mining.,CCC,https://www.burst-coin.org,burst cny,0
BURST-ETH,Burst ETH,BURST,ETH,Burst (BURST) is a cryptocurrency. Users are able to generate BURST through the process of mining.,CCC,https://www.burst-coin.org,burst eth,1
BURST-EUR,Burst EUR,BURST,EUR,Burst (BURST) is a cryptocurrency. Users are able to generate BURST through the process of mining.,CCC,https://www.burst-coin.org,burst eur,0
BURST-GBP,Burst GBP,BURST,GBP,Burst (BURST) is a cryptocurrency. Users are able to generate BURST through the process of mining.,CCC,https://www.burst-coin.org,burst gbp,5
BURST-INR,Burst INR,BURST,INR,Burst (BURST) is a cryptocurrency. Users are able to generate BURST through the process of mining.,CCC,https://www.burst-coin.org,burst inr,4
BURST-JPY,Burst JPY,BURST,JPY,Burst (BURST) is a cryptocurrency. Users are able to generate BURST through the process of mining.,CCC,https://www.burst-coin.org,burst jpy,6
BURST-KRW,Burst KRW,BURST,KRW,Burst (BURST) is a cryptocurrency. Users are able to generate BURST through the process of mining.,CCC,https://www.burst-coin.org,burst krw,0
BURST-RUB,Burst RUB,BURST,RUB,Burst (BURST) is a cryptocurrency. Users are able to generate BURST through the process of mining.,CCC,https://www.burst-coin.org,burst rub,2
BURST-USD,Burst USD,BURST,USD,Burst (BURST) is a cryptocurrency. Users are able to generate BURST through the process of mining.,CCC,https://www.burst-coin.org,burst usd,3
CCA-CAD,CounosCoin CAD,CCA,CAD,Counos Coin (CCA) is a cryptocurrency. Users are able to generate CCA through the process of mining.,CCC,https://counos.io/,cca cad,0
CCA-CNY,CounosCoin CNY,CCA,CNY,Counos Coin (CCA) is a cryptocurrency. Users are able to generate CCA through the process of mining.,CCC,https://counos.io/,cca cny,0
CCA-ETH,CounosCoin ETH,CCA,ETH,Counos Coin (CCA) is a cryptocurrency. Users are able to generate CCA through the process of mining.,CCC,https://counos.io/,cca eth,1
CCA-EUR,CounosCoin EUR,CCA,EUR,Counos Coin (CCA) is a cryptocurrency. Users are able to generate CCA through the process of mining.,CCC,https://counos.io/,cca eur,0
CCA-GBP,CounosCoin GBP,CCA,GBP,Counos Coin (CCA) is a cryptocurrency. Users are able to generate CCA through the process of mining.,CCC,https://counos.io/,cca gbp,5
CCA-INR,CounosCoin INR,CCA,INR,Counos Coin (CCA) is a cryptocurrency. Users are able to generate CCA through the process of mining.,CCC,https://counos.io/,cca inr,4
CCA-JPY,CounosCoin JPY,CCA,JPY,Counos Coin (CCA) is a cryptocurrency. Users are able to generate CCA through the process of mining.,CCC,https://counos.io/,cca jpy,6
CCA-KRW,CounosCoin KRW,CCA,KRW,Counos Coin (CCA) is a cryptocurrency. Users are able to generate CCA through the process of mining.,CCC,https://counos.io/,cca krw,0
CCA-RUB,CounosCoin RUB,CCA,RUB,Counos Coin (CCA) is a cryptocurrency. Users are able to generate CCA through the process of mining.,CCC,https://counos.io/,cca rub,2
CCA-USD,CounosCoin USD,CCA,USD,Counos Coin (CCA) is a cryptocurrency. Users are able to generate CCA through the process of mining.,CCC,https://counos.io/,cca usd,3
CCXX-AUD,CounosX AUD,CCXX,AUD,Counos X (CCXX) is a cryptocurrency. Users are able to generate CCXX through the process of mining.,CCC,https://www.counos.io/CounosX,ccxx aud,0
CCXX-BTC,CounosX BTC,CCXX,BTC,Counos X (CCXX) is a cryptocurrency. Users are able to generate CCXX through the process of mining.,CCC,https://www.counos.io/CounosX,ccxx btc,0
CCXX-CAD,CounosX CAD,CCXX,CAD,Counos X (CCXX) is a cryptocurrency. Users are able to generate CCXX through the process of mining.,CCC,https://www.counos.io/CounosX,ccxx cad,0
CCXX-CNY,CounosX CNY,CCXX,CNY,Counos X (CCXX) is a cryptocurrency. Users are able to generate CCXX through the process of mining.,CCC,https://www.counos.io/CounosX,ccxx cny,0
CCXX-ETH,CounosX ETH,CCXX,ETH,Counos X (CCXX) is a cryptocurrency. Users are able to generate CCXX through the process of mining.,CCC,https://www.counos.io/CounosX,ccxx eth,1
CCXX-EUR,CounosX EUR,CCXX,EUR,Counos X (CCXX) is a cryptocurrency. Users are able to generate CCXX through the process of mining.,CCC,https://www.counos.io/CounosX,ccxx eur,0
CCXX-GBP,CounosX GBP,CCXX,GBP,Counos X (CCXX) is a cryptocurrency. Users are able to generate CCXX through the process of mining.,CCC,https://www.counos.io/CounosX,ccxx gbp,5
CCXX-INR,CounosX INR,CCXX,INR,Counos X (CCXX) is a cryptocurrency. Users are able to generate CCXX through the process of mining.,CCC,https://www.counos.io/CounosX,ccxx inr,4
CCXX-JPY,CounosX JPY,CCXX,JPY,Counos X (CCXX) is a cryptocurrency. Users are able to generate CCXX through the process of mining.,CCC,https://www.counos.io/CounosX,ccxx jpy,6
CCXX-KRW,CounosX KRW,CCXX,KRW,Counos X (CCXX) is a cryptocurrency. Users are able to generate CCXX through the process of mining.,CCC,https://www.counos.io/CounosX,ccxx krw,0
CCXX-RUB,CounosX RUB,CCXX,RUB,Counos X (CCXX) is a cryptocurrency. Users are able to generate CCXX through the process of mining.,CCC,https://www.counos.io/CounosX,ccxx rub,2
CCXX-USD,CounosX USD,CCXX,USD,Counos X (CCXX) is a cryptocurrency. Users are able to generate CCXX through the process of mining.,CCC,https://www.counos.io/CounosX,ccxx usd,3
CEL-JPY,Celsius JPY,CEL,JPY,Celsius (CEL) is a cryptocurrency and operates on the Ethereum platform.,CCC,https://celsius.network/,cel jpy,6
CEL-KRW,Celsius KRW,CEL,KRW,Celsius (CEL) is a cryptocurrency and operates on the Ethereum platform.,CCC,https://celsius.network/,cel krw,0
CEL-RUB,Celsius RUB,CEL,RUB,Celsius (CEL) is a cryptocurrency and operates on the Ethereum platform.,CCC,https://celsius.network/,cel rub,2
CEL-USD,Celsius USD,CEL,USD,Celsius (CEL) is a cryptocurrency and operates on the Ethereum platform.,CCC,https://celsius.network/,cel usd,3
CELO-ETH,Celo ETH,CELO,ETH,Celo (CELO) is a cryptocurrency.,CCC,https://celo.org/,celo eth,1
CELO-EUR,Celo EUR,CELO,EUR,Celo (CELO) is a cryptocurrency.,CCC,https://celo.org/,celo eur,0
CELO-GBP,Celo GBP,CELO,GBP,Celo (CELO) is a cryptocurrency.,CCC,https://celo.org/,celo gbp,5
CELO-INR,Celo INR,CELO,INR,Celo (CELO) is a cryptocurrency.,CCC,https://celo.org/,celo inr,4
CELO-JPY,Celo JPY,CELO,JPY,Celo (CELO) is a cryptocurrency.,CCC,https://celo.org/,celo jpy,6
CELO-KRW,Celo KRW,CELO,KRW,Celo (CELO) is a cryptocurrency.,CCC,https://celo.org/,celo krw,0
CELO-RUB,Celo RUB,CELO,RUB,Celo (CELO) is a cryptocurrency.,CCC,https://celo.org/,celo rub,2
CELO-USD,Celo USD,CELO,USD,Celo (CELO) is a cryptocurrency.,CCC,https://celo.org/,celo usd,3
CET-CAD,CoinExToken CAD,CET,CAD,CoinEx Token (CET) is a cryptocurrency.,CCC,https://www.coinex.org/,cet cad,0
CET-CNY,CoinExToken CNY,CET,CNY,CoinEx Token (CET) is a cryptocurrency.,CCC,https://www.coinex.org/,cet cny,0
CET-ETH,CoinExToken ETH,CET,ETH,CoinEx Token (CET) is a cryptocurrency.,CCC,https://www.coinex.org/,cet eth,1
CET-EUR,CoinExToken EUR,CET,EUR,CoinEx Token (CET) is a cryptocurrency.,CCC,https://www.coinex.org/,cet eur,0
CET-GBP,CoinExToken GBP,CET,GBP,CoinEx Token (CET) is a cryptocurrency.,CCC,https://www.coinex.org/,cet gbp,5
CET-INR,CoinExToken INR,CET,INR,CoinEx Token (CET) is a cryptocurrency.,CCC,https://www.coinex.org/,cet inr,4
CET-JPY,CoinExToken JPY,CET,JPY,CoinEx Token (CET) is a cryptocurrency.,CCC,https://www.coinex.org/,cet jpy,6
CET-KRW,CoinExToken KRW,CET,KRW,CoinEx Token (CET) is a cryptocurrency.,CCC,https://www.coinex.org/,cet krw,0
CET-RUB,CoinExToken RUB,CET,RUB,CoinEx Token (CET) is a cryptocurrency.,CCC,https://www.coinex.org/,cet rub,2
CET-USD,CoinExToken USD,CET,USD,CoinEx Token (CET) is a cryptocurrency.,CCC,https://www.coinex.org/,cet usd,3
CHI-CNY,Xaya CNY,CHI,CNY,Xaya (CHI) is a cryptocurrency.,CCC,https://xaya.io/,chi cny,0
CHI-ETH,Xaya ETH,CHI,ETH,Xaya (CHI) is a cryptocurrency.,CCC,https://xaya.io/,chi eth,1
CHI-EUR,Xaya EUR,CHI,EUR,Xaya (CHI) is a cryptocurrency.,CCC,https://xaya.io/,chi eur,0
CHI-GBP,Xaya GBP,CHI,GBP,Xaya (CHI) is a cryptocurrency.,CCC,https://xaya.io/,chi gbp,5
CHI-INR,Xaya INR,CHI,INR,Xaya (CHI) is a cryptocurrency.,CCC,https://xaya.io/,chi inr,4
CHI-JPY,Xaya JPY,CHI,JPY,Xaya (CHI) is a cryptocurrency.,CCC,https://xaya.io/,chi jpy,6
CHI-KRW,Xaya KRW,CHI,KRW,Xaya (CHI) is a cryptocurrency.,CCC,https://xaya.io/,chi krw,0
CHI-RUB,Xaya RUB,CHI,RUB,Xaya (CHI) is a cryptocurrency.,CCC,https://xaya.io/,chi rub,2
CHI-USD,Xaya USD,CHI,USD,Xaya (CHI) is a cryptocurrency.,CCC,https://xaya.io/,chi usd,3
CHZ-CAD,Chiliz CAD,CHZ,CAD,Chiliz (CHZ) is a cryptocurrency and operates on the Ethereum platform.,CCC,https://www.chiliz.com/,chz cad,0
CHZ-CNY,Chiliz CNY,CHZ,CNY,Chiliz (CHZ) is a cryptocurrency and operates on the Ethereum platform.,CCC,https://www.chiliz.com/,chz cny,0
CHZ-ETH,Chiliz ETH,CHZ,ETH,Chiliz (CHZ) is a cryptocurrency and operates on the Ethereum platform.,CCC,https://www.chiliz.com/,chz eth,1
CHZ-EUR,Chiliz EUR,CHZ,EUR,Chiliz (CHZ) is a cryptocurrency and operates on the Ethereum platform.,CCC,https://www.chiliz.com/,chz eur,0
CHZ-GBP,Chiliz GBP,CHZ,GBP,Chiliz (CHZ) is a cryptocurrency and operates on the Ethereum platform.,CCC,https://www.chiliz.com/,chz gbp,5
CHZ-INR,Chiliz INR,CHZ,INR,Chiliz (CHZ) is a cryptocurrency and operates on the Ethereum platform.,CCC,https://www.chiliz.com/,chz inr,4
CHZ-JPY,Chiliz JPY,CHZ,JPY,Chiliz (CHZ) is a cryptocurrency and operates on the Ethereum platform.,CCC,https://www.chiliz.com/,chz jpy,6
CHZ-KRW,Chiliz KRW,CHZ,KRW,Chiliz (CHZ) is a cryptocurrency and operates on the Ethereum platform.,CCC,https://www.chiliz.com/,chz krw,0
CHZ-RUB,Chiliz RUB,CHZ,RUB,Chiliz (CHZ) is a cryptocurrency and operates on the Ethereum platform.,CCC,https://www.chiliz.com/,chz rub,2
CHZ-USD,Chiliz USD,CHZ,USD,Chiliz (CHZ) is a cryptocurrency and operates on the Ethereum platform.,CCC,https://www.chiliz.com/,chz usd,3
CKB-BTC,NervosNetwork BTC,CKB,BTC,Nervos Network (CKB) is a cryptocurrency.,CCC,http://nervos.org/,ckb btc,0
CKB-CAD,NervosNetwork CAD,CKB,CAD,Nervos Network (CKB) is a cryptocurrency.,CCC,http://nervos.org/,ckb cad,0
CKB-CNY,NervosNetwork CNY,CKB,CNY,Nervos Network (CKB) is a cryptocurrency.,CCC,http://nervos.org/,ckb cny,0
CKB-ETH,NervosNetwork ETH,CKB,ETH,Nervos Network (CKB) is a cryptocurrency.,CCC,http://nervos.org/,ckb eth,1
CKB-EUR,NervosNetwork EUR,CKB,EUR,Nervos Network (CKB) is a cryptocurrency.,CCC,http://nervos.org/,ckb eur,0
CKB-GBP,NervosNetwork GBP,CKB,GBP,Nervos Network (CKB) is a cryptocurrency.,CCC,http://nervos.org/,ckb gbp,5
CKB-INR,NervosNetwork INR,CKB,INR,Nervos Network (CKB) is a cryptocurrency.,CCC,http://nervos.org/,ckb inr,4
CKB-JPY,NervosNetwork JPY,CKB,JPY,Nervos Network (CKB) is a cryptocurrency.,CCC,http://nervos.org/,ckb jpy,6
CKB-KRW,NervosNetwork KRW,CKB,KRW,Nervos Network (CKB) is a cryptocurrency.,CCC,http://nervos.org/,ckb krw,0
CKB-RUB,NervosNetwork RUB,CKB,RUB,Nervos Network (CKB) is a cryptocurrency.,CCC,http://nervos.org/,ckb rub,2
CKB-USD,NervosNetwork USD,CKB,USD,Nervos Network (CKB) is a cryptocurrency.,CCC,http://nervos.org/,ckb usd,3
CLAM-CAD,Clams CAD,CLAM,CAD,Clams (CLAM) is a cryptocurrency.,CCC,http://clamcoin.org/,clam cad,0
CLAM-CNY,Clams CNY,CLAM,CNY,Clams (CLAM) is a cryptocurrency.,CCC,http://clamcoin.org/,clam cny,0
CLAM-ETH,Clams ETH,CLAM,ETH,Clams (CLAM) is a cryptocurrency.,CCC,http://clamcoin.org/,clam eth,1
CLAM-EUR,Clams EUR,CLAM,EUR,Clams (CLAM) is a cryptocurrency.,CCC,http://clamcoin.org/,clam eur,0
CLAM-GBP,Clams GBP,CLAM,GBP,Clams (CLAM) is a cryptocurrency.,CCC,http://clamcoin.org/,clam gbp,5
CLAM-INR,Clams INR,CLAM,INR,Clams (CLAM) is a cryptocurrency.,CCC,http://clamcoin.org/,clam inr,4
CLAM-JPY,Clams JPY,CLAM,JPY,Clams (CLAM) is a cryptocurrency.,CCC,http://clamcoin.org/,clam jpy,6
CLAM-KRW,Clams KRW,CLAM,KRW,Clams (CLAM) is a cryptocurrency.,CCC,http://clamcoin.org/,clam krw,0
CLAM-RUB,Clams RUB,CLAM,RUB,Clams (CLAM) is a cryptocurrency.,CCC,http://clamcoin.org/,clam rub,2
CLAM-USD,Clams USD,CLAM,USD,Clams (CLAM) is a cryptocurrency.,CCC,http://clamcoin.org/,clam usd,3
CMT1-BTC,CyberMiles BTC,CMT1,BTC,CyberMiles (CMT) is a cryptocurrency.,CCC,https://www.cybermiles.io/,cmt btc,0
CMT1-CAD,CyberMiles CAD,CMT1,CAD,CyberMiles (CMT) is a cryptocurrency.,CCC,https://www.cybermiles.io/,cmt cad,0
CMT1-CNY,CyberMiles CNY,CMT1,CNY,CyberMiles (CMT) is a cryptocurrency.,CCC,https://www.cybermiles.io/,cmt cny,0
CMT1-ETH,CyberMiles ETH,CMT1,ETH,CyberMiles (CMT) is a cryptocurrency.,CCC,https://www.cybermiles.io/,cmt eth,1
CMT1-EUR,CyberMiles EUR,CMT1,EUR,CyberMiles (CMT) is a cryptocurrency.,CCC,https://www.cybermiles.io/,cmt eur,0
CMT1-GBP,CyberMiles GBP,CMT1,GBP,CyberMiles (CMT) is a cryptocurrency.,CCC,https://www.cybermiles.io/,cmt gbp,5
CMT1-INR,CyberMiles INR,CMT1,INR,CyberMiles (CMT) is a cryptocurrency.,CCC,https://www.cybermiles.io/,cmt inr,4
CMT1-JPY,CyberMiles JPY,CMT1,JPY,CyberMiles (CMT) is a cryptocurrency.,CCC,https://www.cybermiles.io/,cmt jpy,6
CMT1-KRW,CyberMiles KRW,CMT1,KRW,CyberMiles (CMT) is a cryptocurrency.,CCC,https://www.cybermiles.io/,cmt krw,0
CMT1-RUB,CyberMiles RUB,CMT1,RUB,CyberMiles (CMT) is a cryptocurrency.,CCC,https://www.cybermiles.io/,cmt rub,2
CMT1-USD,CyberMiles USD,CMT1,USD,CyberMiles (CMT) is a cryptocurrency.,CCC,https://www.cybermiles.io/,cmt usd,3
CNX-BTC,Cryptonex BTC,CNX,BTC,Cryptonex (CNX) is a cryptocurrency. Users are able to generate CNX through the process of mining.,CCC,https://cryptonex.org/,cnx btc,0
CNX-CAD,Cryptonex CAD,CNX,CAD,Cryptonex (CNX) is a cryptocurrency. Users are able to generate CNX through the process of mining.,CCC,https://cryptonex.org/,cnx cad,0
CNX-CNY,Cryptonex CNY,CNX,CNY,Cryptonex (CNX) is a cryptocurrency. Users are able to generate CNX through the process of mining.,CCC,https://cryptonex.org/,cnx cny,0
CNX-ETH,Cryptonex ETH,CNX,ETH,Cryptonex (CNX) is a cryptocurrency. Users are able to generate CNX through the process of mining.,CCC,https://cryptonex.org/,cnx eth,1
CNX-EUR,Cryptonex EUR,CNX,EUR,Cryptonex (CNX) is a cryptocurrency. Users are able to generate CNX through the process of mining.,CCC,https://cryptonex.org/,cnx eur,0
CNX-GBP,Cryptonex GBP,CNX,GBP,Cryptonex (CNX) is a cryptocurrency. Users are able to generate CNX through the process of mining.,CCC,https://cryptonex.org/,cnx gbp,5
CNX-INR,Cryptonex INR,CNX,INR,Cryptonex (CNX) is a cryptocurrency. Users are able to generate CNX through the process of mining.,CCC,https://cryptonex.org/,cnx inr,4
CNX-JPY,Cryptonex JPY,CNX,JPY,Cryptonex (CNX) is a cryptocurrency. Users are able to generate CNX through the process of mining.,CCC,https://cryptonex.org/,cnx jpy,6
CNX-KRW,Cryptonex KRW,CNX,KRW,Cryptonex (CNX) is a cryptocurrency. Users are able to generate CNX through the process of mining.,CCC,https://cryptonex.org/,cnx krw,0
CNX-RUB,Cryptonex RUB,CNX,RUB,Cryptonex (CNX) is a cryptocurrency. Users are able to generate CNX through the process of mining.,CCC,https://cryptonex.org/,cnx rub,2
COLX-CAD,ColossusXT CAD,COLX,CAD,ColossusXT (COLX) is a cryptocurrency. Users are able to generate COLX through the process of mining.,CCC,http://colossusxt.io,colx cad,0
COLX-CNY,ColossusXT CNY,COLX,CNY,ColossusXT (COLX) is a cryptocurrency. Users are able to generate COLX through the process of mining.,CCC,http://colossusxt.io,colx cny,0
COLX-ETH,ColossusXT ETH,COLX,ETH,ColossusXT (COLX) is a cryptocurrency. Users are able to generate COLX through the process of mining.,CCC,http://colossusxt.io,colx eth,1
COLX-EUR,ColossusXT EUR,COLX,EUR,ColossusXT (COLX) is a cryptocurrency. Users are able to generate COLX through the process of mining.,CCC,http://colossusxt.io,colx eur,0
COLX-GBP,ColossusXT GBP,COLX,GBP,ColossusXT (COLX) is a cryptocurrency. Users are able to generate COLX through the process of mining.,CCC,http://colossusxt.io,colx gbp,5
COLX-INR,ColossusXT INR,COLX,INR,ColossusXT (COLX) is a cryptocurrency. Users are able to generate COLX through the process of mining.,CCC,http://colossusxt.io,colx inr,4
COLX-JPY,ColossusXT JPY,COLX,JPY,ColossusXT (COLX) is a cryptocurrency. Users are able to generate COLX through the process of mining.,CCC,http://colossusxt.io,colx jpy,6
COLX-KRW,ColossusXT KRW,COLX,KRW,ColossusXT (COLX) is a cryptocurrency. Users are able to generate COLX through the process of mining.,CCC,http://colossusxt.io,colx krw,0
COLX-RUB,ColossusXT RUB,COLX,RUB,ColossusXT (COLX) is a cryptocurrency. Users are able to generate COLX through the process of mining.,CCC,http://colossusxt.io,colx rub,2
COLX-USD,ColossusXT USD,COLX,USD,ColossusXT (COLX) is a cryptocurrency. Users are able to generate COLX through the process of mining.,CCC,http://colossusxt.io,colx usd,3
COMP-EUR,Compound EUR,COMP,EUR,Compound (COMP) is a cryptocurrency and operates on the Ethereum platform.,CCC,https://compound.finance/governance/comp,comp eur,0
COMP-USD,Compound USD,COMP,USD,Compound (COMP) is a cryptocurrency and operates on the Ethereum platform.,CCC,https://compound.finance/governance/comp,comp usd,3
COMP1-BTC,CompoundCoin BTC,COMP1,BTC,Compound Coin (COMP) is a cryptocurrency. Users are able to generate COMP through the process of mining.,CCC,http://compound-coin.cc,comp btc,0
COMP1-CNY,CompoundCoin CNY,COMP1,CNY,Compound Coin (COMP) is a cryptocurrency. Users are able to generate COMP through the process of mining.,CCC,http://compound-coin.cc,comp cny,0
COMP1-ETH,CompoundCoin ETH,COMP1,ETH,Compound Coin (COMP) is a cryptocurrency. Users are able to generate COMP through the process of mining.,CCC,http://compound-coin.cc,comp eth,1
COMP1-EUR,CompoundCoin EUR,COMP1,EUR,Compound Coin (COMP) is a cryptocurrency. Users are able to generate COMP through the process of mining.,CCC,http://compound-coin.cc,comp eur,0
COMP1-GBP,CompoundCoin GBP,COMP1,GBP,Compound Coin (COMP) is a cryptocurrency. Users are able to generate COMP through the process of mining.,CCC,http://compound-coin.cc,comp gbp,5
COMP1-INR,CompoundCoin INR,COMP1,INR,Compound Coin (COMP) is a cryptocurrency. Users are able to generate COMP through the process of mining.,CCC,http://compound-coin.cc,comp inr,4
COMP1-JPY,CompoundCoin JPY,COMP1,JPY,Compound Coin (COMP) is a cryptocurrency. Users are able to generate COMP through the process of mining.,CCC,http://compound-coin.cc,comp jpy,6
COMP1-KRW,CompoundCoin KRW,COMP1,KRW,Compound Coin (COMP) is a cryptocurrency. Users are able to generate COMP through the process of mining.,CCC,http://compound-coin.cc,comp krw,0
COMP1-RUB,CompoundCoin RUB,COMP1,RUB,Compound Coin (COMP) is a cryptocurrency. Users are able to generate COMP through the process of mining.,CCC,http://compound-coin.cc,comp rub,2
COMP1-USD,CompoundCoin USD,COMP1,USD,Compound Coin (COMP) is a cryptocurrency. Users are able to generate COMP through the process of mining.,CCC,http://compound-coin.cc,comp usd,3
COTI-EUR,COTI EUR,COTI,EUR,COTI (COTI) is a cryptocurrency.,CCC,https://coti.io/,coti eur,0
COTI-GBP,COTI GBP,COTI,GBP,COTI (COTI) is a cryptocurrency.,CCC,https://coti.io/,coti gbp,5
COTI-INR,COTI INR,COTI,INR,COTI (COTI) is a cryptocurrency.,CCC,https://coti.io/,coti inr,4
COTI-JPY,COTI JPY,COTI,JPY,COTI (COTI) is a cryptocurrency.,CCC,https://coti.io/,coti jpy,6
COTI-KRW,COTI KRW,COTI,KRW,COTI (COTI) is a cryptocurrency.,CCC,https://coti.io/,coti krw,0
COTI-RUB,COTI RUB,COTI,RUB,COTI (COTI) is a cryptocurrency.,CCC,https://coti.io/,coti rub,2
COTI-USD,COTI USD,COTI,USD,COTI (COTI) is a cryptocurrency.,CCC,https://coti.io/,coti usd,3
CPS-BTC,Capricoin BTC,CPS,BTC,Capricoin+ (CPS) is a cryptocurrency.,CCC,http://capricoin.org/,cps btc,0
CPS-CAD,Capricoin CAD,CPS,CAD,Capricoin+ (CPS) is a cryptocurrency.,CCC,http://capricoin.org/,cps cad,0
CPS-CNY,Capricoin CNY,CPS,CNY,Capricoin+ (CPS) is a cryptocurrency.,CCC,http://capricoin.org/,cps cny,0
CPS-ETH,Capricoin ETH,CPS,ETH,Capricoin+ (CPS) is a cryptocurrency.,CCC,http://capricoin.org/,cps eth,1
CPS-EUR,Capricoin EUR,CPS,EUR,Capricoin+ (CPS) is a cryptocurrency.,CCC,http://capricoin.org/,cps eur,0
CPS-GBP,Capricoin GBP,CPS,GBP,Capricoin+ (CPS) is a cryptocurrency.,CCC,http://capricoin.org/,cps gbp,5
CPS-INR,Capricoin INR,CPS,INR,Capricoin+ (CPS) is a cryptocurrency.,CCC,http://capricoin.org/,cps inr,4
CPS-JPY,Capricoin JPY,CPS,JPY,Capricoin+ (CPS) is a cryptocurrency.,CCC,http://capricoin.org/,cps jpy,6
CPS-KRW,Capricoin KRW,CPS,KRW,Capricoin+ (CPS) is a cryptocurrency.,CCC,http://capricoin.org/,cps krw,0
CPS-RUB,Capricoin RUB,CPS,RUB,Capricoin+ (CPS) is a cryptocurrency.,CCC,http://capricoin.org/,cps rub,2
CRO-AUD,CryptocomCoin AUD,CRO,AUD,Crypto.com Coin (CRO) is a cryptocurrency and operates on the Ethereum platform.,CCC,https://www.crypto.com/en/chain,cro aud,0
CRO-BTC,CryptocomCoin BTC,CRO,BTC,Crypto.com Coin (CRO) is a cryptocurrency and operates on the Ethereum platform.,CCC,https://www.crypto.com/en/chain,cro btc,0
CRO-CAD,CryptocomCoin CAD,CRO,CAD,Crypto.com Coin (CRO) is a cryptocurrency and operates on the Ethereum platform.,CCC,https://www.crypto.com/en/chain,cro cad,0
CRO-ETH,CryptocomCoin ETH,CRO,ETH,Crypto.com Coin (CRO) is a cryptocurrency and operates on the Ethereum platform.,CCC,https://www.crypto.com/en/chain,cro eth,1
CRO-EUR,CryptocomCoin EUR,CRO,EUR,Crypto.com Coin (CRO) is a cryptocurrency and operates on the Ethereum platform.,CCC,https://www.crypto.com/en/chain,cro eur,0
CRO-GBP,CryptocomCoin GBP,CRO,GBP,Crypto.com Coin (CRO) is a cryptocurrency and operates on the Ethereum platform.,CCC,https://www.crypto.com/en/chain,cro gbp,5
CRO-INR,CryptocomCoin INR,CRO,INR,Crypto.com Coin (CRO) is a cryptocurrency and operates on the Ethereum platform.,CCC,https://www.crypto.com/en/chain,cro inr,4
CRO-JPY,CryptocomCoin JPY,CRO,JPY,Crypto.com Coin (CRO) is a cryptocurrency and operates on the Ethereum platform.,CCC,https://www.crypto.com/en/chain,cro jpy,6
CRO-KRW,CryptocomCoin KRW,CRO,KRW,Crypto.com Coin (CRO) is a cryptocurrency and operates on the Ethereum platform.,CCC,https://www.crypto.com/en/chain,cro krw,0
CRO-RUB,CryptocomCoin RUB,CRO,RUB,Crypto.com Coin (CRO) is a cryptocurrency and operates on the Ethereum platform.,CCC,https://www.crypto.com/en/chain,cro rub,2
CRO-USD,CryptocomCoin USD,CRO,USD,Crypto.com Coin (CRO) is a cryptocurrency and operates on the Ethereum platform.,CCC,https://www.crypto.com/en/chain,cro usd,3
CRU-CAD,Crust CAD,CRU,CAD,Crust (CRU) is a cryptocurrency.,CCC,https://www.crust.network/,cru cad,0
CRU-CNY,Crust CNY,CRU,CNY,Crust (CRU) is a cryptocurrency.,CCC,https://www.crust.network/,cru cny,0
CRU-ETH,Crust ETH,CRU,ETH,Crust (CRU) is a cryptocurrency.,CCC,https://www.crust.network/,cru eth,1
CRU-EUR,Crust EUR,CRU,EUR,Crust (CRU) is a cryptocurrency.,CCC,https://www.crust.network/,cru eur,0
CRU-GBP,Crust GBP,CRU,GBP,Crust (CRU) is a cryptocurrency.,CCC,https://www.crust.network/,cru gbp,5
CRU-INR,Crust INR,CRU,INR,Crust (CRU) is a cryptocurrency.,CCC,https://www.crust.network/,cru inr,4
CRU-JPY,Crust JPY,CRU,JPY,Crust (CRU) is a cryptocurrency.,CCC,https://www.crust.network/,cru jpy,6
CRU-KRW,Crust KRW,CRU,KRW,Crust (CRU) is a cryptocurrency.,CCC,https://www.crust.network/,cru krw,0
CRU-RUB,Crust RUB,CRU,RUB,Crust (CRU) is a cryptocurrency.,CCC,https://www.crust.network/,cru rub,2
CRU-USD,Crust USD,CRU,USD,Crust (CRU) is a cryptocurrency.,CCC,https://www.crust.network/,cru usd,3
CRV-BTC,CurveDAOToken BTC,CRV,BTC,Curve DAO Token (CRV) is a cryptocurrency and operates on the Ethereum platform.,CCC,https://guides.curve.fi/everything-you-need-to-know-about-crv/,crv btc,0
CRV-CAD,CurveDAOToken CAD,CRV,CAD,Curve DAO Token (CRV) is a cryptocurrency and operates on the Ethereum platform.,CCC,https://guides.curve.fi/everything-you-need-to-know-about-crv/,crv cad,0
CRV-CNY,CurveDAOToken CNY,CRV,CNY,Curve DAO Token (CRV) is a cryptocurrency and operates on the Ethereum platform.,CCC,https://guides.curve.fi/everything-you-need-to-know-about-crv/,crv cny,0
CRV-ETH,CurveDAOToken ETH,CRV,ETH,Curve DAO Token (CRV) is a cryptocurrency and operates on the Ethereum platform.,CCC,https://guides.curve.fi/everything-you-need-to-know-about-crv/,crv eth,1
CRV-EUR,CurveDAOToken EUR,CRV,EUR,Curve DAO Token (CRV) is a cryptocurrency and operates on the Ethereum platform.,CCC,https://guides.curve.fi/everything-you-need-to-know-about-crv/,crv eur,0
CRV-GBP,CurveDAOToken GBP,CRV,GBP,Curve DAO Token (CRV) is a cryptocurrency and operates on the Ethereum platform.,CCC,https://guides.curve.fi/everything-you-need-to-know-about-crv/,crv gbp,5
CRV-INR,CurveDAOToken INR,CRV,INR,Curve DAO Token (CRV) is a cryptocurrency and operates on the Ethereum platform.,CCC,https://guides.curve.fi/everything-you-need-to-know-about-crv/,crv inr,4
CRV-JPY,CurveDAOToken JPY,CRV,JPY,Curve DAO Token (CRV) is a cryptocurrency and operates on the Ethereum platform.,CCC,https://guides.curve.fi/everything-you-need-to-know-about-crv/,crv jpy,6
CRV-KRW,CurveDAOToken KRW,CRV,KRW,Curve DAO Token (CRV) is a cryptocurrency and operates on the Ethereum platform.,CCC,https://guides.curve.fi/everything-you-need-to-know-about-crv/,crv krw,0
CRV-RUB,CurveDAOToken RUB,CRV,RUB,Curve DAO Token (CRV) is a cryptocurrency and operates on the Ethereum platform.,CCC,https://guides.curve.fi/everything-you-need-to-know-about-crv/,crv rub,2
CRV-USD,CurveDAOToken USD,CRV,USD,Curve DAO Token (CRV) is a cryptocurrency and operates on the Ethereum platform.,CCC,https://guides.curve.fi/everything-you-need-to-know-about-crv/,crv usd,3
CSC-BTC,CasinoCoin BTC,CSC,BTC,CasinoCoin (CSC) is a cryptocurrency launched in 2018.,CCC,http://casinocoin.org/,csc btc,0
CSC-CAD,CasinoCoin CAD,CSC,CAD,CasinoCoin (CSC) is a cryptocurrency launched in 2018.,CCC,http://casinocoin.org/,csc cad,0
CSC-CNY,CasinoCoin CNY,CSC,CNY,CasinoCoin (CSC) is a cryptocurrency launched in 2018.,CCC,http://casinocoin.org/,csc cny,0
CSC-ETH,CasinoCoin ETH,CSC,ETH,CasinoCoin (CSC) is a cryptocurrency launched in 2018.,CCC,http://casinocoin.org/,csc eth,1
CSC-EUR,CasinoCoin EUR,CSC,EUR,CasinoCoin (CSC) is a cryptocurrency launched in 2018.,CCC,http://casinocoin.org/,csc eur,0
CSC-GBP,CasinoCoin GBP,CSC,GBP,CasinoCoin (CSC) is a cryptocurrency launched in 2018.,CCC,http://casinocoin.org/,csc gbp,5
CSC-INR,CasinoCoin INR,CSC,INR,CasinoCoin (CSC) is a cryptocurrency launched in 2018.,CCC,http://casinocoin.org/,csc inr,4
CSC-JPY,CasinoCoin JPY,CSC,JPY,CasinoCoin (CSC) is a cryptocurrency launched in 2018.,CCC,http://casinocoin.org/,csc jpy,6
CSC-KRW,CasinoCoin KRW,CSC,KRW,CasinoCoin (CSC) is a cryptocurrency launched in 2018.,CCC,http://casinocoin.org/,csc krw,0
CSC-RUB,CasinoCoin RUB,CSC,RUB,CasinoCoin (CSC) is a cryptocurrency launched in 2018.,CCC,http://casinocoin.org/,csc rub,2
CSC-USD,CasinoCoin USD,CSC,USD,CasinoCoin (CSC) is a cryptocurrency launched in 2018.,CCC,http://casinocoin.org/,csc usd,3
CTC-BTC,CreditTagChain BTC,CTC,BTC,Credit Tag Chain (CTC) is a cryptocurrency. Users are able to generate CTC through the process of mining.,CCC,https://www.credittag.io/,ctc btc,0
CTC-CAD,CreditTagChain CAD,CTC,CAD,Credit Tag Chain (CTC) is a cryptocurrency. Users are able to generate CTC through the process of mining.,CCC,https://www.credittag.io/,ctc cad,0
CTC-CNY,CreditTagChain CNY,CTC,CNY,Credit Tag Chain (CTC) is a cryptocurrency. Users are able to generate CTC through the process of mining.,CCC,https://www.credittag.io/,ctc cny,0
CTC-ETH,CreditTagChain ETH,CTC,ETH,Credit Tag Chain (CTC) is a cryptocurrency. Users are able to generate CTC through the process of mining.,CCC,https://www.credittag.io/,ctc eth,1
CTC-EUR,CreditTagChain EUR,CTC,EUR,Credit Tag Chain (CTC) is a cryptocurrency. Users are able to generate CTC through the process of mining.,CCC,https://www.credittag.io/,ctc eur,0
CTC-GBP,CreditTagChain GBP,CTC,GBP,Credit Tag Chain (CTC) is a cryptocurrency. Users are able to generate CTC through the process of mining.,CCC,https://www.credittag.io/,ctc gbp,5
CTC-INR,CreditTagChain INR,CTC,INR,Credit Tag Chain (CTC) is a cryptocurrency. Users are able to generate CTC through the process of mining.,CCC,https://www.credittag.io/,ctc inr,4
CTC-JPY,CreditTagChain JPY,CTC,JPY,Credit Tag Chain (CTC) is a cryptocurrency. Users are able to generate CTC through the process of mining.,CCC,https://www.credittag.io/,ctc jpy,6
CTC-KRW,CreditTagChain KRW,CTC,KRW,Credit Tag Chain (CTC) is a cryptocurrency. Users are able to generate CTC through the process of mining.,CCC,https://www.credittag.io/,ctc krw,0
CTC-RUB,CreditTagChain RUB,CTC,RUB,Credit Tag Chain (CTC) is a cryptocurrency. Users are able to generate CTC through the process of mining.,CCC,https://www.credittag.io/,ctc rub,2
CTC1-CAD,Creditcoin CAD,CTC1,CAD,Creditcoin (CTC) is a cryptocurrency.,CCC,https://www.creditcoin.org,ctc cad,0
CTC1-CNY,Creditcoin CNY,CTC1,CNY,Creditcoin (CTC) is a cryptocurrency.,CCC,https://www.creditcoin.org,ctc cny,0
CTC1-ETH,Creditcoin ETH,CTC1,ETH,Creditcoin (CTC) is a cryptocurrency.,CCC,https://www.creditcoin.org,ctc eth,1
CTC1-EUR,Creditcoin EUR,CTC1,EUR,Creditcoin (CTC) is a cryptocurrency.,CCC,https://www.creditcoin.org,ctc eur,0
CTC1-GBP,Creditcoin GBP,CTC1,GBP,Creditcoin (CTC) is a cryptocurrency.,CCC,https://www.creditcoin.org,ctc gbp,5
CTC1-INR,Creditcoin INR,CTC1,INR,Creditcoin (CTC) is a cryptocurrency.,CCC,https://www.creditcoin.org,ctc inr,4
CTC1-JPY,Creditcoin JPY,CTC1,JPY,Creditcoin (CTC) is a cryptocurrency.,CCC,https://www.creditcoin.org,ctc jpy,6
CTC1-KRW,Creditcoin KRW,CTC1,KRW,Creditcoin (CTC) is a cryptocurrency.,CCC,https://www.creditcoin.org,ctc krw,0
CTC1-RUB,Creditcoin RUB,CTC1,RUB,Creditcoin (CTC) is a cryptocurrency.,CCC,https://www.creditcoin.org,ctc rub,2
CTC1-USD,Creditcoin USD,CTC1,USD,Creditcoin (CTC) is a cryptocurrency.,CCC,https://www.creditcoin.org,ctc usd,3
CTXC-CAD,Cortex CAD,CTXC,CAD,Cortex (CTXC) is a cryptocurrency. Users are able to generate CTXC through the process of mining.,CCC,http://www.cortexlabs.ai/,ctxc cad,0
CTXC-CNY,Cortex CNY,CTXC,CNY,Cortex (CTXC) is a cryptocurrency. Users are able to generate CTXC through the process of mining.,CCC,http://www.cortexlabs.ai/,ctxc cny,0
CTXC-ETH,Cortex ETH,CTXC,ETH,Cortex (CTXC) is a cryptocurrency. Users are able to generate CTXC through the process of mining.,CCC,http://www.cortexlabs.ai/,ctxc eth,1
CTXC-EUR,Cortex EUR,CTXC,EUR,Cortex (CTXC) is a cryptocurrency. Users are able to generate CTXC through the process of mining.,CCC,http://www.cortexlabs.ai/,ctxc eur,0
CTXC-GBP,Cortex GBP,CTXC,GBP,Cortex (CTXC) is a cryptocurrency. Users are able to generate CTXC through the process of mining.,CCC,http://www.cortexlabs.ai/,ctxc gbp,5
CTXC-INR,Cortex INR,CTXC,INR,Cortex (CTXC) is a cryptocurrency. Users are able to generate CTXC through the process of mining.,CCC,http://www.cortexlabs.ai/,ctxc inr,4
CTXC-JPY,Cortex JPY,CTXC,JPY,Cortex (CTXC) is a cryptocurrency. Users are able to generate CTXC through the process of mining.,CCC,http://www.cortexlabs.ai/,ctxc jpy,6
CTXC-KRW,Cortex KRW,CTXC,KRW,Cortex (CTXC) is a cryptocurrency. Users are able to generate CTXC through the process of mining.,CCC,http://www.cortexlabs.ai/,ctxc krw,0
CTXC-RUB,Cortex RUB,CTXC,RUB,Cortex (CTXC) is a cryptocurrency. Users are able to generate CTXC through the process of mining.,CCC,http://www.cortexlabs.ai/,ctxc rub,2
CTXC-USD,Cortex USD,CTXC,USD,Cortex (CTXC) is a cryptocurrency. Users are able to generate CTXC through the process of mining.,CCC,http://www.cortexlabs.ai/,ctxc usd,3
CURE-CAD,Curecoin CAD,CURE,CAD,Curecoin (CURE) is a cryptocurrency. Users are able to generate CURE through the process of mining.,CCC,https://curecoin.net/,cure cad,0
CURE-CNY,Curecoin CNY,CURE,CNY,Curecoin (CURE) is a cryptocurrency. Users are able to generate CURE through the process of mining.,CCC,https://curecoin.net/,cure cny,0
CURE-ETH,Curecoin ETH,CURE,ETH,Curecoin (CURE) is a cryptocurrency. Users are able to generate CURE through the process of mining.,CCC,https://curecoin.net/,cure eth,1
CURE-EUR,Curecoin EUR,CURE,EUR,Curecoin (CURE) is a cryptocurrency. Users are able to generate CURE through the process of mining.,CCC,https://curecoin.net/,cure eur,0
CURE-GBP,Curecoin GBP,CURE,GBP,Curecoin (CURE) is a cryptocurrency. Users are able to generate CURE through the process of mining.,CCC,https://curecoin.net/,cure gbp,5
CURE-INR,Curecoin INR,CURE,INR,Curecoin (CURE) is a cryptocurrency. Users are able to generate CURE through the process of mining.,CCC,https://curecoin.net/,cure inr,4
CURE-JPY,Curecoin JPY,CURE,JPY,Curecoin (CURE) is a cryptocurrency. Users are able to generate CURE through the process of mining.,CCC,https://curecoin.net/,cure jpy,6
CURE-KRW,Curecoin KRW,CURE,KRW,Curecoin (CURE) is a cryptocurrency. Users are able to generate CURE through the process of mining.,CCC,https://curecoin.net/,cure krw,0
CURE-RUB,Curecoin RUB,CURE,RUB,Curecoin (CURE) is a cryptocurrency. Users are able to generate CURE through the process of mining.,CCC,https://curecoin.net/,cure rub,2
CURE-USD,Curecoin USD,CURE,USD,Curecoin (CURE) is a cryptocurrency. Users are able to generate CURE through the process of mining.,CCC,https://curecoin.net/,cure usd,3
CUT-CAD,CUTcoin CAD,CUT,CAD,CUTcoin (CUT) is a cryptocurrency.,CCC,https://cutcoin.org,cut cad,0
CUT-CNY,CUTcoin CNY,CUT,CNY,CUTcoin (CUT) is a cryptocurrency.,CCC,https://cutcoin.org,cut cny,0
CUT-ETH,CUTcoin ETH,CUT,ETH,CUTcoin (CUT) is a cryptocurrency.,CCC,https://cutcoin.org,cut eth,1
CUT-EUR,CUTcoin EUR,CUT,EUR,CUTcoin (CUT) is a cryptocurrency.,CCC,https://cutcoin.org,cut eur,0
CUT-GBP,CUTcoin GBP,CUT,GBP,CUTcoin (CUT) is a cryptocurrency.,CCC,https://cutcoin.org,cut gbp,5
CUT-INR,CUTcoin INR,CUT,INR,CUTcoin (CUT) is a cryptocurrency.,CCC,https://cutcoin.org,cut inr,4
CUT-JPY,CUTcoin JPY,CUT,JPY,CUTcoin (CUT) is a cryptocurrency.,CCC,https://cutcoin.org,cut jpy,6
CUT-KRW,CUTcoin KRW,CUT,KRW,CUTcoin (CUT) is a cryptocurrency.,CCC,https://cutcoin.org,cut krw,0
CUT-RUB,CUTcoin RUB,CUT,RUB,CUTcoin (CUT) is a cryptocurrency.,CCC,https://cutcoin.org,cut rub,2
CUT-USD,CUTcoin USD,CUT,USD,CUTcoin (CUT) is a cryptocurrency.,CCC,https://cutcoin.org,cut usd,3
CVC-AUD,Civic AUD,CVC,AUD,Civic (CVC) is a cryptocurrency and operates on the Ethereum platform.,CCC,https://www.civic.com/,cvc aud,0
CVC-CNY,Civic CNY,CVC,CNY,Civic (CVC) is a cryptocurrency and operates on the Ethereum platform.,CCC,https://www.civic.com/,cvc cny,0
CVC-ETH,Civic ETH,CVC,ETH,Civic (CVC) is a cryptocurrency and operates on the Ethereum platform.,CCC,https://www.civic.com/,cvc eth,1
CVC-EUR,Civic EUR,CVC,EUR,Civic (CVC) is a cryptocurrency and operates on the Ethereum platform.,CCC,https://www.civic.com/,cvc eur,0
CVC-GBP,Civic GBP,CVC,GBP,Civic (CVC) is a cryptocurrency and operates on the Ethereum platform.,CCC,https://www.civic.com/,cvc gbp,5
CVC-INR,Civic INR,CVC,INR,Civic (CVC) is a cryptocurrency and operates on the Ethereum platform.,CCC,https://www.civic.com/,cvc inr,4
CVC-JPY,Civic JPY,CVC,JPY,Civic (CVC) is a cryptocurrency and operates on the Ethereum platform.,CCC,https://www.civic.com/,cvc jpy,6
CVC-KRW,Civic KRW,CVC,KRW,Civic (CVC) is a cryptocurrency and operates on the Ethereum platform.,CCC,https://www.civic.com/,cvc krw,0
CVC-RUB,Civic RUB,CVC,RUB,Civic (CVC) is a cryptocurrency and operates on the Ethereum platform.,CCC,https://www.civic.com/,cvc rub,2
CVC-USD,Civic USD,CVC,USD,Civic (CVC) is a cryptocurrency and operates on the Ethereum platform.,CCC,https://www.civic.com/,cvc usd,3
DAG-USD,Constellation USD,DAG,USD,Constellation (DAG) is a cryptocurrency.,CCC,https://www.constellationlabs.io/,dag usd,3
DASH-BTC,Dash BTC,DASH,BTC,Dash (DASH) is a cryptocurrency. Users are able to generate DASH through the process of mining.,CCC,https://www.dash.org/,dash btc,0
DASH-JPY,Dash JPY,DASH,JPY,Dash (DASH) is a cryptocurrency. Users are able to generate DASH through the process of mining.,CCC,https://www.dash.org/,dash jpy,6
DASH-KRW,Dash KRW,DASH,KRW,Dash (DASH) is a cryptocurrency. Users are able to generate DASH through the process of mining.,CCC,https://www.dash.org/,dash krw,0
DASH-USD,Dash USD,DASH,USD,Dash (DASH) is a cryptocurrency. Users are able to generate DASH through the process of mining.,CCC,https://www.dash.org/,dash usd,3
DCN-AUD,Dentacoin AUD,DCN,AUD,Dentacoin (DCN) is a cryptocurrency and operates on the Ethereum platform.,CCC,http://www.dentacoin.com/,dcn aud,0
DCN-CAD,Dentacoin CAD,DCN,CAD,Dentacoin (DCN) is a cryptocurrency and operates on the Ethereum platform.,CCC,http://www.dentacoin.com/,dcn cad,0
DCN-CNY,Dentacoin CNY,DCN,CNY,Dentacoin (DCN) is a cryptocurrency and operates on the Ethereum platform.,CCC,http://www.dentacoin.com/,dcn cny,0
DCN-ETH,Dentacoin ETH,DCN,ETH,Dentacoin (DCN) is a cryptocurrency and operates on the Ethereum platform.,CCC,http://www.dentacoin.com/,dcn eth,1
DCN-EUR,Dentacoin EUR,DCN,EUR,Dentacoin (DCN) is a cryptocurrency and operates on the Ethereum platform.,CCC,http://www.dentacoin.com/,dcn eur,0
DCN-GBP,Dentacoin GBP,DCN,GBP,Dentacoin (DCN) is a cryptocurrency and operates on the Ethereum platform.,CCC,http://www.dentacoin.com/,dcn gbp,5
DCN-INR,Dentacoin INR,DCN,INR,Dentacoin (DCN) is a cryptocurrency and operates on the Ethereum platform.,CCC,http://www.dentacoin.com/,dcn inr,4
DCN-JPY,Dentacoin JPY,DCN,JPY,Dentacoin (DCN) is a cryptocurrency and operates on the Ethereum platform.,CCC,http://www.dentacoin.com/,dcn jpy,6
DCN-RUB,Dentacoin RUB,DCN,RUB,Dentacoin (DCN) is a cryptocurrency and operates on the Ethereum platform.,CCC,http://www.dentacoin.com/,dcn rub,2
DCN-USD,Dentacoin USD,DCN,USD,Dentacoin (DCN) is a cryptocurrency and operates on the Ethereum platform.,CCC,http://www.dentacoin.com/,dcn usd,3
DCR-BTC,Decred BTC,DCR,BTC,Decred (DCR) is a cryptocurrency. Users are able to generate DCR through the process of mining.,CCC,https://www.decred.org/,dcr btc,0
DCR-CAD,Decred CAD,DCR,CAD,Decred (DCR) is a cryptocurrency. Users are able to generate DCR through the process of mining.,CCC,https://www.decred.org/,dcr cad,0
DCR-CNY,Decred CNY,DCR,CNY,Decred (DCR) is a cryptocurrency. Users are able to generate DCR through the process of mining.,CCC,https://www.decred.org/,dcr cny,0
DCR-ETH,Decred ETH,DCR,ETH,Decred (DCR) is a cryptocurrency. Users are able to generate DCR through the process of mining.,CCC,https://www.decred.org/,dcr eth,1
DCR-EUR,Decred EUR,DCR,EUR,Decred (DCR) is a cryptocurrency. Users are able to generate DCR through the process of mining.,CCC,https://www.decred.org/,dcr eur,0
DCR-GBP,Decred GBP,DCR,GBP,Decred (DCR) is a cryptocurrency. Users are able to generate DCR through the process of mining.,CCC,https://www.decred.org/,dcr gbp,5
DCR-INR,Decred INR,DCR,INR,Decred (DCR) is a cryptocurrency. Users are able to generate DCR through the process of mining.,CCC,https://www.decred.org/,dcr inr,4
DCR-JPY,Decred JPY,DCR,JPY,Decred (DCR) is a cryptocurrency. Users are able to generate DCR through the process of mining.,CCC,https://www.decred.org/,dcr jpy,6
DCR-KRW,Decred KRW,DCR,KRW,Decred (DCR) is a cryptocurrency. Users are able to generate DCR through the process of mining.,CCC,https://www.decred.org/,dcr krw,0
DCR-USD,Decred USD,DCR,USD,Decred (DCR) is a cryptocurrency. Users are able to generate DCR through the process of mining.,CCC,https://www.decred.org/,dcr usd,3
DCY-CAD,Dinastycoin CAD,DCY,CAD,Dinastycoin (DCY) is a cryptocurrency. Users are able to generate DCY through the process of mining.,CCC,http://www.dinastycoin.com/,dcy cad,0
DCY-CNY,Dinastycoin CNY,DCY,CNY,Dinastycoin (DCY) is a cryptocurrency. Users are able to generate DCY through the process of mining.,CCC,http://www.dinastycoin.com/,dcy cny,0
DCY-ETH,Dinastycoin ETH,DCY,ETH,Dinastycoin (DCY) is a cryptocurrency. Users are able to generate DCY through the process of mining.,CCC,http://www.dinastycoin.com/,dcy eth,1
DCY-EUR,Dinastycoin EUR,DCY,EUR,Dinastycoin (DCY) is a cryptocurrency. Users are able to generate DCY through the process of mining.,CCC,http://www.dinastycoin.com/,dcy eur,0
DCY-GBP,Dinastycoin GBP,DCY,GBP,Dinastycoin (DCY) is a cryptocurrency. Users are able to generate DCY through the process of mining.,CCC,http://www.dinastycoin.com/,dcy gbp,5
DCY-INR,Dinastycoin INR,DCY,INR,Dinastycoin (DCY) is a cryptocurrency. Users are able to generate DCY through the process of mining.,CCC,http://www.dinastycoin.com/,dcy inr,4
DCY-JPY,Dinastycoin JPY,DCY,JPY,Dinastycoin (DCY) is a cryptocurrency. Users are able to generate DCY through the process of mining.,CCC,http://www.dinastycoin.com/,dcy jpy,6
DCY-KRW,Dinastycoin KRW,DCY,KRW,Dinastycoin (DCY) is a cryptocurrency. Users are able to generate DCY through the process of mining.,CCC,http://www.dinastycoin.com/,dcy krw,0
DCY-RUB,Dinastycoin RUB,DCY,RUB,Dinastycoin (DCY) is a cryptocurrency. Users are able to generate DCY through the process of mining.,CCC,http://www.dinastycoin.com/,dcy rub,2
DCY-USD,Dinastycoin USD,DCY,USD,Dinastycoin (DCY) is a cryptocurrency. Users are able to generate DCY through the process of mining.,CCC,http://www.dinastycoin.com/,dcy usd,3
DDK-CAD,DDKoin CAD,DDK,CAD,DDKoin (DDK) is a cryptocurrency. Users are able to generate DDK through the process of mining.,CCC,https://ddkoin.com/,ddk cad,0
DDK-CNY,DDKoin CNY,DDK,CNY,DDKoin (DDK) is a cryptocurrency. Users are able to generate DDK through the process of mining.,CCC,https://ddkoin.com/,ddk cny,0
DDK-ETH,DDKoin ETH,DDK,ETH,DDKoin (DDK) is a cryptocurrency. Users are able to generate DDK through the process of mining.,CCC,https://ddkoin.com/,ddk eth,1
DDK-EUR,DDKoin EUR,DDK,EUR,DDKoin (DDK) is a cryptocurrency. Users are able to generate DDK through the process of mining.,CCC,https://ddkoin.com/,ddk eur,0
DDK-GBP,DDKoin GBP,DDK,GBP,DDKoin (DDK) is a cryptocurrency. Users are able to generate DDK through the process of mining.,CCC,https://ddkoin.com/,ddk gbp,5
DDK-INR,DDKoin INR,DDK,INR,DDKoin (DDK) is a cryptocurrency. Users are able to generate DDK through the process of mining.,CCC,https://ddkoin.com/,ddk inr,4
DDK-JPY,DDKoin JPY,DDK,JPY,DDKoin (DDK) is a cryptocurrency. Users are able to generate DDK through the process of mining.,CCC,https://ddkoin.com/,ddk jpy,6
DDK-KRW,DDKoin KRW,DDK,KRW,DDKoin (DDK) is a cryptocurrency. Users are able to generate DDK through the process of mining.,CCC,https://ddkoin.com/,ddk krw,0
DDK-RUB,DDKoin RUB,DDK,RUB,DDKoin (DDK) is a cryptocurrency. Users are able to generate DDK through the process of mining.,CCC,https://ddkoin.com/,ddk rub,2
DDK-USD,DDKoin USD,DDK,USD,DDKoin (DDK) is a cryptocurrency. Users are able to generate DDK through the process of mining.,CCC,https://ddkoin.com/,ddk usd,3
DERO-CAD,Dero CAD,DERO,CAD,Dero (DERO) is a cryptocurrency. Users are able to generate DERO through the process of mining.,CCC,https://dero.io,dero cad,0
DERO-CNY,Dero CNY,DERO,CNY,Dero (DERO) is a cryptocurrency. Users are able to generate DERO through the process of mining.,CCC,https://dero.io,dero cny,0
DERO-ETH,Dero ETH,DERO,ETH,Dero (DERO) is a cryptocurrency. Users are able to generate DERO through the process of mining.,CCC,https://dero.io,dero eth,1
DERO-EUR,Dero EUR,DERO,EUR,Dero (DERO) is a cryptocurrency. Users are able to generate DERO through the process of mining.,CCC,https://dero.io,dero eur,0
DERO-GBP,Dero GBP,DERO,GBP,Dero (DERO) is a cryptocurrency. Users are able to generate DERO through the process of mining.,CCC,https://dero.io,dero gbp,5
DERO-INR,Dero INR,DERO,INR,Dero (DERO) is a cryptocurrency. Users are able to generate DERO through the process of mining.,CCC,https://dero.io,dero inr,4
DERO-JPY,Dero JPY,DERO,JPY,Dero (DERO) is a cryptocurrency. Users are able to generate DERO through the process of mining.,CCC,https://dero.io,dero jpy,6
DERO-KRW,Dero KRW,DERO,KRW,Dero (DERO) is a cryptocurrency. Users are able to generate DERO through the process of mining.,CCC,https://dero.io,dero krw,0
DERO-RUB,Dero RUB,DERO,RUB,Dero (DERO) is a cryptocurrency. Users are able to generate DERO through the process of mining.,CCC,https://dero.io,dero rub,2
DERO-USD,Dero USD,DERO,USD,Dero (DERO) is a cryptocurrency. Users are able to generate DERO through the process of mining.,CCC,https://dero.io,dero usd,3
DEV-BTC,DeviantCoin BTC,DEV,BTC,DeviantCoin (DEV) is a cryptocurrency. Users are able to generate DEV through the process of mining.,CCC,https://deviantcoin.io/,dev btc,0
DEV-CAD,DeviantCoin CAD,DEV,CAD,DeviantCoin (DEV) is a cryptocurrency. Users are able to generate DEV through the process of mining.,CCC,https://deviantcoin.io/,dev cad,0
DEV-CNY,DeviantCoin CNY,DEV,CNY,DeviantCoin (DEV) is a cryptocurrency. Users are able to generate DEV through the process of mining.,CCC,https://deviantcoin.io/,dev cny,0
DEV-ETH,DeviantCoin ETH,DEV,ETH,DeviantCoin (DEV) is a cryptocurrency. Users are able to generate DEV through the process of mining.,CCC,https://deviantcoin.io/,dev eth,1
DEV-EUR,DeviantCoin EUR,DEV,EUR,DeviantCoin (DEV) is a cryptocurrency. Users are able to generate DEV through the process of mining.,CCC,https://deviantcoin.io/,dev eur,0
DEV-GBP,DeviantCoin GBP,DEV,GBP,DeviantCoin (DEV) is a cryptocurrency. Users are able to generate DEV through the process of mining.,CCC,https://deviantcoin.io/,dev gbp,5
DEV-INR,DeviantCoin INR,DEV,INR,DeviantCoin (DEV) is a cryptocurrency. Users are able to generate DEV through the process of mining.,CCC,https://deviantcoin.io/,dev inr,4
DEV-JPY,DeviantCoin JPY,DEV,JPY,DeviantCoin (DEV) is a cryptocurrency. Users are able to generate DEV through the process of mining.,CCC,https://deviantcoin.io/,dev jpy,6
DEV-KRW,DeviantCoin KRW,DEV,KRW,DeviantCoin (DEV) is a cryptocurrency. Users are able to generate DEV through the process of mining.,CCC,https://deviantcoin.io/,dev krw,0
DEV-RUB,DeviantCoin RUB,DEV,RUB,DeviantCoin (DEV) is a cryptocurrency. Users are able to generate DEV through the process of mining.,CCC,https://deviantcoin.io/,dev rub,2
DFI-BTC,DeFiChain BTC,DFI,BTC,DeFiChain (DFI) is a cryptocurrency.,CCC,https://defichain.com/,dfi btc,0
DFI-CAD,DeFiChain CAD,DFI,CAD,DeFiChain (DFI) is a cryptocurrency.,CCC,https://defichain.com/,dfi cad,0
DFI-CNY,DeFiChain CNY,DFI,CNY,DeFiChain (DFI) is a cryptocurrency.,CCC,https://defichain.com/,dfi cny,0
DFI-ETH,DeFiChain ETH,DFI,ETH,DeFiChain (DFI) is a cryptocurrency.,CCC,https://defichain.com/,dfi eth,1
DFI-EUR,DeFiChain EUR,DFI,EUR,DeFiChain (DFI) is a cryptocurrency.,CCC,https://defichain.com/,dfi eur,0
DFI-GBP,DeFiChain GBP,DFI,GBP,DeFiChain (DFI) is a cryptocurrency.,CCC,https://defichain.com/,dfi gbp,5
DFI-INR,DeFiChain INR,DFI,INR,DeFiChain (DFI) is a cryptocurrency.,CCC,https://defichain.com/,dfi inr,4
DFI-JPY,DeFiChain JPY,DFI,JPY,DeFiChain (DFI) is a cryptocurrency.,CCC,https://defichain.com/,dfi jpy,6
DFI-KRW,DeFiChain KRW,DFI,KRW,DeFiChain (DFI) is a cryptocurrency.,CCC,https://defichain.com/,dfi krw,0
DFI-RUB,DeFiChain RUB,DFI,RUB,DeFiChain (DFI) is a cryptocurrency.,CCC,https://defichain.com/,dfi rub,2
DFI-USD,DeFiChain USD,DFI,USD,DeFiChain (DFI) is a cryptocurrency.,CCC,https://defichain.com/,dfi usd,3
DGB-AUD,DigiByte AUD,DGB,AUD,DigiByte (DGB) is a cryptocurrency. Users are able to generate DGB through the process of mining.,CCC,https://digibyte.org/,dgb aud,0
DGB-BTC,DigiByte BTC,DGB,BTC,DigiByte (DGB) is a cryptocurrency. Users are able to generate DGB through the process of mining.,CCC,https://digibyte.org/,dgb btc,0
DGB-CAD,DigiByte CAD,DGB,CAD,DigiByte (DGB) is a cryptocurrency. Users are able to generate DGB through the process of mining.,CCC,https://digibyte.org/,dgb cad,0
DGB-CNY,DigiByte CNY,DGB,CNY,DigiByte (DGB) is a cryptocurrency. Users are able to generate DGB through the process of mining.,CCC,https://digibyte.org/,dgb cny,0
DGB-ETH,DigiByte ETH,DGB,ETH,DigiByte (DGB) is a cryptocurrency. Users are able to generate DGB through the process of mining.,CCC,https://digibyte.org/,dgb eth,1
DGB-EUR,DigiByte EUR,DGB,EUR,DigiByte (DGB) is a cryptocurrency. Users are able to generate DGB through the process of mining.,CCC,https://digibyte.org/,dgb eur,0
DGB-GBP,DigiByte GBP,DGB,GBP,DigiByte (DGB) is a cryptocurrency. Users are able to generate DGB through the process of mining.,CCC,https://digibyte.org/,dgb gbp,5
DGB-INR,DigiByte INR,DGB,INR,DigiByte (DGB) is a cryptocurrency. Users are able to generate DGB through the process of mining.,CCC,https://digibyte.org/,dgb inr,4
DGB-JPY,DigiByte JPY,DGB,JPY,DigiByte (DGB) is a cryptocurrency. Users are able to generate DGB through the process of mining.,CCC,https://digibyte.org/,dgb jpy,6
DGB-RUB,DigiByte RUB,DGB,RUB,DigiByte (DGB) is a cryptocurrency. Users are able to generate DGB through the process of mining.,CCC,https://digibyte.org/,dgb rub,2
DGB-USD,DigiByte USD,DGB,USD,DigiByte (DGB) is a cryptocurrency. Users are able to generate DGB through the process of mining.,CCC,https://digibyte.org/,dgb usd,3
DGD-BTC,DigixDAO BTC,DGD,BTC,DigixDAO (DGD) is a cryptocurrency and operates on the Ethereum platform.,CCC,https://digix.global/dgd/,dgd btc,0
DGD-CAD,DigixDAO CAD,DGD,CAD,DigixDAO (DGD) is a cryptocurrency and operates on the Ethereum platform.,CCC,https://digix.global/dgd/,dgd cad,0
DGD-CNY,DigixDAO CNY,DGD,CNY,DigixDAO (DGD) is a cryptocurrency and operates on the Ethereum platform.,CCC,https://digix.global/dgd/,dgd cny,0
DGD-EUR,DigixDAO EUR,DGD,EUR,DigixDAO (DGD) is a cryptocurrency and operates on the Ethereum platform.,CCC,https://digix.global/dgd/,dgd eur,0
DGD-GBP,DigixDAO GBP,DGD,GBP,DigixDAO (DGD) is a cryptocurrency and operates on the Ethereum platform.,CCC,https://digix.global/dgd/,dgd gbp,5
DGD-INR,DigixDAO INR,DGD,INR,DigixDAO (DGD) is a cryptocurrency and operates on the Ethereum platform.,CCC,https://digix.global/dgd/,dgd inr,4
DGD-JPY,DigixDAO JPY,DGD,JPY,DigixDAO (DGD) is a cryptocurrency and operates on the Ethereum platform.,CCC,https://digix.global/dgd/,dgd jpy,6
DGD-KRW,DigixDAO KRW,DGD,KRW,DigixDAO (DGD) is a cryptocurrency and operates on the Ethereum platform.,CCC,https://digix.global/dgd/,dgd krw,0
DGD-RUB,DigixDAO RUB,DGD,RUB,DigixDAO (DGD) is a cryptocurrency and operates on the Ethereum platform.,CCC,https://digix.global/dgd/,dgd rub,2
DGD-USD,DigixDAO USD,DGD,USD,DigixDAO (DGD) is a cryptocurrency and operates on the Ethereum platform.,CCC,https://digix.global/dgd/,dgd usd,3
DIME-CAD,Dimecoin CAD,DIME,CAD,Dimecoin (DIME) is a cryptocurrency. Users are able to generate DIME through the process of mining.,CCC,https://www.dimecoinnetwork.com/,dime cad,0
DIME-CNY,Dimecoin CNY,DIME,CNY,Dimecoin (DIME) is a cryptocurrency. Users are able to generate DIME through the process of mining.,CCC,https://www.dimecoinnetwork.com/,dime cny,0
DIME-ETH,Dimecoin ETH,DIME,ETH,Dimecoin (DIME) is a cryptocurrency. Users are able to generate DIME through the process of mining.,CCC,https://www.dimecoinnetwork.com/,dime eth,1
DIME-EUR,Dimecoin EUR,DIME,EUR,Dimecoin (DIME) is a cryptocurrency. Users are able to generate DIME through the process of mining.,CCC,https://www.dimecoinnetwork.com/,dime eur,0
DIME-GBP,Dimecoin GBP,DIME,GBP,Dimecoin (DIME) is a cryptocurrency. Users are able to generate DIME through the process of mining.,CCC,https://www.dimecoinnetwork.com/,dime gbp,5
DIME-INR,Dimecoin INR,DIME,INR,Dimecoin (DIME) is a cryptocurrency. Users are able to generate DIME through the process of mining.,CCC,https://www.dimecoinnetwork.com/,dime inr,4
DIME-JPY,Dimecoin JPY,DIME,JPY,Dimecoin (DIME) is a cryptocurrency. Users are able to generate DIME through the process of mining.,CCC,https://www.dimecoinnetwork.com/,dime jpy,6
DIME-KRW,Dimecoin KRW,DIME,KRW,Dimecoin (DIME) is a cryptocurrency. Users are able to generate DIME through the process of mining.,CCC,https://www.dimecoinnetwork.com/,dime krw,0
DIME-RUB,Dimecoin RUB,DIME,RUB,Dimecoin (DIME) is a cryptocurrency. Users are able to generate DIME through the process of mining.,CCC,https://www.dimecoinnetwork.com/,dime rub,2
DIME-USD,Dimecoin USD,DIME,USD,Dimecoin (DIME) is a cryptocurrency. Users are able to generate DIME through the process of mining.,CCC,https://www.dimecoinnetwork.com/,dime usd,3
DMCH-CAD,DARMACash CAD,DMCH,CAD,Darma Cash (DMCH) is a cryptocurrency.,CCC,https://www.darmacash.com/,dmch cad,0
DMCH-CNY,DARMACash CNY,DMCH,CNY,Darma Cash (DMCH) is a cryptocurrency.,CCC,https://www.darmacash.com/,dmch cny,0
DMCH-ETH,DARMACash ETH,DMCH,ETH,Darma Cash (DMCH) is a cryptocurrency.,CCC,https://www.darmacash.com/,dmch eth,1
DMCH-EUR,DARMACash EUR,DMCH,EUR,Darma Cash (DMCH) is a cryptocurrency.,CCC,https://www.darmacash.com/,dmch eur,0
DMCH-GBP,DARMACash GBP,DMCH,GBP,Darma Cash (DMCH) is a cryptocurrency.,CCC,https://www.darmacash.com/,dmch gbp,5
DMCH-INR,DARMACash INR,DMCH,INR,Darma Cash (DMCH) is a cryptocurrency.,CCC,https://www.darmacash.com/,dmch inr,4
DMCH-JPY,DARMACash JPY,DMCH,JPY,Darma Cash (DMCH) is a cryptocurrency.,CCC,https://www.darmacash.com/,dmch jpy,6
DMCH-KRW,DARMACash KRW,DMCH,KRW,Darma Cash (DMCH) is a cryptocurrency.,CCC,https://www.darmacash.com/,dmch krw,0
DMCH-RUB,DARMACash RUB,DMCH,RUB,Darma Cash (DMCH) is a cryptocurrency.,CCC,https://www.darmacash.com/,dmch rub,2
DMCH-USD,DARMACash USD,DMCH,USD,Darma Cash (DMCH) is a cryptocurrency.,CCC,https://www.darmacash.com/,dmch usd,3
DMD-KRW,Diamond KRW,DMD,KRW,Diamond (DMD) is a cryptocurrency.,CCC,http://bit.diamonds,dmd krw,0
DMD-RUB,Diamond RUB,DMD,RUB,Diamond (DMD) is a cryptocurrency.,CCC,http://bit.diamonds,dmd rub,2
DMD-USD,Diamond USD,DMD,USD,Diamond (DMD) is a cryptocurrency.,CCC,http://bit.diamonds,dmd usd,3
DNA1-AUD,MetaverseDualchainNetworkArchitecture AUD,DNA1,AUD,Metaverse Dualchain Network Architecture (DNA) is a cryptocurrency.,CCC,https://mvsdna.com,dna aud,0
DNA1-CAD,MetaverseDualchainNetworkArchitecture CAD,DNA1,CAD,Metaverse Dualchain Network Architecture (DNA) is a cryptocurrency.,CCC,https://mvsdna.com,dna cad,0
DNA1-CNY,MetaverseDualchainNetworkArchitecture CNY,DNA1,CNY,Metaverse Dualchain Network Architecture (DNA) is a cryptocurrency.,CCC,https://mvsdna.com,dna cny,0
DNA1-ETH,MetaverseDualchainNetworkArchitecture ETH,DNA1,ETH,Metaverse Dualchain Network Architecture (DNA) is a cryptocurrency.,CCC,https://mvsdna.com,dna eth,1
DNA1-EUR,MetaverseDualchainNetworkArchitecture EUR,DNA1,EUR,Metaverse Dualchain Network Architecture (DNA) is a cryptocurrency.,CCC,https://mvsdna.com,dna eur,0
DNA1-GBP,MetaverseDualchainNetworkArchitecture GBP,DNA1,GBP,Metaverse Dualchain Network Architecture (DNA) is a cryptocurrency.,CCC,https://mvsdna.com,dna gbp,5
DNA1-INR,MetaverseDualchainNetworkArchitecture INR,DNA1,INR,Metaverse Dualchain Network Architecture (DNA) is a cryptocurrency.,CCC,https://mvsdna.com,dna inr,4
DNA1-JPY,MetaverseDualchainNetworkArchitecture JPY,DNA1,JPY,Metaverse Dualchain Network Architecture (DNA) is a cryptocurrency.,CCC,https://mvsdna.com,dna jpy,6
DNA1-KRW,MetaverseDualchainNetworkArchitecture KRW,DNA1,KRW,Metaverse Dualchain Network Architecture (DNA) is a cryptocurrency.,CCC,https://mvsdna.com,dna krw,0
DNA1-RUB,MetaverseDualchainNetworkArchitecture RUB,DNA1,RUB,Metaverse Dualchain Network Architecture (DNA) is a cryptocurrency.,CCC,https://mvsdna.com,dna rub,2
DNA1-USD,MetaverseDualchainNetworkArchitecture USD,DNA1,USD,Metaverse Dualchain Network Architecture (DNA) is a cryptocurrency.,CCC,https://mvsdna.com,dna usd,3
DNT-BTC,district0x BTC,DNT,BTC,district0x (DNT) is a cryptocurrency and operates on the Ethereum platform.,CCC,https://district0x.io/,dnt btc,0
DNT-CAD,district0x CAD,DNT,CAD,district0x (DNT) is a cryptocurrency and operates on the Ethereum platform.,CCC,https://district0x.io/,dnt cad,0
DNT-CNY,district0x CNY,DNT,CNY,district0x (DNT) is a cryptocurrency and operates on the Ethereum platform.,CCC,https://district0x.io/,dnt cny,0
DNT-ETH,district0x ETH,DNT,ETH,district0x (DNT) is a cryptocurrency and operates on the Ethereum platform.,CCC,https://district0x.io/,dnt eth,1
DNT-EUR,district0x EUR,DNT,EUR,district0x (DNT) is a cryptocurrency and operates on the Ethereum platform.,CCC,https://district0x.io/,dnt eur,0
DNT-GBP,district0x GBP,DNT,GBP,district0x (DNT) is a cryptocurrency and operates on the Ethereum platform.,CCC,https://district0x.io/,dnt gbp,5
DNT-INR,district0x INR,DNT,INR,district0x (DNT) is a cryptocurrency and operates on the Ethereum platform.,CCC,https://district0x.io/,dnt inr,4
DNT-JPY,district0x JPY,DNT,JPY,district0x (DNT) is a cryptocurrency and operates on the Ethereum platform.,CCC,https://district0x.io/,dnt jpy,6
DNT-KRW,district0x KRW,DNT,KRW,district0x (DNT) is a cryptocurrency and operates on the Ethereum platform.,CCC,https://district0x.io/,dnt krw,0
DNT-USD,district0x USD,DNT,USD,district0x (DNT) is a cryptocurrency and operates on the Ethereum platform.,CCC,https://district0x.io/,dnt usd,3
DOGE-AUD,Dogecoin AUD,DOGE,AUD,Dogecoin (DOGE) is a cryptocurrency. Users are able to generate DOGE through the process of mining.,CCC,http://dogecoin.com/,doge aud,0
DOGE-BTC,Dogecoin BTC,DOGE,BTC,Dogecoin (DOGE) is a cryptocurrency. Users are able to generate DOGE through the process of mining.,CCC,http://dogecoin.com/,doge btc,0
DOGE-CAD,Dogecoin CAD,DOGE,CAD,Dogecoin (DOGE) is a cryptocurrency. Users are able to generate DOGE through the process of mining.,CCC,http://dogecoin.com/,doge cad,0
DOGE-ETH,Dogecoin ETH,DOGE,ETH,Dogecoin (DOGE) is a cryptocurrency. Users are able to generate DOGE through the process of mining.,CCC,http://dogecoin.com/,doge eth,1
DOGE-EUR,Dogecoin EUR,DOGE,EUR,Dogecoin (DOGE) is a cryptocurrency. Users are able to generate DOGE through the process of mining.,CCC,http://dogecoin.com/,doge eur,0
DOGE-GBP,Dogecoin GBP,DOGE,GBP,Dogecoin (DOGE) is a cryptocurrency. Users are able to generate DOGE through the process of mining.,CCC,http://dogecoin.com/,doge gbp,5
DOGE-INR,Dogecoin INR,DOGE,INR,Dogecoin (DOGE) is a cryptocurrency. Users are able to generate DOGE through the process of mining.,CCC,http://dogecoin.com/,doge inr,4
DOGE-JPY,Dogecoin JPY,DOGE,JPY,Dogecoin (DOGE) is a cryptocurrency. Users are able to generate DOGE through the process of mining.,CCC,http://dogecoin.com/,doge jpy,6
DOGE-KRW,Dogecoin KRW,DOGE,KRW,Dogecoin (DOGE) is a cryptocurrency. Users are able to generate DOGE through the process of mining.,CCC,http://dogecoin.com/,doge krw,0
DOGE-RUB,Dogecoin RUB,DOGE,RUB,Dogecoin (DOGE) is a cryptocurrency. Users are able to generate DOGE through the process of mining.,CCC,http://dogecoin.com/,doge rub,2
DOGE-USD,Dogecoin USD,DOGE,USD,Dogecoin (DOGE) is a cryptocurrency. Users are able to generate DOGE through the process of mining.,CCC,http://dogecoin.com/,doge usd,3
DOT1-AUD,Polkadot AUD,DOT1,AUD,Polkadot (DOT) is a cryptocurrency.,CCC,https://polkadot.network/,dot aud,0
DOT1-BTC,Polkadot BTC,DOT1,BTC,Polkadot (DOT) is a cryptocurrency.,CCC,https://polkadot.network/,dot btc,0
DOT1-CAD,Polkadot CAD,DOT1,CAD,Polkadot (DOT) is a cryptocurrency.,CCC,https://polkadot.network/,dot cad,0
DOT1-CNY,Polkadot CNY,DOT1,CNY,Polkadot (DOT) is a cryptocurrency.,CCC,https://polkadot.network/,dot cny,0
DOT1-ETH,Polkadot ETH,DOT1,ETH,Polkadot (DOT) is a cryptocurrency.,CCC,https://polkadot.network/,dot eth,1
DOT1-EUR,Polkadot EUR,DOT1,EUR,Polkadot (DOT) is a cryptocurrency.,CCC,https://polkadot.network/,dot eur,0
DOT1-GBP,Polkadot GBP,DOT1,GBP,Polkadot (DOT) is a cryptocurrency.,CCC,https://polkadot.network/,dot gbp,5
DOT1-INR,Polkadot INR,DOT1,INR,Polkadot (DOT) is a cryptocurrency.,CCC,https://polkadot.network/,dot inr,4
DOT1-JPY,Polkadot JPY,DOT1,JPY,Polkadot (DOT) is a cryptocurrency.,CCC,https://polkadot.network/,dot jpy,6
DOT1-KRW,Polkadot KRW,DOT1,KRW,Polkadot (DOT) is a cryptocurrency.,CCC,https://polkadot.network/,dot krw,0
DOT1-RUB,Polkadot RUB,DOT1,RUB,Polkadot (DOT) is a cryptocurrency.,CCC,https://polkadot.network/,dot rub,2
DOT1-USD,Polkadot USD,DOT1,USD,Polkadot (DOT) is a cryptocurrency.,CCC,https://polkadot.network/,dot usd,3
DTEP-CAD,DECOIN CAD,DTEP,CAD,DECOIN (DTEP) is a cryptocurrency. Users are able to generate DTEP through the process of mining.,CCC,https://www.decoin.io/,dtep cad,0
DTEP-CNY,DECOIN CNY,DTEP,CNY,DECOIN (DTEP) is a cryptocurrency. Users are able to generate DTEP through the process of mining.,CCC,https://www.decoin.io/,dtep cny,0
DTEP-ETH,DECOIN ETH,DTEP,ETH,DECOIN (DTEP) is a cryptocurrency. Users are able to generate DTEP through the process of mining.,CCC,https://www.decoin.io/,dtep eth,1
DTEP-EUR,DECOIN EUR,DTEP,EUR,DECOIN (DTEP) is a cryptocurrency. Users are able to generate DTEP through the process of mining.,CCC,https://www.decoin.io/,dtep eur,0
DTEP-GBP,DECOIN GBP,DTEP,GBP,DECOIN (DTEP) is a cryptocurrency. Users are able to generate DTEP through the process of mining.,CCC,https://www.decoin.io/,dtep gbp,5
DTEP-INR,DECOIN INR,DTEP,INR,DECOIN (DTEP) is a cryptocurrency. Users are able to generate DTEP through the process of mining.,CCC,https://www.decoin.io/,dtep inr,4
DTEP-JPY,DECOIN JPY,DTEP,JPY,DECOIN (DTEP) is a cryptocurrency. Users are able to generate DTEP through the process of mining.,CCC,https://www.decoin.io/,dtep jpy,6
DTEP-KRW,DECOIN KRW,DTEP,KRW,DECOIN (DTEP) is a cryptocurrency. Users are able to generate DTEP through the process of mining.,CCC,https://www.decoin.io/,dtep krw,0
DTEP-RUB,DECOIN RUB,DTEP,RUB,DECOIN (DTEP) is a cryptocurrency. Users are able to generate DTEP through the process of mining.,CCC,https://www.decoin.io/,dtep rub,2
DTEP-USD,DECOIN USD,DTEP,USD,DECOIN (DTEP) is a cryptocurrency. Users are able to generate DTEP through the process of mining.,CCC,https://www.decoin.io/,dtep usd,3
DUN-CAD,DuneNetwork CAD,DUN,CAD,Dune Network (DUN) is a cryptocurrency.,CCC,https://dune.network/,dun cad,0
DUN-CNY,DuneNetwork CNY,DUN,CNY,Dune Network (DUN) is a cryptocurrency.,CCC,https://dune.network/,dun cny,0
DUN-ETH,DuneNetwork ETH,DUN,ETH,Dune Network (DUN) is a cryptocurrency.,CCC,https://dune.network/,dun eth,1
DUN-EUR,DuneNetwork EUR,DUN,EUR,Dune Network (DUN) is a cryptocurrency.,CCC,https://dune.network/,dun eur,0
DUN-GBP,DuneNetwork GBP,DUN,GBP,Dune Network (DUN) is a cryptocurrency.,CCC,https://dune.network/,dun gbp,5
DUN-INR,DuneNetwork INR,DUN,INR,Dune Network (DUN) is a cryptocurrency.,CCC,https://dune.network/,dun inr,4
DUN-JPY,DuneNetwork JPY,DUN,JPY,Dune Network (DUN) is a cryptocurrency.,CCC,https://dune.network/,dun jpy,6
DUN-KRW,DuneNetwork KRW,DUN,KRW,Dune Network (DUN) is a cryptocurrency.,CCC,https://dune.network/,dun krw,0
DUN-RUB,DuneNetwork RUB,DUN,RUB,Dune Network (DUN) is a cryptocurrency.,CCC,https://dune.network/,dun rub,2
DUN-USD,DuneNetwork USD,DUN,USD,Dune Network (DUN) is a cryptocurrency.,CCC,https://dune.network/,dun usd,3
ECA-USD,Electra USD,ECA,USD,Electra (ECA) is a cryptocurrency launched in 2017. Users are able to generate ECA through the process of mining.,CCC,http://electracore.weebly.com/,eca usd,3
EDC-BTC,EDCBlockchain BTC,EDC,BTC,EDC Blockchain v1 [old] (EDC) is a cryptocurrency. Users are able to generate EDC through the process of mining.,CCC,https://blockchain.mn,edc btc,0
EDC-CAD,EDCBlockchain CAD,EDC,CAD,EDC Blockchain v1 [old] (EDC) is a cryptocurrency. Users are able to generate EDC through the process of mining.,CCC,https://blockchain.mn,edc cad,0
EDC-CNY,EDCBlockchain CNY,EDC,CNY,EDC Blockchain v1 [old] (EDC) is a cryptocurrency. Users are able to generate EDC through the process of mining.,CCC,https://blockchain.mn,edc cny,0
EDC-ETH,EDCBlockchain ETH,EDC,ETH,EDC Blockchain v1 [old] (EDC) is a cryptocurrency. Users are able to generate EDC through the process of mining.,CCC,https://blockchain.mn,edc eth,1
EDC-EUR,EDCBlockchain EUR,EDC,EUR,EDC Blockchain v1 [old] (EDC) is a cryptocurrency. Users are able to generate EDC through the process of mining.,CCC,https://blockchain.mn,edc eur,0
EDC-GBP,EDCBlockchain GBP,EDC,GBP,EDC Blockchain v1 [old] (EDC) is a cryptocurrency. Users are able to generate EDC through the process of mining.,CCC,https://blockchain.mn,edc gbp,5
EDC-INR,EDCBlockchain INR,EDC,INR,EDC Blockchain v1 [old] (EDC) is a cryptocurrency. Users are able to generate EDC through the process of mining.,CCC,https://blockchain.mn,edc inr,4
EDC-JPY,EDCBlockchain JPY,EDC,JPY,EDC Blockchain v1 [old] (EDC) is a cryptocurrency. Users are able to generate EDC through the process of mining.,CCC,https://blockchain.mn,edc jpy,6
EDC-KRW,EDCBlockchain KRW,EDC,KRW,EDC Blockchain v1 [old] (EDC) is a cryptocurrency. Users are able to generate EDC through the process of mining.,CCC,https://blockchain.mn,edc krw,0
EDC-RUB,EDCBlockchain RUB,EDC,RUB,EDC Blockchain v1 [old] (EDC) is a cryptocurrency. Users are able to generate EDC through the process of mining.,CCC,https://blockchain.mn,edc rub,2
EDG-AUD,Edgeless AUD,EDG,AUD,Edgeless (EDG) is a cryptocurrency and operates on the Ethereum platform.,CCC,https://edgeless.io/,edg aud,0
EDG-BTC,Edgeless BTC,EDG,BTC,Edgeless (EDG) is a cryptocurrency and operates on the Ethereum platform.,CCC,https://edgeless.io/,edg btc,0
EDG-ETH,Edgeless ETH,EDG,ETH,Edgeless (EDG) is a cryptocurrency and operates on the Ethereum platform.,CCC,https://edgeless.io/,edg eth,1
EDG-EUR,Edgeless EUR,EDG,EUR,Edgeless (EDG) is a cryptocurrency and operates on the Ethereum platform.,CCC,https://edgeless.io/,edg eur,0
EDG-GBP,Edgeless GBP,EDG,GBP,Edgeless (EDG) is a cryptocurrency and operates on the Ethereum platform.,CCC,https://edgeless.io/,edg gbp,5
EDG-INR,Edgeless INR,EDG,INR,Edgeless (EDG) is a cryptocurrency and operates on the Ethereum platform.,CCC,https://edgeless.io/,edg inr,4
EDG-JPY,Edgeless JPY,EDG,JPY,Edgeless (EDG) is a cryptocurrency and operates on the Ethereum platform.,CCC,https://edgeless.io/,edg jpy,6
EDG-KRW,Edgeless KRW,EDG,KRW,Edgeless (EDG) is a cryptocurrency and operates on the Ethereum platform.,CCC,https://edgeless.io/,edg krw,0
EDG-RUB,Edgeless RUB,EDG,RUB,Edgeless (EDG) is a cryptocurrency and operates on the Ethereum platform.,CCC,https://edgeless.io/,edg rub,2
EDG-USD,Edgeless USD,EDG,USD,Edgeless (EDG) is a cryptocurrency and operates on the Ethereum platform.,CCC,https://edgeless.io/,edg usd,3
EGLD-CAD,Elrond CAD,EGLD,CAD,Elrond (EGLD) is a cryptocurrency.,CCC,https://elrond.com/,egld cad,0
EGLD-CNY,Elrond CNY,EGLD,CNY,Elrond (EGLD) is a cryptocurrency.,CCC,https://elrond.com/,egld cny,0
EGLD-ETH,Elrond ETH,EGLD,ETH,Elrond (EGLD) is a cryptocurrency.,CCC,https://elrond.com/,egld eth,1
EGLD-EUR,Elrond EUR,EGLD,EUR,Elrond (EGLD) is a cryptocurrency.,CCC,https://elrond.com/,egld eur,0
EGLD-GBP,Elrond GBP,EGLD,GBP,Elrond (EGLD) is a cryptocurrency.,CCC,https://elrond.com/,egld gbp,5
EGLD-INR,Elrond INR,EGLD,INR,Elrond (EGLD) is a cryptocurrency.,CCC,https://elrond.com/,egld inr,4
EGLD-JPY,Elrond JPY,EGLD,JPY,Elrond (EGLD) is a cryptocurrency.,CCC,https://elrond.com/,egld jpy,6
EGLD-KRW,Elrond KRW,EGLD,KRW,Elrond (EGLD) is a cryptocurrency.,CCC,https://elrond.com/,egld krw,0
EGLD-RUB,Elrond RUB,EGLD,RUB,Elrond (EGLD) is a cryptocurrency.,CCC,https://elrond.com/,egld rub,2
EGLD-USD,Elrond USD,EGLD,USD,Elrond (EGLD) is a cryptocurrency.,CCC,https://elrond.com/,egld usd,3
ELA-CAD,Elastos CAD,ELA,CAD,Elastos (ELA) is a cryptocurrency. Users are able to generate ELA through the process of mining.,CCC,https://elastos.info,ela cad,0
ELA-CNY,Elastos CNY,ELA,CNY,Elastos (ELA) is a cryptocurrency. Users are able to generate ELA through the process of mining.,CCC,https://elastos.info,ela cny,0
ELA-ETH,Elastos ETH,ELA,ETH,Elastos (ELA) is a cryptocurrency. Users are able to generate ELA through the process of mining.,CCC,https://elastos.info,ela eth,1
ELA-EUR,Elastos EUR,ELA,EUR,Elastos (ELA) is a cryptocurrency. Users are able to generate ELA through the process of mining.,CCC,https://elastos.info,ela eur,0
ELA-GBP,Elastos GBP,ELA,GBP,Elastos (ELA) is a cryptocurrency. Users are able to generate ELA through the process of mining.,CCC,https://elastos.info,ela gbp,5
ELA-INR,Elastos INR,ELA,INR,Elastos (ELA) is a cryptocurrency. Users are able to generate ELA through the process of mining.,CCC,https://elastos.info,ela inr,4
ELA-JPY,Elastos JPY,ELA,JPY,Elastos (ELA) is a cryptocurrency. Users are able to generate ELA through the process of mining.,CCC,https://elastos.info,ela jpy,6
ELA-KRW,Elastos KRW,ELA,KRW,Elastos (ELA) is a cryptocurrency. Users are able to generate ELA through the process of mining.,CCC,https://elastos.info,ela krw,0
ELA-RUB,Elastos RUB,ELA,RUB,Elastos (ELA) is a cryptocurrency. Users are able to generate ELA through the process of mining.,CCC,https://elastos.info,ela rub,2
ELA-USD,Elastos USD,ELA,USD,Elastos (ELA) is a cryptocurrency. Users are able to generate ELA through the process of mining.,CCC,https://elastos.info,ela usd,3
EMC2-CAD,Einsteinium CAD,EMC2,CAD,Einsteinium (EMC2) is a cryptocurrency. Users are able to generate EMC2 through the process of mining.,CCC,https://www.emc2.foundation/,emc cad,0
EMC2-CNY,Einsteinium CNY,EMC2,CNY,Einsteinium (EMC2) is a cryptocurrency. Users are able to generate EMC2 through the process of mining.,CCC,https://www.emc2.foundation/,emc cny,0
EMC2-ETH,Einsteinium ETH,EMC2,ETH,Einsteinium (EMC2) is a cryptocurrency. Users are able to generate EMC2 through the process of mining.,CCC,https://www.emc2.foundation/,emc eth,1
EMC2-EUR,Einsteinium EUR,EMC2,EUR,Einsteinium (EMC2) is a cryptocurrency. Users are able to generate EMC2 through the process of mining.,CCC,https://www.emc2.foundation/,emc eur,0
EMC2-GBP,Einsteinium GBP,EMC2,GBP,Einsteinium (EMC2) is a cryptocurrency. Users are able to generate EMC2 through the process of mining.,CCC,https://www.emc2.foundation/,emc gbp,5
EMC2-INR,Einsteinium INR,EMC2,INR,Einsteinium (EMC2) is a cryptocurrency. Users are able to generate EMC2 through the process of mining.,CCC,https://www.emc2.foundation/,emc inr,4
EMC2-JPY,Einsteinium JPY,EMC2,JPY,Einsteinium (EMC2) is a cryptocurrency. Users are able to generate EMC2 through the process of mining.,CCC,https://www.emc2.foundation/,emc jpy,6
EMC2-KRW,Einsteinium KRW,EMC2,KRW,Einsteinium (EMC2) is a cryptocurrency. Users are able to generate EMC2 through the process of mining.,CCC,https://www.emc2.foundation/,emc krw,0
EMC2-RUB,Einsteinium RUB,EMC2,RUB,Einsteinium (EMC2) is a cryptocurrency. Users are able to generate EMC2 through the process of mining.,CCC,https://www.emc2.foundation/,emc rub,2
EMC2-USD,Einsteinium USD,EMC2,USD,Einsteinium (EMC2) is a cryptocurrency. Users are able to generate EMC2 through the process of mining.,CCC,https://www.emc2.foundation/,emc usd,3
ENJ-BTC,EnjinCoin BTC,ENJ,BTC,Enjin Coin (ENJ) is a cryptocurrency and operates on the Ethereum platform.,CCC,https://enjin.io/,enj btc,0
ENJ-CAD,EnjinCoin CAD,ENJ,CAD,Enjin Coin (ENJ) is a cryptocurrency and operates on the Ethereum platform.,CCC,https://enjin.io/,enj cad,0
ENJ-CNY,EnjinCoin CNY,ENJ,CNY,Enjin Coin (ENJ) is a cryptocurrency and operates on the Ethereum platform.,CCC,https://enjin.io/,enj cny,0
ENJ-ETH,EnjinCoin ETH,ENJ,ETH,Enjin Coin (ENJ) is a cryptocurrency and operates on the Ethereum platform.,CCC,https://enjin.io/,enj eth,1
ENJ-EUR,EnjinCoin EUR,ENJ,EUR,Enjin Coin (ENJ) is a cryptocurrency and operates on the Ethereum platform.,CCC,https://enjin.io/,enj eur,0
ENJ-GBP,EnjinCoin GBP,ENJ,GBP,Enjin Coin (ENJ) is a cryptocurrency and operates on the Ethereum platform.,CCC,https://enjin.io/,enj gbp,5
ENJ-INR,EnjinCoin INR,ENJ,INR,Enjin Coin (ENJ) is a cryptocurrency and operates on the Ethereum platform.,CCC,https://enjin.io/,enj inr,4
ENJ-JPY,EnjinCoin JPY,ENJ,JPY,Enjin Coin (ENJ) is a cryptocurrency and operates on the Ethereum platform.,CCC,https://enjin.io/,enj jpy,6
ENJ-KRW,EnjinCoin KRW,ENJ,KRW,Enjin Coin (ENJ) is a cryptocurrency and operates on the Ethereum platform.,CCC,https://enjin.io/,enj krw,0
ENJ-RUB,EnjinCoin RUB,ENJ,RUB,Enjin Coin (ENJ) is a cryptocurrency and operates on the Ethereum platform.,CCC,https://enjin.io/,enj rub,2
ENJ-USD,EnjinCoin USD,ENJ,USD,Enjin Coin (ENJ) is a cryptocurrency and operates on the Ethereum platform.,CCC,https://enjin.io/,enj usd,3
EOS-USD,EOS USD,EOS,USD,EOS (EOS) is a cryptocurrency.,CCC,https://eos.io/,eos usd,3
ERK-BTC,EurekaCoin BTC,ERK,BTC,Eureka Coin (ERK) is a cryptocurrency.,CCC,https://www.eurekacoin.io,erk btc,0
ERK-CAD,EurekaCoin CAD,ERK,CAD,Eureka Coin (ERK) is a cryptocurrency.,CCC,https://www.eurekacoin.io,erk cad,0
ERK-CNY,EurekaCoin CNY,ERK,CNY,Eureka Coin (ERK) is a cryptocurrency.,CCC,https://www.eurekacoin.io,erk cny,0
ERK-ETH,EurekaCoin ETH,ERK,ETH,Eureka Coin (ERK) is a cryptocurrency.,CCC,https://www.eurekacoin.io,erk eth,1
ERK-EUR,EurekaCoin EUR,ERK,EUR,Eureka Coin (ERK) is a cryptocurrency.,CCC,https://www.eurekacoin.io,erk eur,0
ERK-GBP,EurekaCoin GBP,ERK,GBP,Eureka Coin (ERK) is a cryptocurrency.,CCC,https://www.eurekacoin.io,erk gbp,5
ERK-INR,EurekaCoin INR,ERK,INR,Eureka Coin (ERK) is a cryptocurrency.,CCC,https://www.eurekacoin.io,erk inr,4
ERK-JPY,EurekaCoin JPY,ERK,JPY,Eureka Coin (ERK) is a cryptocurrency.,CCC,https://www.eurekacoin.io,erk jpy,6
ERK-KRW,EurekaCoin KRW,ERK,KRW,Eureka Coin (ERK) is a cryptocurrency.,CCC,https://www.eurekacoin.io,erk krw,0
ERK-RUB,EurekaCoin RUB,ERK,RUB,Eureka Coin (ERK) is a cryptocurrency.,CCC,https://www.eurekacoin.io,erk rub,2
ERK-USD,EurekaCoin USD,ERK,USD,Eureka Coin (ERK) is a cryptocurrency.,CCC,https://www.eurekacoin.io,erk usd,3
ETC-AUD,EthereumClassic AUD,ETC,AUD,Ethereum Classic (ETC) is a cryptocurrency. Users are able to generate ETC through the process of mining.,CCC,https://ethereumclassic.org/,etc aud,0
ETC-BTC,EthereumClassic BTC,ETC,BTC,Ethereum Classic (ETC) is a cryptocurrency. Users are able to generate ETC through the process of mining.,CCC,https://ethereumclassic.org/,etc btc,0
ETC-CAD,EthereumClassic CAD,ETC,CAD,Ethereum Classic (ETC) is a cryptocurrency. Users are able to generate ETC through the process of mining.,CCC,https://ethereumclassic.org/,etc cad,0
ETC-CNY,EthereumClassic CNY,ETC,CNY,Ethereum Classic (ETC) is a cryptocurrency. Users are able to generate ETC through the process of mining.,CCC,https://ethereumclassic.org/,etc cny,0
ETC-ETH,EthereumClassic ETH,ETC,ETH,Ethereum Classic (ETC) is a cryptocurrency. Users are able to generate ETC through the process of mining.,CCC,https://ethereumclassic.org/,etc eth,1
ETC-EUR,EthereumClassic EUR,ETC,EUR,Ethereum Classic (ETC) is a cryptocurrency. Users are able to generate ETC through the process of mining.,CCC,https://ethereumclassic.org/,etc eur,0
ETC-GBP,EthereumClassic GBP,ETC,GBP,Ethereum Classic (ETC) is a cryptocurrency. Users are able to generate ETC through the process of mining.,CCC,https://ethereumclassic.org/,etc gbp,5
ETC-INR,EthereumClassic INR,ETC,INR,Ethereum Classic (ETC) is a cryptocurrency. Users are able to generate ETC through the process of mining.,CCC,https://ethereumclassic.org/,etc inr,4
ETC-JPY,EthereumClassic JPY,ETC,JPY,Ethereum Classic (ETC) is a cryptocurrency. Users are able to generate ETC through the process of mining.,CCC,https://ethereumclassic.org/,etc jpy,6
ETC-KRW,EthereumClassic KRW,ETC,KRW,Ethereum Classic (ETC) is a cryptocurrency. Users are able to generate ETC through the process of mining.,CCC,https://ethereumclassic.org/,etc krw,0
ETC-RUB,EthereumClassic RUB,ETC,RUB,Ethereum Classic (ETC) is a cryptocurrency. Users are able to generate ETC through the process of mining.,CCC,https://ethereumclassic.org/,etc rub,2
ETC-USD,EthereumClassic USD,ETC,USD,Ethereum Classic (ETC) is a cryptocurrency. Users are able to generate ETC through the process of mining.,CCC,https://ethereumclassic.org/,etc usd,3
ETH-BTC,Ethereum BTC,ETH,BTC,Ethereum (ETH) is a cryptocurrency. Users are able to generate ETH through the process of mining.,CCC,https://www.ethereum.org/,eth btc,1
ETH-CAD,Ethereum CAD,ETH,CAD,Ethereum (ETH) is a cryptocurrency. Users are able to generate ETH through the process of mining.,CCC,https://www.ethereum.org/,eth cad,1
ETH-EUR,Ethereum EUR,ETH,EUR,Ethereum (ETH) is a cryptocurrency. Users are able to generate ETH through the process of mining.,CCC,https://www.ethereum.org/,eth eur,1
ETH-GBP,Ethereum GBP,ETH,GBP,Ethereum (ETH) is a cryptocurrency. Users are able to generate ETH through the process of mining.,CCC,https://www.ethereum.org/,eth gbp,5
ETH-USD,Ethereum USD,ETH,USD,Ethereum (ETH) is a cryptocurrency. Users are able to generate ETH through the process of mining.,CCC,https://www.ethereum.org/,eth usd,1
ETN-CAD,Electroneum CAD,ETN,CAD,Electroneum (ETN) is a cryptocurrency. Users are able to generate ETN through the process of mining.,CCC,http://electroneum.com/,etn cad,0
ETN-CNY,Electroneum CNY,ETN,CNY,Electroneum (ETN) is a cryptocurrency. Users are able to generate ETN through the process of mining.,CCC,http://electroneum.com/,etn cny,0
ETN-ETH,Electroneum ETH,ETN,ETH,Electroneum (ETN) is a cryptocurrency. Users are able to generate ETN through the process of mining.,CCC,http://electroneum.com/,etn eth,1
ETN-EUR,Electroneum EUR,ETN,EUR,Electroneum (ETN) is a cryptocurrency. Users are able to generate ETN through the process of mining.,CCC,http://electroneum.com/,etn eur,0
ETN-GBP,Electroneum GBP,ETN,GBP,Electroneum (ETN) is a cryptocurrency. Users are able to generate ETN through the process of mining.,CCC,http://electroneum.com/,etn gbp,5
ETN-INR,Electroneum INR,ETN,INR,Electroneum (ETN) is a cryptocurrency. Users are able to generate ETN through the process of mining.,CCC,http://electroneum.com/,etn inr,4
ETN-JPY,Electroneum JPY,ETN,JPY,Electroneum (ETN) is a cryptocurrency. Users are able to generate ETN through the process of mining.,CCC,http://electroneum.com/,etn jpy,6
ETN-KRW,Electroneum KRW,ETN,KRW,Electroneum (ETN) is a cryptocurrency. Users are able to generate ETN through the process of mining.,CCC,http://electroneum.com/,etn krw,0
ETN-RUB,Electroneum RUB,ETN,RUB,Electroneum (ETN) is a cryptocurrency. Users are able to generate ETN through the process of mining.,CCC,http://electroneum.com/,etn rub,2
ETN-USD,Electroneum USD,ETN,USD,Electroneum (ETN) is a cryptocurrency. Users are able to generate ETN through the process of mining.,CCC,http://electroneum.com/,etn usd,3
ETP-BTC,MetaverseETP BTC,ETP,BTC,Metaverse ETP (ETP) is a cryptocurrency. Users are able to generate ETP through the process of mining.,CCC,https://mvs.org/,etp btc,0
ETP-CAD,MetaverseETP CAD,ETP,CAD,Metaverse ETP (ETP) is a cryptocurrency. Users are able to generate ETP through the process of mining.,CCC,https://mvs.org/,etp cad,0
ETP-CNY,MetaverseETP CNY,ETP,CNY,Metaverse ETP (ETP) is a cryptocurrency. Users are able to generate ETP through the process of mining.,CCC,https://mvs.org/,etp cny,0
ETP-ETH,MetaverseETP ETH,ETP,ETH,Metaverse ETP (ETP) is a cryptocurrency. Users are able to generate ETP through the process of mining.,CCC,https://mvs.org/,etp eth,1
ETP-EUR,MetaverseETP EUR,ETP,EUR,Metaverse ETP (ETP) is a cryptocurrency. Users are able to generate ETP through the process of mining.,CCC,https://mvs.org/,etp eur,0
ETP-GBP,MetaverseETP GBP,ETP,GBP,Metaverse ETP (ETP) is a cryptocurrency. Users are able to generate ETP through the process of mining.,CCC,https://mvs.org/,etp gbp,5
ETP-INR,MetaverseETP INR,ETP,INR,Metaverse ETP (ETP) is a cryptocurrency. Users are able to generate ETP through the process of mining.,CCC,https://mvs.org/,etp inr,4
ETP-JPY,MetaverseETP JPY,ETP,JPY,Metaverse ETP (ETP) is a cryptocurrency. Users are able to generate ETP through the process of mining.,CCC,https://mvs.org/,etp jpy,6
ETP-KRW,MetaverseETP KRW,ETP,KRW,Metaverse ETP (ETP) is a cryptocurrency. Users are able to generate ETP through the process of mining.,CCC,https://mvs.org/,etp krw,0
ETP-RUB,MetaverseETP RUB,ETP,RUB,Metaverse ETP (ETP) is a cryptocurrency. Users are able to generate ETP through the process of mining.,CCC,https://mvs.org/,etp rub,2
ETP-USD,MetaverseETP USD,ETP,USD,Metaverse ETP (ETP) is a cryptocurrency. Users are able to generate ETP through the process of mining.,CCC,https://mvs.org/,etp usd,3
EWT-AUD,EnergyWebToken AUD,EWT,AUD,Energy Web Token (EWT) is a cryptocurrency.,CCC,https://www.energyweb.org/,ewt aud,0
EWT-BTC,EnergyWebToken BTC,EWT,BTC,Energy Web Token (EWT) is a cryptocurrency.,CCC,https://www.energyweb.org/,ewt btc,0
EWT-CAD,EnergyWebToken CAD,EWT,CAD,Energy Web Token (EWT) is a cryptocurrency.,CCC,https://www.energyweb.org/,ewt cad,0
EWT-CNY,EnergyWebToken CNY,EWT,CNY,Energy Web Token (EWT) is a cryptocurrency.,CCC,https://www.energyweb.org/,ewt cny,0
EWT-ETH,EnergyWebToken ETH,EWT,ETH,Energy Web Token (EWT) is a cryptocurrency.,CCC,https://www.energyweb.org/,ewt eth,1
EWT-EUR,EnergyWebToken EUR,EWT,EUR,Energy Web Token (EWT) is a cryptocurrency.,CCC,https://www.energyweb.org/,ewt eur,0
EWT-GBP,EnergyWebToken GBP,EWT,GBP,Energy Web Token (EWT) is a cryptocurrency.,CCC,https://www.energyweb.org/,ewt gbp,5
EWT-INR,EnergyWebToken INR,EWT,INR,Energy Web Token (EWT) is a cryptocurrency.,CCC,https://www.energyweb.org/,ewt inr,4
EWT-JPY,EnergyWebToken JPY,EWT,JPY,Energy Web Token (EWT) is a cryptocurrency.,CCC,https://www.energyweb.org/,ewt jpy,6
EWT-KRW,EnergyWebToken KRW,EWT,KRW,Energy Web Token (EWT) is a cryptocurrency.,CCC,https://www.energyweb.org/,ewt krw,0
EWT-RUB,EnergyWebToken RUB,EWT,RUB,Energy Web Token (EWT) is a cryptocurrency.,CCC,https://www.energyweb.org/,ewt rub,2
EWT-USD,EnergyWebToken USD,EWT,USD,Energy Web Token (EWT) is a cryptocurrency.,CCC,https://www.energyweb.org/,ewt usd,3
FAIR-BTC,FairCoin BTC,FAIR,BTC,FairCoin (FAIR) is a cryptocurrency.,CCC,http://fair-coin.org/,fair btc,0
FAIR-CNY,FairCoin CNY,FAIR,CNY,FairCoin (FAIR) is a cryptocurrency.,CCC,http://fair-coin.org/,fair cny,0
FAIR-ETH,FairCoin ETH,FAIR,ETH,FairCoin (FAIR) is a cryptocurrency.,CCC,http://fair-coin.org/,fair eth,1
FAIR-EUR,FairCoin EUR,FAIR,EUR,FairCoin (FAIR) is a cryptocurrency.,CCC,http://fair-coin.org/,fair eur,0
FAIR-GBP,FairCoin GBP,FAIR,GBP,FairCoin (FAIR) is a cryptocurrency.,CCC,http://fair-coin.org/,fair gbp,5
FAIR-INR,FairCoin INR,FAIR,INR,FairCoin (FAIR) is a cryptocurrency.,CCC,http://fair-coin.org/,fair inr,4
FAIR-JPY,FairCoin JPY,FAIR,JPY,FairCoin (FAIR) is a cryptocurrency.,CCC,http://fair-coin.org/,fair jpy,6
FAIR-KRW,FairCoin KRW,FAIR,KRW,FairCoin (FAIR) is a cryptocurrency.,CCC,http://fair-coin.org/,fair krw,0
FAIR-RUB,FairCoin RUB,FAIR,RUB,FairCoin (FAIR) is a cryptocurrency.,CCC,http://fair-coin.org/,fair rub,2
FAIR-USD,FairCoin USD,FAIR,USD,FairCoin (FAIR) is a cryptocurrency.,CCC,http://fair-coin.org/,fair usd,3
FCT-AUD,Factom AUD,FCT,AUD,Factom (FCT) is a cryptocurrency.,CCC,https://www.factomprotocol.org,fct aud,0
FCT-BTC,Factom BTC,FCT,BTC,Factom (FCT) is a cryptocurrency.,CCC,https://www.factomprotocol.org,fct btc,0
FCT-CAD,Factom CAD,FCT,CAD,Factom (FCT) is a cryptocurrency.,CCC,https://www.factomprotocol.org,fct cad,0
FCT-CNY,Factom CNY,FCT,CNY,Factom (FCT) is a cryptocurrency.,CCC,https://www.factomprotocol.org,fct cny,0
FCT-ETH,Factom ETH,FCT,ETH,Factom (FCT) is a cryptocurrency.,CCC,https://www.factomprotocol.org,fct eth,1
FCT-EUR,Factom EUR,FCT,EUR,Factom (FCT) is a cryptocurrency.,CCC,https://www.factomprotocol.org,fct eur,0
FCT-GBP,Factom GBP,FCT,GBP,Factom (FCT) is a cryptocurrency.,CCC,https://www.factomprotocol.org,fct gbp,5
FCT-JPY,Factom JPY,FCT,JPY,Factom (FCT) is a cryptocurrency.,CCC,https://www.factomprotocol.org,fct jpy,6
FCT-KRW,Factom KRW,FCT,KRW,Factom (FCT) is a cryptocurrency.,CCC,https://www.factomprotocol.org,fct krw,0
FCT-USD,Factom USD,FCT,USD,Factom (FCT) is a cryptocurrency.,CCC,https://www.factomprotocol.org,fct usd,3
FET-CAD,Fetch CAD,FET,CAD,Fetch.ai (FET) is a cryptocurrency and operates on the Ethereum platform.,CCC,https://fetch.ai/,fet cad,0
FET-CNY,Fetch CNY,FET,CNY,Fetch.ai (FET) is a cryptocurrency and operates on the Ethereum platform.,CCC,https://fetch.ai/,fet cny,0
FET-ETH,Fetch ETH,FET,ETH,Fetch.ai (FET) is a cryptocurrency and operates on the Ethereum platform.,CCC,https://fetch.ai/,fet eth,1
FET-EUR,Fetch EUR,FET,EUR,Fetch.ai (FET) is a cryptocurrency and operates on the Ethereum platform.,CCC,https://fetch.ai/,fet eur,0
FET-GBP,Fetch GBP,FET,GBP,Fetch.ai (FET) is a cryptocurrency and operates on the Ethereum platform.,CCC,https://fetch.ai/,fet gbp,5
FET-INR,Fetch INR,FET,INR,Fetch.ai (FET) is a cryptocurrency and operates on the Ethereum platform.,CCC,https://fetch.ai/,fet inr,4
FET-JPY,Fetch JPY,FET,JPY,Fetch.ai (FET) is a cryptocurrency and operates on the Ethereum platform.,CCC,https://fetch.ai/,fet jpy,6
FET-KRW,Fetch KRW,FET,KRW,Fetch.ai (FET) is a cryptocurrency and operates on the Ethereum platform.,CCC,https://fetch.ai/,fet krw,0
FET-RUB,Fetch RUB,FET,RUB,Fetch.ai (FET) is a cryptocurrency and operates on the Ethereum platform.,CCC,https://fetch.ai/,fet rub,2
FET-USD,Fetch USD,FET,USD,Fetch.ai (FET) is a cryptocurrency and operates on the Ethereum platform.,CCC,https://fetch.ai/,fet usd,3
FIL-AUD,FilecoinFutures AUD,FIL,AUD,Filecoin (FIL) is a cryptocurrency launched in 2020. Users are able to generate FIL through the process of mining.,CCC,https://filecoin.io/,fil aud,0
FIL-BTC,FilecoinFutures BTC,FIL,BTC,Filecoin (FIL) is a cryptocurrency launched in 2020. Users are able to generate FIL through the process of mining.,CCC,https://filecoin.io/,fil btc,0
FIL-CAD,FilecoinFutures CAD,FIL,CAD,Filecoin (FIL) is a cryptocurrency launched in 2020. Users are able to generate FIL through the process of mining.,CCC,https://filecoin.io/,fil cad,0
FIL-CNY,FilecoinFutures CNY,FIL,CNY,Filecoin (FIL) is a cryptocurrency launched in 2020. Users are able to generate FIL through the process of mining.,CCC,https://filecoin.io/,fil cny,0
FIL-ETH,FilecoinFutures ETH,FIL,ETH,Filecoin (FIL) is a cryptocurrency launched in 2020. Users are able to generate FIL through the process of mining.,CCC,https://filecoin.io/,fil eth,1
FIL-EUR,FilecoinFutures EUR,FIL,EUR,Filecoin (FIL) is a cryptocurrency launched in 2020. Users are able to generate FIL through the process of mining.,CCC,https://filecoin.io/,fil eur,0
FIL-GBP,FilecoinFutures GBP,FIL,GBP,Filecoin (FIL) is a cryptocurrency launched in 2020. Users are able to generate FIL through the process of mining.,CCC,https://filecoin.io/,fil gbp,5
FIL-INR,FilecoinFutures INR,FIL,INR,Filecoin (FIL) is a cryptocurrency launched in 2020. Users are able to generate FIL through the process of mining.,CCC,https://filecoin.io/,fil inr,4
FIL-JPY,FilecoinFutures JPY,FIL,JPY,Filecoin (FIL) is a cryptocurrency launched in 2020. Users are able to generate FIL through the process of mining.,CCC,https://filecoin.io/,fil jpy,6
FIL-KRW,FilecoinFutures KRW,FIL,KRW,Filecoin (FIL) is a cryptocurrency launched in 2020. Users are able to generate FIL through the process of mining.,CCC,https://filecoin.io/,fil krw,0
FIL-RUB,FilecoinFutures RUB,FIL,RUB,Filecoin (FIL) is a cryptocurrency launched in 2020. Users are able to generate FIL through the process of mining.,CCC,https://filecoin.io/,fil rub,2
FIL-USD,FilecoinFutures USD,FIL,USD,Filecoin (FIL) is a cryptocurrency launched in 2020. Users are able to generate FIL through the process of mining.,CCC,https://filecoin.io/,fil usd,3
FIO-CAD,FIOProtocol CAD,FIO,CAD,FIO Protocol (FIO) is a cryptocurrency.,CCC,https://fioprotocol.io/,fio cad,0
FIO-CNY,FIOProtocol CNY,FIO,CNY,FIO Protocol (FIO) is a cryptocurrency.,CCC,https://fioprotocol.io/,fio cny,0
FIO-ETH,FIOProtocol ETH,FIO,ETH,FIO Protocol (FIO) is a cryptocurrency.,CCC,https://fioprotocol.io/,fio eth,1
FIO-EUR,FIOProtocol EUR,FIO,EUR,FIO Protocol (FIO) is a cryptocurrency.,CCC,https://fioprotocol.io/,fio eur,0
FIO-GBP,FIOProtocol GBP,FIO,GBP,FIO Protocol (FIO) is a cryptocurrency.,CCC,https://fioprotocol.io/,fio gbp,5
FIO-INR,FIOProtocol INR,FIO,INR,FIO Protocol (FIO) is a cryptocurrency.,CCC,https://fioprotocol.io/,fio inr,4
FIO-JPY,FIOProtocol JPY,FIO,JPY,FIO Protocol (FIO) is a cryptocurrency.,CCC,https://fioprotocol.io/,fio jpy,6
FIO-KRW,FIOProtocol KRW,FIO,KRW,FIO Protocol (FIO) is a cryptocurrency.,CCC,https://fioprotocol.io/,fio krw,0
FIO-RUB,FIOProtocol RUB,FIO,RUB,FIO Protocol (FIO) is a cryptocurrency.,CCC,https://fioprotocol.io/,fio rub,2
FIO-USD,FIOProtocol USD,FIO,USD,FIO Protocol (FIO) is a cryptocurrency.,CCC,https://fioprotocol.io/,fio usd,3
FIRO-CAD,Firo CAD,FIRO,CAD,Firo (FIRO) is a cryptocurrency. Users are able to generate FIRO through the process of mining.,CCC,https://firo.org/,firo cad,0
FIRO-CNY,Firo CNY,FIRO,CNY,Firo (FIRO) is a cryptocurrency. Users are able to generate FIRO through the process of mining.,CCC,https://firo.org/,firo cny,0
FIRO-ETH,Firo ETH,FIRO,ETH,Firo (FIRO) is a cryptocurrency. Users are able to generate FIRO through the process of mining.,CCC,https://firo.org/,firo eth,1
FIRO-EUR,Firo EUR,FIRO,EUR,Firo (FIRO) is a cryptocurrency. Users are able to generate FIRO through the process of mining.,CCC,https://firo.org/,firo eur,0
FIRO-GBP,Firo GBP,FIRO,GBP,Firo (FIRO) is a cryptocurrency. Users are able to generate FIRO through the process of mining.,CCC,https://firo.org/,firo gbp,5
FIRO-INR,Firo INR,FIRO,INR,Firo (FIRO) is a cryptocurrency. Users are able to generate FIRO through the process of mining.,CCC,https://firo.org/,firo inr,4
FIRO-JPY,Firo JPY,FIRO,JPY,Firo (FIRO) is a cryptocurrency. Users are able to generate FIRO through the process of mining.,CCC,https://firo.org/,firo jpy,6
FIRO-KRW,Firo KRW,FIRO,KRW,Firo (FIRO) is a cryptocurrency. Users are able to generate FIRO through the process of mining.,CCC,https://firo.org/,firo krw,0
FIRO-RUB,Firo RUB,FIRO,RUB,Firo (FIRO) is a cryptocurrency. Users are able to generate FIRO through the process of mining.,CCC,https://firo.org/,firo rub,2
FIRO-USD,Firo USD,FIRO,USD,Firo (FIRO) is a cryptocurrency. Users are able to generate FIRO through the process of mining.,CCC,https://firo.org/,firo usd,3
FLASH-ETH,Flash ETH,FLASH,ETH,Flash (FLASH) is a cryptocurrency.,CCC,https://flashcoin.io/,flash eth,1
FLASH-EUR,Flash EUR,FLASH,EUR,Flash (FLASH) is a cryptocurrency.,CCC,https://flashcoin.io/,flash eur,0
FLASH-GBP,Flash GBP,FLASH,GBP,Flash (FLASH) is a cryptocurrency.,CCC,https://flashcoin.io/,flash gbp,5
FLASH-INR,Flash INR,FLASH,INR,Flash (FLASH) is a cryptocurrency.,CCC,https://flashcoin.io/,flash inr,4
FLASH-JPY,Flash JPY,FLASH,JPY,Flash (FLASH) is a cryptocurrency.,CCC,https://flashcoin.io/,flash jpy,6
FLASH-KRW,Flash KRW,FLASH,KRW,Flash (FLASH) is a cryptocurrency.,CCC,https://flashcoin.io/,flash krw,0
FLASH-RUB,Flash RUB,FLASH,RUB,Flash (FLASH) is a cryptocurrency.,CCC,https://flashcoin.io/,flash rub,2
FLASH-USD,Flash USD,FLASH,USD,Flash (FLASH) is a cryptocurrency.,CCC,https://flashcoin.io/,flash usd,3
FO-CAD,FIBOS CAD,FO,CAD,FIBOS (FO) is a cryptocurrency. Users are able to generate FO through the process of mining.,CCC,https://fibos.io/,fo cad,0
FO-CNY,FIBOS CNY,FO,CNY,FIBOS (FO) is a cryptocurrency. Users are able to generate FO through the process of mining.,CCC,https://fibos.io/,fo cny,0
FO-ETH,FIBOS ETH,FO,ETH,FIBOS (FO) is a cryptocurrency. Users are able to generate FO through the process of mining.,CCC,https://fibos.io/,fo eth,1
FO-EUR,FIBOS EUR,FO,EUR,FIBOS (FO) is a cryptocurrency. Users are able to generate FO through the process of mining.,CCC,https://fibos.io/,fo eur,0
FO-GBP,FIBOS GBP,FO,GBP,FIBOS (FO) is a cryptocurrency. Users are able to generate FO through the process of mining.,CCC,https://fibos.io/,fo gbp,5
FO-INR,FIBOS INR,FO,INR,FIBOS (FO) is a cryptocurrency. Users are able to generate FO through the process of mining.,CCC,https://fibos.io/,fo inr,4
FO-JPY,FIBOS JPY,FO,JPY,FIBOS (FO) is a cryptocurrency. Users are able to generate FO through the process of mining.,CCC,https://fibos.io/,fo jpy,6
FO-KRW,FIBOS KRW,FO,KRW,FIBOS (FO) is a cryptocurrency. Users are able to generate FO through the process of mining.,CCC,https://fibos.io/,fo krw,0
FO-RUB,FIBOS RUB,FO,RUB,FIBOS (FO) is a cryptocurrency. Users are able to generate FO through the process of mining.,CCC,https://fibos.io/,fo rub,2
FO-USD,FIBOS USD,FO,USD,FIBOS (FO) is a cryptocurrency. Users are able to generate FO through the process of mining.,CCC,https://fibos.io/,fo usd,3
FRST-AUD,FirstCoin AUD,FRST,AUD,FirstCoin (FRST) is a cryptocurrency. Users are able to generate FRST through the process of mining.,CCC,http://firstcoinproject.com/,frst aud,0
FRST-BTC,FirstCoin BTC,FRST,BTC,FirstCoin (FRST) is a cryptocurrency. Users are able to generate FRST through the process of mining.,CCC,http://firstcoinproject.com/,frst btc,0
FRST-CAD,FirstCoin CAD,FRST,CAD,FirstCoin (FRST) is a cryptocurrency. Users are able to generate FRST through the process of mining.,CCC,http://firstcoinproject.com/,frst cad,0
FRST-CNY,FirstCoin CNY,FRST,CNY,FirstCoin (FRST) is a cryptocurrency. Users are able to generate FRST through the process of mining.,CCC,http://firstcoinproject.com/,frst cny,0
FRST-ETH,FirstCoin ETH,FRST,ETH,FirstCoin (FRST) is a cryptocurrency. Users are able to generate FRST through the process of mining.,CCC,http://firstcoinproject.com/,frst eth,1
FRST-EUR,FirstCoin EUR,FRST,EUR,FirstCoin (FRST) is a cryptocurrency. Users are able to generate FRST through the process of mining.,CCC,http://firstcoinproject.com/,frst eur,0
FRST-GBP,FirstCoin GBP,FRST,GBP,FirstCoin (FRST) is a cryptocurrency. Users are able to generate FRST through the process of mining.,CCC,http://firstcoinproject.com/,frst gbp,5
FRST-INR,FirstCoin INR,FRST,INR,FirstCoin (FRST) is a cryptocurrency. Users are able to generate FRST through the process of mining.,CCC,http://firstcoinproject.com/,frst inr,4
FRST-KRW,FirstCoin KRW,FRST,KRW,FirstCoin (FRST) is a cryptocurrency. Users are able to generate FRST through the process of mining.,CCC,http://firstcoinproject.com/,frst krw,0
FRST-USD,FirstCoin USD,FRST,USD,FirstCoin (FRST) is a cryptocurrency. Users are able to generate FRST through the process of mining.,CCC,http://firstcoinproject.com/,frst usd,3
FTC-CAD,Feathercoin CAD,FTC,CAD,Feathercoin (FTC) is a cryptocurrency. Users are able to generate FTC through the process of mining.,CCC,http://feathercoin.com,ftc cad,0
FTC-CNY,Feathercoin CNY,FTC,CNY,Feathercoin (FTC) is a cryptocurrency. Users are able to generate FTC through the process of mining.,CCC,http://feathercoin.com,ftc cny,0
FTC-ETH,Feathercoin ETH,FTC,ETH,Feathercoin (FTC) is a cryptocurrency. Users are able to generate FTC through the process of mining.,CCC,http://feathercoin.com,ftc eth,1
FTC-EUR,Feathercoin EUR,FTC,EUR,Feathercoin (FTC) is a cryptocurrency. Users are able to generate FTC through the process of mining.,CCC,http://feathercoin.com,ftc eur,0
FTC-GBP,Feathercoin GBP,FTC,GBP,Feathercoin (FTC) is a cryptocurrency. Users are able to generate FTC through the process of mining.,CCC,http://feathercoin.com,ftc gbp,5
FTC-INR,Feathercoin INR,FTC,INR,Feathercoin (FTC) is a cryptocurrency. Users are able to generate FTC through the process of mining.,CCC,http://feathercoin.com,ftc inr,4
FTC-JPY,Feathercoin JPY,FTC,JPY,Feathercoin (FTC) is a cryptocurrency. Users are able to generate FTC through the process of mining.,CCC,http://feathercoin.com,ftc jpy,6
FTC-KRW,Feathercoin KRW,FTC,KRW,Feathercoin (FTC) is a cryptocurrency. Users are able to generate FTC through the process of mining.,CCC,http://feathercoin.com,ftc krw,0
FTC-RUB,Feathercoin RUB,FTC,RUB,Feathercoin (FTC) is a cryptocurrency. Users are able to generate FTC through the process of mining.,CCC,http://feathercoin.com,ftc rub,2
FTC-USD,Feathercoin USD,FTC,USD,Feathercoin (FTC) is a cryptocurrency. Users are able to generate FTC through the process of mining.,CCC,http://feathercoin.com,ftc usd,3
FUN-BTC,FunFair BTC,FUN,BTC,FUNToken (FUN) is a cryptocurrency and operates on the Ethereum platform.,CCC,https://funtoken.io/,fun btc,0
FUN-CAD,FunFair CAD,FUN,CAD,FUNToken (FUN) is a cryptocurrency and operates on the Ethereum platform.,CCC,https://funtoken.io/,fun cad,0
FUN-CNY,FunFair CNY,FUN,CNY,FUNToken (FUN) is a cryptocurrency and operates on the Ethereum platform.,CCC,https://funtoken.io/,fun cny,0
FUN-ETH,FunFair ETH,FUN,ETH,FUNToken (FUN) is a cryptocurrency and operates on the Ethereum platform.,CCC,https://funtoken.io/,fun eth,1
FUN-EUR,FunFair EUR,FUN,EUR,FUNToken (FUN) is a cryptocurrency and operates on the Ethereum platform.,CCC,https://funtoken.io/,fun eur,0
FUN-GBP,FunFair GBP,FUN,GBP,FUNToken (FUN) is a cryptocurrency and operates on the Ethereum platform.,CCC,https://funtoken.io/,fun gbp,5
FUN-INR,FunFair INR,FUN,INR,FUNToken (FUN) is a cryptocurrency and operates on the Ethereum platform.,CCC,https://funtoken.io/,fun inr,4
FUN-KRW,FunFair KRW,FUN,KRW,FUNToken (FUN) is a cryptocurrency and operates on the Ethereum platform.,CCC,https://funtoken.io/,fun krw,0
FUN-RUB,FunFair RUB,FUN,RUB,FUNToken (FUN) is a cryptocurrency and operates on the Ethereum platform.,CCC,https://funtoken.io/,fun rub,2
FUN-USD,FunFair USD,FUN,USD,FUNToken (FUN) is a cryptocurrency and operates on the Ethereum platform.,CCC,https://funtoken.io/,fun usd,3
GAME-AUD,GameCredits AUD,GAME,AUD,GameCredits (GAME) is a cryptocurrency and operates on the Ethereum platform.,CCC,https://gamecredits.org/,game aud,0
GAME-BTC,GameCredits BTC,GAME,BTC,GameCredits (GAME) is a cryptocurrency and operates on the Ethereum platform.,CCC,https://gamecredits.org/,game btc,0
GAME-ETH,GameCredits ETH,GAME,ETH,GameCredits (GAME) is a cryptocurrency and operates on the Ethereum platform.,CCC,https://gamecredits.org/,game eth,1
GAME-EUR,GameCredits EUR,GAME,EUR,GameCredits (GAME) is a cryptocurrency and operates on the Ethereum platform.,CCC,https://gamecredits.org/,game eur,0
GAME-GBP,GameCredits GBP,GAME,GBP,GameCredits (GAME) is a cryptocurrency and operates on the Ethereum platform.,CCC,https://gamecredits.org/,game gbp,5
GAME-INR,GameCredits INR,GAME,INR,GameCredits (GAME) is a cryptocurrency and operates on the Ethereum platform.,CCC,https://gamecredits.org/,game inr,4
GAME-JPY,GameCredits JPY,GAME,JPY,GameCredits (GAME) is a cryptocurrency and operates on the Ethereum platform.,CCC,https://gamecredits.org/,game jpy,6
GAME-KRW,GameCredits KRW,GAME,KRW,GameCredits (GAME) is a cryptocurrency and operates on the Ethereum platform.,CCC,https://gamecredits.org/,game krw,0
GAME-RUB,GameCredits RUB,GAME,RUB,GameCredits (GAME) is a cryptocurrency and operates on the Ethereum platform.,CCC,https://gamecredits.org/,game rub,2
GAME-USD,GameCredits USD,GAME,USD,GameCredits (GAME) is a cryptocurrency and operates on the Ethereum platform.,CCC,https://gamecredits.org/,game usd,3
GBYTE-BTC,Obyte BTC,GBYTE,BTC,Obyte (GBYTE) is a cryptocurrency.,CCC,https://obyte.org/,gbyte btc,0
GBYTE-CAD,Obyte CAD,GBYTE,CAD,Obyte (GBYTE) is a cryptocurrency.,CCC,https://obyte.org/,gbyte cad,0
GBYTE-CNY,Obyte CNY,GBYTE,CNY,Obyte (GBYTE) is a cryptocurrency.,CCC,https://obyte.org/,gbyte cny,0
GBYTE-ETH,Obyte ETH,GBYTE,ETH,Obyte (GBYTE) is a cryptocurrency.,CCC,https://obyte.org/,gbyte eth,1
GBYTE-EUR,Obyte EUR,GBYTE,EUR,Obyte (GBYTE) is a cryptocurrency.,CCC,https://obyte.org/,gbyte eur,0
GBYTE-GBP,Obyte GBP,GBYTE,GBP,Obyte (GBYTE) is a cryptocurrency.,CCC,https://obyte.org/,gbyte gbp,5
GBYTE-INR,Obyte INR,GBYTE,INR,Obyte (GBYTE) is a cryptocurrency.,CCC,https://obyte.org/,gbyte inr,4
GBYTE-JPY,Obyte JPY,GBYTE,JPY,Obyte (GBYTE) is a cryptocurrency.,CCC,https://obyte.org/,gbyte jpy,6
GBYTE-KRW,Obyte KRW,GBYTE,KRW,Obyte (GBYTE) is a cryptocurrency.,CCC,https://obyte.org/,gbyte krw,0
GBYTE-USD,Obyte USD,GBYTE,USD,Obyte (GBYTE) is a cryptocurrency.,CCC,https://obyte.org/,gbyte usd,3
GCC1-BTC,GlobalCryptocurrency BTC,GCC1,BTC,Global Cryptocurrency (GCC) is a cryptocurrency.,CCC,https://www.thegcccoin.com/,gcc btc,0
GCC1-CAD,GlobalCryptocurrency CAD,GCC1,CAD,Global Cryptocurrency (GCC) is a cryptocurrency.,CCC,https://www.thegcccoin.com/,gcc cad,0
GCC1-CNY,GlobalCryptocurrency CNY,GCC1,CNY,Global Cryptocurrency (GCC) is a cryptocurrency.,CCC,https://www.thegcccoin.com/,gcc cny,0
GCC1-ETH,GlobalCryptocurrency ETH,GCC1,ETH,Global Cryptocurrency (GCC) is a cryptocurrency.,CCC,https://www.thegcccoin.com/,gcc eth,1
GCC1-EUR,GlobalCryptocurrency EUR,GCC1,EUR,Global Cryptocurrency (GCC) is a cryptocurrency.,CCC,https://www.thegcccoin.com/,gcc eur,0
GCC1-GBP,GlobalCryptocurrency GBP,GCC1,GBP,Global Cryptocurrency (GCC) is a cryptocurrency.,CCC,https://www.thegcccoin.com/,gcc gbp,5
GCC1-INR,GlobalCryptocurrency INR,GCC1,INR,Global Cryptocurrency (GCC) is a cryptocurrency.,CCC,https://www.thegcccoin.com/,gcc inr,4
GCC1-JPY,GlobalCryptocurrency JPY,GCC1,JPY,Global Cryptocurrency (GCC) is a cryptocurrency.,CCC,https://www.thegcccoin.com/,gcc jpy,6
GCC1-KRW,GlobalCryptocurrency KRW,GCC1,KRW,Global Cryptocurrency (GCC) is a cryptocurrency.,CCC,https://www.thegcccoin.com/,gcc krw,0
GCC1-RUB,GlobalCryptocurrency RUB,GCC1,RUB,Global Cryptocurrency (GCC) is a cryptocurrency.,CCC,https://www.thegcccoin.com/,gcc rub,2
GCC1-USD,GlobalCryptocurrency USD,GCC1,USD,Global Cryptocurrency (GCC) is a cryptocurrency.,CCC,https://www.thegcccoin.com/,gcc usd,3
GHOST-CAD,GHOSTPRISM CAD,GHOST,CAD,GHOSTPRISM (GHOST) is a cryptocurrency.,CCC,https://ghostxprism.com/,ghost cad,0
GHOST-CNY,GHOSTPRISM CNY,GHOST,CNY,GHOSTPRISM (GHOST) is a cryptocurrency.,CCC,https://ghostxprism.com/,ghost cny,0
GHOST-ETH,GHOSTPRISM ETH,GHOST,ETH,GHOSTPRISM (GHOST) is a cryptocurrency.,CCC,https://ghostxprism.com/,ghost eth,1
GHOST-EUR,GHOSTPRISM EUR,GHOST,EUR,GHOSTPRISM (GHOST) is a cryptocurrency.,CCC,https://ghostxprism.com/,ghost eur,0
GHOST-GBP,GHOSTPRISM GBP,GHOST,GBP,GHOSTPRISM (GHOST) is a cryptocurrency.,CCC,https://ghostxprism.com/,ghost gbp,5
GHOST-INR,GHOSTPRISM INR,GHOST,INR,GHOSTPRISM (GHOST) is a cryptocurrency.,CCC,https://ghostxprism.com/,ghost inr,4
GHOST-JPY,GHOSTPRISM JPY,GHOST,JPY,GHOSTPRISM (GHOST) is a cryptocurrency.,CCC,https://ghostxprism.com/,ghost jpy,6
GHOST-KRW,GHOSTPRISM KRW,GHOST,KRW,GHOSTPRISM (GHOST) is a cryptocurrency.,CCC,https://ghostxprism.com/,ghost krw,0
GHOST-RUB,GHOSTPRISM RUB,GHOST,RUB,GHOSTPRISM (GHOST) is a cryptocurrency.,CCC,https://ghostxprism.com/,ghost rub,2
GHOST-USD,GHOSTPRISM USD,GHOST,USD,GHOSTPRISM (GHOST) is a cryptocurrency.,CCC,https://ghostxprism.com/,ghost usd,3
GHOST1-CAD,GHOST CAD,GHOST1,CAD,Ghost (GHOST) is a cryptocurrency.,CCC,https://ghostbyjohnmcafee.com/,ghost cad,0
GHOST1-CNY,GHOST CNY,GHOST1,CNY,Ghost (GHOST) is a cryptocurrency.,CCC,https://ghostbyjohnmcafee.com/,ghost cny,0
GHOST1-ETH,GHOST ETH,GHOST1,ETH,Ghost (GHOST) is a cryptocurrency.,CCC,https://ghostbyjohnmcafee.com/,ghost eth,1
GHOST1-EUR,GHOST EUR,GHOST1,EUR,Ghost (GHOST) is a cryptocurrency.,CCC,https://ghostbyjohnmcafee.com/,ghost eur,0
GHOST1-GBP,GHOST GBP,GHOST1,GBP,Ghost (GHOST) is a cryptocurrency.,CCC,https://ghostbyjohnmcafee.com/,ghost gbp,5
GHOST1-INR,GHOST INR,GHOST1,INR,Ghost (GHOST) is a cryptocurrency.,CCC,https://ghostbyjohnmcafee.com/,ghost inr,4
GHOST1-JPY,GHOST JPY,GHOST1,JPY,Ghost (GHOST) is a cryptocurrency.,CCC,https://ghostbyjohnmcafee.com/,ghost jpy,6
GHOST1-KRW,GHOST KRW,GHOST1,KRW,Ghost (GHOST) is a cryptocurrency.,CCC,https://ghostbyjohnmcafee.com/,ghost krw,0
GHOST1-RUB,GHOST RUB,GHOST1,RUB,Ghost (GHOST) is a cryptocurrency.,CCC,https://ghostbyjohnmcafee.com/,ghost rub,2
GHOST1-USD,GHOST USD,GHOST1,USD,Ghost (GHOST) is a cryptocurrency.,CCC,https://ghostbyjohnmcafee.com/,ghost usd,3
GLEEC-CAD,Gleec CAD,GLEEC,CAD,Gleec (GLEEC) is a cryptocurrency.,CCC,https://gleec.com/,gleec cad,0
GLEEC-CNY,Gleec CNY,GLEEC,CNY,Gleec (GLEEC) is a cryptocurrency.,CCC,https://gleec.com/,gleec cny,0
GLEEC-ETH,Gleec ETH,GLEEC,ETH,Gleec (GLEEC) is a cryptocurrency.,CCC,https://gleec.com/,gleec eth,1
GLEEC-EUR,Gleec EUR,GLEEC,EUR,Gleec (GLEEC) is a cryptocurrency.,CCC,https://gleec.com/,gleec eur,0
GLEEC-GBP,Gleec GBP,GLEEC,GBP,Gleec (GLEEC) is a cryptocurrency.,CCC,https://gleec.com/,gleec gbp,5
GLEEC-INR,Gleec INR,GLEEC,INR,Gleec (GLEEC) is a cryptocurrency.,CCC,https://gleec.com/,gleec inr,4
GLEEC-JPY,Gleec JPY,GLEEC,JPY,Gleec (GLEEC) is a cryptocurrency.,CCC,https://gleec.com/,gleec jpy,6
GLEEC-KRW,Gleec KRW,GLEEC,KRW,Gleec (GLEEC) is a cryptocurrency.,CCC,https://gleec.com/,gleec krw,0
GLEEC-RUB,Gleec RUB,GLEEC,RUB,Gleec (GLEEC) is a cryptocurrency.,CCC,https://gleec.com/,gleec rub,2
GLEEC-USD,Gleec USD,GLEEC,USD,Gleec (GLEEC) is a cryptocurrency.,CCC,https://gleec.com/,gleec usd,3
GLM-CAD,Golem CAD,GLM,CAD,Golem (GLM) is a cryptocurrency and operates on the Ethereum platform.,CCC,https://golem.network/,glm cad,0
GLM-CNY,Golem CNY,GLM,CNY,Golem (GLM) is a cryptocurrency and operates on the Ethereum platform.,CCC,https://golem.network/,glm cny,0
GLM-ETH,Golem ETH,GLM,ETH,Golem (GLM) is a cryptocurrency and operates on the Ethereum platform.,CCC,https://golem.network/,glm eth,1
GLM-EUR,Golem EUR,GLM,EUR,Golem (GLM) is a cryptocurrency and operates on the Ethereum platform.,CCC,https://golem.network/,glm eur,0
GLM-GBP,Golem GBP,GLM,GBP,Golem (GLM) is a cryptocurrency and operates on the Ethereum platform.,CCC,https://golem.network/,glm gbp,5
GLM-INR,Golem INR,GLM,INR,Golem (GLM) is a cryptocurrency and operates on the Ethereum platform.,CCC,https://golem.network/,glm inr,4
GLM-JPY,Golem JPY,GLM,JPY,Golem (GLM) is a cryptocurrency and operates on the Ethereum platform.,CCC,https://golem.network/,glm jpy,6
GLM-KRW,Golem KRW,GLM,KRW,Golem (GLM) is a cryptocurrency and operates on the Ethereum platform.,CCC,https://golem.network/,glm krw,0
GLM-RUB,Golem RUB,GLM,RUB,Golem (GLM) is a cryptocurrency and operates on the Ethereum platform.,CCC,https://golem.network/,glm rub,2
GLM-USD,Golem USD,GLM,USD,Golem (GLM) is a cryptocurrency and operates on the Ethereum platform.,CCC,https://golem.network/,glm usd,3
GNO-CAD,Gnosis CAD,GNO,CAD,Gnosis (GNO) is a cryptocurrency and operates on the Ethereum platform.,CCC,https://gnosis.io/,gno cad,0
GNO-CNY,Gnosis CNY,GNO,CNY,Gnosis (GNO) is a cryptocurrency and operates on the Ethereum platform.,CCC,https://gnosis.io/,gno cny,0
GNO-ETH,Gnosis ETH,GNO,ETH,Gnosis (GNO) is a cryptocurrency and operates on the Ethereum platform.,CCC,https://gnosis.io/,gno eth,1
GNO-EUR,Gnosis EUR,GNO,EUR,Gnosis (GNO) is a cryptocurrency and operates on the Ethereum platform.,CCC,https://gnosis.io/,gno eur,0
GNO-GBP,Gnosis GBP,GNO,GBP,Gnosis (GNO) is a cryptocurrency and operates on the Ethereum platform.,CCC,https://gnosis.io/,gno gbp,5
GNO-INR,Gnosis INR,GNO,INR,Gnosis (GNO) is a cryptocurrency and operates on the Ethereum platform.,CCC,https://gnosis.io/,gno inr,4
GNO-JPY,Gnosis JPY,GNO,JPY,Gnosis (GNO) is a cryptocurrency and operates on the Ethereum platform.,CCC,https://gnosis.io/,gno jpy,6
GNO-KRW,Gnosis KRW,GNO,KRW,Gnosis (GNO) is a cryptocurrency and operates on the Ethereum platform.,CCC,https://gnosis.io/,gno krw,0
GNO-RUB,Gnosis RUB,GNO,RUB,Gnosis (GNO) is a cryptocurrency and operates on the Ethereum platform.,CCC,https://gnosis.io/,gno rub,2
GNO-USD,Gnosis USD,GNO,USD,Gnosis (GNO) is a cryptocurrency and operates on the Ethereum platform.,CCC,https://gnosis.io/,gno usd,3
GO-CAD,GoChain CAD,GO,CAD,GoChain (GO) is a cryptocurrency.,CCC,https://gochain.io/,go cad,0
GO-CNY,GoChain CNY,GO,CNY,GoChain (GO) is a cryptocurrency.,CCC,https://gochain.io/,go cny,0
GO-ETH,GoChain ETH,GO,ETH,GoChain (GO) is a cryptocurrency.,CCC,https://gochain.io/,go eth,1
GO-EUR,GoChain EUR,GO,EUR,GoChain (GO) is a cryptocurrency.,CCC,https://gochain.io/,go eur,0
GO-GBP,GoChain GBP,GO,GBP,GoChain (GO) is a cryptocurrency.,CCC,https://gochain.io/,go gbp,5
GO-INR,GoChain INR,GO,INR,GoChain (GO) is a cryptocurrency.,CCC,https://gochain.io/,go inr,4
GO-JPY,GoChain JPY,GO,JPY,GoChain (GO) is a cryptocurrency.,CCC,https://gochain.io/,go jpy,6
GO-KRW,GoChain KRW,GO,KRW,GoChain (GO) is a cryptocurrency.,CCC,https://gochain.io/,go krw,0
GO-RUB,GoChain RUB,GO,RUB,GoChain (GO) is a cryptocurrency.,CCC,https://gochain.io/,go rub,2
GO-USD,GoChain USD,GO,USD,GoChain (GO) is a cryptocurrency.,CCC,https://gochain.io/,go usd,3
GRC-CAD,GridCoin CAD,GRC,CAD,Gridcoin (GRC) is a cryptocurrency. Users are able to generate GRC through the process of mining.,CCC,http://www.gridcoin.us/,grc cad,0
GRC-CNY,GridCoin CNY,GRC,CNY,Gridcoin (GRC) is a cryptocurrency. Users are able to generate GRC through the process of mining.,CCC,http://www.gridcoin.us/,grc cny,0
GRC-ETH,GridCoin ETH,GRC,ETH,Gridcoin (GRC) is a cryptocurrency. Users are able to generate GRC through the process of mining.,CCC,http://www.gridcoin.us/,grc eth,1
GRC-EUR,GridCoin EUR,GRC,EUR,Gridcoin (GRC) is a cryptocurrency. Users are able to generate GRC through the process of mining.,CCC,http://www.gridcoin.us/,grc eur,0
GRC-GBP,GridCoin GBP,GRC,GBP,Gridcoin (GRC) is a cryptocurrency. Users are able to generate GRC through the process of mining.,CCC,http://www.gridcoin.us/,grc gbp,5
GRC-INR,GridCoin INR,GRC,INR,Gridcoin (GRC) is a cryptocurrency. Users are able to generate GRC through the process of mining.,CCC,http://www.gridcoin.us/,grc inr,4
GRC-JPY,GridCoin JPY,GRC,JPY,Gridcoin (GRC) is a cryptocurrency. Users are able to generate GRC through the process of mining.,CCC,http://www.gridcoin.us/,grc jpy,6
GRC-KRW,GridCoin KRW,GRC,KRW,Gridcoin (GRC) is a cryptocurrency. Users are able to generate GRC through the process of mining.,CCC,http://www.gridcoin.us/,grc krw,0
GRC-RUB,GridCoin RUB,GRC,RUB,Gridcoin (GRC) is a cryptocurrency. Users are able to generate GRC through the process of mining.,CCC,http://www.gridcoin.us/,grc rub,2
GRC-USD,GridCoin USD,GRC,USD,Gridcoin (GRC) is a cryptocurrency. Users are able to generate GRC through the process of mining.,CCC,http://www.gridcoin.us/,grc usd,3
GRN-BTC,GreenPower BTC,GRN,BTC,GreenPower (GRN) is a cryptocurrency.,CCC,https://www.grnpower.io/,grn btc,0
GRN-RUB,GreenPower RUB,GRN,RUB,GreenPower (GRN) is a cryptocurrency.,CCC,https://www.grnpower.io/,grn rub,2
GRN-USD,GreenPower USD,GRN,USD,GreenPower (GRN) is a cryptocurrency.,CCC,https://www.grnpower.io/,grn usd,3
GRS-CAD,Groestlcoin CAD,GRS,CAD,Groestlcoin (GRS) is a cryptocurrency. Users are able to generate GRS through the process of mining.,CCC,http://www.groestlcoin.org/,grs cad,0
GRS-CNY,Groestlcoin CNY,GRS,CNY,Groestlcoin (GRS) is a cryptocurrency. Users are able to generate GRS through the process of mining.,CCC,http://www.groestlcoin.org/,grs cny,0
GRS-ETH,Groestlcoin ETH,GRS,ETH,Groestlcoin (GRS) is a cryptocurrency. Users are able to generate GRS through the process of mining.,CCC,http://www.groestlcoin.org/,grs eth,1
GRS-EUR,Groestlcoin EUR,GRS,EUR,Groestlcoin (GRS) is a cryptocurrency. Users are able to generate GRS through the process of mining.,CCC,http://www.groestlcoin.org/,grs eur,0
GRS-GBP,Groestlcoin GBP,GRS,GBP,Groestlcoin (GRS) is a cryptocurrency. Users are able to generate GRS through the process of mining.,CCC,http://www.groestlcoin.org/,grs gbp,5
GRS-INR,Groestlcoin INR,GRS,INR,Groestlcoin (GRS) is a cryptocurrency. Users are able to generate GRS through the process of mining.,CCC,http://www.groestlcoin.org/,grs inr,4
GRS-JPY,Groestlcoin JPY,GRS,JPY,Groestlcoin (GRS) is a cryptocurrency. Users are able to generate GRS through the process of mining.,CCC,http://www.groestlcoin.org/,grs jpy,6
GRS-KRW,Groestlcoin KRW,GRS,KRW,Groestlcoin (GRS) is a cryptocurrency. Users are able to generate GRS through the process of mining.,CCC,http://www.groestlcoin.org/,grs krw,0
GRS-RUB,Groestlcoin RUB,GRS,RUB,Groestlcoin (GRS) is a cryptocurrency. Users are able to generate GRS through the process of mining.,CCC,http://www.groestlcoin.org/,grs rub,2
GRS-USD,Groestlcoin USD,GRS,USD,Groestlcoin (GRS) is a cryptocurrency. Users are able to generate GRS through the process of mining.,CCC,http://www.groestlcoin.org/,grs usd,3
GRT2-CAD,TheGraph CAD,GRT2,CAD,The Graph (GRT) is a cryptocurrency and operates on the Ethereum platform.,CCC,https://thegraph.com,grt cad,0
GRT2-CNY,TheGraph CNY,GRT2,CNY,The Graph (GRT) is a cryptocurrency and operates on the Ethereum platform.,CCC,https://thegraph.com,grt cny,0
GRT2-ETH,TheGraph ETH,GRT2,ETH,The Graph (GRT) is a cryptocurrency and operates on the Ethereum platform.,CCC,https://thegraph.com,grt eth,1
GRT2-EUR,TheGraph EUR,GRT2,EUR,The Graph (GRT) is a cryptocurrency and operates on the Ethereum platform.,CCC,https://thegraph.com,grt eur,0
GRT2-GBP,TheGraph GBP,GRT2,GBP,The Graph (GRT) is a cryptocurrency and operates on the Ethereum platform.,CCC,https://thegraph.com,grt gbp,5
GRT2-INR,TheGraph INR,GRT2,INR,The Graph (GRT) is a cryptocurrency and operates on the Ethereum platform.,CCC,https://thegraph.com,grt inr,4
GRT2-JPY,TheGraph JPY,GRT2,JPY,The Graph (GRT) is a cryptocurrency and operates on the Ethereum platform.,CCC,https://thegraph.com,grt jpy,6
GRT2-KRW,TheGraph KRW,GRT2,KRW,The Graph (GRT) is a cryptocurrency and operates on the Ethereum platform.,CCC,https://thegraph.com,grt krw,0
GRT2-RUB,TheGraph RUB,GRT2,RUB,The Graph (GRT) is a cryptocurrency and operates on the Ethereum platform.,CCC,https://thegraph.com,grt rub,2
GRT2-USD,TheGraph USD,GRT2,USD,The Graph (GRT) is a cryptocurrency and operates on the Ethereum platform.,CCC,https://thegraph.com,grt usd,3
GXC-CAD,GXChain CAD,GXC,CAD,GXChain (GXC) is a cryptocurrency.,CCC,https://gxs.gxb.io/en/,gxc cad,0
GXC-CNY,GXChain CNY,GXC,CNY,GXChain (GXC) is a cryptocurrency.,CCC,https://gxs.gxb.io/en/,gxc cny,0
GXC-ETH,GXChain ETH,GXC,ETH,GXChain (GXC) is a cryptocurrency.,CCC,https://gxs.gxb.io/en/,gxc eth,1
GXC-EUR,GXChain EUR,GXC,EUR,GXChain (GXC) is a cryptocurrency.,CCC,https://gxs.gxb.io/en/,gxc eur,0
GXC-GBP,GXChain GBP,GXC,GBP,GXChain (GXC) is a cryptocurrency.,CCC,https://gxs.gxb.io/en/,gxc gbp,5
GXC-INR,GXChain INR,GXC,INR,GXChain (GXC) is a cryptocurrency.,CCC,https://gxs.gxb.io/en/,gxc inr,4
GXC-JPY,GXChain JPY,GXC,JPY,GXChain (GXC) is a cryptocurrency.,CCC,https://gxs.gxb.io/en/,gxc jpy,6
GXC-KRW,GXChain KRW,GXC,KRW,GXChain (GXC) is a cryptocurrency.,CCC,https://gxs.gxb.io/en/,gxc krw,0
GXC-RUB,GXChain RUB,GXC,RUB,GXChain (GXC) is a cryptocurrency.,CCC,https://gxs.gxb.io/en/,gxc rub,2
GXC-USD,GXChain USD,GXC,USD,GXChain (GXC) is a cryptocurrency.,CCC,https://gxs.gxb.io/en/,gxc usd,3
HBAR-AUD,HederaHashgraph AUD,HBAR,AUD,Hedera Hashgraph (HBAR) is a cryptocurrency.,CCC,https://www.hedera.com/,hbar aud,0
HBAR-BTC,HederaHashgraph BTC,HBAR,BTC,Hedera Hashgraph (HBAR) is a cryptocurrency.,CCC,https://www.hedera.com/,hbar btc,0
HBAR-CAD,HederaHashgraph CAD,HBAR,CAD,Hedera Hashgraph (HBAR) is a cryptocurrency.,CCC,https://www.hedera.com/,hbar cad,0
HBAR-CNY,HederaHashgraph CNY,HBAR,CNY,Hedera Hashgraph (HBAR) is a cryptocurrency.,CCC,https://www.hedera.com/,hbar cny,0
HBAR-ETH,HederaHashgraph ETH,HBAR,ETH,Hedera Hashgraph (HBAR) is a cryptocurrency.,CCC,https://www.hedera.com/,hbar eth,1
HBAR-EUR,HederaHashgraph EUR,HBAR,EUR,Hedera Hashgraph (HBAR) is a cryptocurrency.,CCC,https://www.hedera.com/,hbar eur,0
HBAR-GBP,HederaHashgraph GBP,HBAR,GBP,Hedera Hashgraph (HBAR) is a cryptocurrency.,CCC,https://www.hedera.com/,hbar gbp,5
HBAR-INR,HederaHashgraph INR,HBAR,INR,Hedera Hashgraph (HBAR) is a cryptocurrency.,CCC,https://www.hedera.com/,hbar inr,4
HBAR-JPY,HederaHashgraph JPY,HBAR,JPY,Hedera Hashgraph (HBAR) is a cryptocurrency.,CCC,https://www.hedera.com/,hbar jpy,6
HBAR-KRW,HederaHashgraph KRW,HBAR,KRW,Hedera Hashgraph (HBAR) is a cryptocurrency.,CCC,https://www.hedera.com/,hbar krw,0
HBAR-RUB,HederaHashgraph RUB,HBAR,RUB,Hedera Hashgraph (HBAR) is a cryptocurrency.,CCC,https://www.hedera.com/,hbar rub,2
HBAR-USD,HederaHashgraph USD,HBAR,USD,Hedera Hashgraph (HBAR) is a cryptocurrency.,CCC,https://www.hedera.com/,hbar usd,3
HC-CAD,HyperCash CAD,HC,CAD,HyperCash (HC) is a cryptocurrency. Users are able to generate HC through the process of mining.,CCC,https://h.cash/,hc cad,0
HC-CNY,HyperCash CNY,HC,CNY,HyperCash (HC) is a cryptocurrency. Users are able to generate HC through the process of mining.,CCC,https://h.cash/,hc cny,0
HC-ETH,HyperCash ETH,HC,ETH,HyperCash (HC) is a cryptocurrency. Users are able to generate HC through the process of mining.,CCC,https://h.cash/,hc eth,1
HC-EUR,HyperCash EUR,HC,EUR,HyperCash (HC) is a cryptocurrency. Users are able to generate HC through the process of mining.,CCC,https://h.cash/,hc eur,0
HC-GBP,HyperCash GBP,HC,GBP,HyperCash (HC) is a cryptocurrency. Users are able to generate HC through the process of mining.,CCC,https://h.cash/,hc gbp,5
HC-INR,HyperCash INR,HC,INR,HyperCash (HC) is a cryptocurrency. Users are able to generate HC through the process of mining.,CCC,https://h.cash/,hc inr,4
HC-JPY,HyperCash JPY,HC,JPY,HyperCash (HC) is a cryptocurrency. Users are able to generate HC through the process of mining.,CCC,https://h.cash/,hc jpy,6
HC-KRW,HyperCash KRW,HC,KRW,HyperCash (HC) is a cryptocurrency. Users are able to generate HC through the process of mining.,CCC,https://h.cash/,hc krw,0
HC-RUB,HyperCash RUB,HC,RUB,HyperCash (HC) is a cryptocurrency. Users are able to generate HC through the process of mining.,CCC,https://h.cash/,hc rub,2
HC-USD,HyperCash USD,HC,USD,HyperCash (HC) is a cryptocurrency. Users are able to generate HC through the process of mining.,CCC,https://h.cash/,hc usd,3
HIVE-KRW,Hive KRW,HIVE,KRW,Hive (HIVE) is a cryptocurrency launched in 2020.,CCC,https://hive.io/,hive krw,0
HIVE-RUB,Hive RUB,HIVE,RUB,Hive (HIVE) is a cryptocurrency launched in 2020.,CCC,https://hive.io/,hive rub,2
HIVE-USD,Hive USD,HIVE,USD,Hive (HIVE) is a cryptocurrency launched in 2020.,CCC,https://hive.io/,hive usd,3
HNC-AUD,Helleniccoin AUD,HNC,AUD,Hellenic Coin (HNC) is a cryptocurrency. Users are able to generate HNC through the process of mining.,CCC,http://www.helleniccoin.com/,hnc aud,0
HNC-CNY,Helleniccoin CNY,HNC,CNY,Hellenic Coin (HNC) is a cryptocurrency. Users are able to generate HNC through the process of mining.,CCC,http://www.helleniccoin.com/,hnc cny,0
HNC-ETH,Helleniccoin ETH,HNC,ETH,Hellenic Coin (HNC) is a cryptocurrency. Users are able to generate HNC through the process of mining.,CCC,http://www.helleniccoin.com/,hnc eth,1
HNC-EUR,Helleniccoin EUR,HNC,EUR,Hellenic Coin (HNC) is a cryptocurrency. Users are able to generate HNC through the process of mining.,CCC,http://www.helleniccoin.com/,hnc eur,0
HNC-GBP,Helleniccoin GBP,HNC,GBP,Hellenic Coin (HNC) is a cryptocurrency. Users are able to generate HNC through the process of mining.,CCC,http://www.helleniccoin.com/,hnc gbp,5
HNC-INR,Helleniccoin INR,HNC,INR,Hellenic Coin (HNC) is a cryptocurrency. Users are able to generate HNC through the process of mining.,CCC,http://www.helleniccoin.com/,hnc inr,4
HNC-JPY,Helleniccoin JPY,HNC,JPY,Hellenic Coin (HNC) is a cryptocurrency. Users are able to generate HNC through the process of mining.,CCC,http://www.helleniccoin.com/,hnc jpy,6
HNC-KRW,Helleniccoin KRW,HNC,KRW,Hellenic Coin (HNC) is a cryptocurrency. Users are able to generate HNC through the process of mining.,CCC,http://www.helleniccoin.com/,hnc krw,0
HNC-RUB,Helleniccoin RUB,HNC,RUB,Hellenic Coin (HNC) is a cryptocurrency. Users are able to generate HNC through the process of mining.,CCC,http://www.helleniccoin.com/,hnc rub,2
HNC-USD,Helleniccoin USD,HNC,USD,Hellenic Coin (HNC) is a cryptocurrency. Users are able to generate HNC through the process of mining.,CCC,http://www.helleniccoin.com/,hnc usd,3
HNS-CAD,Handshake CAD,HNS,CAD,Handshake (HNS) is a cryptocurrency.,CCC,https://handshake.org/,hns cad,0
HNS-CNY,Handshake CNY,HNS,CNY,Handshake (HNS) is a cryptocurrency.,CCC,https://handshake.org/,hns cny,0
HNS-ETH,Handshake ETH,HNS,ETH,Handshake (HNS) is a cryptocurrency.,CCC,https://handshake.org/,hns eth,1
HNS-EUR,Handshake EUR,HNS,EUR,Handshake (HNS) is a cryptocurrency.,CCC,https://handshake.org/,hns eur,0
HNS-GBP,Handshake GBP,HNS,GBP,Handshake (HNS) is a cryptocurrency.,CCC,https://handshake.org/,hns gbp,5
HNS-INR,Handshake INR,HNS,INR,Handshake (HNS) is a cryptocurrency.,CCC,https://handshake.org/,hns inr,4
HNS-JPY,Handshake JPY,HNS,JPY,Handshake (HNS) is a cryptocurrency.,CCC,https://handshake.org/,hns jpy,6
HNS-KRW,Handshake KRW,HNS,KRW,Handshake (HNS) is a cryptocurrency.,CCC,https://handshake.org/,hns krw,0
HNS-RUB,Handshake RUB,HNS,RUB,Handshake (HNS) is a cryptocurrency.,CCC,https://handshake.org/,hns rub,2
HNS-USD,Handshake USD,HNS,USD,Handshake (HNS) is a cryptocurrency.,CCC,https://handshake.org/,hns usd,3
HNT1-CAD,Helium CAD,HNT1,CAD,Helium (HNT) is a cryptocurrency. Users are able to generate HNT through the process of mining.,CCC,https://www.helium.com/,hnt cad,0
HNT1-CNY,Helium CNY,HNT1,CNY,Helium (HNT) is a cryptocurrency. Users are able to generate HNT through the process of mining.,CCC,https://www.helium.com/,hnt cny,0
HNT1-ETH,Helium ETH,HNT1,ETH,Helium (HNT) is a cryptocurrency. Users are able to generate HNT through the process of mining.,CCC,https://www.helium.com/,hnt eth,1
HNT1-EUR,Helium EUR,HNT1,EUR,Helium (HNT) is a cryptocurrency. Users are able to generate HNT through the process of mining.,CCC,https://www.helium.com/,hnt eur,0
HNT1-GBP,Helium GBP,HNT1,GBP,Helium (HNT) is a cryptocurrency. Users are able to generate HNT through the process of mining.,CCC,https://www.helium.com/,hnt gbp,5
HNT1-INR,Helium INR,HNT1,INR,Helium (HNT) is a cryptocurrency. Users are able to generate HNT through the process of mining.,CCC,https://www.helium.com/,hnt inr,4
HNT1-JPY,Helium JPY,HNT1,JPY,Helium (HNT) is a cryptocurrency. Users are able to generate HNT through the process of mining.,CCC,https://www.helium.com/,hnt jpy,6
HNT1-KRW,Helium KRW,HNT1,KRW,Helium (HNT) is a cryptocurrency. Users are able to generate HNT through the process of mining.,CCC,https://www.helium.com/,hnt krw,0
HNT1-RUB,Helium RUB,HNT1,RUB,Helium (HNT) is a cryptocurrency. Users are able to generate HNT through the process of mining.,CCC,https://www.helium.com/,hnt rub,2
HNT1-USD,Helium USD,HNT1,USD,Helium (HNT) is a cryptocurrency. Users are able to generate HNT through the process of mining.,CCC,https://www.helium.com/,hnt usd,3
HPB-CAD,HighPerformanceBlockchain CAD,HPB,CAD,High Performance Blockchain (HPB) is a cryptocurrency.,CCC,https://www.hpb.io/,hpb cad,0
HPB-CNY,HighPerformanceBlockchain CNY,HPB,CNY,High Performance Blockchain (HPB) is a cryptocurrency.,CCC,https://www.hpb.io/,hpb cny,0
HPB-ETH,HighPerformanceBlockchain ETH,HPB,ETH,High Performance Blockchain (HPB) is a cryptocurrency.,CCC,https://www.hpb.io/,hpb eth,1
HPB-EUR,HighPerformanceBlockchain EUR,HPB,EUR,High Performance Blockchain (HPB) is a cryptocurrency.,CCC,https://www.hpb.io/,hpb eur,0
HPB-GBP,HighPerformanceBlockchain GBP,HPB,GBP,High Performance Blockchain (HPB) is a cryptocurrency.,CCC,https://www.hpb.io/,hpb gbp,5
HPB-INR,HighPerformanceBlockchain INR,HPB,INR,High Performance Blockchain (HPB) is a cryptocurrency.,CCC,https://www.hpb.io/,hpb inr,4
HPB-JPY,HighPerformanceBlockchain JPY,HPB,JPY,High Performance Blockchain (HPB) is a cryptocurrency.,CCC,https://www.hpb.io/,hpb jpy,6
HPB-KRW,HighPerformanceBlockchain KRW,HPB,KRW,High Performance Blockchain (HPB) is a cryptocurrency.,CCC,https://www.hpb.io/,hpb krw,0
HPB-RUB,HighPerformanceBlockchain RUB,HPB,RUB,High Performance Blockchain (HPB) is a cryptocurrency.,CCC,https://www.hpb.io/,hpb rub,2
HPB-USD,HighPerformanceBlockchain USD,HPB,USD,High Performance Blockchain (HPB) is a cryptocurrency.,CCC,https://www.hpb.io/,hpb usd,3
HSS-CAD,Hashshare CAD,HSS,CAD,Hashshare (HSS) is a cryptocurrency.,CCC,https://hashshare.org,hss cad,0
HSS-CNY,Hashshare CNY,HSS,CNY,Hashshare (HSS) is a cryptocurrency.,CCC,https://hashshare.org,hss cny,0
HSS-ETH,Hashshare ETH,HSS,ETH,Hashshare (HSS) is a cryptocurrency.,CCC,https://hashshare.org,hss eth,1
HSS-EUR,Hashshare EUR,HSS,EUR,Hashshare (HSS) is a cryptocurrency.,CCC,https://hashshare.org,hss eur,0
HSS-GBP,Hashshare GBP,HSS,GBP,Hashshare (HSS) is a cryptocurrency.,CCC,https://hashshare.org,hss gbp,5
HSS-INR,Hashshare INR,HSS,INR,Hashshare (HSS) is a cryptocurrency.,CCC,https://hashshare.org,hss inr,4
HSS-JPY,Hashshare JPY,HSS,JPY,Hashshare (HSS) is a cryptocurrency.,CCC,https://hashshare.org,hss jpy,6
HSS-KRW,Hashshare KRW,HSS,KRW,Hashshare (HSS) is a cryptocurrency.,CCC,https://hashshare.org,hss krw,0
HSS-RUB,Hashshare RUB,HSS,RUB,Hashshare (HSS) is a cryptocurrency.,CCC,https://hashshare.org,hss rub,2
HSS-USD,Hashshare USD,HSS,USD,Hashshare (HSS) is a cryptocurrency.,CCC,https://hashshare.org,hss usd,3
HTDF-CAD,OrientWalt CAD,HTDF,CAD,Orient Walt (HTDF) is a cryptocurrency.,CCC,https://www.orientwalt.com/,htdf cad,0
HTDF-CNY,OrientWalt CNY,HTDF,CNY,Orient Walt (HTDF) is a cryptocurrency.,CCC,https://www.orientwalt.com/,htdf cny,0
HTDF-ETH,OrientWalt ETH,HTDF,ETH,Orient Walt (HTDF) is a cryptocurrency.,CCC,https://www.orientwalt.com/,htdf eth,1
HTDF-EUR,OrientWalt EUR,HTDF,EUR,Orient Walt (HTDF) is a cryptocurrency.,CCC,https://www.orientwalt.com/,htdf eur,0
HTDF-GBP,OrientWalt GBP,HTDF,GBP,Orient Walt (HTDF) is a cryptocurrency.,CCC,https://www.orientwalt.com/,htdf gbp,5
HTDF-INR,OrientWalt INR,HTDF,INR,Orient Walt (HTDF) is a cryptocurrency.,CCC,https://www.orientwalt.com/,htdf inr,4
HTDF-JPY,OrientWalt JPY,HTDF,JPY,Orient Walt (HTDF) is a cryptocurrency.,CCC,https://www.orientwalt.com/,htdf jpy,6
HTDF-KRW,OrientWalt KRW,HTDF,KRW,Orient Walt (HTDF) is a cryptocurrency.,CCC,https://www.orientwalt.com/,htdf krw,0
HTDF-RUB,OrientWalt RUB,HTDF,RUB,Orient Walt (HTDF) is a cryptocurrency.,CCC,https://www.orientwalt.com/,htdf rub,2
HTDF-USD,OrientWalt USD,HTDF,USD,Orient Walt (HTDF) is a cryptocurrency.,CCC,https://www.orientwalt.com/,htdf usd,3
HTML-CAD,HTMLCOIN CAD,HTML,CAD,HTMLCOIN (HTML) is a cryptocurrency. Users are able to generate HTML through the process of mining.,CCC,http://www.htmlcoin.com/,html cad,0
HTML-CNY,HTMLCOIN CNY,HTML,CNY,HTMLCOIN (HTML) is a cryptocurrency. Users are able to generate HTML through the process of mining.,CCC,http://www.htmlcoin.com/,html cny,0
HTML-ETH,HTMLCOIN ETH,HTML,ETH,HTMLCOIN (HTML) is a cryptocurrency. Users are able to generate HTML through the process of mining.,CCC,http://www.htmlcoin.com/,html eth,1
HTML-EUR,HTMLCOIN EUR,HTML,EUR,HTMLCOIN (HTML) is a cryptocurrency. Users are able to generate HTML through the process of mining.,CCC,http://www.htmlcoin.com/,html eur,0
HTML-GBP,HTMLCOIN GBP,HTML,GBP,HTMLCOIN (HTML) is a cryptocurrency. Users are able to generate HTML through the process of mining.,CCC,http://www.htmlcoin.com/,html gbp,5
HTML-INR,HTMLCOIN INR,HTML,INR,HTMLCOIN (HTML) is a cryptocurrency. Users are able to generate HTML through the process of mining.,CCC,http://www.htmlcoin.com/,html inr,4
HTML-JPY,HTMLCOIN JPY,HTML,JPY,HTMLCOIN (HTML) is a cryptocurrency. Users are able to generate HTML through the process of mining.,CCC,http://www.htmlcoin.com/,html jpy,6
HTML-KRW,HTMLCOIN KRW,HTML,KRW,HTMLCOIN (HTML) is a cryptocurrency. Users are able to generate HTML through the process of mining.,CCC,http://www.htmlcoin.com/,html krw,0
HTML-RUB,HTMLCOIN RUB,HTML,RUB,HTMLCOIN (HTML) is a cryptocurrency. Users are able to generate HTML through the process of mining.,CCC,http://www.htmlcoin.com/,html rub,2
HTML-USD,HTMLCOIN USD,HTML,USD,HTMLCOIN (HTML) is a cryptocurrency. Users are able to generate HTML through the process of mining.,CCC,http://www.htmlcoin.com/,html usd,3
HYC-CNY,HYCON CNY,HYC,CNY,HYCON (HYC) is a cryptocurrency. Users are able to generate HYC through the process of mining.,CCC,https://hycon.io/,hyc cny,0
HYC-ETH,HYCON ETH,HYC,ETH,HYCON (HYC) is a cryptocurrency. Users are able to generate HYC through the process of mining.,CCC,https://hycon.io/,hyc eth,1
HYC-EUR,HYCON EUR,HYC,EUR,HYCON (HYC) is a cryptocurrency. Users are able to generate HYC through the process of mining.,CCC,https://hycon.io/,hyc eur,0
HYC-GBP,HYCON GBP,HYC,GBP,HYCON (HYC) is a cryptocurrency. Users are able to generate HYC through the process of mining.,CCC,https://hycon.io/,hyc gbp,5
HYC-INR,HYCON INR,HYC,INR,HYCON (HYC) is a cryptocurrency. Users are able to generate HYC through the process of mining.,CCC,https://hycon.io/,hyc inr,4
HYC-JPY,HYCON JPY,HYC,JPY,HYCON (HYC) is a cryptocurrency. Users are able to generate HYC through the process of mining.,CCC,https://hycon.io/,hyc jpy,6
HYC-KRW,HYCON KRW,HYC,KRW,HYCON (HYC) is a cryptocurrency. Users are able to generate HYC through the process of mining.,CCC,https://hycon.io/,hyc krw,0
HYC-RUB,HYCON RUB,HYC,RUB,HYCON (HYC) is a cryptocurrency. Users are able to generate HYC through the process of mining.,CCC,https://hycon.io/,hyc rub,2
HYC-USD,HYCON USD,HYC,USD,HYCON (HYC) is a cryptocurrency. Users are able to generate HYC through the process of mining.,CCC,https://hycon.io/,hyc usd,3
ICX-AUD,ICON AUD,ICX,AUD,ICON (ICX) is a cryptocurrency.,CCC,https://iconrepublic.org/,icx aud,0
ICX-BTC,ICON BTC,ICX,BTC,ICON (ICX) is a cryptocurrency.,CCC,https://iconrepublic.org/,icx btc,0
ICX-CNY,ICON CNY,ICX,CNY,ICON (ICX) is a cryptocurrency.,CCC,https://iconrepublic.org/,icx cny,0
ICX-ETH,ICON ETH,ICX,ETH,ICON (ICX) is a cryptocurrency.,CCC,https://iconrepublic.org/,icx eth,1
ICX-EUR,ICON EUR,ICX,EUR,ICON (ICX) is a cryptocurrency.,CCC,https://iconrepublic.org/,icx eur,0
ICX-GBP,ICON GBP,ICX,GBP,ICON (ICX) is a cryptocurrency.,CCC,https://iconrepublic.org/,icx gbp,5
ICX-INR,ICON INR,ICX,INR,ICON (ICX) is a cryptocurrency.,CCC,https://iconrepublic.org/,icx inr,4
ICX-JPY,ICON JPY,ICX,JPY,ICON (ICX) is a cryptocurrency.,CCC,https://iconrepublic.org/,icx jpy,6
ICX-RUB,ICON RUB,ICX,RUB,ICON (ICX) is a cryptocurrency.,CCC,https://iconrepublic.org/,icx rub,2
ICX-USD,ICON USD,ICX,USD,ICON (ICX) is a cryptocurrency.,CCC,https://iconrepublic.org/,icx usd,3
IDNA-CAD,Idena CAD,IDNA,CAD,Idena (IDNA) is a cryptocurrency.,CCC,https://idena.io/,idna cad,0
IDNA-CNY,Idena CNY,IDNA,CNY,Idena (IDNA) is a cryptocurrency.,CCC,https://idena.io/,idna cny,0
IDNA-ETH,Idena ETH,IDNA,ETH,Idena (IDNA) is a cryptocurrency.,CCC,https://idena.io/,idna eth,1
IDNA-EUR,Idena EUR,IDNA,EUR,Idena (IDNA) is a cryptocurrency.,CCC,https://idena.io/,idna eur,0
IDNA-GBP,Idena GBP,IDNA,GBP,Idena (IDNA) is a cryptocurrency.,CCC,https://idena.io/,idna gbp,5
IDNA-INR,Idena INR,IDNA,INR,Idena (IDNA) is a cryptocurrency.,CCC,https://idena.io/,idna inr,4
IDNA-JPY,Idena JPY,IDNA,JPY,Idena (IDNA) is a cryptocurrency.,CCC,https://idena.io/,idna jpy,6
IDNA-KRW,Idena KRW,IDNA,KRW,Idena (IDNA) is a cryptocurrency.,CCC,https://idena.io/,idna krw,0
IDNA-RUB,Idena RUB,IDNA,RUB,Idena (IDNA) is a cryptocurrency.,CCC,https://idena.io/,idna rub,2
IDNA-USD,Idena USD,IDNA,USD,Idena (IDNA) is a cryptocurrency.,CCC,https://idena.io/,idna usd,3
ILC-CAD,ILCoin CAD,ILC,CAD,ILCOIN (ILC) is a cryptocurrency. Users are able to generate ILC through the process of mining.,CCC,https://ilcoincrypto.com/,ilc cad,0
ILC-CNY,ILCoin CNY,ILC,CNY,ILCOIN (ILC) is a cryptocurrency. Users are able to generate ILC through the process of mining.,CCC,https://ilcoincrypto.com/,ilc cny,0
ILC-ETH,ILCoin ETH,ILC,ETH,ILCOIN (ILC) is a cryptocurrency. Users are able to generate ILC through the process of mining.,CCC,https://ilcoincrypto.com/,ilc eth,1
ILC-EUR,ILCoin EUR,ILC,EUR,ILCOIN (ILC) is a cryptocurrency. Users are able to generate ILC through the process of mining.,CCC,https://ilcoincrypto.com/,ilc eur,0
ILC-GBP,ILCoin GBP,ILC,GBP,ILCOIN (ILC) is a cryptocurrency. Users are able to generate ILC through the process of mining.,CCC,https://ilcoincrypto.com/,ilc gbp,5
ILC-INR,ILCoin INR,ILC,INR,ILCOIN (ILC) is a cryptocurrency. Users are able to generate ILC through the process of mining.,CCC,https://ilcoincrypto.com/,ilc inr,4
ILC-JPY,ILCoin JPY,ILC,JPY,ILCOIN (ILC) is a cryptocurrency. Users are able to generate ILC through the process of mining.,CCC,https://ilcoincrypto.com/,ilc jpy,6
ILC-KRW,ILCoin KRW,ILC,KRW,ILCOIN (ILC) is a cryptocurrency. Users are able to generate ILC through the process of mining.,CCC,https://ilcoincrypto.com/,ilc krw,0
ILC-RUB,ILCoin RUB,ILC,RUB,ILCOIN (ILC) is a cryptocurrency. Users are able to generate ILC through the process of mining.,CCC,https://ilcoincrypto.com/,ilc rub,2
ILC-USD,ILCoin USD,ILC,USD,ILCOIN (ILC) is a cryptocurrency. Users are able to generate ILC through the process of mining.,CCC,https://ilcoincrypto.com/,ilc usd,3
INSTAR-CAD,InsightsNetwork CAD,INSTAR,CAD,Insights Network (INSTAR) is a cryptocurrency.,CCC,https://instars.com/,instar cad,0
INSTAR-CNY,InsightsNetwork CNY,INSTAR,CNY,Insights Network (INSTAR) is a cryptocurrency.,CCC,https://instars.com/,instar cny,0
INSTAR-ETH,InsightsNetwork ETH,INSTAR,ETH,Insights Network (INSTAR) is a cryptocurrency.,CCC,https://instars.com/,instar eth,1
INSTAR-EUR,InsightsNetwork EUR,INSTAR,EUR,Insights Network (INSTAR) is a cryptocurrency.,CCC,https://instars.com/,instar eur,0
INSTAR-GBP,InsightsNetwork GBP,INSTAR,GBP,Insights Network (INSTAR) is a cryptocurrency.,CCC,https://instars.com/,instar gbp,5
INSTAR-INR,InsightsNetwork INR,INSTAR,INR,Insights Network (INSTAR) is a cryptocurrency.,CCC,https://instars.com/,instar inr,4
INSTAR-JPY,InsightsNetwork JPY,INSTAR,JPY,Insights Network (INSTAR) is a cryptocurrency.,CCC,https://instars.com/,instar jpy,6
INSTAR-KRW,InsightsNetwork KRW,INSTAR,KRW,Insights Network (INSTAR) is a cryptocurrency.,CCC,https://instars.com/,instar krw,0
INSTAR-RUB,InsightsNetwork RUB,INSTAR,RUB,Insights Network (INSTAR) is a cryptocurrency.,CCC,https://instars.com/,instar rub,2
INSTAR-USD,InsightsNetwork USD,INSTAR,USD,Insights Network (INSTAR) is a cryptocurrency.,CCC,https://instars.com/,instar usd,3
INT-CAD,InternetNodeToken CAD,INT,CAD,INT (INT) is a cryptocurrency.,CCC,https://intchain.io/,int cad,0
INT-CNY,InternetNodeToken CNY,INT,CNY,INT (INT) is a cryptocurrency.,CCC,https://intchain.io/,int cny,0
INT-ETH,InternetNodeToken ETH,INT,ETH,INT (INT) is a cryptocurrency.,CCC,https://intchain.io/,int eth,1
INT-EUR,InternetNodeToken EUR,INT,EUR,INT (INT) is a cryptocurrency.,CCC,https://intchain.io/,int eur,0
INT-GBP,InternetNodeToken GBP,INT,GBP,INT (INT) is a cryptocurrency.,CCC,https://intchain.io/,int gbp,5
INT-INR,InternetNodeToken INR,INT,INR,INT (INT) is a cryptocurrency.,CCC,https://intchain.io/,int inr,4
INT-JPY,InternetNodeToken JPY,INT,JPY,INT (INT) is a cryptocurrency.,CCC,https://intchain.io/,int jpy,6
INT-KRW,InternetNodeToken KRW,INT,KRW,INT (INT) is a cryptocurrency.,CCC,https://intchain.io/,int krw,0
INT-RUB,InternetNodeToken RUB,INT,RUB,INT (INT) is a cryptocurrency.,CCC,https://intchain.io/,int rub,2
INT-USD,InternetNodeToken USD,INT,USD,INT (INT) is a cryptocurrency.,CCC,https://intchain.io/,int usd,3
IOC-BTC,IOCoin BTC,IOC,BTC,I/O Coin (IOC) is a cryptocurrency.,CCC,http://iocoin.io/,ioc btc,0
IOC-CAD,IOCoin CAD,IOC,CAD,I/O Coin (IOC) is a cryptocurrency.,CCC,http://iocoin.io/,ioc cad,0
IOC-CNY,IOCoin CNY,IOC,CNY,I/O Coin (IOC) is a cryptocurrency.,CCC,http://iocoin.io/,ioc cny,0
IOC-ETH,IOCoin ETH,IOC,ETH,I/O Coin (IOC) is a cryptocurrency.,CCC,http://iocoin.io/,ioc eth,1
IOC-EUR,IOCoin EUR,IOC,EUR,I/O Coin (IOC) is a cryptocurrency.,CCC,http://iocoin.io/,ioc eur,0
IOC-GBP,IOCoin GBP,IOC,GBP,I/O Coin (IOC) is a cryptocurrency.,CCC,http://iocoin.io/,ioc gbp,5
IOC-INR,IOCoin INR,IOC,INR,I/O Coin (IOC) is a cryptocurrency.,CCC,http://iocoin.io/,ioc inr,4
IOC-KRW,IOCoin KRW,IOC,KRW,I/O Coin (IOC) is a cryptocurrency.,CCC,http://iocoin.io/,ioc krw,0
IOC-RUB,IOCoin RUB,IOC,RUB,I/O Coin (IOC) is a cryptocurrency.,CCC,http://iocoin.io/,ioc rub,2
IOC-USD,IOCoin USD,IOC,USD,I/O Coin (IOC) is a cryptocurrency.,CCC,http://iocoin.io/,ioc usd,3
IOST-CAD,IOST CAD,IOST,CAD,IOST (IOST) is a cryptocurrency.,CCC,http://iost.io/,iost cad,0
IOST-CNY,IOST CNY,IOST,CNY,IOST (IOST) is a cryptocurrency.,CCC,http://iost.io/,iost cny,0
IOST-ETH,IOST ETH,IOST,ETH,IOST (IOST) is a cryptocurrency.,CCC,http://iost.io/,iost eth,1
IOST-EUR,IOST EUR,IOST,EUR,IOST (IOST) is a cryptocurrency.,CCC,http://iost.io/,iost eur,0
IOST-GBP,IOST GBP,IOST,GBP,IOST (IOST) is a cryptocurrency.,CCC,http://iost.io/,iost gbp,5
IOST-INR,IOST INR,IOST,INR,IOST (IOST) is a cryptocurrency.,CCC,http://iost.io/,iost inr,4
IOST-JPY,IOST JPY,IOST,JPY,IOST (IOST) is a cryptocurrency.,CCC,http://iost.io/,iost jpy,6
IOST-KRW,IOST KRW,IOST,KRW,IOST (IOST) is a cryptocurrency.,CCC,http://iost.io/,iost krw,0
IOST-RUB,IOST RUB,IOST,RUB,IOST (IOST) is a cryptocurrency.,CCC,http://iost.io/,iost rub,2
IOST-USD,IOST USD,IOST,USD,IOST (IOST) is a cryptocurrency.,CCC,http://iost.io/,iost usd,3
IOTX-CAD,IoTeX CAD,IOTX,CAD,IoTeX (IOTX) is a cryptocurrency.,CCC,https://www.iotex.io/,iotx cad,0
IOTX-CNY,IoTeX CNY,IOTX,CNY,IoTeX (IOTX) is a cryptocurrency.,CCC,https://www.iotex.io/,iotx cny,0
IOTX-ETH,IoTeX ETH,IOTX,ETH,IoTeX (IOTX) is a cryptocurrency.,CCC,https://www.iotex.io/,iotx eth,1
IOTX-EUR,IoTeX EUR,IOTX,EUR,IoTeX (IOTX) is a cryptocurrency.,CCC,https://www.iotex.io/,iotx eur,0
IOTX-GBP,IoTeX GBP,IOTX,GBP,IoTeX (IOTX) is a cryptocurrency.,CCC,https://www.iotex.io/,iotx gbp,5
IOTX-INR,IoTeX INR,IOTX,INR,IoTeX (IOTX) is a cryptocurrency.,CCC,https://www.iotex.io/,iotx inr,4
IOTX-JPY,IoTeX JPY,IOTX,JPY,IoTeX (IOTX) is a cryptocurrency.,CCC,https://www.iotex.io/,iotx jpy,6
IOTX-KRW,IoTeX KRW,IOTX,KRW,IoTeX (IOTX) is a cryptocurrency.,CCC,https://www.iotex.io/,iotx krw,0
IOTX-RUB,IoTeX RUB,IOTX,RUB,IoTeX (IOTX) is a cryptocurrency.,CCC,https://www.iotex.io/,iotx rub,2
IOTX-USD,IoTeX USD,IOTX,USD,IoTeX (IOTX) is a cryptocurrency.,CCC,https://www.iotex.io/,iotx usd,3
IRIS-CAD,IRISnet CAD,IRIS,CAD,IRISnet (IRIS) is a cryptocurrency.,CCC,https://www.irisnet.org/,iris cad,0
IRIS-CNY,IRISnet CNY,IRIS,CNY,IRISnet (IRIS) is a cryptocurrency.,CCC,https://www.irisnet.org/,iris cny,0
IRIS-ETH,IRISnet ETH,IRIS,ETH,IRISnet (IRIS) is a cryptocurrency.,CCC,https://www.irisnet.org/,iris eth,1
IRIS-EUR,IRISnet EUR,IRIS,EUR,IRISnet (IRIS) is a cryptocurrency.,CCC,https://www.irisnet.org/,iris eur,0
IRIS-GBP,IRISnet GBP,IRIS,GBP,IRISnet (IRIS) is a cryptocurrency.,CCC,https://www.irisnet.org/,iris gbp,5
IRIS-INR,IRISnet INR,IRIS,INR,IRISnet (IRIS) is a cryptocurrency.,CCC,https://www.irisnet.org/,iris inr,4
IRIS-JPY,IRISnet JPY,IRIS,JPY,IRISnet (IRIS) is a cryptocurrency.,CCC,https://www.irisnet.org/,iris jpy,6
IRIS-KRW,IRISnet KRW,IRIS,KRW,IRISnet (IRIS) is a cryptocurrency.,CCC,https://www.irisnet.org/,iris krw,0
IRIS-RUB,IRISnet RUB,IRIS,RUB,IRISnet (IRIS) is a cryptocurrency.,CCC,https://www.irisnet.org/,iris rub,2
IRIS-USD,IRISnet USD,IRIS,USD,IRISnet (IRIS) is a cryptocurrency.,CCC,https://www.irisnet.org/,iris usd,3
JDC-CAD,JDCoin CAD,JDC,CAD,JD Coin (JDC) is a cryptocurrency.,CCC,https://www.jdcoin.us,jdc cad,0
JDC-CNY,JDCoin CNY,JDC,CNY,JD Coin (JDC) is a cryptocurrency.,CCC,https://www.jdcoin.us,jdc cny,0
JDC-ETH,JDCoin ETH,JDC,ETH,JD Coin (JDC) is a cryptocurrency.,CCC,https://www.jdcoin.us,jdc eth,1
JDC-EUR,JDCoin EUR,JDC,EUR,JD Coin (JDC) is a cryptocurrency.,CCC,https://www.jdcoin.us,jdc eur,0
JDC-GBP,JDCoin GBP,JDC,GBP,JD Coin (JDC) is a cryptocurrency.,CCC,https://www.jdcoin.us,jdc gbp,5
JDC-INR,JDCoin INR,JDC,INR,JD Coin (JDC) is a cryptocurrency.,CCC,https://www.jdcoin.us,jdc inr,4
JDC-JPY,JDCoin JPY,JDC,JPY,JD Coin (JDC) is a cryptocurrency.,CCC,https://www.jdcoin.us,jdc jpy,6
JDC-KRW,JDCoin KRW,JDC,KRW,JD Coin (JDC) is a cryptocurrency.,CCC,https://www.jdcoin.us,jdc krw,0
JDC-RUB,JDCoin RUB,JDC,RUB,JD Coin (JDC) is a cryptocurrency.,CCC,https://www.jdcoin.us,jdc rub,2
JDC-USD,JDCoin USD,JDC,USD,JD Coin (JDC) is a cryptocurrency.,CCC,https://www.jdcoin.us,jdc usd,3
JUL-EUR,Joule EUR,JUL,EUR,Joule (JUL) is a cryptocurrency.,CCC,https://www.jouleindex.com,jul eur,0
JUL-GBP,Joule GBP,JUL,GBP,Joule (JUL) is a cryptocurrency.,CCC,https://www.jouleindex.com,jul gbp,5
JUL-INR,Joule INR,JUL,INR,Joule (JUL) is a cryptocurrency.,CCC,https://www.jouleindex.com,jul inr,4
JUL-JPY,Joule JPY,JUL,JPY,Joule (JUL) is a cryptocurrency.,CCC,https://www.jouleindex.com,jul jpy,6
JUL-KRW,Joule KRW,JUL,KRW,Joule (JUL) is a cryptocurrency.,CCC,https://www.jouleindex.com,jul krw,0
JUL-RUB,Joule RUB,JUL,RUB,Joule (JUL) is a cryptocurrency.,CCC,https://www.jouleindex.com,jul rub,2
KAVA-ETH,Kava ETH,KAVA,ETH,Kava.io (KAVA) is a cryptocurrency and operates on the Binance Chain platform.,CCC,https://www.kava.io/,kava eth,1
KAVA-EUR,Kava EUR,KAVA,EUR,Kava.io (KAVA) is a cryptocurrency and operates on the Binance Chain platform.,CCC,https://www.kava.io/,kava eur,0
KAVA-GBP,Kava GBP,KAVA,GBP,Kava.io (KAVA) is a cryptocurrency and operates on the Binance Chain platform.,CCC,https://www.kava.io/,kava gbp,5
KAVA-INR,Kava INR,KAVA,INR,Kava.io (KAVA) is a cryptocurrency and operates on the Binance Chain platform.,CCC,https://www.kava.io/,kava inr,4
KAVA-JPY,Kava JPY,KAVA,JPY,Kava.io (KAVA) is a cryptocurrency and operates on the Binance Chain platform.,CCC,https://www.kava.io/,kava jpy,6
KAVA-KRW,Kava KRW,KAVA,KRW,Kava.io (KAVA) is a cryptocurrency and operates on the Binance Chain platform.,CCC,https://www.kava.io/,kava krw,0
KAVA-RUB,Kava RUB,KAVA,RUB,Kava.io (KAVA) is a cryptocurrency and operates on the Binance Chain platform.,CCC,https://www.kava.io/,kava rub,2
KAVA-USD,Kava USD,KAVA,USD,Kava.io (KAVA) is a cryptocurrency and operates on the Binance Chain platform.,CCC,https://www.kava.io/,kava usd,3
KDA-CAD,Kadena CAD,KDA,CAD,Kadena (KDA) is a cryptocurrency.,CCC,http://kadena.io/,kda cad,0
KDA-CNY,Kadena CNY,KDA,CNY,Kadena (KDA) is a cryptocurrency.,CCC,http://kadena.io/,kda cny,0
KDA-ETH,Kadena ETH,KDA,ETH,Kadena (KDA) is a cryptocurrency.,CCC,http://kadena.io/,kda eth,1
KDA-EUR,Kadena EUR,KDA,EUR,Kadena (KDA) is a cryptocurrency.,CCC,http://kadena.io/,kda eur,0
KDA-GBP,Kadena GBP,KDA,GBP,Kadena (KDA) is a cryptocurrency.,CCC,http://kadena.io/,kda gbp,5
KDA-INR,Kadena INR,KDA,INR,Kadena (KDA) is a cryptocurrency.,CCC,http://kadena.io/,kda inr,4
KDA-JPY,Kadena JPY,KDA,JPY,Kadena (KDA) is a cryptocurrency.,CCC,http://kadena.io/,kda jpy,6
KDA-KRW,Kadena KRW,KDA,KRW,Kadena (KDA) is a cryptocurrency.,CCC,http://kadena.io/,kda krw,0
KDA-RUB,Kadena RUB,KDA,RUB,Kadena (KDA) is a cryptocurrency.,CCC,http://kadena.io/,kda rub,2
KDA-USD,Kadena USD,KDA,USD,Kadena (KDA) is a cryptocurrency.,CCC,http://kadena.io/,kda usd,3
KMD-CAD,Komodo CAD,KMD,CAD,Komodo (KMD) is a cryptocurrency. Users are able to generate KMD through the process of mining.,CCC,https://komodoplatform.com/,kmd cad,0
KMD-CNY,Komodo CNY,KMD,CNY,Komodo (KMD) is a cryptocurrency. Users are able to generate KMD through the process of mining.,CCC,https://komodoplatform.com/,kmd cny,0
KMD-ETH,Komodo ETH,KMD,ETH,Komodo (KMD) is a cryptocurrency. Users are able to generate KMD through the process of mining.,CCC,https://komodoplatform.com/,kmd eth,1
KMD-EUR,Komodo EUR,KMD,EUR,Komodo (KMD) is a cryptocurrency. Users are able to generate KMD through the process of mining.,CCC,https://komodoplatform.com/,kmd eur,0
KMD-GBP,Komodo GBP,KMD,GBP,Komodo (KMD) is a cryptocurrency. Users are able to generate KMD through the process of mining.,CCC,https://komodoplatform.com/,kmd gbp,5
KMD-INR,Komodo INR,KMD,INR,Komodo (KMD) is a cryptocurrency. Users are able to generate KMD through the process of mining.,CCC,https://komodoplatform.com/,kmd inr,4
KMD-JPY,Komodo JPY,KMD,JPY,Komodo (KMD) is a cryptocurrency. Users are able to generate KMD through the process of mining.,CCC,https://komodoplatform.com/,kmd jpy,6
KMD-KRW,Komodo KRW,KMD,KRW,Komodo (KMD) is a cryptocurrency. Users are able to generate KMD through the process of mining.,CCC,https://komodoplatform.com/,kmd krw,0
KMD-RUB,Komodo RUB,KMD,RUB,Komodo (KMD) is a cryptocurrency. Users are able to generate KMD through the process of mining.,CCC,https://komodoplatform.com/,kmd rub,2
KMD-USD,Komodo USD,KMD,USD,Komodo (KMD) is a cryptocurrency. Users are able to generate KMD through the process of mining.,CCC,https://komodoplatform.com/,kmd usd,3
KNC-AUD,KyberNetwork AUD,KNC,AUD,Kyber Network Crystal Legacy (KNC) is a cryptocurrency and operates on the Ethereum platform.,CCC,https://kyber.network/,knc aud,0
KNC-BTC,KyberNetwork BTC,KNC,BTC,Kyber Network Crystal Legacy (KNC) is a cryptocurrency and operates on the Ethereum platform.,CCC,https://kyber.network/,knc btc,0
KNC-CAD,KyberNetwork CAD,KNC,CAD,Kyber Network Crystal Legacy (KNC) is a cryptocurrency and operates on the Ethereum platform.,CCC,https://kyber.network/,knc cad,0
KNC-CNY,KyberNetwork CNY,KNC,CNY,Kyber Network Crystal Legacy (KNC) is a cryptocurrency and operates on the Ethereum platform.,CCC,https://kyber.network/,knc cny,0
KNC-ETH,KyberNetwork ETH,KNC,ETH,Kyber Network Crystal Legacy (KNC) is a cryptocurrency and operates on the Ethereum platform.,CCC,https://kyber.network/,knc eth,1
KNC-EUR,KyberNetwork EUR,KNC,EUR,Kyber Network Crystal Legacy (KNC) is a cryptocurrency and operates on the Ethereum platform.,CCC,https://kyber.network/,knc eur,0
KNC-GBP,KyberNetwork GBP,KNC,GBP,Kyber Network Crystal Legacy (KNC) is a cryptocurrency and operates on the Ethereum platform.,CCC,https://kyber.network/,knc gbp,5
KNC-INR,KyberNetwork INR,KNC,INR,Kyber Network Crystal Legacy (KNC) is a cryptocurrency and operates on the Ethereum platform.,CCC,https://kyber.network/,knc inr,4
KNC-KRW,KyberNetwork KRW,KNC,KRW,Kyber Network Crystal Legacy (KNC) is a cryptocurrency and operates on the Ethereum platform.,CCC,https://kyber.network/,knc krw,0
KNC-USD,KyberNetwork USD,KNC,USD,Kyber Network Crystal Legacy (KNC) is a cryptocurrency and operates on the Ethereum platform.,CCC,https://kyber.network/,knc usd,3
KRT-CAD,TerraKRW CAD,KRT,CAD,TerraKRW (KRT) is a cryptocurrency.,CCC,https://terra.money/,krt cad,0
KRT-CNY,TerraKRW CNY,KRT,CNY,TerraKRW (KRT) is a cryptocurrency.,CCC,https://terra.money/,krt cny,0
KRT-ETH,TerraKRW ETH,KRT,ETH,TerraKRW (KRT) is a cryptocurrency.,CCC,https://terra.money/,krt eth,1
KRT-EUR,TerraKRW EUR,KRT,EUR,TerraKRW (KRT) is a cryptocurrency.,CCC,https://terra.money/,krt eur,0
KRT-GBP,TerraKRW GBP,KRT,GBP,TerraKRW (KRT) is a cryptocurrency.,CCC,https://terra.money/,krt gbp,5
KRT-INR,TerraKRW INR,KRT,INR,TerraKRW (KRT) is a cryptocurrency.,CCC,https://terra.money/,krt inr,4
KRT-JPY,TerraKRW JPY,KRT,JPY,TerraKRW (KRT) is a cryptocurrency.,CCC,https://terra.money/,krt jpy,6
KRT-KRW,TerraKRW KRW,KRT,KRW,TerraKRW (KRT) is a cryptocurrency.,CCC,https://terra.money/,krt krw,0
KRT-RUB,TerraKRW RUB,KRT,RUB,TerraKRW (KRT) is a cryptocurrency.,CCC,https://terra.money/,krt rub,2
KRT-USD,TerraKRW USD,KRT,USD,TerraKRW (KRT) is a cryptocurrency.,CCC,https://terra.money/,krt usd,3
KSM-CAD,Kusama CAD,KSM,CAD,Kusama (KSM) is a cryptocurrency.,CCC,https://kusama.network/,ksm cad,0
KSM-CNY,Kusama CNY,KSM,CNY,Kusama (KSM) is a cryptocurrency.,CCC,https://kusama.network/,ksm cny,0
KSM-ETH,Kusama ETH,KSM,ETH,Kusama (KSM) is a cryptocurrency.,CCC,https://kusama.network/,ksm eth,1
KSM-EUR,Kusama EUR,KSM,EUR,Kusama (KSM) is a cryptocurrency.,CCC,https://kusama.network/,ksm eur,0
KSM-GBP,Kusama GBP,KSM,GBP,Kusama (KSM) is a cryptocurrency.,CCC,https://kusama.network/,ksm gbp,5
KSM-INR,Kusama INR,KSM,INR,Kusama (KSM) is a cryptocurrency.,CCC,https://kusama.network/,ksm inr,4
KSM-JPY,Kusama JPY,KSM,JPY,Kusama (KSM) is a cryptocurrency.,CCC,https://kusama.network/,ksm jpy,6
KSM-KRW,Kusama KRW,KSM,KRW,Kusama (KSM) is a cryptocurrency.,CCC,https://kusama.network/,ksm krw,0
KSM-RUB,Kusama RUB,KSM,RUB,Kusama (KSM) is a cryptocurrency.,CCC,https://kusama.network/,ksm rub,2
KSM-USD,Kusama USD,KSM,USD,Kusama (KSM) is a cryptocurrency.,CCC,https://kusama.network/,ksm usd,3
LBC-BTC,LBRYCredits BTC,LBC,BTC,LBRY Credits (LBC) is a cryptocurrency. Users are able to generate LBC through the process of mining.,CCC,https://lbry.com/,lbc btc,0
LBC-CAD,LBRYCredits CAD,LBC,CAD,LBRY Credits (LBC) is a cryptocurrency. Users are able to generate LBC through the process of mining.,CCC,https://lbry.com/,lbc cad,0
LBC-CNY,LBRYCredits CNY,LBC,CNY,LBRY Credits (LBC) is a cryptocurrency. Users are able to generate LBC through the process of mining.,CCC,https://lbry.com/,lbc cny,0
LBC-ETH,LBRYCredits ETH,LBC,ETH,LBRY Credits (LBC) is a cryptocurrency. Users are able to generate LBC through the process of mining.,CCC,https://lbry.com/,lbc eth,1
LBC-EUR,LBRYCredits EUR,LBC,EUR,LBRY Credits (LBC) is a cryptocurrency. Users are able to generate LBC through the process of mining.,CCC,https://lbry.com/,lbc eur,0
LBC-GBP,LBRYCredits GBP,LBC,GBP,LBRY Credits (LBC) is a cryptocurrency. Users are able to generate LBC through the process of mining.,CCC,https://lbry.com/,lbc gbp,5
LBC-INR,LBRYCredits INR,LBC,INR,LBRY Credits (LBC) is a cryptocurrency. Users are able to generate LBC through the process of mining.,CCC,https://lbry.com/,lbc inr,4
LBC-JPY,LBRYCredits JPY,LBC,JPY,LBRY Credits (LBC) is a cryptocurrency. Users are able to generate LBC through the process of mining.,CCC,https://lbry.com/,lbc jpy,6
LBC-KRW,LBRYCredits KRW,LBC,KRW,LBRY Credits (LBC) is a cryptocurrency. Users are able to generate LBC through the process of mining.,CCC,https://lbry.com/,lbc krw,0
LBC-RUB,LBRYCredits RUB,LBC,RUB,LBRY Credits (LBC) is a cryptocurrency. Users are able to generate LBC through the process of mining.,CCC,https://lbry.com/,lbc rub,2
LBC-USD,LBRYCredits USD,LBC,USD,LBRY Credits (LBC) is a cryptocurrency. Users are able to generate LBC through the process of mining.,CCC,https://lbry.com/,lbc usd,3
LCC-CAD,LitecoinCash CAD,LCC,CAD,Litecoin Cash (LCC) is a cryptocurrency. Users are able to generate LCC through the process of mining.,CCC,https://litecoinca.sh/,lcc cad,0
LCC-CNY,LitecoinCash CNY,LCC,CNY,Litecoin Cash (LCC) is a cryptocurrency. Users are able to generate LCC through the process of mining.,CCC,https://litecoinca.sh/,lcc cny,0
LCC-ETH,LitecoinCash ETH,LCC,ETH,Litecoin Cash (LCC) is a cryptocurrency. Users are able to generate LCC through the process of mining.,CCC,https://litecoinca.sh/,lcc eth,1
LCC-EUR,LitecoinCash EUR,LCC,EUR,Litecoin Cash (LCC) is a cryptocurrency. Users are able to generate LCC through the process of mining.,CCC,https://litecoinca.sh/,lcc eur,0
LCC-GBP,LitecoinCash GBP,LCC,GBP,Litecoin Cash (LCC) is a cryptocurrency. Users are able to generate LCC through the process of mining.,CCC,https://litecoinca.sh/,lcc gbp,5
LCC-INR,LitecoinCash INR,LCC,INR,Litecoin Cash (LCC) is a cryptocurrency. Users are able to generate LCC through the process of mining.,CCC,https://litecoinca.sh/,lcc inr,4
LCC-JPY,LitecoinCash JPY,LCC,JPY,Litecoin Cash (LCC) is a cryptocurrency. Users are able to generate LCC through the process of mining.,CCC,https://litecoinca.sh/,lcc jpy,6
LCC-KRW,LitecoinCash KRW,LCC,KRW,Litecoin Cash (LCC) is a cryptocurrency. Users are able to generate LCC through the process of mining.,CCC,https://litecoinca.sh/,lcc krw,0
LCC-RUB,LitecoinCash RUB,LCC,RUB,Litecoin Cash (LCC) is a cryptocurrency. Users are able to generate LCC through the process of mining.,CCC,https://litecoinca.sh/,lcc rub,2
LCC-USD,LitecoinCash USD,LCC,USD,Litecoin Cash (LCC) is a cryptocurrency. Users are able to generate LCC through the process of mining.,CCC,https://litecoinca.sh/,lcc usd,3
LINK-AUD,Chainlink AUD,LINK,AUD,Chainlink (LINK) is a cryptocurrency and operates on the Ethereum platform.,CCC,https://chain.link/,link aud,0
LINK-BTC,Chainlink BTC,LINK,BTC,Chainlink (LINK) is a cryptocurrency and operates on the Ethereum platform.,CCC,https://chain.link/,link btc,0
LINK-CAD,Chainlink CAD,LINK,CAD,Chainlink (LINK) is a cryptocurrency and operates on the Ethereum platform.,CCC,https://chain.link/,link cad,0
LINK-CNY,Chainlink CNY,LINK,CNY,Chainlink (LINK) is a cryptocurrency and operates on the Ethereum platform.,CCC,https://chain.link/,link cny,0
LINK-ETH,Chainlink ETH,LINK,ETH,Chainlink (LINK) is a cryptocurrency and operates on the Ethereum platform.,CCC,https://chain.link/,link eth,1
LINK-EUR,Chainlink EUR,LINK,EUR,Chainlink (LINK) is a cryptocurrency and operates on the Ethereum platform.,CCC,https://chain.link/,link eur,0
LINK-GBP,Chainlink GBP,LINK,GBP,Chainlink (LINK) is a cryptocurrency and operates on the Ethereum platform.,CCC,https://chain.link/,link gbp,5
LINK-INR,Chainlink INR,LINK,INR,Chainlink (LINK) is a cryptocurrency and operates on the Ethereum platform.,CCC,https://chain.link/,link inr,4
LINK-JPY,Chainlink JPY,LINK,JPY,Chainlink (LINK) is a cryptocurrency and operates on the Ethereum platform.,CCC,https://chain.link/,link jpy,6
LINK-KRW,Chainlink KRW,LINK,KRW,Chainlink (LINK) is a cryptocurrency and operates on the Ethereum platform.,CCC,https://chain.link/,link krw,0
LINK-RUB,Chainlink RUB,LINK,RUB,Chainlink (LINK) is a cryptocurrency and operates on the Ethereum platform.,CCC,https://chain.link/,link rub,2
LINK-USD,Chainlink USD,LINK,USD,Chainlink (LINK) is a cryptocurrency and operates on the Ethereum platform.,CCC,https://chain.link/,link usd,3
LKK-AUD,Lykke AUD,LKK,AUD,Lykke (LKK) is a cryptocurrency.,CCC,https://lykke.com,lkk aud,0
LKK-CNY,Lykke CNY,LKK,CNY,Lykke (LKK) is a cryptocurrency.,CCC,https://lykke.com,lkk cny,0
LKK-ETH,Lykke ETH,LKK,ETH,Lykke (LKK) is a cryptocurrency.,CCC,https://lykke.com,lkk eth,1
LKK-EUR,Lykke EUR,LKK,EUR,Lykke (LKK) is a cryptocurrency.,CCC,https://lykke.com,lkk eur,0
LKK-GBP,Lykke GBP,LKK,GBP,Lykke (LKK) is a cryptocurrency.,CCC,https://lykke.com,lkk gbp,5
LKK-INR,Lykke INR,LKK,INR,Lykke (LKK) is a cryptocurrency.,CCC,https://lykke.com,lkk inr,4
LKK-JPY,Lykke JPY,LKK,JPY,Lykke (LKK) is a cryptocurrency.,CCC,https://lykke.com,lkk jpy,6
LKK-KRW,Lykke KRW,LKK,KRW,Lykke (LKK) is a cryptocurrency.,CCC,https://lykke.com,lkk krw,0
LKK-RUB,Lykke RUB,LKK,RUB,Lykke (LKK) is a cryptocurrency.,CCC,https://lykke.com,lkk rub,2
LKK-USD,Lykke USD,LKK,USD,Lykke (LKK) is a cryptocurrency.,CCC,https://lykke.com,lkk usd,3
LOKI-CAD,Loki CAD,LOKI,CAD,Oxen (OXEN) is a cryptocurrency.,CCC,https://oxen.io/,loki cad,0
LOKI-CNY,Loki CNY,LOKI,CNY,Oxen (OXEN) is a cryptocurrency.,CCC,https://oxen.io/,loki cny,0
LOKI-ETH,Loki ETH,LOKI,ETH,Oxen (OXEN) is a cryptocurrency.,CCC,https://oxen.io/,loki eth,1
LOKI-EUR,Loki EUR,LOKI,EUR,Oxen (OXEN) is a cryptocurrency.,CCC,https://oxen.io/,loki eur,0
LOKI-GBP,Loki GBP,LOKI,GBP,Oxen (OXEN) is a cryptocurrency.,CCC,https://oxen.io/,loki gbp,5
LOKI-INR,Loki INR,LOKI,INR,Oxen (OXEN) is a cryptocurrency.,CCC,https://oxen.io/,loki inr,4
LOKI-JPY,Loki JPY,LOKI,JPY,Oxen (OXEN) is a cryptocurrency.,CCC,https://oxen.io/,loki jpy,6
LOKI-KRW,Loki KRW,LOKI,KRW,Oxen (OXEN) is a cryptocurrency.,CCC,https://oxen.io/,loki krw,0
LOKI-RUB,Loki RUB,LOKI,RUB,Oxen (OXEN) is a cryptocurrency.,CCC,https://oxen.io/,loki rub,2
LOKI-USD,Loki USD,LOKI,USD,Oxen (OXEN) is a cryptocurrency.,CCC,https://oxen.io/,loki usd,3
LRC-BTC,Loopring BTC,LRC,BTC,Loopring (LRC) is a cryptocurrency and operates on the Ethereum platform.,CCC,https://loopring.org,lrc btc,0
LRC-CAD,Loopring CAD,LRC,CAD,Loopring (LRC) is a cryptocurrency and operates on the Ethereum platform.,CCC,https://loopring.org,lrc cad,0
LRC-CNY,Loopring CNY,LRC,CNY,Loopring (LRC) is a cryptocurrency and operates on the Ethereum platform.,CCC,https://loopring.org,lrc cny,0
LRC-ETH,Loopring ETH,LRC,ETH,Loopring (LRC) is a cryptocurrency and operates on the Ethereum platform.,CCC,https://loopring.org,lrc eth,1
LRC-EUR,Loopring EUR,LRC,EUR,Loopring (LRC) is a cryptocurrency and operates on the Ethereum platform.,CCC,https://loopring.org,lrc eur,0
LRC-GBP,Loopring GBP,LRC,GBP,Loopring (LRC) is a cryptocurrency and operates on the Ethereum platform.,CCC,https://loopring.org,lrc gbp,5
LRC-INR,Loopring INR,LRC,INR,Loopring (LRC) is a cryptocurrency and operates on the Ethereum platform.,CCC,https://loopring.org,lrc inr,4
LRC-JPY,Loopring JPY,LRC,JPY,Loopring (LRC) is a cryptocurrency and operates on the Ethereum platform.,CCC,https://loopring.org,lrc jpy,6
LRC-RUB,Loopring RUB,LRC,RUB,Loopring (LRC) is a cryptocurrency and operates on the Ethereum platform.,CCC,https://loopring.org,lrc rub,2
LRC-USD,Loopring USD,LRC,USD,Loopring (LRC) is a cryptocurrency and operates on the Ethereum platform.,CCC,https://loopring.org,lrc usd,3
LRG-CAD,LargoCoin CAD,LRG,CAD,Largo Coin (LRG) is a cryptocurrency launched in 2019.,CCC,https://www.largocoin.io,lrg cad,0
LRG-CNY,LargoCoin CNY,LRG,CNY,Largo Coin (LRG) is a cryptocurrency launched in 2019.,CCC,https://www.largocoin.io,lrg cny,0
LRG-ETH,LargoCoin ETH,LRG,ETH,Largo Coin (LRG) is a cryptocurrency launched in 2019.,CCC,https://www.largocoin.io,lrg eth,1
LRG-EUR,LargoCoin EUR,LRG,EUR,Largo Coin (LRG) is a cryptocurrency launched in 2019.,CCC,https://www.largocoin.io,lrg eur,0
LRG-GBP,LargoCoin GBP,LRG,GBP,Largo Coin (LRG) is a cryptocurrency launched in 2019.,CCC,https://www.largocoin.io,lrg gbp,5
LRG-INR,LargoCoin INR,LRG,INR,Largo Coin (LRG) is a cryptocurrency launched in 2019.,CCC,https://www.largocoin.io,lrg inr,4
LRG-JPY,LargoCoin JPY,LRG,JPY,Largo Coin (LRG) is a cryptocurrency launched in 2019.,CCC,https://www.largocoin.io,lrg jpy,6
LRG-KRW,LargoCoin KRW,LRG,KRW,Largo Coin (LRG) is a cryptocurrency launched in 2019.,CCC,https://www.largocoin.io,lrg krw,0
LRG-RUB,LargoCoin RUB,LRG,RUB,Largo Coin (LRG) is a cryptocurrency launched in 2019.,CCC,https://www.largocoin.io,lrg rub,2
LRG-USD,LargoCoin USD,LRG,USD,Largo Coin (LRG) is a cryptocurrency launched in 2019.,CCC,https://www.largocoin.io,lrg usd,3
LSK-AUD,Lisk AUD,LSK,AUD,Lisk (LSK) is a cryptocurrency.,CCC,https://lisk.io/,lsk aud,0
LSK-BTC,Lisk BTC,LSK,BTC,Lisk (LSK) is a cryptocurrency.,CCC,https://lisk.io/,lsk btc,0
LSK-CAD,Lisk CAD,LSK,CAD,Lisk (LSK) is a cryptocurrency.,CCC,https://lisk.io/,lsk cad,0
LSK-EUR,Lisk EUR,LSK,EUR,Lisk (LSK) is a cryptocurrency.,CCC,https://lisk.io/,lsk eur,0
LSK-GBP,Lisk GBP,LSK,GBP,Lisk (LSK) is a cryptocurrency.,CCC,https://lisk.io/,lsk gbp,5
LSK-INR,Lisk INR,LSK,INR,Lisk (LSK) is a cryptocurrency.,CCC,https://lisk.io/,lsk inr,4
LSK-JPY,Lisk JPY,LSK,JPY,Lisk (LSK) is a cryptocurrency.,CCC,https://lisk.io/,lsk jpy,6
LSK-KRW,Lisk KRW,LSK,KRW,Lisk (LSK) is a cryptocurrency.,CCC,https://lisk.io/,lsk krw,0
LSK-USD,Lisk USD,LSK,USD,Lisk (LSK) is a cryptocurrency.,CCC,https://lisk.io/,lsk usd,3
LTC-AUD,Litecoin AUD,LTC,AUD,Litecoin (LTC) is a cryptocurrency. Users are able to generate LTC through the process of mining.,CCC,https://litecoin.org/,ltc aud,0
LTC-BTC,Litecoin BTC,LTC,BTC,Litecoin (LTC) is a cryptocurrency. Users are able to generate LTC through the process of mining.,CCC,https://litecoin.org/,ltc btc,0
LTC-CAD,Litecoin CAD,LTC,CAD,Litecoin (LTC) is a cryptocurrency. Users are able to generate LTC through the process of mining.,CCC,https://litecoin.org/,ltc cad,0
LTC-ETH,Litecoin ETH,LTC,ETH,Litecoin (LTC) is a cryptocurrency. Users are able to generate LTC through the process of mining.,CCC,https://litecoin.org/,ltc eth,1
LTC-EUR,Litecoin EUR,LTC,EUR,Litecoin (LTC) is a cryptocurrency. Users are able to generate LTC through the process of mining.,CCC,https://litecoin.org/,ltc eur,0
LTC-GBP,Litecoin GBP,LTC,GBP,Litecoin (LTC) is a cryptocurrency. Users are able to generate LTC through the process of mining.,CCC,https://litecoin.org/,ltc gbp,5
LTC-INR,Litecoin INR,LTC,INR,Litecoin (LTC) is a cryptocurrency. Users are able to generate LTC through the process of mining.,CCC,https://litecoin.org/,ltc inr,4
LTC-JPY,Litecoin JPY,LTC,JPY,Litecoin (LTC) is a cryptocurrency. Users are able to generate LTC through the process of mining.,CCC,https://litecoin.org/,ltc jpy,6
LTC-USD,Litecoin USD,LTC,USD,Litecoin (LTC) is a cryptocurrency. Users are able to generate LTC through the process of mining.,CCC,https://litecoin.org/,ltc usd,3
LUNA1-CAD,Terra CAD,LUNA1,CAD,Terra (LUNA) is a cryptocurrency.,CCC,https://terra.money/,luna cad,0
LUNA1-CNY,Terra CNY,LUNA1,CNY,Terra (LUNA) is a cryptocurrency.,CCC,https://terra.money/,luna cny,0
LUNA1-ETH,Terra ETH,LUNA1,ETH,Terra (LUNA) is a cryptocurrency.,CCC,https://terra.money/,luna eth,1
LUNA1-EUR,Terra EUR,LUNA1,EUR,Terra (LUNA) is a cryptocurrency.,CCC,https://terra.money/,luna eur,0
LUNA1-GBP,Terra GBP,LUNA1,GBP,Terra (LUNA) is a cryptocurrency.,CCC,https://terra.money/,luna gbp,5
LUNA1-INR,Terra INR,LUNA1,INR,Terra (LUNA) is a cryptocurrency.,CCC,https://terra.money/,luna inr,4
LUNA1-JPY,Terra JPY,LUNA1,JPY,Terra (LUNA) is a cryptocurrency.,CCC,https://terra.money/,luna jpy,6
LUNA1-KRW,Terra KRW,LUNA1,KRW,Terra (LUNA) is a cryptocurrency.,CCC,https://terra.money/,luna krw,0
LUNA1-RUB,Terra RUB,LUNA1,RUB,Terra (LUNA) is a cryptocurrency.,CCC,https://terra.money/,luna rub,2
LUNA1-USD,Terra USD,LUNA1,USD,Terra (LUNA) is a cryptocurrency.,CCC,https://terra.money/,luna usd,3
LYNX-JPY,Lynx JPY,LYNX,JPY,Lynx (LYNX) is a cryptocurrency. Users are able to generate LYNX through the process of mining.,CCC,https://getlynx.io,lynx jpy,6
LYNX-KRW,Lynx KRW,LYNX,KRW,Lynx (LYNX) is a cryptocurrency. Users are able to generate LYNX through the process of mining.,CCC,https://getlynx.io,lynx krw,0
LYNX-RUB,Lynx RUB,LYNX,RUB,Lynx (LYNX) is a cryptocurrency. Users are able to generate LYNX through the process of mining.,CCC,https://getlynx.io,lynx rub,2
MAID-BTC,MaidSafeCoin BTC,MAID,BTC,MaidSafeCoin (MAID) is a cryptocurrency.,CCC,https://safenetwork.tech/,maid btc,0
MAID-CAD,MaidSafeCoin CAD,MAID,CAD,MaidSafeCoin (MAID) is a cryptocurrency.,CCC,https://safenetwork.tech/,maid cad,0
MAID-CNY,MaidSafeCoin CNY,MAID,CNY,MaidSafeCoin (MAID) is a cryptocurrency.,CCC,https://safenetwork.tech/,maid cny,0
MAID-ETH,MaidSafeCoin ETH,MAID,ETH,MaidSafeCoin (MAID) is a cryptocurrency.,CCC,https://safenetwork.tech/,maid eth,1
MAID-EUR,MaidSafeCoin EUR,MAID,EUR,MaidSafeCoin (MAID) is a cryptocurrency.,CCC,https://safenetwork.tech/,maid eur,0
MAID-GBP,MaidSafeCoin GBP,MAID,GBP,MaidSafeCoin (MAID) is a cryptocurrency.,CCC,https://safenetwork.tech/,maid gbp,5
MAID-INR,MaidSafeCoin INR,MAID,INR,MaidSafeCoin (MAID) is a cryptocurrency.,CCC,https://safenetwork.tech/,maid inr,4
MAID-KRW,MaidSafeCoin KRW,MAID,KRW,MaidSafeCoin (MAID) is a cryptocurrency.,CCC,https://safenetwork.tech/,maid krw,0
MAID-RUB,MaidSafeCoin RUB,MAID,RUB,MaidSafeCoin (MAID) is a cryptocurrency.,CCC,https://safenetwork.tech/,maid rub,2
MAID-USD,MaidSafeCoin USD,MAID,USD,MaidSafeCoin (MAID) is a cryptocurrency.,CCC,https://safenetwork.tech/,maid usd,3
MAN-CAD,MatrixAINetwork CAD,MAN,CAD,Matrix AI Network (MAN) is a cryptocurrency. Users are able to generate MAN through the process of mining.,CCC,https://www.matrix.io/,man cad,0
MAN-CNY,MatrixAINetwork CNY,MAN,CNY,Matrix AI Network (MAN) is a cryptocurrency. Users are able to generate MAN through the process of mining.,CCC,https://www.matrix.io/,man cny,0
MAN-ETH,MatrixAINetwork ETH,MAN,ETH,Matrix AI Network (MAN) is a cryptocurrency. Users are able to generate MAN through the process of mining.,CCC,https://www.matrix.io/,man eth,1
MAN-EUR,MatrixAINetwork EUR,MAN,EUR,Matrix AI Network (MAN) is a cryptocurrency. Users are able to generate MAN through the process of mining.,CCC,https://www.matrix.io/,man eur,0
MAN-GBP,MatrixAINetwork GBP,MAN,GBP,Matrix AI Network (MAN) is a cryptocurrency. Users are able to generate MAN through the process of mining.,CCC,https://www.matrix.io/,man gbp,5
MAN-INR,MatrixAINetwork INR,MAN,INR,Matrix AI Network (MAN) is a cryptocurrency. Users are able to generate MAN through the process of mining.,CCC,https://www.matrix.io/,man inr,4
MAN-JPY,MatrixAINetwork JPY,MAN,JPY,Matrix AI Network (MAN) is a cryptocurrency. Users are able to generate MAN through the process of mining.,CCC,https://www.matrix.io/,man jpy,6
MAN-KRW,MatrixAINetwork KRW,MAN,KRW,Matrix AI Network (MAN) is a cryptocurrency. Users are able to generate MAN through the process of mining.,CCC,https://www.matrix.io/,man krw,0
MAN-RUB,MatrixAINetwork RUB,MAN,RUB,Matrix AI Network (MAN) is a cryptocurrency. Users are able to generate MAN through the process of mining.,CCC,https://www.matrix.io/,man rub,2
MAN-USD,MatrixAINetwork USD,MAN,USD,Matrix AI Network (MAN) is a cryptocurrency. Users are able to generate MAN through the process of mining.,CCC,https://www.matrix.io/,man usd,3
MANA-AUD,Decentraland AUD,MANA,AUD,Decentraland (MANA) is a cryptocurrency and operates on the Ethereum platform.,CCC,https://decentraland.org/,mana aud,0
MANA-BTC,Decentraland BTC,MANA,BTC,Decentraland (MANA) is a cryptocurrency and operates on the Ethereum platform.,CCC,https://decentraland.org/,mana btc,0
MANA-CAD,Decentraland CAD,MANA,CAD,Decentraland (MANA) is a cryptocurrency and operates on the Ethereum platform.,CCC,https://decentraland.org/,mana cad,0
MANA-CNY,Decentraland CNY,MANA,CNY,Decentraland (MANA) is a cryptocurrency and operates on the Ethereum platform.,CCC,https://decentraland.org/,mana cny,0
MANA-ETH,Decentraland ETH,MANA,ETH,Decentraland (MANA) is a cryptocurrency and operates on the Ethereum platform.,CCC,https://decentraland.org/,mana eth,1
MANA-EUR,Decentraland EUR,MANA,EUR,Decentraland (MANA) is a cryptocurrency and operates on the Ethereum platform.,CCC,https://decentraland.org/,mana eur,0
MANA-GBP,Decentraland GBP,MANA,GBP,Decentraland (MANA) is a cryptocurrency and operates on the Ethereum platform.,CCC,https://decentraland.org/,mana gbp,5
MANA-INR,Decentraland INR,MANA,INR,Decentraland (MANA) is a cryptocurrency and operates on the Ethereum platform.,CCC,https://decentraland.org/,mana inr,4
MANA-JPY,Decentraland JPY,MANA,JPY,Decentraland (MANA) is a cryptocurrency and operates on the Ethereum platform.,CCC,https://decentraland.org/,mana jpy,6
MANA-KRW,Decentraland KRW,MANA,KRW,Decentraland (MANA) is a cryptocurrency and operates on the Ethereum platform.,CCC,https://decentraland.org/,mana krw,0
MANA-RUB,Decentraland RUB,MANA,RUB,Decentraland (MANA) is a cryptocurrency and operates on the Ethereum platform.,CCC,https://decentraland.org/,mana rub,2
MANA-USD,Decentraland USD,MANA,USD,Decentraland (MANA) is a cryptocurrency and operates on the Ethereum platform.,CCC,https://decentraland.org/,mana usd,3
MARO-ETH,Maro ETH,MARO,ETH,Maro (MARO) is a cryptocurrency.,CCC,https://ma.ro/#/,maro eth,1
MARO-EUR,Maro EUR,MARO,EUR,Maro (MARO) is a cryptocurrency.,CCC,https://ma.ro/#/,maro eur,0
MARO-GBP,Maro GBP,MARO,GBP,Maro (MARO) is a cryptocurrency.,CCC,https://ma.ro/#/,maro gbp,5
MARO-INR,Maro INR,MARO,INR,Maro (MARO) is a cryptocurrency.,CCC,https://ma.ro/#/,maro inr,4
MARO-JPY,Maro JPY,MARO,JPY,Maro (MARO) is a cryptocurrency.,CCC,https://ma.ro/#/,maro jpy,6
MARO-KRW,Maro KRW,MARO,KRW,Maro (MARO) is a cryptocurrency.,CCC,https://ma.ro/#/,maro krw,0
MARO-RUB,Maro RUB,MARO,RUB,Maro (MARO) is a cryptocurrency.,CCC,https://ma.ro/#/,maro rub,2
MARO-USD,Maro USD,MARO,USD,Maro (MARO) is a cryptocurrency.,CCC,https://ma.ro/#/,maro usd,3
MASS-CAD,Massnet CAD,MASS,CAD,Massnet (MASS) is a cryptocurrency.,CCC,https://massnet.org,mass cad,0
MASS-CNY,Massnet CNY,MASS,CNY,Massnet (MASS) is a cryptocurrency.,CCC,https://massnet.org,mass cny,0
MASS-ETH,Massnet ETH,MASS,ETH,Massnet (MASS) is a cryptocurrency.,CCC,https://massnet.org,mass eth,1
MASS-EUR,Massnet EUR,MASS,EUR,Massnet (MASS) is a cryptocurrency.,CCC,https://massnet.org,mass eur,0
MASS-GBP,Massnet GBP,MASS,GBP,Massnet (MASS) is a cryptocurrency.,CCC,https://massnet.org,mass gbp,5
MASS-INR,Massnet INR,MASS,INR,Massnet (MASS) is a cryptocurrency.,CCC,https://massnet.org,mass inr,4
MASS-JPY,Massnet JPY,MASS,JPY,Massnet (MASS) is a cryptocurrency.,CCC,https://massnet.org,mass jpy,6
MASS-KRW,Massnet KRW,MASS,KRW,Massnet (MASS) is a cryptocurrency.,CCC,https://massnet.org,mass krw,0
MASS-RUB,Massnet RUB,MASS,RUB,Massnet (MASS) is a cryptocurrency.,CCC,https://massnet.org,mass rub,2
MASS-USD,Massnet USD,MASS,USD,Massnet (MASS) is a cryptocurrency.,CCC,https://massnet.org,mass usd,3
MATIC-AUD,MaticNetwork AUD,MATIC,AUD,Polygon (MATIC) is a cryptocurrency and operates on the Ethereum platform.,CCC,https://polygon.technology/,matic aud,0
MATIC-BTC,MaticNetwork BTC,MATIC,BTC,Polygon (MATIC) is a cryptocurrency and operates on the Ethereum platform.,CCC,https://polygon.technology/,matic btc,0
MATIC-CAD,MaticNetwork CAD,MATIC,CAD,Polygon (MATIC) is a cryptocurrency and operates on the Ethereum platform.,CCC,https://polygon.technology/,matic cad,0
MATIC-CNY,MaticNetwork CNY,MATIC,CNY,Polygon (MATIC) is a cryptocurrency and operates on the Ethereum platform.,CCC,https://polygon.technology/,matic cny,0
MATIC-ETH,MaticNetwork ETH,MATIC,ETH,Polygon (MATIC) is a cryptocurrency and operates on the Ethereum platform.,CCC,https://polygon.technology/,matic eth,1
MATIC-EUR,MaticNetwork EUR,MATIC,EUR,Polygon (MATIC) is a cryptocurrency and operates on the Ethereum platform.,CCC,https://polygon.technology/,matic eur,0
MATIC-GBP,MaticNetwork GBP,MATIC,GBP,Polygon (MATIC) is a cryptocurrency and operates on the Ethereum platform.,CCC,https://polygon.technology/,matic gbp,5
MATIC-INR,MaticNetwork INR,MATIC,INR,Polygon (MATIC) is a cryptocurrency and operates on the Ethereum platform.,CCC,https://polygon.technology/,matic inr,4
MATIC-JPY,MaticNetwork JPY,MATIC,JPY,Polygon (MATIC) is a cryptocurrency and operates on the Ethereum platform.,CCC,https://polygon.technology/,matic jpy,6
MATIC-KRW,MaticNetwork KRW,MATIC,KRW,Polygon (MATIC) is a cryptocurrency and operates on the Ethereum platform.,CCC,https://polygon.technology/,matic krw,0
MATIC-RUB,MaticNetwork RUB,MATIC,RUB,Polygon (MATIC) is a cryptocurrency and operates on the Ethereum platform.,CCC,https://polygon.technology/,matic rub,2
MATIC-USD,MaticNetwork USD,MATIC,USD,Polygon (MATIC) is a cryptocurrency and operates on the Ethereum platform.,CCC,https://polygon.technology/,matic usd,3
MBC-AUD,MicroBitcoin AUD,MBC,AUD,MicroBitcoin (MBC) is a cryptocurrency. Users are able to generate MBC through the process of mining.,CCC,https://microbitcoin.org,mbc aud,0
MBC-BTC,MicroBitcoin BTC,MBC,BTC,MicroBitcoin (MBC) is a cryptocurrency. Users are able to generate MBC through the process of mining.,CCC,https://microbitcoin.org,mbc btc,0
MBC-CNY,MicroBitcoin CNY,MBC,CNY,MicroBitcoin (MBC) is a cryptocurrency. Users are able to generate MBC through the process of mining.,CCC,https://microbitcoin.org,mbc cny,0
MBC-ETH,MicroBitcoin ETH,MBC,ETH,MicroBitcoin (MBC) is a cryptocurrency. Users are able to generate MBC through the process of mining.,CCC,https://microbitcoin.org,mbc eth,1
MBC-EUR,MicroBitcoin EUR,MBC,EUR,MicroBitcoin (MBC) is a cryptocurrency. Users are able to generate MBC through the process of mining.,CCC,https://microbitcoin.org,mbc eur,0
MBC-GBP,MicroBitcoin GBP,MBC,GBP,MicroBitcoin (MBC) is a cryptocurrency. Users are able to generate MBC through the process of mining.,CCC,https://microbitcoin.org,mbc gbp,5
MBC-INR,MicroBitcoin INR,MBC,INR,MicroBitcoin (MBC) is a cryptocurrency. Users are able to generate MBC through the process of mining.,CCC,https://microbitcoin.org,mbc inr,4
MBC-JPY,MicroBitcoin JPY,MBC,JPY,MicroBitcoin (MBC) is a cryptocurrency. Users are able to generate MBC through the process of mining.,CCC,https://microbitcoin.org,mbc jpy,6
MBC-KRW,MicroBitcoin KRW,MBC,KRW,MicroBitcoin (MBC) is a cryptocurrency. Users are able to generate MBC through the process of mining.,CCC,https://microbitcoin.org,mbc krw,0
MBC-RUB,MicroBitcoin RUB,MBC,RUB,MicroBitcoin (MBC) is a cryptocurrency. Users are able to generate MBC through the process of mining.,CCC,https://microbitcoin.org,mbc rub,2
MBC-USD,MicroBitcoin USD,MBC,USD,MicroBitcoin (MBC) is a cryptocurrency. Users are able to generate MBC through the process of mining.,CCC,https://microbitcoin.org,mbc usd,3
MED-CAD,MediBlocQRC20 CAD,MED,CAD,MediBloc (MED) is a cryptocurrency.,CCC,https://medibloc.org/en/,med cad,0
MED-CNY,MediBlocQRC20 CNY,MED,CNY,MediBloc (MED) is a cryptocurrency.,CCC,https://medibloc.org/en/,med cny,0
MED-ETH,MediBlocQRC20 ETH,MED,ETH,MediBloc (MED) is a cryptocurrency.,CCC,https://medibloc.org/en/,med eth,1
MED-EUR,MediBlocQRC20 EUR,MED,EUR,MediBloc (MED) is a cryptocurrency.,CCC,https://medibloc.org/en/,med eur,0
MED-GBP,MediBlocQRC20 GBP,MED,GBP,MediBloc (MED) is a cryptocurrency.,CCC,https://medibloc.org/en/,med gbp,5
MED-INR,MediBlocQRC20 INR,MED,INR,MediBloc (MED) is a cryptocurrency.,CCC,https://medibloc.org/en/,med inr,4
MED-JPY,MediBlocQRC20 JPY,MED,JPY,MediBloc (MED) is a cryptocurrency.,CCC,https://medibloc.org/en/,med jpy,6
MED-KRW,MediBlocQRC20 KRW,MED,KRW,MediBloc (MED) is a cryptocurrency.,CCC,https://medibloc.org/en/,med krw,0
MED-RUB,MediBlocQRC20 RUB,MED,RUB,MediBloc (MED) is a cryptocurrency.,CCC,https://medibloc.org/en/,med rub,2
MED-USD,MediBlocQRC20 USD,MED,USD,MediBloc (MED) is a cryptocurrency.,CCC,https://medibloc.org/en/,med usd,3
META-CAD,Metadium CAD,META,CAD,Metadium (META) is a cryptocurrency.,CCC,https://www.metadium.com/,meta cad,0
META-CNY,Metadium CNY,META,CNY,Metadium (META) is a cryptocurrency.,CCC,https://www.metadium.com/,meta cny,0
META-ETH,Metadium ETH,META,ETH,Metadium (META) is a cryptocurrency.,CCC,https://www.metadium.com/,meta eth,1
META-EUR,Metadium EUR,META,EUR,Metadium (META) is a cryptocurrency.,CCC,https://www.metadium.com/,meta eur,0
META-GBP,Metadium GBP,META,GBP,Metadium (META) is a cryptocurrency.,CCC,https://www.metadium.com/,meta gbp,5
META-INR,Metadium INR,META,INR,Metadium (META) is a cryptocurrency.,CCC,https://www.metadium.com/,meta inr,4
META-JPY,Metadium JPY,META,JPY,Metadium (META) is a cryptocurrency.,CCC,https://www.metadium.com/,meta jpy,6
META-KRW,Metadium KRW,META,KRW,Metadium (META) is a cryptocurrency.,CCC,https://www.metadium.com/,meta krw,0
META-RUB,Metadium RUB,META,RUB,Metadium (META) is a cryptocurrency.,CCC,https://www.metadium.com/,meta rub,2
META-USD,Metadium USD,META,USD,Metadium (META) is a cryptocurrency.,CCC,https://www.metadium.com/,meta usd,3
MGO-CAD,MobileGo CAD,MGO,CAD,MobileGo (MGO) is a cryptocurrency and operates on the Ethereum platform.,CCC,https://mobilego.io/,mgo cad,0
MGO-CNY,MobileGo CNY,MGO,CNY,MobileGo (MGO) is a cryptocurrency and operates on the Ethereum platform.,CCC,https://mobilego.io/,mgo cny,0
MGO-ETH,MobileGo ETH,MGO,ETH,MobileGo (MGO) is a cryptocurrency and operates on the Ethereum platform.,CCC,https://mobilego.io/,mgo eth,1
MGO-EUR,MobileGo EUR,MGO,EUR,MobileGo (MGO) is a cryptocurrency and operates on the Ethereum platform.,CCC,https://mobilego.io/,mgo eur,0
MGO-GBP,MobileGo GBP,MGO,GBP,MobileGo (MGO) is a cryptocurrency and operates on the Ethereum platform.,CCC,https://mobilego.io/,mgo gbp,5
MGO-INR,MobileGo INR,MGO,INR,MobileGo (MGO) is a cryptocurrency and operates on the Ethereum platform.,CCC,https://mobilego.io/,mgo inr,4
MGO-JPY,MobileGo JPY,MGO,JPY,MobileGo (MGO) is a cryptocurrency and operates on the Ethereum platform.,CCC,https://mobilego.io/,mgo jpy,6
MGO-KRW,MobileGo KRW,MGO,KRW,MobileGo (MGO) is a cryptocurrency and operates on the Ethereum platform.,CCC,https://mobilego.io/,mgo krw,0
MGO-RUB,MobileGo RUB,MGO,RUB,MobileGo (MGO) is a cryptocurrency and operates on the Ethereum platform.,CCC,https://mobilego.io/,mgo rub,2
MGO-USD,MobileGo USD,MGO,USD,MobileGo (MGO) is a cryptocurrency and operates on the Ethereum platform.,CCC,https://mobilego.io/,mgo usd,3
MHC-CAD,MetaHash CAD,MHC,CAD,#MetaHash (MHC) is a cryptocurrency.,CCC,https://metahash.org/,mhc cad,0
MHC-CNY,MetaHash CNY,MHC,CNY,#MetaHash (MHC) is a cryptocurrency.,CCC,https://metahash.org/,mhc cny,0
MHC-ETH,MetaHash ETH,MHC,ETH,#MetaHash (MHC) is a cryptocurrency.,CCC,https://metahash.org/,mhc eth,1
MHC-EUR,MetaHash EUR,MHC,EUR,#MetaHash (MHC) is a cryptocurrency.,CCC,https://metahash.org/,mhc eur,0
MHC-GBP,MetaHash GBP,MHC,GBP,#MetaHash (MHC) is a cryptocurrency.,CCC,https://metahash.org/,mhc gbp,5
MHC-INR,MetaHash INR,MHC,INR,#MetaHash (MHC) is a cryptocurrency.,CCC,https://metahash.org/,mhc inr,4
MHC-JPY,MetaHash JPY,MHC,JPY,#MetaHash (MHC) is a cryptocurrency.,CCC,https://metahash.org/,mhc jpy,6
MHC-KRW,MetaHash KRW,MHC,KRW,#MetaHash (MHC) is a cryptocurrency.,CCC,https://metahash.org/,mhc krw,0
MHC-RUB,MetaHash RUB,MHC,RUB,#MetaHash (MHC) is a cryptocurrency.,CCC,https://metahash.org/,mhc rub,2
MHC-USD,MetaHash USD,MHC,USD,#MetaHash (MHC) is a cryptocurrency.,CCC,https://metahash.org/,mhc usd,3
MIDAS-INR,Midas INR,MIDAS,INR,Midas (MIDAS) is a cryptocurrency.,CCC,https://midas.investments/,midas inr,4
MIDAS-JPY,Midas JPY,MIDAS,JPY,Midas (MIDAS) is a cryptocurrency.,CCC,https://midas.investments/,midas jpy,6
MIDAS-KRW,Midas KRW,MIDAS,KRW,Midas (MIDAS) is a cryptocurrency.,CCC,https://midas.investments/,midas krw,0
MIDAS-RUB,Midas RUB,MIDAS,RUB,Midas (MIDAS) is a cryptocurrency.,CCC,https://midas.investments/,midas rub,2
MIDAS-USD,Midas USD,MIDAS,USD,Midas (MIDAS) is a cryptocurrency.,CCC,https://midas.investments/,midas usd,3
MINT-AUD,MintCoin AUD,MINT,AUD,MintCoin (MINT) is a cryptocurrency.,CCC,http://www.mintcoinofficial.eu/,mint aud,0
MINT-CAD,MintCoin CAD,MINT,CAD,MintCoin (MINT) is a cryptocurrency.,CCC,http://www.mintcoinofficial.eu/,mint cad,0
MINT-CNY,MintCoin CNY,MINT,CNY,MintCoin (MINT) is a cryptocurrency.,CCC,http://www.mintcoinofficial.eu/,mint cny,0
MINT-ETH,MintCoin ETH,MINT,ETH,MintCoin (MINT) is a cryptocurrency.,CCC,http://www.mintcoinofficial.eu/,mint eth,1
MINT-EUR,MintCoin EUR,MINT,EUR,MintCoin (MINT) is a cryptocurrency.,CCC,http://www.mintcoinofficial.eu/,mint eur,0
MINT-GBP,MintCoin GBP,MINT,GBP,MintCoin (MINT) is a cryptocurrency.,CCC,http://www.mintcoinofficial.eu/,mint gbp,5
MINT-INR,MintCoin INR,MINT,INR,MintCoin (MINT) is a cryptocurrency.,CCC,http://www.mintcoinofficial.eu/,mint inr,4
MINT-JPY,MintCoin JPY,MINT,JPY,MintCoin (MINT) is a cryptocurrency.,CCC,http://www.mintcoinofficial.eu/,mint jpy,6
MINT-KRW,MintCoin KRW,MINT,KRW,MintCoin (MINT) is a cryptocurrency.,CCC,http://www.mintcoinofficial.eu/,mint krw,0
MINT-RUB,MintCoin RUB,MINT,RUB,MintCoin (MINT) is a cryptocurrency.,CCC,http://www.mintcoinofficial.eu/,mint rub,2
MINT-USD,MintCoin USD,MINT,USD,MintCoin (MINT) is a cryptocurrency.,CCC,http://www.mintcoinofficial.eu/,mint usd,3
MIOTA-CAD,IOTA CAD,MIOTA,CAD,IOTA (MIOTA) is a cryptocurrency.,CCC,https://www.iota.org/,miota cad,0
MIOTA-CNY,IOTA CNY,MIOTA,CNY,IOTA (MIOTA) is a cryptocurrency.,CCC,https://www.iota.org/,miota cny,0
MIOTA-ETH,IOTA ETH,MIOTA,ETH,IOTA (MIOTA) is a cryptocurrency.,CCC,https://www.iota.org/,miota eth,1
MIOTA-EUR,IOTA EUR,MIOTA,EUR,IOTA (MIOTA) is a cryptocurrency.,CCC,https://www.iota.org/,miota eur,0
MIOTA-GBP,IOTA GBP,MIOTA,GBP,IOTA (MIOTA) is a cryptocurrency.,CCC,https://www.iota.org/,miota gbp,5
MIOTA-INR,IOTA INR,MIOTA,INR,IOTA (MIOTA) is a cryptocurrency.,CCC,https://www.iota.org/,miota inr,4
MIOTA-JPY,IOTA JPY,MIOTA,JPY,IOTA (MIOTA) is a cryptocurrency.,CCC,https://www.iota.org/,miota jpy,6
MIOTA-KRW,IOTA KRW,MIOTA,KRW,IOTA (MIOTA) is a cryptocurrency.,CCC,https://www.iota.org/,miota krw,0
MIOTA-RUB,IOTA RUB,MIOTA,RUB,IOTA (MIOTA) is a cryptocurrency.,CCC,https://www.iota.org/,miota rub,2
MIOTA-USD,IOTA USD,MIOTA,USD,IOTA (MIOTA) is a cryptocurrency.,CCC,https://www.iota.org/,miota usd,3
MIR-CAD,MIRCOIN CAD,MIR,CAD,MIR COIN (MIR) is a cryptocurrency. Users are able to generate MIR through the process of mining.,CCC,http://www.mircoin.io/,mir cad,0
MIR-CNY,MIRCOIN CNY,MIR,CNY,MIR COIN (MIR) is a cryptocurrency. Users are able to generate MIR through the process of mining.,CCC,http://www.mircoin.io/,mir cny,0
MIR-ETH,MIRCOIN ETH,MIR,ETH,MIR COIN (MIR) is a cryptocurrency. Users are able to generate MIR through the process of mining.,CCC,http://www.mircoin.io/,mir eth,1
MIR-EUR,MIRCOIN EUR,MIR,EUR,MIR COIN (MIR) is a cryptocurrency. Users are able to generate MIR through the process of mining.,CCC,http://www.mircoin.io/,mir eur,0
MIR-GBP,MIRCOIN GBP,MIR,GBP,MIR COIN (MIR) is a cryptocurrency. Users are able to generate MIR through the process of mining.,CCC,http://www.mircoin.io/,mir gbp,5
MIR-INR,MIRCOIN INR,MIR,INR,MIR COIN (MIR) is a cryptocurrency. Users are able to generate MIR through the process of mining.,CCC,http://www.mircoin.io/,mir inr,4
MIR-JPY,MIRCOIN JPY,MIR,JPY,MIR COIN (MIR) is a cryptocurrency. Users are able to generate MIR through the process of mining.,CCC,http://www.mircoin.io/,mir jpy,6
MIR-KRW,MIRCOIN KRW,MIR,KRW,MIR COIN (MIR) is a cryptocurrency. Users are able to generate MIR through the process of mining.,CCC,http://www.mircoin.io/,mir krw,0
MIR-RUB,MIRCOIN RUB,MIR,RUB,MIR COIN (MIR) is a cryptocurrency. Users are able to generate MIR through the process of mining.,CCC,http://www.mircoin.io/,mir rub,2
MIR-USD,MIRCOIN USD,MIR,USD,MIR COIN (MIR) is a cryptocurrency. Users are able to generate MIR through the process of mining.,CCC,http://www.mircoin.io/,mir usd,3
MIR1-AUD,MirrorProtocol AUD,MIR1,AUD,Mirror Protocol (MIR) is a cryptocurrency and operates on the Ethereum platform.,CCC,https://mirror.finance,mir aud,0
MIR1-BTC,MirrorProtocol BTC,MIR1,BTC,Mirror Protocol (MIR) is a cryptocurrency and operates on the Ethereum platform.,CCC,https://mirror.finance,mir btc,0
MIR1-CAD,MirrorProtocol CAD,MIR1,CAD,Mirror Protocol (MIR) is a cryptocurrency and operates on the Ethereum platform.,CCC,https://mirror.finance,mir cad,0
MIR1-CNY,MirrorProtocol CNY,MIR1,CNY,Mirror Protocol (MIR) is a cryptocurrency and operates on the Ethereum platform.,CCC,https://mirror.finance,mir cny,0
MIR1-ETH,MirrorProtocol ETH,MIR1,ETH,Mirror Protocol (MIR) is a cryptocurrency and operates on the Ethereum platform.,CCC,https://mirror.finance,mir eth,1
MIR1-EUR,MirrorProtocol EUR,MIR1,EUR,Mirror Protocol (MIR) is a cryptocurrency and operates on the Ethereum platform.,CCC,https://mirror.finance,mir eur,0
MIR1-GBP,MirrorProtocol GBP,MIR1,GBP,Mirror Protocol (MIR) is a cryptocurrency and operates on the Ethereum platform.,CCC,https://mirror.finance,mir gbp,5
MIR1-INR,MirrorProtocol INR,MIR1,INR,Mirror Protocol (MIR) is a cryptocurrency and operates on the Ethereum platform.,CCC,https://mirror.finance,mir inr,4
MIR1-JPY,MirrorProtocol JPY,MIR1,JPY,Mirror Protocol (MIR) is a cryptocurrency and operates on the Ethereum platform.,CCC,https://mirror.finance,mir jpy,6
MIR1-KRW,MirrorProtocol KRW,MIR1,KRW,Mirror Protocol (MIR) is a cryptocurrency and operates on the Ethereum platform.,CCC,https://mirror.finance,mir krw,0
MIR1-RUB,MirrorProtocol RUB,MIR1,RUB,Mirror Protocol (MIR) is a cryptocurrency and operates on the Ethereum platform.,CCC,https://mirror.finance,mir rub,2
MIR1-USD,MirrorProtocol USD,MIR1,USD,Mirror Protocol (MIR) is a cryptocurrency and operates on the Ethereum platform.,CCC,https://mirror.finance,mir usd,3
MKR-KRW,Maker KRW,MKR,KRW,Maker (MKR) is a cryptocurrency and operates on the Ethereum platform.,CCC,https://makerdao.com/,mkr krw,0
MKR-RUB,Maker RUB,MKR,RUB,Maker (MKR) is a cryptocurrency and operates on the Ethereum platform.,CCC,https://makerdao.com/,mkr rub,2
MKR-USD,Maker USD,MKR,USD,Maker (MKR) is a cryptocurrency and operates on the Ethereum platform.,CCC,https://makerdao.com/,mkr usd,3
MLN-CNY,Melon CNY,MLN,CNY,Enzyme (MLN) is a cryptocurrency and operates on the Ethereum platform.,CCC,https://enzyme.finance/,mln cny,0
MLN-ETH,Melon ETH,MLN,ETH,Enzyme (MLN) is a cryptocurrency and operates on the Ethereum platform.,CCC,https://enzyme.finance/,mln eth,1
MLN-EUR,Melon EUR,MLN,EUR,Enzyme (MLN) is a cryptocurrency and operates on the Ethereum platform.,CCC,https://enzyme.finance/,mln eur,0
MLN-GBP,Melon GBP,MLN,GBP,Enzyme (MLN) is a cryptocurrency and operates on the Ethereum platform.,CCC,https://enzyme.finance/,mln gbp,5
MLN-INR,Melon INR,MLN,INR,Enzyme (MLN) is a cryptocurrency and operates on the Ethereum platform.,CCC,https://enzyme.finance/,mln inr,4
MLN-JPY,Melon JPY,MLN,JPY,Enzyme (MLN) is a cryptocurrency and operates on the Ethereum platform.,CCC,https://enzyme.finance/,mln jpy,6
MLN-KRW,Melon KRW,MLN,KRW,Enzyme (MLN) is a cryptocurrency and operates on the Ethereum platform.,CCC,https://enzyme.finance/,mln krw,0
MLN-RUB,Melon RUB,MLN,RUB,Enzyme (MLN) is a cryptocurrency and operates on the Ethereum platform.,CCC,https://enzyme.finance/,mln rub,2
MLN-USD,Melon USD,MLN,USD,Enzyme (MLN) is a cryptocurrency and operates on the Ethereum platform.,CCC,https://enzyme.finance/,mln usd,3
MOAC-CAD,MOAC CAD,MOAC,CAD,MOAC (MOAC) is a cryptocurrency.,CCC,http://moac.io/,moac cad,0
MOAC-CNY,MOAC CNY,MOAC,CNY,MOAC (MOAC) is a cryptocurrency.,CCC,http://moac.io/,moac cny,0
MOAC-ETH,MOAC ETH,MOAC,ETH,MOAC (MOAC) is a cryptocurrency.,CCC,http://moac.io/,moac eth,1
MOAC-EUR,MOAC EUR,MOAC,EUR,MOAC (MOAC) is a cryptocurrency.,CCC,http://moac.io/,moac eur,0
MOAC-GBP,MOAC GBP,MOAC,GBP,MOAC (MOAC) is a cryptocurrency.,CCC,http://moac.io/,moac gbp,5
MOAC-INR,MOAC INR,MOAC,INR,MOAC (MOAC) is a cryptocurrency.,CCC,http://moac.io/,moac inr,4
MOAC-JPY,MOAC JPY,MOAC,JPY,MOAC (MOAC) is a cryptocurrency.,CCC,http://moac.io/,moac jpy,6
MOAC-KRW,MOAC KRW,MOAC,KRW,MOAC (MOAC) is a cryptocurrency.,CCC,http://moac.io/,moac krw,0
MOAC-RUB,MOAC RUB,MOAC,RUB,MOAC (MOAC) is a cryptocurrency.,CCC,http://moac.io/,moac rub,2
MOAC-USD,MOAC USD,MOAC,USD,MOAC (MOAC) is a cryptocurrency.,CCC,http://moac.io/,moac usd,3
MONA-BTC,MonaCoin BTC,MONA,BTC,MonaCoin (MONA) is a cryptocurrency. Users are able to generate MONA through the process of mining.,CCC,http://monacoin.org,mona btc,0
MONA-CAD,MonaCoin CAD,MONA,CAD,MonaCoin (MONA) is a cryptocurrency. Users are able to generate MONA through the process of mining.,CCC,http://monacoin.org,mona cad,0
MONA-ETH,MonaCoin ETH,MONA,ETH,MonaCoin (MONA) is a cryptocurrency. Users are able to generate MONA through the process of mining.,CCC,http://monacoin.org,mona eth,1
MONA-EUR,MonaCoin EUR,MONA,EUR,MonaCoin (MONA) is a cryptocurrency. Users are able to generate MONA through the process of mining.,CCC,http://monacoin.org,mona eur,0
MONA-GBP,MonaCoin GBP,MONA,GBP,MonaCoin (MONA) is a cryptocurrency. Users are able to generate MONA through the process of mining.,CCC,http://monacoin.org,mona gbp,5
MONA-INR,MonaCoin INR,MONA,INR,MonaCoin (MONA) is a cryptocurrency. Users are able to generate MONA through the process of mining.,CCC,http://monacoin.org,mona inr,4
MONA-JPY,MonaCoin JPY,MONA,JPY,MonaCoin (MONA) is a cryptocurrency. Users are able to generate MONA through the process of mining.,CCC,http://monacoin.org,mona jpy,6
MONA-KRW,MonaCoin KRW,MONA,KRW,MonaCoin (MONA) is a cryptocurrency. Users are able to generate MONA through the process of mining.,CCC,http://monacoin.org,mona krw,0
MONA-RUB,MonaCoin RUB,MONA,RUB,MonaCoin (MONA) is a cryptocurrency. Users are able to generate MONA through the process of mining.,CCC,http://monacoin.org,mona rub,2
MONA-USD,MonaCoin USD,MONA,USD,MonaCoin (MONA) is a cryptocurrency. Users are able to generate MONA through the process of mining.,CCC,http://monacoin.org,mona usd,3
MOON-BTC,Mooncoin BTC,MOON,BTC,Mooncoin (MOON) is a cryptocurrency. Users are able to generate MOON through the process of mining.,CCC,http://mooncoin.com/,moon btc,0
MOON-CAD,Mooncoin CAD,MOON,CAD,Mooncoin (MOON) is a cryptocurrency. Users are able to generate MOON through the process of mining.,CCC,http://mooncoin.com/,moon cad,0
MOON-CNY,Mooncoin CNY,MOON,CNY,Mooncoin (MOON) is a cryptocurrency. Users are able to generate MOON through the process of mining.,CCC,http://mooncoin.com/,moon cny,0
MOON-ETH,Mooncoin ETH,MOON,ETH,Mooncoin (MOON) is a cryptocurrency. Users are able to generate MOON through the process of mining.,CCC,http://mooncoin.com/,moon eth,1
MOON-EUR,Mooncoin EUR,MOON,EUR,Mooncoin (MOON) is a cryptocurrency. Users are able to generate MOON through the process of mining.,CCC,http://mooncoin.com/,moon eur,0
MOON-GBP,Mooncoin GBP,MOON,GBP,Mooncoin (MOON) is a cryptocurrency. Users are able to generate MOON through the process of mining.,CCC,http://mooncoin.com/,moon gbp,5
MOON-INR,Mooncoin INR,MOON,INR,Mooncoin (MOON) is a cryptocurrency. Users are able to generate MOON through the process of mining.,CCC,http://mooncoin.com/,moon inr,4
MOON-JPY,Mooncoin JPY,MOON,JPY,Mooncoin (MOON) is a cryptocurrency. Users are able to generate MOON through the process of mining.,CCC,http://mooncoin.com/,moon jpy,6
MOON-KRW,Mooncoin KRW,MOON,KRW,Mooncoin (MOON) is a cryptocurrency. Users are able to generate MOON through the process of mining.,CCC,http://mooncoin.com/,moon krw,0
MOON-RUB,Mooncoin RUB,MOON,RUB,Mooncoin (MOON) is a cryptocurrency. Users are able to generate MOON through the process of mining.,CCC,http://mooncoin.com/,moon rub,2
MRX-BTC,MetrixCoin BTC,MRX,BTC,Metrix Coin (MRX) is a cryptocurrency.,CCC,https://metrixcoin.com/,mrx btc,0
MRX-CAD,MetrixCoin CAD,MRX,CAD,Metrix Coin (MRX) is a cryptocurrency.,CCC,https://metrixcoin.com/,mrx cad,0
MRX-CNY,MetrixCoin CNY,MRX,CNY,Metrix Coin (MRX) is a cryptocurrency.,CCC,https://metrixcoin.com/,mrx cny,0
MRX-ETH,MetrixCoin ETH,MRX,ETH,Metrix Coin (MRX) is a cryptocurrency.,CCC,https://metrixcoin.com/,mrx eth,1
MRX-EUR,MetrixCoin EUR,MRX,EUR,Metrix Coin (MRX) is a cryptocurrency.,CCC,https://metrixcoin.com/,mrx eur,0
MRX-GBP,MetrixCoin GBP,MRX,GBP,Metrix Coin (MRX) is a cryptocurrency.,CCC,https://metrixcoin.com/,mrx gbp,5
MRX-INR,MetrixCoin INR,MRX,INR,Metrix Coin (MRX) is a cryptocurrency.,CCC,https://metrixcoin.com/,mrx inr,4
MRX-JPY,MetrixCoin JPY,MRX,JPY,Metrix Coin (MRX) is a cryptocurrency.,CCC,https://metrixcoin.com/,mrx jpy,6
MRX-KRW,MetrixCoin KRW,MRX,KRW,Metrix Coin (MRX) is a cryptocurrency.,CCC,https://metrixcoin.com/,mrx krw,0
MRX-RUB,MetrixCoin RUB,MRX,RUB,Metrix Coin (MRX) is a cryptocurrency.,CCC,https://metrixcoin.com/,mrx rub,2
MRX-USD,MetrixCoin USD,MRX,USD,Metrix Coin (MRX) is a cryptocurrency.,CCC,https://metrixcoin.com/,mrx usd,3
MTC2-CAD,Metacoin CAD,MTC2,CAD,Metacoin (MTC) is a cryptocurrency.,CCC,https://metacoin.network/,mtc cad,0
MTC2-CNY,Metacoin CNY,MTC2,CNY,Metacoin (MTC) is a cryptocurrency.,CCC,https://metacoin.network/,mtc cny,0
MTC2-ETH,Metacoin ETH,MTC2,ETH,Metacoin (MTC) is a cryptocurrency.,CCC,https://metacoin.network/,mtc eth,1
MTC2-EUR,Metacoin EUR,MTC2,EUR,Metacoin (MTC) is a cryptocurrency.,CCC,https://metacoin.network/,mtc eur,0
MTC2-GBP,Metacoin GBP,MTC2,GBP,Metacoin (MTC) is a cryptocurrency.,CCC,https://metacoin.network/,mtc gbp,5
MTC2-INR,Metacoin INR,MTC2,INR,Metacoin (MTC) is a cryptocurrency.,CCC,https://metacoin.network/,mtc inr,4
MTC2-JPY,Metacoin JPY,MTC2,JPY,Metacoin (MTC) is a cryptocurrency.,CCC,https://metacoin.network/,mtc jpy,6
MTC2-KRW,Metacoin KRW,MTC2,KRW,Metacoin (MTC) is a cryptocurrency.,CCC,https://metacoin.network/,mtc krw,0
MTC2-RUB,Metacoin RUB,MTC2,RUB,Metacoin (MTC) is a cryptocurrency.,CCC,https://metacoin.network/,mtc rub,2
MTC2-USD,Metacoin USD,MTC2,USD,Metacoin (MTC) is a cryptocurrency.,CCC,https://metacoin.network/,mtc usd,3
MWC-CAD,MimbleWimbleCoin CAD,MWC,CAD,MimbleWimbleCoin (MWC) is a cryptocurrency.,CCC,https://www.mwc.mw/,mwc cad,0
MWC-CNY,MimbleWimbleCoin CNY,MWC,CNY,MimbleWimbleCoin (MWC) is a cryptocurrency.,CCC,https://www.mwc.mw/,mwc cny,0
MWC-ETH,MimbleWimbleCoin ETH,MWC,ETH,MimbleWimbleCoin (MWC) is a cryptocurrency.,CCC,https://www.mwc.mw/,mwc eth,1
MWC-EUR,MimbleWimbleCoin EUR,MWC,EUR,MimbleWimbleCoin (MWC) is a cryptocurrency.,CCC,https://www.mwc.mw/,mwc eur,0
MWC-GBP,MimbleWimbleCoin GBP,MWC,GBP,MimbleWimbleCoin (MWC) is a cryptocurrency.,CCC,https://www.mwc.mw/,mwc gbp,5
MWC-INR,MimbleWimbleCoin INR,MWC,INR,MimbleWimbleCoin (MWC) is a cryptocurrency.,CCC,https://www.mwc.mw/,mwc inr,4
MWC-JPY,MimbleWimbleCoin JPY,MWC,JPY,MimbleWimbleCoin (MWC) is a cryptocurrency.,CCC,https://www.mwc.mw/,mwc jpy,6
MWC-KRW,MimbleWimbleCoin KRW,MWC,KRW,MimbleWimbleCoin (MWC) is a cryptocurrency.,CCC,https://www.mwc.mw/,mwc krw,0
MWC-RUB,MimbleWimbleCoin RUB,MWC,RUB,MimbleWimbleCoin (MWC) is a cryptocurrency.,CCC,https://www.mwc.mw/,mwc rub,2
MWC-USD,MimbleWimbleCoin USD,MWC,USD,MimbleWimbleCoin (MWC) is a cryptocurrency.,CCC,https://www.mwc.mw/,mwc usd,3
NAS-CAD,Nebulas CAD,NAS,CAD,Nebulas (NAS) is a cryptocurrency.,CCC,https://nebulas.io/,nas cad,0
NAS-CNY,Nebulas CNY,NAS,CNY,Nebulas (NAS) is a cryptocurrency.,CCC,https://nebulas.io/,nas cny,0
NAS-ETH,Nebulas ETH,NAS,ETH,Nebulas (NAS) is a cryptocurrency.,CCC,https://nebulas.io/,nas eth,1
NAS-EUR,Nebulas EUR,NAS,EUR,Nebulas (NAS) is a cryptocurrency.,CCC,https://nebulas.io/,nas eur,0
NAS-GBP,Nebulas GBP,NAS,GBP,Nebulas (NAS) is a cryptocurrency.,CCC,https://nebulas.io/,nas gbp,5
NAS-INR,Nebulas INR,NAS,INR,Nebulas (NAS) is a cryptocurrency.,CCC,https://nebulas.io/,nas inr,4
NAS-JPY,Nebulas JPY,NAS,JPY,Nebulas (NAS) is a cryptocurrency.,CCC,https://nebulas.io/,nas jpy,6
NAS-KRW,Nebulas KRW,NAS,KRW,Nebulas (NAS) is a cryptocurrency.,CCC,https://nebulas.io/,nas krw,0
NAS-RUB,Nebulas RUB,NAS,RUB,Nebulas (NAS) is a cryptocurrency.,CCC,https://nebulas.io/,nas rub,2
NAS-USD,Nebulas USD,NAS,USD,Nebulas (NAS) is a cryptocurrency.,CCC,https://nebulas.io/,nas usd,3
NAV-AUD,NavCoin AUD,NAV,AUD,Navcoin (NAV) is a cryptocurrency.,CCC,http://www.navcoin.org/,nav aud,0
NAV-BTC,NavCoin BTC,NAV,BTC,Navcoin (NAV) is a cryptocurrency.,CCC,http://www.navcoin.org/,nav btc,0
NAV-CAD,NavCoin CAD,NAV,CAD,Navcoin (NAV) is a cryptocurrency.,CCC,http://www.navcoin.org/,nav cad,0
NAV-CNY,NavCoin CNY,NAV,CNY,Navcoin (NAV) is a cryptocurrency.,CCC,http://www.navcoin.org/,nav cny,0
NAV-ETH,NavCoin ETH,NAV,ETH,Navcoin (NAV) is a cryptocurrency.,CCC,http://www.navcoin.org/,nav eth,1
NAV-EUR,NavCoin EUR,NAV,EUR,Navcoin (NAV) is a cryptocurrency.,CCC,http://www.navcoin.org/,nav eur,0
NAV-JPY,NavCoin JPY,NAV,JPY,Navcoin (NAV) is a cryptocurrency.,CCC,http://www.navcoin.org/,nav jpy,6
NAV-KRW,NavCoin KRW,NAV,KRW,Navcoin (NAV) is a cryptocurrency.,CCC,http://www.navcoin.org/,nav krw,0
NAV-RUB,NavCoin RUB,NAV,RUB,Navcoin (NAV) is a cryptocurrency.,CCC,http://www.navcoin.org/,nav rub,2
NAV-USD,NavCoin USD,NAV,USD,Navcoin (NAV) is a cryptocurrency.,CCC,http://www.navcoin.org/,nav usd,3
NEBL-AUD,Neblio AUD,NEBL,AUD,Neblio (NEBL) is a cryptocurrency.,CCC,https://nebl.io/,nebl aud,0
NEBL-BTC,Neblio BTC,NEBL,BTC,Neblio (NEBL) is a cryptocurrency.,CCC,https://nebl.io/,nebl btc,0
NEBL-CAD,Neblio CAD,NEBL,CAD,Neblio (NEBL) is a cryptocurrency.,CCC,https://nebl.io/,nebl cad,0
NEBL-ETH,Neblio ETH,NEBL,ETH,Neblio (NEBL) is a cryptocurrency.,CCC,https://nebl.io/,nebl eth,1
NEBL-EUR,Neblio EUR,NEBL,EUR,Neblio (NEBL) is a cryptocurrency.,CCC,https://nebl.io/,nebl eur,0
NEBL-GBP,Neblio GBP,NEBL,GBP,Neblio (NEBL) is a cryptocurrency.,CCC,https://nebl.io/,nebl gbp,5
NEBL-INR,Neblio INR,NEBL,INR,Neblio (NEBL) is a cryptocurrency.,CCC,https://nebl.io/,nebl inr,4
NEBL-KRW,Neblio KRW,NEBL,KRW,Neblio (NEBL) is a cryptocurrency.,CCC,https://nebl.io/,nebl krw,0
NEBL-RUB,Neblio RUB,NEBL,RUB,Neblio (NEBL) is a cryptocurrency.,CCC,https://nebl.io/,nebl rub,2
NEBL-USD,Neblio USD,NEBL,USD,Neblio (NEBL) is a cryptocurrency.,CCC,https://nebl.io/,nebl usd,3
NIM-CAD,Nimiq CAD,NIM,CAD,Nimiq (NIM) is a cryptocurrency. Users are able to generate NIM through the process of mining.,CCC,https://nimiq.com/,nim cad,0
NIM-CNY,Nimiq CNY,NIM,CNY,Nimiq (NIM) is a cryptocurrency. Users are able to generate NIM through the process of mining.,CCC,https://nimiq.com/,nim cny,0
NIM-ETH,Nimiq ETH,NIM,ETH,Nimiq (NIM) is a cryptocurrency. Users are able to generate NIM through the process of mining.,CCC,https://nimiq.com/,nim eth,1
NIM-EUR,Nimiq EUR,NIM,EUR,Nimiq (NIM) is a cryptocurrency. Users are able to generate NIM through the process of mining.,CCC,https://nimiq.com/,nim eur,0
NIM-GBP,Nimiq GBP,NIM,GBP,Nimiq (NIM) is a cryptocurrency. Users are able to generate NIM through the process of mining.,CCC,https://nimiq.com/,nim gbp,5
NIM-INR,Nimiq INR,NIM,INR,Nimiq (NIM) is a cryptocurrency. Users are able to generate NIM through the process of mining.,CCC,https://nimiq.com/,nim inr,4
NIM-JPY,Nimiq JPY,NIM,JPY,Nimiq (NIM) is a cryptocurrency. Users are able to generate NIM through the process of mining.,CCC,https://nimiq.com/,nim jpy,6
NIM-KRW,Nimiq KRW,NIM,KRW,Nimiq (NIM) is a cryptocurrency. Users are able to generate NIM through the process of mining.,CCC,https://nimiq.com/,nim krw,0
NIM-RUB,Nimiq RUB,NIM,RUB,Nimiq (NIM) is a cryptocurrency. Users are able to generate NIM through the process of mining.,CCC,https://nimiq.com/,nim rub,2
NIM-USD,Nimiq USD,NIM,USD,Nimiq (NIM) is a cryptocurrency. Users are able to generate NIM through the process of mining.,CCC,https://nimiq.com/,nim usd,3
NLC2-AUD,NoLimitCoin AUD,NLC2,AUD,NoLimitCoin (NLC2) is a cryptocurrency.,CCC,https://nolimitcoin.org/,nlc aud,0
NLC2-BTC,NoLimitCoin BTC,NLC2,BTC,NoLimitCoin (NLC2) is a cryptocurrency.,CCC,https://nolimitcoin.org/,nlc btc,0
NLC2-CAD,NoLimitCoin CAD,NLC2,CAD,NoLimitCoin (NLC2) is a cryptocurrency.,CCC,https://nolimitcoin.org/,nlc cad,0
NLC2-CNY,NoLimitCoin CNY,NLC2,CNY,NoLimitCoin (NLC2) is a cryptocurrency.,CCC,https://nolimitcoin.org/,nlc cny,0
NLC2-ETH,NoLimitCoin ETH,NLC2,ETH,NoLimitCoin (NLC2) is a cryptocurrency.,CCC,https://nolimitcoin.org/,nlc eth,1
NLC2-EUR,NoLimitCoin EUR,NLC2,EUR,NoLimitCoin (NLC2) is a cryptocurrency.,CCC,https://nolimitcoin.org/,nlc eur,0
NLC2-GBP,NoLimitCoin GBP,NLC2,GBP,NoLimitCoin (NLC2) is a cryptocurrency.,CCC,https://nolimitcoin.org/,nlc gbp,5
NLC2-JPY,NoLimitCoin JPY,NLC2,JPY,NoLimitCoin (NLC2) is a cryptocurrency.,CCC,https://nolimitcoin.org/,nlc jpy,6
NLC2-RUB,NoLimitCoin RUB,NLC2,RUB,NoLimitCoin (NLC2) is a cryptocurrency.,CCC,https://nolimitcoin.org/,nlc rub,2
NLC2-USD,NoLimitCoin USD,NLC2,USD,NoLimitCoin (NLC2) is a cryptocurrency.,CCC,https://nolimitcoin.org/,nlc usd,3
NLG-CAD,Gulden CAD,NLG,CAD,Gulden (NLG) is a cryptocurrency. Users are able to generate NLG through the process of mining.,CCC,https://gulden.com/,nlg cad,0
NLG-CNY,Gulden CNY,NLG,CNY,Gulden (NLG) is a cryptocurrency. Users are able to generate NLG through the process of mining.,CCC,https://gulden.com/,nlg cny,0
NLG-ETH,Gulden ETH,NLG,ETH,Gulden (NLG) is a cryptocurrency. Users are able to generate NLG through the process of mining.,CCC,https://gulden.com/,nlg eth,1
NLG-EUR,Gulden EUR,NLG,EUR,Gulden (NLG) is a cryptocurrency. Users are able to generate NLG through the process of mining.,CCC,https://gulden.com/,nlg eur,0
NLG-GBP,Gulden GBP,NLG,GBP,Gulden (NLG) is a cryptocurrency. Users are able to generate NLG through the process of mining.,CCC,https://gulden.com/,nlg gbp,5
NLG-INR,Gulden INR,NLG,INR,Gulden (NLG) is a cryptocurrency. Users are able to generate NLG through the process of mining.,CCC,https://gulden.com/,nlg inr,4
NLG-JPY,Gulden JPY,NLG,JPY,Gulden (NLG) is a cryptocurrency. Users are able to generate NLG through the process of mining.,CCC,https://gulden.com/,nlg jpy,6
NLG-KRW,Gulden KRW,NLG,KRW,Gulden (NLG) is a cryptocurrency. Users are able to generate NLG through the process of mining.,CCC,https://gulden.com/,nlg krw,0
NLG-RUB,Gulden RUB,NLG,RUB,Gulden (NLG) is a cryptocurrency. Users are able to generate NLG through the process of mining.,CCC,https://gulden.com/,nlg rub,2
NLG-USD,Gulden USD,NLG,USD,Gulden (NLG) is a cryptocurrency. Users are able to generate NLG through the process of mining.,CCC,https://gulden.com/,nlg usd,3
NMC-CAD,Namecoin CAD,NMC,CAD,Namecoin (NMC) is a cryptocurrency. Users are able to generate NMC through the process of mining.,CCC,https://www.namecoin.org/,nmc cad,0
NMC-CNY,Namecoin CNY,NMC,CNY,Namecoin (NMC) is a cryptocurrency. Users are able to generate NMC through the process of mining.,CCC,https://www.namecoin.org/,nmc cny,0
NMC-ETH,Namecoin ETH,NMC,ETH,Namecoin (NMC) is a cryptocurrency. Users are able to generate NMC through the process of mining.,CCC,https://www.namecoin.org/,nmc eth,1
NMC-EUR,Namecoin EUR,NMC,EUR,Namecoin (NMC) is a cryptocurrency. Users are able to generate NMC through the process of mining.,CCC,https://www.namecoin.org/,nmc eur,0
NMC-GBP,Namecoin GBP,NMC,GBP,Namecoin (NMC) is a cryptocurrency. Users are able to generate NMC through the process of mining.,CCC,https://www.namecoin.org/,nmc gbp,5
NMC-INR,Namecoin INR,NMC,INR,Namecoin (NMC) is a cryptocurrency. Users are able to generate NMC through the process of mining.,CCC,https://www.namecoin.org/,nmc inr,4
NMC-JPY,Namecoin JPY,NMC,JPY,Namecoin (NMC) is a cryptocurrency. Users are able to generate NMC through the process of mining.,CCC,https://www.namecoin.org/,nmc jpy,6
NMC-KRW,Namecoin KRW,NMC,KRW,Namecoin (NMC) is a cryptocurrency. Users are able to generate NMC through the process of mining.,CCC,https://www.namecoin.org/,nmc krw,0
NMC-RUB,Namecoin RUB,NMC,RUB,Namecoin (NMC) is a cryptocurrency. Users are able to generate NMC through the process of mining.,CCC,https://www.namecoin.org/,nmc rub,2
NMC-USD,Namecoin USD,NMC,USD,Namecoin (NMC) is a cryptocurrency. Users are able to generate NMC through the process of mining.,CCC,https://www.namecoin.org/,nmc usd,3
NPC-CAD,NPCoin CAD,NPC,CAD,NPCoin (NPC) is a cryptocurrency.,CCC,http://npcoin.info/,npc cad,0
NPC-CNY,NPCoin CNY,NPC,CNY,NPCoin (NPC) is a cryptocurrency.,CCC,http://npcoin.info/,npc cny,0
NPC-ETH,NPCoin ETH,NPC,ETH,NPCoin (NPC) is a cryptocurrency.,CCC,http://npcoin.info/,npc eth,1
NPC-EUR,NPCoin EUR,NPC,EUR,NPCoin (NPC) is a cryptocurrency.,CCC,http://npcoin.info/,npc eur,0
NPC-GBP,NPCoin GBP,NPC,GBP,NPCoin (NPC) is a cryptocurrency.,CCC,http://npcoin.info/,npc gbp,5
NPC-INR,NPCoin INR,NPC,INR,NPCoin (NPC) is a cryptocurrency.,CCC,http://npcoin.info/,npc inr,4
NPC-JPY,NPCoin JPY,NPC,JPY,NPCoin (NPC) is a cryptocurrency.,CCC,http://npcoin.info/,npc jpy,6
NPC-KRW,NPCoin KRW,NPC,KRW,NPCoin (NPC) is a cryptocurrency.,CCC,http://npcoin.info/,npc krw,0
NPC-RUB,NPCoin RUB,NPC,RUB,NPCoin (NPC) is a cryptocurrency.,CCC,http://npcoin.info/,npc rub,2
NPC-USD,NPCoin USD,NPC,USD,NPCoin (NPC) is a cryptocurrency.,CCC,http://npcoin.info/,npc usd,3
NU-CAD,NuCypher CAD,NU,CAD,NuCypher (NU) is a cryptocurrency and operates on the Ethereum platform.,CCC,https://nucypher.com,nu cad,0
NU-CNY,NuCypher CNY,NU,CNY,NuCypher (NU) is a cryptocurrency and operates on the Ethereum platform.,CCC,https://nucypher.com,nu cny,0
NU-ETH,NuCypher ETH,NU,ETH,NuCypher (NU) is a cryptocurrency and operates on the Ethereum platform.,CCC,https://nucypher.com,nu eth,1
NU-EUR,NuCypher EUR,NU,EUR,NuCypher (NU) is a cryptocurrency and operates on the Ethereum platform.,CCC,https://nucypher.com,nu eur,0
NU-GBP,NuCypher GBP,NU,GBP,NuCypher (NU) is a cryptocurrency and operates on the Ethereum platform.,CCC,https://nucypher.com,nu gbp,5
NU-INR,NuCypher INR,NU,INR,NuCypher (NU) is a cryptocurrency and operates on the Ethereum platform.,CCC,https://nucypher.com,nu inr,4
NU-JPY,NuCypher JPY,NU,JPY,NuCypher (NU) is a cryptocurrency and operates on the Ethereum platform.,CCC,https://nucypher.com,nu jpy,6
NU-KRW,NuCypher KRW,NU,KRW,NuCypher (NU) is a cryptocurrency and operates on the Ethereum platform.,CCC,https://nucypher.com,nu krw,0
NU-RUB,NuCypher RUB,NU,RUB,NuCypher (NU) is a cryptocurrency and operates on the Ethereum platform.,CCC,https://nucypher.com,nu rub,2
NU-USD,NuCypher USD,NU,USD,NuCypher (NU) is a cryptocurrency and operates on the Ethereum platform.,CCC,https://nucypher.com,nu usd,3
NULS-CAD,NULS CAD,NULS,CAD,NULS (NULS) is a cryptocurrency. Users are able to generate NULS through the process of mining.,CCC,https://nuls.io/,nuls cad,0
NULS-CNY,NULS CNY,NULS,CNY,NULS (NULS) is a cryptocurrency. Users are able to generate NULS through the process of mining.,CCC,https://nuls.io/,nuls cny,0
NULS-ETH,NULS ETH,NULS,ETH,NULS (NULS) is a cryptocurrency. Users are able to generate NULS through the process of mining.,CCC,https://nuls.io/,nuls eth,1
NULS-EUR,NULS EUR,NULS,EUR,NULS (NULS) is a cryptocurrency. Users are able to generate NULS through the process of mining.,CCC,https://nuls.io/,nuls eur,0
NULS-GBP,NULS GBP,NULS,GBP,NULS (NULS) is a cryptocurrency. Users are able to generate NULS through the process of mining.,CCC,https://nuls.io/,nuls gbp,5
NULS-INR,NULS INR,NULS,INR,NULS (NULS) is a cryptocurrency. Users are able to generate NULS through the process of mining.,CCC,https://nuls.io/,nuls inr,4
NULS-JPY,NULS JPY,NULS,JPY,NULS (NULS) is a cryptocurrency. Users are able to generate NULS through the process of mining.,CCC,https://nuls.io/,nuls jpy,6
NULS-KRW,NULS KRW,NULS,KRW,NULS (NULS) is a cryptocurrency. Users are able to generate NULS through the process of mining.,CCC,https://nuls.io/,nuls krw,0
NULS-RUB,NULS RUB,NULS,RUB,NULS (NULS) is a cryptocurrency. Users are able to generate NULS through the process of mining.,CCC,https://nuls.io/,nuls rub,2
NULS-USD,NULS USD,NULS,USD,NULS (NULS) is a cryptocurrency. Users are able to generate NULS through the process of mining.,CCC,https://nuls.io/,nuls usd,3
NVT-CAD,NerveNetwork CAD,NVT,CAD,NerveNetwork (NVT) is a cryptocurrency.,CCC,https://nerve.network,nvt cad,0
NVT-CNY,NerveNetwork CNY,NVT,CNY,NerveNetwork (NVT) is a cryptocurrency.,CCC,https://nerve.network,nvt cny,0
NVT-ETH,NerveNetwork ETH,NVT,ETH,NerveNetwork (NVT) is a cryptocurrency.,CCC,https://nerve.network,nvt eth,1
NVT-EUR,NerveNetwork EUR,NVT,EUR,NerveNetwork (NVT) is a cryptocurrency.,CCC,https://nerve.network,nvt eur,0
NVT-GBP,NerveNetwork GBP,NVT,GBP,NerveNetwork (NVT) is a cryptocurrency.,CCC,https://nerve.network,nvt gbp,5
NVT-INR,NerveNetwork INR,NVT,INR,NerveNetwork (NVT) is a cryptocurrency.,CCC,https://nerve.network,nvt inr,4
NVT-JPY,NerveNetwork JPY,NVT,JPY,NerveNetwork (NVT) is a cryptocurrency.,CCC,https://nerve.network,nvt jpy,6
NVT-KRW,NerveNetwork KRW,NVT,KRW,NerveNetwork (NVT) is a cryptocurrency.,CCC,https://nerve.network,nvt krw,0
NVT-RUB,NerveNetwork RUB,NVT,RUB,NerveNetwork (NVT) is a cryptocurrency.,CCC,https://nerve.network,nvt rub,2
NVT-USD,NerveNetwork USD,NVT,USD,NerveNetwork (NVT) is a cryptocurrency.,CCC,https://nerve.network,nvt usd,3
NXS-CAD,Nexus CAD,NXS,CAD,Nexus (NXS) is a cryptocurrency. Users are able to generate NXS through the process of mining.,CCC,http://nexus.io/,nxs cad,0
NXS-EUR,Nexus EUR,NXS,EUR,Nexus (NXS) is a cryptocurrency. Users are able to generate NXS through the process of mining.,CCC,http://nexus.io/,nxs eur,0
NXS-USD,Nexus USD,NXS,USD,Nexus (NXS) is a cryptocurrency. Users are able to generate NXS through the process of mining.,CCC,http://nexus.io/,nxs usd,3
NYE-BTC,NewYorkExchange BTC,NYE,BTC,NewYork Exchange (NYE) is a cryptocurrency.,CCC,https://www.nyecoin.io/,nye btc,0
NYE-CAD,NewYorkExchange CAD,NYE,CAD,NewYork Exchange (NYE) is a cryptocurrency.,CCC,https://www.nyecoin.io/,nye cad,0
NYE-CNY,NewYorkExchange CNY,NYE,CNY,NewYork Exchange (NYE) is a cryptocurrency.,CCC,https://www.nyecoin.io/,nye cny,0
NYE-ETH,NewYorkExchange ETH,NYE,ETH,NewYork Exchange (NYE) is a cryptocurrency.,CCC,https://www.nyecoin.io/,nye eth,1
NYE-EUR,NewYorkExchange EUR,NYE,EUR,NewYork Exchange (NYE) is a cryptocurrency.,CCC,https://www.nyecoin.io/,nye eur,0
NYE-GBP,NewYorkExchange GBP,NYE,GBP,NewYork Exchange (NYE) is a cryptocurrency.,CCC,https://www.nyecoin.io/,nye gbp,5
NYE-INR,NewYorkExchange INR,NYE,INR,NewYork Exchange (NYE) is a cryptocurrency.,CCC,https://www.nyecoin.io/,nye inr,4
NYE-JPY,NewYorkExchange JPY,NYE,JPY,NewYork Exchange (NYE) is a cryptocurrency.,CCC,https://www.nyecoin.io/,nye jpy,6
NYE-KRW,NewYorkExchange KRW,NYE,KRW,NewYork Exchange (NYE) is a cryptocurrency.,CCC,https://www.nyecoin.io/,nye krw,0
NYE-RUB,NewYorkExchange RUB,NYE,RUB,NewYork Exchange (NYE) is a cryptocurrency.,CCC,https://www.nyecoin.io/,nye rub,2
NYE-USD,NewYorkExchange USD,NYE,USD,NewYork Exchange (NYE) is a cryptocurrency.,CCC,https://www.nyecoin.io/,nye usd,3
NYZO-CAD,Nyzo CAD,NYZO,CAD,Nyzo (NYZO) is a cryptocurrency.,CCC,https://nyzo.co,nyzo cad,0
NYZO-CNY,Nyzo CNY,NYZO,CNY,Nyzo (NYZO) is a cryptocurrency.,CCC,https://nyzo.co,nyzo cny,0
NYZO-ETH,Nyzo ETH,NYZO,ETH,Nyzo (NYZO) is a cryptocurrency.,CCC,https://nyzo.co,nyzo eth,1
NYZO-EUR,Nyzo EUR,NYZO,EUR,Nyzo (NYZO) is a cryptocurrency.,CCC,https://nyzo.co,nyzo eur,0
NYZO-GBP,Nyzo GBP,NYZO,GBP,Nyzo (NYZO) is a cryptocurrency.,CCC,https://nyzo.co,nyzo gbp,5
NYZO-INR,Nyzo INR,NYZO,INR,Nyzo (NYZO) is a cryptocurrency.,CCC,https://nyzo.co,nyzo inr,4
NYZO-JPY,Nyzo JPY,NYZO,JPY,Nyzo (NYZO) is a cryptocurrency.,CCC,https://nyzo.co,nyzo jpy,6
NYZO-KRW,Nyzo KRW,NYZO,KRW,Nyzo (NYZO) is a cryptocurrency.,CCC,https://nyzo.co,nyzo krw,0
NYZO-RUB,Nyzo RUB,NYZO,RUB,Nyzo (NYZO) is a cryptocurrency.,CCC,https://nyzo.co,nyzo rub,2
NYZO-USD,Nyzo USD,NYZO,USD,Nyzo (NYZO) is a cryptocurrency.,CCC,https://nyzo.co,nyzo usd,3
OBSR-CAD,Observer CAD,OBSR,CAD,Observer (OBSR) is a cryptocurrency. Users are able to generate OBSR through the process of mining.,CCC,http://www.obsr.org,obsr cad,0
OBSR-CNY,Observer CNY,OBSR,CNY,Observer (OBSR) is a cryptocurrency. Users are able to generate OBSR through the process of mining.,CCC,http://www.obsr.org,obsr cny,0
OBSR-ETH,Observer ETH,OBSR,ETH,Observer (OBSR) is a cryptocurrency. Users are able to generate OBSR through the process of mining.,CCC,http://www.obsr.org,obsr eth,1
OBSR-EUR,Observer EUR,OBSR,EUR,Observer (OBSR) is a cryptocurrency. Users are able to generate OBSR through the process of mining.,CCC,http://www.obsr.org,obsr eur,0
OBSR-GBP,Observer GBP,OBSR,GBP,Observer (OBSR) is a cryptocurrency. Users are able to generate OBSR through the process of mining.,CCC,http://www.obsr.org,obsr gbp,5
OBSR-INR,Observer INR,OBSR,INR,Observer (OBSR) is a cryptocurrency. Users are able to generate OBSR through the process of mining.,CCC,http://www.obsr.org,obsr inr,4
OBSR-JPY,Observer JPY,OBSR,JPY,Observer (OBSR) is a cryptocurrency. Users are able to generate OBSR through the process of mining.,CCC,http://www.obsr.org,obsr jpy,6
OBSR-KRW,Observer KRW,OBSR,KRW,Observer (OBSR) is a cryptocurrency. Users are able to generate OBSR through the process of mining.,CCC,http://www.obsr.org,obsr krw,0
OBSR-RUB,Observer RUB,OBSR,RUB,Observer (OBSR) is a cryptocurrency. Users are able to generate OBSR through the process of mining.,CCC,http://www.obsr.org,obsr rub,2
OBSR-USD,Observer USD,OBSR,USD,Observer (OBSR) is a cryptocurrency. Users are able to generate OBSR through the process of mining.,CCC,http://www.obsr.org,obsr usd,3
OMG-AUD,OmiseGO AUD,OMG,AUD,OMG Network (OMG) is a cryptocurrency.,CCC,https://omg.network/,omg aud,0
OMG-BTC,OmiseGO BTC,OMG,BTC,OMG Network (OMG) is a cryptocurrency.,CCC,https://omg.network/,omg btc,0
OMG-ETH,OmiseGO ETH,OMG,ETH,OMG Network (OMG) is a cryptocurrency.,CCC,https://omg.network/,omg eth,1
OMG-EUR,OmiseGO EUR,OMG,EUR,OMG Network (OMG) is a cryptocurrency.,CCC,https://omg.network/,omg eur,0
OMG-GBP,OmiseGO GBP,OMG,GBP,OMG Network (OMG) is a cryptocurrency.,CCC,https://omg.network/,omg gbp,5
OMG-INR,OmiseGO INR,OMG,INR,OMG Network (OMG) is a cryptocurrency.,CCC,https://omg.network/,omg inr,4
OMG-JPY,OmiseGO JPY,OMG,JPY,OMG Network (OMG) is a cryptocurrency.,CCC,https://omg.network/,omg jpy,6
OMG-KRW,OmiseGO KRW,OMG,KRW,OMG Network (OMG) is a cryptocurrency.,CCC,https://omg.network/,omg krw,0
OMG-RUB,OmiseGO RUB,OMG,RUB,OMG Network (OMG) is a cryptocurrency.,CCC,https://omg.network/,omg rub,2
OMG-USD,OmiseGO USD,OMG,USD,OMG Network (OMG) is a cryptocurrency.,CCC,https://omg.network/,omg usd,3
ONE2-CAD,Harmony CAD,ONE2,CAD,Harmony (ONE) is a cryptocurrency.,CCC,https://www.harmony.one/,one cad,0
ONE2-CNY,Harmony CNY,ONE2,CNY,Harmony (ONE) is a cryptocurrency.,CCC,https://www.harmony.one/,one cny,0
ONE2-ETH,Harmony ETH,ONE2,ETH,Harmony (ONE) is a cryptocurrency.,CCC,https://www.harmony.one/,one eth,1
ONE2-EUR,Harmony EUR,ONE2,EUR,Harmony (ONE) is a cryptocurrency.,CCC,https://www.harmony.one/,one eur,0
ONE2-GBP,Harmony GBP,ONE2,GBP,Harmony (ONE) is a cryptocurrency.,CCC,https://www.harmony.one/,one gbp,5
ONE2-INR,Harmony INR,ONE2,INR,Harmony (ONE) is a cryptocurrency.,CCC,https://www.harmony.one/,one inr,4
ONE2-JPY,Harmony JPY,ONE2,JPY,Harmony (ONE) is a cryptocurrency.,CCC,https://www.harmony.one/,one jpy,6
ONE2-KRW,Harmony KRW,ONE2,KRW,Harmony (ONE) is a cryptocurrency.,CCC,https://www.harmony.one/,one krw,0
ONE2-RUB,Harmony RUB,ONE2,RUB,Harmony (ONE) is a cryptocurrency.,CCC,https://www.harmony.one/,one rub,2
ONE2-USD,Harmony USD,ONE2,USD,Harmony (ONE) is a cryptocurrency.,CCC,https://www.harmony.one/,one usd,3
ONT-CAD,Ontology CAD,ONT,CAD,Ontology (ONT) is a cryptocurrency.,CCC,https://ont.io/,ont cad,0
ONT-CNY,Ontology CNY,ONT,CNY,Ontology (ONT) is a cryptocurrency.,CCC,https://ont.io/,ont cny,0
ONT-ETH,Ontology ETH,ONT,ETH,Ontology (ONT) is a cryptocurrency.,CCC,https://ont.io/,ont eth,1
ONT-EUR,Ontology EUR,ONT,EUR,Ontology (ONT) is a cryptocurrency.,CCC,https://ont.io/,ont eur,0
ONT-GBP,Ontology GBP,ONT,GBP,Ontology (ONT) is a cryptocurrency.,CCC,https://ont.io/,ont gbp,5
ONT-INR,Ontology INR,ONT,INR,Ontology (ONT) is a cryptocurrency.,CCC,https://ont.io/,ont inr,4
ONT-JPY,Ontology JPY,ONT,JPY,Ontology (ONT) is a cryptocurrency.,CCC,https://ont.io/,ont jpy,6
ONT-KRW,Ontology KRW,ONT,KRW,Ontology (ONT) is a cryptocurrency.,CCC,https://ont.io/,ont krw,0
ONT-RUB,Ontology RUB,ONT,RUB,Ontology (ONT) is a cryptocurrency.,CCC,https://ont.io/,ont rub,2
ONT-USD,Ontology USD,ONT,USD,Ontology (ONT) is a cryptocurrency.,CCC,https://ont.io/,ont usd,3
OTO-CAD,OTOCASH CAD,OTO,CAD,OTOCASH (OTO) is a cryptocurrency. Users are able to generate OTO through the process of mining.,CCC,https://www.otocash.io/,oto cad,0
OTO-CNY,OTOCASH CNY,OTO,CNY,OTOCASH (OTO) is a cryptocurrency. Users are able to generate OTO through the process of mining.,CCC,https://www.otocash.io/,oto cny,0
OTO-ETH,OTOCASH ETH,OTO,ETH,OTOCASH (OTO) is a cryptocurrency. Users are able to generate OTO through the process of mining.,CCC,https://www.otocash.io/,oto eth,1
OTO-EUR,OTOCASH EUR,OTO,EUR,OTOCASH (OTO) is a cryptocurrency. Users are able to generate OTO through the process of mining.,CCC,https://www.otocash.io/,oto eur,0
OTO-GBP,OTOCASH GBP,OTO,GBP,OTOCASH (OTO) is a cryptocurrency. Users are able to generate OTO through the process of mining.,CCC,https://www.otocash.io/,oto gbp,5
OTO-INR,OTOCASH INR,OTO,INR,OTOCASH (OTO) is a cryptocurrency. Users are able to generate OTO through the process of mining.,CCC,https://www.otocash.io/,oto inr,4
OTO-JPY,OTOCASH JPY,OTO,JPY,OTOCASH (OTO) is a cryptocurrency. Users are able to generate OTO through the process of mining.,CCC,https://www.otocash.io/,oto jpy,6
OTO-KRW,OTOCASH KRW,OTO,KRW,OTOCASH (OTO) is a cryptocurrency. Users are able to generate OTO through the process of mining.,CCC,https://www.otocash.io/,oto krw,0
OTO-RUB,OTOCASH RUB,OTO,RUB,OTOCASH (OTO) is a cryptocurrency. Users are able to generate OTO through the process of mining.,CCC,https://www.otocash.io/,oto rub,2
OTO-USD,OTOCASH USD,OTO,USD,OTOCASH (OTO) is a cryptocurrency. Users are able to generate OTO through the process of mining.,CCC,https://www.otocash.io/,oto usd,3
OURO-CAD,Ouroboros CAD,OURO,CAD,Ouroboros (OURO) is a cryptocurrency.,CCC,https://ouroboros-crypto.com/en/,ouro cad,0
OURO-CNY,Ouroboros CNY,OURO,CNY,Ouroboros (OURO) is a cryptocurrency.,CCC,https://ouroboros-crypto.com/en/,ouro cny,0
OURO-ETH,Ouroboros ETH,OURO,ETH,Ouroboros (OURO) is a cryptocurrency.,CCC,https://ouroboros-crypto.com/en/,ouro eth,1
OURO-EUR,Ouroboros EUR,OURO,EUR,Ouroboros (OURO) is a cryptocurrency.,CCC,https://ouroboros-crypto.com/en/,ouro eur,0
OURO-GBP,Ouroboros GBP,OURO,GBP,Ouroboros (OURO) is a cryptocurrency.,CCC,https://ouroboros-crypto.com/en/,ouro gbp,5
OURO-INR,Ouroboros INR,OURO,INR,Ouroboros (OURO) is a cryptocurrency.,CCC,https://ouroboros-crypto.com/en/,ouro inr,4
OURO-JPY,Ouroboros JPY,OURO,JPY,Ouroboros (OURO) is a cryptocurrency.,CCC,https://ouroboros-crypto.com/en/,ouro jpy,6
OURO-KRW,Ouroboros KRW,OURO,KRW,Ouroboros (OURO) is a cryptocurrency.,CCC,https://ouroboros-crypto.com/en/,ouro krw,0
OURO-RUB,Ouroboros RUB,OURO,RUB,Ouroboros (OURO) is a cryptocurrency.,CCC,https://ouroboros-crypto.com/en/,ouro rub,2
OURO-USD,Ouroboros USD,OURO,USD,Ouroboros (OURO) is a cryptocurrency.,CCC,https://ouroboros-crypto.com/en/,ouro usd,3
OWC-CAD,ODUWA CAD,OWC,CAD,ODUWA (OWC) is a cryptocurrency. Users are able to generate OWC through the process of mining.,CCC,https://oduwacoin.io/,owc cad,0
OWC-CNY,ODUWA CNY,OWC,CNY,ODUWA (OWC) is a cryptocurrency. Users are able to generate OWC through the process of mining.,CCC,https://oduwacoin.io/,owc cny,0
OWC-ETH,ODUWA ETH,OWC,ETH,ODUWA (OWC) is a cryptocurrency. Users are able to generate OWC through the process of mining.,CCC,https://oduwacoin.io/,owc eth,1
OWC-EUR,ODUWA EUR,OWC,EUR,ODUWA (OWC) is a cryptocurrency. Users are able to generate OWC through the process of mining.,CCC,https://oduwacoin.io/,owc eur,0
OWC-GBP,ODUWA GBP,OWC,GBP,ODUWA (OWC) is a cryptocurrency. Users are able to generate OWC through the process of mining.,CCC,https://oduwacoin.io/,owc gbp,5
OWC-INR,ODUWA INR,OWC,INR,ODUWA (OWC) is a cryptocurrency. Users are able to generate OWC through the process of mining.,CCC,https://oduwacoin.io/,owc inr,4
OWC-JPY,ODUWA JPY,OWC,JPY,ODUWA (OWC) is a cryptocurrency. Users are able to generate OWC through the process of mining.,CCC,https://oduwacoin.io/,owc jpy,6
OWC-KRW,ODUWA KRW,OWC,KRW,ODUWA (OWC) is a cryptocurrency. Users are able to generate OWC through the process of mining.,CCC,https://oduwacoin.io/,owc krw,0
OWC-RUB,ODUWA RUB,OWC,RUB,ODUWA (OWC) is a cryptocurrency. Users are able to generate OWC through the process of mining.,CCC,https://oduwacoin.io/,owc rub,2
OWC-USD,ODUWA USD,OWC,USD,ODUWA (OWC) is a cryptocurrency. Users are able to generate OWC through the process of mining.,CCC,https://oduwacoin.io/,owc usd,3
OXT-CNY,Orchid CNY,OXT,CNY,Orchid (OXT) is a cryptocurrency and operates on the Ethereum platform.,CCC,https://www.orchid.com/,oxt cny,0
OXT-ETH,Orchid ETH,OXT,ETH,Orchid (OXT) is a cryptocurrency and operates on the Ethereum platform.,CCC,https://www.orchid.com/,oxt eth,1
OXT-EUR,Orchid EUR,OXT,EUR,Orchid (OXT) is a cryptocurrency and operates on the Ethereum platform.,CCC,https://www.orchid.com/,oxt eur,0
OXT-GBP,Orchid GBP,OXT,GBP,Orchid (OXT) is a cryptocurrency and operates on the Ethereum platform.,CCC,https://www.orchid.com/,oxt gbp,5
OXT-INR,Orchid INR,OXT,INR,Orchid (OXT) is a cryptocurrency and operates on the Ethereum platform.,CCC,https://www.orchid.com/,oxt inr,4
OXT-JPY,Orchid JPY,OXT,JPY,Orchid (OXT) is a cryptocurrency and operates on the Ethereum platform.,CCC,https://www.orchid.com/,oxt jpy,6
OXT-KRW,Orchid KRW,OXT,KRW,Orchid (OXT) is a cryptocurrency and operates on the Ethereum platform.,CCC,https://www.orchid.com/,oxt krw,0
OXT-RUB,Orchid RUB,OXT,RUB,Orchid (OXT) is a cryptocurrency and operates on the Ethereum platform.,CCC,https://www.orchid.com/,oxt rub,2
OXT-USD,Orchid USD,OXT,USD,Orchid (OXT) is a cryptocurrency and operates on the Ethereum platform.,CCC,https://www.orchid.com/,oxt usd,3
PAC-AUD,PACGlobal AUD,PAC,AUD,PAC Protocol (PAC) is a cryptocurrency. Users are able to generate PAC through the process of mining.,CCC,https://pacprotocol.com,pac aud,0
PAC-CAD,PACGlobal CAD,PAC,CAD,PAC Protocol (PAC) is a cryptocurrency. Users are able to generate PAC through the process of mining.,CCC,https://pacprotocol.com,pac cad,0
PAC-CNY,PACGlobal CNY,PAC,CNY,PAC Protocol (PAC) is a cryptocurrency. Users are able to generate PAC through the process of mining.,CCC,https://pacprotocol.com,pac cny,0
PAC-ETH,PACGlobal ETH,PAC,ETH,PAC Protocol (PAC) is a cryptocurrency. Users are able to generate PAC through the process of mining.,CCC,https://pacprotocol.com,pac eth,1
PAC-EUR,PACGlobal EUR,PAC,EUR,PAC Protocol (PAC) is a cryptocurrency. Users are able to generate PAC through the process of mining.,CCC,https://pacprotocol.com,pac eur,0
PAC-GBP,PACGlobal GBP,PAC,GBP,PAC Protocol (PAC) is a cryptocurrency. Users are able to generate PAC through the process of mining.,CCC,https://pacprotocol.com,pac gbp,5
PAC-INR,PACGlobal INR,PAC,INR,PAC Protocol (PAC) is a cryptocurrency. Users are able to generate PAC through the process of mining.,CCC,https://pacprotocol.com,pac inr,4
PAC-JPY,PACGlobal JPY,PAC,JPY,PAC Protocol (PAC) is a cryptocurrency. Users are able to generate PAC through the process of mining.,CCC,https://pacprotocol.com,pac jpy,6
PAC-KRW,PACGlobal KRW,PAC,KRW,PAC Protocol (PAC) is a cryptocurrency. Users are able to generate PAC through the process of mining.,CCC,https://pacprotocol.com,pac krw,0
PAC-RUB,PACGlobal RUB,PAC,RUB,PAC Protocol (PAC) is a cryptocurrency. Users are able to generate PAC through the process of mining.,CCC,https://pacprotocol.com,pac rub,2
PAC-USD,PACGlobal USD,PAC,USD,PAC Protocol (PAC) is a cryptocurrency. Users are able to generate PAC through the process of mining.,CCC,https://pacprotocol.com,pac usd,3
PAI-BTC,ProjectPai BTC,PAI,BTC,Project Pai (PAI) is a cryptocurrency.,CCC,https://projectpai.com/,pai btc,0
PAI-CNY,ProjectPai CNY,PAI,CNY,Project Pai (PAI) is a cryptocurrency.,CCC,https://projectpai.com/,pai cny,0
PAI-ETH,ProjectPai ETH,PAI,ETH,Project Pai (PAI) is a cryptocurrency.,CCC,https://projectpai.com/,pai eth,1
PAI-EUR,ProjectPai EUR,PAI,EUR,Project Pai (PAI) is a cryptocurrency.,CCC,https://projectpai.com/,pai eur,0
PAI-GBP,ProjectPai GBP,PAI,GBP,Project Pai (PAI) is a cryptocurrency.,CCC,https://projectpai.com/,pai gbp,5
PAI-INR,ProjectPai INR,PAI,INR,Project Pai (PAI) is a cryptocurrency.,CCC,https://projectpai.com/,pai inr,4
PAI-JPY,ProjectPai JPY,PAI,JPY,Project Pai (PAI) is a cryptocurrency.,CCC,https://projectpai.com/,pai jpy,6
PAI-KRW,ProjectPai KRW,PAI,KRW,Project Pai (PAI) is a cryptocurrency.,CCC,https://projectpai.com/,pai krw,0
PAI-RUB,ProjectPai RUB,PAI,RUB,Project Pai (PAI) is a cryptocurrency.,CCC,https://projectpai.com/,pai rub,2
PAI-USD,ProjectPai USD,PAI,USD,Project Pai (PAI) is a cryptocurrency.,CCC,https://projectpai.com/,pai usd,3
PART-BTC,Particl BTC,PART,BTC,Particl (PART) is a cryptocurrency.,CCC,http://particl.io/,part btc,0
PART-CAD,Particl CAD,PART,CAD,Particl (PART) is a cryptocurrency.,CCC,http://particl.io/,part cad,0
PART-CNY,Particl CNY,PART,CNY,Particl (PART) is a cryptocurrency.,CCC,http://particl.io/,part cny,0
PART-ETH,Particl ETH,PART,ETH,Particl (PART) is a cryptocurrency.,CCC,http://particl.io/,part eth,1
PART-EUR,Particl EUR,PART,EUR,Particl (PART) is a cryptocurrency.,CCC,http://particl.io/,part eur,0
PART-GBP,Particl GBP,PART,GBP,Particl (PART) is a cryptocurrency.,CCC,http://particl.io/,part gbp,5
PART-INR,Particl INR,PART,INR,Particl (PART) is a cryptocurrency.,CCC,http://particl.io/,part inr,4
PART-JPY,Particl JPY,PART,JPY,Particl (PART) is a cryptocurrency.,CCC,http://particl.io/,part jpy,6
PART-RUB,Particl RUB,PART,RUB,Particl (PART) is a cryptocurrency.,CCC,http://particl.io/,part rub,2
PART-USD,Particl USD,PART,USD,Particl (PART) is a cryptocurrency.,CCC,http://particl.io/,part usd,3
PAY-ETH,TenX ETH,PAY,ETH,TenX (PAY) is a cryptocurrency launched in 2017and operates on the Ethereum platform.,CCC,https://www.tenx.tech/,pay eth,1
PAY-EUR,TenX EUR,PAY,EUR,TenX (PAY) is a cryptocurrency launched in 2017and operates on the Ethereum platform.,CCC,https://www.tenx.tech/,pay eur,0
PAY-GBP,TenX GBP,PAY,GBP,TenX (PAY) is a cryptocurrency launched in 2017and operates on the Ethereum platform.,CCC,https://www.tenx.tech/,pay gbp,5
PAY-INR,TenX INR,PAY,INR,TenX (PAY) is a cryptocurrency launched in 2017and operates on the Ethereum platform.,CCC,https://www.tenx.tech/,pay inr,4
PAY-JPY,TenX JPY,PAY,JPY,TenX (PAY) is a cryptocurrency launched in 2017and operates on the Ethereum platform.,CCC,https://www.tenx.tech/,pay jpy,6
PAY-KRW,TenX KRW,PAY,KRW,TenX (PAY) is a cryptocurrency launched in 2017and operates on the Ethereum platform.,CCC,https://www.tenx.tech/,pay krw,0
PAY-RUB,TenX RUB,PAY,RUB,TenX (PAY) is a cryptocurrency launched in 2017and operates on the Ethereum platform.,CCC,https://www.tenx.tech/,pay rub,2
PAY-USD,TenX USD,PAY,USD,TenX (PAY) is a cryptocurrency launched in 2017and operates on the Ethereum platform.,CCC,https://www.tenx.tech/,pay usd,3
PCX-CAD,ChainX CAD,PCX,CAD,ChainX (PCX) is a cryptocurrency.,CCC,https://chainx.org/,pcx cad,0
PCX-CNY,ChainX CNY,PCX,CNY,ChainX (PCX) is a cryptocurrency.,CCC,https://chainx.org/,pcx cny,0
PCX-ETH,ChainX ETH,PCX,ETH,ChainX (PCX) is a cryptocurrency.,CCC,https://chainx.org/,pcx eth,1
PCX-EUR,ChainX EUR,PCX,EUR,ChainX (PCX) is a cryptocurrency.,CCC,https://chainx.org/,pcx eur,0
PCX-GBP,ChainX GBP,PCX,GBP,ChainX (PCX) is a cryptocurrency.,CCC,https://chainx.org/,pcx gbp,5
PCX-INR,ChainX INR,PCX,INR,ChainX (PCX) is a cryptocurrency.,CCC,https://chainx.org/,pcx inr,4
PCX-JPY,ChainX JPY,PCX,JPY,ChainX (PCX) is a cryptocurrency.,CCC,https://chainx.org/,pcx jpy,6
PCX-KRW,ChainX KRW,PCX,KRW,ChainX (PCX) is a cryptocurrency.,CCC,https://chainx.org/,pcx krw,0
PCX-RUB,ChainX RUB,PCX,RUB,ChainX (PCX) is a cryptocurrency.,CCC,https://chainx.org/,pcx rub,2
PCX-USD,ChainX USD,PCX,USD,ChainX (PCX) is a cryptocurrency.,CCC,https://chainx.org/,pcx usd,3
PHA-CAD,PhalaNetwork CAD,PHA,CAD,Phala Network (PHA) is a cryptocurrency.,CCC,https://phala.network/,pha cad,0
PHA-CNY,PhalaNetwork CNY,PHA,CNY,Phala Network (PHA) is a cryptocurrency.,CCC,https://phala.network/,pha cny,0
PHA-ETH,PhalaNetwork ETH,PHA,ETH,Phala Network (PHA) is a cryptocurrency.,CCC,https://phala.network/,pha eth,1
PHA-EUR,PhalaNetwork EUR,PHA,EUR,Phala Network (PHA) is a cryptocurrency.,CCC,https://phala.network/,pha eur,0
PHA-GBP,PhalaNetwork GBP,PHA,GBP,Phala Network (PHA) is a cryptocurrency.,CCC,https://phala.network/,pha gbp,5
PHA-INR,PhalaNetwork INR,PHA,INR,Phala Network (PHA) is a cryptocurrency.,CCC,https://phala.network/,pha inr,4
PHA-JPY,PhalaNetwork JPY,PHA,JPY,Phala Network (PHA) is a cryptocurrency.,CCC,https://phala.network/,pha jpy,6
PHA-KRW,PhalaNetwork KRW,PHA,KRW,Phala Network (PHA) is a cryptocurrency.,CCC,https://phala.network/,pha krw,0
PHA-RUB,PhalaNetwork RUB,PHA,RUB,Phala Network (PHA) is a cryptocurrency.,CCC,https://phala.network/,pha rub,2
PHA-USD,PhalaNetwork USD,PHA,USD,Phala Network (PHA) is a cryptocurrency.,CCC,https://phala.network/,pha usd,3
PHR-CAD,Phore CAD,PHR,CAD,Phore (PHR) is a cryptocurrency.,CCC,https://phore.io/,phr cad,0
PHR-CNY,Phore CNY,PHR,CNY,Phore (PHR) is a cryptocurrency.,CCC,https://phore.io/,phr cny,0
PHR-ETH,Phore ETH,PHR,ETH,Phore (PHR) is a cryptocurrency.,CCC,https://phore.io/,phr eth,1
PHR-EUR,Phore EUR,PHR,EUR,Phore (PHR) is a cryptocurrency.,CCC,https://phore.io/,phr eur,0
PHR-GBP,Phore GBP,PHR,GBP,Phore (PHR) is a cryptocurrency.,CCC,https://phore.io/,phr gbp,5
PHR-INR,Phore INR,PHR,INR,Phore (PHR) is a cryptocurrency.,CCC,https://phore.io/,phr inr,4
PHR-JPY,Phore JPY,PHR,JPY,Phore (PHR) is a cryptocurrency.,CCC,https://phore.io/,phr jpy,6
PHR-KRW,Phore KRW,PHR,KRW,Phore (PHR) is a cryptocurrency.,CCC,https://phore.io/,phr krw,0
PHR-RUB,Phore RUB,PHR,RUB,Phore (PHR) is a cryptocurrency.,CCC,https://phore.io/,phr rub,2
PHR-USD,Phore USD,PHR,USD,Phore (PHR) is a cryptocurrency.,CCC,https://phore.io/,phr usd,3
PI-CAD,PCHAIN CAD,PI,CAD,Plian (PI) is a cryptocurrency.,CCC,https://plian.org/,pi cad,0
PI-CNY,PCHAIN CNY,PI,CNY,Plian (PI) is a cryptocurrency.,CCC,https://plian.org/,pi cny,0
PI-ETH,PCHAIN ETH,PI,ETH,Plian (PI) is a cryptocurrency.,CCC,https://plian.org/,pi eth,1
PI-EUR,PCHAIN EUR,PI,EUR,Plian (PI) is a cryptocurrency.,CCC,https://plian.org/,pi eur,0
PI-GBP,PCHAIN GBP,PI,GBP,Plian (PI) is a cryptocurrency.,CCC,https://plian.org/,pi gbp,5
PI-INR,PCHAIN INR,PI,INR,Plian (PI) is a cryptocurrency.,CCC,https://plian.org/,pi inr,4
PI-JPY,PCHAIN JPY,PI,JPY,Plian (PI) is a cryptocurrency.,CCC,https://plian.org/,pi jpy,6
PI-KRW,PCHAIN KRW,PI,KRW,Plian (PI) is a cryptocurrency.,CCC,https://plian.org/,pi krw,0
PI-RUB,PCHAIN RUB,PI,RUB,Plian (PI) is a cryptocurrency.,CCC,https://plian.org/,pi rub,2
PI-USD,PCHAIN USD,PI,USD,Plian (PI) is a cryptocurrency.,CCC,https://plian.org/,pi usd,3
PIVX-CNY,PIVX CNY,PIVX,CNY,PIVX (PIVX) is a cryptocurrency.,CCC,https://pivx.org,pivx cny,0
PIVX-ETH,PIVX ETH,PIVX,ETH,PIVX (PIVX) is a cryptocurrency.,CCC,https://pivx.org,pivx eth,1
PIVX-EUR,PIVX EUR,PIVX,EUR,PIVX (PIVX) is a cryptocurrency.,CCC,https://pivx.org,pivx eur,0
PIVX-GBP,PIVX GBP,PIVX,GBP,PIVX (PIVX) is a cryptocurrency.,CCC,https://pivx.org,pivx gbp,5
PIVX-INR,PIVX INR,PIVX,INR,PIVX (PIVX) is a cryptocurrency.,CCC,https://pivx.org,pivx inr,4
PIVX-JPY,PIVX JPY,PIVX,JPY,PIVX (PIVX) is a cryptocurrency.,CCC,https://pivx.org,pivx jpy,6
PIVX-KRW,PIVX KRW,PIVX,KRW,PIVX (PIVX) is a cryptocurrency.,CCC,https://pivx.org,pivx krw,0
PIVX-RUB,PIVX RUB,PIVX,RUB,PIVX (PIVX) is a cryptocurrency.,CCC,https://pivx.org,pivx rub,2
PIVX-USD,PIVX USD,PIVX,USD,PIVX (PIVX) is a cryptocurrency.,CCC,https://pivx.org,pivx usd,3
PLC-CAD,PLATINCOIN CAD,PLC,CAD,PLATINCOIN (PLC) is a cryptocurrency.,CCC,https://platincoin.com/,plc cad,0
PLC-CNY,PLATINCOIN CNY,PLC,CNY,PLATINCOIN (PLC) is a cryptocurrency.,CCC,https://platincoin.com/,plc cny,0
PLC-ETH,PLATINCOIN ETH,PLC,ETH,PLATINCOIN (PLC) is a cryptocurrency.,CCC,https://platincoin.com/,plc eth,1
PLC-EUR,PLATINCOIN EUR,PLC,EUR,PLATINCOIN (PLC) is a cryptocurrency.,CCC,https://platincoin.com/,plc eur,0
PLC-GBP,PLATINCOIN GBP,PLC,GBP,PLATINCOIN (PLC) is a cryptocurrency.,CCC,https://platincoin.com/,plc gbp,5
PLC-INR,PLATINCOIN INR,PLC,INR,PLATINCOIN (PLC) is a cryptocurrency.,CCC,https://platincoin.com/,plc inr,4
PLC-JPY,PLATINCOIN JPY,PLC,JPY,PLATINCOIN (PLC) is a cryptocurrency.,CCC,https://platincoin.com/,plc jpy,6
PLC-KRW,PLATINCOIN KRW,PLC,KRW,PLATINCOIN (PLC) is a cryptocurrency.,CCC,https://platincoin.com/,plc krw,0
PLC-RUB,PLATINCOIN RUB,PLC,RUB,PLATINCOIN (PLC) is a cryptocurrency.,CCC,https://platincoin.com/,plc rub,2
PLC-USD,PLATINCOIN USD,PLC,USD,PLATINCOIN (PLC) is a cryptocurrency.,CCC,https://platincoin.com/,plc usd,3
PMEER-CAD,Pmeer CAD,PMEER,CAD,Qitmeer (PMEER) is a cryptocurrency.,CCC,https://www.qitmeer.net,pmeer cad,0
PMEER-CNY,Pmeer CNY,PMEER,CNY,Qitmeer (PMEER) is a cryptocurrency.,CCC,https://www.qitmeer.net,pmeer cny,0
PMEER-ETH,Pmeer ETH,PMEER,ETH,Qitmeer (PMEER) is a cryptocurrency.,CCC,https://www.qitmeer.net,pmeer eth,1
PMEER-EUR,Pmeer EUR,PMEER,EUR,Qitmeer (PMEER) is a cryptocurrency.,CCC,https://www.qitmeer.net,pmeer eur,0
PMEER-GBP,Pmeer GBP,PMEER,GBP,Qitmeer (PMEER) is a cryptocurrency.,CCC,https://www.qitmeer.net,pmeer gbp,5
PMEER-INR,Pmeer INR,PMEER,INR,Qitmeer (PMEER) is a cryptocurrency.,CCC,https://www.qitmeer.net,pmeer inr,4
PMEER-JPY,Pmeer JPY,PMEER,JPY,Qitmeer (PMEER) is a cryptocurrency.,CCC,https://www.qitmeer.net,pmeer jpy,6
PMEER-KRW,Pmeer KRW,PMEER,KRW,Qitmeer (PMEER) is a cryptocurrency.,CCC,https://www.qitmeer.net,pmeer krw,0
PMEER-RUB,Pmeer RUB,PMEER,RUB,Qitmeer (PMEER) is a cryptocurrency.,CCC,https://www.qitmeer.net,pmeer rub,2
PMEER-USD,Pmeer USD,PMEER,USD,Qitmeer (PMEER) is a cryptocurrency.,CCC,https://www.qitmeer.net,pmeer usd,3
POA-CAD,POANetwork CAD,POA,CAD,POA (POA) is a cryptocurrency.,CCC,https://poa.network/,poa cad,0
POA-CNY,POANetwork CNY,POA,CNY,POA (POA) is a cryptocurrency.,CCC,https://poa.network/,poa cny,0
POA-ETH,POANetwork ETH,POA,ETH,POA (POA) is a cryptocurrency.,CCC,https://poa.network/,poa eth,1
POA-EUR,POANetwork EUR,POA,EUR,POA (POA) is a cryptocurrency.,CCC,https://poa.network/,poa eur,0
POA-GBP,POANetwork GBP,POA,GBP,POA (POA) is a cryptocurrency.,CCC,https://poa.network/,poa gbp,5
POA-INR,POANetwork INR,POA,INR,POA (POA) is a cryptocurrency.,CCC,https://poa.network/,poa inr,4
POA-JPY,POANetwork JPY,POA,JPY,POA (POA) is a cryptocurrency.,CCC,https://poa.network/,poa jpy,6
POA-KRW,POANetwork KRW,POA,KRW,POA (POA) is a cryptocurrency.,CCC,https://poa.network/,poa krw,0
POA-RUB,POANetwork RUB,POA,RUB,POA (POA) is a cryptocurrency.,CCC,https://poa.network/,poa rub,2
POA-USD,POANetwork USD,POA,USD,POA (POA) is a cryptocurrency.,CCC,https://poa.network/,poa usd,3
POLIS-INR,Polis INR,POLIS,INR,Polis (POLIS) is a cryptocurrency. Users are able to generate POLIS through the process of mining.,CCC,https://polispay.org/,polis inr,4
POLIS-JPY,Polis JPY,POLIS,JPY,Polis (POLIS) is a cryptocurrency. Users are able to generate POLIS through the process of mining.,CCC,https://polispay.org/,polis jpy,6
POLIS-KRW,Polis KRW,POLIS,KRW,Polis (POLIS) is a cryptocurrency. Users are able to generate POLIS through the process of mining.,CCC,https://polispay.org/,polis krw,0
POLIS-RUB,Polis RUB,POLIS,RUB,Polis (POLIS) is a cryptocurrency. Users are able to generate POLIS through the process of mining.,CCC,https://polispay.org/,polis rub,2
POLIS-USD,Polis USD,POLIS,USD,Polis (POLIS) is a cryptocurrency. Users are able to generate POLIS through the process of mining.,CCC,https://polispay.org/,polis usd,3
PPC-CAD,Peercoin CAD,PPC,CAD,Peercoin (PPC) is a cryptocurrency. Users are able to generate PPC through the process of mining.,CCC,http://www.peercoin.net,ppc cad,0
PPC-CNY,Peercoin CNY,PPC,CNY,Peercoin (PPC) is a cryptocurrency. Users are able to generate PPC through the process of mining.,CCC,http://www.peercoin.net,ppc cny,0
PPC-ETH,Peercoin ETH,PPC,ETH,Peercoin (PPC) is a cryptocurrency. Users are able to generate PPC through the process of mining.,CCC,http://www.peercoin.net,ppc eth,1
PPC-EUR,Peercoin EUR,PPC,EUR,Peercoin (PPC) is a cryptocurrency. Users are able to generate PPC through the process of mining.,CCC,http://www.peercoin.net,ppc eur,0
PPC-GBP,Peercoin GBP,PPC,GBP,Peercoin (PPC) is a cryptocurrency. Users are able to generate PPC through the process of mining.,CCC,http://www.peercoin.net,ppc gbp,5
PPC-INR,Peercoin INR,PPC,INR,Peercoin (PPC) is a cryptocurrency. Users are able to generate PPC through the process of mining.,CCC,http://www.peercoin.net,ppc inr,4
PPC-JPY,Peercoin JPY,PPC,JPY,Peercoin (PPC) is a cryptocurrency. Users are able to generate PPC through the process of mining.,CCC,http://www.peercoin.net,ppc jpy,6
PPC-KRW,Peercoin KRW,PPC,KRW,Peercoin (PPC) is a cryptocurrency. Users are able to generate PPC through the process of mining.,CCC,http://www.peercoin.net,ppc krw,0
PPC-RUB,Peercoin RUB,PPC,RUB,Peercoin (PPC) is a cryptocurrency. Users are able to generate PPC through the process of mining.,CCC,http://www.peercoin.net,ppc rub,2
PPC-USD,Peercoin USD,PPC,USD,Peercoin (PPC) is a cryptocurrency. Users are able to generate PPC through the process of mining.,CCC,http://www.peercoin.net,ppc usd,3
PPT-BTC,Populous BTC,PPT,BTC,Populous (PPT) is a cryptocurrency and operates on the Ethereum platform.,CCC,https://populous.world/,ppt btc,0
PPT-CAD,Populous CAD,PPT,CAD,Populous (PPT) is a cryptocurrency and operates on the Ethereum platform.,CCC,https://populous.world/,ppt cad,0
PPT-CNY,Populous CNY,PPT,CNY,Populous (PPT) is a cryptocurrency and operates on the Ethereum platform.,CCC,https://populous.world/,ppt cny,0
PPT-ETH,Populous ETH,PPT,ETH,Populous (PPT) is a cryptocurrency and operates on the Ethereum platform.,CCC,https://populous.world/,ppt eth,1
PPT-EUR,Populous EUR,PPT,EUR,Populous (PPT) is a cryptocurrency and operates on the Ethereum platform.,CCC,https://populous.world/,ppt eur,0
PPT-GBP,Populous GBP,PPT,GBP,Populous (PPT) is a cryptocurrency and operates on the Ethereum platform.,CCC,https://populous.world/,ppt gbp,5
PPT-JPY,Populous JPY,PPT,JPY,Populous (PPT) is a cryptocurrency and operates on the Ethereum platform.,CCC,https://populous.world/,ppt jpy,6
PPT-KRW,Populous KRW,PPT,KRW,Populous (PPT) is a cryptocurrency and operates on the Ethereum platform.,CCC,https://populous.world/,ppt krw,0
PPT-RUB,Populous RUB,PPT,RUB,Populous (PPT) is a cryptocurrency and operates on the Ethereum platform.,CCC,https://populous.world/,ppt rub,2
PPT-USD,Populous USD,PPT,USD,Populous (PPT) is a cryptocurrency and operates on the Ethereum platform.,CCC,https://populous.world/,ppt usd,3
PZM-CNY,PRIZM CNY,PZM,CNY,PRIZM (PZM) is a cryptocurrency.,CCC,https://pzm.space/en/,pzm cny,0
PZM-ETH,PRIZM ETH,PZM,ETH,PRIZM (PZM) is a cryptocurrency.,CCC,https://pzm.space/en/,pzm eth,1
PZM-EUR,PRIZM EUR,PZM,EUR,PRIZM (PZM) is a cryptocurrency.,CCC,https://pzm.space/en/,pzm eur,0
PZM-GBP,PRIZM GBP,PZM,GBP,PRIZM (PZM) is a cryptocurrency.,CCC,https://pzm.space/en/,pzm gbp,5
PZM-INR,PRIZM INR,PZM,INR,PRIZM (PZM) is a cryptocurrency.,CCC,https://pzm.space/en/,pzm inr,4
PZM-JPY,PRIZM JPY,PZM,JPY,PRIZM (PZM) is a cryptocurrency.,CCC,https://pzm.space/en/,pzm jpy,6
PZM-KRW,PRIZM KRW,PZM,KRW,PRIZM (PZM) is a cryptocurrency.,CCC,https://pzm.space/en/,pzm krw,0
PZM-RUB,PRIZM RUB,PZM,RUB,PRIZM (PZM) is a cryptocurrency.,CCC,https://pzm.space/en/,pzm rub,2
PZM-USD,PRIZM USD,PZM,USD,PRIZM (PZM) is a cryptocurrency.,CCC,https://pzm.space/en/,pzm usd,3
QASH-CAD,QASH CAD,QASH,CAD,QASH (QASH) is a cryptocurrency and operates on the Ethereum platform.,CCC,https://www.liquid.com/,qash cad,0
QASH-CNY,QASH CNY,QASH,CNY,QASH (QASH) is a cryptocurrency and operates on the Ethereum platform.,CCC,https://www.liquid.com/,qash cny,0
QASH-ETH,QASH ETH,QASH,ETH,QASH (QASH) is a cryptocurrency and operates on the Ethereum platform.,CCC,https://www.liquid.com/,qash eth,1
QASH-EUR,QASH EUR,QASH,EUR,QASH (QASH) is a cryptocurrency and operates on the Ethereum platform.,CCC,https://www.liquid.com/,qash eur,0
QASH-GBP,QASH GBP,QASH,GBP,QASH (QASH) is a cryptocurrency and operates on the Ethereum platform.,CCC,https://www.liquid.com/,qash gbp,5
QASH-INR,QASH INR,QASH,INR,QASH (QASH) is a cryptocurrency and operates on the Ethereum platform.,CCC,https://www.liquid.com/,qash inr,4
QASH-JPY,QASH JPY,QASH,JPY,QASH (QASH) is a cryptocurrency and operates on the Ethereum platform.,CCC,https://www.liquid.com/,qash jpy,6
QASH-KRW,QASH KRW,QASH,KRW,QASH (QASH) is a cryptocurrency and operates on the Ethereum platform.,CCC,https://www.liquid.com/,qash krw,0
QASH-RUB,QASH RUB,QASH,RUB,QASH (QASH) is a cryptocurrency and operates on the Ethereum platform.,CCC,https://www.liquid.com/,qash rub,2
QASH-USD,QASH USD,QASH,USD,QASH (QASH) is a cryptocurrency and operates on the Ethereum platform.,CCC,https://www.liquid.com/,qash usd,3
QRK-CAD,Quark CAD,QRK,CAD,Quark (QRK) is a cryptocurrency. Users are able to generate QRK through the process of mining.,CCC,http://www.qrknet.info/,qrk cad,0
QRK-CNY,Quark CNY,QRK,CNY,Quark (QRK) is a cryptocurrency. Users are able to generate QRK through the process of mining.,CCC,http://www.qrknet.info/,qrk cny,0
QRK-ETH,Quark ETH,QRK,ETH,Quark (QRK) is a cryptocurrency. Users are able to generate QRK through the process of mining.,CCC,http://www.qrknet.info/,qrk eth,1
QRK-EUR,Quark EUR,QRK,EUR,Quark (QRK) is a cryptocurrency. Users are able to generate QRK through the process of mining.,CCC,http://www.qrknet.info/,qrk eur,0
QRK-GBP,Quark GBP,QRK,GBP,Quark (QRK) is a cryptocurrency. Users are able to generate QRK through the process of mining.,CCC,http://www.qrknet.info/,qrk gbp,5
QRK-INR,Quark INR,QRK,INR,Quark (QRK) is a cryptocurrency. Users are able to generate QRK through the process of mining.,CCC,http://www.qrknet.info/,qrk inr,4
QRK-JPY,Quark JPY,QRK,JPY,Quark (QRK) is a cryptocurrency. Users are able to generate QRK through the process of mining.,CCC,http://www.qrknet.info/,qrk jpy,6
QRK-KRW,Quark KRW,QRK,KRW,Quark (QRK) is a cryptocurrency. Users are able to generate QRK through the process of mining.,CCC,http://www.qrknet.info/,qrk krw,0
QRK-RUB,Quark RUB,QRK,RUB,Quark (QRK) is a cryptocurrency. Users are able to generate QRK through the process of mining.,CCC,http://www.qrknet.info/,qrk rub,2
QRK-USD,Quark USD,QRK,USD,Quark (QRK) is a cryptocurrency. Users are able to generate QRK through the process of mining.,CCC,http://www.qrknet.info/,qrk usd,3
QRL-AUD,QuantumResistantLedger AUD,QRL,AUD,Quantum Resistant Ledger (QRL) is a cryptocurrency. Users are able to generate QRL through the process of mining.,CCC,https://theqrl.org/,qrl aud,0
QRL-BTC,QuantumResistantLedger BTC,QRL,BTC,Quantum Resistant Ledger (QRL) is a cryptocurrency. Users are able to generate QRL through the process of mining.,CCC,https://theqrl.org/,qrl btc,0
QRL-CAD,QuantumResistantLedger CAD,QRL,CAD,Quantum Resistant Ledger (QRL) is a cryptocurrency. Users are able to generate QRL through the process of mining.,CCC,https://theqrl.org/,qrl cad,0
QRL-CNY,QuantumResistantLedger CNY,QRL,CNY,Quantum Resistant Ledger (QRL) is a cryptocurrency. Users are able to generate QRL through the process of mining.,CCC,https://theqrl.org/,qrl cny,0
QRL-ETH,QuantumResistantLedger ETH,QRL,ETH,Quantum Resistant Ledger (QRL) is a cryptocurrency. Users are able to generate QRL through the process of mining.,CCC,https://theqrl.org/,qrl eth,1
QRL-EUR,QuantumResistantLedger EUR,QRL,EUR,Quantum Resistant Ledger (QRL) is a cryptocurrency. Users are able to generate QRL through the process of mining.,CCC,https://theqrl.org/,qrl eur,0
QRL-GBP,QuantumResistantLedger GBP,QRL,GBP,Quantum Resistant Ledger (QRL) is a cryptocurrency. Users are able to generate QRL through the process of mining.,CCC,https://theqrl.org/,qrl gbp,5
QRL-INR,QuantumResistantLedger INR,QRL,INR,Quantum Resistant Ledger (QRL) is a cryptocurrency. Users are able to generate QRL through the process of mining.,CCC,https://theqrl.org/,qrl inr,4
QRL-KRW,QuantumResistantLedger KRW,QRL,KRW,Quantum Resistant Ledger (QRL) is a cryptocurrency. Users are able to generate QRL through the process of mining.,CCC,https://theqrl.org/,qrl krw,0
QRL-RUB,QuantumResistantLedger RUB,QRL,RUB,Quantum Resistant Ledger (QRL) is a cryptocurrency. Users are able to generate QRL through the process of mining.,CCC,https://theqrl.org/,qrl rub,2
QRL-USD,QuantumResistantLedger USD,QRL,USD,Quantum Resistant Ledger (QRL) is a cryptocurrency. Users are able to generate QRL through the process of mining.,CCC,https://theqrl.org/,qrl usd,3
QTUM-AUD,Qtum AUD,QTUM,AUD,Qtum (QTUM) is a cryptocurrency.,CCC,https://qtum.org/,qtum aud,0
QTUM-INR,Qtum INR,QTUM,INR,Qtum (QTUM) is a cryptocurrency.,CCC,https://qtum.org/,qtum inr,4
QTUM-KRW,Qtum KRW,QTUM,KRW,Qtum (QTUM) is a cryptocurrency.,CCC,https://qtum.org/,qtum krw,0
QTUM-RUB,Qtum RUB,QTUM,RUB,Qtum (QTUM) is a cryptocurrency.,CCC,https://qtum.org/,qtum rub,2
QTUM-USD,Qtum USD,QTUM,USD,Qtum (QTUM) is a cryptocurrency.,CCC,https://qtum.org/,qtum usd,3
RBTC-BTC,RSKSmartBitcoin BTC,RBTC,BTC,RSK Smart Bitcoin (RBTC) is a cryptocurrency. Users are able to generate RBTC through the process of mining.,CCC,https://rsk.co,rbtc btc,0
RBTC-CAD,RSKSmartBitcoin CAD,RBTC,CAD,RSK Smart Bitcoin (RBTC) is a cryptocurrency. Users are able to generate RBTC through the process of mining.,CCC,https://rsk.co,rbtc cad,0
RBTC-CNY,RSKSmartBitcoin CNY,RBTC,CNY,RSK Smart Bitcoin (RBTC) is a cryptocurrency. Users are able to generate RBTC through the process of mining.,CCC,https://rsk.co,rbtc cny,0
RBTC-ETH,RSKSmartBitcoin ETH,RBTC,ETH,RSK Smart Bitcoin (RBTC) is a cryptocurrency. Users are able to generate RBTC through the process of mining.,CCC,https://rsk.co,rbtc eth,1
RBTC-EUR,RSKSmartBitcoin EUR,RBTC,EUR,RSK Smart Bitcoin (RBTC) is a cryptocurrency. Users are able to generate RBTC through the process of mining.,CCC,https://rsk.co,rbtc eur,0
RBTC-GBP,RSKSmartBitcoin GBP,RBTC,GBP,RSK Smart Bitcoin (RBTC) is a cryptocurrency. Users are able to generate RBTC through the process of mining.,CCC,https://rsk.co,rbtc gbp,5
RBTC-INR,RSKSmartBitcoin INR,RBTC,INR,RSK Smart Bitcoin (RBTC) is a cryptocurrency. Users are able to generate RBTC through the process of mining.,CCC,https://rsk.co,rbtc inr,4
RBTC-JPY,RSKSmartBitcoin JPY,RBTC,JPY,RSK Smart Bitcoin (RBTC) is a cryptocurrency. Users are able to generate RBTC through the process of mining.,CCC,https://rsk.co,rbtc jpy,6
RBTC-KRW,RSKSmartBitcoin KRW,RBTC,KRW,RSK Smart Bitcoin (RBTC) is a cryptocurrency. Users are able to generate RBTC through the process of mining.,CCC,https://rsk.co,rbtc krw,0
RBTC-RUB,RSKSmartBitcoin RUB,RBTC,RUB,RSK Smart Bitcoin (RBTC) is a cryptocurrency. Users are able to generate RBTC through the process of mining.,CCC,https://rsk.co,rbtc rub,2
RBTC-USD,RSKSmartBitcoin USD,RBTC,USD,RSK Smart Bitcoin (RBTC) is a cryptocurrency. Users are able to generate RBTC through the process of mining.,CCC,https://rsk.co,rbtc usd,3
RBY-CAD,Rubycoin CAD,RBY,CAD,Rubycoin (RBY) is a cryptocurrency.,CCC,http://www.rubycoin.org/,rby cad,0
RBY-CNY,Rubycoin CNY,RBY,CNY,Rubycoin (RBY) is a cryptocurrency.,CCC,http://www.rubycoin.org/,rby cny,0
RBY-ETH,Rubycoin ETH,RBY,ETH,Rubycoin (RBY) is a cryptocurrency.,CCC,http://www.rubycoin.org/,rby eth,1
RBY-EUR,Rubycoin EUR,RBY,EUR,Rubycoin (RBY) is a cryptocurrency.,CCC,http://www.rubycoin.org/,rby eur,0
RBY-GBP,Rubycoin GBP,RBY,GBP,Rubycoin (RBY) is a cryptocurrency.,CCC,http://www.rubycoin.org/,rby gbp,5
RBY-INR,Rubycoin INR,RBY,INR,Rubycoin (RBY) is a cryptocurrency.,CCC,http://www.rubycoin.org/,rby inr,4
RBY-JPY,Rubycoin JPY,RBY,JPY,Rubycoin (RBY) is a cryptocurrency.,CCC,http://www.rubycoin.org/,rby jpy,6
RBY-KRW,Rubycoin KRW,RBY,KRW,Rubycoin (RBY) is a cryptocurrency.,CCC,http://www.rubycoin.org/,rby krw,0
RBY-RUB,Rubycoin RUB,RBY,RUB,Rubycoin (RBY) is a cryptocurrency.,CCC,http://www.rubycoin.org/,rby rub,2
RBY-USD,Rubycoin USD,RBY,USD,Rubycoin (RBY) is a cryptocurrency.,CCC,http://www.rubycoin.org/,rby usd,3
RDD-AUD,ReddCoin AUD,RDD,AUD,ReddCoin (RDD) is a cryptocurrency.,CCC,http://www.reddcoin.com/,rdd aud,0
RDD-CAD,ReddCoin CAD,RDD,CAD,ReddCoin (RDD) is a cryptocurrency.,CCC,http://www.reddcoin.com/,rdd cad,0
RDD-CNY,ReddCoin CNY,RDD,CNY,ReddCoin (RDD) is a cryptocurrency.,CCC,http://www.reddcoin.com/,rdd cny,0
RDD-ETH,ReddCoin ETH,RDD,ETH,ReddCoin (RDD) is a cryptocurrency.,CCC,http://www.reddcoin.com/,rdd eth,1
RDD-EUR,ReddCoin EUR,RDD,EUR,ReddCoin (RDD) is a cryptocurrency.,CCC,http://www.reddcoin.com/,rdd eur,0
RDD-GBP,ReddCoin GBP,RDD,GBP,ReddCoin (RDD) is a cryptocurrency.,CCC,http://www.reddcoin.com/,rdd gbp,5
RDD-INR,ReddCoin INR,RDD,INR,ReddCoin (RDD) is a cryptocurrency.,CCC,http://www.reddcoin.com/,rdd inr,4
RDD-JPY,ReddCoin JPY,RDD,JPY,ReddCoin (RDD) is a cryptocurrency.,CCC,http://www.reddcoin.com/,rdd jpy,6
RDD-KRW,ReddCoin KRW,RDD,KRW,ReddCoin (RDD) is a cryptocurrency.,CCC,http://www.reddcoin.com/,rdd krw,0
RDD-RUB,ReddCoin RUB,RDD,RUB,ReddCoin (RDD) is a cryptocurrency.,CCC,http://www.reddcoin.com/,rdd rub,2
RDD-USD,ReddCoin USD,RDD,USD,ReddCoin (RDD) is a cryptocurrency.,CCC,http://www.reddcoin.com/,rdd usd,3
REP-BTC,Augur BTC,REP,BTC,Augur (REP) is a cryptocurrency and operates on the Ethereum platform.,CCC,http://www.augur.net/,rep btc,0
REP-CNY,Augur CNY,REP,CNY,Augur (REP) is a cryptocurrency and operates on the Ethereum platform.,CCC,http://www.augur.net/,rep cny,0
REP-ETH,Augur ETH,REP,ETH,Augur (REP) is a cryptocurrency and operates on the Ethereum platform.,CCC,http://www.augur.net/,rep eth,1
REP-EUR,Augur EUR,REP,EUR,Augur (REP) is a cryptocurrency and operates on the Ethereum platform.,CCC,http://www.augur.net/,rep eur,0
REP-GBP,Augur GBP,REP,GBP,Augur (REP) is a cryptocurrency and operates on the Ethereum platform.,CCC,http://www.augur.net/,rep gbp,5
REP-INR,Augur INR,REP,INR,Augur (REP) is a cryptocurrency and operates on the Ethereum platform.,CCC,http://www.augur.net/,rep inr,4
REP-JPY,Augur JPY,REP,JPY,Augur (REP) is a cryptocurrency and operates on the Ethereum platform.,CCC,http://www.augur.net/,rep jpy,6
REP-KRW,Augur KRW,REP,KRW,Augur (REP) is a cryptocurrency and operates on the Ethereum platform.,CCC,http://www.augur.net/,rep krw,0
REP-RUB,Augur RUB,REP,RUB,Augur (REP) is a cryptocurrency and operates on the Ethereum platform.,CCC,http://www.augur.net/,rep rub,2
REP-USD,Augur USD,REP,USD,Augur (REP) is a cryptocurrency and operates on the Ethereum platform.,CCC,http://www.augur.net/,rep usd,3
REV-CAD,RChain CAD,REV,CAD,RChain (REV) is a cryptocurrency.,CCC,https://www.rchain.coop/,rev cad,0
REV-CNY,RChain CNY,REV,CNY,RChain (REV) is a cryptocurrency.,CCC,https://www.rchain.coop/,rev cny,0
REV-ETH,RChain ETH,REV,ETH,RChain (REV) is a cryptocurrency.,CCC,https://www.rchain.coop/,rev eth,1
REV-EUR,RChain EUR,REV,EUR,RChain (REV) is a cryptocurrency.,CCC,https://www.rchain.coop/,rev eur,0
REV-GBP,RChain GBP,REV,GBP,RChain (REV) is a cryptocurrency.,CCC,https://www.rchain.coop/,rev gbp,5
REV-INR,RChain INR,REV,INR,RChain (REV) is a cryptocurrency.,CCC,https://www.rchain.coop/,rev inr,4
REV-JPY,RChain JPY,REV,JPY,RChain (REV) is a cryptocurrency.,CCC,https://www.rchain.coop/,rev jpy,6
REV-KRW,RChain KRW,REV,KRW,RChain (REV) is a cryptocurrency.,CCC,https://www.rchain.coop/,rev krw,0
REV-RUB,RChain RUB,REV,RUB,RChain (REV) is a cryptocurrency.,CCC,https://www.rchain.coop/,rev rub,2
REV-USD,RChain USD,REV,USD,RChain (REV) is a cryptocurrency.,CCC,https://www.rchain.coop/,rev usd,3
RINGX-CAD,RINGXPLATFORM CAD,RINGX,CAD,RING X PLATFORM (RINGX) is a cryptocurrency.,CCC,http://ringx.io/,ringx cad,0
RINGX-CNY,RINGXPLATFORM CNY,RINGX,CNY,RING X PLATFORM (RINGX) is a cryptocurrency.,CCC,http://ringx.io/,ringx cny,0
RINGX-ETH,RINGXPLATFORM ETH,RINGX,ETH,RING X PLATFORM (RINGX) is a cryptocurrency.,CCC,http://ringx.io/,ringx eth,1
RINGX-EUR,RINGXPLATFORM EUR,RINGX,EUR,RING X PLATFORM (RINGX) is a cryptocurrency.,CCC,http://ringx.io/,ringx eur,0
RINGX-GBP,RINGXPLATFORM GBP,RINGX,GBP,RING X PLATFORM (RINGX) is a cryptocurrency.,CCC,http://ringx.io/,ringx gbp,5
RINGX-INR,RINGXPLATFORM INR,RINGX,INR,RING X PLATFORM (RINGX) is a cryptocurrency.,CCC,http://ringx.io/,ringx inr,4
RINGX-JPY,RINGXPLATFORM JPY,RINGX,JPY,RING X PLATFORM (RINGX) is a cryptocurrency.,CCC,http://ringx.io/,ringx jpy,6
RINGX-KRW,RINGXPLATFORM KRW,RINGX,KRW,RING X PLATFORM (RINGX) is a cryptocurrency.,CCC,http://ringx.io/,ringx krw,0
RINGX-RUB,RINGXPLATFORM RUB,RINGX,RUB,RING X PLATFORM (RINGX) is a cryptocurrency.,CCC,http://ringx.io/,ringx rub,2
RINGX-USD,RINGXPLATFORM USD,RINGX,USD,RING X PLATFORM (RINGX) is a cryptocurrency.,CCC,http://ringx.io/,ringx usd,3
RLC-BTC,iExecRLC BTC,RLC,BTC,iExec RLC (RLC) is a cryptocurrency and operates on the Ethereum platform.,CCC,https://iex.ec/,rlc btc,0
RLC-CAD,iExecRLC CAD,RLC,CAD,iExec RLC (RLC) is a cryptocurrency and operates on the Ethereum platform.,CCC,https://iex.ec/,rlc cad,0
RLC-ETH,iExecRLC ETH,RLC,ETH,iExec RLC (RLC) is a cryptocurrency and operates on the Ethereum platform.,CCC,https://iex.ec/,rlc eth,1
RLC-EUR,iExecRLC EUR,RLC,EUR,iExec RLC (RLC) is a cryptocurrency and operates on the Ethereum platform.,CCC,https://iex.ec/,rlc eur,0
RLC-GBP,iExecRLC GBP,RLC,GBP,iExec RLC (RLC) is a cryptocurrency and operates on the Ethereum platform.,CCC,https://iex.ec/,rlc gbp,5
RLC-INR,iExecRLC INR,RLC,INR,iExec RLC (RLC) is a cryptocurrency and operates on the Ethereum platform.,CCC,https://iex.ec/,rlc inr,4
RLC-JPY,iExecRLC JPY,RLC,JPY,iExec RLC (RLC) is a cryptocurrency and operates on the Ethereum platform.,CCC,https://iex.ec/,rlc jpy,6
RLC-KRW,iExecRLC KRW,RLC,KRW,iExec RLC (RLC) is a cryptocurrency and operates on the Ethereum platform.,CCC,https://iex.ec/,rlc krw,0
RLC-RUB,iExecRLC RUB,RLC,RUB,iExec RLC (RLC) is a cryptocurrency and operates on the Ethereum platform.,CCC,https://iex.ec/,rlc rub,2
RLC-USD,iExecRLC USD,RLC,USD,iExec RLC (RLC) is a cryptocurrency and operates on the Ethereum platform.,CCC,https://iex.ec/,rlc usd,3
RSTR-CAD,Ondori CAD,RSTR,CAD,Ondori (RSTR) is a cryptocurrency. Users are able to generate RSTR through the process of mining.,CCC,https://rstr.io/,rstr cad,0
RSTR-CNY,Ondori CNY,RSTR,CNY,Ondori (RSTR) is a cryptocurrency. Users are able to generate RSTR through the process of mining.,CCC,https://rstr.io/,rstr cny,0
RSTR-ETH,Ondori ETH,RSTR,ETH,Ondori (RSTR) is a cryptocurrency. Users are able to generate RSTR through the process of mining.,CCC,https://rstr.io/,rstr eth,1
RSTR-EUR,Ondori EUR,RSTR,EUR,Ondori (RSTR) is a cryptocurrency. Users are able to generate RSTR through the process of mining.,CCC,https://rstr.io/,rstr eur,0
RSTR-GBP,Ondori GBP,RSTR,GBP,Ondori (RSTR) is a cryptocurrency. Users are able to generate RSTR through the process of mining.,CCC,https://rstr.io/,rstr gbp,5
RSTR-INR,Ondori INR,RSTR,INR,Ondori (RSTR) is a cryptocurrency. Users are able to generate RSTR through the process of mining.,CCC,https://rstr.io/,rstr inr,4
RSTR-JPY,Ondori JPY,RSTR,JPY,Ondori (RSTR) is a cryptocurrency. Users are able to generate RSTR through the process of mining.,CCC,https://rstr.io/,rstr jpy,6
RSTR-KRW,Ondori KRW,RSTR,KRW,Ondori (RSTR) is a cryptocurrency. Users are able to generate RSTR through the process of mining.,CCC,https://rstr.io/,rstr krw,0
RSTR-RUB,Ondori RUB,RSTR,RUB,Ondori (RSTR) is a cryptocurrency. Users are able to generate RSTR through the process of mining.,CCC,https://rstr.io/,rstr rub,2
RSTR-USD,Ondori USD,RSTR,USD,Ondori (RSTR) is a cryptocurrency. Users are able to generate RSTR through the process of mining.,CCC,https://rstr.io/,rstr usd,3
RVN-CAD,Ravencoin CAD,RVN,CAD,Ravencoin (RVN) is a cryptocurrency. Users are able to generate RVN through the process of mining.,CCC,https://ravencoin.org/,rvn cad,0
RVN-CNY,Ravencoin CNY,RVN,CNY,Ravencoin (RVN) is a cryptocurrency. Users are able to generate RVN through the process of mining.,CCC,https://ravencoin.org/,rvn cny,0
RVN-ETH,Ravencoin ETH,RVN,ETH,Ravencoin (RVN) is a cryptocurrency. Users are able to generate RVN through the process of mining.,CCC,https://ravencoin.org/,rvn eth,1
RVN-EUR,Ravencoin EUR,RVN,EUR,Ravencoin (RVN) is a cryptocurrency. Users are able to generate RVN through the process of mining.,CCC,https://ravencoin.org/,rvn eur,0
RVN-GBP,Ravencoin GBP,RVN,GBP,Ravencoin (RVN) is a cryptocurrency. Users are able to generate RVN through the process of mining.,CCC,https://ravencoin.org/,rvn gbp,5
RVN-INR,Ravencoin INR,RVN,INR,Ravencoin (RVN) is a cryptocurrency. Users are able to generate RVN through the process of mining.,CCC,https://ravencoin.org/,rvn inr,4
RVN-JPY,Ravencoin JPY,RVN,JPY,Ravencoin (RVN) is a cryptocurrency. Users are able to generate RVN through the process of mining.,CCC,https://ravencoin.org/,rvn jpy,6
RVN-KRW,Ravencoin KRW,RVN,KRW,Ravencoin (RVN) is a cryptocurrency. Users are able to generate RVN through the process of mining.,CCC,https://ravencoin.org/,rvn krw,0
RVN-RUB,Ravencoin RUB,RVN,RUB,Ravencoin (RVN) is a cryptocurrency. Users are able to generate RVN through the process of mining.,CCC,https://ravencoin.org/,rvn rub,2
RVN-USD,Ravencoin USD,RVN,USD,Ravencoin (RVN) is a cryptocurrency. Users are able to generate RVN through the process of mining.,CCC,https://ravencoin.org/,rvn usd,3
SALT-USD,SALT USD,SALT,USD,SALT (SALT) is a cryptocurrency and operates on the Ethereum platform.,CCC,https://www.saltlending.com/,salt usd,3
SAPP-USD,Sapphire USD,SAPP,USD,Sapphire (SAPP) is a cryptocurrency.,CCC,https://sappcoin.com/,sapp usd,3
SBD-BTC,SteemDollars BTC,SBD,BTC,Steem Dollars (SBD) is a cryptocurrency.,CCC,https://steem.io/,sbd btc,0
SBD-CAD,SteemDollars CAD,SBD,CAD,Steem Dollars (SBD) is a cryptocurrency.,CCC,https://steem.io/,sbd cad,0
SBD-CNY,SteemDollars CNY,SBD,CNY,Steem Dollars (SBD) is a cryptocurrency.,CCC,https://steem.io/,sbd cny,0
SBD-ETH,SteemDollars ETH,SBD,ETH,Steem Dollars (SBD) is a cryptocurrency.,CCC,https://steem.io/,sbd eth,1
SBD-EUR,SteemDollars EUR,SBD,EUR,Steem Dollars (SBD) is a cryptocurrency.,CCC,https://steem.io/,sbd eur,0
SBD-GBP,SteemDollars GBP,SBD,GBP,Steem Dollars (SBD) is a cryptocurrency.,CCC,https://steem.io/,sbd gbp,5
SBD-INR,SteemDollars INR,SBD,INR,Steem Dollars (SBD) is a cryptocurrency.,CCC,https://steem.io/,sbd inr,4
SBD-JPY,SteemDollars JPY,SBD,JPY,Steem Dollars (SBD) is a cryptocurrency.,CCC,https://steem.io/,sbd jpy,6
SBD-KRW,SteemDollars KRW,SBD,KRW,Steem Dollars (SBD) is a cryptocurrency.,CCC,https://steem.io/,sbd krw,0
SBD-RUB,SteemDollars RUB,SBD,RUB,Steem Dollars (SBD) is a cryptocurrency.,CCC,https://steem.io/,sbd rub,2
SBD-USD,SteemDollars USD,SBD,USD,Steem Dollars (SBD) is a cryptocurrency.,CCC,https://steem.io/,sbd usd,3
SC-BTC,Siacoin BTC,SC,BTC,Siacoin (SC) is a cryptocurrency. Users are able to generate SC through the process of mining.,CCC,https://sia.tech/,sc btc,0
SC-CAD,Siacoin CAD,SC,CAD,Siacoin (SC) is a cryptocurrency. Users are able to generate SC through the process of mining.,CCC,https://sia.tech/,sc cad,0
SC-CNY,Siacoin CNY,SC,CNY,Siacoin (SC) is a cryptocurrency. Users are able to generate SC through the process of mining.,CCC,https://sia.tech/,sc cny,0
SC-ETH,Siacoin ETH,SC,ETH,Siacoin (SC) is a cryptocurrency. Users are able to generate SC through the process of mining.,CCC,https://sia.tech/,sc eth,1
SC-EUR,Siacoin EUR,SC,EUR,Siacoin (SC) is a cryptocurrency. Users are able to generate SC through the process of mining.,CCC,https://sia.tech/,sc eur,0
SC-GBP,Siacoin GBP,SC,GBP,Siacoin (SC) is a cryptocurrency. Users are able to generate SC through the process of mining.,CCC,https://sia.tech/,sc gbp,5
SC-INR,Siacoin INR,SC,INR,Siacoin (SC) is a cryptocurrency. Users are able to generate SC through the process of mining.,CCC,https://sia.tech/,sc inr,4
SC-JPY,Siacoin JPY,SC,JPY,Siacoin (SC) is a cryptocurrency. Users are able to generate SC through the process of mining.,CCC,https://sia.tech/,sc jpy,6
SC-RUB,Siacoin RUB,SC,RUB,Siacoin (SC) is a cryptocurrency. Users are able to generate SC through the process of mining.,CCC,https://sia.tech/,sc rub,2
SC-USD,Siacoin USD,SC,USD,Siacoin (SC) is a cryptocurrency. Users are able to generate SC through the process of mining.,CCC,https://sia.tech/,sc usd,3
SCC3-CAD,StakeCubeCoin CAD,SCC3,CAD,StakeCubeCoin (SCC) is a cryptocurrency. Users are able to generate SCC through the process of mining.,CCC,https://stakecube.net,scc cad,0
SCC3-CNY,StakeCubeCoin CNY,SCC3,CNY,StakeCubeCoin (SCC) is a cryptocurrency. Users are able to generate SCC through the process of mining.,CCC,https://stakecube.net,scc cny,0
SCC3-ETH,StakeCubeCoin ETH,SCC3,ETH,StakeCubeCoin (SCC) is a cryptocurrency. Users are able to generate SCC through the process of mining.,CCC,https://stakecube.net,scc eth,1
SCC3-EUR,StakeCubeCoin EUR,SCC3,EUR,StakeCubeCoin (SCC) is a cryptocurrency. Users are able to generate SCC through the process of mining.,CCC,https://stakecube.net,scc eur,0
SCC3-GBP,StakeCubeCoin GBP,SCC3,GBP,StakeCubeCoin (SCC) is a cryptocurrency. Users are able to generate SCC through the process of mining.,CCC,https://stakecube.net,scc gbp,5
SCC3-INR,StakeCubeCoin INR,SCC3,INR,StakeCubeCoin (SCC) is a cryptocurrency. Users are able to generate SCC through the process of mining.,CCC,https://stakecube.net,scc inr,4
SCC3-JPY,StakeCubeCoin JPY,SCC3,JPY,StakeCubeCoin (SCC) is a cryptocurrency. Users are able to generate SCC through the process of mining.,CCC,https://stakecube.net,scc jpy,6
SCC3-KRW,StakeCubeCoin KRW,SCC3,KRW,StakeCubeCoin (SCC) is a cryptocurrency. Users are able to generate SCC through the process of mining.,CCC,https://stakecube.net,scc krw,0
SCC3-RUB,StakeCubeCoin RUB,SCC3,RUB,StakeCubeCoin (SCC) is a cryptocurrency. Users are able to generate SCC through the process of mining.,CCC,https://stakecube.net,scc rub,2
SCC3-USD,StakeCubeCoin USD,SCC3,USD,StakeCubeCoin (SCC) is a cryptocurrency. Users are able to generate SCC through the process of mining.,CCC,https://stakecube.net,scc usd,3
SCP-CAD,ScPrime CAD,SCP,CAD,ScPrime (SCP) is a cryptocurrency. Users are able to generate SCP through the process of mining.,CCC,https://scpri.me,scp cad,0
SCP-CNY,ScPrime CNY,SCP,CNY,ScPrime (SCP) is a cryptocurrency. Users are able to generate SCP through the process of mining.,CCC,https://scpri.me,scp cny,0
SCP-ETH,ScPrime ETH,SCP,ETH,ScPrime (SCP) is a cryptocurrency. Users are able to generate SCP through the process of mining.,CCC,https://scpri.me,scp eth,1
SCP-EUR,ScPrime EUR,SCP,EUR,ScPrime (SCP) is a cryptocurrency. Users are able to generate SCP through the process of mining.,CCC,https://scpri.me,scp eur,0
SCP-GBP,ScPrime GBP,SCP,GBP,ScPrime (SCP) is a cryptocurrency. Users are able to generate SCP through the process of mining.,CCC,https://scpri.me,scp gbp,5
SCP-INR,ScPrime INR,SCP,INR,ScPrime (SCP) is a cryptocurrency. Users are able to generate SCP through the process of mining.,CCC,https://scpri.me,scp inr,4
SCP-JPY,ScPrime JPY,SCP,JPY,ScPrime (SCP) is a cryptocurrency. Users are able to generate SCP through the process of mining.,CCC,https://scpri.me,scp jpy,6
SCP-KRW,ScPrime KRW,SCP,KRW,ScPrime (SCP) is a cryptocurrency. Users are able to generate SCP through the process of mining.,CCC,https://scpri.me,scp krw,0
SCP-RUB,ScPrime RUB,SCP,RUB,ScPrime (SCP) is a cryptocurrency. Users are able to generate SCP through the process of mining.,CCC,https://scpri.me,scp rub,2
SCP-USD,ScPrime USD,SCP,USD,ScPrime (SCP) is a cryptocurrency. Users are able to generate SCP through the process of mining.,CCC,https://scpri.me,scp usd,3
SERO-CAD,SuperZero CAD,SERO,CAD,Super Zero Protocol (SERO) is a cryptocurrency.,CCC,https://sero.cash/,sero cad,0
SERO-CNY,SuperZero CNY,SERO,CNY,Super Zero Protocol (SERO) is a cryptocurrency.,CCC,https://sero.cash/,sero cny,0
SERO-ETH,SuperZero ETH,SERO,ETH,Super Zero Protocol (SERO) is a cryptocurrency.,CCC,https://sero.cash/,sero eth,1
SERO-EUR,SuperZero EUR,SERO,EUR,Super Zero Protocol (SERO) is a cryptocurrency.,CCC,https://sero.cash/,sero eur,0
SERO-GBP,SuperZero GBP,SERO,GBP,Super Zero Protocol (SERO) is a cryptocurrency.,CCC,https://sero.cash/,sero gbp,5
SERO-INR,SuperZero INR,SERO,INR,Super Zero Protocol (SERO) is a cryptocurrency.,CCC,https://sero.cash/,sero inr,4
SERO-JPY,SuperZero JPY,SERO,JPY,Super Zero Protocol (SERO) is a cryptocurrency.,CCC,https://sero.cash/,sero jpy,6
SERO-KRW,SuperZero KRW,SERO,KRW,Super Zero Protocol (SERO) is a cryptocurrency.,CCC,https://sero.cash/,sero krw,0
SERO-RUB,SuperZero RUB,SERO,RUB,Super Zero Protocol (SERO) is a cryptocurrency.,CCC,https://sero.cash/,sero rub,2
SERO-USD,SuperZero USD,SERO,USD,Super Zero Protocol (SERO) is a cryptocurrency.,CCC,https://sero.cash/,sero usd,3
SFT-CAD,SafexToken CAD,SFT,CAD,Safex Token (SFT) is a cryptocurrency.,CCC,http://safex.org,sft cad,0
SFT-CNY,SafexToken CNY,SFT,CNY,Safex Token (SFT) is a cryptocurrency.,CCC,http://safex.org,sft cny,0
SFT-ETH,SafexToken ETH,SFT,ETH,Safex Token (SFT) is a cryptocurrency.,CCC,http://safex.org,sft eth,1
SFT-EUR,SafexToken EUR,SFT,EUR,Safex Token (SFT) is a cryptocurrency.,CCC,http://safex.org,sft eur,0
SFT-GBP,SafexToken GBP,SFT,GBP,Safex Token (SFT) is a cryptocurrency.,CCC,http://safex.org,sft gbp,5
SFT-INR,SafexToken INR,SFT,INR,Safex Token (SFT) is a cryptocurrency.,CCC,http://safex.org,sft inr,4
SFT-JPY,SafexToken JPY,SFT,JPY,Safex Token (SFT) is a cryptocurrency.,CCC,http://safex.org,sft jpy,6
SFT-KRW,SafexToken KRW,SFT,KRW,Safex Token (SFT) is a cryptocurrency.,CCC,http://safex.org,sft krw,0
SFT-RUB,SafexToken RUB,SFT,RUB,Safex Token (SFT) is a cryptocurrency.,CCC,http://safex.org,sft rub,2
SFT-USD,SafexToken USD,SFT,USD,Safex Token (SFT) is a cryptocurrency.,CCC,http://safex.org,sft usd,3
SKY-CAD,Skycoin CAD,SKY,CAD,Skycoin (SKY) is a cryptocurrency.,CCC,https://www.skycoin.com/,sky cad,0
SKY-CNY,Skycoin CNY,SKY,CNY,Skycoin (SKY) is a cryptocurrency.,CCC,https://www.skycoin.com/,sky cny,0
SKY-ETH,Skycoin ETH,SKY,ETH,Skycoin (SKY) is a cryptocurrency.,CCC,https://www.skycoin.com/,sky eth,1
SKY-EUR,Skycoin EUR,SKY,EUR,Skycoin (SKY) is a cryptocurrency.,CCC,https://www.skycoin.com/,sky eur,0
SKY-GBP,Skycoin GBP,SKY,GBP,Skycoin (SKY) is a cryptocurrency.,CCC,https://www.skycoin.com/,sky gbp,5
SKY-INR,Skycoin INR,SKY,INR,Skycoin (SKY) is a cryptocurrency.,CCC,https://www.skycoin.com/,sky inr,4
SKY-JPY,Skycoin JPY,SKY,JPY,Skycoin (SKY) is a cryptocurrency.,CCC,https://www.skycoin.com/,sky jpy,6
SKY-KRW,Skycoin KRW,SKY,KRW,Skycoin (SKY) is a cryptocurrency.,CCC,https://www.skycoin.com/,sky krw,0
SKY-RUB,Skycoin RUB,SKY,RUB,Skycoin (SKY) is a cryptocurrency.,CCC,https://www.skycoin.com/,sky rub,2
SKY-USD,Skycoin USD,SKY,USD,Skycoin (SKY) is a cryptocurrency.,CCC,https://www.skycoin.com/,sky usd,3
SLS-CAD,SaluS CAD,SLS,CAD,SaluS (SLS) is a cryptocurrency.,CCC,http://saluscoin.info/,sls cad,0
SLS-CNY,SaluS CNY,SLS,CNY,SaluS (SLS) is a cryptocurrency.,CCC,http://saluscoin.info/,sls cny,0
SLS-ETH,SaluS ETH,SLS,ETH,SaluS (SLS) is a cryptocurrency.,CCC,http://saluscoin.info/,sls eth,1
SLS-EUR,SaluS EUR,SLS,EUR,SaluS (SLS) is a cryptocurrency.,CCC,http://saluscoin.info/,sls eur,0
SLS-GBP,SaluS GBP,SLS,GBP,SaluS (SLS) is a cryptocurrency.,CCC,http://saluscoin.info/,sls gbp,5
SLS-INR,SaluS INR,SLS,INR,SaluS (SLS) is a cryptocurrency.,CCC,http://saluscoin.info/,sls inr,4
SLS-JPY,SaluS JPY,SLS,JPY,SaluS (SLS) is a cryptocurrency.,CCC,http://saluscoin.info/,sls jpy,6
SLS-KRW,SaluS KRW,SLS,KRW,SaluS (SLS) is a cryptocurrency.,CCC,http://saluscoin.info/,sls krw,0
SLS-RUB,SaluS RUB,SLS,RUB,SaluS (SLS) is a cryptocurrency.,CCC,http://saluscoin.info/,sls rub,2
SLS-USD,SaluS USD,SLS,USD,SaluS (SLS) is a cryptocurrency.,CCC,http://saluscoin.info/,sls usd,3
SMART-BTC,SmartCash BTC,SMART,BTC,SmartCash (SMART) is a cryptocurrency. Users are able to generate SMART through the process of mining.,CCC,https://smartcash.cc/,smart btc,0
SMART-CNY,SmartCash CNY,SMART,CNY,SmartCash (SMART) is a cryptocurrency. Users are able to generate SMART through the process of mining.,CCC,https://smartcash.cc/,smart cny,0
SMART-ETH,SmartCash ETH,SMART,ETH,SmartCash (SMART) is a cryptocurrency. Users are able to generate SMART through the process of mining.,CCC,https://smartcash.cc/,smart eth,1
SMART-EUR,SmartCash EUR,SMART,EUR,SmartCash (SMART) is a cryptocurrency. Users are able to generate SMART through the process of mining.,CCC,https://smartcash.cc/,smart eur,0
SMART-GBP,SmartCash GBP,SMART,GBP,SmartCash (SMART) is a cryptocurrency. Users are able to generate SMART through the process of mining.,CCC,https://smartcash.cc/,smart gbp,5
SMART-INR,SmartCash INR,SMART,INR,SmartCash (SMART) is a cryptocurrency. Users are able to generate SMART through the process of mining.,CCC,https://smartcash.cc/,smart inr,4
SMART-JPY,SmartCash JPY,SMART,JPY,SmartCash (SMART) is a cryptocurrency. Users are able to generate SMART through the process of mining.,CCC,https://smartcash.cc/,smart jpy,6
SMART-KRW,SmartCash KRW,SMART,KRW,SmartCash (SMART) is a cryptocurrency. Users are able to generate SMART through the process of mining.,CCC,https://smartcash.cc/,smart krw,0
SMART-RUB,SmartCash RUB,SMART,RUB,SmartCash (SMART) is a cryptocurrency. Users are able to generate SMART through the process of mining.,CCC,https://smartcash.cc/,smart rub,2
SMART-USD,SmartCash USD,SMART,USD,SmartCash (SMART) is a cryptocurrency. Users are able to generate SMART through the process of mining.,CCC,https://smartcash.cc/,smart usd,3
SNGLS-AUD,SingularDTV AUD,SNGLS,AUD,SingularDTV (SNGLS) is a cryptocurrency and operates on the Ethereum platform.,CCC,https://breaker.io,sngls aud,0
SNGLS-BTC,SingularDTV BTC,SNGLS,BTC,SingularDTV (SNGLS) is a cryptocurrency and operates on the Ethereum platform.,CCC,https://breaker.io,sngls btc,0
SNGLS-CAD,SingularDTV CAD,SNGLS,CAD,SingularDTV (SNGLS) is a cryptocurrency and operates on the Ethereum platform.,CCC,https://breaker.io,sngls cad,0
SNGLS-ETH,SingularDTV ETH,SNGLS,ETH,SingularDTV (SNGLS) is a cryptocurrency and operates on the Ethereum platform.,CCC,https://breaker.io,sngls eth,1
SNGLS-EUR,SingularDTV EUR,SNGLS,EUR,SingularDTV (SNGLS) is a cryptocurrency and operates on the Ethereum platform.,CCC,https://breaker.io,sngls eur,0
SNGLS-INR,SingularDTV INR,SNGLS,INR,SingularDTV (SNGLS) is a cryptocurrency and operates on the Ethereum platform.,CCC,https://breaker.io,sngls inr,4
SNGLS-JPY,SingularDTV JPY,SNGLS,JPY,SingularDTV (SNGLS) is a cryptocurrency and operates on the Ethereum platform.,CCC,https://breaker.io,sngls jpy,6
SNGLS-KRW,SingularDTV KRW,SNGLS,KRW,SingularDTV (SNGLS) is a cryptocurrency and operates on the Ethereum platform.,CCC,https://breaker.io,sngls krw,0
SNGLS-RUB,SingularDTV RUB,SNGLS,RUB,SingularDTV (SNGLS) is a cryptocurrency and operates on the Ethereum platform.,CCC,https://breaker.io,sngls rub,2
SNGLS-USD,SingularDTV USD,SNGLS,USD,SingularDTV (SNGLS) is a cryptocurrency and operates on the Ethereum platform.,CCC,https://breaker.io,sngls usd,3
SNM-ETH,SONM ETH,SNM,ETH,SONM (SNM) is a cryptocurrency and operates on the Ethereum platform.,CCC,https://sonm.com/,snm eth,1
SNM-EUR,SONM EUR,SNM,EUR,SONM (SNM) is a cryptocurrency and operates on the Ethereum platform.,CCC,https://sonm.com/,snm eur,0
SNM-GBP,SONM GBP,SNM,GBP,SONM (SNM) is a cryptocurrency and operates on the Ethereum platform.,CCC,https://sonm.com/,snm gbp,5
SNM-INR,SONM INR,SNM,INR,SONM (SNM) is a cryptocurrency and operates on the Ethereum platform.,CCC,https://sonm.com/,snm inr,4
SNM-JPY,SONM JPY,SNM,JPY,SONM (SNM) is a cryptocurrency and operates on the Ethereum platform.,CCC,https://sonm.com/,snm jpy,6
SNM-KRW,SONM KRW,SNM,KRW,SONM (SNM) is a cryptocurrency and operates on the Ethereum platform.,CCC,https://sonm.com/,snm krw,0
SNM-USD,SONM USD,SNM,USD,SONM (SNM) is a cryptocurrency and operates on the Ethereum platform.,CCC,https://sonm.com/,snm usd,3
SNT-CNY,Status CNY,SNT,CNY,Status (SNT) is a cryptocurrency and operates on the Ethereum platform.,CCC,http://status.im/,snt cny,0
SNT-ETH,Status ETH,SNT,ETH,Status (SNT) is a cryptocurrency and operates on the Ethereum platform.,CCC,http://status.im/,snt eth,1
SNT-EUR,Status EUR,SNT,EUR,Status (SNT) is a cryptocurrency and operates on the Ethereum platform.,CCC,http://status.im/,snt eur,0
SNT-GBP,Status GBP,SNT,GBP,Status (SNT) is a cryptocurrency and operates on the Ethereum platform.,CCC,http://status.im/,snt gbp,5
SNT-INR,Status INR,SNT,INR,Status (SNT) is a cryptocurrency and operates on the Ethereum platform.,CCC,http://status.im/,snt inr,4
SNT-JPY,Status JPY,SNT,JPY,Status (SNT) is a cryptocurrency and operates on the Ethereum platform.,CCC,http://status.im/,snt jpy,6
SNT-KRW,Status KRW,SNT,KRW,Status (SNT) is a cryptocurrency and operates on the Ethereum platform.,CCC,http://status.im/,snt krw,0
SNT-RUB,Status RUB,SNT,RUB,Status (SNT) is a cryptocurrency and operates on the Ethereum platform.,CCC,http://status.im/,snt rub,2
SNT-USD,Status USD,SNT,USD,Status (SNT) is a cryptocurrency and operates on the Ethereum platform.,CCC,http://status.im/,snt usd,3
SNX-AUD,SynthetixNetworkToken AUD,SNX,AUD,Synthetix (SNX) is a cryptocurrency and operates on the Ethereum platform.,CCC,https://www.synthetix.io/,snx aud,0
SNX-BTC,SynthetixNetworkToken BTC,SNX,BTC,Synthetix (SNX) is a cryptocurrency and operates on the Ethereum platform.,CCC,https://www.synthetix.io/,snx btc,0
SNX-CAD,SynthetixNetworkToken CAD,SNX,CAD,Synthetix (SNX) is a cryptocurrency and operates on the Ethereum platform.,CCC,https://www.synthetix.io/,snx cad,0
SNX-CNY,SynthetixNetworkToken CNY,SNX,CNY,Synthetix (SNX) is a cryptocurrency and operates on the Ethereum platform.,CCC,https://www.synthetix.io/,snx cny,0
SNX-ETH,SynthetixNetworkToken ETH,SNX,ETH,Synthetix (SNX) is a cryptocurrency and operates on the Ethereum platform.,CCC,https://www.synthetix.io/,snx eth,1
SNX-EUR,SynthetixNetworkToken EUR,SNX,EUR,Synthetix (SNX) is a cryptocurrency and operates on the Ethereum platform.,CCC,https://www.synthetix.io/,snx eur,0
SNX-GBP,SynthetixNetworkToken GBP,SNX,GBP,Synthetix (SNX) is a cryptocurrency and operates on the Ethereum platform.,CCC,https://www.synthetix.io/,snx gbp,5
SNX-INR,SynthetixNetworkToken INR,SNX,INR,Synthetix (SNX) is a cryptocurrency and operates on the Ethereum platform.,CCC,https://www.synthetix.io/,snx inr,4
SNX-JPY,SynthetixNetworkToken JPY,SNX,JPY,Synthetix (SNX) is a cryptocurrency and operates on the Ethereum platform.,CCC,https://www.synthetix.io/,snx jpy,6
SNX-KRW,SynthetixNetworkToken KRW,SNX,KRW,Synthetix (SNX) is a cryptocurrency and operates on the Ethereum platform.,CCC,https://www.synthetix.io/,snx krw,0
SNX-RUB,SynthetixNetworkToken RUB,SNX,RUB,Synthetix (SNX) is a cryptocurrency and operates on the Ethereum platform.,CCC,https://www.synthetix.io/,snx rub,2
SNX-USD,SynthetixNetworkToken USD,SNX,USD,Synthetix (SNX) is a cryptocurrency and operates on the Ethereum platform.,CCC,https://www.synthetix.io/,snx usd,3
SOL1-CAD,Solana CAD,SOL1,CAD,Solana (SOL) is a cryptocurrency.,CCC,https://solana.com,sol cad,0
SOL1-CNY,Solana CNY,SOL1,CNY,Solana (SOL) is a cryptocurrency.,CCC,https://solana.com,sol cny,0
SOL1-ETH,Solana ETH,SOL1,ETH,Solana (SOL) is a cryptocurrency.,CCC,https://solana.com,sol eth,1
SOL1-EUR,Solana EUR,SOL1,EUR,Solana (SOL) is a cryptocurrency.,CCC,https://solana.com,sol eur,0
SOL1-GBP,Solana GBP,SOL1,GBP,Solana (SOL) is a cryptocurrency.,CCC,https://solana.com,sol gbp,5
SOL1-INR,Solana INR,SOL1,INR,Solana (SOL) is a cryptocurrency.,CCC,https://solana.com,sol inr,4
SOL1-JPY,Solana JPY,SOL1,JPY,Solana (SOL) is a cryptocurrency.,CCC,https://solana.com,sol jpy,6
SOL1-KRW,Solana KRW,SOL1,KRW,Solana (SOL) is a cryptocurrency.,CCC,https://solana.com,sol krw,0
SOL1-RUB,Solana RUB,SOL1,RUB,Solana (SOL) is a cryptocurrency.,CCC,https://solana.com,sol rub,2
SOL1-USD,Solana USD,SOL1,USD,Solana (SOL) is a cryptocurrency.,CCC,https://solana.com,sol usd,3
SONO1-CAD,SonoCoin CAD,SONO1,CAD,SonoCoin (SONO) is a cryptocurrency launched in 2017.,CCC,https://sonocoin.io,sono cad,0
SONO1-CNY,SonoCoin CNY,SONO1,CNY,SonoCoin (SONO) is a cryptocurrency launched in 2017.,CCC,https://sonocoin.io,sono cny,0
SONO1-ETH,SonoCoin ETH,SONO1,ETH,SonoCoin (SONO) is a cryptocurrency launched in 2017.,CCC,https://sonocoin.io,sono eth,1
SONO1-EUR,SonoCoin EUR,SONO1,EUR,SonoCoin (SONO) is a cryptocurrency launched in 2017.,CCC,https://sonocoin.io,sono eur,0
SONO1-GBP,SonoCoin GBP,SONO1,GBP,SonoCoin (SONO) is a cryptocurrency launched in 2017.,CCC,https://sonocoin.io,sono gbp,5
SONO1-INR,SonoCoin INR,SONO1,INR,SonoCoin (SONO) is a cryptocurrency launched in 2017.,CCC,https://sonocoin.io,sono inr,4
SONO1-JPY,SonoCoin JPY,SONO1,JPY,SonoCoin (SONO) is a cryptocurrency launched in 2017.,CCC,https://sonocoin.io,sono jpy,6
SONO1-KRW,SonoCoin KRW,SONO1,KRW,SonoCoin (SONO) is a cryptocurrency launched in 2017.,CCC,https://sonocoin.io,sono krw,0
SONO1-RUB,SonoCoin RUB,SONO1,RUB,SonoCoin (SONO) is a cryptocurrency launched in 2017.,CCC,https://sonocoin.io,sono rub,2
SONO1-USD,SonoCoin USD,SONO1,USD,SonoCoin (SONO) is a cryptocurrency launched in 2017.,CCC,https://sonocoin.io,sono usd,3
SPHR-ETH,Sphere ETH,SPHR,ETH,Sphere (SPHR) is a cryptocurrency.,CCC,https://sphrpay.io/,sphr eth,1
SPHR-EUR,Sphere EUR,SPHR,EUR,Sphere (SPHR) is a cryptocurrency.,CCC,https://sphrpay.io/,sphr eur,0
SPHR-GBP,Sphere GBP,SPHR,GBP,Sphere (SPHR) is a cryptocurrency.,CCC,https://sphrpay.io/,sphr gbp,5
SPHR-INR,Sphere INR,SPHR,INR,Sphere (SPHR) is a cryptocurrency.,CCC,https://sphrpay.io/,sphr inr,4
SPHR-JPY,Sphere JPY,SPHR,JPY,Sphere (SPHR) is a cryptocurrency.,CCC,https://sphrpay.io/,sphr jpy,6
SPHR-KRW,Sphere KRW,SPHR,KRW,Sphere (SPHR) is a cryptocurrency.,CCC,https://sphrpay.io/,sphr krw,0
SPHR-RUB,Sphere RUB,SPHR,RUB,Sphere (SPHR) is a cryptocurrency.,CCC,https://sphrpay.io/,sphr rub,2
SPHR-USD,Sphere USD,SPHR,USD,Sphere (SPHR) is a cryptocurrency.,CCC,https://sphrpay.io/,sphr usd,3
SRK-CAD,Sparkpoint CAD,SRK,CAD,SparkPoint (SRK) is a cryptocurrency and operates on the Ethereum platform.,CCC,https://sparkpoint.io,srk cad,0
SRK-CNY,Sparkpoint CNY,SRK,CNY,SparkPoint (SRK) is a cryptocurrency and operates on the Ethereum platform.,CCC,https://sparkpoint.io,srk cny,0
SRK-ETH,Sparkpoint ETH,SRK,ETH,SparkPoint (SRK) is a cryptocurrency and operates on the Ethereum platform.,CCC,https://sparkpoint.io,srk eth,1
SRK-EUR,Sparkpoint EUR,SRK,EUR,SparkPoint (SRK) is a cryptocurrency and operates on the Ethereum platform.,CCC,https://sparkpoint.io,srk eur,0
SRK-GBP,Sparkpoint GBP,SRK,GBP,SparkPoint (SRK) is a cryptocurrency and operates on the Ethereum platform.,CCC,https://sparkpoint.io,srk gbp,5
SRK-INR,Sparkpoint INR,SRK,INR,SparkPoint (SRK) is a cryptocurrency and operates on the Ethereum platform.,CCC,https://sparkpoint.io,srk inr,4
SRK-JPY,Sparkpoint JPY,SRK,JPY,SparkPoint (SRK) is a cryptocurrency and operates on the Ethereum platform.,CCC,https://sparkpoint.io,srk jpy,6
SRK-KRW,Sparkpoint KRW,SRK,KRW,SparkPoint (SRK) is a cryptocurrency and operates on the Ethereum platform.,CCC,https://sparkpoint.io,srk krw,0
SRK-RUB,Sparkpoint RUB,SRK,RUB,SparkPoint (SRK) is a cryptocurrency and operates on the Ethereum platform.,CCC,https://sparkpoint.io,srk rub,2
SRK-USD,Sparkpoint USD,SRK,USD,SparkPoint (SRK) is a cryptocurrency and operates on the Ethereum platform.,CCC,https://sparkpoint.io,srk usd,3
SRM-CNY,Serum CNY,SRM,CNY,Serum (SRM) is a cryptocurrency.,CCC,https://projectserum.com/,srm cny,0
SRM-ETH,Serum ETH,SRM,ETH,Serum (SRM) is a cryptocurrency.,CCC,https://projectserum.com/,srm eth,1
SRM-EUR,Serum EUR,SRM,EUR,Serum (SRM) is a cryptocurrency.,CCC,https://projectserum.com/,srm eur,0
SRM-GBP,Serum GBP,SRM,GBP,Serum (SRM) is a cryptocurrency.,CCC,https://projectserum.com/,srm gbp,5
SRM-INR,Serum INR,SRM,INR,Serum (SRM) is a cryptocurrency.,CCC,https://projectserum.com/,srm inr,4
SRM-JPY,Serum JPY,SRM,JPY,Serum (SRM) is a cryptocurrency.,CCC,https://projectserum.com/,srm jpy,6
SRM-KRW,Serum KRW,SRM,KRW,Serum (SRM) is a cryptocurrency.,CCC,https://projectserum.com/,srm krw,0
SRM-RUB,Serum RUB,SRM,RUB,Serum (SRM) is a cryptocurrency.,CCC,https://projectserum.com/,srm rub,2
SRM-USD,Serum USD,SRM,USD,Serum (SRM) is a cryptocurrency.,CCC,https://projectserum.com/,srm usd,3
STEEM-AUD,Steem AUD,STEEM,AUD,Steem (STEEM) is a cryptocurrency.,CCC,https://steem.com/,steem aud,0
STEEM-BTC,Steem BTC,STEEM,BTC,Steem (STEEM) is a cryptocurrency.,CCC,https://steem.com/,steem btc,0
STEEM-CNY,Steem CNY,STEEM,CNY,Steem (STEEM) is a cryptocurrency.,CCC,https://steem.com/,steem cny,0
STEEM-ETH,Steem ETH,STEEM,ETH,Steem (STEEM) is a cryptocurrency.,CCC,https://steem.com/,steem eth,1
STEEM-EUR,Steem EUR,STEEM,EUR,Steem (STEEM) is a cryptocurrency.,CCC,https://steem.com/,steem eur,0
STEEM-GBP,Steem GBP,STEEM,GBP,Steem (STEEM) is a cryptocurrency.,CCC,https://steem.com/,steem gbp,5
STEEM-INR,Steem INR,STEEM,INR,Steem (STEEM) is a cryptocurrency.,CCC,https://steem.com/,steem inr,4
STEEM-JPY,Steem JPY,STEEM,JPY,Steem (STEEM) is a cryptocurrency.,CCC,https://steem.com/,steem jpy,6
STEEM-KRW,Steem KRW,STEEM,KRW,Steem (STEEM) is a cryptocurrency.,CCC,https://steem.com/,steem krw,0
STEEM-USD,Steem USD,STEEM,USD,Steem (STEEM) is a cryptocurrency.,CCC,https://steem.com/,steem usd,3
STORJ-AUD,Storj AUD,STORJ,AUD,Storj (STORJ) is a cryptocurrency and operates on the Ethereum platform.,CCC,https://storj.io/,storj aud,0
STORJ-CAD,Storj CAD,STORJ,CAD,Storj (STORJ) is a cryptocurrency and operates on the Ethereum platform.,CCC,https://storj.io/,storj cad,0
STORJ-CNY,Storj CNY,STORJ,CNY,Storj (STORJ) is a cryptocurrency and operates on the Ethereum platform.,CCC,https://storj.io/,storj cny,0
STORJ-ETH,Storj ETH,STORJ,ETH,Storj (STORJ) is a cryptocurrency and operates on the Ethereum platform.,CCC,https://storj.io/,storj eth,1
STORJ-EUR,Storj EUR,STORJ,EUR,Storj (STORJ) is a cryptocurrency and operates on the Ethereum platform.,CCC,https://storj.io/,storj eur,0
STORJ-GBP,Storj GBP,STORJ,GBP,Storj (STORJ) is a cryptocurrency and operates on the Ethereum platform.,CCC,https://storj.io/,storj gbp,5
STORJ-INR,Storj INR,STORJ,INR,Storj (STORJ) is a cryptocurrency and operates on the Ethereum platform.,CCC,https://storj.io/,storj inr,4
STORJ-JPY,Storj JPY,STORJ,JPY,Storj (STORJ) is a cryptocurrency and operates on the Ethereum platform.,CCC,https://storj.io/,storj jpy,6
STORJ-KRW,Storj KRW,STORJ,KRW,Storj (STORJ) is a cryptocurrency and operates on the Ethereum platform.,CCC,https://storj.io/,storj krw,0
STORJ-USD,Storj USD,STORJ,USD,Storj (STORJ) is a cryptocurrency and operates on the Ethereum platform.,CCC,https://storj.io/,storj usd,3
STRAX-CAD,Stratis CAD,STRAX,CAD,Stratis (STRAX) is a cryptocurrency launched in 2020.,CCC,http://stratisplatform.com/,strax cad,0
STRAX-CNY,Stratis CNY,STRAX,CNY,Stratis (STRAX) is a cryptocurrency launched in 2020.,CCC,http://stratisplatform.com/,strax cny,0
STRAX-ETH,Stratis ETH,STRAX,ETH,Stratis (STRAX) is a cryptocurrency launched in 2020.,CCC,http://stratisplatform.com/,strax eth,1
STRAX-EUR,Stratis EUR,STRAX,EUR,Stratis (STRAX) is a cryptocurrency launched in 2020.,CCC,http://stratisplatform.com/,strax eur,0
STRAX-GBP,Stratis GBP,STRAX,GBP,Stratis (STRAX) is a cryptocurrency launched in 2020.,CCC,http://stratisplatform.com/,strax gbp,5
STRAX-INR,Stratis INR,STRAX,INR,Stratis (STRAX) is a cryptocurrency launched in 2020.,CCC,http://stratisplatform.com/,strax inr,4
STRAX-JPY,Stratis JPY,STRAX,JPY,Stratis (STRAX) is a cryptocurrency launched in 2020.,CCC,http://stratisplatform.com/,strax jpy,6
STRAX-KRW,Stratis KRW,STRAX,KRW,Stratis (STRAX) is a cryptocurrency launched in 2020.,CCC,http://stratisplatform.com/,strax krw,0
STRAX-RUB,Stratis RUB,STRAX,RUB,Stratis (STRAX) is a cryptocurrency launched in 2020.,CCC,http://stratisplatform.com/,strax rub,2
STRAX-USD,Stratis USD,STRAX,USD,Stratis (STRAX) is a cryptocurrency launched in 2020.,CCC,http://stratisplatform.com/,strax usd,3
STX1-CAD,Stacks CAD,STX1,CAD,Stacks (STX) is a cryptocurrency.,CCC,https://stacks.co,stx cad,0
STX1-CNY,Stacks CNY,STX1,CNY,Stacks (STX) is a cryptocurrency.,CCC,https://stacks.co,stx cny,0
STX1-ETH,Stacks ETH,STX1,ETH,Stacks (STX) is a cryptocurrency.,CCC,https://stacks.co,stx eth,1
STX1-EUR,Stacks EUR,STX1,EUR,Stacks (STX) is a cryptocurrency.,CCC,https://stacks.co,stx eur,0
STX1-GBP,Stacks GBP,STX1,GBP,Stacks (STX) is a cryptocurrency.,CCC,https://stacks.co,stx gbp,5
STX1-INR,Stacks INR,STX1,INR,Stacks (STX) is a cryptocurrency.,CCC,https://stacks.co,stx inr,4
STX1-JPY,Stacks JPY,STX1,JPY,Stacks (STX) is a cryptocurrency.,CCC,https://stacks.co,stx jpy,6
STX1-KRW,Stacks KRW,STX1,KRW,Stacks (STX) is a cryptocurrency.,CCC,https://stacks.co,stx krw,0
STX1-RUB,Stacks RUB,STX1,RUB,Stacks (STX) is a cryptocurrency.,CCC,https://stacks.co,stx rub,2
STX1-USD,Stacks USD,STX1,USD,Stacks (STX) is a cryptocurrency.,CCC,https://stacks.co,stx usd,3
SUB-AUD,Substratum AUD,SUB,AUD,Substratum (SUB) is a cryptocurrency and operates on the Ethereum platform.,CCC,https://substratum.net/,sub aud,0
SUB-BTC,Substratum BTC,SUB,BTC,Substratum (SUB) is a cryptocurrency and operates on the Ethereum platform.,CCC,https://substratum.net/,sub btc,0
SUB-CAD,Substratum CAD,SUB,CAD,Substratum (SUB) is a cryptocurrency and operates on the Ethereum platform.,CCC,https://substratum.net/,sub cad,0
SUB-ETH,Substratum ETH,SUB,ETH,Substratum (SUB) is a cryptocurrency and operates on the Ethereum platform.,CCC,https://substratum.net/,sub eth,1
SUB-EUR,Substratum EUR,SUB,EUR,Substratum (SUB) is a cryptocurrency and operates on the Ethereum platform.,CCC,https://substratum.net/,sub eur,0
SUB-GBP,Substratum GBP,SUB,GBP,Substratum (SUB) is a cryptocurrency and operates on the Ethereum platform.,CCC,https://substratum.net/,sub gbp,5
SUB-INR,Substratum INR,SUB,INR,Substratum (SUB) is a cryptocurrency and operates on the Ethereum platform.,CCC,https://substratum.net/,sub inr,4
SUB-JPY,Substratum JPY,SUB,JPY,Substratum (SUB) is a cryptocurrency and operates on the Ethereum platform.,CCC,https://substratum.net/,sub jpy,6
SUB-RUB,Substratum RUB,SUB,RUB,Substratum (SUB) is a cryptocurrency and operates on the Ethereum platform.,CCC,https://substratum.net/,sub rub,2
SUB-USD,Substratum USD,SUB,USD,Substratum (SUB) is a cryptocurrency and operates on the Ethereum platform.,CCC,https://substratum.net/,sub usd,3
SUSHI-JPY,Sushi JPY,SUSHI,JPY,SushiSwap (SUSHI) is a cryptocurrency and operates on the Ethereum platform.,CCC,https://sushiswap.org/,sushi jpy,6
SUSHI-KRW,Sushi KRW,SUSHI,KRW,SushiSwap (SUSHI) is a cryptocurrency and operates on the Ethereum platform.,CCC,https://sushiswap.org/,sushi krw,0
SUSHI-RUB,Sushi RUB,SUSHI,RUB,SushiSwap (SUSHI) is a cryptocurrency and operates on the Ethereum platform.,CCC,https://sushiswap.org/,sushi rub,2
SUSHI-USD,Sushi USD,SUSHI,USD,SushiSwap (SUSHI) is a cryptocurrency and operates on the Ethereum platform.,CCC,https://sushiswap.org/,sushi usd,3
SYS-BTC,Syscoin BTC,SYS,BTC,Syscoin (SYS) is a cryptocurrency. Users are able to generate SYS through the process of mining.,CCC,http://syscoin.org,sys btc,0
SYS-CAD,Syscoin CAD,SYS,CAD,Syscoin (SYS) is a cryptocurrency. Users are able to generate SYS through the process of mining.,CCC,http://syscoin.org,sys cad,0
SYS-CNY,Syscoin CNY,SYS,CNY,Syscoin (SYS) is a cryptocurrency. Users are able to generate SYS through the process of mining.,CCC,http://syscoin.org,sys cny,0
SYS-ETH,Syscoin ETH,SYS,ETH,Syscoin (SYS) is a cryptocurrency. Users are able to generate SYS through the process of mining.,CCC,http://syscoin.org,sys eth,1
SYS-EUR,Syscoin EUR,SYS,EUR,Syscoin (SYS) is a cryptocurrency. Users are able to generate SYS through the process of mining.,CCC,http://syscoin.org,sys eur,0
SYS-GBP,Syscoin GBP,SYS,GBP,Syscoin (SYS) is a cryptocurrency. Users are able to generate SYS through the process of mining.,CCC,http://syscoin.org,sys gbp,5
SYS-INR,Syscoin INR,SYS,INR,Syscoin (SYS) is a cryptocurrency. Users are able to generate SYS through the process of mining.,CCC,http://syscoin.org,sys inr,4
SYS-KRW,Syscoin KRW,SYS,KRW,Syscoin (SYS) is a cryptocurrency. Users are able to generate SYS through the process of mining.,CCC,http://syscoin.org,sys krw,0
SYS-RUB,Syscoin RUB,SYS,RUB,Syscoin (SYS) is a cryptocurrency. Users are able to generate SYS through the process of mining.,CCC,http://syscoin.org,sys rub,2
SYS-USD,Syscoin USD,SYS,USD,Syscoin (SYS) is a cryptocurrency. Users are able to generate SYS through the process of mining.,CCC,http://syscoin.org,sys usd,3
TAAS-BTC,TaaS BTC,TAAS,BTC,TaaS (TAAS) is a cryptocurrency token and operates on the Ethereum platform.,CCC,https://taas.fund/,taas btc,0
TAAS-CAD,TaaS CAD,TAAS,CAD,TaaS (TAAS) is a cryptocurrency token and operates on the Ethereum platform.,CCC,https://taas.fund/,taas cad,0
TAAS-CNY,TaaS CNY,TAAS,CNY,TaaS (TAAS) is a cryptocurrency token and operates on the Ethereum platform.,CCC,https://taas.fund/,taas cny,0
TAAS-ETH,TaaS ETH,TAAS,ETH,TaaS (TAAS) is a cryptocurrency token and operates on the Ethereum platform.,CCC,https://taas.fund/,taas eth,1
TAAS-EUR,TaaS EUR,TAAS,EUR,TaaS (TAAS) is a cryptocurrency token and operates on the Ethereum platform.,CCC,https://taas.fund/,taas eur,0
TAAS-GBP,TaaS GBP,TAAS,GBP,TaaS (TAAS) is a cryptocurrency token and operates on the Ethereum platform.,CCC,https://taas.fund/,taas gbp,5
TAAS-INR,TaaS INR,TAAS,INR,TaaS (TAAS) is a cryptocurrency token and operates on the Ethereum platform.,CCC,https://taas.fund/,taas inr,4
TAAS-KRW,TaaS KRW,TAAS,KRW,TaaS (TAAS) is a cryptocurrency token and operates on the Ethereum platform.,CCC,https://taas.fund/,taas krw,0
TAAS-RUB,TaaS RUB,TAAS,RUB,TaaS (TAAS) is a cryptocurrency token and operates on the Ethereum platform.,CCC,https://taas.fund/,taas rub,2
TFUEL-CAD,ThetaFuel CAD,TFUEL,CAD,Theta Fuel (TFUEL) is a cryptocurrency.,CCC,https://www.thetatoken.org,tfuel cad,0
TFUEL-CNY,ThetaFuel CNY,TFUEL,CNY,Theta Fuel (TFUEL) is a cryptocurrency.,CCC,https://www.thetatoken.org,tfuel cny,0
TFUEL-ETH,ThetaFuel ETH,TFUEL,ETH,Theta Fuel (TFUEL) is a cryptocurrency.,CCC,https://www.thetatoken.org,tfuel eth,1
TFUEL-EUR,ThetaFuel EUR,TFUEL,EUR,Theta Fuel (TFUEL) is a cryptocurrency.,CCC,https://www.thetatoken.org,tfuel eur,0
TFUEL-GBP,ThetaFuel GBP,TFUEL,GBP,Theta Fuel (TFUEL) is a cryptocurrency.,CCC,https://www.thetatoken.org,tfuel gbp,5
TFUEL-INR,ThetaFuel INR,TFUEL,INR,Theta Fuel (TFUEL) is a cryptocurrency.,CCC,https://www.thetatoken.org,tfuel inr,4
TFUEL-JPY,ThetaFuel JPY,TFUEL,JPY,Theta Fuel (TFUEL) is a cryptocurrency.,CCC,https://www.thetatoken.org,tfuel jpy,6
TFUEL-KRW,ThetaFuel KRW,TFUEL,KRW,Theta Fuel (TFUEL) is a cryptocurrency.,CCC,https://www.thetatoken.org,tfuel krw,0
TFUEL-RUB,ThetaFuel RUB,TFUEL,RUB,Theta Fuel (TFUEL) is a cryptocurrency.,CCC,https://www.thetatoken.org,tfuel rub,2
TFUEL-USD,ThetaFuel USD,TFUEL,USD,Theta Fuel (TFUEL) is a cryptocurrency.,CCC,https://www.thetatoken.org,tfuel usd,3
TOMO-CAD,TomoChain CAD,TOMO,CAD,TomoChain (TOMO) is a cryptocurrency.,CCC,https://tomochain.com/,tomo cad,0
TOMO-CNY,TomoChain CNY,TOMO,CNY,TomoChain (TOMO) is a cryptocurrency.,CCC,https://tomochain.com/,tomo cny,0
TOMO-ETH,TomoChain ETH,TOMO,ETH,TomoChain (TOMO) is a cryptocurrency.,CCC,https://tomochain.com/,tomo eth,1
TOMO-EUR,TomoChain EUR,TOMO,EUR,TomoChain (TOMO) is a cryptocurrency.,CCC,https://tomochain.com/,tomo eur,0
TOMO-GBP,TomoChain GBP,TOMO,GBP,TomoChain (TOMO) is a cryptocurrency.,CCC,https://tomochain.com/,tomo gbp,5
TOMO-INR,TomoChain INR,TOMO,INR,TomoChain (TOMO) is a cryptocurrency.,CCC,https://tomochain.com/,tomo inr,4
TOMO-JPY,TomoChain JPY,TOMO,JPY,TomoChain (TOMO) is a cryptocurrency.,CCC,https://tomochain.com/,tomo jpy,6
TOMO-KRW,TomoChain KRW,TOMO,KRW,TomoChain (TOMO) is a cryptocurrency.,CCC,https://tomochain.com/,tomo krw,0
TOMO-RUB,TomoChain RUB,TOMO,RUB,TomoChain (TOMO) is a cryptocurrency.,CCC,https://tomochain.com/,tomo rub,2
TOMO-USD,TomoChain USD,TOMO,USD,TomoChain (TOMO) is a cryptocurrency.,CCC,https://tomochain.com/,tomo usd,3
TRUE-CAD,TrueChain CAD,TRUE,CAD,TrueChain (TRUE) is a cryptocurrency.,CCC,http://www.truechain.pro,true cad,0
TRUE-CNY,TrueChain CNY,TRUE,CNY,TrueChain (TRUE) is a cryptocurrency.,CCC,http://www.truechain.pro,true cny,0
TRUE-ETH,TrueChain ETH,TRUE,ETH,TrueChain (TRUE) is a cryptocurrency.,CCC,http://www.truechain.pro,true eth,1
TRUE-EUR,TrueChain EUR,TRUE,EUR,TrueChain (TRUE) is a cryptocurrency.,CCC,http://www.truechain.pro,true eur,0
TRUE-GBP,TrueChain GBP,TRUE,GBP,TrueChain (TRUE) is a cryptocurrency.,CCC,http://www.truechain.pro,true gbp,5
TRUE-INR,TrueChain INR,TRUE,INR,TrueChain (TRUE) is a cryptocurrency.,CCC,http://www.truechain.pro,true inr,4
TRUE-JPY,TrueChain JPY,TRUE,JPY,TrueChain (TRUE) is a cryptocurrency.,CCC,http://www.truechain.pro,true jpy,6
TRUE-KRW,TrueChain KRW,TRUE,KRW,TrueChain (TRUE) is a cryptocurrency.,CCC,http://www.truechain.pro,true krw,0
TRUE-RUB,TrueChain RUB,TRUE,RUB,TrueChain (TRUE) is a cryptocurrency.,CCC,http://www.truechain.pro,true rub,2
TRUE-USD,TrueChain USD,TRUE,USD,TrueChain (TRUE) is a cryptocurrency.,CCC,http://www.truechain.pro,true usd,3
TRX-ETH,TRON ETH,TRX,ETH,TRON (TRX) is a cryptocurrency.,CCC,https://tron.network/,trx eth,1
TRX-USD,TRON USD,TRX,USD,TRON (TRX) is a cryptocurrency.,CCC,https://tron.network/,trx usd,3
TT-CAD,ThunderToken CAD,TT,CAD,Thunder Token (TT) is a cryptocurrency.,CCC,https://www.thundercore.com,tt cad,0
TT-CNY,ThunderToken CNY,TT,CNY,Thunder Token (TT) is a cryptocurrency.,CCC,https://www.thundercore.com,tt cny,0
TT-ETH,ThunderToken ETH,TT,ETH,Thunder Token (TT) is a cryptocurrency.,CCC,https://www.thundercore.com,tt eth,1
TT-EUR,ThunderToken EUR,TT,EUR,Thunder Token (TT) is a cryptocurrency.,CCC,https://www.thundercore.com,tt eur,0
TT-GBP,ThunderToken GBP,TT,GBP,Thunder Token (TT) is a cryptocurrency.,CCC,https://www.thundercore.com,tt gbp,5
TT-INR,ThunderToken INR,TT,INR,Thunder Token (TT) is a cryptocurrency.,CCC,https://www.thundercore.com,tt inr,4
TT-JPY,ThunderToken JPY,TT,JPY,Thunder Token (TT) is a cryptocurrency.,CCC,https://www.thundercore.com,tt jpy,6
TT-KRW,ThunderToken KRW,TT,KRW,Thunder Token (TT) is a cryptocurrency.,CCC,https://www.thundercore.com,tt krw,0
TT-RUB,ThunderToken RUB,TT,RUB,Thunder Token (TT) is a cryptocurrency.,CCC,https://www.thundercore.com,tt rub,2
TT-USD,ThunderToken USD,TT,USD,Thunder Token (TT) is a cryptocurrency.,CCC,https://www.thundercore.com,tt usd,3
TUBE-CAD,BitTube CAD,TUBE,CAD,BitTube (TUBE) is a cryptocurrency. Users are able to generate TUBE through the process of mining.,CCC,https://BitTube.cash,tube cad,0
TUBE-CNY,BitTube CNY,TUBE,CNY,BitTube (TUBE) is a cryptocurrency. Users are able to generate TUBE through the process of mining.,CCC,https://BitTube.cash,tube cny,0
TUBE-ETH,BitTube ETH,TUBE,ETH,BitTube (TUBE) is a cryptocurrency. Users are able to generate TUBE through the process of mining.,CCC,https://BitTube.cash,tube eth,1
TUBE-EUR,BitTube EUR,TUBE,EUR,BitTube (TUBE) is a cryptocurrency. Users are able to generate TUBE through the process of mining.,CCC,https://BitTube.cash,tube eur,0
TUBE-GBP,BitTube GBP,TUBE,GBP,BitTube (TUBE) is a cryptocurrency. Users are able to generate TUBE through the process of mining.,CCC,https://BitTube.cash,tube gbp,5
TUBE-INR,BitTube INR,TUBE,INR,BitTube (TUBE) is a cryptocurrency. Users are able to generate TUBE through the process of mining.,CCC,https://BitTube.cash,tube inr,4
TUBE-JPY,BitTube JPY,TUBE,JPY,BitTube (TUBE) is a cryptocurrency. Users are able to generate TUBE through the process of mining.,CCC,https://BitTube.cash,tube jpy,6
TUBE-KRW,BitTube KRW,TUBE,KRW,BitTube (TUBE) is a cryptocurrency. Users are able to generate TUBE through the process of mining.,CCC,https://BitTube.cash,tube krw,0
TUBE-RUB,BitTube RUB,TUBE,RUB,BitTube (TUBE) is a cryptocurrency. Users are able to generate TUBE through the process of mining.,CCC,https://BitTube.cash,tube rub,2
TUBE-USD,BitTube USD,TUBE,USD,BitTube (TUBE) is a cryptocurrency. Users are able to generate TUBE through the process of mining.,CCC,https://BitTube.cash,tube usd,3
TUSD-CAD,TrueUSD CAD,TUSD,CAD,TrueUSD (TUSD) is a cryptocurrency and operates on the Binance Chain platform.,CCC,https://www.trueusd.com/,tusd cad,0
TUSD-CNY,TrueUSD CNY,TUSD,CNY,TrueUSD (TUSD) is a cryptocurrency and operates on the Binance Chain platform.,CCC,https://www.trueusd.com/,tusd cny,0
TUSD-ETH,TrueUSD ETH,TUSD,ETH,TrueUSD (TUSD) is a cryptocurrency and operates on the Binance Chain platform.,CCC,https://www.trueusd.com/,tusd eth,1
TUSD-EUR,TrueUSD EUR,TUSD,EUR,TrueUSD (TUSD) is a cryptocurrency and operates on the Binance Chain platform.,CCC,https://www.trueusd.com/,tusd eur,0
TUSD-GBP,TrueUSD GBP,TUSD,GBP,TrueUSD (TUSD) is a cryptocurrency and operates on the Binance Chain platform.,CCC,https://www.trueusd.com/,tusd gbp,5
TUSD-INR,TrueUSD INR,TUSD,INR,TrueUSD (TUSD) is a cryptocurrency and operates on the Binance Chain platform.,CCC,https://www.trueusd.com/,tusd inr,4
TUSD-JPY,TrueUSD JPY,TUSD,JPY,TrueUSD (TUSD) is a cryptocurrency and operates on the Binance Chain platform.,CCC,https://www.trueusd.com/,tusd jpy,6
TUSD-KRW,TrueUSD KRW,TUSD,KRW,TrueUSD (TUSD) is a cryptocurrency and operates on the Binance Chain platform.,CCC,https://www.trueusd.com/,tusd krw,0
TUSD-RUB,TrueUSD RUB,TUSD,RUB,TrueUSD (TUSD) is a cryptocurrency and operates on the Binance Chain platform.,CCC,https://www.trueusd.com/,tusd rub,2
TUSD-USD,TrueUSD USD,TUSD,USD,TrueUSD (TUSD) is a cryptocurrency and operates on the Binance Chain platform.,CCC,https://www.trueusd.com/,tusd usd,3
TWT-CAD,TrustWalletToken CAD,TWT,CAD,Trust Wallet Token (TWT) is a cryptocurrency and operates on the Binance Chain platform.,CCC,https://trustwallet.com/,twt cad,0
TWT-CNY,TrustWalletToken CNY,TWT,CNY,Trust Wallet Token (TWT) is a cryptocurrency and operates on the Binance Chain platform.,CCC,https://trustwallet.com/,twt cny,0
TWT-ETH,TrustWalletToken ETH,TWT,ETH,Trust Wallet Token (TWT) is a cryptocurrency and operates on the Binance Chain platform.,CCC,https://trustwallet.com/,twt eth,1
TWT-EUR,TrustWalletToken EUR,TWT,EUR,Trust Wallet Token (TWT) is a cryptocurrency and operates on the Binance Chain platform.,CCC,https://trustwallet.com/,twt eur,0
TWT-GBP,TrustWalletToken GBP,TWT,GBP,Trust Wallet Token (TWT) is a cryptocurrency and operates on the Binance Chain platform.,CCC,https://trustwallet.com/,twt gbp,5
TWT-INR,TrustWalletToken INR,TWT,INR,Trust Wallet Token (TWT) is a cryptocurrency and operates on the Binance Chain platform.,CCC,https://trustwallet.com/,twt inr,4
TWT-JPY,TrustWalletToken JPY,TWT,JPY,Trust Wallet Token (TWT) is a cryptocurrency and operates on the Binance Chain platform.,CCC,https://trustwallet.com/,twt jpy,6
TWT-KRW,TrustWalletToken KRW,TWT,KRW,Trust Wallet Token (TWT) is a cryptocurrency and operates on the Binance Chain platform.,CCC,https://trustwallet.com/,twt krw,0
TWT-RUB,TrustWalletToken RUB,TWT,RUB,Trust Wallet Token (TWT) is a cryptocurrency and operates on the Binance Chain platform.,CCC,https://trustwallet.com/,twt rub,2
TWT-USD,TrustWalletToken USD,TWT,USD,Trust Wallet Token (TWT) is a cryptocurrency and operates on the Binance Chain platform.,CCC,https://trustwallet.com/,twt usd,3
UNI3-CAD,Uniswap CAD,UNI3,CAD,Uniswap (UNI) is a cryptocurrency and operates on the Ethereum platform.,CCC,https://uniswap.org/blog/uni/,uni cad,0
UNI3-CNY,Uniswap CNY,UNI3,CNY,Uniswap (UNI) is a cryptocurrency and operates on the Ethereum platform.,CCC,https://uniswap.org/blog/uni/,uni cny,0
UNI3-ETH,Uniswap ETH,UNI3,ETH,Uniswap (UNI) is a cryptocurrency and operates on the Ethereum platform.,CCC,https://uniswap.org/blog/uni/,uni eth,1
UNI3-EUR,Uniswap EUR,UNI3,EUR,Uniswap (UNI) is a cryptocurrency and operates on the Ethereum platform.,CCC,https://uniswap.org/blog/uni/,uni eur,0
UNI3-GBP,Uniswap GBP,UNI3,GBP,Uniswap (UNI) is a cryptocurrency and operates on the Ethereum platform.,CCC,https://uniswap.org/blog/uni/,uni gbp,5
UNI3-INR,Uniswap INR,UNI3,INR,Uniswap (UNI) is a cryptocurrency and operates on the Ethereum platform.,CCC,https://uniswap.org/blog/uni/,uni inr,4
UNI3-JPY,Uniswap JPY,UNI3,JPY,Uniswap (UNI) is a cryptocurrency and operates on the Ethereum platform.,CCC,https://uniswap.org/blog/uni/,uni jpy,6
UNI3-KRW,Uniswap KRW,UNI3,KRW,Uniswap (UNI) is a cryptocurrency and operates on the Ethereum platform.,CCC,https://uniswap.org/blog/uni/,uni krw,0
UNI3-RUB,Uniswap RUB,UNI3,RUB,Uniswap (UNI) is a cryptocurrency and operates on the Ethereum platform.,CCC,https://uniswap.org/blog/uni/,uni rub,2
UNI3-USD,Uniswap USD,UNI3,USD,Uniswap (UNI) is a cryptocurrency and operates on the Ethereum platform.,CCC,https://uniswap.org/blog/uni/,uni usd,3
UNO-CAD,Unobtanium CAD,UNO,CAD,Unobtanium (UNO) is a cryptocurrency. Users are able to generate UNO through the process of mining.,CCC,http://unobtanium.uno,uno cad,0
UNO-CNY,Unobtanium CNY,UNO,CNY,Unobtanium (UNO) is a cryptocurrency. Users are able to generate UNO through the process of mining.,CCC,http://unobtanium.uno,uno cny,0
UNO-ETH,Unobtanium ETH,UNO,ETH,Unobtanium (UNO) is a cryptocurrency. Users are able to generate UNO through the process of mining.,CCC,http://unobtanium.uno,uno eth,1
UNO-EUR,Unobtanium EUR,UNO,EUR,Unobtanium (UNO) is a cryptocurrency. Users are able to generate UNO through the process of mining.,CCC,http://unobtanium.uno,uno eur,0
UNO-GBP,Unobtanium GBP,UNO,GBP,Unobtanium (UNO) is a cryptocurrency. Users are able to generate UNO through the process of mining.,CCC,http://unobtanium.uno,uno gbp,5
UNO-INR,Unobtanium INR,UNO,INR,Unobtanium (UNO) is a cryptocurrency. Users are able to generate UNO through the process of mining.,CCC,http://unobtanium.uno,uno inr,4
UNO-JPY,Unobtanium JPY,UNO,JPY,Unobtanium (UNO) is a cryptocurrency. Users are able to generate UNO through the process of mining.,CCC,http://unobtanium.uno,uno jpy,6
UNO-KRW,Unobtanium KRW,UNO,KRW,Unobtanium (UNO) is a cryptocurrency. Users are able to generate UNO through the process of mining.,CCC,http://unobtanium.uno,uno krw,0
UNO-RUB,Unobtanium RUB,UNO,RUB,Unobtanium (UNO) is a cryptocurrency. Users are able to generate UNO through the process of mining.,CCC,http://unobtanium.uno,uno rub,2
UNO-USD,Unobtanium USD,UNO,USD,Unobtanium (UNO) is a cryptocurrency. Users are able to generate UNO through the process of mining.,CCC,http://unobtanium.uno,uno usd,3
USDC-CAD,USDCoin CAD,USDC,CAD,USD Coin (USDC) is a cryptocurrency and operates on the Ethereum platform.,CCC,https://www.centre.io/usdc,usdc cad,0
USDC-CNY,USDCoin CNY,USDC,CNY,USD Coin (USDC) is a cryptocurrency and operates on the Ethereum platform.,CCC,https://www.centre.io/usdc,usdc cny,0
USDC-ETH,USDCoin ETH,USDC,ETH,USD Coin (USDC) is a cryptocurrency and operates on the Ethereum platform.,CCC,https://www.centre.io/usdc,usdc eth,1
USDC-EUR,USDCoin EUR,USDC,EUR,USD Coin (USDC) is a cryptocurrency and operates on the Ethereum platform.,CCC,https://www.centre.io/usdc,usdc eur,0
USDC-GBP,USDCoin GBP,USDC,GBP,USD Coin (USDC) is a cryptocurrency and operates on the Ethereum platform.,CCC,https://www.centre.io/usdc,usdc gbp,5
USDC-INR,USDCoin INR,USDC,INR,USD Coin (USDC) is a cryptocurrency and operates on the Ethereum platform.,CCC,https://www.centre.io/usdc,usdc inr,4
USDC-JPY,USDCoin JPY,USDC,JPY,USD Coin (USDC) is a cryptocurrency and operates on the Ethereum platform.,CCC,https://www.centre.io/usdc,usdc jpy,6
USDC-KRW,USDCoin KRW,USDC,KRW,USD Coin (USDC) is a cryptocurrency and operates on the Ethereum platform.,CCC,https://www.centre.io/usdc,usdc krw,0
USDC-RUB,USDCoin RUB,USDC,RUB,USD Coin (USDC) is a cryptocurrency and operates on the Ethereum platform.,CCC,https://www.centre.io/usdc,usdc rub,2
USDC-USD,USDCoin USD,USDC,USD,USD Coin (USDC) is a cryptocurrency and operates on the Ethereum platform.,CCC,https://www.centre.io/usdc,usdc usd,3
USDT-BTC,Tether BTC,USDT,BTC,Tether (USDT) is a cryptocurrency launched in 2015and operates on the Ethereum platform.,CCC,https://tether.to,usdt btc,0
USDT-CNY,Tether CNY,USDT,CNY,Tether (USDT) is a cryptocurrency launched in 2015and operates on the Ethereum platform.,CCC,https://tether.to,usdt cny,0
USDT-ETH,Tether ETH,USDT,ETH,Tether (USDT) is a cryptocurrency launched in 2015and operates on the Ethereum platform.,CCC,https://tether.to,usdt eth,1
USDT-EUR,Tether EUR,USDT,EUR,Tether (USDT) is a cryptocurrency launched in 2015and operates on the Ethereum platform.,CCC,https://tether.to,usdt eur,0
USDT-GBP,Tether GBP,USDT,GBP,Tether (USDT) is a cryptocurrency launched in 2015and operates on the Ethereum platform.,CCC,https://tether.to,usdt gbp,5
USDT-INR,Tether INR,USDT,INR,Tether (USDT) is a cryptocurrency launched in 2015and operates on the Ethereum platform.,CCC,https://tether.to,usdt inr,4
USDT-JPY,Tether JPY,USDT,JPY,Tether (USDT) is a cryptocurrency launched in 2015and operates on the Ethereum platform.,CCC,https://tether.to,usdt jpy,6
USDT-KRW,Tether KRW,USDT,KRW,Tether (USDT) is a cryptocurrency launched in 2015and operates on the Ethereum platform.,CCC,https://tether.to,usdt krw,0
USDT-RUB,Tether RUB,USDT,RUB,Tether (USDT) is a cryptocurrency launched in 2015and operates on the Ethereum platform.,CCC,https://tether.to,usdt rub,2
USDT-USD,Tether USD,USDT,USD,Tether (USDT) is a cryptocurrency launched in 2015and operates on the Ethereum platform.,CCC,https://tether.to,usdt usd,3
USNBT-CAD,NuBits CAD,USNBT,CAD,NuBits (USNBT) is a cryptocurrency.,CCC,https://www.nubits.com,usnbt cad,0
USNBT-CNY,NuBits CNY,USNBT,CNY,NuBits (USNBT) is a cryptocurrency.,CCC,https://www.nubits.com,usnbt cny,0
USNBT-ETH,NuBits ETH,USNBT,ETH,NuBits (USNBT) is a cryptocurrency.,CCC,https://www.nubits.com,usnbt eth,1
USNBT-EUR,NuBits EUR,USNBT,EUR,NuBits (USNBT) is a cryptocurrency.,CCC,https://www.nubits.com,usnbt eur,0
USNBT-GBP,NuBits GBP,USNBT,GBP,NuBits (USNBT) is a cryptocurrency.,CCC,https://www.nubits.com,usnbt gbp,5
USNBT-INR,NuBits INR,USNBT,INR,NuBits (USNBT) is a cryptocurrency.,CCC,https://www.nubits.com,usnbt inr,4
USNBT-JPY,NuBits JPY,USNBT,JPY,NuBits (USNBT) is a cryptocurrency.,CCC,https://www.nubits.com,usnbt jpy,6
USNBT-KRW,NuBits KRW,USNBT,KRW,NuBits (USNBT) is a cryptocurrency.,CCC,https://www.nubits.com,usnbt krw,0
USNBT-RUB,NuBits RUB,USNBT,RUB,NuBits (USNBT) is a cryptocurrency.,CCC,https://www.nubits.com,usnbt rub,2
USNBT-USD,NuBits USD,USNBT,USD,NuBits (USNBT) is a cryptocurrency.,CCC,https://www.nubits.com,usnbt usd,3
VAL1-BTC,Validity BTC,VAL1,BTC,Validity (VAL) is a cryptocurrency.,CCC,https://validitytech.com/,val btc,0
VAL1-CAD,Validity CAD,VAL1,CAD,Validity (VAL) is a cryptocurrency.,CCC,https://validitytech.com/,val cad,0
VAL1-CNY,Validity CNY,VAL1,CNY,Validity (VAL) is a cryptocurrency.,CCC,https://validitytech.com/,val cny,0
VAL1-ETH,Validity ETH,VAL1,ETH,Validity (VAL) is a cryptocurrency.,CCC,https://validitytech.com/,val eth,1
VAL1-EUR,Validity EUR,VAL1,EUR,Validity (VAL) is a cryptocurrency.,CCC,https://validitytech.com/,val eur,0
VAL1-GBP,Validity GBP,VAL1,GBP,Validity (VAL) is a cryptocurrency.,CCC,https://validitytech.com/,val gbp,5
VAL1-INR,Validity INR,VAL1,INR,Validity (VAL) is a cryptocurrency.,CCC,https://validitytech.com/,val inr,4
VAL1-JPY,Validity JPY,VAL1,JPY,Validity (VAL) is a cryptocurrency.,CCC,https://validitytech.com/,val jpy,6
VAL1-KRW,Validity KRW,VAL1,KRW,Validity (VAL) is a cryptocurrency.,CCC,https://validitytech.com/,val krw,0
VAL1-RUB,Validity RUB,VAL1,RUB,Validity (VAL) is a cryptocurrency.,CCC,https://validitytech.com/,val rub,2
VAL1-USD,Validity USD,VAL1,USD,Validity (VAL) is a cryptocurrency.,CCC,https://validitytech.com/,val usd,3
VBK-CAD,VeriBlock CAD,VBK,CAD,VeriBlock (VBK) is a cryptocurrency. Users are able to generate VBK through the process of mining.,CCC,https://www.veriblock.org/,vbk cad,0
VBK-CNY,VeriBlock CNY,VBK,CNY,VeriBlock (VBK) is a cryptocurrency. Users are able to generate VBK through the process of mining.,CCC,https://www.veriblock.org/,vbk cny,0
VBK-ETH,VeriBlock ETH,VBK,ETH,VeriBlock (VBK) is a cryptocurrency. Users are able to generate VBK through the process of mining.,CCC,https://www.veriblock.org/,vbk eth,1
VBK-EUR,VeriBlock EUR,VBK,EUR,VeriBlock (VBK) is a cryptocurrency. Users are able to generate VBK through the process of mining.,CCC,https://www.veriblock.org/,vbk eur,0
VBK-GBP,VeriBlock GBP,VBK,GBP,VeriBlock (VBK) is a cryptocurrency. Users are able to generate VBK through the process of mining.,CCC,https://www.veriblock.org/,vbk gbp,5
VBK-INR,VeriBlock INR,VBK,INR,VeriBlock (VBK) is a cryptocurrency. Users are able to generate VBK through the process of mining.,CCC,https://www.veriblock.org/,vbk inr,4
VBK-JPY,VeriBlock JPY,VBK,JPY,VeriBlock (VBK) is a cryptocurrency. Users are able to generate VBK through the process of mining.,CCC,https://www.veriblock.org/,vbk jpy,6
VBK-KRW,VeriBlock KRW,VBK,KRW,VeriBlock (VBK) is a cryptocurrency. Users are able to generate VBK through the process of mining.,CCC,https://www.veriblock.org/,vbk krw,0
VBK-RUB,VeriBlock RUB,VBK,RUB,VeriBlock (VBK) is a cryptocurrency. Users are able to generate VBK through the process of mining.,CCC,https://www.veriblock.org/,vbk rub,2
VBK-USD,VeriBlock USD,VBK,USD,VeriBlock (VBK) is a cryptocurrency. Users are able to generate VBK through the process of mining.,CCC,https://www.veriblock.org/,vbk usd,3
VERI-CAD,Veritaseum CAD,VERI,CAD,Veritaseum (VERI) is a cryptocurrency and operates on the Ethereum platform.,CCC,http://veritas.veritaseum.com/,veri cad,0
VERI-CNY,Veritaseum CNY,VERI,CNY,Veritaseum (VERI) is a cryptocurrency and operates on the Ethereum platform.,CCC,http://veritas.veritaseum.com/,veri cny,0
VERI-ETH,Veritaseum ETH,VERI,ETH,Veritaseum (VERI) is a cryptocurrency and operates on the Ethereum platform.,CCC,http://veritas.veritaseum.com/,veri eth,1
VERI-EUR,Veritaseum EUR,VERI,EUR,Veritaseum (VERI) is a cryptocurrency and operates on the Ethereum platform.,CCC,http://veritas.veritaseum.com/,veri eur,0
VERI-GBP,Veritaseum GBP,VERI,GBP,Veritaseum (VERI) is a cryptocurrency and operates on the Ethereum platform.,CCC,http://veritas.veritaseum.com/,veri gbp,5
VERI-INR,Veritaseum INR,VERI,INR,Veritaseum (VERI) is a cryptocurrency and operates on the Ethereum platform.,CCC,http://veritas.veritaseum.com/,veri inr,4
VERI-JPY,Veritaseum JPY,VERI,JPY,Veritaseum (VERI) is a cryptocurrency and operates on the Ethereum platform.,CCC,http://veritas.veritaseum.com/,veri jpy,6
VERI-KRW,Veritaseum KRW,VERI,KRW,Veritaseum (VERI) is a cryptocurrency and operates on the Ethereum platform.,CCC,http://veritas.veritaseum.com/,veri krw,0
VERI-RUB,Veritaseum RUB,VERI,RUB,Veritaseum (VERI) is a cryptocurrency and operates on the Ethereum platform.,CCC,http://veritas.veritaseum.com/,veri rub,2
VERI-USD,Veritaseum USD,VERI,USD,Veritaseum (VERI) is a cryptocurrency and operates on the Ethereum platform.,CCC,http://veritas.veritaseum.com/,veri usd,3
VET-AUD,VeChain AUD,VET,AUD,VeChain (VET) is a cryptocurrency.,CCC,https://www.vechain.org/,vet aud,0
VET-BTC,VeChain BTC,VET,BTC,VeChain (VET) is a cryptocurrency.,CCC,https://www.vechain.org/,vet btc,0
VET-CAD,VeChain CAD,VET,CAD,VeChain (VET) is a cryptocurrency.,CCC,https://www.vechain.org/,vet cad,0
VET-CNY,VeChain CNY,VET,CNY,VeChain (VET) is a cryptocurrency.,CCC,https://www.vechain.org/,vet cny,0
VET-ETH,VeChain ETH,VET,ETH,VeChain (VET) is a cryptocurrency.,CCC,https://www.vechain.org/,vet eth,1
VET-EUR,VeChain EUR,VET,EUR,VeChain (VET) is a cryptocurrency.,CCC,https://www.vechain.org/,vet eur,0
VET-GBP,VeChain GBP,VET,GBP,VeChain (VET) is a cryptocurrency.,CCC,https://www.vechain.org/,vet gbp,5
VET-INR,VeChain INR,VET,INR,VeChain (VET) is a cryptocurrency.,CCC,https://www.vechain.org/,vet inr,4
VET-JPY,VeChain JPY,VET,JPY,VeChain (VET) is a cryptocurrency.,CCC,https://www.vechain.org/,vet jpy,6
VET-KRW,VeChain KRW,VET,KRW,VeChain (VET) is a cryptocurrency.,CCC,https://www.vechain.org/,vet krw,0
VET-USD,VeChain USD,VET,USD,VeChain (VET) is a cryptocurrency.,CCC,https://www.vechain.org/,vet usd,3
VEX-CAD,Vexanium CAD,VEX,CAD,Vexanium (VEX) is a cryptocurrency.,CCC,https://www.vexanium.com/,vex cad,0
VEX-CNY,Vexanium CNY,VEX,CNY,Vexanium (VEX) is a cryptocurrency.,CCC,https://www.vexanium.com/,vex cny,0
VEX-ETH,Vexanium ETH,VEX,ETH,Vexanium (VEX) is a cryptocurrency.,CCC,https://www.vexanium.com/,vex eth,1
VEX-EUR,Vexanium EUR,VEX,EUR,Vexanium (VEX) is a cryptocurrency.,CCC,https://www.vexanium.com/,vex eur,0
VEX-GBP,Vexanium GBP,VEX,GBP,Vexanium (VEX) is a cryptocurrency.,CCC,https://www.vexanium.com/,vex gbp,5
VEX-INR,Vexanium INR,VEX,INR,Vexanium (VEX) is a cryptocurrency.,CCC,https://www.vexanium.com/,vex inr,4
VEX-JPY,Vexanium JPY,VEX,JPY,Vexanium (VEX) is a cryptocurrency.,CCC,https://www.vexanium.com/,vex jpy,6
VEX-KRW,Vexanium KRW,VEX,KRW,Vexanium (VEX) is a cryptocurrency.,CCC,https://www.vexanium.com/,vex krw,0
VEX-RUB,Vexanium RUB,VEX,RUB,Vexanium (VEX) is a cryptocurrency.,CCC,https://www.vexanium.com/,vex rub,2
VEX-USD,Vexanium USD,VEX,USD,Vexanium (VEX) is a cryptocurrency.,CCC,https://www.vexanium.com/,vex usd,3
VGX-AUD,VoyagerToken AUD,VGX,AUD,Voyager Token (VGX) is a cryptocurrency and operates on the Ethereum platform.,CCC,https://www.investvoyager.com/,vgx aud,0
VGX-BTC,VoyagerToken BTC,VGX,BTC,Voyager Token (VGX) is a cryptocurrency and operates on the Ethereum platform.,CCC,https://www.investvoyager.com/,vgx btc,0
VGX-CAD,VoyagerToken CAD,VGX,CAD,Voyager Token (VGX) is a cryptocurrency and operates on the Ethereum platform.,CCC,https://www.investvoyager.com/,vgx cad,0
VGX-CNY,VoyagerToken CNY,VGX,CNY,Voyager Token (VGX) is a cryptocurrency and operates on the Ethereum platform.,CCC,https://www.investvoyager.com/,vgx cny,0
VGX-ETH,VoyagerToken ETH,VGX,ETH,Voyager Token (VGX) is a cryptocurrency and operates on the Ethereum platform.,CCC,https://www.investvoyager.com/,vgx eth,1
VGX-EUR,VoyagerToken EUR,VGX,EUR,Voyager Token (VGX) is a cryptocurrency and operates on the Ethereum platform.,CCC,https://www.investvoyager.com/,vgx eur,0
VGX-GBP,VoyagerToken GBP,VGX,GBP,Voyager Token (VGX) is a cryptocurrency and operates on the Ethereum platform.,CCC,https://www.investvoyager.com/,vgx gbp,5
VGX-INR,VoyagerToken INR,VGX,INR,Voyager Token (VGX) is a cryptocurrency and operates on the Ethereum platform.,CCC,https://www.investvoyager.com/,vgx inr,4
VGX-JPY,VoyagerToken JPY,VGX,JPY,Voyager Token (VGX) is a cryptocurrency and operates on the Ethereum platform.,CCC,https://www.investvoyager.com/,vgx jpy,6
VGX-KRW,VoyagerToken KRW,VGX,KRW,Voyager Token (VGX) is a cryptocurrency and operates on the Ethereum platform.,CCC,https://www.investvoyager.com/,vgx krw,0
VGX-RUB,VoyagerToken RUB,VGX,RUB,Voyager Token (VGX) is a cryptocurrency and operates on the Ethereum platform.,CCC,https://www.investvoyager.com/,vgx rub,2
VGX-USD,VoyagerToken USD,VGX,USD,Voyager Token (VGX) is a cryptocurrency and operates on the Ethereum platform.,CCC,https://www.investvoyager.com/,vgx usd,3
VIA-CAD,Viacoin CAD,VIA,CAD,Viacoin (VIA) is a cryptocurrency. Users are able to generate VIA through the process of mining.,CCC,http://viacoin.org,via cad,0
VIA-CNY,Viacoin CNY,VIA,CNY,Viacoin (VIA) is a cryptocurrency. Users are able to generate VIA through the process of mining.,CCC,http://viacoin.org,via cny,0
VIA-ETH,Viacoin ETH,VIA,ETH,Viacoin (VIA) is a cryptocurrency. Users are able to generate VIA through the process of mining.,CCC,http://viacoin.org,via eth,1
VIA-EUR,Viacoin EUR,VIA,EUR,Viacoin (VIA) is a cryptocurrency. Users are able to generate VIA through the process of mining.,CCC,http://viacoin.org,via eur,0
VIA-GBP,Viacoin GBP,VIA,GBP,Viacoin (VIA) is a cryptocurrency. Users are able to generate VIA through the process of mining.,CCC,http://viacoin.org,via gbp,5
VIA-INR,Viacoin INR,VIA,INR,Viacoin (VIA) is a cryptocurrency. Users are able to generate VIA through the process of mining.,CCC,http://viacoin.org,via inr,4
VIA-JPY,Viacoin JPY,VIA,JPY,Viacoin (VIA) is a cryptocurrency. Users are able to generate VIA through the process of mining.,CCC,http://viacoin.org,via jpy,6
VIA-KRW,Viacoin KRW,VIA,KRW,Viacoin (VIA) is a cryptocurrency. Users are able to generate VIA through the process of mining.,CCC,http://viacoin.org,via krw,0
VIA-RUB,Viacoin RUB,VIA,RUB,Viacoin (VIA) is a cryptocurrency. Users are able to generate VIA through the process of mining.,CCC,http://viacoin.org,via rub,2
VIA-USD,Viacoin USD,VIA,USD,Viacoin (VIA) is a cryptocurrency. Users are able to generate VIA through the process of mining.,CCC,http://viacoin.org,via usd,3
VIN-CAD,VINchain CAD,VIN,CAD,VINchain (VIN) is a cryptocurrency.,CCC,https://vinchain.io/,vin cad,0
VIN-CNY,VINchain CNY,VIN,CNY,VINchain (VIN) is a cryptocurrency.,CCC,https://vinchain.io/,vin cny,0
VIN-ETH,VINchain ETH,VIN,ETH,VINchain (VIN) is a cryptocurrency.,CCC,https://vinchain.io/,vin eth,1
VIN-EUR,VINchain EUR,VIN,EUR,VINchain (VIN) is a cryptocurrency.,CCC,https://vinchain.io/,vin eur,0
VIN-GBP,VINchain GBP,VIN,GBP,VINchain (VIN) is a cryptocurrency.,CCC,https://vinchain.io/,vin gbp,5
VIN-INR,VINchain INR,VIN,INR,VINchain (VIN) is a cryptocurrency.,CCC,https://vinchain.io/,vin inr,4
VIN-JPY,VINchain JPY,VIN,JPY,VINchain (VIN) is a cryptocurrency.,CCC,https://vinchain.io/,vin jpy,6
VIN-KRW,VINchain KRW,VIN,KRW,VINchain (VIN) is a cryptocurrency.,CCC,https://vinchain.io/,vin krw,0
VIN-RUB,VINchain RUB,VIN,RUB,VINchain (VIN) is a cryptocurrency.,CCC,https://vinchain.io/,vin rub,2
VIN-USD,VINchain USD,VIN,USD,VINchain (VIN) is a cryptocurrency.,CCC,https://vinchain.io/,vin usd,3
VITAE-CAD,Vitae CAD,VITAE,CAD,Vitae (VITAE) is a cryptocurrency. Users are able to generate VITAE through the process of mining.,CCC,https://www.vitaetoken.io,vitae cad,0
VITAE-CNY,Vitae CNY,VITAE,CNY,Vitae (VITAE) is a cryptocurrency. Users are able to generate VITAE through the process of mining.,CCC,https://www.vitaetoken.io,vitae cny,0
VITAE-ETH,Vitae ETH,VITAE,ETH,Vitae (VITAE) is a cryptocurrency. Users are able to generate VITAE through the process of mining.,CCC,https://www.vitaetoken.io,vitae eth,1
VITAE-EUR,Vitae EUR,VITAE,EUR,Vitae (VITAE) is a cryptocurrency. Users are able to generate VITAE through the process of mining.,CCC,https://www.vitaetoken.io,vitae eur,0
VITAE-GBP,Vitae GBP,VITAE,GBP,Vitae (VITAE) is a cryptocurrency. Users are able to generate VITAE through the process of mining.,CCC,https://www.vitaetoken.io,vitae gbp,5
VITAE-INR,Vitae INR,VITAE,INR,Vitae (VITAE) is a cryptocurrency. Users are able to generate VITAE through the process of mining.,CCC,https://www.vitaetoken.io,vitae inr,4
VITAE-JPY,Vitae JPY,VITAE,JPY,Vitae (VITAE) is a cryptocurrency. Users are able to generate VITAE through the process of mining.,CCC,https://www.vitaetoken.io,vitae jpy,6
VITAE-KRW,Vitae KRW,VITAE,KRW,Vitae (VITAE) is a cryptocurrency. Users are able to generate VITAE through the process of mining.,CCC,https://www.vitaetoken.io,vitae krw,0
VITAE-RUB,Vitae RUB,VITAE,RUB,Vitae (VITAE) is a cryptocurrency. Users are able to generate VITAE through the process of mining.,CCC,https://www.vitaetoken.io,vitae rub,2
VITAE-USD,Vitae USD,VITAE,USD,Vitae (VITAE) is a cryptocurrency. Users are able to generate VITAE through the process of mining.,CCC,https://www.vitaetoken.io,vitae usd,3
VLX-CAD,Velas CAD,VLX,CAD,Velas (VLX) is a cryptocurrency.,CCC,https://www.velas.com/,vlx cad,0
VLX-CNY,Velas CNY,VLX,CNY,Velas (VLX) is a cryptocurrency.,CCC,https://www.velas.com/,vlx cny,0
VLX-ETH,Velas ETH,VLX,ETH,Velas (VLX) is a cryptocurrency.,CCC,https://www.velas.com/,vlx eth,1
VLX-EUR,Velas EUR,VLX,EUR,Velas (VLX) is a cryptocurrency.,CCC,https://www.velas.com/,vlx eur,0
VLX-GBP,Velas GBP,VLX,GBP,Velas (VLX) is a cryptocurrency.,CCC,https://www.velas.com/,vlx gbp,5
VLX-INR,Velas INR,VLX,INR,Velas (VLX) is a cryptocurrency.,CCC,https://www.velas.com/,vlx inr,4
VLX-JPY,Velas JPY,VLX,JPY,Velas (VLX) is a cryptocurrency.,CCC,https://www.velas.com/,vlx jpy,6
VLX-KRW,Velas KRW,VLX,KRW,Velas (VLX) is a cryptocurrency.,CCC,https://www.velas.com/,vlx krw,0
VLX-RUB,Velas RUB,VLX,RUB,Velas (VLX) is a cryptocurrency.,CCC,https://www.velas.com/,vlx rub,2
VLX-USD,Velas USD,VLX,USD,Velas (VLX) is a cryptocurrency.,CCC,https://www.velas.com/,vlx usd,3
VRA-AUD,Verasity AUD,VRA,AUD,Verasity (VRA) is a cryptocurrency.,CCC,https://www.verasity.io/,vra aud,0
VRA-BTC,Verasity BTC,VRA,BTC,Verasity (VRA) is a cryptocurrency.,CCC,https://www.verasity.io/,vra btc,0
VRA-CAD,Verasity CAD,VRA,CAD,Verasity (VRA) is a cryptocurrency.,CCC,https://www.verasity.io/,vra cad,0
VRA-CNY,Verasity CNY,VRA,CNY,Verasity (VRA) is a cryptocurrency.,CCC,https://www.verasity.io/,vra cny,0
VRA-ETH,Verasity ETH,VRA,ETH,Verasity (VRA) is a cryptocurrency.,CCC,https://www.verasity.io/,vra eth,1
VRA-EUR,Verasity EUR,VRA,EUR,Verasity (VRA) is a cryptocurrency.,CCC,https://www.verasity.io/,vra eur,0
VRA-GBP,Verasity GBP,VRA,GBP,Verasity (VRA) is a cryptocurrency.,CCC,https://www.verasity.io/,vra gbp,5
VRA-INR,Verasity INR,VRA,INR,Verasity (VRA) is a cryptocurrency.,CCC,https://www.verasity.io/,vra inr,4
VRA-JPY,Verasity JPY,VRA,JPY,Verasity (VRA) is a cryptocurrency.,CCC,https://www.verasity.io/,vra jpy,6
VRA-KRW,Verasity KRW,VRA,KRW,Verasity (VRA) is a cryptocurrency.,CCC,https://www.verasity.io/,vra krw,0
VRA-RUB,Verasity RUB,VRA,RUB,Verasity (VRA) is a cryptocurrency.,CCC,https://www.verasity.io/,vra rub,2
VRA-USD,Verasity USD,VRA,USD,Verasity (VRA) is a cryptocurrency.,CCC,https://www.verasity.io/,vra usd,3
VSYS-CAD,VSystems CAD,VSYS,CAD,v.systems (VSYS) is a cryptocurrency.,CCC,https://www.v.systems/,vsys cad,0
VSYS-CNY,VSystems CNY,VSYS,CNY,v.systems (VSYS) is a cryptocurrency.,CCC,https://www.v.systems/,vsys cny,0
VSYS-ETH,VSystems ETH,VSYS,ETH,v.systems (VSYS) is a cryptocurrency.,CCC,https://www.v.systems/,vsys eth,1
VSYS-EUR,VSystems EUR,VSYS,EUR,v.systems (VSYS) is a cryptocurrency.,CCC,https://www.v.systems/,vsys eur,0
VSYS-GBP,VSystems GBP,VSYS,GBP,v.systems (VSYS) is a cryptocurrency.,CCC,https://www.v.systems/,vsys gbp,5
VSYS-INR,VSystems INR,VSYS,INR,v.systems (VSYS) is a cryptocurrency.,CCC,https://www.v.systems/,vsys inr,4
VSYS-JPY,VSystems JPY,VSYS,JPY,v.systems (VSYS) is a cryptocurrency.,CCC,https://www.v.systems/,vsys jpy,6
VSYS-KRW,VSystems KRW,VSYS,KRW,v.systems (VSYS) is a cryptocurrency.,CCC,https://www.v.systems/,vsys krw,0
VSYS-RUB,VSystems RUB,VSYS,RUB,v.systems (VSYS) is a cryptocurrency.,CCC,https://www.v.systems/,vsys rub,2
VSYS-USD,VSystems USD,VSYS,USD,v.systems (VSYS) is a cryptocurrency.,CCC,https://www.v.systems/,vsys usd,3
VTC-BTC,Vertcoin BTC,VTC,BTC,Vertcoin (VTC) is a cryptocurrency. Users are able to generate VTC through the process of mining.,CCC,http://vertcoin.org/,vtc btc,0
VTC-CAD,Vertcoin CAD,VTC,CAD,Vertcoin (VTC) is a cryptocurrency. Users are able to generate VTC through the process of mining.,CCC,http://vertcoin.org/,vtc cad,0
VTC-ETH,Vertcoin ETH,VTC,ETH,Vertcoin (VTC) is a cryptocurrency. Users are able to generate VTC through the process of mining.,CCC,http://vertcoin.org/,vtc eth,1
VTC-EUR,Vertcoin EUR,VTC,EUR,Vertcoin (VTC) is a cryptocurrency. Users are able to generate VTC through the process of mining.,CCC,http://vertcoin.org/,vtc eur,0
VTC-GBP,Vertcoin GBP,VTC,GBP,Vertcoin (VTC) is a cryptocurrency. Users are able to generate VTC through the process of mining.,CCC,http://vertcoin.org/,vtc gbp,5
VTC-INR,Vertcoin INR,VTC,INR,Vertcoin (VTC) is a cryptocurrency. Users are able to generate VTC through the process of mining.,CCC,http://vertcoin.org/,vtc inr,4
VTC-JPY,Vertcoin JPY,VTC,JPY,Vertcoin (VTC) is a cryptocurrency. Users are able to generate VTC through the process of mining.,CCC,http://vertcoin.org/,vtc jpy,6
VTC-KRW,Vertcoin KRW,VTC,KRW,Vertcoin (VTC) is a cryptocurrency. Users are able to generate VTC through the process of mining.,CCC,http://vertcoin.org/,vtc krw,0
VTC-RUB,Vertcoin RUB,VTC,RUB,Vertcoin (VTC) is a cryptocurrency. Users are able to generate VTC through the process of mining.,CCC,http://vertcoin.org/,vtc rub,2
VTC-USD,Vertcoin USD,VTC,USD,Vertcoin (VTC) is a cryptocurrency. Users are able to generate VTC through the process of mining.,CCC,http://vertcoin.org/,vtc usd,3
VTHO-AUD,VeThorToken AUD,VTHO,AUD,VeThor Token (VTHO) is a cryptocurrency.,CCC,https://www.vechain.org/,vtho aud,0
VTHO-BTC,VeThorToken BTC,VTHO,BTC,VeThor Token (VTHO) is a cryptocurrency.,CCC,https://www.vechain.org/,vtho btc,0
VTHO-CAD,VeThorToken CAD,VTHO,CAD,VeThor Token (VTHO) is a cryptocurrency.,CCC,https://www.vechain.org/,vtho cad,0
VTHO-CNY,VeThorToken CNY,VTHO,CNY,VeThor Token (VTHO) is a cryptocurrency.,CCC,https://www.vechain.org/,vtho cny,0
VTHO-ETH,VeThorToken ETH,VTHO,ETH,VeThor Token (VTHO) is a cryptocurrency.,CCC,https://www.vechain.org/,vtho eth,1
VTHO-EUR,VeThorToken EUR,VTHO,EUR,VeThor Token (VTHO) is a cryptocurrency.,CCC,https://www.vechain.org/,vtho eur,0
VTHO-GBP,VeThorToken GBP,VTHO,GBP,VeThor Token (VTHO) is a cryptocurrency.,CCC,https://www.vechain.org/,vtho gbp,5
VTHO-INR,VeThorToken INR,VTHO,INR,VeThor Token (VTHO) is a cryptocurrency.,CCC,https://www.vechain.org/,vtho inr,4
VTHO-JPY,VeThorToken JPY,VTHO,JPY,VeThor Token (VTHO) is a cryptocurrency.,CCC,https://www.vechain.org/,vtho jpy,6
VTHO-KRW,VeThorToken KRW,VTHO,KRW,VeThor Token (VTHO) is a cryptocurrency.,CCC,https://www.vechain.org/,vtho krw,0
VTHO-RUB,VeThorToken RUB,VTHO,RUB,VeThor Token (VTHO) is a cryptocurrency.,CCC,https://www.vechain.org/,vtho rub,2
VTHO-USD,VeThorToken USD,VTHO,USD,VeThor Token (VTHO) is a cryptocurrency.,CCC,https://www.vechain.org/,vtho usd,3
WABI-CAD,Tael CAD,WABI,CAD,Wabi (WABI) is a cryptocurrency and operates on the Ethereum platform.,CCC,https://wabi.io,wabi cad,0
WABI-CNY,Tael CNY,WABI,CNY,Wabi (WABI) is a cryptocurrency and operates on the Ethereum platform.,CCC,https://wabi.io,wabi cny,0
WABI-ETH,Tael ETH,WABI,ETH,Wabi (WABI) is a cryptocurrency and operates on the Ethereum platform.,CCC,https://wabi.io,wabi eth,1
WABI-EUR,Tael EUR,WABI,EUR,Wabi (WABI) is a cryptocurrency and operates on the Ethereum platform.,CCC,https://wabi.io,wabi eur,0
WABI-GBP,Tael GBP,WABI,GBP,Wabi (WABI) is a cryptocurrency and operates on the Ethereum platform.,CCC,https://wabi.io,wabi gbp,5
WABI-INR,Tael INR,WABI,INR,Wabi (WABI) is a cryptocurrency and operates on the Ethereum platform.,CCC,https://wabi.io,wabi inr,4
WABI-JPY,Tael JPY,WABI,JPY,Wabi (WABI) is a cryptocurrency and operates on the Ethereum platform.,CCC,https://wabi.io,wabi jpy,6
WABI-KRW,Tael KRW,WABI,KRW,Wabi (WABI) is a cryptocurrency and operates on the Ethereum platform.,CCC,https://wabi.io,wabi krw,0
WABI-RUB,Tael RUB,WABI,RUB,Wabi (WABI) is a cryptocurrency and operates on the Ethereum platform.,CCC,https://wabi.io,wabi rub,2
WABI-USD,Tael USD,WABI,USD,Wabi (WABI) is a cryptocurrency and operates on the Ethereum platform.,CCC,https://wabi.io,wabi usd,3
WAN-CAD,Wanchain CAD,WAN,CAD,Wanchain (WAN) is a cryptocurrency.,CCC,https://wanchain.org/,wan cad,0
WAN-CNY,Wanchain CNY,WAN,CNY,Wanchain (WAN) is a cryptocurrency.,CCC,https://wanchain.org/,wan cny,0
WAN-ETH,Wanchain ETH,WAN,ETH,Wanchain (WAN) is a cryptocurrency.,CCC,https://wanchain.org/,wan eth,1
WAN-EUR,Wanchain EUR,WAN,EUR,Wanchain (WAN) is a cryptocurrency.,CCC,https://wanchain.org/,wan eur,0
WAN-GBP,Wanchain GBP,WAN,GBP,Wanchain (WAN) is a cryptocurrency.,CCC,https://wanchain.org/,wan gbp,5
WAN-INR,Wanchain INR,WAN,INR,Wanchain (WAN) is a cryptocurrency.,CCC,https://wanchain.org/,wan inr,4
WAN-JPY,Wanchain JPY,WAN,JPY,Wanchain (WAN) is a cryptocurrency.,CCC,https://wanchain.org/,wan jpy,6
WAN-KRW,Wanchain KRW,WAN,KRW,Wanchain (WAN) is a cryptocurrency.,CCC,https://wanchain.org/,wan krw,0
WAN-RUB,Wanchain RUB,WAN,RUB,Wanchain (WAN) is a cryptocurrency.,CCC,https://wanchain.org/,wan rub,2
WAN-USD,Wanchain USD,WAN,USD,Wanchain (WAN) is a cryptocurrency.,CCC,https://wanchain.org/,wan usd,3
WAVES-BTC,Waves BTC,WAVES,BTC,Waves (WAVES) is a cryptocurrency.,CCC,https://waves.tech/,waves btc,0
WAVES-EUR,Waves EUR,WAVES,EUR,Waves (WAVES) is a cryptocurrency.,CCC,https://waves.tech/,waves eur,0
WAVES-INR,Waves INR,WAVES,INR,Waves (WAVES) is a cryptocurrency.,CCC,https://waves.tech/,waves inr,4
WAVES-RUB,Waves RUB,WAVES,RUB,Waves (WAVES) is a cryptocurrency.,CCC,https://waves.tech/,waves rub,2
WAVES-USD,Waves USD,WAVES,USD,Waves (WAVES) is a cryptocurrency.,CCC,https://waves.tech/,waves usd,3
WAXP-CAD,WAX CAD,WAXP,CAD,WAX (WAXP) is a cryptocurrency.,CCC,https://wax.io/,waxp cad,0
WAXP-CNY,WAX CNY,WAXP,CNY,WAX (WAXP) is a cryptocurrency.,CCC,https://wax.io/,waxp cny,0
WAXP-ETH,WAX ETH,WAXP,ETH,WAX (WAXP) is a cryptocurrency.,CCC,https://wax.io/,waxp eth,1
WAXP-EUR,WAX EUR,WAXP,EUR,WAX (WAXP) is a cryptocurrency.,CCC,https://wax.io/,waxp eur,0
WAXP-GBP,WAX GBP,WAXP,GBP,WAX (WAXP) is a cryptocurrency.,CCC,https://wax.io/,waxp gbp,5
WAXP-INR,WAX INR,WAXP,INR,WAX (WAXP) is a cryptocurrency.,CCC,https://wax.io/,waxp inr,4
WAXP-JPY,WAX JPY,WAXP,JPY,WAX (WAXP) is a cryptocurrency.,CCC,https://wax.io/,waxp jpy,6
WAXP-KRW,WAX KRW,WAXP,KRW,WAX (WAXP) is a cryptocurrency.,CCC,https://wax.io/,waxp krw,0
WAXP-RUB,WAX RUB,WAXP,RUB,WAX (WAXP) is a cryptocurrency.,CCC,https://wax.io/,waxp rub,2
WAXP-USD,WAX USD,WAXP,USD,WAX (WAXP) is a cryptocurrency.,CCC,https://wax.io/,waxp usd,3
WGR-CAD,Wagerr CAD,WGR,CAD,Wagerr (WGR) is a cryptocurrency.,CCC,https://www.wagerr.com/,wgr cad,0
WGR-CNY,Wagerr CNY,WGR,CNY,Wagerr (WGR) is a cryptocurrency.,CCC,https://www.wagerr.com/,wgr cny,0
WGR-ETH,Wagerr ETH,WGR,ETH,Wagerr (WGR) is a cryptocurrency.,CCC,https://www.wagerr.com/,wgr eth,1
WGR-EUR,Wagerr EUR,WGR,EUR,Wagerr (WGR) is a cryptocurrency.,CCC,https://www.wagerr.com/,wgr eur,0
WGR-GBP,Wagerr GBP,WGR,GBP,Wagerr (WGR) is a cryptocurrency.,CCC,https://www.wagerr.com/,wgr gbp,5
WGR-INR,Wagerr INR,WGR,INR,Wagerr (WGR) is a cryptocurrency.,CCC,https://www.wagerr.com/,wgr inr,4
WGR-JPY,Wagerr JPY,WGR,JPY,Wagerr (WGR) is a cryptocurrency.,CCC,https://www.wagerr.com/,wgr jpy,6
WGR-KRW,Wagerr KRW,WGR,KRW,Wagerr (WGR) is a cryptocurrency.,CCC,https://www.wagerr.com/,wgr krw,0
WGR-RUB,Wagerr RUB,WGR,RUB,Wagerr (WGR) is a cryptocurrency.,CCC,https://www.wagerr.com/,wgr rub,2
WGR-USD,Wagerr USD,WGR,USD,Wagerr (WGR) is a cryptocurrency.,CCC,https://www.wagerr.com/,wgr usd,3
WICC-CAD,WaykiChain CAD,WICC,CAD,WaykiChain (WICC) is a cryptocurrency.,CCC,http://waykichain.com/,wicc cad,0
WICC-CNY,WaykiChain CNY,WICC,CNY,WaykiChain (WICC) is a cryptocurrency.,CCC,http://waykichain.com/,wicc cny,0
WICC-ETH,WaykiChain ETH,WICC,ETH,WaykiChain (WICC) is a cryptocurrency.,CCC,http://waykichain.com/,wicc eth,1
WICC-EUR,WaykiChain EUR,WICC,EUR,WaykiChain (WICC) is a cryptocurrency.,CCC,http://waykichain.com/,wicc eur,0
WICC-GBP,WaykiChain GBP,WICC,GBP,WaykiChain (WICC) is a cryptocurrency.,CCC,http://waykichain.com/,wicc gbp,5
WICC-INR,WaykiChain INR,WICC,INR,WaykiChain (WICC) is a cryptocurrency.,CCC,http://waykichain.com/,wicc inr,4
WICC-JPY,WaykiChain JPY,WICC,JPY,WaykiChain (WICC) is a cryptocurrency.,CCC,http://waykichain.com/,wicc jpy,6
WICC-KRW,WaykiChain KRW,WICC,KRW,WaykiChain (WICC) is a cryptocurrency.,CCC,http://waykichain.com/,wicc krw,0
WICC-RUB,WaykiChain RUB,WICC,RUB,WaykiChain (WICC) is a cryptocurrency.,CCC,http://waykichain.com/,wicc rub,2
WICC-USD,WaykiChain USD,WICC,USD,WaykiChain (WICC) is a cryptocurrency.,CCC,http://waykichain.com/,wicc usd,3
WINGS-AUD,Wings AUD,WINGS,AUD,Wings (WINGS) is a cryptocurrency and operates on the Ethereum platform.,CCC,https://wings.ai/,wings aud,0
WINGS-CNY,Wings CNY,WINGS,CNY,Wings (WINGS) is a cryptocurrency and operates on the Ethereum platform.,CCC,https://wings.ai/,wings cny,0
WINGS-EUR,Wings EUR,WINGS,EUR,Wings (WINGS) is a cryptocurrency and operates on the Ethereum platform.,CCC,https://wings.ai/,wings eur,0
WINGS-GBP,Wings GBP,WINGS,GBP,Wings (WINGS) is a cryptocurrency and operates on the Ethereum platform.,CCC,https://wings.ai/,wings gbp,5
WINGS-INR,Wings INR,WINGS,INR,Wings (WINGS) is a cryptocurrency and operates on the Ethereum platform.,CCC,https://wings.ai/,wings inr,4
WINGS-JPY,Wings JPY,WINGS,JPY,Wings (WINGS) is a cryptocurrency and operates on the Ethereum platform.,CCC,https://wings.ai/,wings jpy,6
WINGS-USD,Wings USD,WINGS,USD,Wings (WINGS) is a cryptocurrency and operates on the Ethereum platform.,CCC,https://wings.ai/,wings usd,3
WOZX-CAD,EFFORCE CAD,WOZX,CAD,EFFORCE (WOZX) is a cryptocurrency and operates on the Ethereum platform.,CCC,https://www.efforce.io,wozx cad,0
WOZX-CNY,EFFORCE CNY,WOZX,CNY,EFFORCE (WOZX) is a cryptocurrency and operates on the Ethereum platform.,CCC,https://www.efforce.io,wozx cny,0
WOZX-ETH,EFFORCE ETH,WOZX,ETH,EFFORCE (WOZX) is a cryptocurrency and operates on the Ethereum platform.,CCC,https://www.efforce.io,wozx eth,1
WOZX-EUR,EFFORCE EUR,WOZX,EUR,EFFORCE (WOZX) is a cryptocurrency and operates on the Ethereum platform.,CCC,https://www.efforce.io,wozx eur,0
WOZX-GBP,EFFORCE GBP,WOZX,GBP,EFFORCE (WOZX) is a cryptocurrency and operates on the Ethereum platform.,CCC,https://www.efforce.io,wozx gbp,5
WOZX-INR,EFFORCE INR,WOZX,INR,EFFORCE (WOZX) is a cryptocurrency and operates on the Ethereum platform.,CCC,https://www.efforce.io,wozx inr,4
WOZX-JPY,EFFORCE JPY,WOZX,JPY,EFFORCE (WOZX) is a cryptocurrency and operates on the Ethereum platform.,CCC,https://www.efforce.io,wozx jpy,6
WOZX-KRW,EFFORCE KRW,WOZX,KRW,EFFORCE (WOZX) is a cryptocurrency and operates on the Ethereum platform.,CCC,https://www.efforce.io,wozx krw,0
WOZX-RUB,EFFORCE RUB,WOZX,RUB,EFFORCE (WOZX) is a cryptocurrency and operates on the Ethereum platform.,CCC,https://www.efforce.io,wozx rub,2
WOZX-USD,EFFORCE USD,WOZX,USD,EFFORCE (WOZX) is a cryptocurrency and operates on the Ethereum platform.,CCC,https://www.efforce.io,wozx usd,3
WTC-AUD,Waltonchain AUD,WTC,AUD,Waltonchain (WTC) is a cryptocurrency and operates on the Ethereum platform.,CCC,http://www.waltonchain.org/,wtc aud,0
WTC-BTC,Waltonchain BTC,WTC,BTC,Waltonchain (WTC) is a cryptocurrency and operates on the Ethereum platform.,CCC,http://www.waltonchain.org/,wtc btc,0
WTC-CAD,Waltonchain CAD,WTC,CAD,Waltonchain (WTC) is a cryptocurrency and operates on the Ethereum platform.,CCC,http://www.waltonchain.org/,wtc cad,0
WTC-CNY,Waltonchain CNY,WTC,CNY,Waltonchain (WTC) is a cryptocurrency and operates on the Ethereum platform.,CCC,http://www.waltonchain.org/,wtc cny,0
WTC-ETH,Waltonchain ETH,WTC,ETH,Waltonchain (WTC) is a cryptocurrency and operates on the Ethereum platform.,CCC,http://www.waltonchain.org/,wtc eth,1
WTC-EUR,Waltonchain EUR,WTC,EUR,Waltonchain (WTC) is a cryptocurrency and operates on the Ethereum platform.,CCC,http://www.waltonchain.org/,wtc eur,0
WTC-GBP,Waltonchain GBP,WTC,GBP,Waltonchain (WTC) is a cryptocurrency and operates on the Ethereum platform.,CCC,http://www.waltonchain.org/,wtc gbp,5
WTC-JPY,Waltonchain JPY,WTC,JPY,Waltonchain (WTC) is a cryptocurrency and operates on the Ethereum platform.,CCC,http://www.waltonchain.org/,wtc jpy,6
WTC-KRW,Waltonchain KRW,WTC,KRW,Waltonchain (WTC) is a cryptocurrency and operates on the Ethereum platform.,CCC,http://www.waltonchain.org/,wtc krw,0
WTC-USD,Waltonchain USD,WTC,USD,Waltonchain (WTC) is a cryptocurrency and operates on the Ethereum platform.,CCC,http://www.waltonchain.org/,wtc usd,3
XAS-CAD,Asch CAD,XAS,CAD,Asch (XAS) is a cryptocurrency.,CCC,https://www.asch.io/,xas cad,0
XAS-CNY,Asch CNY,XAS,CNY,Asch (XAS) is a cryptocurrency.,CCC,https://www.asch.io/,xas cny,0
XAS-ETH,Asch ETH,XAS,ETH,Asch (XAS) is a cryptocurrency.,CCC,https://www.asch.io/,xas eth,1
XAS-EUR,Asch EUR,XAS,EUR,Asch (XAS) is a cryptocurrency.,CCC,https://www.asch.io/,xas eur,0
XAS-GBP,Asch GBP,XAS,GBP,Asch (XAS) is a cryptocurrency.,CCC,https://www.asch.io/,xas gbp,5
XAS-INR,Asch INR,XAS,INR,Asch (XAS) is a cryptocurrency.,CCC,https://www.asch.io/,xas inr,4
XAS-JPY,Asch JPY,XAS,JPY,Asch (XAS) is a cryptocurrency.,CCC,https://www.asch.io/,xas jpy,6
XAS-KRW,Asch KRW,XAS,KRW,Asch (XAS) is a cryptocurrency.,CCC,https://www.asch.io/,xas krw,0
XAS-RUB,Asch RUB,XAS,RUB,Asch (XAS) is a cryptocurrency.,CCC,https://www.asch.io/,xas rub,2
XAS-USD,Asch USD,XAS,USD,Asch (XAS) is a cryptocurrency.,CCC,https://www.asch.io/,xas usd,3
XBY-CAD,XTRABYTES CAD,XBY,CAD,XTRABYTES (XBY) is a cryptocurrency.,CCC,https://www.xtrabytes.global/,xby cad,0
XBY-CNY,XTRABYTES CNY,XBY,CNY,XTRABYTES (XBY) is a cryptocurrency.,CCC,https://www.xtrabytes.global/,xby cny,0
XBY-ETH,XTRABYTES ETH,XBY,ETH,XTRABYTES (XBY) is a cryptocurrency.,CCC,https://www.xtrabytes.global/,xby eth,1
XBY-EUR,XTRABYTES EUR,XBY,EUR,XTRABYTES (XBY) is a cryptocurrency.,CCC,https://www.xtrabytes.global/,xby eur,0
XBY-GBP,XTRABYTES GBP,XBY,GBP,XTRABYTES (XBY) is a cryptocurrency.,CCC,https://www.xtrabytes.global/,xby gbp,5
XBY-INR,XTRABYTES INR,XBY,INR,XTRABYTES (XBY) is a cryptocurrency.,CCC,https://www.xtrabytes.global/,xby inr,4
XBY-JPY,XTRABYTES JPY,XBY,JPY,XTRABYTES (XBY) is a cryptocurrency.,CCC,https://www.xtrabytes.global/,xby jpy,6
XBY-KRW,XTRABYTES KRW,XBY,KRW,XTRABYTES (XBY) is a cryptocurrency.,CCC,https://www.xtrabytes.global/,xby krw,0
XBY-RUB,XTRABYTES RUB,XBY,RUB,XTRABYTES (XBY) is a cryptocurrency.,CCC,https://www.xtrabytes.global/,xby rub,2
XBY-USD,XTRABYTES USD,XBY,USD,XTRABYTES (XBY) is a cryptocurrency.,CCC,https://www.xtrabytes.global/,xby usd,3
XCP-BTC,Counterparty BTC,XCP,BTC,Counterparty (XCP) is a cryptocurrency.,CCC,http://counterparty.io/,xcp btc,0
XCP-CAD,Counterparty CAD,XCP,CAD,Counterparty (XCP) is a cryptocurrency.,CCC,http://counterparty.io/,xcp cad,0
XCP-CNY,Counterparty CNY,XCP,CNY,Counterparty (XCP) is a cryptocurrency.,CCC,http://counterparty.io/,xcp cny,0
XCP-ETH,Counterparty ETH,XCP,ETH,Counterparty (XCP) is a cryptocurrency.,CCC,http://counterparty.io/,xcp eth,1
XCP-EUR,Counterparty EUR,XCP,EUR,Counterparty (XCP) is a cryptocurrency.,CCC,http://counterparty.io/,xcp eur,0
XCP-GBP,Counterparty GBP,XCP,GBP,Counterparty (XCP) is a cryptocurrency.,CCC,http://counterparty.io/,xcp gbp,5
XCP-INR,Counterparty INR,XCP,INR,Counterparty (XCP) is a cryptocurrency.,CCC,http://counterparty.io/,xcp inr,4
XCP-JPY,Counterparty JPY,XCP,JPY,Counterparty (XCP) is a cryptocurrency.,CCC,http://counterparty.io/,xcp jpy,6
XCP-KRW,Counterparty KRW,XCP,KRW,Counterparty (XCP) is a cryptocurrency.,CCC,http://counterparty.io/,xcp krw,0
XCP-USD,Counterparty USD,XCP,USD,Counterparty (XCP) is a cryptocurrency.,CCC,http://counterparty.io/,xcp usd,3
XDC-AUD,XinFinNetwork AUD,XDC,AUD,XinFin Network (XDC) is a cryptocurrency.,CCC,https://xinfin.org/,xdc aud,0
XDC-CAD,XinFinNetwork CAD,XDC,CAD,XinFin Network (XDC) is a cryptocurrency.,CCC,https://xinfin.org/,xdc cad,0
XDC-CNY,XinFinNetwork CNY,XDC,CNY,XinFin Network (XDC) is a cryptocurrency.,CCC,https://xinfin.org/,xdc cny,0
XDC-ETH,XinFinNetwork ETH,XDC,ETH,XinFin Network (XDC) is a cryptocurrency.,CCC,https://xinfin.org/,xdc eth,1
XDC-EUR,XinFinNetwork EUR,XDC,EUR,XinFin Network (XDC) is a cryptocurrency.,CCC,https://xinfin.org/,xdc eur,0
XDC-GBP,XinFinNetwork GBP,XDC,GBP,XinFin Network (XDC) is a cryptocurrency.,CCC,https://xinfin.org/,xdc gbp,5
XDC-INR,XinFinNetwork INR,XDC,INR,XinFin Network (XDC) is a cryptocurrency.,CCC,https://xinfin.org/,xdc inr,4
XDC-JPY,XinFinNetwork JPY,XDC,JPY,XinFin Network (XDC) is a cryptocurrency.,CCC,https://xinfin.org/,xdc jpy,6
XDC-KRW,XinFinNetwork KRW,XDC,KRW,XinFin Network (XDC) is a cryptocurrency.,CCC,https://xinfin.org/,xdc krw,0
XDC-RUB,XinFinNetwork RUB,XDC,RUB,XinFin Network (XDC) is a cryptocurrency.,CCC,https://xinfin.org/,xdc rub,2
XDC-USD,XinFinNetwork USD,XDC,USD,XinFin Network (XDC) is a cryptocurrency.,CCC,https://xinfin.org/,xdc usd,3
XDN-BTC,DigitalNote BTC,XDN,BTC,DigitalNote (XDN) is a cryptocurrency. Users are able to generate XDN through the process of mining.,CCC,https://digitalnote.org/,xdn btc,0
XDN-CAD,DigitalNote CAD,XDN,CAD,DigitalNote (XDN) is a cryptocurrency. Users are able to generate XDN through the process of mining.,CCC,https://digitalnote.org/,xdn cad,0
XDN-CNY,DigitalNote CNY,XDN,CNY,DigitalNote (XDN) is a cryptocurrency. Users are able to generate XDN through the process of mining.,CCC,https://digitalnote.org/,xdn cny,0
XDN-ETH,DigitalNote ETH,XDN,ETH,DigitalNote (XDN) is a cryptocurrency. Users are able to generate XDN through the process of mining.,CCC,https://digitalnote.org/,xdn eth,1
XDN-EUR,DigitalNote EUR,XDN,EUR,DigitalNote (XDN) is a cryptocurrency. Users are able to generate XDN through the process of mining.,CCC,https://digitalnote.org/,xdn eur,0
XDN-GBP,DigitalNote GBP,XDN,GBP,DigitalNote (XDN) is a cryptocurrency. Users are able to generate XDN through the process of mining.,CCC,https://digitalnote.org/,xdn gbp,5
XDN-INR,DigitalNote INR,XDN,INR,DigitalNote (XDN) is a cryptocurrency. Users are able to generate XDN through the process of mining.,CCC,https://digitalnote.org/,xdn inr,4
XDN-JPY,DigitalNote JPY,XDN,JPY,DigitalNote (XDN) is a cryptocurrency. Users are able to generate XDN through the process of mining.,CCC,https://digitalnote.org/,xdn jpy,6
XDN-KRW,DigitalNote KRW,XDN,KRW,DigitalNote (XDN) is a cryptocurrency. Users are able to generate XDN through the process of mining.,CCC,https://digitalnote.org/,xdn krw,0
XDN-RUB,DigitalNote RUB,XDN,RUB,DigitalNote (XDN) is a cryptocurrency. Users are able to generate XDN through the process of mining.,CCC,https://digitalnote.org/,xdn rub,2
XDN-USD,DigitalNote USD,XDN,USD,DigitalNote (XDN) is a cryptocurrency. Users are able to generate XDN through the process of mining.,CCC,https://digitalnote.org/,xdn usd,3
XEM-JPY,NEM JPY,XEM,JPY,NEM (XEM) is a cryptocurrency.,CCC,http://nem.io,xem jpy,6
XEM-RUB,NEM RUB,XEM,RUB,NEM (XEM) is a cryptocurrency.,CCC,http://nem.io,xem rub,2
XEM-USD,NEM USD,XEM,USD,NEM (XEM) is a cryptocurrency.,CCC,http://nem.io,xem usd,3
XHV-BTC,HavenProtocol BTC,XHV,BTC,Haven Protocol (XHV) is a cryptocurrency.,CCC,https://havenprotocol.org/,xhv btc,0
XHV-CAD,HavenProtocol CAD,XHV,CAD,Haven Protocol (XHV) is a cryptocurrency.,CCC,https://havenprotocol.org/,xhv cad,0
XHV-CNY,HavenProtocol CNY,XHV,CNY,Haven Protocol (XHV) is a cryptocurrency.,CCC,https://havenprotocol.org/,xhv cny,0
XHV-ETH,HavenProtocol ETH,XHV,ETH,Haven Protocol (XHV) is a cryptocurrency.,CCC,https://havenprotocol.org/,xhv eth,1
XHV-EUR,HavenProtocol EUR,XHV,EUR,Haven Protocol (XHV) is a cryptocurrency.,CCC,https://havenprotocol.org/,xhv eur,0
XHV-GBP,HavenProtocol GBP,XHV,GBP,Haven Protocol (XHV) is a cryptocurrency.,CCC,https://havenprotocol.org/,xhv gbp,5
XHV-INR,HavenProtocol INR,XHV,INR,Haven Protocol (XHV) is a cryptocurrency.,CCC,https://havenprotocol.org/,xhv inr,4
XHV-JPY,HavenProtocol JPY,XHV,JPY,Haven Protocol (XHV) is a cryptocurrency.,CCC,https://havenprotocol.org/,xhv jpy,6
XHV-KRW,HavenProtocol KRW,XHV,KRW,Haven Protocol (XHV) is a cryptocurrency.,CCC,https://havenprotocol.org/,xhv krw,0
XHV-RUB,HavenProtocol RUB,XHV,RUB,Haven Protocol (XHV) is a cryptocurrency.,CCC,https://havenprotocol.org/,xhv rub,2
XHV-USD,HavenProtocol USD,XHV,USD,Haven Protocol (XHV) is a cryptocurrency.,CCC,https://havenprotocol.org/,xhv usd,3
XLM-BTC,Stellar BTC,XLM,BTC,Stellar (XLM) is a cryptocurrency.,CCC,https://www.stellar.org,xlm btc,0
XLM-CNY,Stellar CNY,XLM,CNY,Stellar (XLM) is a cryptocurrency.,CCC,https://www.stellar.org,xlm cny,0
XLM-EUR,Stellar EUR,XLM,EUR,Stellar (XLM) is a cryptocurrency.,CCC,https://www.stellar.org,xlm eur,0
XLM-GBP,Stellar GBP,XLM,GBP,Stellar (XLM) is a cryptocurrency.,CCC,https://www.stellar.org,xlm gbp,5
XLM-JPY,Stellar JPY,XLM,JPY,Stellar (XLM) is a cryptocurrency.,CCC,https://www.stellar.org,xlm jpy,6
XLM-USD,Stellar USD,XLM,USD,Stellar (XLM) is a cryptocurrency.,CCC,https://www.stellar.org,xlm usd,3
XLQ-CAD,ALQO CAD,XLQ,CAD,EONS (EONS) is a cryptocurrency.,CCC,https://eons.finance,xlq cad,0
XLQ-CNY,ALQO CNY,XLQ,CNY,EONS (EONS) is a cryptocurrency.,CCC,https://eons.finance,xlq cny,0
XLQ-ETH,ALQO ETH,XLQ,ETH,EONS (EONS) is a cryptocurrency.,CCC,https://eons.finance,xlq eth,1
XLQ-EUR,ALQO EUR,XLQ,EUR,EONS (EONS) is a cryptocurrency.,CCC,https://eons.finance,xlq eur,0
XLQ-GBP,ALQO GBP,XLQ,GBP,EONS (EONS) is a cryptocurrency.,CCC,https://eons.finance,xlq gbp,5
XLQ-INR,ALQO INR,XLQ,INR,EONS (EONS) is a cryptocurrency.,CCC,https://eons.finance,xlq inr,4
XLQ-JPY,ALQO JPY,XLQ,JPY,EONS (EONS) is a cryptocurrency.,CCC,https://eons.finance,xlq jpy,6
XLQ-KRW,ALQO KRW,XLQ,KRW,EONS (EONS) is a cryptocurrency.,CCC,https://eons.finance,xlq krw,0
XLQ-RUB,ALQO RUB,XLQ,RUB,EONS (EONS) is a cryptocurrency.,CCC,https://eons.finance,xlq rub,2
XLQ-USD,ALQO USD,XLQ,USD,EONS (EONS) is a cryptocurrency.,CCC,https://eons.finance,xlq usd,3
XLT-CAD,Nexalt CAD,XLT,CAD,Nexalt (XLT) is a cryptocurrency.,CCC,https://nexalt.org/,xlt cad,0
XLT-CNY,Nexalt CNY,XLT,CNY,Nexalt (XLT) is a cryptocurrency.,CCC,https://nexalt.org/,xlt cny,0
XLT-ETH,Nexalt ETH,XLT,ETH,Nexalt (XLT) is a cryptocurrency.,CCC,https://nexalt.org/,xlt eth,1
XLT-EUR,Nexalt EUR,XLT,EUR,Nexalt (XLT) is a cryptocurrency.,CCC,https://nexalt.org/,xlt eur,0
XLT-GBP,Nexalt GBP,XLT,GBP,Nexalt (XLT) is a cryptocurrency.,CCC,https://nexalt.org/,xlt gbp,5
XLT-INR,Nexalt INR,XLT,INR,Nexalt (XLT) is a cryptocurrency.,CCC,https://nexalt.org/,xlt inr,4
XLT-JPY,Nexalt JPY,XLT,JPY,Nexalt (XLT) is a cryptocurrency.,CCC,https://nexalt.org/,xlt jpy,6
XLT-KRW,Nexalt KRW,XLT,KRW,Nexalt (XLT) is a cryptocurrency.,CCC,https://nexalt.org/,xlt krw,0
XLT-RUB,Nexalt RUB,XLT,RUB,Nexalt (XLT) is a cryptocurrency.,CCC,https://nexalt.org/,xlt rub,2
XLT-USD,Nexalt USD,XLT,USD,Nexalt (XLT) is a cryptocurrency.,CCC,https://nexalt.org/,xlt usd,3
XMC-BTC,MoneroClassic BTC,XMC,BTC,Monero Classic (XMC) is a cryptocurrency.,CCC,http://monero-classic.org/,xmc btc,0
XMC-CAD,MoneroClassic CAD,XMC,CAD,Monero Classic (XMC) is a cryptocurrency.,CCC,http://monero-classic.org/,xmc cad,0
XMC-CNY,MoneroClassic CNY,XMC,CNY,Monero Classic (XMC) is a cryptocurrency.,CCC,http://monero-classic.org/,xmc cny,0
XMC-ETH,MoneroClassic ETH,XMC,ETH,Monero Classic (XMC) is a cryptocurrency.,CCC,http://monero-classic.org/,xmc eth,1
XMC-EUR,MoneroClassic EUR,XMC,EUR,Monero Classic (XMC) is a cryptocurrency.,CCC,http://monero-classic.org/,xmc eur,0
XMC-GBP,MoneroClassic GBP,XMC,GBP,Monero Classic (XMC) is a cryptocurrency.,CCC,http://monero-classic.org/,xmc gbp,5
XMC-INR,MoneroClassic INR,XMC,INR,Monero Classic (XMC) is a cryptocurrency.,CCC,http://monero-classic.org/,xmc inr,4
XMC-JPY,MoneroClassic JPY,XMC,JPY,Monero Classic (XMC) is a cryptocurrency.,CCC,http://monero-classic.org/,xmc jpy,6
XMC-KRW,MoneroClassic KRW,XMC,KRW,Monero Classic (XMC) is a cryptocurrency.,CCC,http://monero-classic.org/,xmc krw,0
XMC-RUB,MoneroClassic RUB,XMC,RUB,Monero Classic (XMC) is a cryptocurrency.,CCC,http://monero-classic.org/,xmc rub,2
XMC-USD,MoneroClassic USD,XMC,USD,Monero Classic (XMC) is a cryptocurrency.,CCC,http://monero-classic.org/,xmc usd,3
XMR-AUD,Monero AUD,XMR,AUD,Monero (XMR) is a cryptocurrency. Users are able to generate XMR through the process of mining.,CCC,https://www.getmonero.org/,xmr aud,0
XMR-CNY,Monero CNY,XMR,CNY,Monero (XMR) is a cryptocurrency. Users are able to generate XMR through the process of mining.,CCC,https://www.getmonero.org/,xmr cny,0
XMR-ETH,Monero ETH,XMR,ETH,Monero (XMR) is a cryptocurrency. Users are able to generate XMR through the process of mining.,CCC,https://www.getmonero.org/,xmr eth,1
XMR-EUR,Monero EUR,XMR,EUR,Monero (XMR) is a cryptocurrency. Users are able to generate XMR through the process of mining.,CCC,https://www.getmonero.org/,xmr eur,0
XMR-GBP,Monero GBP,XMR,GBP,Monero (XMR) is a cryptocurrency. Users are able to generate XMR through the process of mining.,CCC,https://www.getmonero.org/,xmr gbp,5
XMR-INR,Monero INR,XMR,INR,Monero (XMR) is a cryptocurrency. Users are able to generate XMR through the process of mining.,CCC,https://www.getmonero.org/,xmr inr,4
XMR-JPY,Monero JPY,XMR,JPY,Monero (XMR) is a cryptocurrency. Users are able to generate XMR through the process of mining.,CCC,https://www.getmonero.org/,xmr jpy,6
XMR-KRW,Monero KRW,XMR,KRW,Monero (XMR) is a cryptocurrency. Users are able to generate XMR through the process of mining.,CCC,https://www.getmonero.org/,xmr krw,0
XMR-RUB,Monero RUB,XMR,RUB,Monero (XMR) is a cryptocurrency. Users are able to generate XMR through the process of mining.,CCC,https://www.getmonero.org/,xmr rub,2
XMR-USD,Monero USD,XMR,USD,Monero (XMR) is a cryptocurrency. Users are able to generate XMR through the process of mining.,CCC,https://www.getmonero.org/,xmr usd,3
XMY-KRW,Myriad KRW,XMY,KRW,Myriad (XMY) is a cryptocurrency. Users are able to generate XMY through the process of mining.,CCC,http://myriadcoin.org/,xmy krw,0
XMY-RUB,Myriad RUB,XMY,RUB,Myriad (XMY) is a cryptocurrency. Users are able to generate XMY through the process of mining.,CCC,http://myriadcoin.org/,xmy rub,2
XMY-USD,Myriad USD,XMY,USD,Myriad (XMY) is a cryptocurrency. Users are able to generate XMY through the process of mining.,CCC,http://myriadcoin.org/,xmy usd,3
XNC-CAD,XeniosCoin CAD,XNC,CAD,XeniosCoin (XNC) is a cryptocurrency.,CCC,https://xenioscoin.com,xnc cad,0
XNC-CNY,XeniosCoin CNY,XNC,CNY,XeniosCoin (XNC) is a cryptocurrency.,CCC,https://xenioscoin.com,xnc cny,0
XNC-ETH,XeniosCoin ETH,XNC,ETH,XeniosCoin (XNC) is a cryptocurrency.,CCC,https://xenioscoin.com,xnc eth,1
XNC-EUR,XeniosCoin EUR,XNC,EUR,XeniosCoin (XNC) is a cryptocurrency.,CCC,https://xenioscoin.com,xnc eur,0
XNC-GBP,XeniosCoin GBP,XNC,GBP,XeniosCoin (XNC) is a cryptocurrency.,CCC,https://xenioscoin.com,xnc gbp,5
XNC-INR,XeniosCoin INR,XNC,INR,XeniosCoin (XNC) is a cryptocurrency.,CCC,https://xenioscoin.com,xnc inr,4
XNC-JPY,XeniosCoin JPY,XNC,JPY,XeniosCoin (XNC) is a cryptocurrency.,CCC,https://xenioscoin.com,xnc jpy,6
XNC-KRW,XeniosCoin KRW,XNC,KRW,XeniosCoin (XNC) is a cryptocurrency.,CCC,https://xenioscoin.com,xnc krw,0
XNC-RUB,XeniosCoin RUB,XNC,RUB,XeniosCoin (XNC) is a cryptocurrency.,CCC,https://xenioscoin.com,xnc rub,2
XNC-USD,XeniosCoin USD,XNC,USD,XeniosCoin (XNC) is a cryptocurrency.,CCC,https://xenioscoin.com,xnc usd,3
XNS1-BTC,Insolar BTC,XNS1,BTC,Insolar (XNS) is a cryptocurrency launched in 2020.,CCC,https://xns.insolar.io,xns btc,0
XNS1-CAD,Insolar CAD,XNS1,CAD,Insolar (XNS) is a cryptocurrency launched in 2020.,CCC,https://xns.insolar.io,xns cad,0
XNS1-CNY,Insolar CNY,XNS1,CNY,Insolar (XNS) is a cryptocurrency launched in 2020.,CCC,https://xns.insolar.io,xns cny,0
XNS1-ETH,Insolar ETH,XNS1,ETH,Insolar (XNS) is a cryptocurrency launched in 2020.,CCC,https://xns.insolar.io,xns eth,1
XNS1-EUR,Insolar EUR,XNS1,EUR,Insolar (XNS) is a cryptocurrency launched in 2020.,CCC,https://xns.insolar.io,xns eur,0
XNS1-GBP,Insolar GBP,XNS1,GBP,Insolar (XNS) is a cryptocurrency launched in 2020.,CCC,https://xns.insolar.io,xns gbp,5
XNS1-INR,Insolar INR,XNS1,INR,Insolar (XNS) is a cryptocurrency launched in 2020.,CCC,https://xns.insolar.io,xns inr,4
XNS1-JPY,Insolar JPY,XNS1,JPY,Insolar (XNS) is a cryptocurrency launched in 2020.,CCC,https://xns.insolar.io,xns jpy,6
XNS1-KRW,Insolar KRW,XNS1,KRW,Insolar (XNS) is a cryptocurrency launched in 2020.,CCC,https://xns.insolar.io,xns krw,0
XNS1-RUB,Insolar RUB,XNS1,RUB,Insolar (XNS) is a cryptocurrency launched in 2020.,CCC,https://xns.insolar.io,xns rub,2
XRC-AUD,BitcoinRhodium AUD,XRC,AUD,xRhodium (XRC) is a cryptocurrency. Users are able to generate XRC through the process of mining.,CCC,https://www.xrhodium.org,xrc aud,0
XRC-BTC,BitcoinRhodium BTC,XRC,BTC,xRhodium (XRC) is a cryptocurrency. Users are able to generate XRC through the process of mining.,CCC,https://www.xrhodium.org,xrc btc,0
XRC-CAD,BitcoinRhodium CAD,XRC,CAD,xRhodium (XRC) is a cryptocurrency. Users are able to generate XRC through the process of mining.,CCC,https://www.xrhodium.org,xrc cad,0
XRC-CNY,BitcoinRhodium CNY,XRC,CNY,xRhodium (XRC) is a cryptocurrency. Users are able to generate XRC through the process of mining.,CCC,https://www.xrhodium.org,xrc cny,0
XRC-ETH,BitcoinRhodium ETH,XRC,ETH,xRhodium (XRC) is a cryptocurrency. Users are able to generate XRC through the process of mining.,CCC,https://www.xrhodium.org,xrc eth,1
XRC-EUR,BitcoinRhodium EUR,XRC,EUR,xRhodium (XRC) is a cryptocurrency. Users are able to generate XRC through the process of mining.,CCC,https://www.xrhodium.org,xrc eur,0
XRC-GBP,BitcoinRhodium GBP,XRC,GBP,xRhodium (XRC) is a cryptocurrency. Users are able to generate XRC through the process of mining.,CCC,https://www.xrhodium.org,xrc gbp,5
XRC-INR,BitcoinRhodium INR,XRC,INR,xRhodium (XRC) is a cryptocurrency. Users are able to generate XRC through the process of mining.,CCC,https://www.xrhodium.org,xrc inr,4
XRC-JPY,BitcoinRhodium JPY,XRC,JPY,xRhodium (XRC) is a cryptocurrency. Users are able to generate XRC through the process of mining.,CCC,https://www.xrhodium.org,xrc jpy,6
XRC-KRW,BitcoinRhodium KRW,XRC,KRW,xRhodium (XRC) is a cryptocurrency. Users are able to generate XRC through the process of mining.,CCC,https://www.xrhodium.org,xrc krw,0
XRC-RUB,BitcoinRhodium RUB,XRC,RUB,xRhodium (XRC) is a cryptocurrency. Users are able to generate XRC through the process of mining.,CCC,https://www.xrhodium.org,xrc rub,2
XRC-USD,BitcoinRhodium USD,XRC,USD,xRhodium (XRC) is a cryptocurrency. Users are able to generate XRC through the process of mining.,CCC,https://www.xrhodium.org,xrc usd,3
XRP-BTC,XRP BTC,XRP,BTC,XRP (XRP) is a cryptocurrency.,CCC,https://xrpl.org/,xrp btc,0
XRP-CAD,XRP CAD,XRP,CAD,XRP (XRP) is a cryptocurrency.,CCC,https://xrpl.org/,xrp cad,0
XRP-EUR,XRP EUR,XRP,EUR,XRP (XRP) is a cryptocurrency.,CCC,https://xrpl.org/,xrp eur,0
XRP-GBP,XRP GBP,XRP,GBP,XRP (XRP) is a cryptocurrency.,CCC,https://xrpl.org/,xrp gbp,5
XRP-INR,XRP INR,XRP,INR,XRP (XRP) is a cryptocurrency.,CCC,https://xrpl.org/,xrp inr,4
XRP-JPY,XRP JPY,XRP,JPY,XRP (XRP) is a cryptocurrency.,CCC,https://xrpl.org/,xrp jpy,6
XRP-USD,XRP USD,XRP,USD,XRP (XRP) is a cryptocurrency.,CCC,https://xrpl.org/,xrp usd,3
XSN-BTC,Stakenet BTC,XSN,BTC,Stakenet (XSN) is a cryptocurrency.,CCC,https://stakenet.io/,xsn btc,0
XSN-CAD,Stakenet CAD,XSN,CAD,Stakenet (XSN) is a cryptocurrency.,CCC,https://stakenet.io/,xsn cad,0
XSN-CNY,Stakenet CNY,XSN,CNY,Stakenet (XSN) is a cryptocurrency.,CCC,https://stakenet.io/,xsn cny,0
XSN-ETH,Stakenet ETH,XSN,ETH,Stakenet (XSN) is a cryptocurrency.,CCC,https://stakenet.io/,xsn eth,1
XSN-EUR,Stakenet EUR,XSN,EUR,Stakenet (XSN) is a cryptocurrency.,CCC,https://stakenet.io/,xsn eur,0
XSN-GBP,Stakenet GBP,XSN,GBP,Stakenet (XSN) is a cryptocurrency.,CCC,https://stakenet.io/,xsn gbp,5
XSN-INR,Stakenet INR,XSN,INR,Stakenet (XSN) is a cryptocurrency.,CCC,https://stakenet.io/,xsn inr,4
XSN-JPY,Stakenet JPY,XSN,JPY,Stakenet (XSN) is a cryptocurrency.,CCC,https://stakenet.io/,xsn jpy,6
XSN-KRW,Stakenet KRW,XSN,KRW,Stakenet (XSN) is a cryptocurrency.,CCC,https://stakenet.io/,xsn krw,0
XSN-RUB,Stakenet RUB,XSN,RUB,Stakenet (XSN) is a cryptocurrency.,CCC,https://stakenet.io/,xsn rub,2
XSN-USD,Stakenet USD,XSN,USD,Stakenet (XSN) is a cryptocurrency.,CCC,https://stakenet.io/,xsn usd,3
XTZ-CNY,Tezos CNY,XTZ,CNY,Tezos (XTZ) is a cryptocurrency launched in 2018.,CCC,https://www.tezos.com/,xtz cny,0
XTZ-ETH,Tezos ETH,XTZ,ETH,Tezos (XTZ) is a cryptocurrency launched in 2018.,CCC,https://www.tezos.com/,xtz eth,1
XTZ-EUR,Tezos EUR,XTZ,EUR,Tezos (XTZ) is a cryptocurrency launched in 2018.,CCC,https://www.tezos.com/,xtz eur,0
XTZ-GBP,Tezos GBP,XTZ,GBP,Tezos (XTZ) is a cryptocurrency launched in 2018.,CCC,https://www.tezos.com/,xtz gbp,5
XTZ-INR,Tezos INR,XTZ,INR,Tezos (XTZ) is a cryptocurrency launched in 2018.,CCC,https://www.tezos.com/,xtz inr,4
XTZ-JPY,Tezos JPY,XTZ,JPY,Tezos (XTZ) is a cryptocurrency launched in 2018.,CCC,https://www.tezos.com/,xtz jpy,6
XTZ-KRW,Tezos KRW,XTZ,KRW,Tezos (XTZ) is a cryptocurrency launched in 2018.,CCC,https://www.tezos.com/,xtz krw,0
XTZ-RUB,Tezos RUB,XTZ,RUB,Tezos (XTZ) is a cryptocurrency launched in 2018.,CCC,https://www.tezos.com/,xtz rub,2
XTZ-USD,Tezos USD,XTZ,USD,Tezos (XTZ) is a cryptocurrency launched in 2018.,CCC,https://www.tezos.com/,xtz usd,3
XUC-AUD,ExchangeUnion AUD,XUC,AUD,Exchange Union (XUC) is a cryptocurrency and operates on the Ethereum platform.,CCC,https://www.exchangeunion.com/,xuc aud,0
XUC-BTC,ExchangeUnion BTC,XUC,BTC,Exchange Union (XUC) is a cryptocurrency and operates on the Ethereum platform.,CCC,https://www.exchangeunion.com/,xuc btc,0
XUC-CAD,ExchangeUnion CAD,XUC,CAD,Exchange Union (XUC) is a cryptocurrency and operates on the Ethereum platform.,CCC,https://www.exchangeunion.com/,xuc cad,0
XUC-CNY,ExchangeUnion CNY,XUC,CNY,Exchange Union (XUC) is a cryptocurrency and operates on the Ethereum platform.,CCC,https://www.exchangeunion.com/,xuc cny,0
XUC-ETH,ExchangeUnion ETH,XUC,ETH,Exchange Union (XUC) is a cryptocurrency and operates on the Ethereum platform.,CCC,https://www.exchangeunion.com/,xuc eth,1
XUC-EUR,ExchangeUnion EUR,XUC,EUR,Exchange Union (XUC) is a cryptocurrency and operates on the Ethereum platform.,CCC,https://www.exchangeunion.com/,xuc eur,0
XUC-INR,ExchangeUnion INR,XUC,INR,Exchange Union (XUC) is a cryptocurrency and operates on the Ethereum platform.,CCC,https://www.exchangeunion.com/,xuc inr,4
XUC-KRW,ExchangeUnion KRW,XUC,KRW,Exchange Union (XUC) is a cryptocurrency and operates on the Ethereum platform.,CCC,https://www.exchangeunion.com/,xuc krw,0
XUC-RUB,ExchangeUnion RUB,XUC,RUB,Exchange Union (XUC) is a cryptocurrency and operates on the Ethereum platform.,CCC,https://www.exchangeunion.com/,xuc rub,2
XUC-USD,ExchangeUnion USD,XUC,USD,Exchange Union (XUC) is a cryptocurrency and operates on the Ethereum platform.,CCC,https://www.exchangeunion.com/,xuc usd,3
XVG-AUD,Verge AUD,XVG,AUD,Verge (XVG) is a cryptocurrency. Users are able to generate XVG through the process of mining.,CCC,http://vergecurrency.com/,xvg aud,0
XVG-BTC,Verge BTC,XVG,BTC,Verge (XVG) is a cryptocurrency. Users are able to generate XVG through the process of mining.,CCC,http://vergecurrency.com/,xvg btc,0
XVG-CNY,Verge CNY,XVG,CNY,Verge (XVG) is a cryptocurrency. Users are able to generate XVG through the process of mining.,CCC,http://vergecurrency.com/,xvg cny,0
XVG-ETH,Verge ETH,XVG,ETH,Verge (XVG) is a cryptocurrency. Users are able to generate XVG through the process of mining.,CCC,http://vergecurrency.com/,xvg eth,1
XVG-GBP,Verge GBP,XVG,GBP,Verge (XVG) is a cryptocurrency. Users are able to generate XVG through the process of mining.,CCC,http://vergecurrency.com/,xvg gbp,5
XVG-INR,Verge INR,XVG,INR,Verge (XVG) is a cryptocurrency. Users are able to generate XVG through the process of mining.,CCC,http://vergecurrency.com/,xvg inr,4
XVG-JPY,Verge JPY,XVG,JPY,Verge (XVG) is a cryptocurrency. Users are able to generate XVG through the process of mining.,CCC,http://vergecurrency.com/,xvg jpy,6
XVG-KRW,Verge KRW,XVG,KRW,Verge (XVG) is a cryptocurrency. Users are able to generate XVG through the process of mining.,CCC,http://vergecurrency.com/,xvg krw,0
XVG-RUB,Verge RUB,XVG,RUB,Verge (XVG) is a cryptocurrency. Users are able to generate XVG through the process of mining.,CCC,http://vergecurrency.com/,xvg rub,2
XVG-USD,Verge USD,XVG,USD,Verge (XVG) is a cryptocurrency. Users are able to generate XVG through the process of mining.,CCC,http://vergecurrency.com/,xvg usd,3
XWC-CAD,WhiteCoin CAD,XWC,CAD,WhiteCoin (XWC) is a cryptocurrency.,CCC,http://whitecoin.info/,xwc cad,0
XWC-CNY,WhiteCoin CNY,XWC,CNY,WhiteCoin (XWC) is a cryptocurrency.,CCC,http://whitecoin.info/,xwc cny,0
XWC-ETH,WhiteCoin ETH,XWC,ETH,WhiteCoin (XWC) is a cryptocurrency.,CCC,http://whitecoin.info/,xwc eth,1
XWC-EUR,WhiteCoin EUR,XWC,EUR,WhiteCoin (XWC) is a cryptocurrency.,CCC,http://whitecoin.info/,xwc eur,0
XWC-GBP,WhiteCoin GBP,XWC,GBP,WhiteCoin (XWC) is a cryptocurrency.,CCC,http://whitecoin.info/,xwc gbp,5
XWC-INR,WhiteCoin INR,XWC,INR,WhiteCoin (XWC) is a cryptocurrency.,CCC,http://whitecoin.info/,xwc inr,4
XWC-JPY,WhiteCoin JPY,XWC,JPY,WhiteCoin (XWC) is a cryptocurrency.,CCC,http://whitecoin.info/,xwc jpy,6
XWC-KRW,WhiteCoin KRW,XWC,KRW,WhiteCoin (XWC) is a cryptocurrency.,CCC,http://whitecoin.info/,xwc krw,0
XWC-RUB,WhiteCoin RUB,XWC,RUB,WhiteCoin (XWC) is a cryptocurrency.,CCC,http://whitecoin.info/,xwc rub,2
XWC-USD,WhiteCoin USD,XWC,USD,WhiteCoin (XWC) is a cryptocurrency.,CCC,http://whitecoin.info/,xwc usd,3
YEP-CAD,YEPCOIN CAD,YEP,CAD,YEP COIN (YEP) is a cryptocurrency.,CCC,https://www.yepcoin.io/,yep cad,0
YEP-CNY,YEPCOIN CNY,YEP,CNY,YEP COIN (YEP) is a cryptocurrency.,CCC,https://www.yepcoin.io/,yep cny,0
YEP-ETH,YEPCOIN ETH,YEP,ETH,YEP COIN (YEP) is a cryptocurrency.,CCC,https://www.yepcoin.io/,yep eth,1
YEP-EUR,YEPCOIN EUR,YEP,EUR,YEP COIN (YEP) is a cryptocurrency.,CCC,https://www.yepcoin.io/,yep eur,0
YEP-GBP,YEPCOIN GBP,YEP,GBP,YEP COIN (YEP) is a cryptocurrency.,CCC,https://www.yepcoin.io/,yep gbp,5
YEP-INR,YEPCOIN INR,YEP,INR,YEP COIN (YEP) is a cryptocurrency.,CCC,https://www.yepcoin.io/,yep inr,4
YEP-JPY,YEPCOIN JPY,YEP,JPY,YEP COIN (YEP) is a cryptocurrency.,CCC,https://www.yepcoin.io/,yep jpy,6
YEP-KRW,YEPCOIN KRW,YEP,KRW,YEP COIN (YEP) is a cryptocurrency.,CCC,https://www.yepcoin.io/,yep krw,0
YEP-RUB,YEPCOIN RUB,YEP,RUB,YEP COIN (YEP) is a cryptocurrency.,CCC,https://www.yepcoin.io/,yep rub,2
YEP-USD,YEPCOIN USD,YEP,USD,YEP COIN (YEP) is a cryptocurrency.,CCC,https://www.yepcoin.io/,yep usd,3
YFI-AUD,yearnfinance AUD,YFI,AUD,yearn.finance (YFI) is a cryptocurrency and operates on the Ethereum platform.,CCC,https://yearn.finance/,yfi aud,0
YFI-BTC,yearnfinance BTC,YFI,BTC,yearn.finance (YFI) is a cryptocurrency and operates on the Ethereum platform.,CCC,https://yearn.finance/,yfi btc,0
YFI-CAD,yearnfinance CAD,YFI,CAD,yearn.finance (YFI) is a cryptocurrency and operates on the Ethereum platform.,CCC,https://yearn.finance/,yfi cad,0
YFI-CNY,yearnfinance CNY,YFI,CNY,yearn.finance (YFI) is a cryptocurrency and operates on the Ethereum platform.,CCC,https://yearn.finance/,yfi cny,0
YFI-ETH,yearnfinance ETH,YFI,ETH,yearn.finance (YFI) is a cryptocurrency and operates on the Ethereum platform.,CCC,https://yearn.finance/,yfi eth,1
YFI-EUR,yearnfinance EUR,YFI,EUR,yearn.finance (YFI) is a cryptocurrency and operates on the Ethereum platform.,CCC,https://yearn.finance/,yfi eur,0
YFI-GBP,yearnfinance GBP,YFI,GBP,yearn.finance (YFI) is a cryptocurrency and operates on the Ethereum platform.,CCC,https://yearn.finance/,yfi gbp,5
YFI-INR,yearnfinance INR,YFI,INR,yearn.finance (YFI) is a cryptocurrency and operates on the Ethereum platform.,CCC,https://yearn.finance/,yfi inr,4
YFI-JPY,yearnfinance JPY,YFI,JPY,yearn.finance (YFI) is a cryptocurrency and operates on the Ethereum platform.,CCC,https://yearn.finance/,yfi jpy,6
YFI-KRW,yearnfinance KRW,YFI,KRW,yearn.finance (YFI) is a cryptocurrency and operates on the Ethereum platform.,CCC,https://yearn.finance/,yfi krw,0
YFI-RUB,yearnfinance RUB,YFI,RUB,yearn.finance (YFI) is a cryptocurrency and operates on the Ethereum platform.,CCC,https://yearn.finance/,yfi rub,2
YFI-USD,yearnfinance USD,YFI,USD,yearn.finance (YFI) is a cryptocurrency and operates on the Ethereum platform.,CCC,https://yearn.finance/,yfi usd,3
YOYOW-CAD,YOYOW CAD,YOYOW,CAD,YOYOW (YOYOW) is a cryptocurrency.,CCC,https://yoyow.org/,yoyow cad,0
YOYOW-CNY,YOYOW CNY,YOYOW,CNY,YOYOW (YOYOW) is a cryptocurrency.,CCC,https://yoyow.org/,yoyow cny,0
YOYOW-ETH,YOYOW ETH,YOYOW,ETH,YOYOW (YOYOW) is a cryptocurrency.,CCC,https://yoyow.org/,yoyow eth,1
YOYOW-EUR,YOYOW EUR,YOYOW,EUR,YOYOW (YOYOW) is a cryptocurrency.,CCC,https://yoyow.org/,yoyow eur,0
YOYOW-GBP,YOYOW GBP,YOYOW,GBP,YOYOW (YOYOW) is a cryptocurrency.,CCC,https://yoyow.org/,yoyow gbp,5
YOYOW-INR,YOYOW INR,YOYOW,INR,YOYOW (YOYOW) is a cryptocurrency.,CCC,https://yoyow.org/,yoyow inr,4
YOYOW-JPY,YOYOW JPY,YOYOW,JPY,YOYOW (YOYOW) is a cryptocurrency.,CCC,https://yoyow.org/,yoyow jpy,6
YOYOW-KRW,YOYOW KRW,YOYOW,KRW,YOYOW (YOYOW) is a cryptocurrency.,CCC,https://yoyow.org/,yoyow krw,0
YOYOW-RUB,YOYOW RUB,YOYOW,RUB,YOYOW (YOYOW) is a cryptocurrency.,CCC,https://yoyow.org/,yoyow rub,2
YOYOW-USD,YOYOW USD,YOYOW,USD,YOYOW (YOYOW) is a cryptocurrency.,CCC,https://yoyow.org/,yoyow usd,3
ZANO-CAD,Zano CAD,ZANO,CAD,Zano (ZANO) is a cryptocurrency.,CCC,https://zano.org/,zano cad,0
ZANO-CNY,Zano CNY,ZANO,CNY,Zano (ZANO) is a cryptocurrency.,CCC,https://zano.org/,zano cny,0
ZANO-ETH,Zano ETH,ZANO,ETH,Zano (ZANO) is a cryptocurrency.,CCC,https://zano.org/,zano eth,1
ZANO-EUR,Zano EUR,ZANO,EUR,Zano (ZANO) is a cryptocurrency.,CCC,https://zano.org/,zano eur,0
ZANO-GBP,Zano GBP,ZANO,GBP,Zano (ZANO) is a cryptocurrency.,CCC,https://zano.org/,zano gbp,5
ZANO-INR,Zano INR,ZANO,INR,Zano (ZANO) is a cryptocurrency.,CCC,https://zano.org/,zano inr,4
ZANO-JPY,Zano JPY,ZANO,JPY,Zano (ZANO) is a cryptocurrency.,CCC,https://zano.org/,zano jpy,6
ZANO-KRW,Zano KRW,ZANO,KRW,Zano (ZANO) is a cryptocurrency. Users are able to generate ZANO through the process of mining.,CCC,https://zano.org/,zano krw,0
ZANO-RUB,Zano RUB,ZANO,RUB,Zano (ZANO) is a cryptocurrency.,CCC,https://zano.org/,zano rub,2
ZANO-USD,Zano USD,ZANO,USD,Zano (ZANO) is a cryptocurrency.,CCC,https://zano.org/,zano usd,3
ZEC-BTC,Zcash BTC,ZEC,BTC,Zcash (ZEC) is a cryptocurrency. Users are able to generate ZEC through the process of mining.,CCC,https://z.cash/,zec btc,0
ZEC-CAD,Zcash CAD,ZEC,CAD,Zcash (ZEC) is a cryptocurrency. Users are able to generate ZEC through the process of mining.,CCC,https://z.cash/,zec cad,0
ZEC-ETH,Zcash ETH,ZEC,ETH,Zcash (ZEC) is a cryptocurrency. Users are able to generate ZEC through the process of mining.,CCC,https://z.cash/,zec eth,1
ZEC-EUR,Zcash EUR,ZEC,EUR,Zcash (ZEC) is a cryptocurrency. Users are able to generate ZEC through the process of mining.,CCC,https://z.cash/,zec eur,0
ZEC-GBP,Zcash GBP,ZEC,GBP,Zcash (ZEC) is a cryptocurrency. Users are able to generate ZEC through the process of mining.,CCC,https://z.cash/,zec gbp,5
ZEC-INR,Zcash INR,ZEC,INR,Zcash (ZEC) is a cryptocurrency. Users are able to generate ZEC through the process of mining.,CCC,https://z.cash/,zec inr,4
ZEC-JPY,Zcash JPY,ZEC,JPY,Zcash (ZEC) is a cryptocurrency. Users are able to generate ZEC through the process of mining.,CCC,https://z.cash/,zec jpy,6
ZEC-KRW,Zcash KRW,ZEC,KRW,Zcash (ZEC) is a cryptocurrency. Users are able to generate ZEC through the process of mining.,CCC,https://z.cash/,zec krw,0
ZEC-RUB,Zcash RUB,ZEC,RUB,Zcash (ZEC) is a cryptocurrency. Users are able to generate ZEC through the process of mining.,CCC,https://z.cash/,zec rub,2
ZEC-USD,Zcash USD,ZEC,USD,Zcash (ZEC) is a cryptocurrency. Users are able to generate ZEC through the process of mining.,CCC,https://z.cash/,zec usd,3
ZEL-CAD,ZelCash CAD,ZEL,CAD,Flux (FLUX) is a cryptocurrency. Users are able to generate FLUX through the process of mining.,CCC,https://runonflux.io/,zel cad,0
ZEL-CNY,ZelCash CNY,ZEL,CNY,Flux (FLUX) is a cryptocurrency. Users are able to generate FLUX through the process of mining.,CCC,https://runonflux.io/,zel cny,0
ZEL-ETH,ZelCash ETH,ZEL,ETH,Flux (FLUX) is a cryptocurrency. Users are able to generate FLUX through the process of mining.,CCC,https://runonflux.io/,zel eth,1
ZEL-EUR,ZelCash EUR,ZEL,EUR,Flux (FLUX) is a cryptocurrency. Users are able to generate FLUX through the process of mining.,CCC,https://runonflux.io/,zel eur,0
ZEL-GBP,ZelCash GBP,ZEL,GBP,Flux (FLUX) is a cryptocurrency. Users are able to generate FLUX through the process of mining.,CCC,https://runonflux.io/,zel gbp,5
ZEL-INR,ZelCash INR,ZEL,INR,Flux (FLUX) is a cryptocurrency. Users are able to generate FLUX through the process of mining.,CCC,https://runonflux.io/,zel inr,4
ZEL-JPY,ZelCash JPY,ZEL,JPY,Flux (FLUX) is a cryptocurrency. Users are able to generate FLUX through the process of mining.,CCC,https://runonflux.io/,zel jpy,6
ZEL-KRW,ZelCash KRW,ZEL,KRW,Flux (FLUX) is a cryptocurrency. Users are able to generate FLUX through the process of mining.,CCC,https://runonflux.io/,zel krw,0
ZEL-RUB,ZelCash RUB,ZEL,RUB,Flux (FLUX) is a cryptocurrency. Users are able to generate FLUX through the process of mining.,CCC,https://runonflux.io/,zel rub,2
ZEL-USD,ZelCash USD,ZEL,USD,Flux (FLUX) is a cryptocurrency. Users are able to generate FLUX through the process of mining.,CCC,https://runonflux.io/,zel usd,3
ZEN-BTC,Horizen BTC,ZEN,BTC,Horizen (ZEN) is a cryptocurrency. Users are able to generate ZEN through the process of mining.,CCC,https://horizen.global/,zen btc,0
ZEN-CAD,Horizen CAD,ZEN,CAD,Horizen (ZEN) is a cryptocurrency. Users are able to generate ZEN through the process of mining.,CCC,https://horizen.global/,zen cad,0
ZEN-CNY,Horizen CNY,ZEN,CNY,Horizen (ZEN) is a cryptocurrency. Users are able to generate ZEN through the process of mining.,CCC,https://horizen.global/,zen cny,0
ZEN-ETH,Horizen ETH,ZEN,ETH,Horizen (ZEN) is a cryptocurrency. Users are able to generate ZEN through the process of mining.,CCC,https://horizen.global/,zen eth,1
ZEN-EUR,Horizen EUR,ZEN,EUR,Horizen (ZEN) is a cryptocurrency. Users are able to generate ZEN through the process of mining.,CCC,https://horizen.global/,zen eur,0
ZEN-GBP,Horizen GBP,ZEN,GBP,Horizen (ZEN) is a cryptocurrency. Users are able to generate ZEN through the process of mining.,CCC,https://horizen.global/,zen gbp,5
ZEN-INR,Horizen INR,ZEN,INR,Horizen (ZEN) is a cryptocurrency. Users are able to generate ZEN through the process of mining.,CCC,https://horizen.global/,zen inr,4
ZEN-KRW,Horizen KRW,ZEN,KRW,Horizen (ZEN) is a cryptocurrency. Users are able to generate ZEN through the process of mining.,CCC,https://horizen.global/,zen krw,0
ZEN-RUB,Horizen RUB,ZEN,RUB,Horizen (ZEN) is a cryptocurrency. Users are able to generate ZEN through the process of mining.,CCC,https://horizen.global/,zen rub,2
ZEN-USD,Horizen USD,ZEN,USD,Horizen (ZEN) is a cryptocurrency. Users are able to generate ZEN through the process of mining.,CCC,https://horizen.global/,zen usd,3
ZIL-AUD,Zilliqa AUD,ZIL,AUD,Zilliqa (ZIL) is a cryptocurrency. Users are able to generate ZIL through the process of mining.,CCC,https://www.zilliqa.com/,zil aud,0
ZIL-BTC,Zilliqa BTC,ZIL,BTC,Zilliqa (ZIL) is a cryptocurrency. Users are able to generate ZIL through the process of mining.,CCC,https://www.zilliqa.com/,zil btc,0
ZIL-CAD,Zilliqa CAD,ZIL,CAD,Zilliqa (ZIL) is a cryptocurrency. Users are able to generate ZIL through the process of mining.,CCC,https://www.zilliqa.com/,zil cad,0
ZIL-CNY,Zilliqa CNY,ZIL,CNY,Zilliqa (ZIL) is a cryptocurrency. Users are able to generate ZIL through the process of mining.,CCC,https://www.zilliqa.com/,zil cny,0
ZIL-ETH,Zilliqa ETH,ZIL,ETH,Zilliqa (ZIL) is a cryptocurrency. Users are able to generate ZIL through the process of mining.,CCC,https://www.zilliqa.com/,zil eth,1
ZIL-EUR,Zilliqa EUR,ZIL,EUR,Zilliqa (ZIL) is a cryptocurrency. Users are able to generate ZIL through the process of mining.,CCC,https://www.zilliqa.com/,zil eur,0
ZIL-GBP,Zilliqa GBP,ZIL,GBP,Zilliqa (ZIL) is a cryptocurrency. Users are able to generate ZIL through the process of mining.,CCC,https://www.zilliqa.com/,zil gbp,5
ZIL-INR,Zilliqa INR,ZIL,INR,Zilliqa (ZIL) is a cryptocurrency. Users are able to generate ZIL through the process of mining.,CCC,https://www.zilliqa.com/,zil inr,4
ZIL-JPY,Zilliqa JPY,ZIL,JPY,Zilliqa (ZIL) is a cryptocurrency. Users are able to generate ZIL through the process of mining.,CCC,https://www.zilliqa.com/,zil jpy,6
ZIL-KRW,Zilliqa KRW,ZIL,KRW,Zilliqa (ZIL) is a cryptocurrency. Users are able to generate ZIL through the process of mining.,CCC,https://www.zilliqa.com/,zil krw,0
ZIL-RUB,Zilliqa RUB,ZIL,RUB,Zilliqa (ZIL) is a cryptocurrency. Users are able to generate ZIL through the process of mining.,CCC,https://www.zilliqa.com/,zil rub,2
ZIL-USD,Zilliqa USD,ZIL,USD,Zilliqa (ZIL) is a cryptocurrency. Users are able to generate ZIL through the process of mining.,CCC,https://www.zilliqa.com/,zil usd,3
ZNN-CAD,Zenon CAD,ZNN,CAD,Zenon (ZNN) is a cryptocurrency. Users are able to generate ZNN through the process of mining.,CCC,https://zenon.network/,znn cad,0
ZNN-CNY,Zenon CNY,ZNN,CNY,Zenon (ZNN) is a cryptocurrency. Users are able to generate ZNN through the process of mining.,CCC,https://zenon.network/,znn cny,0
ZNN-ETH,Zenon ETH,ZNN,ETH,Zenon (ZNN) is a cryptocurrency. Users are able to generate ZNN through the process of mining.,CCC,https://zenon.network/,znn eth,1
ZNN-EUR,Zenon EUR,ZNN,EUR,Zenon (ZNN) is a cryptocurrency. Users are able to generate ZNN through the process of mining.,CCC,https://zenon.network/,znn eur,0
ZNN-GBP,Zenon GBP,ZNN,GBP,Zenon (ZNN) is a cryptocurrency. Users are able to generate ZNN through the process of mining.,CCC,https://zenon.network/,znn gbp,5
ZNN-INR,Zenon INR,ZNN,INR,Zenon (ZNN) is a cryptocurrency. Users are able to generate ZNN through the process of mining.,CCC,https://zenon.network/,znn inr,4
ZNN-JPY,Zenon JPY,ZNN,JPY,Zenon (ZNN) is a cryptocurrency. Users are able to generate ZNN through the process of mining.,CCC,https://zenon.network/,znn jpy,6
ZNN-KRW,Zenon KRW,ZNN,KRW,Zenon (ZNN) is a cryptocurrency. Users are able to generate ZNN through the process of mining.,CCC,https://zenon.network/,znn krw,0
ZNN-RUB,Zenon RUB,ZNN,RUB,Zenon (ZNN) is a cryptocurrency. Users are able to generate ZNN through the process of mining.,CCC,https://zenon.network/,znn rub,2
ZNN-USD,Zenon USD,ZNN,USD,Zenon (ZNN) is a cryptocurrency. Users are able to generate ZNN through the process of mining.,CCC,https://zenon.network/,znn usd,3
ZRX-CAD,0x CAD,ZRX,CAD,0x (ZRX) is a cryptocurrency and operates on the Ethereum platform.,CCC,https://0x.org/,zrx cad,0
ZRX-CNY,0x CNY,ZRX,CNY,0x (ZRX) is a cryptocurrency and operates on the Ethereum platform.,CCC,https://0x.org/,zrx cny,0
ZRX-ETH,0x ETH,ZRX,ETH,0x (ZRX) is a cryptocurrency and operates on the Ethereum platform.,CCC,https://0x.org/,zrx eth,1
ZRX-EUR,0x EUR,ZRX,EUR,0x (ZRX) is a cryptocurrency and operates on the Ethereum platform.,CCC,https://0x.org/,zrx eur,0
ZRX-GBP,0x GBP,ZRX,GBP,0x (ZRX) is a cryptocurrency and operates on the Ethereum platform.,CCC,https://0x.org/,zrx gbp,5
ZRX-INR,0x INR,ZRX,INR,0x (ZRX) is a cryptocurrency and operates on the Ethereum platform.,CCC,https://0x.org/,zrx inr,4
ZRX-JPY,0x JPY,ZRX,JPY,0x (ZRX) is a cryptocurrency and operates on the Ethereum platform.,CCC,https://0x.org/,zrx jpy,6
ZRX-KRW,0x KRW,ZRX,KRW,0x (ZRX) is a cryptocurrency and operates on the Ethereum platform.,CCC,https://0x.org/,zrx krw,0
ZRX-RUB,0x RUB,ZRX,RUB,0x (ZRX) is a cryptocurrency and operates on the Ethereum platform.,CCC,https://0x.org/,zrx rub,2
ZRX-USD,0x USD,ZRX,USD,0x (ZRX) is a cryptocurrency and operates on the Ethereum platform.,CCC,https://0x.org/,zrx usd,3
ZVC-BTC,ZVCHAIN BTC,ZVC,BTC,ZVCHAIN (ZVC) is a cryptocurrency. Users are able to generate ZVC through the process of mining.,CCC,https://www.zvchain.io/,zvc btc,0
ZVC-CAD,ZVCHAIN CAD,ZVC,CAD,ZVCHAIN (ZVC) is a cryptocurrency. Users are able to generate ZVC through the process of mining.,CCC,https://www.zvchain.io/,zvc cad,0
ZVC-CNY,ZVCHAIN CNY,ZVC,CNY,ZVCHAIN (ZVC) is a cryptocurrency. Users are able to generate ZVC through the process of mining.,CCC,https://www.zvchain.io/,zvc cny,0
ZVC-ETH,ZVCHAIN ETH,ZVC,ETH,ZVCHAIN (ZVC) is a cryptocurrency. Users are able to generate ZVC through the process of mining.,CCC,https://www.zvchain.io/,zvc eth,1
ZVC-EUR,ZVCHAIN EUR,ZVC,EUR,ZVCHAIN (ZVC) is a cryptocurrency. Users are able to generate ZVC through the process of mining.,CCC,https://www.zvchain.io/,zvc eur,0
ZVC-GBP,ZVCHAIN GBP,ZVC,GBP,ZVCHAIN (ZVC) is a cryptocurrency. Users are able to generate ZVC through the process of mining.,CCC,https://www.zvchain.io/,zvc gbp,5
ZVC-INR,ZVCHAIN INR,ZVC,INR,ZVCHAIN (ZVC) is a cryptocurrency. Users are able to generate ZVC through the process of mining.,CCC,https://www.zvchain.io/,zvc inr,4
ZVC-JPY,ZVCHAIN JPY,ZVC,JPY,ZVCHAIN (ZVC) is a cryptocurrency. Users are able to generate ZVC through the process of mining.,CCC,https://www.zvchain.io/,zvc jpy,6
ZVC-KRW,ZVCHAIN KRW,ZVC,KRW,ZVCHAIN (ZVC) is a cryptocurrency. Users are able to generate ZVC through the process of mining.,CCC,https://www.zvchain.io/,zvc krw,0
ZVC-RUB,ZVCHAIN RUB,ZVC,RUB,ZVCHAIN (ZVC) is a cryptocurrency. Users are able to generate ZVC through the process of mining.,CCC,https://www.zvchain.io/,zvc rub,2
ZYN-CAD,Zynecoin CAD,ZYN,CAD,Zynecoin (ZYN) is a cryptocurrency. Users are able to generate ZYN through the process of mining.,CCC,https://www.zynecoin.io/,zyn cad,0
ZYN-CNY,Zynecoin CNY,ZYN,CNY,Zynecoin (ZYN) is a cryptocurrency. Users are able to generate ZYN through the process of mining.,CCC,https://www.zynecoin.io/,zyn cny,0
ZYN-ETH,Zynecoin ETH,ZYN,ETH,Zynecoin (ZYN) is a cryptocurrency. Users are able to generate ZYN through the process of mining.,CCC,https://www.zynecoin.io/,zyn eth,1
ZYN-EUR,Zynecoin EUR,ZYN,EUR,Zynecoin (ZYN) is a cryptocurrency. Users are able to generate ZYN through the process of mining.,CCC,https://www.zynecoin.io/,zyn eur,0
ZYN-GBP,Zynecoin GBP,ZYN,GBP,Zynecoin (ZYN) is a cryptocurrency. Users are able to generate ZYN through the process of mining.,CCC,https://www.zynecoin.io/,zyn gbp,5
ZYN-INR,Zynecoin INR,ZYN,INR,Zynecoin (ZYN) is a cryptocurrency. Users are able to generate ZYN through the process of mining.,CCC,https://www.zynecoin.io/,zyn inr,4
ZYN-JPY,Zynecoin JPY,ZYN,JPY,Zynecoin (ZYN) is a cryptocurrency. Users are able to generate ZYN through the process of mining.,CCC,https://www.zynecoin.io/,zyn jpy,6
ZYN-KRW,Zynecoin KRW,ZYN,KRW,Zynecoin (ZYN) is a cryptocurrency. Users are able to generate ZYN through the process of mining.,CCC,https://www.zynecoin.io/,zyn krw,0
ZYN-RUB,Zynecoin RUB,ZYN,RUB,Zynecoin (ZYN) is a cryptocurrency. Users are able to generate ZYN through the process of mining.,CCC,https://www.zynecoin.io/,zyn rub,2
ZYN-USD,Zynecoin USD,ZYN,USD,Zynecoin (ZYN) is a cryptocurrency. Users are able to generate ZYN through the process of mining.,CCC,https://www.zynecoin.io/,zyn usd,3
