symbol,name,currency,summary,family,exchange,clean_text,Cluster
AABXX,SEI Daily Income Trust Government Fund,USD,"SEI Daily Income Trust Government Fund is a money market fund that invests primarily in U.S. government securities. The fund seeks to provide current income consistent with the preservation of capital and liquidity, focusing on securities issued or guaranteed by the U.S. government or its agencies. The fund is managed by SEI Investments Management Corporation and aims to maintain a stable net asset value.",,NAS,aabxx,0
AAFXX,American Funds U.S. Government,USD,"American Funds U.S. Government is a money market fund offered by American Funds, part of Capital Group. The fund invests primarily in short-term U.S. government securities, seeking to provide current income while maintaining liquidity and a stable share price. Its objective is to provide investors with a safe and liquid investment option.",,NAS,aafxx,0
AALXX,Thrivent Money Market Fund,USD,"Thrivent Money Market Fund is a money market fund offered by Thrivent Financial. The fund seeks to provide a high level of current income consistent with the preservation of capital and liquidity. It invests primarily in high-quality, short-term money market instruments.",Thrivent Mutual Funds,NAS,aalxx,0
AAOXX,American Beacon U.S. Government Money Market Select Fund,USD,American Beacon U.S. Government Money Market Select Fund is a money market fund that invests primarily in securities issued or guaranteed by the U.S. government or its agencies. The fund aims to provide current income consistent with the preservation of capital and liquidity. American Beacon Advisors serves as the investment advisor for the fund.,,NAS,aaoxx,0
AARXX,AARP Money Market Fund,USD,"AARP Money Market Fund is a money market fund managed by BlackRock and offered to AARP members. The fund seeks to provide current income consistent with preservation of capital and liquidity by investing primarily in high-quality, short-term money market instruments. BlackRock manages the fund's investments according to specific AARP guidelines.",,NAS,aarxx,0
AASXX,Dryden Money Market Fund,USD,"Dryden Money Market Fund is a money market fund that aims to provide current income consistent with capital preservation and liquidity. The fund invests primarily in high-quality, short-term money market instruments, including U.S. government securities, commercial paper, and certificates of deposit. Dryden Investment Management is the fund's investment advisor.",,NAS,aasxx,0
AAUXX,PNC Advantage Institutional Government Money Market Fund,USD,"PNC Advantage Institutional Government Money Market Fund is a money market fund that invests primarily in securities issued or guaranteed by the U.S. government or its agencies. The fund seeks to provide current income consistent with the preservation of capital and liquidity. PNC Capital Advisors, LLC, serves as the investment advisor.",,NAS,aauxx,0
AAZXX,American Funds U.S. Government Money Market Fund,USD,"American Funds U.S. Government Money Market Fund is a money market fund offered by American Funds, part of Capital Group. The fund focuses on investing in short-term U.S. government securities to provide current income while maintaining liquidity and stability of principal. The goal is to offer a secure and readily accessible investment for investors.",,NAS,aazxx,0
ABHXX,American Beacon Money Market Fund,USD,"American Beacon Money Market Fund is a money market fund that seeks to provide current income consistent with the preservation of capital and liquidity. The fund invests in a diversified portfolio of high-quality, short-term money market instruments. American Beacon Advisors serves as the investment advisor.",,NAS,abhxx,0
ABNXX,Fortis Government Money Market Fund,USD,"Fortis Government Money Market Fund seeks to provide current income consistent with preservation of capital and liquidity by investing in U.S. government securities. The fund invests primarily in securities issued or guaranteed by the U.S. government, its agencies, or instrumentalities. The fund is managed with the goal of maintaining a stable net asset value.",,NAS,abnxx,0
ABSXX,Dryden Money Market Fund,USD,"Dryden Money Market Fund is a money market fund that seeks to provide current income consistent with capital preservation and liquidity. The fund invests primarily in high-quality, short-term money market instruments, including U.S. government securities, commercial paper, and certificates of deposit. Dryden Investment Management provides the fund's investment advisory services.",,NAS,absxx,0
ABZXX,American Funds U.S. Government Money Market Fund,USD,"American Funds U.S. Government Money Market Fund is a money market fund offered by American Funds. The fund invests in short-term U.S. government securities, aiming to provide current income, liquidity, and stability of principal. It is designed for investors seeking a safe and easily accessible investment option.",,NAS,abzxx,0
ACAXX,Prime Money Market Fund,USD,"Prime Money Market Fund is a money market fund that aims to provide current income consistent with preserving capital and maintaining liquidity. The fund typically invests in a variety of high-quality, short-term money market instruments. The specific investment advisor and details of the fund would need to be confirmed via official fund documentation.",American Century Investment Trust,NAS,acaxx,0
ACNXX,Government Money Market Fund,USD,Government Money Market Fund is a money market fund that invests primarily in securities issued or guaranteed by the U.S. government or its agencies. The fund aims to provide current income consistent with the preservation of capital and liquidity. The specific fund details would need to be confirmed via official fund documentation.,AIM Investment Securities Funds (Invesco Investment Securities Funds),NAS,acnxx,0
ACXXX,Government Money Market Fund,USD,Government Money Market Fund is a money market fund focused on providing current income while preserving capital and maintaining liquidity. The fund invests primarily in short-term securities issued or guaranteed by the U.S. government and its agencies. Specific details would be found in the fund's official documentation.,AIM Investment Securities Funds (Invesco Investment Securities Funds),NAS,acxxx,0
ACZXX,Government Money Market Fund,USD,"Government Money Market Fund is a money market fund that seeks to provide investors with current income, capital preservation, and liquidity. The fund generally invests in high-quality, short-term securities issued or guaranteed by the U.S. government and its agencies. Additional details can be found in the fund's prospectus.",AIM Investment Securities Funds (Invesco Investment Securities Funds),NAS,aczxx,0
ADAXX,Government Money Market Fund,USD,Government Money Market Fund is designed to provide current income consistent with maintaining capital preservation and liquidity. This is achieved through investing primarily in short-term securities issued or guaranteed by the U.S. government or its agencies. Specific details would be found in the fund's official documentation.,AIM Investment Securities Funds (Invesco Investment Securities Funds),NAS,adaxx,0
ADCXX,PNC Money Market Fund,USD,"PNC Money Market Fund is a money market fund offered by PNC. The fund seeks to provide current income while preserving capital and maintaining liquidity. It invests in a variety of short-term, high-quality money market instruments.",,NAS,adcxx,0
AEAXX,AB Government Exchange Reserves,USD,"AB Government Exchange Reserves is a money market fund offered by AllianceBernstein. The fund invests primarily in securities issued or guaranteed by the U.S. government or its agencies, aiming to provide current income while maintaining liquidity and capital preservation. It is designed for investors seeking a safe and liquid investment option.",,NAS,aeaxx,0
AECXX,AB Government Money Market Portfolio,USD,"AB Government Money Market Portfolio is a money market fund offered by AllianceBernstein. The fund invests in short-term U.S. government securities, seeking to provide current income consistent with preserving capital and maintaining liquidity. The portfolio is managed with the goal of maintaining a stable net asset value.","AB Fixed-Income Shares, Inc.",NAS,aecxx,0
AEIXX,PNC Tax Exempt Money Market Class Fund,USD,"PNC Tax Exempt Money Market Class Fund is a tax-exempt money market fund offered by PNC. The fund invests in short-term municipal securities, aiming to provide income exempt from federal income taxes while maintaining liquidity and capital preservation. It is designed for investors seeking tax-advantaged income.",,NAS,aeixx,0
AEKXX,AB Government Exchange Reserves,USD,"AB Government Exchange Reserves is a money market fund offered by AllianceBernstein. It primarily invests in securities issued or guaranteed by the U.S. government or its agencies. The fund seeks to provide current income, maintain liquidity, and preserve capital for investors.",,NAS,aekxx,0
AERXX,PNC Tax Exempt Money Market Class Fund,USD,PNC Tax Exempt Money Market Class Fund is a tax-exempt money market fund offered by PNC. It invests in short-term municipal securities to generate income that is exempt from federal income tax. The fund also aims to maintain liquidity and preserve capital for its investors.,,NAS,aerxx,0
AEYXX,AB Government Exchange Reserves,USD,AB Government Exchange Reserves is a money market fund offered by AllianceBernstein that seeks to provide current income while maintaining liquidity and preserving capital. The fund invests primarily in securities issued or guaranteed by the U.S. government or its agencies. It aims to maintain a stable net asset value.,,NAS,aeyxx,0
AFAXX,American Funds U.S. Government,USD,"American Funds U.S. Government is a money market fund that invests primarily in short-term U.S. government securities. It aims to provide current income while maintaining liquidity and a stable share price. The fund is managed by American Funds, part of Capital Group.",,NAS,afaxx,0
AFCXX,American Funds U.S. Government,USD,"American Funds U.S. Government is a money market fund focused on investing in short-term U.S. government securities. The fund aims to provide current income while maintaining liquidity and a stable share price for its investors. It is managed by American Funds, which is part of Capital Group.",,NAS,afcxx,0
AFFXX,American Funds U.S. Government,USD,American Funds U.S. Government is a money market fund managed by American Funds (Capital Group). The fund focuses on providing current income while ensuring liquidity and stability of principal through investments in short-term U.S. government securities. It is designed to be a safe and readily accessible investment option.,,NAS,affxx,0
AFGXX,American Funds U.S. Government,USD,"American Funds U.S. Government is a money market fund managed by American Funds, a part of Capital Group. It invests in short-term U.S. government securities, seeking to provide current income with liquidity and capital preservation. This fund is designed to offer a stable and easily accessible investment option for investors.",,NAS,afgxx,0
AGCXX,Invesco Government & Agency Portfolio,USD,"Invesco Government & Agency Portfolio is a money market fund investing primarily in U.S. government and agency securities. The fund aims to provide current income consistent with the preservation of capital and liquidity. Invesco Advisers, Inc. serves as the investment advisor.",Short-Term Investment Trust,NAS,agcxx,0
AGGXX,Premium Money Market Fund,USD,"Premium Money Market Fund is a money market fund that seeks to provide current income consistent with preserving capital and maintaining liquidity. The fund invests primarily in high-quality, short-term money market instruments. Specific details regarding the investment advisor and fund management would need to be confirmed via official documentation.",American Century Investment Trust,NAS,aggxx,0
AGHXX,Premium Money Market Fund,USD,"Premium Money Market Fund is a money market fund designed to provide current income, capital preservation, and liquidity. The fund typically invests in a diversified portfolio of high-quality, short-term money market instruments. Information on the investment advisor and detailed fund specifics can be found in the fund's official documents.",American Century Investment Trust,NAS,aghxx,0
AGPXX,Invesco Government & Agency Portfolio,USD,"Invesco Government & Agency Portfolio is a money market fund managed by Invesco that invests primarily in securities issued or guaranteed by the U.S. government and its agencies. The fund seeks to provide current income consistent with capital preservation and liquidity. Invesco Advisers, Inc. serves as the investment advisor.",Short-Term Investment Trust,NAS,agpxx,0
AGQXX,Premium Money Market Fund,USD,"Premium Money Market Fund is a money market fund that aims to provide current income while preserving capital and maintaining liquidity. The fund achieves this by investing primarily in high-quality, short-term money market instruments. Refer to the official fund documentation for details on the investment advisor and specific fund management strategies.",American Century Investment Trust,NAS,agqxx,0
AGRXX,Government Reserves Portfolio Fund,USD,Government Reserves Portfolio Fund is a money market fund that seeks to provide current income consistent with the preservation of capital and liquidity. The fund invests primarily in short-term securities issued or guaranteed by the U.S. government or its agencies. Specific details about the investment advisor and management strategy can be found in the fund's official documents.,AllianceBernstein Bond Fund,NAS,agrxx,0
AIEXX,AB Government Exchange Reserves,USD,"AB Government Exchange Reserves is a money market fund managed by AllianceBernstein. It invests primarily in securities issued or guaranteed by the U.S. government or its agencies, aiming to provide current income, liquidity, and capital preservation. The fund is structured to maintain a stable net asset value.",,NAS,aiexx,0
AIMXX,Government Money Market Fund,USD,"Government Money Market Fund is a money market fund designed to provide investors with current income while maintaining capital preservation and liquidity. The fund typically invests in a portfolio of high-quality, short-term money market instruments issued or guaranteed by the U.S. government and its agencies. Details such as the investment advisor and precise investment strategies can be found in the official fund documentation.",AIM Investment Securities Funds (Invesco Investment Securities Funds),NAS,aimxx,0
AIOXX,Pioneer Institutional Money Market Fund,USD,"Pioneer Institutional Money Market Fund is a money market fund offered by Pioneer Investments. The fund seeks to provide current income consistent with preservation of capital and liquidity. It invests primarily in high-quality, short-term money market instruments and is designed for institutional investors.",,NAS,aioxx,0
AIRXX,Government Money Market Fund,USD,Government Money Market Fund is a money market fund that invests primarily in short-term securities issued or guaranteed by the U.S. government or its agencies. It seeks to provide current income while preserving capital and maintaining liquidity for its investors. Detailed information about the investment advisor and management strategy can be found in the fund's official documents.,AIM Investment Securities Funds (Invesco Investment Securities Funds),NAS,airxx,0
AIYXX,Government Money Market Fund,USD,"Government Money Market Fund is a money market fund that seeks to provide current income consistent with capital preservation and liquidity. The fund typically invests in high-quality, short-term securities issued or guaranteed by the U.S. government and its agencies. Specific information regarding the investment advisor and fund management can be found in the official fund documentation.",AIM Investment Securities Funds (Invesco Investment Securities Funds),NAS,aiyxx,0
AJLXX,JPMorgan Liquid Assets Money Market Fund,USD,"JPMorgan Liquid Assets Money Market Fund is a money market fund managed by JPMorgan Asset Management. It seeks to provide current income consistent with capital preservation and liquidity by investing in high-quality, short-term money market instruments. The fund is designed to offer a stable and easily accessible investment option.",JPMorgan Trust II,NAS,ajlxx,0
AJTXX,JPMorgan U.S. Treasury Plus Money Market Fund,USD,JPMorgan U.S. Treasury Plus Money Market Fund is a money market fund managed by JPMorgan Asset Management that invests primarily in U.S. Treasury securities. The fund aims to provide current income consistent with capital preservation and liquidity. It is designed for investors seeking a safe and liquid investment.,JPMorgan Trust II,NAS,ajtxx,0
AMAXX,PIMCO Government Money Market Fund,USD,"PIMCO Government Money Market Fund is a money market fund managed by PIMCO (Pacific Investment Management Company). The fund invests primarily in securities issued or guaranteed by the U.S. government, its agencies, or instrumentalities, seeking to provide current income consistent with the preservation of capital and liquidity. PIMCO is headquartered in Newport Beach, California.",PIMCO Funds,NAS,amaxx,0
AMBXX,PNC Money Market Fund,USD,"PNC Money Market Fund is a money market fund offered by PNC. The fund's objective is to provide current income while maintaining liquidity and preserving capital. It achieves this by investing in a diverse portfolio of high-quality, short-term money market instruments.",,NAS,ambxx,0
AMDXX,AMF Money Market Fund,USD,,,NAS,amdxx,0
AMGXX,PIMCO Government Money Market Fund,USD,"PIMCO Government Money Market Fund is a money market fund managed by PIMCO. The fund invests in securities issued or guaranteed by the U.S. government, its agencies, or instrumentalities, aiming to provide current income, capital preservation, and liquidity. PIMCO is headquartered in Newport Beach, California.",PIMCO Funds,NAS,amgxx,0
AMMXX,Thrivent Money Market Fund,USD,"Thrivent Money Market Fund is a money market fund offered by Thrivent Financial. The fund aims to provide a high level of current income consistent with the preservation of capital and liquidity. It invests primarily in high-quality, short-term money market instruments.",Thrivent Mutual Funds,NAS,ammxx,0
AOIXX,PNC Ohio Municipal Money Market Fund,USD,PNC Ohio Municipal Money Market Fund is a money market fund offered by PNC that invests primarily in short-term municipal securities. The fund's objective is to provide income exempt from federal and Ohio state income taxes while maintaining liquidity and capital preservation. It caters to investors seeking tax-advantaged income in Ohio.,,NAS,aoixx,0
AOMXX,PNC Ohio Municipal Money Market Fund,USD,PNC Ohio Municipal Money Market Fund is a money market fund offered by PNC. The fund invests in short-term municipal securities to provide income that is exempt from both federal and Ohio state income taxes. It also seeks to maintain liquidity and preserve capital for its investors.,,NAS,aomxx,0
APAXX,American Beacon Money Market Fund,USD,"American Beacon Money Market Fund is a money market fund that aims to provide current income consistent with capital preservation and liquidity. The fund invests in a diversified portfolio of high-quality, short-term money market instruments. American Beacon Advisors serves as the investment advisor.",,NAS,apaxx,0
APCXX,Government Securities Money Market Fund,USD,Government Securities Money Market Fund is a money market fund that invests primarily in securities issued or guaranteed by the U.S. government or its agencies. The fund seeks to provide current income consistent with the preservation of capital and liquidity. The specific fund details can be found in the official documentation.,Cavanal Hill Funds,NAS,apcxx,0
APGXX,U.S. Treasury Fund,USD,U.S. Treasury Fund is a money market fund which invests in U.S. Treasury securities. It seeks to provide current income while maintaining capital preservation and liquidity. The specifics of management are in official documentation.,Cavanal Hill Funds,NAS,apgxx,0
APHXX,Government Securities Money Market Fund,USD,Government Securities Money Market Fund is a money market fund focused on investing in securities issued or guaranteed by the U.S. government or its agencies. The fund aims to provide current income that aligns with the goals of preserving capital and maintaining liquidity. The fund's prospectus provides the specific details.,Cavanal Hill Funds,NAS,aphxx,0
APIXX,PNC Pennsylvania Tax-Exempt Money Market Fund,USD,PNC Pennsylvania Tax-Exempt Money Market Fund is a money market fund offered by PNC. It invests in short-term municipal securities issued by the Commonwealth of Pennsylvania and its political subdivisions to provide income that is exempt from federal and Pennsylvania state income taxes. The fund also seeks to maintain liquidity and preserve capital.,,NAS,apixx,0
APJXX,U.S. Treasury Fund,USD,U.S. Treasury Fund is a money market fund that invests in securities issued by the U.S. Treasury. The fund aims to provide current income while maintaining capital preservation and liquidity. Details about the fund's investment advisor and management strategy can be found in the official documentation.,Cavanal Hill Funds,NAS,apjxx,0
APKXX,U.S. Treasury Fund,USD,U.S. Treasury Fund is a money market fund investing primarily in securities issued by the U.S. Treasury. The fund seeks to provide current income consistent with capital preservation and liquidity. Specific details about the investment management and strategy can be found in the fund's official documentation.,Cavanal Hill Funds,NAS,apkxx,0
APNXX,U.S. Treasury Fund,USD,U.S. Treasury Fund is a money market fund that focuses its investments on securities issued by the U.S. Treasury. The fund is designed to provide current income while maintaining a high degree of liquidity and preserving capital. Details on management and investment strategies are provided in the fund's official documents.,Cavanal Hill Funds,NAS,apnxx,0
APPXX,Government Securities Money Market Fund,USD,Government Securities Money Market Fund is a money market fund that invests in securities issued or guaranteed by the U.S. government or its agencies. The fund aims to provide current income consistent with preserving capital and ensuring liquidity. The fund's official documentation provides specifics on the investment advisor and management strategies.,Cavanal Hill Funds,NAS,appxx,0
APRXX,PNC Pennsylvania Tax-Exempt Money Market Fund,USD,PNC Pennsylvania Tax-Exempt Money Market Fund is a money market fund offered by PNC. The fund invests in short-term municipal securities issued by Pennsylvania and its political subdivisions to generate income exempt from federal and Pennsylvania state income taxes. It also strives to maintain liquidity and preserve capital.,,NAS,aprxx,0
APSXX,Government Securities Money Market Fund,USD,Government Securities Money Market Fund is a money market fund that invests primarily in securities issued or guaranteed by the U.S. government or its agencies. It seeks to provide current income while also ensuring capital preservation and maintaining a high degree of liquidity. The fund's prospectus or other official documents offer specific details on investment strategy and management.,Cavanal Hill Funds,NAS,apsxx,0
ARBXX,Wilmington Prime Money Market Fund,USD,"Wilmington Prime Money Market Fund is a money market fund that seeks to provide current income consistent with the preservation of capital and liquidity. It invests primarily in high-quality, short-term money market instruments. Wilmington Trust Investment Advisors serves as the investment advisor.",,NAS,arbxx,0
ARIXX,PNC Money Market Fund,USD,,,NAS,arixx,0
ARRXX,PNC Money Market Fund,USD,"PNC Money Market Fund is a money market fund provided by PNC. The fund aims to generate current income while maintaining liquidity and protecting capital. It invests in a range of high-quality, short-term money market instruments.",,NAS,arrxx,0
ASCXX,Dryden Money Market Fund,USD,"Dryden Money Market Fund is a money market fund managed by Dryden Investment Management. The fund seeks to provide current income while maintaining liquidity and preserving capital. It invests in high-quality, short-term money market instruments.",,NAS,ascxx,0
ASIXX,Pioneer Institutional Money Market Fund,USD,"Pioneer Institutional Money Market Fund is a money market fund offered by Pioneer Investments. The fund aims to provide current income while maintaining liquidity and preserving capital. It invests primarily in high-quality, short-term money market instruments and is designed for institutional investors.",,NAS,asixx,0
ASPXX,Pioneer Institutional Money Market Fund,USD,"Pioneer Institutional Money Market Fund is a money market fund offered by Pioneer Investments. It seeks to provide current income, liquidity, and capital preservation for institutional investors. The fund invests mainly in high-quality, short-term money market instruments.",,NAS,aspxx,0
ASXXX,Dryden Money Market Fund,USD,"Dryden Money Market Fund is a money market fund that aims to provide current income consistent with capital preservation and liquidity. The fund primarily invests in high-quality, short-term money market instruments. Dryden Investment Management acts as the fund's investment advisor.",,NAS,asxxx,0
ATAXX,Fortis Tax-Exempt Money Market Fund,USD,"Fortis Tax-Exempt Money Market Fund seeks to provide income exempt from federal income tax, consistent with preservation of capital and liquidity, by investing in municipal securities. The fund invests primarily in high-quality, short-term municipal obligations. The goal is to provide investors with tax-advantaged income while maintaining a stable net asset value.",,NAS,ataxx,0
ATIXX,PNC Treasury Money Market Fund,USD,PNC Treasury Money Market Fund is a money market fund offered by PNC that invests primarily in securities issued by the U.S. Treasury. The fund seeks to provide current income while maintaining liquidity and capital preservation. It's designed for investors looking for a safe and liquid investment option.,,NAS,atixx,0
ATMXX,Fortis Treasury Money Market Fund,USD,Fortis Treasury Money Market Fund seeks to provide current income consistent with preservation of capital and liquidity by investing in U.S. Treasury securities. The fund invests primarily in securities issued or guaranteed by the U.S. Treasury. The fund is managed with the goal of maintaining a stable net asset value.,,NAS,atmxx,0
ATRXX,PNC Treasury Money Market Fund,USD,,,NAS,atrxx,0
ATXXX,Fortis Money Market Fund,USD,"Fortis Money Market Fund seeks to provide current income consistent with preservation of capital and liquidity. The fund invests primarily in high-quality, short-term money market instruments. The goal is to provide investors with a stable net asset value.",,NAS,atxxx,0
AUPXX,American Beacon US Government Money Market Fund,USD,"American Beacon US Government Money Market Fund seeks to provide current income consistent with the preservation of capital and liquidity by investing in U.S. government securities. The fund primarily invests in securities issued or guaranteed by the U.S. government, its agencies or instrumentalities. American Beacon Advisors serves as the investment advisor for the fund.",,NAS,aupxx,0
AXBXX,PNC Tax Exempt Money Market Class Fund,USD,PNC Tax Exempt Money Market Class Fund is a tax-exempt money market fund offered by PNC. The fund seeks to provide income exempt from federal income taxes while maintaining liquidity and capital preservation. It invests primarily in short-term municipal securities.,,NAS,axbxx,0
BBBXX,Sterling Capital National Tax-Free Money Market Fund,USD,Sterling Capital National Tax-Free Money Market Fund is a money market fund that invests in municipal securities to provide income exempt from federal income taxes. The fund seeks to provide current income consistent with capital preservation and liquidity. Sterling Capital Management serves as the investment advisor.,,NAS,bbbxx,0
BBHXX,BBH US Treasury Money Fund,USD,BBH US Treasury Money Fund is a money market fund managed by Brown Brothers Harriman (BBH). The fund invests primarily in U.S. Treasury securities and seeks to provide current income while maintaining liquidity and preserving capital. BBH is a privately held financial institution headquartered in New York City.,BBH Trust,NAS,bbhxx,0
BBSXX,BBH U.S. Government Money Market Fund,USD,BBH U.S. Government Money Market Fund is a money market fund managed by Brown Brothers Harriman (BBH). The fund invests primarily in securities issued or guaranteed by the U.S. government and seeks to provide current income while maintaining liquidity and capital preservation. BBH is a privately held financial institution headquartered in New York City.,BBH Trust,NAS,bbsxx,0
BBTXX,BBH Tax Exempt Money Fund,USD,BBH Tax Exempt Money Fund is a money market fund managed by Brown Brothers Harriman (BBH) that invests in municipal securities. The fund aims to provide income exempt from federal income taxes while maintaining liquidity and capital preservation. BBH is a privately held financial institution headquartered in New York City.,BBH Trust,NAS,bbtxx,0
BCHXX,T-Fund,USD,T-Fund is a money market fund whose specifics are not widely available. EMPTY,BlackRock Liquidity Funds,NAS,bchxx,0
BCTXX,California Tax-Free Money Market Fund,USD,"California Tax-Free Money Market Fund invests in municipal securities of California, providing income exempt from federal and California state income taxes. The fund emphasizes capital preservation and liquidity, investing primarily in short-term obligations. Its goal is to offer tax-advantaged income to California residents.",American Century California Tax-Free and Municipal Funds,NAS,bctxx,0
BEMXX,T-Fund,USD,T-Fund is a money market fund whose specifics are not widely available. EMPTY,BlackRock Liquidity Funds,NAS,bemxx,0
BFBXX,FedFund,USD,"FedFund is a money market fund, further information about it is not available. EMPTY",BlackRock Liquidity Funds,NAS,bfbxx,0
BFCXX,FedFund,USD,"FedFund is a money market fund, further information about it is not available. EMPTY",BlackRock Liquidity Funds,NAS,bfcxx,0
BFDXX,Federal Trust Fund,USD,"Federal Trust Fund is a money market fund, further information about it is not available. EMPTY",BlackRock Liquidity Funds,NAS,bfdxx,0
BFFXX,FedFund,USD,"FedFund is a money market fund, further information about it is not available. EMPTY",BlackRock Liquidity Funds,NAS,bffxx,0
BFMXX,Federal Trust Fund,USD,"Federal Trust Fund is a money market fund, further information about it is not available. EMPTY",BlackRock Liquidity Funds,NAS,bfmxx,0
BFRXX,FedFund,USD,"FedFund is a money market fund, further information about it is not available. EMPTY",BlackRock Liquidity Funds,NAS,bfrxx,0
BFTXX,Federal Trust Fund,USD,"Federal Trust Fund is a money market fund, further information about it is not available. EMPTY",BlackRock Liquidity Funds,NAS,bftxx,0
BGCXX,U.S.Government Portfolio,USD,U.S.Government Portfolio is a money market fund that invests primarily in securities issued or guaranteed by the U.S. government. The fund's objective is to provide current income consistent with capital preservation and liquidity. Further details about the fund's management and specific strategies are not readily available.,Northern Institutional Funds,NAS,bgcxx,0
BGSXX,U.S. Government Select Portfolio,USD,U.S. Government Select Portfolio is a money market fund that invests primarily in a selection of securities issued or guaranteed by the U.S. government. The fund aims to provide current income consistent with capital preservation and liquidity. Specific information regarding management and investment strategies is unavailable.,Northern Institutional Funds,NAS,bgsxx,0
BIAXX,MuniFund,USD,"MuniFund is a municipal money market fund, further information about it is not available. EMPTY",BlackRock Liquidity Funds,NAS,biaxx,0
BICXX,Deutsche Government Cash Management Fund,USD,"Deutsche Government Cash Management Fund is a money market fund managed by DWS Investment Management Americas, Inc. The fund invests primarily in securities issued or guaranteed by the U.S. government, its agencies, or instrumentalities to provide current income consistent with capital preservation and liquidity. The fund is designed for investors seeking a safe and liquid investment option.",Deutsche Money Market Trust,NAS,bicxx,0
BITXX,Treasury Trust Fund,USD,Treasury Trust Fund is a money market fund which invests solely in U.S. Treasury securities. EMPTY,BlackRock Liquidity Funds,NAS,bitxx,0
BLBXX,California Money Fund,USD,"California Money Fund is a money market fund, further information about it is not available. EMPTY",BlackRock Liquidity Funds,NAS,blbxx,0
BLFXX,FedFund,USD,"FedFund is a money market fund, further information about it is not available. EMPTY",BlackRock Liquidity Funds,NAS,blfxx,0
BLSXX,MuniFund,USD,"MuniFund is a municipal money market fund, further information about it is not available. EMPTY",BlackRock Liquidity Funds,NAS,blsxx,0
BMBXX,MuniFund,USD,"MuniFund is a municipal money market fund, further information about it is not available. EMPTY",BlackRock Liquidity Funds,NAS,bmbxx,0
BMCXX,BlackRock Money Market Portfolio,USD,"BlackRock Money Market Portfolio is a money market fund managed by BlackRock. The fund invests primarily in high-quality, short-term money market instruments and seeks to provide current income consistent with the preservation of capital and liquidity. BlackRock is headquartered in New York City.",BlackRock Funds,NAS,bmcxx,0
BMMXX,BofA Massachusetts Municipal Reserves,USD,BofA Massachusetts Municipal Reserves is a money market fund managed by Bank of America that invests in municipal securities issued by the Commonwealth of Massachusetts and its municipalities. The fund seeks to provide income exempt from federal and Massachusetts state income taxes while maintaining liquidity and capital preservation. It is intended for investors seeking tax-advantaged income in Massachusetts.,BofA Funds Series Trust,NAS,bmmxx,0
BMPXX,MuniFund,USD,"MuniFund is a municipal money market fund, further information about it is not available. EMPTY",BlackRock Liquidity Funds,NAS,bmpxx,0
BNBXX,New York Money Fund,USD,,BlackRock Liquidity Funds,NAS,bnbxx,0
BNGXX,U.S.Government Portfolio,USD,"The U.S. Government Portfolio seeks to maximize current income to the extent consistent with the preservation of capital and maintenance of liquidity by investing exclusively in U.S. government securities and repurchase agreements collateralized by U.S. government securities. It primarily invests in short-term U.S. Treasury bills, notes, and other obligations issued or guaranteed as to principal and interest by the U.S. government. The fund is managed by Fidelity Investments, a large financial services company headquartered in Boston, Massachusetts.",Northern Institutional Funds,NAS,bngxx,0
BNTXX,Tax-Free Money Market Fund,USD,,American Century Municipal Trust,NAS,bntxx,0
BPRXX,Prime Money Market Fund,USD,"The Prime Money Market Fund seeks to provide current income while maintaining liquidity and a stable share price by investing primarily in high-quality, short-term money market instruments. This includes securities such as commercial paper, certificates of deposit, and repurchase agreements. The fund's goal is to offer investors a safe and liquid investment option for their short-term cash needs.",American Century Investment Trust,NAS,bprxx,0
BPTXX,T-Fund,USD,,BlackRock Liquidity Funds,NAS,bptxx,0
BRIXX,Treasury Money Market Fund,USD,,Blackrock Funds III,NAS,brixx,0
BRPXX,FedFund,USD,,BlackRock Liquidity Funds,NAS,brpxx,0
BRRXX,TempFund,USD,,BlackRock Liquidity Funds,NAS,brrxx,0
BRTXX,TempFund,USD,,BlackRock Liquidity Funds,NAS,brtxx,0
BSCXX,U.S. Government Select Portfolio,USD,,Northern Institutional Funds,NAS,bscxx,0
BSLXX,T-Fund,USD,,BlackRock Liquidity Funds,NAS,bslxx,0
BTAXX,T-Fund,USD,,BlackRock Liquidity Funds,NAS,btaxx,0
BTCXX,Treasury Trust Fund,USD,,BlackRock Liquidity Funds,NAS,btcxx,0
BTFXX,Treasury Trust Fund,USD,,BlackRock Liquidity Funds,NAS,btfxx,0
BTMXX,TempFund,USD,,BlackRock Liquidity Funds,NAS,btmxx,0
BTRXX,T-Fund,USD,,BlackRock Liquidity Funds,NAS,btrxx,0
BTVXX,TempFund,USD,,BlackRock Liquidity Funds,NAS,btvxx,0
BUCXX,Treasury Trust Fund,USD,,BlackRock Liquidity Funds,NAS,bucxx,0
BUPXX,FedFund,USD,,BlackRock Liquidity Funds,NAS,bupxx,0
CACXX,Federated Hermes California Municipal Cash Trust,USD,"The Federated Hermes California Municipal Cash Trust seeks to provide current income exempt from federal and California state income taxes, consistent with stability of principal and liquidity, by investing in a portfolio of high-quality, short-term California municipal obligations. The fund is managed by Federated Hermes, a global investment manager headquartered in Pittsburgh, Pennsylvania. The trust aims to provide a tax-advantaged investment option for California residents seeking to preserve capital while earning income.",Money Market Obligations Trust,NAS,cacxx,0
CADXX,Commerce Capital Government Money Market Fund - Administrative Class Shares,USD,,,NAS,cadxx,0
CAGXX,Government & Agency Securities Portfolio,USD,,Cash Account Trust,NAS,cagxx,0
CAIXX,Federated Hermes California Municipal Cash Trust,USD,"The Federated Hermes California Municipal Cash Trust seeks to provide current income exempt from federal and California state income taxes, consistent with stability of principal and liquidity, by investing in a portfolio of high-quality, short-term California municipal obligations. The fund is managed by Federated Hermes, a global investment manager headquartered in Pittsburgh, Pennsylvania. The trust aims to provide a tax-advantaged investment option for California residents seeking to preserve capital while earning income.",Money Market Obligations Trust,NAS,caixx,0
CALXX,Federated Hermes California Municipal Cash Trust,USD,"The Federated Hermes California Municipal Cash Trust seeks to provide current income exempt from federal and California state income taxes, consistent with stability of principal and liquidity, by investing in a portfolio of high-quality, short-term California municipal obligations. The fund is managed by Federated Hermes, a global investment manager headquartered in Pittsburgh, Pennsylvania. The trust aims to provide a tax-advantaged investment option for California residents seeking to preserve capital while earning income.",Money Market Obligations Trust,NAS,calxx,0
CCCXX,Federated Hermes California Municipal Cash Trust,USD,"The Federated Hermes California Municipal Cash Trust seeks to provide current income exempt from federal and California state income taxes, consistent with stability of principal and liquidity, by investing in a portfolio of high-quality, short-term California municipal obligations. The fund is managed by Federated Hermes, a global investment manager headquartered in Pittsburgh, Pennsylvania. The trust aims to provide a tax-advantaged investment option for California residents seeking to preserve capital while earning income.",Money Market Obligations Trust,NAS,cccxx,0
CCFXX,American Funds U.S. Government,USD,,,NAS,ccfxx,0
CCGXX,Commerce Capital Government Money Market Fund - Institutional Class Shares,USD,,,NAS,ccgxx,0
CCSXX,Federated Hermes California Municipal Cash Trust,USD,"The Federated Hermes California Municipal Cash Trust seeks to provide current income exempt from federal and California state income taxes, consistent with stability of principal and liquidity, by investing in a portfolio of high-quality, short-term California municipal obligations. The fund is managed by Federated Hermes, a global investment manager headquartered in Pittsburgh, Pennsylvania. The trust aims to provide a tax-advantaged investment option for California residents seeking to preserve capital while earning income.",Money Market Obligations Trust,NAS,ccsxx,0
CDBXX,Connecticut Daily Tax Free Income Fund Inc - c. - Class B Shares,USD,,,NAS,cdbxx,0
CEAXX,Dreyfus Institutional Preferred Treasury Securities Money Market Fund,USD,,Citizensselect Funds,NAS,ceaxx,0
CEIXX,Dreyfus Institutional Preferred Treasury Securities Money Market Fund,USD,,Citizensselect Funds,NAS,ceixx,0
CFMXX,RidgeWorth Virginia Tax-Free Money Market Fund - I Shares,USD,,,NAS,cfmxx,0
CGIXX,Calamos Government Money Market Fund - Class I Shares,USD,,,NAS,cgixx,0
CGMXX,Columbia Government Money Market Fund,USD,"The Columbia Government Money Market Fund invests primarily in U.S. government securities, repurchase agreements collateralized by U.S. government securities, and cash. The fund seeks to provide current income consistent with the preservation of capital and liquidity. Columbia Threadneedle Investments, headquartered in Boston, Massachusetts, manages the fund.",Columbia Funds Series Trust II,NAS,cgmxx,0
CHSXX,DWS Tax-Exempt Portfolio,USD,"The DWS Tax-Exempt Portfolio invests primarily in municipal securities exempt from federal income tax. The fund seeks to provide investors with current income exempt from federal income tax, consistent with the preservation of capital and liquidity. DWS Group, headquartered in Frankfurt, Germany, manages the portfolio.",Cash Account Trust,NAS,chsxx,0
CHZXX,BOFA CASH RESERVES FUND CLASS,USD,,,NAS,chzxx,0
CIAXX,RidgeWorth Virginia Tax-Free Money Market Fund - A Shares,USD,,,NAS,ciaxx,0
CICXX,RidgeWorth Institutional Cash Management Money Market Fund - Institutional Shares,USD,,,NAS,cicxx,0
CITXX,Aston/Fortis Investor Money Market Fund - Class N Shares,USD,,,NAS,citxx,0
CIUXX,RidgeWorth Institutional U.S. Treasury Securities Money Market Fund - Institutional Shares,USD,,,NAS,ciuxx,0
CJLXX,JPMorgan Liquid Assets Money Market Fund,USD,"The JPMorgan Liquid Assets Money Market Fund aims to maximize current income to the extent consistent with the preservation of capital and maintenance of liquidity by investing in a diversified portfolio of high-quality, short-term money market instruments. These instruments include U.S. government securities, corporate debt, and repurchase agreements. JPMorgan Chase & Co., a leading global financial services firm headquartered in New York City, manages the fund.",JPMorgan Trust II,NAS,cjlxx,0
CJPXX,JPMorgan Prime Money Market Fund,USD,"The JPMorgan Prime Money Market Fund seeks to provide current income while maintaining liquidity and stability of principal by investing in a diversified portfolio of high-quality, short-term money market instruments. These instruments include commercial paper, certificates of deposit, and repurchase agreements. JPMorgan Chase & Co., a leading global financial services firm headquartered in New York City, manages the fund.",JPMorgan Trust I,NAS,cjpxx,0
CJTXX,JPMorgan 100% U.S. Treasury Securities Money Market Fund,USD,"The JPMorgan 100% U.S. Treasury Securities Money Market Fund invests exclusively in U.S. Treasury securities and repurchase agreements backed by U.S. Treasury securities. The fund seeks to provide current income consistent with the preservation of capital and maintenance of liquidity. JPMorgan Chase & Co., a leading global financial services firm headquartered in New York City, manages the fund.",JPMorgan Trust I,NAS,cjtxx,0
CLIXX,Commerce Capital Treasury Obligations Money Market Fund - Institutional Class Shares,USD,,,NAS,clixx,0
CLNXX,Columbia Money Market Fund,USD,"The Columbia Money Market Fund seeks to provide current income consistent with the preservation of capital and liquidity by investing in a diversified portfolio of high-quality, short-term money market instruments. These instruments may include U.S. government securities, commercial paper, and repurchase agreements. Columbia Threadneedle Investments, headquartered in Boston, Massachusetts, manages the fund.",Columbia Funds Series Trust II,NAS,clnxx,0
CMRXX,Columbia Money Market Fund,USD,"The Columbia Money Market Fund seeks to provide current income consistent with the preservation of capital and liquidity by investing in a diversified portfolio of high-quality, short-term money market instruments. These instruments may include U.S. government securities, commercial paper, and repurchase agreements. Columbia Threadneedle Investments, headquartered in Boston, Massachusetts, manages the fund.",Columbia Funds Series Trust II,NAS,cmrxx,0
CNFXX,City National Rochdale Government Money Market Fund,USD,"The City National Rochdale Government Money Market Fund seeks to provide current income consistent with the preservation of capital and liquidity by investing in a portfolio of U.S. government securities and repurchase agreements collateralized by U.S. government securities. The fund's goal is to offer a safe and liquid investment option focused on government-backed assets. City National Rochdale, an investment management firm headquartered in New York, manages the fund.",City National Rochdale Funds,NAS,cnfxx,0
CNGXX,City National Rochdale Government Money Market Fund,USD,"The City National Rochdale Government Money Market Fund seeks to provide current income consistent with the preservation of capital and liquidity by investing in a portfolio of U.S. government securities and repurchase agreements collateralized by U.S. government securities. The fund's goal is to offer a safe and liquid investment option focused on government-backed assets. City National Rochdale, an investment management firm headquartered in New York, manages the fund.",City National Rochdale Funds,NAS,cngxx,0
CNIXX,City National Rochdale Government Money Market Fund,USD,"The City National Rochdale Government Money Market Fund seeks to provide current income consistent with the preservation of capital and liquidity by investing in a portfolio of U.S. government securities and repurchase agreements collateralized by U.S. government securities. The fund's goal is to offer a safe and liquid investment option focused on government-backed assets. City National Rochdale, an investment management firm headquartered in New York, manages the fund.",City National Rochdale Funds,NAS,cnixx,0
CPFXX,Capital Preservation Fund,USD,,American Century Government Income Trust,NAS,cpfxx,0
CRAXX,BOFA TAX EXEMPT RESERVES RETAIL,USD,,,NAS,craxx,0
CRGXX,RidgeWorth Institutional U.S. Government Securities Money Market Fund - Institutional Shares,USD,,,NAS,crgxx,0
CRHXX,MFS U.S. Government Cash Reserve Fund,USD,"The MFS U.S. Government Cash Reserve Fund seeks to maximize current income to the extent consistent with the preservation of capital and liquidity by investing exclusively in U.S. government securities and repurchase agreements collateralized by U.S. government securities. The fund primarily invests in short-term U.S. Treasury bills, notes, and other obligations issued or guaranteed as to principal and interest by the U.S. government. MFS Investment Management, headquartered in Boston, Massachusetts, manages the fund.",MFS Series Trust I,NAS,crhxx,0
CRJXX,MFS U.S. Government Cash Reserve Fund,USD,"The MFS U.S. Government Cash Reserve Fund seeks to maximize current income to the extent consistent with the preservation of capital and liquidity by investing exclusively in U.S. government securities and repurchase agreements collateralized by U.S. government securities. The fund primarily invests in short-term U.S. Treasury bills, notes, and other obligations issued or guaranteed as to principal and interest by the U.S. government. MFS Investment Management, headquartered in Boston, Massachusetts, manages the fund.",MFS Series Trust I,NAS,crjxx,0
CRKXX,MFS U.S. Government Cash Reserve Fund,USD,"The MFS U.S. Government Cash Reserve Fund seeks to maximize current income to the extent consistent with the preservation of capital and liquidity by investing exclusively in U.S. government securities and repurchase agreements collateralized by U.S. government securities. The fund primarily invests in short-term U.S. Treasury bills, notes, and other obligations issued or guaranteed as to principal and interest by the U.S. government. MFS Investment Management, headquartered in Boston, Massachusetts, manages the fund.",MFS Series Trust I,NAS,crkxx,0
CRMXX,MFS U.S. Government Cash Reserve Fund,USD,"The MFS U.S. Government Cash Reserve Fund seeks to maximize current income to the extent consistent with the preservation of capital and liquidity by investing exclusively in U.S. government securities and repurchase agreements collateralized by U.S. government securities. The fund primarily invests in short-term U.S. Treasury bills, notes, and other obligations issued or guaranteed as to principal and interest by the U.S. government. MFS Investment Management, headquartered in Boston, Massachusetts, manages the fund.",MFS Series Trust I,NAS,crmxx,0
CRRXX,MFS U.S. Government Cash Reserve Fund,USD,"The MFS U.S. Government Cash Reserve Fund seeks to maximize current income to the extent consistent with the preservation of capital and liquidity by investing exclusively in U.S. government securities and repurchase agreements collateralized by U.S. government securities. The fund primarily invests in short-term U.S. Treasury bills, notes, and other obligations issued or guaranteed as to principal and interest by the U.S. government. MFS Investment Management, headquartered in Boston, Massachusetts, manages the fund.",MFS Series Trust I,NAS,crrxx,0
CRTXX,BofA Government Reserves,USD,,BofA Funds Series Trust,NAS,crtxx,0
CRVXX,MFS U.S. Government Cash Reserve Fund,USD,"The MFS U.S. Government Cash Reserve Fund seeks to maximize current income to the extent consistent with the preservation of capital and liquidity by investing exclusively in U.S. government securities and repurchase agreements collateralized by U.S. government securities. The fund primarily invests in short-term U.S. Treasury bills, notes, and other obligations issued or guaranteed as to principal and interest by the U.S. government. MFS Investment Management, headquartered in Boston, Massachusetts, manages the fund.",MFS Series Trust I,NAS,crvxx,0
CRZXX,BOFA MUNICIPAL RESERVES FUND CL,USD,,,NAS,crzxx,0
CSGXX,Commerce Capital Instiutional Select Government Money Market Fund - Institutional Class Shares,USD,,,NAS,csgxx,0
CTIXX,Connecticut Daily Tax Free Income Fund Inc - c. - Class A Shares,USD,,,NAS,ctixx,0
CTOXX,Commerce Capital Treasury Obligations Money Market Fund - Service Class Shares,USD,,,NAS,ctoxx,0
CUSXX,RidgeWorth U.S. Treasury Money Market Fund - I Shares,USD,,,NAS,cusxx,0
CVBXX,Calamos Government Money Market Fund - Class B,USD,,,NAS,cvbxx,0
CVCXX,Calamos Government Money Market Fund - Class C,USD,,,NAS,cvcxx,0
CVGXX,BofA Money Market Reserves,USD,,BofA Funds Series Trust,NAS,cvgxx,0
CVPXX,Invesco Liquid Assets Portfolio,USD,"The Invesco Liquid Assets Portfolio invests in a diversified portfolio of high-quality, short-term money market instruments. The fund seeks to provide current income consistent with the preservation of capital and maintenance of liquidity. Invesco, a global investment management firm headquartered in Atlanta, Georgia, manages the portfolio.",Short-Term Investment Trust,NAS,cvpxx,0
CVRXX,BOFA GOVERNMENT PLUS RESERVES R,USD,,,NAS,cvrxx,0
CVSXX,BOFA MONEY MARKET RESERVES FUND,USD,,,NAS,cvsxx,0
CVTXX,BofA Government Plus Reserves,USD,,BofA Funds Series Trust,NAS,cvtxx,0
CYAXX,BOFA NY TAX EXEMPT RESERVES RET,USD,,,NAS,cyaxx,0
CYGXX,BOFA NY TAX EXEMPT RESERVES G,USD,,,NAS,cygxx,0
CZEXX,Dreyfus Prime Money Market Fund,USD,,CitizensSelect Funds,NAS,czexx,0
DACXX,Dreyfus Cash Management Fund,USD,,,NAS,dacxx,0
DAGXX,Dreyfus Government Cash Management Fund,USD,,,NAS,dagxx,0
DAPXX,Dreyfus Government Prime Cash Management,USD,,Dreyfus Government Cash Management Funds,NAS,dapxx,0
DARXX,Dreyfus Treasury Securities Cash Management,USD,,,NAS,darxx,0
DBAXX,"Dreyfus BASIC Money Market Fund, Inc",USD,,,NAS,dbaxx,0
DBBXX,Government & Agency Securities Portfolio,USD,,Cash Account Trust,NAS,dbbxx,0
DCMXX,Government & Agency Securities Portfolio,USD,,Cash Account Trust,NAS,dcmxx,0
DEIXX,Dreyfus AMT-Free Tax Exempt Cash Management,USD,,Dreyfus Tax Exempt Cash Management Funds,NAS,deixx,0
DFRXX,Morgan Stanley Tax-Free Daily Income Trust,USD,"The Morgan Stanley Tax-Free Daily Income Trust invests primarily in short-term municipal securities exempt from federal income tax. The fund seeks to provide current income exempt from federal income tax, consistent with the preservation of capital and liquidity. Morgan Stanley Investment Management, a global investment firm headquartered in New York City, manages the trust.",Morgan Stanley Tax-Free Daily Income Trust,NAS,dfrxx,0
DFSXX,Morgan Stanley California Tax-Free Daily Income Trust,USD,"The Morgan Stanley California Tax-Free Daily Income Trust invests primarily in short-term municipal securities exempt from federal and California state income taxes. The fund seeks to provide current income exempt from federal and California state income taxes, consistent with the preservation of capital and liquidity. Morgan Stanley Investment Management, a global investment firm headquartered in New York City, manages the trust.",Morgan Stanley California Tax-Free Daily Income Trust,NAS,dfsxx,0
DGAXX,Daily Government Fund,USD,,Monarch Funds,NAS,dgaxx,0
DGCXX,Dreyfus Government Cash Management Fund,USD,"The Dreyfus Government Cash Management Fund invests primarily in U.S. government securities and repurchase agreements collateralized by U.S. government securities. The fund seeks to provide current income consistent with the preservation of capital and maintenance of liquidity. Dreyfus, a division of BNY Mellon Investment Management, manages the fund.",,NAS,dgcxx,0
DGEXX,Morgan Stanley U.S Government Money Market Trust Fund,USD,"The Morgan Stanley U.S Government Money Market Trust Fund invests primarily in U.S. government securities and repurchase agreements collateralized by U.S. government securities. The fund seeks to provide current income consistent with the preservation of capital and liquidity. Morgan Stanley Investment Management, a global investment firm headquartered in New York City, manages the trust.",,NAS,dgexx,0
DGPXX,Dreyfus Government Prime Cash Management,USD,,Dreyfus Government Cash Management Funds,NAS,dgpxx,0
DGQXX,Dreyfus Government Cash Management Fund,USD,,,NAS,dgqxx,0
DGUXX,Dreyfus Government Cash Management Fund,USD,,,NAS,dguxx,2
DGVXX,Dreyfus Government Cash Management Fund,USD,,,NAS,dgvxx,0
DHLXX,Dreyfus Institutional Treasury and Agency Cash Advantage Fund,USD,"The Dreyfus Institutional Treasury and Agency Cash Advantage Fund invests primarily in U.S. Treasury securities, federal agency securities, and repurchase agreements collateralized by these securities. The fund seeks to provide current income consistent with the preservation of capital and liquidity. Dreyfus, a division of BNY Mellon Investment Management, manages the fund.",Dreyfus Institutional Reserves Funds,NAS,dhlxx,0
DHMXX,Dreyfus Institutional Treasury Securities Cash Advantage Fund,USD,"The Dreyfus Institutional Treasury Securities Cash Advantage Fund invests primarily in U.S. Treasury securities and repurchase agreements collateralized by U.S. Treasury securities. The fund seeks to provide current income consistent with the preservation of capital and liquidity. Dreyfus, a division of BNY Mellon Investment Management, manages the fund.",Dreyfus Institutional Reserves Funds,NAS,dhmxx,0
DICXX,Dreyfus Cash Management Fund,USD,,,NAS,dicxx,0
DIMXX,Dreyfus AMT-Free Municipal Cash Management Plus,USD,,Dreyfus AMT-Free Municipal Cash Management Plus,NAS,dimxx,0
DIPXX,Dreyfus Government Prime Cash Management,USD,,Dreyfus Government Cash Management Funds,NAS,dipxx,0
DIQXX,Dreyfus Institutional Preferred Money Market Fund,USD,,,NAS,diqxx,0
DIRXX,Dreyfus Treasury Securities Cash Management,USD,,,NAS,dirxx,0
DIYXX,Dreyfus AMT-Free New York Municipal Cash Management,USD,,Dreyfus AMT-Free New York Municipal Cash Management,NAS,diyxx,0
DLAXX,"Dreyfus Liquid Assets, Inc.",USD,,,NAS,dlaxx,0
DLBXX,"Dreyfus Liquid Assets, Inc.",USD,,,NAS,dlbxx,0
DLZXX,"Dreyfus Liquid Assets, Inc.",USD,,,NAS,dlzxx,0
DMDXX,Dreyfus AMT-Free New York Municipal Cash Management,USD,,Dreyfus AMT-Free New York Municipal Cash Management,NAS,dmdxx,0
DMEXX,Dreyfus Institutional Treasury Securities Cash Advantage Fund,USD,,Dreyfus Institutional Reserves Funds,NAS,dmexx,0
DMSXX,Dreyfus Institutional Money Market Fund Inc - Money Market Series,USD,,,NAS,dmsxx,0
DMUXX,Dreyfus AMT-Free Municipal Cash Management Plus,USD,,Dreyfus AMT-Free Municipal Cash Management Plus,NAS,dmuxx,0
DNSXX,Dreyfus Institutional Treasury and Agency Cash Advantage Fund,USD,,Dreyfus Institutional Reserves Funds,NAS,dnsxx,0
DOAXX,DWS Cash Investment Trust,USD,,DWS Money Market Prime Series,NAS,doaxx,0
DOCXX,Deutsche Money Market Prime Series : Deutsche Cash Investment Trust,USD,,Deutsche Money Funds,NAS,docxx,0
DOLXX,BLKRK SEL TRSRY BSD LQDTY-OC,USD,,,NAS,dolxx,0
DOSXX,DWS Cash Investment Trust,USD,,DWS Money Market Prime Series,NAS,dosxx,0
DPFXX,Dreyfus Institutional Preferred Money Market Fund,USD,,,NAS,dpfxx,0
DPGXX,Dreyfus Government Cash Management Fund,USD,,,NAS,dpgxx,0
DPRXX,Dreyfus Treasury Securities Cash Management,USD,,,NAS,dprxx,0
DRSXX,Dreyfus Institutional Preferred Money Market Fund,USD,,,NAS,drsxx,0
DSCXX,Morgan Stanley California Tax-Free Daily Income Trust,USD,"The Morgan Stanley California Tax-Free Daily Income Trust invests primarily in short-term municipal securities exempt from federal and California state income taxes. The fund seeks to provide current income exempt from federal and California state income taxes, consistent with the preservation of capital and liquidity. Morgan Stanley Investment Management, a global investment firm headquartered in New York City, manages the trust.",Morgan Stanley California Tax-Free Daily Income Trust,NAS,dscxx,0
DSHXX,Dreyfus Institutional Preferred Government Money Market Fund,USD,,Dreyfus Institutional Reserves Funds,NAS,dshxx,0
DSTXX,Morgan Stanley California Tax-Free Daily Income Trust,USD,"The Morgan Stanley California Tax-Free Daily Income Trust invests primarily in short-term municipal securities exempt from federal and California state income taxes. The fund seeks to provide current income exempt from federal and California state income taxes, consistent with the preservation of capital and liquidity. Morgan Stanley Investment Management, a global investment firm headquartered in New York City, manages the trust.",Morgan Stanley California Tax-Free Daily Income Trust,NAS,dstxx,0
DSVXX,Dreyfus Institutional Preferred Government Money Market Fund,USD,,Dreyfus Institutional Reserves Funds,NAS,dsvxx,0
DTAXX,Dreyfus Treasury Obligations Cash Management,USD,,,NAS,dtaxx,0
DTBXX,DWS Tax-Exempt Portfolio,USD,,Cash Account Trust,NAS,dtbxx,0
DTCXX,DWS Tax-Exempt Portfolio,USD,,Cash Account Trust,NAS,dtcxx,0
DTDXX,DWS Tax-Exempt Portfolio,USD,,Cash Account Trust,NAS,dtdxx,0
DTFXX,Delaware Tax-Free Money Fund - Class A,USD,,,NAS,dtfxx,0
DTGXX,Government & Agency Securities Portfolio,USD,"Government & Agency Securities Portfolio invests primarily in U.S. government and agency securities and repurchase agreements collateralized by such securities, seeking to maximize current income to the extent consistent with the preservation of capital and liquidity. The portfolio operates as a money market fund. It is managed by DWS Investment Management Americas, Inc.",Cash Account Trust,NAS,dtgxx,0
DTHXX,Dreyfus Treasury Securities Cash Management,USD,,,NAS,dthxx,0
DTJXX,Dreyfus Treasury Securities Cash Management,USD,,,NAS,dtjxx,0
DTKXX,Dreyfus Treasury Obligations Cash Management,USD,,,NAS,dtkxx,0
DTLXX,Dreyfus Treasury and Agency Liquidity Money Market Fund,USD,"Dreyfus Treasury and Agency Liquidity Money Market Fund seeks to maximize current income to the extent consistent with the preservation of capital and liquidity by investing in a portfolio of U.S. Treasury securities, federal agency securities, and repurchase agreements. The fund operates as a money market fund. The fund is managed by BNY Mellon Investment Management.",Dreyfus Institutional Liquidity Funds,NAS,dtlxx,0
DTNXX,Dreyfus Treasury Obligations Cash Management,USD,,,NAS,dtnxx,0
DTPXX,Dreyfus Treasury Obligations Cash Management,USD,,,NAS,dtpxx,0
DTRXX,Dreyfus Treasury Obligations Cash Management,USD,,,NAS,dtrxx,0
DTVXX,Dreyfus Treasury Obligations Cash Management,USD,,,NAS,dtvxx,0
DUPXX,Dreyfus Institutional Treasury Securities Cash Advantage Fund,USD,,Dreyfus Institutional Reserves Funds,NAS,dupxx,0
DVCXX,Dreyfus Cash Management Fund,USD,,,NAS,dvcxx,0
DVMXX,Dreyfus AMT-Free Municipal Cash Management Plus,USD,,Dreyfus AMT-Free Municipal Cash Management Plus,NAS,dvmxx,0
DVPXX,Dreyfus Government Prime Cash Management,USD,,Dreyfus Government Cash Management Funds,NAS,dvpxx,0
DVRXX,Dreyfus Treasury Securities Cash Management,USD,,,NAS,dvrxx,0
DVYXX,Dreyfus AMT-Free New York Municipal Cash Management,USD,,Dreyfus AMT-Free New York Municipal Cash Management,NAS,dvyxx,0
DWGXX,Morgan Stanley U.S Government Money Market Trust Fund,USD,,,NAS,dwgxx,0
EADXX,Evergreen Prime Cash Management Money Market Fund,USD,,,NAS,eadxx,0
EAFXX,American Funds U.S. Government,USD,,,NAS,eafxx,0
ECMXX,Evergreen California Municipal Money Market Fund,USD,,,NAS,ecmxx,0
ECUXX,Evergreen California Municipal Money Market Fund,USD,,,NAS,ecuxx,0
EDTXX,Evergreen Institutional Treasury Money Market Fund - Administrative,USD,,,NAS,edtxx,0
EGAXX,Evergreen U.S. Government Money Market Fund,USD,,,NAS,egaxx,0
EGIXX,Evergreen Institutional U.S. Government Money Market Fund,USD,,,NAS,egixx,0
EGMXX,Evergreen Money Market Fund - I,USD,,,NAS,egmxx,0
EGNXX,Evergreen Institutional U.S. Government Money Market Fund - Investor,USD,,,NAS,egnxx,0
EGPXX,Evergreen Institutional U.S. Government Money Market Fund - Participant,USD,,,NAS,egpxx,0
EGSXX,Evergreen Institutional U.S. Government Money Market Fund - Institutional Service,USD,,,NAS,egsxx,0
EIDXX,Evergreen Institutional Municipal Money Market - Administrative,USD,,,NAS,eidxx,0
EIMXX,Evergreen Institutional Treasury Money Market Fund,USD,,,NAS,eimxx,0
EINXX,Evergreen Institutional Municipal Money Market - Investor,USD,,,NAS,einxx,0
EIPXX,Evergreen Institutional Municipal Money Market - Participant,USD,,,NAS,eipxx,0
EISXX,Municipal Cash Management Money Market Fund,USD,,Wells Fargo Advantage Money Market Funds,NAS,eisxx,0
EITXX,Evergreen Institutional Treasury Money Market Fund - Institutional Service,USD,,,NAS,eitxx,0
EJGXX,JPMorgan U.S. Government Money Market Fund,USD,,JPMorgan Trust II,NAS,ejgxx,0
EJPXX,JPMorgan Prime Money Market Fund,USD,,JPMorgan Trust I,NAS,ejpxx,0
EJTXX,JPMorgan 100% U.S. Treasury Securities Money Market Fund,USD,,JPMorgan Trust I,NAS,ejtxx,0
EJUXX,JPMorgan U.S. Treasury Plus Money Market Fund,USD,,JPMorgan Trust II,NAS,ejuxx,0
ELFXX,State Street ESG Liquid Reserves Fund Institutional Class,USD,"State Street ESG Liquid Reserves Fund Institutional Class is a money market fund that seeks to provide current income consistent with the preservation of capital and liquidity, considering environmental, social, and governance (ESG) factors in its investment process. The fund invests primarily in U.S. dollar-denominated money market instruments. The fund is managed by State Street Global Advisors and headquartered in Boston, Massachusetts.",,NAS,elfxx,0
ELMXX,Elfun Government Money Market Fund,USD,,,NAS,elmxx,0
ELRXX,State Street ESG Liquid Reserves Fund Premier Class,USD,"State Street ESG Liquid Reserves Fund Premier Class is a money market fund aiming for current income while preserving capital and liquidity, integrating environmental, social, and governance (ESG) considerations into its investment strategy. The fund invests mainly in U.S. dollar-denominated money market instruments. It's managed by State Street Global Advisors, located in Boston, Massachusetts.",,NAS,elrxx,0
EMAXX,Evergreen Money Market Fund,USD,,,NAS,emaxx,0
EMBXX,Evergreen Money Market Fund - B,USD,,,NAS,embxx,0
EMCXX,Evergreen Money Market Fund - C,USD,,,NAS,emcxx,0
EMDXX,Evergreen Institutional Money Market Fund - Administrative,USD,,,NAS,emdxx,0
EMIXX,Evergreen Institutional Money Market Fund,USD,,,NAS,emixx,0
EMMXX,Municipal Cash Management Money Market Fund,USD,,Wells Fargo Advantage Money Market Funds,NAS,emmxx,0
EMNXX,Evergreen Institutional Money Market Fund - Investor,USD,,,NAS,emnxx,0
EMPXX,Evergreen Institutional Money Market Fund - Participant,USD,,,NAS,empxx,0
EMSXX,Evergreen Institutional Money Market Fund - Institutional Service,USD,,,NAS,emsxx,0
ENTXX,Evergreen Institutional Treasury Money Market Fund - Investor,USD,,,NAS,entxx,0
ENVXX,Esg Liquid Reserve Fund,USD,,State Street Institutional Investment Trust,NAS,envxx,0
EPRXX,Evergreen Prime Cash Management Money Market Fund - Institutional Class,USD,,,NAS,eprxx,0
ERPXX,Evergreen Prime Cash Management Money Market Fund,USD,,,NAS,erpxx,0
ESGXX,DWS ESG Liquidity Fund,USD,"DWS ESG Liquidity Fund is a money market fund focused on providing current income while prioritizing environmental, social, and governance (ESG) factors in its investment selection. The fund invests in a diversified portfolio of high-quality, short-term money market instruments. It is managed by DWS Investment Management Americas, Inc. and aims to align investment returns with responsible investment principles.",Investors Cash Trust,NAS,esgxx,0
ESIXX,DWS ESG Liquidity Fund,USD,,Investors Cash Trust,NAS,esixx,0
ESNXX,Evergreen Prime Cash Management Money Market Fund,USD,,,NAS,esnxx,0
ESRXX,DWS ESG Liquidity Fund,USD,"DWS ESG Liquidity Fund is a money market fund focused on providing current income while prioritizing environmental, social, and governance (ESG) factors in its investment selection. The fund invests in a diversified portfolio of high-quality, short-term money market instruments. It is managed by DWS Investment Management Americas, Inc. and aims to align investment returns with responsible investment principles.",Investors Cash Trust,NAS,esrxx,0
ESSXX,Evergreen Prime Cash Management Money Market Fund,USD,,,NAS,essxx,0
ESTXX,Evergreen Institutional Treasury Money Market Fund - Participant,USD,,,NAS,estxx,0
ETAXX,Evergreen Treasury Money Market Fund,USD,,,NAS,etaxx,0
ETRXX,Eaton Vance Tax Free Reserves,USD,,,NAS,etrxx,0
ETYXX,Evergreen Treasury Money Market Fund,USD,,,NAS,etyxx,0
EUIXX,Evergreen Institutional 100% Treasury Money Market Fund - Institutional Class,USD,,,NAS,euixx,0
EVMXX,Eaton Vance Money Market Fund,USD,,,NAS,evmxx,0
EVTXX,Evergreen Municipal Money Market Fund,USD,,,NAS,evtxx,0
EXAXX,Evergreen Municipal Money Market Fund,USD,,,NAS,exaxx,0
FAAXX,Government Obligations Fund,USD,The fund seeks to maximize current income to the extent consistent with the preservation of capital and maintenance of liquidity by investing exclusively in U.S. Government securities and repurchase agreements collateralized by U.S. Government securities. The fund is a money market fund. Its headquarter location is not explicitly mentioned in the provided context.,"First American Funds, Inc.",NAS,faaxx,0
FACXX,Daily Cah Fund,USD,,Monarch Funds,NAS,facxx,0
FADXX,Goldman Sachs Financial Square Money Market Fund,USD,"Goldman Sachs Financial Square Money Market Fund is a money market fund that seeks to maximize current income to the extent consistent with the preservation of capital and the maintenance of liquidity by investing in a diversified portfolio of high-quality, short-term money market instruments. The fund is managed by Goldman Sachs Asset Management, located in New York City. It aims to provide investors with a stable and liquid investment option.",Goldman Sachs Trust,NAS,fadxx,0
FAFXX,Alger Money Market Fund,USD,,,NAS,fafxx,0
FAIXX,First American Institutional Prime Obligations Fund,USD,,"First American Funds, Inc.",NAS,faixx,0
FAMXX,First Elite Money Market - Class A,USD,,,NAS,famxx,0
FAPXX,Retail Prime Obligations Fund,USD,,"First American Funds, Inc.",NAS,fapxx,0
FATXX,Treasury Obligations Fund,USD,,"First American Funds, Inc.",NAS,fatxx,0
FBAXX,Goldman Sachs Financial Square Prime Obligations Fund,USD,"Goldman Sachs Financial Square Prime Obligations Fund is a money market fund that seeks to maximize current income to the extent consistent with the preservation of capital and the maintenance of liquidity by investing in a diversified portfolio of high-quality, short-term money market instruments. The fund is managed by Goldman Sachs Asset Management and headquartered in New York City. Its primary goal is to provide a stable and liquid investment option for investors.",Goldman Sachs Trust,NAS,fbaxx,0
FBSXX,Goldman Sachs Financial Square Prime Obligations Fund,USD,"Goldman Sachs Financial Square Prime Obligations Fund is a money market fund seeking to maximize current income consistent with capital preservation and liquidity. The fund invests in a diversified portfolio of high-quality, short-term money market instruments. It's managed by Goldman Sachs Asset Management and based in New York City.",Goldman Sachs Trust,NAS,fbsxx,0
FCEXX,Treasury Portfolio,USD,,Fidelity Colchester Street Trust,NAS,fcexx,0
FCFXX,Fidelity California Municipal Money Market Fund,USD,Fidelity California Municipal Money Market Fund seeks as high a level of current income exempt from federal and California state income taxes as is consistent with preservation of capital and liquidity. It invests primarily in municipal securities issued by California. The fund is managed by Fidelity Management & Research Company in Boston.,Fidelity California Municipal Trust II,NAS,fcfxx,0
FCGXX,Government Portfolio,USD,,Fidelity Colchester Street Trust,NAS,fcgxx,0
FCIXX,Money Market Portfolio,USD,,Fidelity Colchester Street Trust,NAS,fcixx,0
FCMXX,Fidelity Connecticut Municipal Money Market Fund,USD,"Fidelity Connecticut Municipal Money Market Fund aims for high current income exempt from federal and Connecticut state income taxes, consistent with capital preservation and liquidity. It invests predominantly in Connecticut municipal securities. The fund is managed by Fidelity Management & Research Company, based in Boston.",Fidelity Court Street Trust II,NAS,fcmxx,0
FCOXX,Money Market Portfolio,USD,,Fidelity Colchester Street Trust,NAS,fcoxx,0
FCSXX,Treasury Portfolio,USD,,Fidelity Colchester Street Trust,NAS,fcsxx,0
FCVXX,Government Portfolio,USD,,Fidelity Colchester Street Trust,NAS,fcvxx,0
FCYXX,Investor Tax-Exempt Money Market Fund,USD,,Goldman Sachs Trust,NAS,fcyxx,0
FDCXX,Treasury Fund,USD,,Fidelity Newbury Street Trust,NAS,fdcxx,0
FDEXX,Tax-Exempt Fund,USD,,Fidelity Newbury Street Trust,NAS,fdexx,0
FDLXX,Fidelity Treasury Only Money Market Fund,USD,"Fidelity Treasury Only Money Market Fund seeks to provide as high a level of current income as is consistent with preservation of capital and liquidity by investing exclusively in U.S. Treasury securities and repurchase agreements backed by such securities. The fund aims to offer investors a safe and liquid investment option with income derived solely from U.S. Treasury obligations. The fund is managed by Fidelity Investments, headquartered in Boston.",Fidelity Hereford Street Trust,NAS,fdlxx,0
FDMXX,Fidelity Massachusetts Municipal Money Market Fund,USD,Fidelity Massachusetts Municipal Money Market Fund seeks to provide as high a level of current income exempt from federal and Massachusetts state income taxes as is consistent with preservation of capital and liquidity. The fund invests primarily in municipal securities issued by Massachusetts. It is managed by Fidelity Management & Research Company in Boston.,Fidelity Massachusetts Municipal Trust,NAS,fdmxx,0
FDRXX,Fidelity Cash Reserves,USD,"Fidelity Cash Reserves is a money market fund aiming to provide as high a level of current income as is consistent with preservation of capital and liquidity through investing in high quality, short-term money market instruments. The fund operates as a stable value investment option. The fund is managed by Fidelity Management & Research Company and headquartered in Boston, Massachusetts.",Fidelity Phillips Street Trust,NAS,fdrxx,0
FDUXX,Treasury Fund,USD,,Fidelity Newbury Street Trust,NAS,fduxx,0
FEAXX,Goldman Sachs Investor Tax-Exempt Money Market Fund,USD,"Goldman Sachs Investor Tax-Exempt Money Market Fund seeks to provide current income exempt from federal income tax, consistent with preservation of capital and liquidity. The fund invests primarily in high-quality, short-term municipal securities. It is managed by Goldman Sachs Asset Management, located in New York City.",Goldman Sachs Trust,NAS,feaxx,0
FEDXX,Goldman Sachs Financial Square Federal Fund,USD,"Goldman Sachs Financial Square Federal Fund is a money market fund that seeks to maximize current income to the extent consistent with the preservation of capital and the maintenance of liquidity by investing in a diversified portfolio of high-quality, short-term money market instruments. The fund is managed by Goldman Sachs Asset Management and is located in New York City. The fund's objective is to provide a stable and liquid investment option.",Goldman Sachs Trust,NAS,fedxx,0
FEIXX,Retail Prime Obligations Fund,USD,,"First American Funds, Inc.",NAS,feixx,0
FELXX,First Elite Money Market - Trust,USD,,,NAS,felxx,0
FERXX,Tax-Exempt Fund,USD,,Fidelity Newbury Street Trust,NAS,ferxx,0
FESXX,Goldman Sachs Investor Tax-Exempt Money Market Fund,USD,"Goldman Sachs Investor Tax-Exempt Money Market Fund aims to provide current income exempt from federal income tax, consistent with capital preservation and liquidity. The fund invests mainly in high-quality, short-term municipal securities. It is managed by Goldman Sachs Asset Management, based in New York City.",Goldman Sachs Trust,NAS,fesxx,0
FETXX,Tax-Exempt Portfolio,USD,,Fidelity Colchester Street Trust,NAS,fetxx,0
FEXXX,Tax-Exempt Portfolio,USD,,Fidelity Colchester Street Trust,NAS,fexxx,0
FFCXX,Retail Tax Free Obligations Fund,USD,,"First American Funds, Inc.",NAS,ffcxx,0
FFFXX,American Funds U.S. Government Money Market Fund,USD,"American Funds U.S. Government Money Market Fund seeks current income consistent with safety of principal and liquidity by investing in short-term U.S. government securities. The fund is designed to provide a stable investment option while adhering to strict credit quality standards. The fund is managed by Capital Research and Management Company and based in Los Angeles, California.",,NAS,fffxx,0
FFMXX,The Money Market Fund,USD,,Meeder Funds,NAS,ffmxx,0
FFTXX,Federated Institutional Tax-Free Cash Trust,USD,,Money Market Obligations Trust,NAS,fftxx,0
FGAXX,Goldman Sachs Financial Square Treasury Obligations Fund,USD,Goldman Sachs Financial Square Treasury Obligations Fund seeks to maximize current income to the extent consistent with the preservation of capital and the maintenance of liquidity by investing exclusively in U.S. Treasury securities and repurchase agreements collateralized by such securities. The fund is managed by Goldman Sachs Asset Management and headquartered in New York City. Its objective is to provide investors with a secure and liquid investment option.,Goldman Sachs Trust,NAS,fgaxx,0
FGDXX,Government Obligations Fund,USD,,"First American Funds, Inc.",NAS,fgdxx,0
FGEXX,Government Portfolio,USD,,Fidelity Colchester Street Trust,NAS,fgexx,0
FGGXX,Goldman Sachs Financial Square Government Fund,USD,"Goldman Sachs Financial Square Government Fund is a money market fund that seeks to maximize current income to the extent consistent with the preservation of capital and the maintenance of liquidity by investing in a diversified portfolio of high-quality, short-term U.S. government securities and repurchase agreements collateralized by such securities. The fund is managed by Goldman Sachs Asset Management in New York City. It aims to provide a stable and liquid investment option.",Goldman Sachs Trust,NAS,fggxx,0
FGNXX,Fidelity Series Government Money Market Fund,USD,The fund seeks as high a level of current income as is consistent with the preservation of capital and liquidity by investing exclusively in U.S. government securities and repurchase agreements collateralized by such securities. This is a government money market fund. The headquarter location is not explicitly mentioned in the provided context.,Fidelity Salem Street Trust,NAS,fgnxx,0
FGTXX,Goldman Sachs Financial Square Government Fund,USD,"Goldman Sachs Financial Square Government Fund is a money market fund that seeks to maximize current income to the extent consistent with the preservation of capital and the maintenance of liquidity by investing in a diversified portfolio of high-quality, short-term U.S. government securities and repurchase agreements collateralized by such securities. The fund is managed by Goldman Sachs Asset Management and is located in New York City. The fund's goal is to offer a secure and liquid investment option.",Goldman Sachs Trust,NAS,fgtxx,0
FGUXX,Government Obligations Fund,USD,,"First American Funds, Inc.",NAS,fguxx,0
FGVXX,Government Obligations Fund,USD,,"First American Funds, Inc.",NAS,fgvxx,0
FGXXX,Government Obligations Fund,USD,,"First American Funds, Inc.",NAS,fgxxx,0
FGZXX,Government Obligations Fund,USD,,"First American Funds, Inc.",NAS,fgzxx,0
FHIXX,Retail Tax Free Obligations Fund,USD,,"First American Funds, Inc.",NAS,fhixx,0
FHMXX,Investor Money Market Fund,USD,,Goldman Sachs Trust,NAS,fhmxx,0
FHRXX,Investor Money Market Fund,USD,,Goldman Sachs Trust,NAS,fhrxx,0
FHSXX,Investor Money Market Fund,USD,,Goldman Sachs Trust,NAS,fhsxx,0
FIAXX,Florida Daily Municipal Income Fund - Class A Shares,USD,,,NAS,fiaxx,0
FIGXX,Government Portfolio,USD,,Fidelity Colchester Street Trust,NAS,figxx,0
FIHXX,Goldman Sachs Financial Square Federal Fund,USD,,Goldman Sachs Trust,NAS,fihxx,0
FIJXX,Goldman Sachs Financial Square Federal Fund,USD,,Goldman Sachs Trust,NAS,fijxx,0
FIKXX,Goldman Sachs Financial Square Federal Fund,USD,,Goldman Sachs Trust,NAS,fikxx,0
FILXX,Goldman Sachs Financial Square Federal Fund,USD,,Goldman Sachs Trust,NAS,filxx,0
FIOXX,Goldman Sachs Financial Square Federal Fund,USD,,Goldman Sachs Trust,NAS,fioxx,0
FIQXX,Goldman Sachs Financial Square Federal Fund,USD,,Goldman Sachs Trust,NAS,fiqxx,0
FIRXX,Goldman Sachs Financial Square Federal Fund,USD,,Goldman Sachs Trust,NAS,firxx,0
FISXX,Treasury Portfolio,USD,,Fidelity Colchester Street Trust,NAS,fisxx,0
FIUXX,First American Institutional Prime Obligations Fund,USD,"First American Institutional Prime Obligations Fund is a money market fund that seeks to provide current income consistent with the preservation of capital and liquidity by investing in a diversified portfolio of high-quality, short-term money market instruments. The fund primarily invests in prime obligations, which are short-term debt securities issued by corporations and banks. The fund is managed by First American Funds, headquartered in Minneapolis, Minnesota.","First American Funds, Inc.",NAS,fiuxx,0
FIWXX,Goldman Sachs Financial Square Federal Fund,USD,"Goldman Sachs Financial Square Federal Fund is a money market fund seeking to maximize current income to the extent consistent with the preservation of capital and maintenance of liquidity by investing exclusively in U.S. government securities and repurchase agreements collateralized by such securities. The fund's investments are limited to obligations issued or guaranteed by the U.S. government, its agencies, or instrumentalities, or repurchase agreements collateralized by such obligations, focusing on safety and liquidity. Goldman Sachs Asset Management, located in New York City, manages the fund.",Goldman Sachs Trust,NAS,fiwxx,0
FKIXX,Investor Tax-Exempt Money Market Fund,USD,Investor Tax-Exempt Money Market Fund is a money market fund that seeks to provide as high a level of current income exempt from federal income tax as is consistent with preservation of capital and liquidity. The fund invests primarily in short-term municipal securities that are exempt from federal income tax. The fund is managed with the goal of maintaining a stable net asset value while providing tax-advantaged income.,Goldman Sachs Trust,NAS,fkixx,0
FLGXX,Fidelity Hereford Street Trust-Flexible Government Money Market Fund,USD,"Fidelity Hereford Street Trust-Flexible Government Money Market Fund is a money market fund focused on providing investors with a high level of current income consistent with the preservation of capital and liquidity, primarily investing in U.S. government securities. The fund offers a flexible approach to government money market investments, potentially adjusting its portfolio based on market conditions. Fidelity Investments, headquartered in Boston, manages this fund.",Fidelity Hereford Street Trust-Flexible Government Money Market Fund,NAS,flgxx,0
FLIXX,Treasury Obligations Fund,USD,"Treasury Obligations Fund invests primarily in obligations issued or guaranteed as to principal and interest by the U.S. Treasury, seeking to provide current income while maintaining liquidity and preserving capital. This fund focuses on the safety and stability associated with direct U.S. Treasury securities. The fund aims to provide a low-risk option for investors seeking exposure to short-term government debt.","First American Funds, Inc.",NAS,flixx,0
FLPXX,Institutional Prime Money Market Fund,USD,"Institutional Prime Money Market Fund is a money market fund designed for institutional investors seeking to provide current income consistent with the preservation of capital and maintenance of liquidity. The fund invests primarily in a diversified portfolio of high-quality, short-term money market instruments, including commercial paper, certificates of deposit, and repurchase agreements. The fund aims to maintain a stable net asset value of $1.00 per share.",Meeder Funds,NAS,flpxx,0
FMAXX,Fidelity Massachusetts AMT Tax-Free Money Market Fund,USD,"Fidelity Massachusetts AMT Tax-Free Money Market Fund is a money market fund that seeks to provide current income exempt from federal and Massachusetts state income taxes, consistent with preservation of capital and liquidity. The fund invests primarily in municipal securities issued by the Commonwealth of Massachusetts and its political subdivisions. Fidelity Investments, located in Boston, manages the fund.",Fidelity Massachusetts Municipal Trust,NAS,fmaxx,0
FMEXX,Investor Money Market Fund,USD,"Investor Money Market Fund aims to provide current income consistent with maintaining liquidity and preserving capital through investing in high-quality, short-term money market instruments. This fund offers investors a safe and liquid investment option with a goal of stability. The fund's objective is to preserve principal while generating income.",Goldman Sachs Trust,NAS,fmexx,0
FMFXX,Franklin U.S. Government Money Fund,USD,"Franklin U.S. Government Money Fund is a money market fund that seeks to provide investors with high current income, preservation of capital, and liquidity by investing primarily in U.S. government securities. The fund invests in obligations issued or guaranteed by the U.S. government or its agencies. Franklin Templeton Investments, headquartered in San Mateo, California, manages the fund.",,NAS,fmfxx,0
FMGXX,Investor Money Market Fund,USD,"Investor Money Market Fund aims to provide current income consistent with maintaining liquidity and preserving capital through investing in high-quality, short-term money market instruments. This fund offers investors a safe and liquid investment option with a goal of stability. The fund's objective is to preserve principal while generating income.",Goldman Sachs Trust,NAS,fmgxx,0
FMHXX,Fidelity Massachusetts AMT Tax-Free Money Market Fund,USD,"Fidelity Massachusetts AMT Tax-Free Money Market Fund is a money market fund that seeks to provide current income exempt from federal and Massachusetts state income taxes, consistent with preservation of capital and liquidity. The fund invests primarily in municipal securities issued by the Commonwealth of Massachusetts and its political subdivisions. Fidelity Investments, located in Boston, manages the fund.",Fidelity Massachusetts Municipal Trust,NAS,fmhxx,0
FMIXX,Fidelity Michigan Municipal Money Market Fund,USD,"Fidelity Michigan Municipal Money Market Fund is designed to provide current income exempt from federal and Michigan state income taxes, consistent with capital preservation and liquidity. The fund invests primarily in municipal securities issued by the State of Michigan and its political subdivisions. Fidelity Investments, located in Boston, manages this fund.",Fidelity Municipal Trust II,NAS,fmixx,0
FMJXX,Investor Money Market Fund,USD,"Investor Money Market Fund aims to provide current income consistent with maintaining liquidity and preserving capital through investing in high-quality, short-term money market instruments. This fund offers investors a safe and liquid investment option with a goal of stability. The fund's objective is to preserve principal while generating income.",Goldman Sachs Trust,NAS,fmjxx,0
FMKXX,Investor Money Market Fund,USD,"Investor Money Market Fund aims to provide current income consistent with maintaining liquidity and preserving capital through investing in high-quality, short-term money market instruments. This fund offers investors a safe and liquid investment option with a goal of stability. The fund's objective is to preserve principal while generating income.",Goldman Sachs Trust,NAS,fmkxx,0
FMOXX,Tax-Exempt Fund,USD,Tax-Exempt Fund seeks to provide as high a level of current income exempt from federal income tax as is consistent with preservation of capital and liquidity. The fund invests primarily in short-term municipal securities that are exempt from federal income tax. It's designed for investors looking for tax-advantaged income while maintaining a stable net asset value.,Fidelity Newbury Street Trust,NAS,fmoxx,0
FMPXX,Money Market Portfolio,USD,"Money Market Portfolio seeks to provide current income consistent with preservation of capital and liquidity by investing in a diversified portfolio of high-quality, short-term money market instruments. The fund focuses on maintaining a stable net asset value while providing a competitive yield. The fund is managed with the objective of balancing safety, liquidity, and income.",Fidelity Colchester Street Trust,NAS,fmpxx,0
FMQXX,Fidelity SAI Municipal Money Market Fund,USD,"Fidelity SAI Municipal Money Market Fund is a money market fund that seeks to provide current income exempt from federal income tax, consistent with preservation of capital and liquidity, by investing in municipal securities. The fund is part of Fidelity's SAI (Strategic Advisers, Inc.) lineup, indicating it may be used in asset allocation programs. Fidelity Investments, headquartered in Boston, manages the fund with the goal of offering tax-advantaged income.",Fidelity Salem Street Trust,NAS,fmqxx,0
FMSXX,Fidelity Massachusetts AMT Tax-Free Money Market Fund,USD,"Fidelity Massachusetts AMT Tax-Free Money Market Fund is a money market fund that seeks to provide current income exempt from federal and Massachusetts state income taxes, consistent with preservation of capital and liquidity. The fund invests primarily in municipal securities issued by the Commonwealth of Massachusetts and its political subdivisions. Fidelity Investments, located in Boston, manages the fund.",Fidelity Massachusetts Municipal Trust,NAS,fmsxx,0
FMYXX,Money Market Portfolio,USD,"Money Market Portfolio seeks to provide current income consistent with preservation of capital and liquidity by investing in a diversified portfolio of high-quality, short-term money market instruments. The fund focuses on maintaining a stable net asset value while providing a competitive yield. The fund is managed with the objective of balancing safety, liquidity, and income.",Fidelity Colchester Street Trust,NAS,fmyxx,0
FNBXX,Fidelity Government Money Market Fund,USD,"Fidelity Government Money Market Fund seeks to provide as high a level of current income as is consistent with the preservation of capital and liquidity by investing in U.S. government securities. The fund invests primarily in obligations issued or guaranteed by the U.S. government, its agencies, or instrumentalities, and repurchase agreements backed by such securities. Fidelity Investments, headquartered in Boston, manages the fund.",Fidelity Hereford Street Trust,NAS,fnbxx,0
FNCXX,Federated New York Municipal Cash Trust,USD,"Federated New York Municipal Cash Trust is a money market fund investing primarily in short-term municipal obligations issued by New York State and its political subdivisions, seeking current income exempt from federal, New York State, and New York City personal income taxes. Federated Hermes, located in Pittsburgh, PA, manages this fund. The fund seeks to offer a stable net asset value while providing tax-advantaged income.",Money Market Obligations Trust,NAS,fncxx,0
FNJXX,Fidelity New Jersey Municipal Money Market Fund,USD,"Fidelity New Jersey Municipal Money Market Fund is a money market fund that seeks to provide current income exempt from federal and New Jersey state income taxes, consistent with preservation of capital and liquidity. The fund invests primarily in municipal securities issued by the State of New Jersey and its political subdivisions. Fidelity Investments, headquartered in Boston, manages the fund.",Fidelity Court Street Trust II,NAS,fnjxx,0
FNKXX,Fidelity New York AMT Tax-Free Money Market Fund,USD,"Fidelity New York AMT Tax-Free Money Market Fund seeks to provide as high a level of current income exempt from federal and New York state income taxes as is consistent with preservation of capital and liquidity while minimizing exposure to the alternative minimum tax (AMT). The fund invests primarily in short-term municipal securities issued by New York State and its political subdivisions that are exempt from federal and New York state income taxes and are not subject to the AMT. Fidelity Investments, located in Boston, manages this fund.",Fidelity New York Municipal Trust II,NAS,fnkxx,0
FNNXX,Fidelity New Jersey AMT Tax-Free Money Market Fund,USD,"Fidelity New Jersey AMT Tax-Free Money Market Fund aims to provide current income that is exempt from federal and New Jersey state income taxes while minimizing exposure to the federal alternative minimum tax (AMT). This fund invests in municipal securities issued by the State of New Jersey and its political subdivisions that are tax-exempt and AMT-free. Fidelity Investments, based in Boston, oversees the fund.",Fidelity Court Street Trust II,NAS,fnnxx,0
FNOXX,Fidelity New York AMT Tax-Free Money Market Fund,USD,"Fidelity New York AMT Tax-Free Money Market Fund seeks to provide as high a level of current income exempt from federal and New York state income taxes as is consistent with preservation of capital and liquidity while minimizing exposure to the alternative minimum tax (AMT). The fund invests primarily in short-term municipal securities issued by New York State and its political subdivisions that are exempt from federal and New York state income taxes and are not subject to the AMT. Fidelity Investments, located in Boston, manages this fund.",Fidelity New York Municipal Trust II,NAS,fnoxx,0
FNSXX,Money Market Portfolio,USD,"Money Market Portfolio seeks to provide current income consistent with preservation of capital and liquidity by investing in a diversified portfolio of high-quality, short-term money market instruments. The fund focuses on maintaining a stable net asset value while providing a competitive yield. The fund is managed with the objective of balancing safety, liquidity, and income.",Fidelity Colchester Street Trust,NAS,fnsxx,0
FNTXX,Federated New York Municipal Cash Trust,USD,"Federated New York Municipal Cash Trust is a money market fund investing primarily in short-term municipal obligations issued by New York State and its political subdivisions, seeking current income exempt from federal, New York State, and New York City personal income taxes. Federated Hermes, located in Pittsburgh, PA, manages this fund. The fund seeks to offer a stable net asset value while providing tax-advantaged income.",Money Market Obligations Trust,NAS,fntxx,0
FNYXX,Fidelity New York Municipal Money Market Fund,USD,"Fidelity New York Municipal Money Market Fund seeks to provide as high a level of current income exempt from federal and New York state income taxes as is consistent with preservation of capital and liquidity. The fund invests primarily in municipal securities issued by the State of New York and its political subdivisions. Fidelity Investments, located in Boston, manages the fund.",Fidelity New York Municipal Trust II,NAS,fnyxx,0
FOAXX,Goldman Sachs Financial Square Government Fund,USD,"Goldman Sachs Financial Square Government Fund is a money market fund that seeks to maximize current income to the extent consistent with the preservation of capital and maintenance of liquidity by investing exclusively in U.S. government securities and repurchase agreements collateralized by such securities. The fund invests in obligations issued or guaranteed by the U.S. government, its agencies, or instrumentalities, or repurchase agreements collateralized by such obligations, focusing on safety and liquidity. Goldman Sachs Asset Management, located in New York City, manages the fund.",Goldman Sachs Trust,NAS,foaxx,0
FOCXX,Treasury Obligations Fund,USD,"Treasury Obligations Fund invests primarily in obligations issued or guaranteed as to principal and interest by the U.S. Treasury, seeking to provide current income while maintaining liquidity and preserving capital. This fund focuses on the safety and stability associated with direct U.S. Treasury securities. The fund aims to provide a low-risk option for investors seeking exposure to short-term government debt.","First American Funds, Inc.",NAS,focxx,0
FODXX,U.S. Treasury Money Market Fund,USD,"U.S. Treasury Money Market Fund invests exclusively in securities issued or guaranteed by the U.S. Treasury, aiming to provide investors with current income consistent with capital preservation and liquidity. The fund focuses on the highest credit quality by limiting its investments solely to U.S. Treasury obligations. This fund offers a low-risk option for investors seeking maximum safety in a money market fund.","First American Funds, Inc.",NAS,fodxx,0
FOEXX,U.S. Treasury Money Market Fund,USD,"U.S. Treasury Money Market Fund invests exclusively in securities issued or guaranteed by the U.S. Treasury, aiming to provide investors with current income consistent with capital preservation and liquidity. The fund focuses on the highest credit quality by limiting its investments solely to U.S. Treasury obligations. This fund offers a low-risk option for investors seeking maximum safety in a money market fund.","First American Funds, Inc.",NAS,foexx,0
FOIXX,Treasury Only Portfolio,USD,"Treasury Only Portfolio invests solely in U.S. Treasury securities, seeking to provide current income while maintaining liquidity and preserving capital. This fund focuses on the safety and stability associated with direct U.S. Treasury securities. The fund aims to provide a low-risk option for investors seeking exposure to short-term government debt.",Fidelity Colchester Street Trust,NAS,foixx,0
FOMXX,Fidelity Ohio Municipal Money Market Fund,USD,"Fidelity Ohio Municipal Money Market Fund seeks to provide current income exempt from federal and Ohio state income taxes, consistent with preservation of capital and liquidity. The fund invests primarily in municipal securities issued by the State of Ohio and its political subdivisions. Fidelity Investments, located in Boston, manages the fund.",Fidelity Municipal Trust II,NAS,fomxx,0
FOPXX,Treasury Only Portfolio,USD,"Treasury Only Portfolio invests solely in U.S. Treasury securities, seeking to provide current income while maintaining liquidity and preserving capital. This fund focuses on the safety and stability associated with direct U.S. Treasury securities. The fund aims to provide a low-risk option for investors seeking exposure to short-term government debt.",Fidelity Colchester Street Trust,NAS,fopxx,0
FOSXX,Goldman Sachs Financial Square Government Fund,USD,"Goldman Sachs Financial Square Government Fund is a money market fund that seeks to maximize current income to the extent consistent with the preservation of capital and maintenance of liquidity by investing exclusively in U.S. government securities and repurchase agreements collateralized by such securities. The fund invests in obligations issued or guaranteed by the U.S. government, its agencies, or instrumentalities, or repurchase agreements collateralized by such obligations, focusing on safety and liquidity. Goldman Sachs Asset Management, located in New York City, manages the fund.",Goldman Sachs Trust,NAS,fosxx,0
FOXXX,Treasury Only Portfolio,USD,"Treasury Only Portfolio invests solely in U.S. Treasury securities, seeking to provide current income while maintaining liquidity and preserving capital. This fund focuses on the safety and stability associated with direct U.S. Treasury securities. The fund aims to provide a low-risk option for investors seeking exposure to short-term government debt.",Fidelity Colchester Street Trust,NAS,foxxx,0
FOYXX,U.S. Treasury Money Market Fund,USD,"U.S. Treasury Money Market Fund invests exclusively in securities issued or guaranteed by the U.S. Treasury, aiming to provide investors with current income consistent with capital preservation and liquidity. The fund focuses on the highest credit quality by limiting its investments solely to U.S. Treasury obligations. This fund offers a low-risk option for investors seeking maximum safety in a money market fund.","First American Funds, Inc.",NAS,foyxx,0
FOZXX,U.S. Treasury Money Market Fund,USD,"U.S. Treasury Money Market Fund invests exclusively in securities issued or guaranteed by the U.S. Treasury, aiming to provide investors with current income consistent with capital preservation and liquidity. The fund focuses on the highest credit quality by limiting its investments solely to U.S. Treasury obligations. This fund offers a low-risk option for investors seeking maximum safety in a money market fund.","First American Funds, Inc.",NAS,fozxx,0
FPIXX,First American Institutional Prime Obligations Fund,USD,"First American Institutional Prime Obligations Fund is a money market fund that seeks to provide current income consistent with the preservation of capital and liquidity by investing in a diversified portfolio of high-quality, short-term money market instruments. The fund primarily invests in prime obligations, which are short-term debt securities issued by corporations and banks. The fund is managed by First American Funds, headquartered in Minneapolis, Minnesota.","First American Funds, Inc.",NAS,fpixx,0
FPOXX,Goldman Sachs Financial Square Prime Obligations Fund,USD,"Goldman Sachs Financial Square Prime Obligations Fund is a money market fund that seeks to maximize current income to the extent consistent with the preservation of capital and maintenance of liquidity by investing in a diversified portfolio of high-quality, short-term money market instruments. The fund invests primarily in prime obligations, which are short-term debt securities issued by corporations and banks. Goldman Sachs Asset Management, located in New York City, manages the fund.",Goldman Sachs Trust,NAS,fpoxx,0
FPPXX,Government Obligations Fund,USD,"Government Obligations Fund invests primarily in obligations issued or guaranteed as to principal and interest by the U.S. government, its agencies, or instrumentalities, seeking to provide current income while maintaining liquidity and preserving capital. This fund focuses on the safety and stability associated with government-backed securities. The fund is managed with the goal of providing a low-risk investment option.","First American Funds, Inc.",NAS,fppxx,0
FPTXX,Fidelity Pennsylvania Municipal Money Market Fund,USD,"Fidelity Pennsylvania Municipal Money Market Fund aims to provide current income exempt from federal and Pennsylvania state income taxes, consistent with preservation of capital and liquidity. This fund invests primarily in municipal securities issued by the Commonwealth of Pennsylvania and its political subdivisions. Fidelity Investments, headquartered in Boston, manages the fund.",Fidelity Municipal Trust II,NAS,fptxx,0
FPUXX,Retail Prime Obligations Fund,USD,"Retail Prime Obligations Fund is a money market fund that seeks to provide current income consistent with the preservation of capital and liquidity by investing in a diversified portfolio of high-quality, short-term money market instruments. The fund primarily invests in prime obligations, which are short-term debt securities issued by corporations and banks, and is geared towards retail investors. The fund aims to maintain a stable net asset value while providing a competitive yield.","First American Funds, Inc.",NAS,fpuxx,0
FPXXX,Federal Trust Fund,USD,"Federal Trust Fund is designed to provide current income consistent with the preservation of capital and liquidity by investing in short-term U.S. government securities. The fund invests primarily in obligations issued or guaranteed by the U.S. government, its agencies, or instrumentalities. The investment objective of this fund is to generate income while maintaining a high degree of safety.",BlackRock Liquidity Funds,NAS,fpxxx,0
FPZXX,First American Institutional Pr,USD,"First American Institutional Pr is a money market fund focusing on providing current income consistent with preserving capital and liquidity. The fund invests primarily in high-quality, short-term money market instruments tailored for institutional investors. First American Funds manages the fund with the goal of a stable net asset value.",,NAS,fpzxx,0
FRAXX,Goldman Sachs Financial Square Treasury Instruments Fund,USD,"Goldman Sachs Financial Square Treasury Instruments Fund is a money market fund that seeks to maximize current income to the extent consistent with the preservation of capital and maintenance of liquidity by investing exclusively in U.S. Treasury securities and repurchase agreements collateralized by such securities. The fund invests in direct obligations of the U.S. Treasury, focusing on safety and liquidity. Goldman Sachs Asset Management, located in New York City, manages the fund.",Goldman Sachs Trust,NAS,fraxx,0
FRBXX,Treasury Portfolio,USD,"Treasury Portfolio invests primarily in U.S. Treasury securities and repurchase agreements backed by such securities, aiming to provide current income consistent with capital preservation and liquidity. The fund focuses on the safety and stability associated with direct U.S. Treasury obligations. The fund aims to provide a low-risk investment option for investors.",Fidelity Colchester Street Trust,NAS,frbxx,0
FRFXX,Federated Hermes Capital Reserve Fund,USD,"Federated Hermes Capital Reserve Fund is a money market fund that seeks to maximize current income consistent with the preservation of capital and liquidity by investing in a diversified portfolio of short-term money market instruments. The fund invests in high-quality, short-term obligations, focusing on maintaining a stable net asset value. Federated Hermes, headquartered in Pittsburgh, manages the fund with the goal of offering a competitive yield.",Money Market Obligations Trust,NAS,frfxx,0
FRGXX,Government Portfolio,USD,"Government Portfolio invests primarily in obligations issued or guaranteed as to principal and interest by the U.S. government, its agencies, or instrumentalities, seeking to provide current income while maintaining liquidity and preserving capital. This fund focuses on the safety and stability associated with government-backed securities. The fund is managed with the goal of providing a low-risk investment option.",Fidelity Colchester Street Trust,NAS,frgxx,0
FRQXX,Franklin U.S. Government Money Fund,USD,"Franklin U.S. Government Money Fund is a money market fund that seeks to provide investors with high current income, preservation of capital, and liquidity by investing primarily in U.S. government securities. The fund invests in obligations issued or guaranteed by the U.S. government or its agencies. Franklin Templeton Investments, headquartered in San Mateo, California, manages the fund.",,NAS,frqxx,0
FRRXX,Franklin U.S. Government Money Fund,USD,"Franklin U.S. Government Money Fund is a money market fund that seeks to provide investors with high current income, preservation of capital, and liquidity by investing primarily in U.S. government securities. The fund invests in obligations issued or guaranteed by the U.S. government or its agencies. Franklin Templeton Investments, headquartered in San Mateo, California, manages the fund.",,NAS,frrxx,0
FRSXX,Treasury Only Portfolio,USD,"Treasury Only Portfolio invests solely in U.S. Treasury securities, seeking to provide current income while maintaining liquidity and preserving capital. This fund focuses on the safety and stability associated with direct U.S. Treasury securities. The fund aims to provide a low-risk option for investors seeking exposure to short-term government debt.",Fidelity Colchester Street Trust,NAS,frsxx,0
FSAXX,Fidelity Arizona Municipal Money Market Fund,USD,"Fidelity Arizona Municipal Money Market Fund seeks to provide as high a level of current income exempt from federal and Arizona state income taxes as is consistent with the preservation of capital and liquidity. The fund invests primarily in municipal securities issued by the State of Arizona and its political subdivisions. Fidelity Investments, headquartered in Boston, manages the fund.",Fidelity Union Street Trust II,NAS,fsaxx,0
FSBXX,Fidelity California AMT Tax-Free Money Market Fund,USD,"Fidelity California AMT Tax-Free Money Market Fund seeks to provide as high a level of current income exempt from federal and California state income taxes as is consistent with preservation of capital and liquidity while minimizing exposure to the alternative minimum tax (AMT). The fund invests primarily in short-term municipal securities issued by California and its political subdivisions that are exempt from federal and California state income taxes and are not subject to the AMT. Fidelity Investments, located in Boston, manages this fund.",Fidelity California Municipal Trust II,NAS,fsbxx,0
FSGXX,Goldman Sachs Financial Square Government Fund,USD,"Goldman Sachs Financial Square Government Fund is a money market fund that seeks to maximize current income to the extent consistent with the preservation of capital and maintenance of liquidity by investing exclusively in U.S. government securities and repurchase agreements collateralized by such securities. The fund invests in obligations issued or guaranteed by the U.S. government, its agencies, or instrumentalities, or repurchase agreements collateralized by such obligations, focusing on safety and liquidity. Goldman Sachs Asset Management, located in New York City, manages the fund.",Goldman Sachs Trust,NAS,fsgxx,0
FSIXX,Treasury Only Portfolio,USD,"Treasury Only Portfolio invests solely in U.S. Treasury securities, seeking to provide current income while maintaining liquidity and preserving capital. This fund focuses on the safety and stability associated with direct U.S. Treasury securities. The fund aims to provide a low-risk option for investors seeking exposure to short-term government debt.",Fidelity Colchester Street Trust,NAS,fsixx,0
FSJXX,Fidelity New Jersey AMT Tax-Free Money Market Fund,USD,"Fidelity New Jersey AMT Tax-Free Money Market Fund aims to provide current income that is exempt from federal and New Jersey state income taxes while minimizing exposure to the federal alternative minimum tax (AMT). This fund invests in municipal securities issued by the State of New Jersey and its political subdivisions that are tax-exempt and AMT-free. Fidelity Investments, based in Boston, oversees the fund.",Fidelity Court Street Trust II,NAS,fsjxx,0
FSKXX,Fidelity New Jersey AMT Tax-Free Money Market Fund,USD,"Fidelity New Jersey AMT Tax-Free Money Market Fund aims to provide current income that is exempt from federal and New Jersey state income taxes while minimizing exposure to the federal alternative minimum tax (AMT). This fund invests in municipal securities issued by the State of New Jersey and its political subdivisions that are tax-exempt and AMT-free. Fidelity Investments, based in Boston, oversees the fund.",Fidelity Court Street Trust II,NAS,fskxx,0
FSMXX,Goldman Sachs Financial Square Money Market Fund,USD,"Goldman Sachs Financial Square Money Market Fund is a money market fund that seeks to maximize current income to the extent consistent with the preservation of capital and maintenance of liquidity by investing in a diversified portfolio of high-quality, short-term money market instruments. The fund invests in various money market securities, including U.S. government securities, corporate debt, and repurchase agreements. Goldman Sachs Asset Management, located in New York City, manages the fund.",Goldman Sachs Trust,NAS,fsmxx,0
FSNXX,Fidelity New York AMT Tax-Free Money Market Fund,USD,"Fidelity New York AMT Tax-Free Money Market Fund seeks to provide as high a level of current income exempt from federal and New York state income taxes as is consistent with preservation of capital and liquidity while minimizing exposure to the alternative minimum tax (AMT). The fund invests primarily in short-term municipal securities issued by New York State and its political subdivisions that are exempt from federal and New York state income taxes and are not subject to the AMT. Fidelity Investments, located in Boston, manages this fund.",Fidelity New York Municipal Trust II,NAS,fsnxx,0
FSOXX,Goldman Sachs Financial Square Government Fund,USD,"Goldman Sachs Financial Square Government Fund is a money market fund that seeks to maximize current income to the extent consistent with the preservation of capital and maintenance of liquidity by investing exclusively in U.S. government securities and repurchase agreements collateralized by such securities. The fund invests in obligations issued or guaranteed by the U.S. government, its agencies, or instrumentalities, or repurchase agreements collateralized by such obligations, focusing on safety and liquidity. Goldman Sachs Asset Management, located in New York City, manages the fund.",Goldman Sachs Trust,NAS,fsoxx,0
FSPXX,Fidelity California AMT Tax-Free Money Market Fund,USD,"Fidelity California AMT Tax-Free Money Market Fund seeks to provide as high a level of current income exempt from federal and California state income taxes as is consistent with preservation of capital and liquidity while minimizing exposure to the alternative minimum tax (AMT). The fund invests primarily in short-term municipal securities issued by California and its political subdivisions that are exempt from federal and California state income taxes and are not subject to the AMT. Fidelity Investments, located in Boston, manages this fund.",Fidelity California Municipal Trust II,NAS,fspxx,0
FSRXX,Treasury Fund,USD,"Treasury Fund is a money market fund that invests primarily in U.S. Treasury securities and repurchase agreements backed by those securities, seeking to provide current income consistent with preserving capital and maintaining liquidity. This fund prioritizes safety by focusing on obligations of the U.S. government. The fund's objective is to maximize income while minimizing risk.",Fidelity Newbury Street Trust,NAS,fsrxx,0
FSSXX,Fidelity California AMT Tax-Free Money Market Fund,USD,"Fidelity California AMT Tax-Free Money Market Fund seeks to provide as high a level of current income exempt from federal and California state income taxes as is consistent with preservation of capital and liquidity while minimizing exposure to the alternative minimum tax (AMT). The fund invests primarily in short-term municipal securities issued by California and its political subdivisions that are exempt from federal and California state income taxes and are not subject to the AMT. Fidelity Investments, located in Boston, manages this fund.",Fidelity California Municipal Trust II,NAS,fssxx,0
FSUXX,Federated Short-Term U.S. Government Trust,USD,,,NAS,fsuxx,0
FSVXX,Goldman Sachs Financial Square Money Market Fund,USD,"Goldman Sachs Financial Square Money Market Fund is a money market fund that seeks to maximize current income to the extent consistent with the preservation of capital and maintenance of liquidity by investing in a diversified portfolio of high-quality, short-term money market instruments. The fund invests in various money market securities, including U.S. government securities, corporate debt, and repurchase agreements. Goldman Sachs Asset Management, located in New York City, manages the fund.",Goldman Sachs Trust,NAS,fsvxx,0
FSXXX,Tax-Exempt Portfolio,USD,Tax-Exempt Portfolio seeks to provide as high a level of current income exempt from federal income tax as is consistent with preservation of capital and liquidity. The fund invests primarily in short-term municipal securities that are exempt from federal income tax. It's designed for investors looking for tax-advantaged income while maintaining a stable net asset value.,Fidelity Colchester Street Trust,NAS,fsxxx,0
FTAXX,Retail Tax Free Obligations Fund,USD,,"First American Funds, Inc.",NAS,ftaxx,0
FTCXX,Tax-Exempt Portfolio,USD,Tax-Exempt Portfolio seeks to provide as high a level of current income exempt from federal income tax as is consistent with preservation of capital and liquidity. The fund invests primarily in short-term municipal securities that are exempt from federal income tax. It's designed for investors looking for tax-advantaged income while maintaining a stable net asset value.,Fidelity Colchester Street Trust,NAS,ftcxx,0
FTDXX,Treasury Obligations Fund,USD,"Treasury Obligations Fund invests primarily in obligations issued or guaranteed as to principal and interest by the U.S. Treasury, seeking to provide current income while maintaining liquidity and preserving capital. This fund focuses on the safety and stability associated with direct U.S. Treasury securities. The fund aims to provide a low-risk option for investors seeking exposure to short-term government debt.","First American Funds, Inc.",NAS,ftdxx,0
FTEXX,Fidelity Municipal Money Market Fund,USD,"Fidelity Municipal Money Market Fund aims to provide current income exempt from federal income tax consistent with the preservation of capital and liquidity. The fund invests primarily in municipal securities, offering tax-advantaged income for investors. The fund seeks to maintain a stable net asset value of $1.00 per share.",Fidelity Union Street Trust II,NAS,ftexx,0
FTFXX,Federated Institutional Tax-Free Cash Trust,USD,"Federated Institutional Tax-Free Cash Trust is a money market fund that invests primarily in short-term municipal obligations, seeking current income exempt from federal income tax. The fund aims to provide a stable net asset value while providing tax-advantaged income to institutional investors. Federated Hermes, located in Pittsburgh, PA, manages this fund.",Money Market Obligations Trust,NAS,ftfxx,0
FTGXX,Government Obligations Fund,USD,"Government Obligations Fund invests primarily in obligations issued or guaranteed as to principal and interest by the U.S. government, its agencies, or instrumentalities, seeking to provide current income while maintaining liquidity and preserving capital. This fund focuses on the safety and stability associated with government-backed securities. The fund is managed with the goal of providing a low-risk investment option.","First American Funds, Inc.",NAS,ftgxx,0
FTIXX,Goldman Sachs Financial Square Treasury Instruments Fund,USD,"Goldman Sachs Financial Square Treasury Instruments Fund is a money market fund that seeks to maximize current income to the extent consistent with the preservation of capital and maintenance of liquidity by investing exclusively in U.S. Treasury securities and repurchase agreements collateralized by such securities. The fund invests in direct obligations of the U.S. Treasury, focusing on safety and liquidity. Goldman Sachs Asset Management, located in New York City, manages the fund.",Goldman Sachs Trust,NAS,ftixx,0
FTJXX,Retail Tax Free Obligations Fund,USD,Retail Tax Free Obligations Fund aims to provide current income exempt from federal income tax consistent with the preservation of capital and liquidity. The fund invests primarily in municipal securities that are exempt from federal income tax. It's designed for retail investors seeking tax-advantaged income while maintaining a stable net asset value.,"First American Funds, Inc.",NAS,ftjxx,0
FTKXX,U.S. Treasury Money Market Fund,USD,"U.S. Treasury Money Market Fund invests exclusively in securities issued or guaranteed by the U.S. Treasury, aiming to provide investors with current income consistent with capital preservation and liquidity. The fund focuses on the highest credit quality by limiting its investments solely to U.S. Treasury obligations. This fund offers a low-risk option for investors seeking maximum safety in a money market fund.","First American Funds, Inc.",NAS,ftkxx,0
FTOXX,Goldman Sachs Financial Square Treasury Obligations Fund,USD,"Goldman Sachs Financial Square Treasury Obligations Fund is a money market fund that seeks to maximize current income to the extent consistent with the preservation of capital and maintenance of liquidity by investing exclusively in U.S. Treasury securities and repurchase agreements collateralized by such securities. The fund invests in direct obligations of the U.S. Treasury, focusing on safety and liquidity. Goldman Sachs Asset Management, located in New York City, manages the fund.",Goldman Sachs Trust,NAS,ftoxx,0
FTQXX,Franklin U.S. Government Money Fund,USD,"Franklin U.S. Government Money Fund is a money market fund that seeks to provide investors with high current income, preservation of capital, and liquidity by investing primarily in U.S. government securities. The fund invests in obligations issued or guaranteed by the U.S. government or its agencies. Franklin Templeton Investments, headquartered in San Mateo, California, manages the fund.",,NAS,ftqxx,0
FTRXX,HSBC U.S. Government Money Market Fund,USD,"HSBC U.S. Government Money Market Fund seeks to provide current income consistent with the preservation of capital and maintenance of liquidity by investing primarily in U.S. government securities. The fund invests in obligations issued or guaranteed by the U.S. government, its agencies, or instrumentalities, and repurchase agreements backed by such securities. HSBC Asset Management, with headquarters in London, manages the fund.",HSBC Funds,NAS,ftrxx,0
FTTXX,Fifth Third US Treasury Money Market Fund,USD,"Fifth Third US Treasury Money Market Fund seeks to provide current income consistent with the preservation of capital and liquidity by investing primarily in U.S. Treasury securities. The fund invests in obligations issued or guaranteed by the U.S. government. Fifth Third Asset Management, located in Cincinnati, Ohio, manages this fund.",Fifth Third Funds,NAS,fttxx,0
FTUXX,Treasury Portfolio,USD,"Treasury Portfolio invests primarily in U.S. Treasury securities and repurchase agreements backed by such securities, aiming to provide current income consistent with capital preservation and liquidity. The fund focuses on the safety and stability associated with direct U.S. Treasury obligations. The fund aims to provide a low-risk investment option for investors.",Fidelity Colchester Street Trust,NAS,ftuxx,0
FTVXX,Treasury Portfolio,USD,"Treasury Portfolio invests primarily in U.S. Treasury securities and repurchase agreements backed by such securities, aiming to provide current income consistent with capital preservation and liquidity. The fund focuses on the safety and stability associated with direct U.S. Treasury obligations. The fund aims to provide a low-risk investment option for investors.",Fidelity Colchester Street Trust,NAS,ftvxx,0
FTXXX,Goldman Sachs Investor Tax-Exempt Money Market Fund,USD,"Goldman Sachs Investor Tax-Exempt Money Market Fund is a money market fund that seeks to provide as high a level of current income exempt from federal income tax as is consistent with preservation of capital and liquidity. The fund invests primarily in short-term municipal securities that are exempt from federal income tax, catering to investors seeking tax-advantaged income. Goldman Sachs Asset Management, based in New York City, manages the fund.",Goldman Sachs Trust,NAS,ftxxx,0
FTYXX,Treasury Only Portfolio,USD,"Treasury Only Portfolio invests solely in U.S. Treasury securities, seeking to provide current income while maintaining liquidity and preserving capital. This fund focuses on the safety and stability associated with direct U.S. Treasury securities. The fund aims to provide a low-risk option for investors seeking exposure to short-term government debt.",Fidelity Colchester Street Trust,NAS,ftyxx,0
FTZXX,Retail Tax Free Obligations Fund,USD,Retail Tax Free Obligations Fund aims to provide current income exempt from federal income tax consistent with the preservation of capital and liquidity. The fund invests primarily in municipal securities that are exempt from federal income tax. It's designed for retail investors seeking tax-advantaged income while maintaining a stable net asset value.,"First American Funds, Inc.",NAS,ftzxx,0
FUGXX,Invesco Premier U.S. Government Money Portfolio,USD,"Invesco Premier U.S. Government Money Portfolio is a money market fund that seeks to provide current income consistent with the preservation of capital and maintenance of liquidity by investing primarily in U.S. government securities. The fund invests in obligations issued or guaranteed by the U.S. government, its agencies, or instrumentalities. Invesco, headquartered in Atlanta, Georgia, manages the fund.",Invesco Treasurers Series Trust,NAS,fugxx,0
FUIXX,U.S. Treasury Money Market Fund,USD,"U.S. Treasury Money Market Fund invests exclusively in securities issued or guaranteed by the U.S. Treasury, aiming to provide investors with current income consistent with capital preservation and liquidity. The fund focuses on the highest credit quality by limiting its investments solely to U.S. Treasury obligations. This fund offers a low-risk option for investors seeking maximum safety in a money market fund.","First American Funds, Inc.",NAS,fuixx,0
FUPXX,Treasury Obligations Fund,USD,"Treasury Obligations Fund invests primarily in obligations issued or guaranteed as to principal and interest by the U.S. Treasury, seeking to provide current income while maintaining liquidity and preserving capital. This fund focuses on the safety and stability associated with direct U.S. Treasury securities. The fund aims to provide a low-risk option for investors seeking exposure to short-term government debt.","First American Funds, Inc.",NAS,fupxx,0
FUSXX,Fbr Fund For Government Investors,USD,,,NAS,fusxx,0
FUZXX,Treasury Obligations Fund,USD,"Treasury Obligations Fund invests primarily in obligations issued or guaranteed as to principal and interest by the U.S. Treasury, seeking to provide current income while maintaining liquidity and preserving capital. This fund focuses on the safety and stability associated with direct U.S. Treasury securities. The fund aims to provide a low-risk option for investors seeking exposure to short-term government debt.","First American Funds, Inc.",NAS,fuzxx,0
FVAXX,Goldman Sachs Financial Square Federal Fund,USD,"Goldman Sachs Financial Square Federal Fund is a money market fund seeking to maximize current income to the extent consistent with the preservation of capital and maintenance of liquidity by investing exclusively in U.S. government securities and repurchase agreements collateralized by such securities. The fund's investments are limited to obligations issued or guaranteed by the U.S. government, its agencies, or instrumentalities, or repurchase agreements collateralized by such obligations, focusing on safety and liquidity. Goldman Sachs Asset Management, located in New York City, manages the fund.",Goldman Sachs Trust,NAS,fvaxx,0
FVIXX,Government Obligations Fund,USD,"Government Obligations Fund invests primarily in obligations issued or guaranteed as to principal and interest by the U.S. government, its agencies, or instrumentalities, seeking to provide current income while maintaining liquidity and preserving capital. This fund focuses on the safety and stability associated with government-backed securities. The fund is managed with the goal of providing a low-risk investment option.","First American Funds, Inc.",NAS,fvixx,0
FVSXX,Goldman Sachs Financial Square Federal Fund,USD,"Goldman Sachs Financial Square Federal Fund is a money market fund seeking to maximize current income to the extent consistent with the preservation of capital and maintenance of liquidity by investing exclusively in U.S. government securities and repurchase agreements collateralized by such securities. The fund's investments are limited to obligations issued or guaranteed by the U.S. government, its agencies, or instrumentalities, or repurchase agreements collateralized by such obligations, focusing on safety and liquidity. Goldman Sachs Asset Management, located in New York City, manages the fund.",Goldman Sachs Trust,NAS,fvsxx,0
FXFXX,Treasury Obligations Fund,USD,"Treasury Obligations Fund invests primarily in obligations issued or guaranteed as to principal and interest by the U.S. Treasury, seeking to provide current income while maintaining liquidity and preserving capital. This fund focuses on the safety and stability associated with direct U.S. Treasury securities. The fund aims to provide a low-risk option for investors seeking exposure to short-term government debt.","First American Funds, Inc.",NAS,fxfxx,0
FXRXX,U.S. Treasury Money Market Fund,USD,"U.S. Treasury Money Market Fund invests exclusively in securities issued or guaranteed by the U.S. Treasury, aiming to provide investors with current income consistent with capital preservation and liquidity. The fund focuses on the highest credit quality by limiting its investments solely to U.S. Treasury obligations. This fund offers a low-risk option for investors seeking maximum safety in a money market fund.","First American Funds, Inc.",NAS,fxrxx,0
FYAXX,Goldman Sachs Financial Square Treasury Obligations Fund,USD,"Goldman Sachs Financial Square Treasury Obligations Fund is a money market fund that seeks to maximize current income to the extent consistent with the preservation of capital and maintenance of liquidity by investing exclusively in U.S. Treasury securities and repurchase agreements collateralized by such securities. The fund invests in direct obligations of the U.S. Treasury, focusing on safety and liquidity. Goldman Sachs Asset Management, located in New York City, manages the fund.",Goldman Sachs Trust,NAS,fyaxx,0
FYRXX,Retail Prime Obligations Fund,USD,"Retail Prime Obligations Fund is a money market fund that seeks to provide current income consistent with the preservation of capital and liquidity by investing in a diversified portfolio of high-quality, short-term money market instruments. The fund primarily invests in prime obligations, which are short-term debt securities issued by corporations and banks, and is geared towards retail investors. The fund aims to maintain a stable net asset value while providing a competitive yield.","First American Funds, Inc.",NAS,fyrxx,0
FYSXX,Goldman Sachs Financial Square Treasury Instruments Fund,USD,"Goldman Sachs Financial Square Treasury Instruments Fund is a money market fund that seeks to maximize current income to the extent consistent with the preservation of capital and maintenance of liquidity by investing exclusively in U.S. Treasury securities and repurchase agreements collateralized by such securities. The fund invests in direct obligations of the U.S. Treasury, focusing on safety and liquidity. Goldman Sachs Asset Management, located in New York City, manages the fund.",Goldman Sachs Trust,NAS,fysxx,0
FZAXX,Fidelity Government Money Market Fund,USD,"Fidelity Government Money Market Fund seeks to provide as high a level of current income as is consistent with the preservation of capital and liquidity by investing in U.S. government securities. The fund invests primarily in obligations issued or guaranteed by the U.S. government, its agencies, or instrumentalities, and repurchase agreements backed by such securities. Fidelity Investments, headquartered in Boston, manages the fund.",Fidelity Hereford Street Trust,NAS,fzaxx,0
FZBXX,Fidelity Government Money Market Fund,USD,Fidelity Government Money Market,Fidelity Hereford Street Trust,NAS,fzbxx,0
FZCXX,Fidelity Government Money Market Fund,USD,The fund seeks to obtain as high a level of current income as is consistent with the preservation of capital and liquidity by investing exclusively in U.S. government securities and repurchase agreements collateralized by these securities. It operates as a government money market fund. The headquarter location is not explicitly mentioned in the provided context.,Fidelity Hereford Street Trust,NAS,fzcxx,0
FZDXX,Fidelity Money Market Fund,USD,"Fidelity Money Market Fund seeks to obtain as high a level of current income as is consistent with the preservation of capital and liquidity. The fund invests in a variety of short-term, high-quality money market instruments and conducts business from its headquarters in Boston, Massachusetts. It aims to maintain a stable net asset value, typically $1.00 per share.",Fidelity Hereford Street Trust,NAS,fzdxx,0
FZEXX,Tax-Exempt Fund,USD,,Fidelity Newbury Street Trust,NAS,fzexx,0
FZFXX,Treasury Fund,USD,"Treasury Fund invests in U.S. Treasury securities and repurchase agreements collateralized by U.S. Treasury securities. The fund seeks to provide current income while maintaining liquidity and a stable share price, operating under guidelines set by the Securities and Exchange Commission. This fund is managed by Fidelity Investments, headquartered in Boston, Massachusetts.",Fidelity Newbury Street Trust,NAS,fzfxx,0
FZGXX,Fidelity Government Money Market Fund,USD,"Fidelity Government Money Market Fund seeks to obtain as high a level of current income as is consistent with the preservation of capital and liquidity by investing in government securities. The fund invests primarily in short-term U.S. government securities and repurchase agreements backed by these securities. It is managed by Fidelity Investments, based in Boston, Massachusetts, and aims to maintain a stable net asset value.",Fidelity Hereford Street Trust,NAS,fzgxx,0
FZRXX,Retail Prime Obligations Fund,USD,"Retail Prime Obligations Fund seeks current income consistent with maintaining liquidity and preserving capital, investing in high-quality, short-term money market instruments. This fund primarily focuses on obligations of banks and corporations based in the United States, aiming to offer competitive yields. It is managed and distributed by Fidelity Investments, a large financial services company headquartered in Boston, Massachusetts.","First American Funds, Inc.",NAS,fzrxx,0
GABXX,The Gabelli U.S. Treasury Money Market Fund,USD,"The Gabelli U.S. Treasury Money Market Fund seeks to maximize current income to the extent consistent with the preservation of capital and maintenance of liquidity by investing exclusively in short-term U.S. Treasury securities. The fund aims to provide a high degree of safety and liquidity. Gabelli Funds, LLC, based in Rye, New York, manages the fund.",The Gabelli Money Market Funds,NAS,gabxx,0
GBAXX,The Gabelli U.S. Treasury Money Market Fund,USD,"The Gabelli U.S. Treasury Money Market Fund seeks to maximize current income to the extent consistent with the preservation of capital and maintenance of liquidity by investing exclusively in short-term U.S. Treasury securities. The fund aims to provide a high degree of safety and liquidity. Gabelli Funds, LLC, based in Rye, New York, manages the fund.",The Gabelli Money Market Funds,NAS,gbaxx,0
GBCXX,The Gabelli U.S. Treasury Money Market Fund,USD,"The Gabelli U.S. Treasury Money Market Fund seeks to maximize current income to the extent consistent with the preservation of capital and maintenance of liquidity by investing exclusively in short-term U.S. Treasury securities. The fund aims to provide a high degree of safety and liquidity. Gabelli Funds, LLC, based in Rye, New York, manages the fund.",The Gabelli Money Market Funds,NAS,gbcxx,0
GBMXX,"General Municipal Money Market Funds, Inc.",USD,"General Municipal Money Market Funds, Inc. invests in short-term municipal securities. The fund seeks to provide tax-exempt income while preserving capital and maintaining liquidity. The fund is part of a suite of funds managed to provide investors with options for various investment goals and risk tolerances.",,NAS,gbmxx,0
GBRXX,Goldman Sachs Financial Square Prime Obligations Fund,USD,"Goldman Sachs Financial Square Prime Obligations Fund invests primarily in U.S. dollar-denominated obligations of domestic and foreign banks and corporations. The fund seeks to maximize current income to the extent consistent with the preservation of capital and the maintenance of liquidity. Goldman Sachs Asset Management, headquartered in New York, manages the fund.",Goldman Sachs Trust,NAS,gbrxx,0
GCFXX,Goldman Sachs Financial Square Federal Fund,USD,"Goldman Sachs Financial Square Federal Fund invests primarily in securities issued or guaranteed by the U.S. government or its agencies and instrumentalities, and repurchase agreements secured by such securities. The fund seeks to maximize current income to the extent consistent with the preservation of capital and the maintenance of liquidity. Goldman Sachs Asset Management, based in New York City, manages the fund.",Goldman Sachs Trust,NAS,gcfxx,0
GCGXX,Goldman Sachs Financial Square Government Fund,USD,"Goldman Sachs Financial Square Government Fund seeks to maximize current income to the extent consistent with preservation of capital and liquidity by investing in government securities. The fund invests primarily in securities issued or guaranteed by the U.S. government or its agencies and repurchase agreements secured by such securities. It is managed by Goldman Sachs Asset Management, headquartered in New York City.",Goldman Sachs Trust,NAS,gcgxx,0
GCIXX,Goldman Sachs Financial Square Treasury Instruments Fund,USD,"Goldman Sachs Financial Square Treasury Instruments Fund invests primarily in U.S. Treasury securities, repurchase agreements collateralized by U.S. Treasury securities, and cash. The fund aims to provide current income while maintaining liquidity and preserving capital. The fund is managed by Goldman Sachs Asset Management, based in New York.",Goldman Sachs Trust,NAS,gcixx,0
GCKXX,Goldman Sachs Financial Square Money Market Fund,USD,"Goldman Sachs Financial Square Money Market Fund seeks to maximize current income to the extent consistent with preservation of capital and liquidity. The fund invests in a broad range of money market instruments. Goldman Sachs Asset Management, headquartered in New York, manages the fund.",Goldman Sachs Trust,NAS,gckxx,0
GCNXX,"BOFA FDS SRS TR, BOFA CT MUNI R",USD,,,NAS,gcnxx,0
GCPXX,Goldman Sachs Financial Square Prime Obligations Fund,USD,"Goldman Sachs Financial Square Prime Obligations Fund invests primarily in U.S. dollar-denominated obligations of domestic and foreign banks and corporations. The fund seeks to maximize current income to the extent consistent with the preservation of capital and the maintenance of liquidity. Goldman Sachs Asset Management, headquartered in New York, manages the fund.",Goldman Sachs Trust,NAS,gcpxx,0
GCTXX,Goldman Sachs Financial Square Treasury Obligations Fund,USD,"Goldman Sachs Financial Square Treasury Obligations Fund invests primarily in U.S. Treasury securities and repurchase agreements collateralized by U.S. Treasury securities. The fund aims to provide current income while maintaining liquidity and preserving capital. Goldman Sachs Asset Management, located in New York, manages the fund.",Goldman Sachs Trust,NAS,gctxx,0
GCUXX,"BOFA FDS SRS TR, BOFA CT MUNIC",USD,,,NAS,gcuxx,0
GCXXX,Goldman Sachs Investor Tax-Exempt Money Market Fund,USD,"Goldman Sachs Investor Tax-Exempt Money Market Fund seeks to provide current income exempt from federal income taxes, consistent with preservation of capital and liquidity. The fund invests primarily in municipal securities. Goldman Sachs Asset Management, headquartered in New York, manages the fund.",Goldman Sachs Trust,NAS,gcxxx,0
GFAXX,Government Fund,USD,"Government Fund invests primarily in securities issued or guaranteed by the U.S. government and its agencies, as well as repurchase agreements backed by these securities. The fund's objective is to provide current income consistent with the preservation of capital and the maintenance of liquidity. The specific management firm and location details require further context.",SEI Daily Income Trust,NAS,gfaxx,0
GFCXX,Goldman Sachs Financial Square Federal Fund,USD,"Goldman Sachs Financial Square Federal Fund invests primarily in securities issued or guaranteed by the U.S. government or its agencies and instrumentalities, and repurchase agreements secured by such securities. The fund seeks to maximize current income to the extent consistent with the preservation of capital and the maintenance of liquidity. Goldman Sachs Asset Management, based in New York City, manages the fund.",Goldman Sachs Trust,NAS,gfcxx,0
GFOXX,Goldman Sachs Financial Square Prime Obligations Fund,USD,"Goldman Sachs Financial Square Prime Obligations Fund invests primarily in U.S. dollar-denominated obligations of domestic and foreign banks and corporations. The fund seeks to maximize current income to the extent consistent with the preservation of capital and the maintenance of liquidity. Goldman Sachs Asset Management, headquartered in New York, manages the fund.",Goldman Sachs Trust,NAS,gfoxx,0
GFPXX,Goldman Sachs Financial Square Federal Fund,USD,"Goldman Sachs Financial Square Federal Fund invests primarily in securities issued or guaranteed by the U.S. government or its agencies and instrumentalities, and repurchase agreements secured by such securities. The fund seeks to maximize current income to the extent consistent with the preservation of capital and the maintenance of liquidity. Goldman Sachs Asset Management, based in New York City, manages the fund.",Goldman Sachs Trust,NAS,gfpxx,0
GFRXX,Goldman Sachs Financial Square Federal Fund,USD,"Goldman Sachs Financial Square Federal Fund invests primarily in securities issued or guaranteed by the U.S. government or its agencies and instrumentalities, and repurchase agreements secured by such securities. The fund seeks to maximize current income to the extent consistent with the preservation of capital and the maintenance of liquidity. Goldman Sachs Asset Management, based in New York City, manages the fund.",Goldman Sachs Trust,NAS,gfrxx,0
GFSXX,Federated Government Obligations Fund,USD,"Federated Government Obligations Fund seeks to provide current income consistent with stability of principal and liquidity by investing in a portfolio of U.S. government securities. The fund invests primarily in obligations issued or guaranteed as to principal and interest by the U.S. government, its agencies or instrumentalities. Federated Hermes, a global investment manager with headquarters in Pittsburgh, Pennsylvania, manages the fund.",Money Market Obligations Trust,NAS,gfsxx,0
GFYXX,Federated Government Obligations Fund,USD,"Federated Government Obligations Fund seeks to provide current income consistent with stability of principal and liquidity by investing in a portfolio of U.S. government securities. The fund invests primarily in obligations issued or guaranteed as to principal and interest by the U.S. government, its agencies or instrumentalities. Federated Hermes, a global investment manager with headquarters in Pittsburgh, Pennsylvania, manages the fund.",Money Market Obligations Trust,NAS,gfyxx,0
GGDXX,General Government Securities Money Market,USD,General Government Securities Money Market invests in short-term U.S. government securities. The fund seeks current income while preserving capital and liquidity. Details about its specific management firm require additional context.,"General Government Securities Money Market Funds, Inc.",NAS,ggdxx,0
GGPXX,Goldman Sachs Financial Square Government Fund,USD,"Goldman Sachs Financial Square Government Fund seeks to maximize current income to the extent consistent with preservation of capital and liquidity by investing in government securities. The fund invests primarily in securities issued or guaranteed by the U.S. government or its agencies and repurchase agreements secured by such securities. It is managed by Goldman Sachs Asset Management, headquartered in New York City.",Goldman Sachs Trust,NAS,ggpxx,0
GGSXX,General Government Securities Money Market,USD,General Government Securities Money Market invests in short-term U.S. government securities. The fund seeks current income while preserving capital and liquidity. Details about its specific management firm require additional context.,"General Government Securities Money Market Funds, Inc.",NAS,ggsxx,0
GICXX,Goldman Sachs Financial Square Treasury Instruments Fund,USD,"Goldman Sachs Financial Square Treasury Instruments Fund invests primarily in U.S. Treasury securities, repurchase agreements collateralized by U.S. Treasury securities, and cash. The fund aims to provide current income while maintaining liquidity and preserving capital. The fund is managed by Goldman Sachs Asset Management, based in New York.",Goldman Sachs Trust,NAS,gicxx,0
GIPXX,Goldman Sachs Financial Square Treasury Instruments Fund,USD,"Goldman Sachs Financial Square Treasury Instruments Fund invests primarily in U.S. Treasury securities, repurchase agreements collateralized by U.S. Treasury securities, and cash. The fund aims to provide current income while maintaining liquidity and preserving capital. The fund is managed by Goldman Sachs Asset Management, based in New York.",Goldman Sachs Trust,NAS,gipxx,0
GIRXX,Goldman Sachs Financial Square Treasury Instruments Fund,USD,"Goldman Sachs Financial Square Treasury Instruments Fund invests primarily in U.S. Treasury securities, repurchase agreements collateralized by U.S. Treasury securities, and cash. The fund aims to provide current income while maintaining liquidity and preserving capital. The fund is managed by Goldman Sachs Asset Management, based in New York.",Goldman Sachs Trust,NAS,girxx,0
GMAXX,"BOFA FDS SRS TR, BOFA MA MUNICI",USD,,,NAS,gmaxx,0
GMBXX,"General Money Market Fund, Inc.",USD,"General Money Market Fund, Inc. seeks current income consistent with preservation of capital and liquidity by investing in a diversified portfolio of short-term money market instruments. The fund offers investors a convenient way to access the money market. The fund's exact management firm and location details require further research.",,NAS,gmbxx,0
GMCXX,Invesco U.S. Government Money Portfolio,USD,"Invesco U.S. Government Money Portfolio seeks to provide current income consistent with the preservation of capital and maintenance of liquidity by investing in U.S. government securities. The fund invests primarily in securities issued or guaranteed by the U.S. government or its agencies. Invesco, a global investment management firm headquartered in Atlanta, Georgia, manages the fund.",AIM Investment Secs Fds (Invesco Invt Secs Fds),NAS,gmcxx,0
GMGXX,"General Money Market Fund, Inc.",USD,"General Money Market Fund, Inc. seeks current income consistent with preservation of capital and liquidity by investing in a diversified portfolio of short-term money market instruments. The fund offers investors a convenient way to access the money market. The fund's exact management firm and location details require further research.",,NAS,gmgxx,0
GMHXX,"General Municipal Money Market Funds, Inc.",USD,"General Municipal Money Market Funds, Inc. invests in short-term municipal securities. The fund seeks to provide tax-exempt income while preserving capital and maintaining liquidity. The fund is part of a suite of funds managed to provide investors with options for various investment goals and risk tolerances.",,NAS,gmhxx,0
GMIXX,Nationwide Money Market Fund,USD,"Nationwide Money Market Fund seeks to provide current income consistent with the preservation of capital and maintenance of liquidity by investing in high-quality, short-term money market instruments. The fund is part of the Nationwide Funds family, operating under Nationwide Financial, a diversified financial services company based in Columbus, Ohio. It aims to maintain a stable net asset value of $1.00 per share.",Nationwide Mutual Funds,NAS,gmixx,0
GMLXX,Invesco U.S. Government Money Portfolio,USD,"Invesco U.S. Government Money Portfolio seeks to provide current income consistent with the preservation of capital and maintenance of liquidity by investing in U.S. government securities. The fund invests primarily in securities issued or guaranteed by the U.S. government or its agencies. Invesco, a global investment management firm headquartered in Atlanta, Georgia, manages the fund.",AIM Investment Secs Fds (Invesco Invt Secs Fds),NAS,gmlxx,0
GMMXX,"General Money Market Fund, Inc.",USD,"General Money Market Fund, Inc. seeks current income consistent with preservation of capital and liquidity by investing in a diversified portfolio of short-term money market instruments. The fund offers investors a convenient way to access the money market. The fund's exact management firm and location details require further research.",,NAS,gmmxx,0
GMOXX,AB Government Money Market Portfolio,USD,"AB Government Money Market Portfolio seeks to provide current income consistent with the preservation of capital and maintenance of liquidity by investing in government securities. The fund primarily invests in short-term U.S. government securities and repurchase agreements. AllianceBernstein L.P., a global investment management firm with headquarters in New York City, manages the fund.","AB Fixed-Income Shares, Inc.",NAS,gmoxx,0
GMQXX,Invesco U.S. Government Money Portfolio,USD,"Invesco U.S. Government Money Portfolio seeks to provide current income consistent with the preservation of capital and maintenance of liquidity by investing in U.S. government securities. The fund invests primarily in securities issued or guaranteed by the U.S. government or its agencies. Invesco, a global investment management firm headquartered in Atlanta, Georgia, manages the fund.",AIM Investment Secs Fds (Invesco Invt Secs Fds),NAS,gmqxx,0
GMRXX,Invesco U.S. Government Money Portfolio,USD,"Invesco U.S. Government Money Portfolio seeks to provide current income consistent with the preservation of capital and maintenance of liquidity by investing in U.S. government securities. The fund invests primarily in securities issued or guaranteed by the U.S. government or its agencies. Invesco, a global investment management firm headquartered in Atlanta, Georgia, manages the fund.",AIM Investment Secs Fds (Invesco Invt Secs Fds),NAS,gmrxx,0
GMSXX,AB Government Money Market Portfolio,USD,"AB Government Money Market Portfolio seeks to provide current income consistent with the preservation of capital and maintenance of liquidity by investing in government securities. The fund primarily invests in short-term U.S. government securities and repurchase agreements. AllianceBernstein L.P., a global investment management firm with headquarters in New York City, manages the fund.","AB Fixed-Income Shares, Inc.",NAS,gmsxx,0
GMVXX,Money Market - Gs6,USD,,,NAS,gmvxx,0
GMYXX,Money Market Fund,USD,Money Market Fund seeks current income consistent with preservation of capital and liquidity. The fund invests in a variety of short-term money market instruments. Information regarding the specific management firm and location require further details.,GuideStone Funds,NAS,gmyxx,0
GMZXX,Money Market Fund,USD,Money Market Fund seeks current income consistent with preservation of capital and liquidity. The fund invests in a variety of short-term money market instruments. Information regarding the specific management firm and location require further details.,GuideStone Funds,NAS,gmzxx,0
GNBXX,General New York AMT-Free Municipal Money Market Fund,USD,"General New York AMT-Free Municipal Money Market Fund seeks to provide current income exempt from federal and New York state income taxes, consistent with preservation of capital and liquidity. The fund invests primarily in short-term municipal securities issued by New York state and its political subdivisions. Specific details about the management firm require further context.",General New York AMT-Free Municipal Money Market Fund,NAS,gnbxx,0
GNMXX,General New York AMT-Free Municipal Money Market Fund,USD,"General New York AMT-Free Municipal Money Market Fund seeks to provide current income exempt from federal and New York state income taxes, consistent with preservation of capital and liquidity. The fund invests primarily in short-term municipal securities issued by New York state and its political subdivisions. Specific details about the management firm require further context.",General New York AMT-Free Municipal Money Market Fund,NAS,gnmxx,0
GNYXX,General New York AMT-Free Municipal Money Market Fund,USD,"General New York AMT-Free Municipal Money Market Fund seeks to provide current income exempt from federal and New York state income taxes, consistent with preservation of capital and liquidity. The fund invests primarily in short-term municipal securities issued by New York state and its political subdivisions. Specific details about the management firm require further context.",General New York AMT-Free Municipal Money Market Fund,NAS,gnyxx,0
GOAXX,Federated Hermes Government Obligations Tax-Managed Fund,USD,"Federated Hermes Government Obligations Tax-Managed Fund seeks to provide current income while managing its exposure to federal income taxes, consistent with stability of principal and liquidity, by investing in a portfolio of U.S. government securities. The fund invests primarily in obligations issued or guaranteed as to principal and interest by the U.S. government, its agencies or instrumentalities. Federated Hermes, a global investment manager based in Pittsburgh, Pennsylvania, manages the fund.",Money Market Obligations Trust,NAS,goaxx,0
GOCXX,Federated Government Obligations Fund,USD,"Federated Government Obligations Fund seeks to provide current income consistent with stability of principal and liquidity by investing in a portfolio of U.S. government securities. The fund invests primarily in obligations issued or guaranteed as to principal and interest by the U.S. government, its agencies or instrumentalities. Federated Hermes, a global investment manager with headquarters in Pittsburgh, Pennsylvania, manages the fund.",Money Market Obligations Trust,NAS,gocxx,0
GOEXX,Federated Government Obligations Fund,USD,"Federated Government Obligations Fund seeks to provide current income consistent with stability of principal and liquidity by investing in a portfolio of U.S. government securities. The fund invests primarily in obligations issued or guaranteed as to principal and interest by the U.S. government, its agencies or instrumentalities. Federated Hermes, a global investment manager with headquarters in Pittsburgh, Pennsylvania, manages the fund.",Money Market Obligations Trust,NAS,goexx,0
GOFXX,Federated Government Obligations Fund,USD,"Federated Government Obligations Fund seeks to provide current income consistent with stability of principal and liquidity by investing in a portfolio of U.S. government securities. The fund invests primarily in obligations issued or guaranteed as to principal and interest by the U.S. government, its agencies or instrumentalities. Federated Hermes, a global investment manager with headquarters in Pittsburgh, Pennsylvania, manages the fund.",Money Market Obligations Trust,NAS,gofxx,0
GOIXX,Federated Government Obligations Fund,USD,"Federated Government Obligations Fund seeks to provide current income consistent with stability of principal and liquidity by investing in a portfolio of U.S. government securities. The fund invests primarily in obligations issued or guaranteed as to principal and interest by the U.S. government, its agencies or instrumentalities. Federated Hermes, a global investment manager with headquarters in Pittsburgh, Pennsylvania, manages the fund.",Money Market Obligations Trust,NAS,goixx,0
GOPXX,Goldman Sachs Financial Square Prime Obligations Fund,USD,"Goldman Sachs Financial Square Prime Obligations Fund invests primarily in U.S. dollar-denominated obligations of domestic and foreign banks and corporations. The fund seeks to maximize current income to the extent consistent with the preservation of capital and the maintenance of liquidity. Goldman Sachs Asset Management, headquartered in New York, manages the fund.",Goldman Sachs Trust,NAS,gopxx,0
GORXX,Federated Government Obligations Fund,USD,"Federated Government Obligations Fund seeks to provide current income consistent with stability of principal and liquidity by investing in a portfolio of U.S. government securities. The fund invests primarily in obligations issued or guaranteed as to principal and interest by the U.S. government, its agencies or instrumentalities. Federated Hermes, a global investment manager with headquarters in Pittsburgh, Pennsylvania, manages the fund.",Money Market Obligations Trust,NAS,gorxx,0
GOSXX,Federated Government Obligations Fund,USD,"Federated Government Obligations Fund seeks to provide current income consistent with stability of principal and liquidity by investing in a portfolio of U.S. government securities. The fund invests primarily in obligations issued or guaranteed as to principal and interest by the U.S. government, its agencies or instrumentalities. Federated Hermes, a global investment manager with headquarters in Pittsburgh, Pennsylvania, manages the fund.",Money Market Obligations Trust,NAS,gosxx,0
GOTXX,Federated Hermes Government Obligations Tax-Managed Fund,USD,"Federated Hermes Government Obligations Tax-Managed Fund seeks to provide current income while managing its exposure to federal income taxes, consistent with stability of principal and liquidity, by investing in a portfolio of U.S. government securities. The fund invests primarily in obligations issued or guaranteed as to principal and interest by the U.S. government, its agencies or instrumentalities. Federated Hermes, a global investment manager based in Pittsburgh, Pennsylvania, manages the fund.",Money Market Obligations Trust,NAS,gotxx,0
GOVXX,Federated Government Obligations Fund,USD,"Federated Government Obligations Fund seeks to provide current income consistent with stability of principal and liquidity by investing in a portfolio of U.S. government securities. The fund invests primarily in obligations issued or guaranteed as to principal and interest by the U.S. government, its agencies or instrumentalities. Federated Hermes, a global investment manager with headquarters in Pittsburgh, Pennsylvania, manages the fund.",Money Market Obligations Trust,NAS,govxx,0
GPFXX,Goldman Sachs Financial Square Federal Fund,USD,"Goldman Sachs Financial Square Federal Fund invests primarily in securities issued or guaranteed by the U.S. government or its agencies and instrumentalities, and repurchase agreements secured by such securities. The fund seeks to maximize current income to the extent consistent with the preservation of capital and the maintenance of liquidity. Goldman Sachs Asset Management, based in New York City, manages the fund.",Goldman Sachs Trust,NAS,gpfxx,0
GPGXX,Goldman Sachs Financial Square Government Fund,USD,"Goldman Sachs Financial Square Government Fund seeks to maximize current income to the extent consistent with preservation of capital and liquidity by investing in government securities. The fund invests primarily in securities issued or guaranteed by the U.S. government or its agencies and repurchase agreements secured by such securities. It is managed by Goldman Sachs Asset Management, headquartered in New York City.",Goldman Sachs Trust,NAS,gpgxx,0
GPIXX,Goldman Sachs Financial Square Treasury Instruments Fund,USD,"Goldman Sachs Financial Square Treasury Instruments Fund invests primarily in U.S. Treasury securities, repurchase agreements collateralized by U.S. Treasury securities, and cash. The fund aims to provide current income while maintaining liquidity and preserving capital. The fund is managed by Goldman Sachs Asset Management, based in New York.",Goldman Sachs Trust,NAS,gpixx,0
GPMXX,Goldman Sachs Financial Square Money Market Fund,USD,"Goldman Sachs Financial Square Money Market Fund seeks to maximize current income to the extent consistent with preservation of capital and liquidity. The fund invests in a broad range of money market instruments. Goldman Sachs Asset Management, headquartered in New York, manages the fund.",Goldman Sachs Trust,NAS,gpmxx,0
GPOXX,Goldman Sachs Financial Square Treasury Obligations Fund,USD,"Goldman Sachs Financial Square Treasury Obligations Fund invests primarily in U.S. Treasury securities and repurchase agreements collateralized by U.S. Treasury securities. The fund aims to provide current income while maintaining liquidity and preserving capital. Goldman Sachs Asset Management, located in New York, manages the fund.",Goldman Sachs Trust,NAS,gpoxx,0
GPPXX,Goldman Sachs Financial Square Prime Obligations Fund,USD,"Goldman Sachs Financial Square Prime Obligations Fund invests primarily in U.S. dollar-denominated obligations of domestic and foreign banks and corporations. The fund seeks to maximize current income to the extent consistent with the preservation of capital and the maintenance of liquidity. Goldman Sachs Asset Management, headquartered in New York, manages the fund.",Goldman Sachs Trust,NAS,gppxx,0
GPRXX,Goldman Sachs Financial Square Money Market Fund,USD,"Goldman Sachs Financial Square Money Market Fund seeks to maximize current income to the extent consistent with preservation of capital and liquidity. The fund invests in a broad range of money market instruments. Goldman Sachs Asset Management, headquartered in New York, manages the fund.",Goldman Sachs Trust,NAS,gprxx,0
GPTXX,Goldman Sachs Investor Tax-Exempt Money Market Fund,USD,"Goldman Sachs Investor Tax-Exempt Money Market Fund seeks to provide current income exempt from federal income taxes, consistent with preservation of capital and liquidity. The fund invests primarily in municipal securities. Goldman Sachs Asset Management, headquartered in New York, manages the fund.",Goldman Sachs Trust,NAS,gptxx,0
GPVXX,Invesco Government & Agency Portfolio,USD,"Invesco Government & Agency Portfolio seeks to provide current income consistent with the preservation of capital and maintenance of liquidity by investing in government and agency securities. The fund invests primarily in securities issued or guaranteed by the U.S. government and its agencies. Invesco, a global investment management firm headquartered in Atlanta, Georgia, manages the fund.",Short-Term Investment Trust,NAS,gpvxx,0
GRAXX,Federated Hermes Government Reserves Fund,USD,"Federated Hermes Government Reserves Fund seeks to provide current income consistent with stability of principal and liquidity by investing in a portfolio of U.S. government securities. The fund invests primarily in obligations issued or guaranteed as to principal and interest by the U.S. government, its agencies or instrumentalities, and repurchase agreements backed by such securities. Federated Hermes, a global investment manager with headquarters in Pittsburgh, Pennsylvania, manages the fund.",Money Market Obligations Trust,NAS,graxx,0
GRBXX,Federated Hermes Government Reserves Fund,USD,"Federated Hermes Government Reserves Fund seeks to provide current income consistent with stability of principal and liquidity by investing in a portfolio of U.S. government securities. The fund invests primarily in obligations issued or guaranteed as to principal and interest by the U.S. government, its agencies or instrumentalities, and repurchase agreements backed by such securities. Federated Hermes, a global investment manager with headquarters in Pittsburgh, Pennsylvania, manages the fund.",Money Market Obligations Trust,NAS,grbxx,0
GRCXX,Federated Hermes Government Reserves Fund,USD,"Federated Hermes Government Reserves Fund seeks to provide current income consistent with stability of principal and liquidity by investing in a portfolio of U.S. government securities. The fund invests primarily in obligations issued or guaranteed as to principal and interest by the U.S. government, its agencies or instrumentalities, and repurchase agreements backed by such securities. Federated Hermes, a global investment manager with headquarters in Pittsburgh, Pennsylvania, manages the fund.",Money Market Obligations Trust,NAS,grcxx,0
GREXX,Goldman Sachs Financial Square Money Market Fund,USD,"Goldman Sachs Financial Square Money Market Fund seeks to maximize current income to the extent consistent with preservation of capital and liquidity. The fund invests in a broad range of money market instruments. Goldman Sachs Asset Management, headquartered in New York, manages the fund.",Goldman Sachs Trust,NAS,grexx,0
GRFXX,Federated Hermes Government Reserves Fund,USD,"Federated Hermes Government Reserves Fund seeks to provide current income consistent with stability of principal and liquidity by investing in a portfolio of U.S. government securities. The fund invests primarily in obligations issued or guaranteed as to principal and interest by the U.S. government, its agencies or instrumentalities, and repurchase agreements backed by such securities. Federated Hermes, a global investment manager with headquarters in Pittsburgh, Pennsylvania, manages the fund.",Money Market Obligations Trust,NAS,grfxx,0
GRGXX,Federated Hermes Government Reserves Fund,USD,"Federated Hermes Government Reserves Fund seeks to provide current income consistent with stability of principal and liquidity by investing in a portfolio of U.S. government securities. The fund invests primarily in obligations issued or guaranteed as to principal and interest by the U.S. government, its agencies or instrumentalities, and repurchase agreements backed by such securities. Federated Hermes, a global investment manager with headquarters in Pittsburgh, Pennsylvania, manages the fund.",Money Market Obligations Trust,NAS,grgxx,0
GRTXX,Federated Government Obligations Fund,USD,"Federated Government Obligations Fund seeks to provide current income consistent with stability of principal and liquidity by investing in a portfolio of U.S. government securities. The fund invests primarily in obligations issued or guaranteed as to principal and interest by the U.S. government, its agencies or instrumentalities. Federated Hermes, a global investment manager with headquarters in Pittsburgh, Pennsylvania, manages the fund.",Money Market Obligations Trust,NAS,grtxx,0
GSBXX,General Government Securities Money Market,USD,General Government Securities Money Market invests in short-term U.S. government securities. The fund seeks current income while preserving capital and liquidity. Details about its specific management firm require additional context.,"General Government Securities Money Market Funds, Inc.",NAS,gsbxx,0
GSCXX,Goldman Sachs Financial Square Money Market Fund,USD,"Goldman Sachs Financial Square Money Market Fund seeks to maximize current income to the extent consistent with preservation of capital and liquidity. The fund invests in a broad range of money market instruments. Goldman Sachs Asset Management, headquartered in New York, manages the fund.",Goldman Sachs Trust,NAS,gscxx,0
GSGXX,Goldman Sachs Financial Square Government Fund,USD,"Goldman Sachs Financial Square Government Fund seeks to maximize current income to the extent consistent with preservation of capital and liquidity by investing in government securities. The fund invests primarily in securities issued or guaranteed by the U.S. government or its agencies and repurchase agreements secured by such securities. It is managed by Goldman Sachs Asset Management, headquartered in New York City.",Goldman Sachs Trust,NAS,gsgxx,0
GSIXX,Goldman Sachs Financial Square Treasury Instruments Fund,USD,"Goldman Sachs Financial Square Treasury Instruments Fund invests primarily in U.S. Treasury securities, repurchase agreements collateralized by U.S. Treasury securities, and cash. The fund aims to provide current income while maintaining liquidity and preserving capital. The fund is managed by Goldman Sachs Asset Management, based in New York.",Goldman Sachs Trust,NAS,gsixx,0
GSMXX,Goldman Sachs Financial Square Money Market Fund,USD,"Goldman Sachs Financial Square Money Market Fund seeks to maximize current income to the extent consistent with preservation of capital and liquidity. The fund invests in a broad range of money market instruments. Goldman Sachs Asset Management, headquartered in New York, manages the fund.",Goldman Sachs Trust,NAS,gsmxx,0
GSOXX,Goldman Sachs Financial Square Treasury Obligations Fund,USD,"Goldman Sachs Financial Square Treasury Obligations Fund invests primarily in U.S. Treasury securities and repurchase agreements collateralized by U.S. Treasury securities. The fund aims to provide current income while maintaining liquidity and preserving capital. Goldman Sachs Asset Management, located in New York, manages the fund.",Goldman Sachs Trust,NAS,gsoxx,0
GSPXX,Goldman Sachs Financial Square Prime Obligations Fund,USD,"Goldman Sachs Financial Square Prime Obligations Fund invests primarily in U.S. dollar-denominated obligations of domestic and foreign banks and corporations. The fund seeks to maximize current income to the extent consistent with the preservation of capital and the maintenance of liquidity. Goldman Sachs Asset Management, headquartered in New York, manages the fund.",Goldman Sachs Trust,NAS,gspxx,0
GSTXX,Goldman Sachs Investor Tax-Exempt Money Market Fund,USD,"Goldman Sachs Investor Tax-Exempt Money Market Fund seeks to provide current income exempt from federal income taxes, consistent with preservation of capital and liquidity. The fund invests primarily in municipal securities. Goldman Sachs Asset Management, headquartered in New York, manages the fund.",Goldman Sachs Trust,NAS,gstxx,0
GTAXX,General Treasury Securities Money Market Fu,USD,General Treasury Securities Money Market Fu invests in short-term U.S. Treasury securities. The fund seeks current income while preserving capital and liquidity. The specific management firm and location details require further context.,"General Government Securities Money Market Funds, Inc.",NAS,gtaxx,0
GTBXX,General Treasury Securities Money Market Fu,USD,General Treasury Securities Money Market Fu invests in short-term U.S. Treasury securities. The fund seeks current income while preserving capital and liquidity. The specific management firm and location details require further context.,"General Government Securities Money Market Funds, Inc.",NAS,gtbxx,0
GTFXX,General Treasury Securities Money Market Fu,USD,General Treasury Securities Money Market Fu invests in short-term U.S. Treasury securities. The fund seeks current income while preserving capital and liquidity. The specific management firm and location details require further context.,"General Government Securities Money Market Funds, Inc.",NAS,gtfxx,0
GTMXX,"General Municipal Money Market Funds, Inc.",USD,"General Municipal Money Market Funds, Inc. invests in short-term municipal securities. The fund seeks to provide tax-exempt income while preserving capital and maintaining liquidity. The fund is part of a suite of funds managed to provide investors with options for various investment goals and risk tolerances.",,NAS,gtmxx,0
GTOXX,Goldman Sachs Financial Square Treasury Obligations Fund,USD,"Goldman Sachs Financial Square Treasury Obligations Fund invests primarily in U.S. Treasury securities and repurchase agreements collateralized by U.S. Treasury securities. The fund aims to provide current income while maintaining liquidity and preserving capital. Goldman Sachs Asset Management, located in New York, manages the fund.",Goldman Sachs Trust,NAS,gtoxx,0
GTPXX,Goldman Sachs Financial Square Treasury Obligations Fund,USD,"Goldman Sachs Financial Square Treasury Obligations Fund invests primarily in U.S. Treasury securities and repurchase agreements collateralized by U.S. Treasury securities. The fund aims to provide current income while maintaining liquidity and preserving capital. Goldman Sachs Asset Management, located in New York, manages the fund.",Goldman Sachs Trust,NAS,gtpxx,0
GTRXX,Goldman Sachs Financial Square Treasury Obligations Fund,USD,"Goldman Sachs Financial Square Treasury Obligations Fund invests primarily in U.S. Treasury securities and repurchase agreements collateralized by U.S. Treasury securities. The fund aims to provide current income while maintaining liquidity and preserving capital. Goldman Sachs Asset Management, located in New York, manages the fund.",Goldman Sachs Trust,NAS,gtrxx,0
GTSXX,Federated Hermes Government Obligations Tax-Managed Fund,USD,"Federated Hermes Government Obligations Tax-Managed Fund seeks to provide current income while managing its exposure to federal income taxes, consistent with stability of principal and liquidity, by investing in a portfolio of U.S. government securities. The fund invests primarily in obligations issued or guaranteed as to principal and interest by the U.S. government, its agencies or instrumentalities. Federated Hermes, a global investment manager based in Pittsburgh, Pennsylvania, manages the fund.",Money Market Obligations Trust,NAS,gtsxx,0
GVCXX,Goldman Sachs Financial Square Government Fund,USD,"Goldman Sachs Financial Square Government Fund seeks to maximize current income to the extent consistent with preservation of capital and liquidity by investing in government securities. The fund invests primarily in securities issued or guaranteed by the U.S. government or its agencies and repurchase agreements secured by such securities. It is managed by Goldman Sachs Asset Management, headquartered in New York City.",Goldman Sachs Trust,NAS,gvcxx,0
GVIXX,Government Money Market Fund,USD,"Government Money Market Fund seeks to provide current income consistent with the preservation of capital and the maintenance of liquidity, investing in short-term government securities. The fund primarily invests in obligations issued or guaranteed by the U.S. government and its agencies. Further details about the specific management firm are needed.",Wells Fargo Funds Trust,NAS,gvixx,0
GVMXX,State Street U.S. Government Money Market Portfolio,USD,"State Street U.S. Government Money Market Portfolio seeks to maximize current income to the extent consistent with the preservation of capital and maintenance of liquidity by investing in government securities. The fund invests primarily in U.S. government securities and repurchase agreements secured by such securities. State Street Corporation, a global financial services provider headquartered in Boston, Massachusetts, manages the fund.",State Street Master Funds,NAS,gvmxx,0
GVRXX,Goldman Sachs Financial Square Government Fund,USD,"Goldman Sachs Financial Square Government Fund seeks to maximize current income to the extent consistent with preservation of capital and liquidity by investing in government securities. The fund invests primarily in securities issued or guaranteed by the U.S. government or its agencies and repurchase agreements secured by such securities. It is managed by Goldman Sachs Asset Management, headquartered in New York City.",Goldman Sachs Trust,NAS,gvrxx,0
GVVXX,State Street U.S. Government Money Market Portfolio,USD,"State Street U.S. Government Money Market Portfolio seeks to maximize current income to the extent consistent with the preservation of capital and maintenance of liquidity by investing in government securities. The fund invests primarily in U.S. government securities and repurchase agreements secured by such securities. State Street Corporation, a global financial services provider headquartered in Boston, Massachusetts, manages the fund.",State Street Master Funds,NAS,gvvxx,0
GXCXX,Goldman Sachs Investor Tax-Exempt Money Market Fund,USD,"Goldman Sachs Investor Tax-Exempt Money Market Fund seeks to provide current income exempt from federal income taxes, consistent with preservation of capital and liquidity. The fund invests primarily in municipal securities. Goldman Sachs Asset Management, headquartered in New York, manages the fund.",Goldman Sachs Trust,NAS,gxcxx,0
GXPXX,Goldman Sachs Investor Tax-Exempt Money Market Fund,USD,"Goldman Sachs Investor Tax-Exempt Money Market Fund seeks to provide current income exempt from federal income taxes, consistent with preservation of capital and liquidity. The fund invests primarily in municipal securities. Goldman Sachs Asset Management, headquartered in New York, manages the fund.",Goldman Sachs Trust,NAS,gxpxx,0
GXRXX,Goldman Sachs Investor Tax-Exempt Money Market Fund,USD,"Goldman Sachs Investor Tax-Exempt Money Market Fund seeks to provide current income exempt from federal income taxes, consistent with preservation of capital and liquidity. The fund invests primarily in municipal securities. Goldman Sachs Asset Management, headquartered in New York, manages the fund.",Goldman Sachs Trust,NAS,gxrxx,0
HARXX,Harbor Money Market Fund,USD,"Harbor Money Market Fund aims to provide shareholders with current income consistent with preserving capital and liquidity through investment in high-quality, short-term money market instruments. The fund operates under the Harbor Capital Advisors, Inc., based in Chicago, Illinois. It seeks to maintain a stable net asset value, usually $1.00 per share, while adhering to a conservative investment approach.",Harbor Funds,NAS,harxx,0
HBIXX,HSBC U.S. Treasury Money Market Fund,USD,"HSBC U.S. Treasury Money Market Fund seeks to maximize current income to the extent consistent with the preservation of capital and maintenance of liquidity by investing exclusively in U.S. Treasury securities, repurchase agreements collateralized by U.S. Treasury securities and cash. The fund is designed to provide investors with a high degree of safety and liquidity. HSBC, headquartered in London, is a global financial services company.",HSBC Funds,NAS,hbixx,0
HCAXX,HSBC Investor CA Tax-Free MMKT Fund - A Shares,USD,,,NAS,hcaxx,0
HCCXX,HSBC Investor CA Tax-Free MMKT Fund - C Shares,USD,,,NAS,hccxx,0
HCDXX,HSBC Investor CA Tax-Free MMKT Fund - D Shares,USD,,,NAS,hcdxx,0
HCMXX,Eagle Cash Trust - Municipal Money Market Fund - Class A,USD,,,NAS,hcmxx,0
HCTXX,Eagle Cash Trust - Money Market Fund - Class A,USD,,,NAS,hctxx,0
HCYXX,HSBC Investor CA Tax-Free MMKT Fund - Y Shares,USD,,,NAS,hcyxx,0
HEWXX,Hewitt Money Market Fund,USD,,,NAS,hewxx,0
HGDXX,HSBC U.S. Government Money Market Fund,USD,"HSBC U.S. Government Money Market Fund seeks to maximize current income to the extent consistent with the preservation of capital and maintenance of liquidity by investing in U.S. government securities, repurchase agreements collateralized by U.S. government securities and cash. The fund aims to offer a high degree of safety and liquidity. HSBC, with its headquarters in London, operates as a global financial institution.",HSBC Funds,NAS,hgdxx,0
HGEXX,HSBC U.S. Government Money Market Fund,USD,"HSBC U.S. Government Money Market Fund seeks to maximize current income to the extent consistent with the preservation of capital and maintenance of liquidity by investing in U.S. government securities, repurchase agreements collateralized by U.S. government securities and cash. The fund aims to offer a high degree of safety and liquidity. HSBC, with its headquarters in London, operates as a global financial institution.",HSBC Funds,NAS,hgexx,0
HGFXX,HSBC U.S. Government Money Market Fund,USD,"HSBC U.S. Government Money Market Fund seeks to maximize current income to the extent consistent with the preservation of capital and maintenance of liquidity by investing in U.S. government securities, repurchase agreements collateralized by U.S. government securities and cash. The fund aims to offer a high degree of safety and liquidity. HSBC, with its headquarters in London, operates as a global financial institution.",HSBC Funds,NAS,hgfxx,0
HGGXX,HSBC U.S. Government Money Market Fund,USD,"HSBC U.S. Government Money Market Fund seeks to maximize current income to the extent consistent with the preservation of capital and maintenance of liquidity by investing in U.S. government securities, repurchase agreements collateralized by U.S. government securities and cash. The fund aims to offer a high degree of safety and liquidity. HSBC, with its headquarters in London, operates as a global financial institution.",HSBC Funds,NAS,hggxx,0
HGIXX,HSBC U.S. Government Money Market Fund,USD,"HSBC U.S. Government Money Market Fund seeks to maximize current income to the extent consistent with the preservation of capital and maintenance of liquidity by investing in U.S. government securities, repurchase agreements collateralized by U.S. government securities and cash. The fund aims to offer a high degree of safety and liquidity. HSBC, with its headquarters in London, operates as a global financial institution.",HSBC Funds,NAS,hgixx,0
HGOXX,JPMorgan U.S. Treasury Plus Money Market Fund,USD,"JPMorgan U.S. Treasury Plus Money Market Fund seeks to maximize current income to the extent consistent with the preservation of capital and maintenance of liquidity by investing primarily in U.S. Treasury securities and repurchase agreements backed by U.S. Treasury securities, and other eligible securities. JPMorgan Chase & Co., headquartered in New York City, is a leading global financial services firm. The fund offers investors a focus on safety and liquidity.",JPMorgan Trust II,NAS,hgoxx,0
HLCXX,Hilliard Lyons Government Fund Inc,USD,,,NAS,hlcxx,0
HLPXX,JPMorgan Liquid Assets Money Market Fund,USD,"JPMorgan Liquid Assets Money Market Fund aims to maximize current income consistent with the preservation of capital and liquidity. It invests in a diversified portfolio of high-quality, short-term money market instruments. JPMorgan Chase & Co., a global financial services leader based in New York City, manages the fund.",JPMorgan Trust II,NAS,hlpxx,0
HPIXX,JPMorgan Liquid Assets Money Market Fund,USD,"JPMorgan Liquid Assets Money Market Fund aims to maximize current income consistent with the preservation of capital and liquidity. It invests in a diversified portfolio of high-quality, short-term money market instruments. JPMorgan Chase & Co., a global financial services leader based in New York City, manages the fund.",JPMorgan Trust II,NAS,hpixx,0
HRMXX,Harbor Money Market Fund,USD,"Harbor Money Market Fund seeks to provide current income consistent with liquidity and preservation of capital by investing in high-quality, short-term money market instruments. Harbor Capital Advisors, Inc. serves as the investment advisor, offering a range of investment solutions. The fund is designed for investors seeking a conservative approach to cash management.",Harbor Funds,NAS,hrmxx,0
HTDXX,HSBC U.S. Treasury Money Market Fund,USD,"HSBC U.S. Treasury Money Market Fund seeks to maximize current income to the extent consistent with the preservation of capital and maintenance of liquidity by investing exclusively in U.S. Treasury securities, repurchase agreements collateralized by U.S. Treasury securities and cash. The fund is designed to provide investors with a high degree of safety and liquidity. HSBC, headquartered in London, is a global financial services company.",HSBC Funds,NAS,htdxx,0
HTEXX,HSBC U.S. Treasury Money Market Fund,USD,"HSBC U.S. Treasury Money Market Fund seeks to maximize current income to the extent consistent with the preservation of capital and maintenance of liquidity by investing exclusively in U.S. Treasury securities, repurchase agreements collateralized by U.S. Treasury securities and cash. The fund is designed to provide investors with a high degree of safety and liquidity. HSBC, headquartered in London, is a global financial services company.",HSBC Funds,NAS,htexx,0
HTFXX,HSBC U.S. Treasury Money Market Fund,USD,"HSBC U.S. Treasury Money Market Fund seeks to maximize current income to the extent consistent with the preservation of capital and maintenance of liquidity by investing exclusively in U.S. Treasury securities, repurchase agreements collateralized by U.S. Treasury securities and cash. The fund is designed to provide investors with a high degree of safety and liquidity. HSBC, headquartered in London, is a global financial services company.",HSBC Funds,NAS,htfxx,0
HTGXX,HSBC U.S. Treasury Money Market Fund,USD,"HSBC U.S. Treasury Money Market Fund seeks to maximize current income to the extent consistent with the preservation of capital and maintenance of liquidity by investing exclusively in U.S. Treasury securities, repurchase agreements collateralized by U.S. Treasury securities and cash. The fund is designed to provide investors with a high degree of safety and liquidity. HSBC, headquartered in London, is a global financial services company.",HSBC Funds,NAS,htgxx,0
HTIXX,JPMorgan U.S. Treasury Plus Money Market Fund,USD,"JPMorgan U.S. Treasury Plus Money Market Fund seeks to maximize current income to the extent consistent with the preservation of capital and maintenance of liquidity by investing primarily in U.S. Treasury securities and repurchase agreements backed by U.S. Treasury securities, and other eligible securities. JPMorgan Chase & Co., headquartered in New York City, is a leading global financial services firm. The fund offers investors a focus on safety and liquidity.",JPMorgan Trust II,NAS,htixx,0
HTOXX,JPMorgan Municipal Money Market Fund,USD,"JPMorgan Municipal Money Market Fund seeks to provide current income exempt from federal income tax, consistent with the preservation of capital and liquidity, by investing in short-term municipal obligations. JPMorgan Chase & Co., headquartered in New York City, manages the fund. The fund offers tax-advantaged investment options for investors.",JPMorgan Trust II,NAS,htoxx,0
HTSXX,JPMorgan 100% U.S. Treasury Securities Money Market Fund,USD,"JPMorgan 100% U.S. Treasury Securities Money Market Fund seeks to maximize current income to the extent consistent with the preservation of capital and maintenance of liquidity by investing exclusively in U.S. Treasury securities and repurchase agreements backed by U.S. Treasury securities. The fund aims to provide investors with a high level of safety. JPMorgan Chase & Co., headquartered in New York City, is a leading global financial services firm.",JPMorgan Trust I,NAS,htsxx,0
HTYXX,HSBC U.S. Treasury Money Market Fund,USD,"HSBC U.S. Treasury Money Market Fund seeks to maximize current income to the extent consistent with the preservation of capital and maintenance of liquidity by investing exclusively in U.S. Treasury securities, repurchase agreements collateralized by U.S. Treasury securities and cash. The fund is designed to provide investors with a high degree of safety and liquidity. HSBC, headquartered in London, is a global financial services company.",HSBC Funds,NAS,htyxx,0
HUAXX,Fedfund Mischler Financial Group Fund,USD,,Blackrock Liquidity Funds,NAS,huaxx,0
HUCXX,HSBC U.S. Treasury Money Market,USD,"HSBC U.S. Treasury Money Market seeks to maximize current income to the extent consistent with the preservation of capital and maintenance of liquidity by investing exclusively in U.S. Treasury securities, repurchase agreements collateralized by U.S. Treasury securities and cash. This fund is designed to provide a high degree of safety and liquidity. HSBC, a global financial institution headquartered in London, manages this fund.",,NAS,hucxx,0
HUMXX,HSBC U.S. Government Money Mark,USD,"HSBC U.S. Government Money Mark seeks to maximize current income to the extent consistent with the preservation of capital and maintenance of liquidity by investing in U.S. government securities, repurchase agreements collateralized by U.S. government securities and cash. The fund aims to offer a high degree of safety and liquidity. HSBC, with its headquarters in London, operates as a global financial institution.",,NAS,humxx,0
HUNXX,Huntington Money Market Fund - Class B Shares,USD,,,NAS,hunxx,0
HWAXX,HSBC U.S. Treasury Money Market,USD,"HSBC U.S. Treasury Money Market Fund seeks to maximize current income to the extent consistent with the preservation of capital and maintenance of liquidity by investing exclusively in U.S. Treasury securities, repurchase agreements collateralized by U.S. Treasury securities and cash. The fund is designed to provide investors with a high degree of safety and liquidity. HSBC, headquartered in London, is a global financial services company.",,NAS,hwaxx,0
IAAXX,Ivy Cash Management Fund,USD,"Ivy Cash Management Fund seeks to provide current income consistent with the preservation of capital and liquidity by investing in a diversified portfolio of high-quality, short-term money market instruments. Ivy Investments, based in Overland Park, Kansas, is the investment adviser. The fund is designed for investors seeking a conservative cash management strategy.",Ivy Funds,NAS,iaaxx,0
IABXX,Ivy Cash Management Fund,USD,"Ivy Cash Management Fund seeks to provide current income consistent with the preservation of capital and liquidity by investing in a diversified portfolio of high-quality, short-term money market instruments. Ivy Investments, based in Overland Park, Kansas, is the investment adviser. The fund is designed for investors seeking a conservative cash management strategy.",Ivy Funds,NAS,iabxx,0
IACXX,Ivy Cash Management Fund,USD,"Ivy Cash Management Fund seeks to provide current income consistent with the preservation of capital and liquidity by investing in a diversified portfolio of high-quality, short-term money market instruments. Ivy Investments, based in Overland Park, Kansas, is the investment adviser. The fund is designed for investors seeking a conservative cash management strategy.",Ivy Funds,NAS,iacxx,0
IADXX,Goldman Sachs Institutional Liquid Assets - Money Market Portfolio - ILA Administration Units,USD,,,NAS,iadxx,0
ICAXX,Government Money Market Fund,USD,"Government Money Market Fund aims to provide current income consistent with preserving capital and maintaining liquidity. It invests in a variety of short-term U.S. government securities, repurchase agreements, and cash. The fund is designed for investors seeking a low-risk option for their short-term cash.",Deutsche Money Market Trust,NAS,icaxx,0
ICFXX,T. Rowe Price Institutional Cash Reserves Fund,USD,"T. Rowe Price Institutional Cash Reserves Fund seeks to provide a high level of current income consistent with the preservation of capital and maintenance of liquidity by investing in a diversified portfolio of high-quality, short-term money market instruments. T. Rowe Price, headquartered in Baltimore, Maryland, is a global investment management firm. The fund is designed for institutional investors seeking a conservative approach to cash management.","T. Rowe Price Institutional Income Funds, Inc.",NAS,icfxx,0
ICTXX,DWS Treasury Portfolio,USD,"DWS Treasury Portfolio seeks current income consistent with stability of principal and liquidity by investing exclusively in U.S. Treasury securities, repurchase agreements collateralized by U.S. Treasury securities, and cash. DWS Group, headquartered in Frankfurt, Germany, is a global asset management firm. The fund provides investors with a focus on safety and liquidity.",Investors Cash Trust,NAS,ictxx,0
IDSXX,Columbia Government Money Market Fund,USD,"Columbia Government Money Market Fund seeks to maximize current income to the extent consistent with the preservation of capital and the maintenance of liquidity by investing in U.S. government securities, repurchase agreements collateralized by U.S. government securities and cash. Columbia Threadneedle Investments, headquartered in Minneapolis, manages the fund. The fund aims to provide a high degree of safety and liquidity.",Columbia Funds Series Trust II,NAS,idsxx,0
IDYXX,Columbia Government Money Market Fund,USD,"Columbia Government Money Market Fund seeks to maximize current income to the extent consistent with the preservation of capital and the maintenance of liquidity by investing in U.S. government securities, repurchase agreements collateralized by U.S. government securities and cash. Columbia Threadneedle Investments, headquartered in Minneapolis, manages the fund. The fund aims to provide a high degree of safety and liquidity.",Columbia Funds Series Trust II,NAS,idyxx,0
IEAXX,Goldman Sachs Institutional Liquid Assets - Tax-Exempt Diversified Portfolio - ILA Administration Units,USD,,,NAS,ieaxx,0
IEDXX,Goldman Sachs Institutional Liquid Assets - Tax-Exempt Diversified Portfolio - ILA Cash Management Units,USD,,,NAS,iedxx,0
IESXX,Goldman Sachs Institutional Liquid Assets - Tax-Exempt Diversified Portfolio - ILA Service Units,USD,,,NAS,iesxx,0
IFAXX,Goldman Sachs Institutional Liquid Assets - Federal Portfolio - ILA Administration Units,USD,,,NAS,ifaxx,0
IFDXX,Goldman Sachs Institutional Liquid Assets - Federal Portfolio - ILA Cash Management Shares,USD,,,NAS,ifdxx,0
IFSXX,Goldman Sachs Institutional Liquid Assets - Federal Portfolio - ILA Service Units,USD,,,NAS,ifsxx,0
IIMXX,ING Institutional Prime Money Market Fund - Class IS,USD,,,NAS,iimxx,0
IJGXX,JPMorgan U.S. Government Money Market Fund,USD,"JPMorgan U.S. Government Money Market Fund seeks to maximize current income to the extent consistent with the preservation of capital and maintenance of liquidity by investing in U.S. government securities and repurchase agreements collateralized fully by U.S. government securities. JPMorgan Chase & Co., headquartered in New York City, is a leading global financial services firm. The fund offers investors a focus on safety and liquidity.",JPMorgan Trust II,NAS,ijgxx,0
IJLXX,JPMorgan Liquid Assets Money Market Fund,USD,"JPMorgan Liquid Assets Money Market Fund aims to maximize current income consistent with the preservation of capital and liquidity. It invests in a diversified portfolio of high-quality, short-term money market instruments. JPMorgan Chase & Co., a global financial services leader based in New York City, manages the fund.",JPMorgan Trust II,NAS,ijlxx,0
IJMXX,JPMorgan Municipal Money Market Fund,USD,"JPMorgan Municipal Money Market Fund seeks to provide current income exempt from federal income tax, consistent with the preservation of capital and liquidity, by investing in short-term municipal obligations. JPMorgan Chase & Co., headquartered in New York City, manages the fund. The fund offers tax-advantaged investment options for investors.",JPMorgan Trust II,NAS,ijmxx,0
IJTXX,JPMorgan U.S. Treasury Plus Money Market Fund,USD,"JPMorgan U.S. Treasury Plus Money Market Fund seeks to maximize current income to the extent consistent with the preservation of capital and maintenance of liquidity by investing primarily in U.S. Treasury securities and repurchase agreements backed by U.S. Treasury securities, and other eligible securities. JPMorgan Chase & Co., headquartered in New York City, is a leading global financial services firm. The fund offers investors a focus on safety and liquidity.",JPMorgan Trust II,NAS,ijtxx,0
ILFXX,Goldman Sachs Institutional Liquid Assets - Federal Portfolio - ILA Units,USD,,,NAS,ilfxx,0
ILMXX,Goldman Sachs Institutional Liquid Assets - Money Market Portfolio - ILA Units,USD,,,NAS,ilmxx,0
ILTXX,Goldman Sachs Institutional Liquid Assets - Treasury Obligations Portfolio - ILA Units,USD,,,NAS,iltxx,0
IMPXX,MSILF GOVERNMENT-IMPACT,USD,,,NAS,impxx,0
IMRXX,Invesco Premier Portfolio,USD,"Invesco Premier Portfolio seeks to provide current income consistent with stability of principal and liquidity by investing in high-quality, short-term money market instruments. Invesco, headquartered in Atlanta, Georgia, is a global investment management firm. The fund aims to provide a conservative approach to cash management.",AIM Treasurer's Series Trust (Invesco Treasurer's Series Trust),NAS,imrxx,0
IMSXX,Voya Government Money Market Portfolio,USD,"Voya Government Money Market Portfolio seeks to provide current income consistent with the preservation of capital and maintenance of liquidity by investing primarily in U.S. government securities and repurchase agreements backed by such securities. Voya Financial, headquartered in New York City, is a financial services company. The portfolio offers investors a focus on safety and liquidity.",,NAS,imsxx,0
INAXX,Government Money Market Fund,USD,"Government Money Market Fund aims to provide current income consistent with preserving capital and maintaining liquidity. It invests in a variety of short-term U.S. government securities, repurchase agreements, and cash. The fund is designed for investors seeking a low-risk option for their short-term cash.",AIM Investment Securities Funds (Invesco Investment Securities Funds),NAS,inaxx,0
INFXX,Institutional Fiduciary Trust Money Market Fund,USD,"Institutional Fiduciary Trust Money Market Fund seeks to provide current income consistent with the preservation of capital and maintenance of liquidity by investing in high-quality, short-term money market instruments. The fund is managed by a team of investment professionals. The fund is designed for institutional investors.",,NAS,infxx,0
INRXX,Franklin Cash Reserves Fund,USD,,,NAS,inrxx,0
INVXX,Government Money Market Fund,USD,"Government Money Market Fund aims to provide current income consistent with preserving capital and maintaining liquidity. It invests in a variety of short-term U.S. government securities, repurchase agreements, and cash. The fund is designed for investors seeking a low-risk option for their short-term cash.",AIM Investment Securities Funds (Invesco Investment Securities Funds),NAS,invxx,0
IOAXX,Goldman Sachs Institutional Liquid Assets - Treasury Obligations Portfolio - ILA Administration Units,USD,,,NAS,ioaxx,0
IOSXX,Goldman Sachs Institutional Liquid Assets - Treasury Obligations Portfolio - ILA Service Units,USD,,,NAS,iosxx,0
IPAXX,Goldman Sachs Institutional Liquid Assets - Prime Obligations Portfolio - ILA Administration Units,USD,,,NAS,ipaxx,0
IPLXX,Voya Liquid Assets Portfolio,USD,"Voya Liquid Assets Portfolio seeks to provide current income consistent with the preservation of capital and liquidity by investing in a diversified portfolio of high-quality, short-term money market instruments. Voya Financial, headquartered in New York City, is a financial services company. The portfolio offers investors a diversified approach to cash management.",Voya Investors Trust,NAS,iplxx,0
IPMXX,Fortis Institutional Prime Money Market - Class Y Shares,USD,,,NAS,ipmxx,0
IPOXX,Goldman Sachs Institutional Liquid Assets - Prime Obligations Portfolio - ILA Cash Management Shares,USD,,,NAS,ipoxx,0
IPPXX,Invesco Premier Portfolio,USD,"Invesco Premier Portfolio seeks to provide current income consistent with stability of principal and liquidity by investing in high-quality, short-term money market instruments. Invesco, headquartered in Atlanta, Georgia, is a global investment management firm. The fund aims to provide a conservative approach to cash management.",AIM Treasurer's Series Trust (Invesco Treasurer's Series Trust),NAS,ippxx,0
IPSXX,Goldman Sachs Institutional Liquid Assets - Prime Obligations Portfolio - ILA Service Units,USD,,,NAS,ipsxx,0
IPTXX,Invesco Premier Portfolio,USD,"Invesco Premier Portfolio seeks to provide current income consistent with stability of principal and liquidity by investing in high-quality, short-term money market instruments. Invesco, headquartered in Atlanta, Georgia, is a global investment management firm. The fund aims to provide a conservative approach to cash management.",AIM Treasurer's Series Trust (Invesco Treasurer's Series Trust),NAS,iptxx,0
IPVXX,Invesco Premier Portfolio,USD,"Invesco Premier Portfolio seeks to provide current income consistent with stability of principal and liquidity by investing in high-quality, short-term money market instruments. Invesco, headquartered in Atlanta, Georgia, is a global investment management firm. The fund aims to provide a conservative approach to cash management.",AIM Treasurer's Series Trust (Invesco Treasurer's Series Trust),NAS,ipvxx,0
IRAXX,Goldman Sachs Institutional Liquid Assets - Treasury Instruments Portfolio - ILA Administration Units,USD,,,NAS,iraxx,0
IRCXX,Invesco Premier Portfolio,USD,"Invesco Premier Portfolio seeks to provide current income consistent with stability of principal and liquidity by investing in high-quality, short-term money market instruments. Invesco, headquartered in Atlanta, Georgia, is a global investment management firm. The fund aims to provide a conservative approach to cash management.",AIM Treasurer's Series Trust (Invesco Treasurer's Series Trust),NAS,ircxx,0
IRSXX,Goldman Sachs Institutional Liquid Assets - Treasury Instruments Portfolio - ILA Service Units,USD,,,NAS,irsxx,0
IRVXX,Invesco Premier Portfolio,USD,"Invesco Premier Portfolio seeks to provide current income consistent with stability of principal and liquidity by investing in high-quality, short-term money market instruments. Invesco, headquartered in Atlanta, Georgia, is a global investment management firm. The fund aims to provide a conservative approach to cash management.",AIM Treasurer's Series Trust (Invesco Treasurer's Series Trust),NAS,irvxx,0
ISPXX,Voya Liquid Assets Portfolio,USD,"Voya Liquid Assets Portfolio seeks to provide current income consistent with the preservation of capital and liquidity by investing in a diversified portfolio of high-quality, short-term money market instruments. Voya Financial, headquartered in New York City, is a financial services company. The portfolio offers investors a diversified approach to cash management.",Voya Investors Trust,NAS,ispxx,0
ISVXX,Goldman Sachs Institutional Liquid Assets - Money Market Portfolio - ILA Service Units,USD,,,NAS,isvxx,0
ITAXX,Pioneer Treasury Reserves Fund - Pioneer Treasury Reserves Fund: Class A,USD,,,NAS,itaxx,0
ITEXX,Goldman Sachs Institutional Liquid Assets - Tax-Exempt Diversified Portfolio - ILA Units,USD,,,NAS,itexx,0
ITFXX,RiverSource Tax-Exempt Money Market Fund,USD,,,NAS,itfxx,0
ITIXX,Goldman Sachs Institutional Liquid Assets - Treasury Instruments Portfolio - ILA Units,USD,,,NAS,itixx,0
ITLXX,Voya Liquid Assets Portfolio,USD,"Voya Liquid Assets Portfolio seeks to provide current income consistent with the preservation of capital and liquidity by investing in a diversified portfolio of high-quality, short-term money market instruments. Voya Financial, headquartered in New York City, is a financial services company. The portfolio offers investors a diversified approach to cash management.",Voya Investors Trust,NAS,itlxx,0
ITMXX,Pioneer Treasury Reserves Fund - Pioneer Treasury Reserves Fund: Class Y,USD,,,NAS,itmxx,0
ITOXX,Goldman Sachs Institutional Liquid Assets - Treasury Obligations Portfolio - ILA Cash Management Shares,USD,,,NAS,itoxx,0
ITPXX,Goldman Sachs Institutional Liquid Assets - Treasury Instruments Portfolio - ILA Cash Management Shares,USD,,,NAS,itpxx,0
ITTXX,AIM Treasurer's Series Trust (Invesco Treasurer's Series Trust)-Invesco Premier Tax-Exempt Portfolio,USD,"AIM Treasurer's Series Trust (Invesco Treasurer's Series Trust)-Invesco Premier Tax-Exempt Portfolio seeks to provide current income exempt from federal income tax, consistent with stability of principal and liquidity by investing in high-quality, short-term municipal obligations. Invesco, headquartered in Atlanta, Georgia, is a global investment management firm. The fund offers tax-advantaged investment options.",AIM Treasurer's Series Trust (Invesco Treasurer's Series Trust)-Invesco Premier Tax-Exempt Portfolio,NAS,ittxx,0
ITVXX,DWS Treasury Portfolio,USD,"DWS Treasury Portfolio seeks current income consistent with stability of principal and liquidity by investing exclusively in U.S. Treasury securities, repurchase agreements collateralized by U.S. Treasury securities, and cash. DWS Group, headquartered in Frankfurt, Germany, is a global asset management firm. The fund provides investors with a focus on safety and liquidity.",Investors Cash Trust,NAS,itvxx,0
IUGXX,Invesco Premier U.S. Government Money Portfolio,USD,"Invesco Premier U.S. Government Money Portfolio seeks to provide current income consistent with stability of principal and liquidity by investing in U.S. government securities and repurchase agreements collateralized by U.S. government securities. Invesco, headquartered in Atlanta, Georgia, is a global investment management firm. The fund focuses on providing a safe and liquid investment option.",Invesco Treasurers Series Trust,NAS,iugxx,0
IUSXX,Deutsche U.S. Treasury Money Fund,USD,"Deutsche U.S. Treasury Money Fund seeks current income consistent with stability of principal and liquidity by investing exclusively in U.S. Treasury securities, repurchase agreements collateralized by U.S. Treasury securities, and cash. DWS Group, headquartered in Frankfurt, Germany, is a global asset management firm that manages the fund. The fund is designed to provide a high degree of safety and liquidity.",Treasury Portfolio,NAS,iusxx,0
IVEXX,Ivy Government Money Market Fund,USD,"Ivy Government Money Market Fund seeks to provide current income consistent with the preservation of capital and liquidity by investing in a diversified portfolio of high-quality, short-term U.S. government securities and repurchase agreements backed by those securities. Ivy Investments, based in Overland Park, Kansas, is the investment adviser. The fund offers investors a conservative cash management strategy focused on government securities.",Ivy Funds,NAS,ivexx,0
IVMXX,Voya Government Money Market Portfolio,USD,"Voya Government Money Market Portfolio seeks to provide current income consistent with the preservation of capital and maintenance of liquidity by investing primarily in U.S. government securities and repurchase agreements backed by such securities. Voya Financial, headquartered in New York City, is a financial services company. The portfolio offers investors a focus on safety and liquidity.",,NAS,ivmxx,0
JACXX,JPMorgan 100% U.S. Treasury Securities Money Market Fund,USD,"JPMorgan 100% U.S. Treasury Securities Money Market Fund seeks to maximize current income to the extent consistent with the preservation of capital and maintenance of liquidity by investing exclusively in U.S. Treasury securities and repurchase agreements backed by U.S. Treasury securities. The fund aims to provide investors with a high level of safety. JPMorgan Chase & Co., headquartered in New York City, is a leading global financial services firm.",JPMorgan Trust I,NAS,jacxx,0
JCAXX,Janus Institutional Cash Management Fund,USD,"Janus Institutional Cash Management Fund aims to provide current income consistent with the preservation of capital and liquidity by investing in high-quality, short-term money market instruments. Janus Henderson Investors, headquartered in London, is a global asset manager. The fund caters to institutional investors seeking a conservative cash management strategy.",,NAS,jcaxx,0
JCRXX,JPMorgan California Municipal Money Market Fund,USD,"JPMorgan California Municipal Money Market Fund seeks to provide current income exempt from federal and California state income taxes, consistent with the preservation of capital and liquidity, by investing in short-term California municipal obligations. JPMorgan Chase & Co., headquartered in New York City, manages the fund. This fund offers tax-advantaged investment options for California residents.",JPMorgan Trust I,NAS,jcrxx,0
JCVXX,JPMorgan California Municipal Money Market Fund,USD,"JPMorgan California Municipal Money Market Fund seeks to provide current income exempt from federal and California state income taxes, consistent with the preservation of capital and liquidity, by investing in short-term California municipal obligations. JPMorgan Chase & Co., headquartered in New York City, manages the fund. This fund offers tax-advantaged investment options for California residents.",JPMorgan Trust I,NAS,jcvxx,0
JDAXX,Janus Adviser Money Market Fund,USD,"Janus Adviser Money Market Fund seeks to provide current income consistent with the preservation of capital and liquidity by investing in high-quality, short-term money market instruments. Janus Henderson Investors, headquartered in London, is a global asset manager. The fund aims to provide investors with a conservative cash management strategy.",Janus Adviser Series,NAS,jdaxx,0
JDMXX,Janus Adviser Money Market Fund,USD,"Janus Adviser Money Market Fund seeks to provide current income consistent with the preservation of capital and liquidity by investing in high-quality, short-term money market instruments. Janus Henderson Investors, headquartered in London, is a global asset manager. The fund aims to provide investors with a conservative cash management strategy.",Janus Adviser Series,NAS,jdmxx,0
JFMXX,JPMorgan Federal Money Market Fund,USD,"JPMorgan Federal Money Market Fund seeks to maximize current income to the extent consistent with the preservation of capital and maintenance of liquidity by investing in eligible securities. JPMorgan Chase & Co., headquartered in New York City, manages the fund. The fund offers investors a focus on safety and liquidity.",JPMorgan Trust I,NAS,jfmxx,0
JGAXX,JPMorgan U.S. Government Money Market Fund,USD,"JPMorgan U.S. Government Money Market Fund seeks to maximize current income to the extent consistent with the preservation of capital and maintenance of liquidity by investing in U.S. government securities and repurchase agreements collateralized fully by U.S. government securities. JPMorgan Chase & Co., headquartered in New York City, is a leading global financial services firm. The fund offers investors a focus on safety and liquidity.",JPMorgan Trust II,NAS,jgaxx,0
JGCXX,JPMorgan California Municipal Money Market Fund,USD,"JPMorgan California Municipal Money Market Fund seeks to provide current income exempt from federal and California state income taxes, consistent with the preservation of capital and liquidity, by investing in short-term California municipal obligations. JPMorgan Chase & Co., headquartered in New York City, manages the fund. This fund offers tax-advantaged investment options for California residents.",JPMorgan Trust I,NAS,jgcxx,0
JGMXX,JPMorgan U.S. Government Money Market Fund,USD,"JPMorgan U.S. Government Money Market Fund seeks to maximize current income to the extent consistent with the preservation of capital and maintenance of liquidity by investing in U.S. government securities and repurchase agreements collateralized fully by U.S. government securities. JPMorgan Chase & Co., headquartered in New York City, is a leading global financial services firm. The fund offers investors a focus on safety and liquidity.",JPMorgan Trust II,NAS,jgmxx,0
JGNXX,JPMorgan New York Municipal Money Market Fund,USD,"JPMorgan New York Municipal Money Market Fund seeks to provide current income exempt from federal, New York state and New York City income taxes, consistent with the preservation of capital and liquidity, by investing in short-term New York municipal obligations. JPMorgan Chase & Co., headquartered in New York City, manages the fund. The fund provides tax-advantaged investment options for New York residents.",JPMorgan Trust I,NAS,jgnxx,0
JGPXX,Janus Institutional Government Money Market Fund,USD,"Janus Institutional Government Money Market Fund seeks to provide current income consistent with the preservation of capital and liquidity by investing in high-quality, short-term U.S. government securities and repurchase agreements backed by those securities. Janus Henderson Investors, headquartered in London, is a global asset manager. The fund caters to institutional investors seeking a conservative cash management strategy focused on government securities.",,NAS,jgpxx,0
JGSXX,Janus Institutional Government Money Market Fund,USD,"Janus Institutional Government Money Market Fund seeks to provide current income consistent with the preservation of capital and liquidity by investing in high-quality, short-term U.S. government securities and repurchase agreements backed by those securities. Janus Henderson Investors, headquartered in London, is a global asset manager. The fund caters to institutional investors seeking a conservative cash management strategy focused on government securities.",,NAS,jgsxx,0
JHMXX,John Hancock Money Market Fund,USD,"John Hancock Money Market Fund seeks to provide as high a level of current income as is consistent with preservation of capital and liquidity by investing in a diversified portfolio of high-quality, short-term money market instruments. John Hancock Investment Management, a division of Manulife Investment Management, is the investment adviser. The fund is designed for investors seeking a conservative cash management approach.",,NAS,jhmxx,0
JHOXX,Money Market Trust,USD,,John Hancock Variable Insurance Trust,NAS,jhoxx,0
JIGXX,Janus Institutional Government Money Market Fund,USD,"Janus Institutional Government Money Market Fund seeks to provide current income consistent with the preservation of capital and liquidity by investing in high-quality, short-term U.S. government securities and repurchase agreements backed by those securities. Janus Henderson Investors, headquartered in London, is a global asset manager. The fund caters to institutional investors seeking a conservative cash management strategy focused on government securities.",,NAS,jigxx,0
JIMXX,JPMorgan Prime Money Market Fund,USD,"JPMorgan Prime Money Market Fund seeks to maximize current income to the extent consistent with the preservation of capital and maintenance of liquidity by investing in a diversified portfolio of high-quality, short-term money market instruments. JPMorgan Chase & Co., headquartered in New York City, is a leading global financial services firm. The fund is designed to provide a competitive yield while maintaining safety and liquidity.",JPMorgan Trust I,NAS,jimxx,0
JINXX,JPMorgan Prime Money Market Fund,USD,"JPMorgan Prime Money Market Fund seeks to maximize current income to the extent consistent with the preservation of capital and maintenance of liquidity by investing in a diversified portfolio of high-quality, short-term money market instruments. JPMorgan Chase & Co., headquartered in New York City, is a leading global financial services firm. The fund is designed to provide a competitive yield while maintaining safety and liquidity.",JPMorgan Trust I,NAS,jinxx,0
JIPXX,Janus Institutional Cash Management Fund,USD,"Janus Institutional Cash Management Fund aims to provide current income consistent with the preservation of capital and liquidity by investing in high-quality, short-term money market instruments. Janus Henderson Investors, headquartered in London, is a global asset manager. The fund caters to institutional investors seeking a conservative cash management strategy.",,NAS,jipxx,0
JISXX,Janus Institutional Money Market Fund,USD,"Janus Institutional Money Market Fund seeks to provide current income consistent with the preservation of capital and liquidity by investing in high-quality, short-term money market instruments. Janus Henderson Investors, headquartered in London, is a global asset manager. This fund is designed for institutional investors seeking a conservative approach to cash management.",,NAS,jisxx,0
JMAXX,JPMorgan Municipal Money Market Fund,USD,"JPMorgan Municipal Money Market Fund seeks to provide current income exempt from federal income tax, consistent with the preservation of capital and liquidity, by investing in short-term municipal obligations. JPMorgan Chase & Co., headquartered in New York City, manages the fund. The fund offers tax-advantaged investment options for investors.",JPMorgan Trust II,NAS,jmaxx,0
JMCXX,John Hancock Money Market Fund,USD,"John Hancock Money Market Fund seeks to provide as high a level of current income as is consistent with preservation of capital and liquidity by investing in a diversified portfolio of high-quality, short-term money market instruments. John Hancock Investment Management, a division of Manulife Investment Management, is the investment adviser. The fund is designed for investors seeking a conservative cash management approach.",,NAS,jmcxx,0
JMOXX,Janus Institutional Money Market Fund,USD,"Janus Institutional Money Market Fund seeks to provide current income consistent with the preservation of capital and liquidity by investing in high-quality, short-term money market instruments. Janus Henderson Investors, headquartered in London, is a global asset manager. This fund is designed for institutional investors seeking a conservative approach to cash management.",,NAS,jmoxx,0
JMPXX,Janus Institutional Money Market Fund,USD,"Janus Institutional Money Market Fund seeks to provide current income consistent with the preservation of capital and liquidity by investing in high-quality, short-term money market instruments. Janus Henderson Investors, headquartered in London, is a global asset manager. This fund is designed for institutional investors seeking a conservative approach to cash management.",,NAS,jmpxx,0
JNPXX,JPMorgan New York Municipal Money Market Fund,USD,"JPMorgan New York Municipal Money Market Fund seeks to provide current income exempt from federal, New York state and New York City income taxes, consistent with the preservation of capital and liquidity, by investing in short-term New York municipal obligations. JPMorgan Chase & Co., headquartered in New York City, manages the fund. The fund provides tax-advantaged investment options for New York residents.",JPMorgan Trust I,NAS,jnpxx,0
JNVXX,JPMorgan New York Municipal Money Market Fund,USD,"JPMorgan New York Municipal Money Market Fund seeks to provide current income exempt from federal, New York state and New York City income taxes, consistent with the preservation of capital and liquidity, by investing in short-term New York municipal obligations. JPMorgan Chase & Co., headquartered in New York City, manages the fund. The fund provides tax-advantaged investment options for New York residents.",JPMorgan Trust I,NAS,jnvxx,0
JNYXX,JPMorgan New York Municipal Money Market Fund,USD,"JPMorgan New York Municipal Money Market Fund seeks to provide current income exempt from federal, New York state and New York City income taxes, consistent with the preservation of capital and liquidity, by investing in short-term New York municipal obligations. JPMorgan Chase & Co., headquartered in New York City, manages the fund. The fund provides tax-advantaged investment options for New York residents.",JPMorgan Trust I,NAS,jnyxx,0
JOAXX,Institutional Tax Free Money Market Fund,USD,"Institutional Tax Free Money Market Fund aims to provide current income exempt from federal income taxes, consistent with the preservation of capital and maintenance of liquidity. The fund invests primarily in short-term, high-quality municipal securities. The fund is designed for institutional investors seeking tax-advantaged income and liquidity.",JPMorgan Trust IV,NAS,joaxx,0
JOCXX,Institutional Tax Free Money Market Fund,USD,"Institutional Tax Free Money Market Fund aims to provide current income exempt from federal income taxes, consistent with the preservation of capital and maintenance of liquidity. The fund invests primarily in short-term, high-quality municipal securities. The fund is designed for institutional investors seeking tax-advantaged income and liquidity.",JPMorgan Trust IV,NAS,jocxx,0
JOFXX,Institutional Tax Free Money Market Fund,USD,"Institutional Tax Free Money Market Fund aims to provide current income exempt from federal income taxes, consistent with the preservation of capital and maintenance of liquidity. The fund invests primarily in short-term, high-quality municipal securities. The fund is designed for institutional investors seeking tax-advantaged income and liquidity.",JPMorgan Trust IV,NAS,jofxx,0
JOIXX,Institutional Tax Free Money Market Fund,USD,"Institutional Tax Free Money Market Fund aims to provide current income exempt from federal income taxes, consistent with the preservation of capital and maintenance of liquidity. The fund invests primarily in short-term, high-quality municipal securities. The fund is designed for institutional investors seeking tax-advantaged income and liquidity.",JPMorgan Trust IV,NAS,joixx,0
JONXX,JPMorgan New York Municipal Money Market Fund,USD,"JPMorgan New York Municipal Money Market Fund seeks to provide current income exempt from federal, New York state and New York City income taxes, consistent with the preservation of capital and liquidity, by investing in short-term New York municipal obligations. JPMorgan Chase & Co., headquartered in New York City, manages the fund. The fund provides tax-advantaged investment options for New York residents.",JPMorgan Trust I,NAS,jonxx,0
JOPXX,Janus Institutional Money Market Fund,USD,"Janus Institutional Money Market Fund seeks to provide current income consistent with the preservation of capital and liquidity by investing in high-quality, short-term money market instruments. Janus Henderson Investors, headquartered in London, is a global asset manager. This fund is designed for institutional investors seeking a conservative approach to cash management.",,NAS,jopxx,0
JOYXX,JPMorgan California Municipal Money Market Fund,USD,"JPMorgan California Municipal Money Market Fund seeks to provide current income exempt from federal and California state income taxes, consistent with the preservation of capital and liquidity, by investing in short-term California municipal obligations. JPMorgan Chase & Co., headquartered in New York City, manages the fund. This fund offers tax-advantaged investment options for California residents.",JPMorgan Trust I,NAS,joyxx,0
JPAXX,JPMorgan Prime Money Market Fund,USD,"JPMorgan Prime Money Market Fund seeks to maximize current income to the extent consistent with the preservation of capital and maintenance of liquidity by investing in a diversified portfolio of high-quality, short-term money market instruments. JPMorgan Chase & Co., headquartered in New York City, is a leading global financial services firm. The fund is designed to provide a competitive yield while maintaining safety and liquidity.",JPMorgan Trust I,NAS,jpaxx,0
JPCXX,JPMorgan U.S. Treasury Plus Money Market Fund,USD,"JPMorgan U.S. Treasury Plus Money Market Fund seeks to maximize current income to the extent consistent with the preservation of capital and maintenance of liquidity by investing primarily in U.S. Treasury securities and repurchase agreements backed by U.S. Treasury securities, and other eligible securities. JPMorgan Chase & Co., headquartered in New York City, is a leading global financial services firm. The fund offers investors a focus on safety and liquidity.",JPMorgan Trust II,NAS,jpcxx,0
JRVXX,JPMorgan Prime Money Market Fund,USD,"JPMorgan Prime Money Market Fund seeks to maximize current income to the extent consistent with the preservation of capital and maintenance of liquidity by investing in a diversified portfolio of high-quality, short-term money market instruments. JPMorgan Chase & Co., headquartered in New York City, is a leading global financial services firm. The fund is designed to provide a competitive yield while maintaining safety and liquidity.",JPMorgan Trust I,NAS,jrvxx,0
JSEXX,Janus Institutional Money Market Fund,USD,"Janus Institutional Money Market Fund seeks to provide current income consistent with the preservation of capital and liquidity by investing in high-quality, short-term money market instruments. Janus Henderson Investors, headquartered in London, is a global asset manager. This fund is designed for institutional investors seeking a conservative approach to cash management.",,NAS,jsexx,0
JSMXX,JPMorgan 100% U.S. Treasury Securities Money Market Fund,USD,"JPMorgan 100% U.S. Treasury Securities Money Market Fund seeks to maximize current income to the extent consistent with the preservation of capital and maintenance of liquidity by investing exclusively in U.S. Treasury securities and repurchase agreements backed by U.S. Treasury securities. The fund aims to provide investors with a high level of safety. JPMorgan Chase & Co., headquartered in New York City, is a leading global financial services firm.",JPMorgan Trust I,NAS,jsmxx,0
JTCXX,JPMorgan U.S. Treasury Plus Money Market Fund,USD,"JPMorgan U.S. Treasury Plus Money Market Fund seeks to maximize current income to the extent consistent with the preservation of capital and maintenance of liquidity by investing primarily in U.S. Treasury securities and repurchase agreements backed by U.S. Treasury securities, and other eligible securities. JPMorgan Chase & Co., headquartered in New York City, is a leading global financial services firm. The fund offers investors a focus on safety and liquidity.",JPMorgan Trust II,NAS,jtcxx,0
JTFXX,JPMorgan Tax Free Money Market Fund,USD,"JPMorgan Tax Free Money Market Fund seeks to provide current income exempt from federal income tax, consistent with the preservation of capital and liquidity, by investing in short-term municipal obligations. JPMorgan Chase & Co., headquartered in New York City, manages the fund. The fund offers tax-advantaged investment options for investors.",JPMorgan Trust I,NAS,jtfxx,0
JTSXX,JPMorgan 100% U.S. Treasury Securities Money Market Fund,USD,"JPMorgan 100% U.S. Treasury Securities Money Market Fund seeks to maximize current income to the extent consistent with the preservation of capital and maintenance of liquidity by investing exclusively in U.S. Treasury securities and repurchase agreements backed by U.S. Treasury securities. The fund aims to provide investors with a high level of safety. JPMorgan Chase & Co., headquartered in New York City, is a leading global financial services firm.",JPMorgan Trust I,NAS,jtsxx,0
JUSXX,JPMorgan U.S. Government Money Market Fund,USD,"JPMorgan U.S. Government Money Market Fund seeks to maximize current income to the extent consistent with the preservation of capital and maintenance of liquidity by investing in U.S. government securities and repurchase agreements collateralized fully by U.S. government securities. JPMorgan Chase & Co., headquartered in New York City, is a leading global financial services firm. The fund offers investors a focus on safety and liquidity.",JPMorgan Trust II,NAS,jusxx,0
JVPXX,Janus Institutional Government Money Market Fund,USD,"Janus Institutional Government Money Market Fund seeks to provide current income consistent with the preservation of capital and liquidity by investing in high-quality, short-term U.S. government securities and repurchase agreements backed by those securities. Janus Henderson Investors, headquartered in London, is a global asset manager. The fund caters to institutional investors seeking a conservative cash management strategy focused on government securities.",,NAS,jvpxx,0
JVSXX,Janus Institutional Government Money Market Fund,USD,"Janus Institutional Government Money Market Fund seeks to provide current income consistent with the preservation of capital and liquidity by investing in high-quality, short-term U.S. government securities and repurchase agreements backed by those securities. Janus Henderson Investors, headquartered in London, is a global asset manager. The fund caters to institutional investors seeking a conservative cash management strategy focused on government securities.",,NAS,jvsxx,0
JXCXX,JPMorgan Prime Money Market Fund,USD,"JPMorgan Prime Money Market Fund seeks to maximize current income to the extent consistent with the preservation of capital and maintenance of liquidity by investing in a diversified portfolio of high-quality, short-term money market instruments. JPMorgan Chase & Co., headquartered in New York City, is a leading global financial services firm. The fund is designed to provide a competitive yield while maintaining safety and liquidity.",JPMorgan Trust I,NAS,jxcxx,0
KMMXX,DWS Cash Investment Trust,USD,,DWS Money Market Prime Series,NAS,kmmxx,0
LAPXX,Invesco Liquid Assets Portfolio,USD,"Invesco Liquid Assets Portfolio is a money market fund managed by Invesco, a global investment management firm headquartered in Atlanta, Georgia, aiming to provide investors with liquidity and capital preservation through investments in high-quality, short-term money market instruments. The fund seeks to maintain a stable net asset value while generating income. It primarily invests in U.S. dollar-denominated money market securities.",Short-Term Investment Trust,NAS,lapxx,0
LASXX,Vintage Liquid Assets S2 Fund,USD,,,NAS,lasxx,0
LBBXX,Neuberger Berman Institutional Liquidity Funds - Money Market Portfolio - Institutional,USD,,,NAS,lbbxx,0
LBDXX,Neuberger Berman Institutional Liquidity Funds - Money Market Portfolio - Cash Management,USD,,,NAS,lbdxx,0
LBFXX,Neuberger Berman Institutional Liquidity Funds - Money Market Portfolio - Capital,USD,,,NAS,lbfxx,0
LBGXX,Neuberger Berman Institutional Liquidity Funds - Money Market Portfolio - Select,USD,,,NAS,lbgxx,0
LBHXX,Neuberger Berman Institutional Liquidity Funds - Money Market Portfolio - Administrative,USD,,,NAS,lbhxx,0
LBIXX,Lehman Brothers Institutional Liquidity Cash Management Funds - Cash Management Money Market Portfolio - Institutional Class,USD,,,NAS,lbixx,0
LBJXX,Neuberger Berman Institutional Liquidity Funds - Money Market Portfolio - Service,USD,,,NAS,lbjxx,0
LBKXX,Neuberger Berman Institutional Liquidity Funds - Money Market Portfolio - Premier,USD,,,NAS,lbkxx,0
LBLXX,Neuberger Berman Institutional Liquidity Funds - Prime Portfolio - Institutional,USD,,,NAS,lblxx,0
LBMXX,Lehman Brothers National Municipal Money Fund - Reserve Class,USD,,,NAS,lbmxx,0
LBNXX,Neuberger Berman New York Municipal Money Fund - Investor Class,USD,,,NAS,lbnxx,0
LBPXX,Lehman Brothers Institutional Liquidity Cash Management Funds - Cash Management Prime Portfolio - Institutional Class,USD,,,NAS,lbpxx,0
LBQXX,Neuberger Berman Institutional Liquidity Funds - Prime Portfolio - Cash Management,USD,,,NAS,lbqxx,0
LBRXX,Lehman Brothers Reserve Liquidity Funds - Prime Reserve Portfolio,USD,,,NAS,lbrxx,0
LBSXX,Neuberger Berman Institutional Liquidity Funds - Prime Portfolio - Capital,USD,,,NAS,lbsxx,0
LBTXX,Neuberger Berman Tax-Free Money Fund - Reserve Class,USD,,,NAS,lbtxx,0
LBVXX,Neuberger Berman Institutional Liquidity Funds - Prime Portfolio - Select,USD,,,NAS,lbvxx,0
LBWXX,Neuberger Berman Institutional Liquidity Funds - Prime Portfolio - Administrative,USD,,,NAS,lbwxx,0
LBYXX,Neuberger Berman Institutional Liquidity Funds - Prime Portfolio - Service,USD,,,NAS,lbyxx,0
LBZXX,Neuberger Berman Institutional Liquidity Funds - Prime Portfolio - Premier,USD,,,NAS,lbzxx,0
LEAXX,Liquid Environmentally Aware Fund,USD,,Blackrock Funds,NAS,leaxx,0
LEDXX,Liquid Environmentally Aware Fund,USD,,Blackrock Funds,NAS,ledxx,0
LEFXX,Liquid Environmentally Aware Fund,USD,,Blackrock Funds,NAS,lefxx,0
LHBXX,Neuberger Berman Institutional Liquidity Funds - Government Portfolio - Institutional,USD,,,NAS,lhbxx,0
LHCXX,Neuberger Berman Institutional Liquidity Funds - Government Portfolio - Cash Management,USD,,,NAS,lhcxx,0
LHDXX,Neuberger Berman Institutional Liquidity Funds - Government Portfolio - Capital,USD,,,NAS,lhdxx,0
LHFXX,Neuberger Berman Institutional Liquidity Funds - Government Portfolio - Select,USD,,,NAS,lhfxx,0
LHGXX,Neuberger Berman Institutional Liquidity Funds - Government Portfolio - Administrative,USD,,,NAS,lhgxx,0
LHHXX,Neuberger Berman Institutional Liquidity Funds - Government Portfolio - Service,USD,,,NAS,lhhxx,0
LHJXX,Neuberger Berman Institutional Liquidity Funds - Government Portfolio - Premier,USD,,,NAS,lhjxx,0
LHKXX,Neuberger Berman Treasury Fund - Institutional,USD,,,NAS,lhkxx,0
LHLXX,Neuberger Berman Treasury Fund - Cash Management,USD,,,NAS,lhlxx,0
LHMXX,Neuberger Berman Treasury Fund - Capital,USD,,,NAS,lhmxx,0
LHNXX,Neuberger Berman Treasury Fund - Select,USD,,,NAS,lhnxx,0
LHPXX,Neuberger Berman Treasury Fund - Administrative,USD,,,NAS,lhpxx,0
LHRXX,Neuberger Berman Treasury Fund - Service,USD,,,NAS,lhrxx,0
LHSXX,Neuberger Berman Treasury Fund - Premier,USD,,,NAS,lhsxx,0
LPCXX,Invesco Liquid Assets Portfolio,USD,"Invesco Liquid Assets Portfolio is a money market fund managed by Invesco, a global investment management firm headquartered in Atlanta, Georgia, aiming to provide investors with liquidity and capital preservation through investments in high-quality, short-term money market instruments. The fund seeks to maintain a stable net asset value while generating income. It primarily invests in U.S. dollar-denominated money market securities.",Short-Term Investment Trust,NAS,lpcxx,0
LPMXX,Invesco Liquid Assets Portfolio,USD,"Invesco Liquid Assets Portfolio is a money market fund managed by Invesco, a global investment management firm headquartered in Atlanta, Georgia, aiming to provide investors with liquidity and capital preservation through investments in high-quality, short-term money market instruments. The fund seeks to maintain a stable net asset value while generating income. It primarily invests in U.S. dollar-denominated money market securities.",Short-Term Investment Trust,NAS,lpmxx,0
LPPXX,Invesco Liquid Assets Portfolio,USD,"Invesco Liquid Assets Portfolio is a money market fund managed by Invesco, a global investment management firm headquartered in Atlanta, Georgia, aiming to provide investors with liquidity and capital preservation through investments in high-quality, short-term money market instruments. The fund seeks to maintain a stable net asset value while generating income. It primarily invests in U.S. dollar-denominated money market securities.",Short-Term Investment Trust,NAS,lppxx,0
LPRXX,Invesco Liquid Assets Portfolio,USD,"Invesco Liquid Assets Portfolio is a money market fund managed by Invesco, a global investment management firm headquartered in Atlanta, Georgia, aiming to provide investors with liquidity and capital preservation through investments in high-quality, short-term money market instruments. The fund seeks to maintain a stable net asset value while generating income. It primarily invests in U.S. dollar-denominated money market securities.",Short-Term Investment Trust,NAS,lprxx,0
LPVXX,Invesco Liquid Assets Portfolio,USD,"Invesco Liquid Assets Portfolio is a money market fund managed by Invesco, a global investment management firm headquartered in Atlanta, Georgia, aiming to provide investors with liquidity and capital preservation through investments in high-quality, short-term money market instruments. The fund seeks to maintain a stable net asset value while generating income. It primarily invests in U.S. dollar-denominated money market securities.",Short-Term Investment Trust,NAS,lpvxx,0
LRCXX,Invesco Liquid Assets Portfolio,USD,"Invesco Liquid Assets Portfolio is a money market fund managed by Invesco, a global investment management firm headquartered in Atlanta, Georgia, aiming to provide investors with liquidity and capital preservation through investments in high-quality, short-term money market instruments. The fund seeks to maintain a stable net asset value while generating income. It primarily invests in U.S. dollar-denominated money market securities.",Short-Term Investment Trust,NAS,lrcxx,0
MACXX,MFS U.S. Government Cash Reserve Fund,USD,"MFS U.S. Government Cash Reserve Fund is a money market fund managed by MFS Investment Management, a global investment firm headquartered in Boston, Massachusetts, designed to provide investors with a high level of current income consistent with preserving capital and maintaining liquidity. The fund invests primarily in U.S. government securities and repurchase agreements collateralized by such securities. It aims to maintain a stable net asset value of $1.00 per share.",MFS Series Trust I,NAS,macxx,0
MADXX,Tax-Exempt Portfolio,USD,,Morgan Stanley Institutional Liquidity Funds,NAS,madxx,0
MAIXX,BMO Prime Money Market Fund,USD,"BMO Prime Money Market Fund, offered by BMO Global Asset Management (headquartered in Chicago, Illinois), seeks to provide investors with current income while maintaining liquidity and preserving capital. The fund invests primarily in high-quality, short-term money market instruments. Its goal is to provide a competitive yield while maintaining a stable net asset value.","BMO Funds, Inc.",NAS,maixx,0
MAMXX,Treasury Securities Portfolio,USD,,Morgan Stanley Institutional Liquidity Funds,NAS,mamxx,0
MANXX,Money Market Portfolio,USD,,Morgan Stanley Institutional Liquidity Funds,NAS,manxx,0
MAOXX,Treasury Portfolio,USD,,Morgan Stanley Institutional Liquidity Funds,NAS,maoxx,0
MARXX,BMO Prime Money Market Fund,USD,"BMO Prime Money Market Fund, offered by BMO Global Asset Management (headquartered in Chicago, Illinois), seeks to provide investors with current income while maintaining liquidity and preserving capital. The fund invests primarily in high-quality, short-term money market instruments. Its goal is to provide a competitive yield while maintaining a stable net asset value.","BMO Funds, Inc.",NAS,marxx,0
MAVXX,Morgan Stanley Insti Liquidity,USD,,,NAS,mavxx,0
MAYXX,Government Portfolio,USD,,Morgan Stanley Institutional Liquidity Funds,NAS,mayxx,0
MCAXX,DWS Money Market Series Fund,USD,,DWS Money Market Trust,NAS,mcaxx,0
MCCXX,MFS U.S. Government Cash Reserve Fund,USD,"MFS U.S. Government Cash Reserve Fund is a money market fund managed by MFS Investment Management, a global investment firm headquartered in Boston, Massachusetts, designed to provide investors with a high level of current income consistent with preserving capital and maintaining liquidity. The fund invests primarily in U.S. government securities and repurchase agreements collateralized by such securities. It aims to maintain a stable net asset value of $1.00 per share.",MFS Series Trust I,NAS,mccxx,0
MCDXX,MuniCash,USD,,BlackRock Liquidity Funds,NAS,mcdxx,0
MCEXX,Daily Cah Fund,USD,,Monarch Funds,NAS,mcexx,0
MCHXX,"Morgan Stanley Insti Liq Fds, G",USD,,,NAS,mchxx,0
MCIXX,Daily Cah Fund,USD,,Monarch Funds,NAS,mcixx,0
MCMXX,MFS U.S. Government Money Market Fund,USD,"MFS U.S. Government Money Market Fund, managed by MFS Investment Management headquartered in Boston, Massachusetts, seeks to maximize current income to the extent consistent with the preservation of capital and maintenance of liquidity by investing exclusively in U.S. government securities. The fund aims to maintain a stable net asset value of $1.00 per share and provides a liquid investment option for investors seeking safety and income. MFS Investment Management is a global investment manager providing a broad range of financial products and services.",MFS Series Trust IV,NAS,mcmxx,0
MCNXX,Munder Cash Investment Fund,USD,,Munder Series Trust,NAS,mcnxx,0
MCRXX,MFS U.S. Government Cash Reserve Fund,USD,"MFS U.S. Government Cash Reserve Fund is a money market fund managed by MFS Investment Management, a global investment firm headquartered in Boston, Massachusetts, designed to provide investors with a high level of current income consistent with preserving capital and maintaining liquidity. The fund invests primarily in U.S. government securities and repurchase agreements collateralized by such securities. It aims to maintain a stable net asset value of $1.00 per share.",MFS Series Trust I,NAS,mcrxx,0
MCSXX,MuniCash,USD,,BlackRock Liquidity Funds,NAS,mcsxx,0
MCVXX,Daily Assets Fund,USD,,Monarch Funds,NAS,mcvxx,0
MFCXX,Federated Municipal Obligations Fund,USD,,Money Market Obligations Trust,NAS,mfcxx,0
MFDXX,MuniFund,USD,,BlackRock Liquidity Funds,NAS,mfdxx,0
MFIXX,BMO Tax-Free Money Market Fund,USD,"BMO Tax-Free Money Market Fund, managed by BMO Global Asset Management, based in Chicago, invests in high-quality, short-term municipal securities exempt from federal income tax, seeking current income exempt from federal income tax, consistent with the preservation of capital and liquidity. The fund seeks to provide a competitive tax-exempt yield while maintaining a stable net asset value. BMO Global Asset Management is a global investment manager.","BMO Funds, Inc.",NAS,mfixx,0
MFSXX,Federated Municipal Obligations Fund,USD,,Money Market Obligations Trust,NAS,mfsxx,0
MFTXX,MuniFund,USD,,BlackRock Liquidity Funds,NAS,mftxx,0
MGAXX,Government Securities Portfolio,USD,,Morgan Stanley Institutional Liquidity Funds,NAS,mgaxx,0
MGCXX,Daily Assets Fund,USD,,Monarch Funds,NAS,mgcxx,0
MGFXX,"Michigan Investment Trust, Government Money Market Series",USD,,,NAS,mgfxx,0
MGIXX,Daily Government Fund,USD,,Monarch Funds,NAS,mgixx,0
MGMXX,JPMorgan U.S. Government Money Market Fund,USD,"JPMorgan U.S. Government Money Market Fund, managed by JPMorgan Chase & Co. headquartered in New York, invests primarily in U.S. government securities and repurchase agreements backed by such securities, aiming to provide current income consistent with the preservation of capital and liquidity. The fund seeks to maintain a stable net asset value of $1.00 per share. JPMorgan Chase & Co. is a leading global financial services firm.",JPMorgan Trust II,NAS,mgmxx,0
MGNXX,BMO Government Money Market Fund,USD,"BMO Government Money Market Fund, managed by BMO Global Asset Management, headquartered in Chicago, invests primarily in U.S. government securities, seeking current income consistent with the preservation of capital and liquidity. The fund seeks to maintain a stable net asset value of $1.00 per share. BMO Global Asset Management is a global investment manager.","BMO Funds, Inc.",NAS,mgnxx,0
MGOXX,Government Portfolio,USD,,Morgan Stanley Institutional Liquidity Funds,NAS,mgoxx,0
MGPXX,Government Securities Portfolio,USD,,Morgan Stanley Institutional Liquidity Funds,NAS,mgpxx,0
MGSXX,Government Portfolio,USD,,Morgan Stanley Institutional Liquidity Funds,NAS,mgsxx,0
MGVXX,Daily Government Fund,USD,,Monarch Funds,NAS,mgvxx,0
MGYXX,BMO Government Money Market Fund,USD,"BMO Government Money Market Fund, managed by BMO Global Asset Management, headquartered in Chicago, invests primarily in U.S. government securities, seeking current income consistent with the preservation of capital and liquidity. The fund seeks to maintain a stable net asset value of $1.00 per share. BMO Global Asset Management is a global investment manager.","BMO Funds, Inc.",NAS,mgyxx,0
MHBXX,Daily Cah Fund,USD,,Monarch Funds,NAS,mhbxx,0
MHSXX,Treasury Portfolio,USD,,Morgan Stanley Institutional Liquidity Funds,NAS,mhsxx,0
MIAXX,Munder Cash Investment Fund,USD,,Munder Series Trust,NAS,miaxx,0
MIBXX,Munder Cash Investment Fund,USD,,Munder Series Trust,NAS,mibxx,0
MIFXX,Nationwide Money Market Fund,USD,"Nationwide Money Market Fund, managed by Nationwide Mutual Insurance Company based in Columbus, Ohio, seeks current income consistent with capital preservation and liquidity by investing in high-quality, short-term money market instruments. The fund aims to provide a competitive yield while maintaining a stable net asset value. Nationwide Mutual Insurance Company is a large U.S. insurance and financial services company.",Nationwide Mutual Funds,NAS,mifxx,0
MIKXX,Munder Cash Investment Fund,USD,,Munder Series Trust,NAS,mikxx,0
MIOXX,Money Market Portfolio,USD,,Morgan Stanley Institutional Liquidity Funds,NAS,mioxx,0
MIPXX,MainStay Money Market Fund,USD,"MainStay Money Market Fund is a money market fund managed by MainStay Investments, a business unit of New York Life Investment Management LLC, headquartered in New York City, which seeks to provide current income consistent with preservation of capital and liquidity through investing in high-quality, short-term money market instruments. The fund strives to maintain a stable net asset value of $1.00 per share. New York Life Investment Management is a global investment management firm.",The MainStay Funds,NAS,mipxx,0
MISXX,Treasury Portfolio,USD,,Morgan Stanley Institutional Liquidity Funds,NAS,misxx,0
MIYXX,Munder Cash Investment Fund,USD,,Munder Series Trust,NAS,miyxx,0
MJGXX,JPMorgan U.S. Government Money Market Fund,USD,"JPMorgan U.S. Government Money Market Fund, managed by JPMorgan Chase & Co. headquartered in New York, invests primarily in U.S. government securities and repurchase agreements backed by such securities, aiming to provide current income consistent with the preservation of capital and liquidity. The fund seeks to maintain a stable net asset value of $1.00 per share. JPMorgan Chase & Co. is a leading global financial services firm.",JPMorgan Trust II,NAS,mjgxx,0
MJLXX,JPMorgan Liquid Assets Money Market Fund,USD,"JPMorgan Liquid Assets Money Market Fund, managed by JPMorgan Chase & Co. headquartered in New York, aims to provide current income consistent with capital preservation and liquidity through investments in high-quality, short-term money market instruments. The fund seeks to maintain a stable net asset value of $1.00 per share. JPMorgan Chase & Co. is a leading global financial services firm.",JPMorgan Trust II,NAS,mjlxx,0
MJMXX,JPMorgan Municipal Money Market Fund,USD,"JPMorgan Municipal Money Market Fund, managed by JPMorgan Chase & Co. headquartered in New York, invests primarily in municipal securities that are exempt from federal income tax, seeking to provide current income exempt from federal income tax, consistent with the preservation of capital and liquidity. The fund aims to maintain a stable net asset value of $1.00 per share and provide a tax-advantaged investment option. JPMorgan Chase & Co. is a leading global financial services firm.",JPMorgan Trust II,NAS,mjmxx,0
MJPXX,JPMorgan U.S. Treasury Plus Money Market Fund,USD,"JPMorgan U.S. Treasury Plus Money Market Fund, managed by JPMorgan Chase & Co. headquartered in New York, invests primarily in U.S. Treasury securities and repurchase agreements backed by such securities, aiming to provide current income consistent with the preservation of capital and liquidity. The fund seeks to maintain a stable net asset value of $1.00 per share. JPMorgan Chase & Co. is a leading global financial services firm.",JPMorgan Trust II,NAS,mjpxx,0
MJTXX,JPMorgan U.S. Treasury Plus Money Market Fund,USD,"JPMorgan U.S. Treasury Plus Money Market Fund, managed by JPMorgan Chase & Co. headquartered in New York, invests primarily in U.S. Treasury securities and repurchase agreements backed by such securities, aiming to provide current income consistent with the preservation of capital and liquidity. The fund seeks to maintain a stable net asset value of $1.00 per share. JPMorgan Chase & Co. is a leading global financial services firm.",JPMorgan Trust II,NAS,mjtxx,0
MKLXX,MassMutual Premier Money Market Fund - Class L,USD,,,NAS,mklxx,0
MKMXX,MainStay Money Market Fund,USD,"MainStay Money Market Fund is a money market fund managed by MainStay Investments, a business unit of New York Life Investment Management LLC, headquartered in New York City, which seeks to provide current income consistent with preservation of capital and liquidity through investing in high-quality, short-term money market instruments. The fund strives to maintain a stable net asset value of $1.00 per share. New York Life Investment Management is a global investment management firm.",The MainStay Funds,NAS,mkmxx,0
MKTXX,MainStay Money Market Fund,USD,"MainStay Money Market Fund is a money market fund managed by MainStay Investments, a business unit of New York Life Investment Management LLC, headquartered in New York City, which seeks to provide current income consistent with preservation of capital and liquidity through investing in high-quality, short-term money market instruments. The fund strives to maintain a stable net asset value of $1.00 per share. New York Life Investment Management is a global investment management firm.",The MainStay Funds,NAS,mktxx,0
MLMXX,BNY Mellon Money Market Fund,USD,"BNY Mellon Money Market Fund, managed by BNY Mellon Investment Management headquartered in New York City, seeks to provide current income consistent with preservation of capital and maintenance of liquidity through investments in high-quality, short-term money market instruments. The fund aims to maintain a stable net asset value of $1.00 per share. BNY Mellon Investment Management is a leading global asset manager.",BNY Mellon Funds Trust,NAS,mlmxx,0
MLOXX,BNY Mellon Money Market Fund,USD,"BNY Mellon Money Market Fund, managed by BNY Mellon Investment Management headquartered in New York City, seeks to provide current income consistent with preservation of capital and maintenance of liquidity through investments in high-quality, short-term money market instruments. The fund aims to maintain a stable net asset value of $1.00 per share. BNY Mellon Investment Management is a leading global asset manager.",BNY Mellon Funds Trust,NAS,mloxx,0
MMAXX,MainStay Money Market Fund,USD,"MainStay Money Market Fund is a money market fund managed by MainStay Investments, a business unit of New York Life Investment Management LLC, headquartered in New York City, which seeks to provide current income consistent with preservation of capital and liquidity through investing in high-quality, short-term money market instruments. The fund strives to maintain a stable net asset value of $1.00 per share. New York Life Investment Management is a global investment management firm.",The MainStay Funds,NAS,mmaxx,0
MMIXX,National Tax-Free Money Market Fund,USD,,Wells Fargo Funds Trust,NAS,mmixx,0
MMLXX,Federated Institutional Money Market Management Fund,USD,"Federated Institutional Money Market Management Fund, managed by Federated Hermes, Inc. headquartered in Pittsburgh, Pennsylvania, aims to maximize current income to the extent consistent with preserving capital and maintaining liquidity by investing in a diversified portfolio of high-quality, short-term money market instruments. The fund serves institutional investors seeking a stable and liquid investment option. Federated Hermes is a global investment manager.",Money Market Obligations Trust,NAS,mmlxx,0
MMMXX,Federated Institutional Money Market Management Fund,USD,"Federated Institutional Money Market Management Fund, managed by Federated Hermes, Inc. headquartered in Pittsburgh, Pennsylvania, aims to maximize current income to the extent consistent with preserving capital and maintaining liquidity by investing in a diversified portfolio of high-quality, short-term money market instruments. The fund serves institutional investors seeking a stable and liquid investment option. Federated Hermes is a global investment manager.",Money Market Obligations Trust,NAS,mmmxx,0
MMNXX,Money Market Portfolio,USD,,Morgan Stanley Institutional Liquidity Funds,NAS,mmnxx,0
MMPXX,Federated Institutional Money Market Management Fund,USD,"Federated Institutional Money Market Management Fund, managed by Federated Hermes, Inc. headquartered in Pittsburgh, Pennsylvania, aims to maximize current income to the extent consistent with preserving capital and maintaining liquidity by investing in a diversified portfolio of high-quality, short-term money market instruments. The fund serves institutional investors seeking a stable and liquid investment option. Federated Hermes is a global investment manager.",Money Market Obligations Trust,NAS,mmpxx,0
MMRXX,MSILF ESG Money Market Portfoli,USD,,,NAS,mmrxx,0
MMSXX,Federated Institutional Money Market Management Fund,USD,"Federated Institutional Money Market Management Fund, managed by Federated Hermes, Inc. headquartered in Pittsburgh, Pennsylvania, aims to maximize current income to the extent consistent with preserving capital and maintaining liquidity by investing in a diversified portfolio of high-quality, short-term money market instruments. The fund serves institutional investors seeking a stable and liquid investment option. Federated Hermes is a global investment manager.",Money Market Obligations Trust,NAS,mmsxx,0
MNIXX,Munder Institutional Money Market Fund,USD,,,NAS,mnixx,0
MNKXX,Munder Institutional Money Market Fund,USD,,,NAS,mnkxx,0
MNTXX,BNY Mellon National Municipal Money Market Fund,USD,"BNY Mellon National Municipal Money Market Fund, managed by BNY Mellon Investment Management headquartered in New York City, invests in high-quality, short-term municipal securities, seeking to provide current income exempt from federal income tax consistent with the preservation of capital and liquidity. The fund aims to maintain a stable net asset value of $1.00 per share and offers a tax-advantaged investment option. BNY Mellon Investment Management is a leading global asset manager.",BNY Mellon Funds Trust,NAS,mntxx,0
MNVXX,Treasury Securities Portfolio,USD,,Morgan Stanley Institutional Liquidity Funds,NAS,mnvxx,0
MOCXX,Daily Cah Fund,USD,,Monarch Funds,NAS,mocxx,0
MODXX,Federated Municipal Obligations Fund,USD,,Money Market Obligations Trust,NAS,modxx,0
MOFXX,Federated Municipal Obligations Fund,USD,,Money Market Obligations Trust,NAS,mofxx,0
MOIXX,Federated Municipal Obligations Fund,USD,,Money Market Obligations Trust,NAS,moixx,0
MOMXX,BNY Mellon National Municipal Money Market Fund,USD,"BNY Mellon National Municipal Money Market Fund, managed by BNY Mellon Investment Management headquartered in New York City, invests in high-quality, short-term municipal securities, seeking to provide current income exempt from federal income tax consistent with the preservation of capital and liquidity. The fund aims to maintain a stable net asset value of $1.00 per share and offers a tax-advantaged investment option. BNY Mellon Investment Management is a leading global asset manager.",BNY Mellon Funds Trust,NAS,momxx,0
MONXX,Monetta Government Money Market Fund,USD,,,NAS,monxx,0
MOSXX,Federated Municipal Obligations Fund,USD,,Money Market Obligations Trust,NAS,mosxx,0
MOTXX,Federated Municipal Obligations Fund,USD,,Money Market Obligations Trust,NAS,motxx,0
MPCXX,Government Portfolio,USD,,Morgan Stanley Institutional Liquidity Funds,NAS,mpcxx,0
MPEXX,Prime Portfolio,USD,,Morgan Stanley Institutional Liquidity Funds,NAS,mpexx,0
MPFXX,Prime Portfolio,USD,,Morgan Stanley Institutional Liquidity Funds,NAS,mpfxx,0
MPIXX,Money Market ProFund,USD,"The Money Market ProFund seeks current income consistent with capital preservation, primarily investing in money market instruments. These funds are typically managed with the objective of providing a competitive yield while maintaining a stable net asset value, often used by investors seeking a liquid and safe haven for short-term cash. Details about specific management strategies, headquarters location, or unique fund features would require a deeper dive into the fund's prospectus.",ProFunds,NAS,mpixx,0
MPMXX,Prime Portfolio,USD,,Morgan Stanley Institutional Liquidity Funds,NAS,mpmxx,0
MPNXX,Prime Portfolio,USD,,Morgan Stanley Institutional Liquidity Funds,NAS,mpnxx,0
MPPXX,MuniCash,USD,,BlackRock Liquidity Funds,NAS,mppxx,0
MPRXX,"Morgan Stanley Insti Liq Fds, T",USD,,,NAS,mprxx,0
MPSXX,Money Market ProFund,USD,"The Money Market ProFund seeks current income consistent with capital preservation, primarily investing in money market instruments. These funds are typically managed with the objective of providing a competitive yield while maintaining a stable net asset value, often used by investors seeking a liquid and safe haven for short-term cash. Details about specific management strategies, headquarters location, or unique fund features would require a deeper dive into the fund's prospectus.",ProFunds,NAS,mpsxx,0
MPUXX,Money Market Portfolio,USD,,Morgan Stanley Institutional Liquidity Funds,NAS,mpuxx,0
MPVXX,Prime Portfolio,USD,,Morgan Stanley Institutional Liquidity Funds,NAS,mpvxx,0
MRBXX,MFS U.S. Government Cash Reserve Fund,USD,"MFS U.S. Government Cash Reserve Fund is a money market fund managed by MFS Investment Management, a global investment firm headquartered in Boston, Massachusetts, designed to provide investors with a high level of current income consistent with preserving capital and maintaining liquidity. The fund invests primarily in U.S. government securities and repurchase agreements collateralized by such securities. It aims to maintain a stable net asset value of $1.00 per share.",MFS Series Trust I,NAS,mrbxx,0
MRCXX,MFS U.S. Government Cash Reserve Fund,USD,"MFS U.S. Government Cash Reserve Fund is a money market fund managed by MFS Investment Management, a global investment firm headquartered in Boston, Massachusetts, designed to provide investors with a high level of current income consistent with preserving capital and maintaining liquidity. The fund invests primarily in U.S. government securities and repurchase agreements collateralized by such securities. It aims to maintain a stable net asset value of $1.00 per share.",MFS Series Trust I,NAS,mrcxx,0
MREXX,Treasury Portfolio,USD,,Morgan Stanley Institutional Liquidity Funds,NAS,mrexx,0
MSCXX,MainStay Money Market Fund,USD,"MainStay Money Market Fund is a money market fund managed by MainStay Investments, a business unit of New York Life Investment Management LLC, headquartered in New York City, which seeks to provide current income consistent with preservation of capital and liquidity through investing in high-quality, short-term money market instruments. The fund strives to maintain a stable net asset value of $1.00 per share. New York Life Investment Management is a global investment management firm.",The MainStay Funds,NAS,mscxx,0
MSDXX,Government Portfolio,USD,,Morgan Stanley Institutional Liquidity Funds,NAS,msdxx,0
MSEXX,Treasury Securities Portfolio,USD,,Morgan Stanley Institutional Liquidity Funds,NAS,msexx,0
MSGXX,Morgan Stanley Inst Liquidity F,USD,"Morgan Stanley Inst Liquidity F is a money market fund offered by Morgan Stanley Investment Management. The fund seeks to maintain a stable net asset value of $1.00 per share and invests primarily in high-quality, short-term money market instruments. The fund's goal is to provide current income consistent with the preservation of capital and liquidity.",,NAS,msgxx,0
MSHXX,Money Market Portfolio,USD,,Morgan Stanley Institutional Liquidity Funds,NAS,mshxx,0
MSPXX,Prime Portfolio,USD,,Morgan Stanley Institutional Liquidity Funds,NAS,mspxx,0
MSRXX,MFS U.S. Government Cash Reserve Fund,USD,"MFS U.S. Government Cash Reserve Fund is a money market fund that seeks to maximize current income to the extent consistent with the preservation of capital and maintenance of liquidity by investing exclusively in U.S. government securities, repurchase agreements, and cash. The fund is managed by MFS Investment Management, headquartered in Boston, Massachusetts. It aims to provide a stable net asset value while adhering to a conservative investment strategy.",MFS Series Trust I,NAS,msrxx,0
MSSXX,Treasury Securities Portfolio,USD,,Morgan Stanley Institutional Liquidity Funds,NAS,mssxx,0
MSTXX,Treasury Portfolio,USD,,Morgan Stanley Institutional Liquidity Funds,NAS,mstxx,0
MSUXX,Treasury Portfolio,USD,,Morgan Stanley Institutional Liquidity Funds,NAS,msuxx,0
MSVXX,Government Securities Portfolio,USD,,Morgan Stanley Institutional Liquidity Funds,NAS,msvxx,0
MTCXX,"Morgan Stanley Insti Liq Fds, T",USD,"Morgan Stanley Insti Liq Fds, T is a money market fund offered by Morgan Stanley Investment Management. The fund aims to provide current income consistent with capital preservation and liquidity by investing in high-quality, short-term money market instruments. It is part of the Morgan Stanley Institutional Liquidity Funds series.",,NAS,mtcxx,0
MTFXX,BMO Tax-Free Money Market Fund,USD,"BMO Tax-Free Money Market Fund seeks to provide current income exempt from federal income tax, consistent with stability of principal and liquidity by investing primarily in municipal securities. The fund is managed by BMO Asset Management Corp., and it focuses on short-term, high-quality municipal obligations. The fund aims to maintain a stable net asset value of $1.00 per share.","BMO Funds, Inc.",NAS,mtfxx,0
MTMXX,Tax-Exempt Portfolio,USD,,Morgan Stanley Institutional Liquidity Funds,NAS,mtmxx,0
MTNXX,Treasury Portfolio,USD,,Morgan Stanley Institutional Liquidity Funds,NAS,mtnxx,0
MTSXX,Treasury Portfolio,USD,,Morgan Stanley Institutional Liquidity Funds,NAS,mtsxx,0
MTTXX,Treasury Portfolio,USD,,Morgan Stanley Institutional Liquidity Funds,NAS,mttxx,0
MTXXX,Tax-Exempt Portfolio,USD,,Morgan Stanley Institutional Liquidity Funds,NAS,mtxxx,0
MUCXX,California Money Fund,USD,,BlackRock Liquidity Funds,NAS,mucxx,0
MUIXX,"Morgan Stanley Insti Liq Fds, G",USD,"Morgan Stanley Insti Liq Fds, G is a money market fund offered by Morgan Stanley Investment Management. The fund's investment objective is to provide current income consistent with the preservation of capital and liquidity by investing in high-quality, short-term money market instruments. It is part of the Morgan Stanley Institutional Liquidity Funds series, typically focusing on government securities.",,NAS,muixx,0
MUNXX,New York Money Fund,USD,,BlackRock Liquidity Funds,NAS,munxx,0
MUSXX,MainStay U.S. Government Liquidity Fund Class I,USD,MainStay U.S. Government Liquidity Fund Class I is a money market fund offered by MainStay Investments. The fund seeks to provide current income consistent with capital preservation and liquidity by investing in U.S. government securities and repurchase agreements. The fund aims to maintain a stable net asset value of $1.00 per share.,,NAS,musxx,0
MVAXX,Government Securities Portfolio,USD,,Morgan Stanley Institutional Liquidity Funds,NAS,mvaxx,0
MVIXX,"Morgan Stanley Insti Liq Fds, G",USD,"Morgan Stanley Insti Liq Fds, G is a money market fund offered by Morgan Stanley Investment Management. Its goal is to provide current income while prioritizing capital preservation and liquidity, achieved through investments in high-quality, short-term money market instruments. This fund is part of the Morgan Stanley Institutional Liquidity Funds.",,NAS,mvixx,0
MVRXX,Government Portfolio,USD,,Morgan Stanley Institutional Liquidity Funds,NAS,mvrxx,0
MVSXX,Money Market Portfolio,USD,,Morgan Stanley Institutional Liquidity Funds,NAS,mvsxx,0
MVVXX,Government Portfolio,USD,,Morgan Stanley Institutional Liquidity Funds,NAS,mvvxx,0
MVYXX,Treasury Portfolio,USD,,Morgan Stanley Institutional Liquidity Funds,NAS,mvyxx,0
MXAXX,Tax-Exempt Portfolio,USD,,Morgan Stanley Institutional Liquidity Funds,NAS,mxaxx,0
MXGXX,Great-West Government Money Market Fund,USD,"Great-West Government Money Market Fund seeks to provide a high level of current income consistent with the preservation of capital and liquidity by investing in U.S. government securities and repurchase agreements collateralized by such securities. The fund is managed by Great-West Funds, Inc. and aims to maintain a stable net asset value of $1.00 per share. It focuses on high-quality, short-term instruments.","Great-West Funds, Inc.",NAS,mxgxx,0
MXIXX,Tax-Exempt Portfolio,USD,,Morgan Stanley Institutional Liquidity Funds,NAS,mxixx,0
MXMXX,Great-West Government Money Market Fund,USD,"Great-West Government Money Market Fund's objective is to provide a high level of current income consistent with the preservation of capital and liquidity by investing in U.S. government securities and repurchase agreements backed by these securities. The fund, managed by Great-West Funds, Inc., prioritizes short-term, high-quality instruments to maintain a stable net asset value. The fund operates with the goal of capital preservation.","Great-West Funds, Inc.",NAS,mxmxx,0
MXPXX,"Morgan Stanley Insti Liq Fds, T",USD,"Morgan Stanley Insti Liq Fds, T is a money market fund offered by Morgan Stanley Investment Management, aiming to provide current income consistent with capital preservation and liquidity. It achieves this by investing in high-quality, short-term money market instruments. The fund is part of the Morgan Stanley Institutional Liquidity Funds series.",,NAS,mxpxx,0
MXSXX,Tax-Exempt Portfolio,USD,,Morgan Stanley Institutional Liquidity Funds,NAS,mxsxx,0
MYMXX,AB Government Money Market Portfolio,USD,"AB Government Money Market Portfolio invests in a portfolio of U.S. government securities and repurchase agreements, seeking current income consistent with preserving capital and maintaining liquidity. The fund is managed by AllianceBernstein L.P., headquartered in New York City, and aims to maintain a stable net asset value. It prioritizes investments in short-term, high-quality government-backed assets.","AB Fixed-Income Shares, Inc.",NAS,mymxx,0
NBAXX,Neuberger Berman Institutional Cash Fund - Trust Class,USD,,,NAS,nbaxx,0
NBCXX,Neuberger Berman Cash Reserves - Investor Class,USD,,,NAS,nbcxx,0
NBGXX,Neuberger Berman Government Money Fund - Investor Class,USD,,,NAS,nbgxx,0
NBPXX,Neuberger Berman Prime Money Fund - Trust Class,USD,,,NAS,nbpxx,0
NCGXX,Treasury Money Market Fund,USD,,North Capital Funds Trust,NAS,ncgxx,0
NEMXX,Natixis Cash Management Trust - Money Market Series - Class A,USD,,,NAS,nemxx,0
NIBXX,"BOFA FDS SRS TR, BOFA CASH RESE",USD,,,NAS,nibxx,0
NISXX,Federated New York Municipal Cash Trust,USD,"Federated New York Municipal Cash Trust seeks to provide current income exempt from federal, New York State, and New York City income taxes, consistent with stability of principal and liquidity by investing primarily in municipal securities. The fund is managed by Federated Hermes, Inc. and focuses on short-term, high-quality municipal obligations within New York. The fund aims to maintain a stable net asset value of $1.00 per share.",Money Market Obligations Trust,NAS,nisxx,0
NITXX,Treasury Portfolio,USD,,Northern Institutional Funds,NAS,nitxx,0
NJBXX,New Jersey Daily Municipal Income Fund Inc - c. - Class B Shares,USD,,,NAS,njbxx,0
NJDXX,New Jersey Daily Municipal Income Fund Inc - c. - Class A Shares,USD,,,NAS,njdxx,0
NMBXX,Natixis Cash Management Trust - Money Market Series - Class B,USD,,,NAS,nmbxx,0
NOGXX,U.S. Government Money Market Fund,USD,U.S. Government Money Market Fund seeks to provide a high level of current income consistent with the preservation of capital and liquidity by investing in U.S. government securities and repurchase agreements collateralized by such securities. The fund is managed by a variety of investment firms and aims to maintain a stable net asset value of $1.00 per share. It is designed for investors seeking safety and liquidity.,Northern Funds,NAS,nogxx,0
NORXX,Northern Money Market Fund,USD,,Northern Funds,NAS,norxx,0
NOSXX,U.S. Government Select Money Market Fund,USD,"U.S. Government Select Money Market Fund seeks to provide current income consistent with preserving capital and liquidity by investing in U.S. government securities and repurchase agreements collateralized by such securities. The fund focuses on high-quality, short-term instruments backed by the U.S. government. Its primary goal is to maintain a stable net asset value while providing income.",Northern Funds,NAS,nosxx,0
NRVXX,Columbia Money Market Reserves - Investor Class,USD,,,NAS,nrvxx,0
NTEXX,"BOFA FDS SRS TR, BOFA TAX EXEMP",USD,,,NAS,ntexx,0
NTPXX,Treasury Portfolio,USD,,Northern Institutional Funds,NAS,ntpxx,0
NVCXX,Natixis Cash Management Trust - Money Market Series - Class C,USD,,,NAS,nvcxx,0
NWGXX,Government Money Market Fund,USD,"Government Money Market Fund aims to provide current income consistent with the preservation of capital and liquidity by investing primarily in U.S. government securities and repurchase agreements. Managed by various investment firms, the fund strives for a stable net asset value. It prioritizes safety and short-term investments in government-backed instruments.",Wells Fargo Funds Trust,NAS,nwgxx,0
NWIXX,Cash Investment Money Market Fund,USD,"Cash Investment Money Market Fund aims to provide current income consistent with the preservation of capital and liquidity by investing in high-quality, short-term money market instruments. It is designed for investors seeking a safe and liquid investment option. The fund typically maintains a stable net asset value.",Wells Fargo Funds Trust,NAS,nwixx,0
NWMXX,National Tax-Free Money Market Fund,USD,"National Tax-Free Money Market Fund seeks to provide current income exempt from federal income tax, consistent with the preservation of capital and liquidity, by investing primarily in municipal securities. It aims to maintain a stable net asset value of $1.00 per share and offers a tax-advantaged investment option for individuals in higher tax brackets. The fund is managed by various investment firms.",Wells Fargo Funds Trust,NAS,nwmxx,0
NWSXX,Nationwide Money Market Fund,USD,"Nationwide Money Market Fund seeks to provide current income consistent with the preservation of capital and liquidity by investing in high-quality, short-term money market instruments. The fund is managed by Nationwide Funds Group and aims to maintain a stable net asset value of $1.00 per share. It is designed for investors seeking safety and liquidity.",Nationwide Mutual Funds,NAS,nwsxx,0
NWTXX,100% Treasury Money Market Fund,USD,"100% Treasury Money Market Fund invests exclusively in U.S. Treasury securities, repurchase agreements collateralized by U.S. Treasury securities, and cash, seeking to provide current income consistent with capital preservation and liquidity. The fund, managed by various investment companies, focuses solely on securities backed by the full faith and credit of the U.S. government. It is designed to offer a high degree of safety and liquidity.",Wells Fargo Funds Trust,NAS,nwtxx,0
NYCXX,New York Cash II Fund,USD,,Money Market Obligations Trust,NAS,nycxx,0
NYMXX,"BOFA FDS SRS TR, BOFA NEW YORK",USD,,,NAS,nymxx,0
NYTXX,T. Rowe Price New York Tax-Free Money Fund,USD,"T. Rowe Price New York Tax-Free Money Fund seeks to provide the highest level of income exempt from federal, New York State, and New York City income taxes, consistent with capital preservation and liquidity, by investing primarily in municipal securities. The fund is managed by T. Rowe Price Associates, Inc. and concentrates on high-quality, short-term municipal obligations within New York. It aims to maintain a stable net asset value of $1.00 per share.",T. Rowe Price State Tax-Free Income Trust,NAS,nytxx,0
OCCXX,Old Mutual Cash Reserves Fund,USD,,,NAS,occxx,0
OGAXX,JPMorgan U.S. Government Money Market Fund,USD,"JPMorgan U.S. Government Money Market Fund seeks to provide current income consistent with capital preservation and liquidity by investing in U.S. government securities, repurchase agreements, and cash. Managed by J.P. Morgan Investment Management Inc., the fund prioritizes investments in high-quality, short-term instruments. The fund aims to maintain a stable net asset value of $1.00 per share.",JPMorgan Trust II,NAS,ogaxx,0
OGSXX,JPMorgan U.S. Government Money Market Fund,USD,"JPMorgan U.S. Government Money Market Fund aims to provide current income while maintaining capital preservation and liquidity by investing in U.S. government securities, repurchase agreements, and cash. Managed by J.P. Morgan Investment Management Inc., the fund concentrates on high-quality, short-term investments. It is designed to maintain a stable net asset value of $1.00 per share.",JPMorgan Trust II,NAS,ogsxx,0
OGVXX,JPMorgan U.S. Government Money Market Fund,USD,"JPMorgan U.S. Government Money Market Fund aims to deliver current income that is consistent with capital preservation and liquidity by investing in U.S. government securities and repurchase agreements. The fund is managed by JPMorgan Investment Management, Inc., with headquarters in New York. It focuses on high-quality, short-term investments, seeking to maintain a stable net asset value.",JPMorgan Trust II,NAS,ogvxx,0
OMBXX,Invesco U.S. Government Money Portfolio,USD,"Invesco U.S. Government Money Portfolio invests primarily in U.S. government securities and repurchase agreements, aiming to provide current income consistent with capital preservation and liquidity. The fund is managed by Invesco Advisers, Inc., based in Atlanta, Georgia. It seeks to maintain a stable net asset value of $1.00 per share.",AIM Investment Secs Fds (Invesco Invt Secs Fds),NAS,ombxx,0
OPCXX,JPMorgan Liquid Assets Money Market Fund,USD,"JPMorgan Liquid Assets Money Market Fund seeks to provide current income consistent with capital preservation and liquidity by investing in high-quality, short-term money market instruments. The fund, managed by JPMorgan Investment Management Inc., aims to maintain a stable net asset value of $1.00 per share. It is designed for investors seeking a safe and liquid investment option.",JPMorgan Trust II,NAS,opcxx,0
OTCXX,JPMorgan U.S. Treasury Plus Money Market Fund,USD,"JPMorgan U.S. Treasury Plus Money Market Fund seeks to provide current income consistent with capital preservation and liquidity by investing in U.S. Treasury securities and repurchase agreements collateralized by such securities. The fund, managed by JPMorgan Investment Management Inc., invests primarily in securities backed by the full faith and credit of the U.S. government. It aims to maintain a stable net asset value of $1.00 per share.",JPMorgan Trust II,NAS,otcxx,0
PBHXX,Payden Cash Reserves Money Market Fund,USD,"Payden Cash Reserves Money Market Fund seeks to provide current income consistent with capital preservation and liquidity by investing in high-quality, short-term money market instruments. The fund is managed by Payden & Rygel, an investment management firm headquartered in Los Angeles, California. It aims to maintain a stable net asset value of $1.00 per share.",The Payden & Rygel Investment Group,NAS,pbhxx,0
PBMXX,"Prudential Government Money Market Fund, Inc.",USD,"Prudential Government Money Market Fund, Inc. seeks to provide as high a level of current income as is consistent with the preservation of capital and maintenance of liquidity by investing exclusively in U.S. government securities and repurchase agreements. The fund is managed by PGIM, the asset management business of Prudential Financial, Inc., and aims to maintain a stable net asset value. It focuses on safety and liquidity.",,NAS,pbmxx,0
PCCXX,Federated Prime Cash Obligations Fund,USD,"Federated Prime Cash Obligations Fund seeks to provide current income consistent with the preservation of capital and maintenance of liquidity by investing in a diversified portfolio of high-quality, short-term money market instruments. The fund is managed by Federated Hermes, Inc. and aims to maintain a stable net asset value of $1.00 per share. It is designed for investors seeking safety and liquidity.",Money Market Obligations Trust,NAS,pccxx,0
PCDXX,Federated Prime Cash Obligations Fund,USD,"Federated Prime Cash Obligations Fund aims to provide current income while preserving capital and maintaining liquidity by investing in high-quality, short-term money market instruments. Managed by Federated Hermes, Inc., the fund strives for a stable net asset value of $1.00 per share. It is structured for investors prioritizing safety and immediate access to their funds.",Money Market Obligations Trust,NAS,pcdxx,0
PCEXX,PACE Money Market Investments,USD,"PACE Money Market Investments seeks to provide current income consistent with the preservation of capital and liquidity by investing in a diversified portfolio of high-quality, short-term money market instruments. The fund is managed by various investment firms and aims to maintain a stable net asset value of $1.00 per share. It is designed for investors seeking safety and liquidity.",PACE Select Advisors Trust,NAS,pcexx,0
PCNXX,PNC Tax-Exempt Money Market Fund - Class A,USD,,,NAS,pcnxx,0
PCOXX,Federated Prime Cash Obligations Fund,USD,"Federated Prime Cash Obligations Fund aims to provide current income consistent with the preservation of capital and the maintenance of liquidity through investment in a diversified portfolio of high quality, short-term money market instruments. Managed by Federated Hermes, Inc., the fund maintains a stable net asset value per share. The fund's objective is to meet the needs of investors who seek a safe and liquid investment option.",Money Market Obligations Trust,NAS,pcoxx,0
PCRXX,Cash Reserve Fund - X,USD,,,NAS,pcrxx,0
PCSXX,"Principal Fds, Inc. Money Marke",USD,"Principal Fds, Inc. Money Marke is a money market fund that seeks to provide current income consistent with the preservation of capital and liquidity by investing in a diversified portfolio of high-quality, short-term money market instruments. The fund is managed by Principal Global Investors, the asset management arm of Principal Financial Group, headquartered in Des Moines, Iowa. It aims to maintain a stable net asset value of $1.00 per share.",,NAS,pcsxx,0
PCTXX,T. Rowe Price California Tax-Free Money Fund,USD,"T. Rowe Price California Tax-Free Money Fund aims to provide the highest level of income exempt from federal and California income taxes, consistent with capital preservation and liquidity, by investing primarily in municipal securities. The fund is managed by T. Rowe Price Associates, Inc., based in Baltimore, Maryland. It focuses on short-term, high-quality municipal obligations within California to maintain a stable net asset value.",T. Rowe Price California Tax-Free Income Trust,NAS,pctxx,0
PCVXX,Federated Prime Cash Obligations Fund,USD,"Federated Prime Cash Obligations Fund seeks to provide current income that is consistent with the preservation of capital and liquidity. It achieves this by investing in high-quality, short-term money market instruments. Federated Hermes, Inc. manages the fund, and its goal is to maintain a stable net asset value of $1.00 per share.",Money Market Obligations Trust,NAS,pcvxx,0
PCYXX,Cash Reserve Fund - Y,USD,,,NAS,pcyxx,0
PDDXX,Putnam Money Market Fund,USD,"Putnam Money Market Fund seeks to provide as high a level of current income as is consistent with the preservation of capital and maintenance of liquidity by investing in a diversified portfolio of high-quality, short-term money market instruments. The fund is managed by Putnam Investments, based in Boston, Massachusetts. It aims to maintain a stable net asset value of $1.00 per share.",,NAS,pddxx,0
PEIXX,AIM Treasurer's Series Trust (Invesco Treasurer's Series Trust)-Invesco Premier Tax-Exempt Portfolio,USD,,AIM Treasurer's Series Trust (Invesco Treasurer's Series Trust)-Invesco Premier Tax-Exempt Portfolio,NAS,peixx,0
PETXX,PNC Tax-Exempt Money Market Fund - Class C,USD,,,NAS,petxx,0
PFCXX,Putnam Money Market Fund,USD,"Putnam Money Market Fund seeks to provide current income consistent with stability of capital by investing in high-quality, short-term money market instruments. Putnam Investments, headquartered in Boston, Massachusetts, manages the fund.",,NAS,pfcxx,0
PGBXX,Government Money Market Fund,USD,,Putnam Investment Funds,NAS,pgbxx,0
PGDXX,Government Money Market Fund,USD,,Putnam Investment Funds,NAS,pgdxx,0
PGEXX,Government Money Market Fund,USD,,Putnam Investment Funds,NAS,pgexx,0
PGFXX,PIMCO Government Money Market Fund,USD,"PIMCO Government Money Market Fund aims to provide current income consistent with the preservation of capital and liquidity by investing in a diversified portfolio of short-term U.S. government securities. PIMCO, located in Newport Beach, California, is a global investment management firm focusing on fixed income.",PIMCO Funds,NAS,pgfxx,0
PGKXX,Government Money Market Fund,USD,,Putnam Investment Funds,NAS,pgkxx,0
PGLXX,Government Money Market Fund,USD,,Putnam Investment Funds,NAS,pglxx,0
PGOXX,PIMCO Government Money Market Fund,USD,"PIMCO Government Money Market Fund aims to provide current income consistent with the preservation of capital and liquidity by investing in a diversified portfolio of short-term U.S. government securities. PIMCO, located in Newport Beach, California, is a global investment management firm focusing on fixed income.",PIMCO Funds,NAS,pgoxx,0
PGPXX,PIMCO Government Money Market Fund,USD,"PIMCO Government Money Market Fund aims to provide current income consistent with the preservation of capital and liquidity by investing in a diversified portfolio of short-term U.S. government securities. PIMCO, located in Newport Beach, California, is a global investment management firm focusing on fixed income.",PIMCO Funds,NAS,pgpxx,0
PGRXX,Government Money Market Fund,USD,,Putnam Investment Funds,NAS,pgrxx,0
PGYXX,PIMCO Government Money Market Fund,USD,"PIMCO Government Money Market Fund aims to provide current income consistent with the preservation of capital and liquidity by investing in a diversified portfolio of short-term U.S. government securities. PIMCO, located in Newport Beach, California, is a global investment management firm focusing on fixed income.",PIMCO Funds,NAS,pgyxx,0
PIFXX,Government Portfolio,USD,,"Plan Investment Fund, Inc.",NAS,pifxx,0
PILXX,ING Institutional Prime Money Market Fund - Class I,USD,,,NAS,pilxx,0
PIMXX,Money Market Portfolio,USD,,"Plan Investment Fund, Inc.",NAS,pimxx,0
PINXX,BlackRock Money Market Portfolio,USD,"BlackRock Money Market Portfolio invests in a broad range of U.S. dollar-denominated money market instruments and seeks to maximize current income to the extent consistent with maintaining capital preservation and liquidity. BlackRock, headquartered in New York City, is a global investment management firm.",BlackRock Funds,NAS,pinxx,0
PISXX,Treasury Plus Money Market Fund,USD,,Wells Fargo Funds Trust,NAS,pisxx,0
PIVXX,Treasury Plus Money Market Fund,USD,,Wells Fargo Funds Trust,NAS,pivxx,0
PJLXX,JPMorgan Liquid Assets Money Market Fund,USD,"JPMorgan Liquid Assets Money Market Fund seeks to maximize current income to the extent consistent with the preservation of capital and maintenance of liquidity by investing in high-quality, short-term money market instruments. JPMorgan Chase & Co., headquartered in New York City, is a leading global financial services firm.",JPMorgan Trust II,NAS,pjlxx,0
PJTXX,JPMorgan U.S. Treasury Plus Money Market Fund,USD,"JPMorgan U.S. Treasury Plus Money Market Fund invests primarily in U.S. Treasury securities and repurchase agreements collateralized by U.S. Treasury securities, aiming to provide current income while preserving capital and liquidity. JPMorgan Chase & Co., headquartered in New York City, is a leading global financial services firm.",JPMorgan Trust II,NAS,pjtxx,0
PLPXX,Prudential Institutional Liquidity Portfolio Inc - Institutional Money Market Series - Class I,USD,,,NAS,plpxx,0
PLQXX,Cash Accumulation Trust - Liquid Assets Fund - Liquid Asset Fund,USD,,,NAS,plqxx,0
PMJXX,"Principal Fds, Inc. Money Marke",USD,,,NAS,pmjxx,0
PMTXX,Pioneer U.S. Government Money Market Fund,USD,"Pioneer U.S. Government Money Market Fund seeks to provide as high a level of current income as is consistent with the preservation of capital and liquidity, primarily by investing in U.S. Government securities. Amundi US, headquartered in Boston, Massachusetts, manages the fund.",Pioneer Money Market Trust,NAS,pmtxx,0
PNIXX,BlackRock Money Market Portfolio,USD,"BlackRock Money Market Portfolio invests in a broad range of U.S. dollar-denominated money market instruments and seeks to maximize current income to the extent consistent with maintaining capital preservation and liquidity. BlackRock, headquartered in New York City, is a global investment management firm.",BlackRock Funds,NAS,pnixx,0
PNPXX,BlackRock Money Market Portfolio,USD,"BlackRock Money Market Portfolio invests in a broad range of U.S. dollar-denominated money market instruments and seeks to maximize current income to the extent consistent with maintaining capital preservation and liquidity. BlackRock, headquartered in New York City, is a global investment management firm.",BlackRock Funds,NAS,pnpxx,0
PNRXX,PNC Prime Money Market Fund - Class A,USD,,,NAS,pnrxx,0
POIXX,Federated Institutional Prime Obligations Fund,USD,"Federated Institutional Prime Obligations Fund seeks current income consistent with stability of principal by investing in a diversified portfolio of high-quality, short-term money market instruments. Federated Hermes, headquartered in Pittsburgh, Pennsylvania, is a global investment manager.",Money Market Obligations Trust,NAS,poixx,0
POPXX,Federated Institutional Prime Obligations Fund,USD,"Federated Institutional Prime Obligations Fund seeks current income consistent with stability of principal by investing in a diversified portfolio of high-quality, short-term money market instruments. Federated Hermes, headquartered in Pittsburgh, Pennsylvania, is a global investment manager.",Money Market Obligations Trust,NAS,popxx,0
PRCXX,Federated Prime Cash Obligations Fund,USD,"Federated Prime Cash Obligations Fund seeks current income consistent with stability of principal by investing in a diversified portfolio of high-quality, short-term money market instruments. Federated Hermes, headquartered in Pittsburgh, Pennsylvania, is a global investment manager.",Money Market Obligations Trust,NAS,prcxx,0
PRRXX,"T. Rowe Price Government Money Fund, Inc.",USD,"T. Rowe Price Government Money Fund, Inc. seeks to provide income while maintaining liquidity and a stable share price by investing primarily in U.S. government securities. T. Rowe Price, headquartered in Baltimore, Maryland, is a global investment management firm.",,NAS,prrxx,0
PRSXX,Federated Institutional Prime Obligations Fund,USD,"Federated Institutional Prime Obligations Fund seeks current income consistent with stability of principal by investing in a diversified portfolio of high-quality, short-term money market instruments. Federated Hermes, headquartered in Pittsburgh, Pennsylvania, is a global investment manager.",Money Market Obligations Trust,NAS,prsxx,0
PRTXX,T. Rowe Price U.S. Treasury Money Fund,USD,"T. Rowe Price U.S. Treasury Money Fund seeks to provide income while maintaining liquidity and a stable share price by investing primarily in U.S. Treasury securities. T. Rowe Price, headquartered in Baltimore, Maryland, is a global investment management firm.","T. Rowe Price U.S. Treasury Funds, Inc.",NAS,prtxx,0
PRVXX,Treasury Plus Money Market Fund,USD,,Wells Fargo Funds Trust,NAS,prvxx,0
PRXXX,Pioneer U.S. Government Money Market Fund,USD,"Pioneer U.S. Government Money Market Fund seeks to provide as high a level of current income as is consistent with the preservation of capital and liquidity, primarily by investing in U.S. Government securities. Amundi US, headquartered in Boston, Massachusetts, manages the fund.",Pioneer Money Market Trust,NAS,prxxx,0
PSPXX,PNC Prime Money Market Fund - Institutional Shares,USD,,,NAS,pspxx,0
PTAXX,Federated Prime Cash Obligations Fund,USD,"Federated Prime Cash Obligations Fund seeks current income consistent with stability of principal by investing in a diversified portfolio of high-quality, short-term money market instruments. Federated Hermes, headquartered in Pittsburgh, Pennsylvania, is a global investment manager.",Money Market Obligations Trust,NAS,ptaxx,0
PTBXX,Putnam Money Market Fund,USD,"Putnam Money Market Fund seeks to provide current income consistent with stability of capital by investing in high-quality, short-term money market instruments. Putnam Investments, headquartered in Boston, Massachusetts, manages the fund.",,NAS,ptbxx,0
PTEXX,"T. Rowe Price Tax-Exempt Money Fund, Inc.",USD,"T. Rowe Price Tax-Exempt Money Fund, Inc. seeks to provide a high level of current income exempt from federal income taxes, consistent with capital preservation and liquidity, by investing in short-term municipal securities. T. Rowe Price, headquartered in Baltimore, Maryland, is a global investment management firm.","T. Rowe Price Tax-Exempt Money Fund, Inc.",NAS,ptexx,0
PTRXX,Federated Prime Cash Obligations Fund,USD,"Federated Prime Cash Obligations Fund seeks current income consistent with stability of principal by investing in a diversified portfolio of high-quality, short-term money market instruments. Federated Hermes, headquartered in Pittsburgh, Pennsylvania, is a global investment manager.",Money Market Obligations Trust,NAS,ptrxx,0
PTSXX,Federated Prime Cash Obligations Fund,USD,"Federated Prime Cash Obligations Fund seeks current income consistent with stability of principal by investing in a diversified portfolio of high-quality, short-term money market instruments. Federated Hermes, headquartered in Pittsburgh, Pennsylvania, is a global investment manager.",Money Market Obligations Trust,NAS,ptsxx,0
PTTXX,Federated Prime Cash Obligations Fund,USD,"Federated Prime Cash Obligations Fund seeks current income consistent with stability of principal by investing in a diversified portfolio of high-quality, short-term money market instruments. Federated Hermes, headquartered in Pittsburgh, Pennsylvania, is a global investment manager.",Money Market Obligations Trust,NAS,pttxx,0
PTYXX,Pioneer Tax Free Money Market Fund - Pioneer Tax Free Money Market Fund: Class Y,USD,,,NAS,ptyxx,0
PURXX,Putnam Money Market Fund,USD,"Putnam Money Market Fund seeks to provide current income consistent with stability of capital by investing in high-quality, short-term money market instruments. Putnam Investments, headquartered in Boston, Massachusetts, manages the fund.",,NAS,purxx,0
PVAXX,PNC Government Money Market Fund - Class A,USD,,,NAS,pvaxx,0
PVCXX,Federated Institutional Prime Value Obligations Fund,USD,"Federated Institutional Prime Value Obligations Fund seeks current income consistent with stability of principal by investing in a diversified portfolio of high-quality, short-term money market instruments. Federated Hermes, headquartered in Pittsburgh, Pennsylvania, is a global investment manager.",Money Market Obligations Trust,NAS,pvcxx,0
PVOXX,Federated Institutional Prime Value Obligations Fund,USD,"Federated Institutional Prime Value Obligations Fund seeks current income consistent with stability of principal by investing in a diversified portfolio of high-quality, short-term money market instruments. Federated Hermes, headquartered in Pittsburgh, Pennsylvania, is a global investment manager.",Money Market Obligations Trust,NAS,pvoxx,0
PVSXX,Federated Institutional Prime Value Obligations Fund,USD,"Federated Institutional Prime Value Obligations Fund seeks current income consistent with stability of principal by investing in a diversified portfolio of high-quality, short-term money market instruments. Federated Hermes, headquartered in Pittsburgh, Pennsylvania, is a global investment manager.",Money Market Obligations Trust,NAS,pvsxx,0
RAAXX,American Funds U.S. Government,USD,,,NAS,raaxx,0
RABXX,American Funds U.S. Government,USD,,,NAS,rabxx,0
RACXX,American Funds U.S. Government,USD,,,NAS,racxx,0
RADXX,American Funds U.S. Government,USD,,,NAS,radxx,0
RAEXX,American Funds U.S. Government,USD,,,NAS,raexx,0
RAFXX,American Funds U.S. Government,USD,,,NAS,rafxx,0
RAGXX,American Funds U.S. Government Money Market Fund,USD,"American Funds U.S. Government Money Market Fund seeks to provide current income while maintaining liquidity and a stable share price by investing in U.S. government securities. Capital Group, headquartered in Los Angeles, California, manages the fund.",,NAS,ragxx,0
RBEXX,American Funds U.S. Government Money Market Fund,USD,"American Funds U.S. Government Money Market Fund seeks to provide current income while maintaining liquidity and a stable share price by investing in U.S. government securities. Capital Group, headquartered in Los Angeles, California, manages the fund.",,NAS,rbexx,0
RCCXX,Columbia Government Money Market Fund,USD,"Columbia Government Money Market Fund seeks to provide current income consistent with the preservation of capital and liquidity by investing in U.S. government securities. Columbia Threadneedle Investments, headquartered in Boston, Massachusetts, manages the fund.",Columbia Funds Series Trust II,NAS,rccxx,0
RCOXX,Reserve Municipal Money-Market Trust Ii - Connecticut Municipal Money-Market Fund - Class R,USD,,,NAS,rcoxx,0
RCTXX,California Municipal Money-Market Fund - Class R,USD,,,NAS,rctxx,0
RFFXX,Reserve Funds /Ny/ - Primary Fund - Liquidity Class V,USD,,,NAS,rffxx,0
RFGXX,U.S. Government Fund - Class R,USD,,,NAS,rfgxx,0
RFIXX,Reserve Funds /Ny/ - Primary Fund - Class R,USD,,,NAS,rfixx,0
RFTXX,Florida Municipal Money-Market Fund - Class R,USD,,,NAS,rftxx,0
RGTXX,Fortis Government Money Market Fund - Class I Shares,USD,,,NAS,rgtxx,0
RGYXX,HSBC U.S. Government Money Market Fund,USD,"HSBC U.S. Government Money Market Fund seeks to provide current income consistent with preservation of capital and liquidity by investing primarily in U.S. government securities. HSBC, headquartered in London, is a global banking and financial services organization.",HSBC Funds,NAS,rgyxx,0
RISXX,Interstate Tax-Exempt Fund - Class R,USD,,,NAS,risxx,0
RITXX,Interstate Tax-Exempt Fund - Class Treasurer's Trust,USD,,,NAS,ritxx,0
RIXXX,Interstate Tax-Exempt Fund - Liquidity Class III,USD,,,NAS,rixxx,0
RJGXX,JPMorgan U.S. Government Money Market Fund,USD,"JPMorgan U.S. Government Money Market Fund seeks to maximize current income to the extent consistent with the preservation of capital and maintenance of liquidity by investing in U.S. government securities and repurchase agreements. JPMorgan Chase & Co., headquartered in New York City, is a leading global financial services firm.",JPMorgan Trust II,NAS,rjgxx,0
RJTXX,JPMorgan 100% U.S. Treasury Securities Money Market Fund,USD,"JPMorgan 100% U.S. Treasury Securities Money Market Fund seeks to maximize current income to the extent consistent with the preservation of capital and maintenance of liquidity by investing exclusively in U.S. Treasury securities. JPMorgan Chase & Co., headquartered in New York City, is a leading global financial services firm.",JPMorgan Trust I,NAS,rjtxx,0
RMEXX,Massachusetts Municipal Money-Market Fund - Class R,USD,,,NAS,rmexx,0
RMGXX,UBS RMA Government Money Market Fund,USD,RMA Government Money Market Fund seeks to provide current income consistent with the preservation of capital and maintenance of liquidity by investing in a portfolio of U.S. government securities. The fund is managed by experts in fixed-income investments.,Ubs Money Series,NAS,rmgxx,0
RMIXX,Michigan Municipal Money-Market Fund - Class R,USD,,,NAS,rmixx,0
RNJXX,New Jersey Municipal Money-Market Fund - Class R,USD,,,NAS,rnjxx,0
RPFXX,Reserve Funds /Ny/ - Primary Fund - Class Institutional,USD,,,NAS,rpfxx,0
RPGXX,Davis Government Money Market Fund,USD,"Davis Government Money Market Fund seeks to provide as high a level of current income as is consistent with preservation of capital and maintenance of liquidity by investing in U.S. government securities. Davis Advisors, headquartered in New York, manages the fund.","Davis Series, Inc.",NAS,rpgxx,0
RPIXX,Reserve Funds /Ny/ - Primary Fund - Liquidity Class I,USD,,,NAS,rpixx,0
RPRXX,Reserve Funds /Ny/ - Primary Fund - Class Treasurer's Trust,USD,,,NAS,rprxx,0
RPTXX,Pennsylvania Municipal Money-Market Fund - Class R,USD,,,NAS,rptxx,0
RPVXX,Reserve Funds /Ny/ - Primary Fund - Liquidity Class III,USD,,,NAS,rpvxx,0
RRTXX,Allspring Treasury Plus Money Market Fund - Roberts & Ryan Class,USD,,,NAS,rrtxx,0
RSFXX,Reserve Funds /Ny/ - Primary Fund - Investor Class II,USD,,,NAS,rsfxx,0
RTEXX,New York Municipal Money-Market Fund - Class R,USD,,,NAS,rtexx,0
RTJXX,JPMorgan Tax Free Money Market Fund,USD,"JPMorgan Tax Free Money Market Fund seeks to provide current income exempt from federal income taxes, consistent with preservation of capital and maintenance of liquidity, by investing in municipal securities. JPMorgan Chase & Co., headquartered in New York City, is a leading global financial services firm.",JPMorgan Trust I,NAS,rtjxx,0
RTMXX,Fortis Treasury Money Market Fund - Class I Shares,USD,,,NAS,rtmxx,0
RTTXX,Fortis Money Market Fund - Class I Shares,USD,,,NAS,rttxx,0
RTYXX,U.S. Treasury Fund - Class Treasurer's Trust,USD,,,NAS,rtyxx,0
RUTXX,U.S. Treasury Fund - Class R,USD,,,NAS,rutxx,0
RVAXX,Virginia Municipal Money-Market Fund - Class R,USD,,,NAS,rvaxx,0
RVFXX,U.S. Government Fund - Liquidity Class V,USD,,,NAS,rvfxx,0
RVRXX,Columbia Money Market Fund,USD,"Columbia Money Market Fund seeks to provide current income consistent with the preservation of capital and liquidity by investing in a diversified portfolio of short-term money market instruments. Columbia Threadneedle Investments, headquartered in Boston, Massachusetts, manages the fund.",Columbia Funds Series Trust II,NAS,rvrxx,0
RVTXX,U.S. Government Fund - Treasurer's Trust,USD,,,NAS,rvtxx,0
RVUXX,U.S. Government Fund - Liquidity Class III,USD,,,NAS,rvuxx,0
RXTXX,Fortis Tax-Exempt Money Market Fund - Class I Shares,USD,,,NAS,rxtxx,0
RYFXX,U.S. Government Money Market Fund,USD,U.S. Government Money Market Fund aims to provide current income while maintaining liquidity and stability of principal by investing in U.S. government securities. The fund is managed to offer safety and convenience for short-term cash management needs.,Rydex Series Funds,NAS,ryfxx,0
SAEXX,State Street Institutional Treasury Plus Money Market,USD,"State Street Institutional Treasury Plus Money Market invests in U.S. Treasury securities and repurchase agreements backed by such securities, seeking to provide current income consistent with capital preservation and liquidity for institutional investors. State Street Corporation, headquartered in Boston, Massachusetts, is a leading provider of financial services to institutional investors.",State Street Institutional Investment Trust,NAS,saexx,0
SAHXX,State Street Institutional U.S. Government Money Market Fund,USD,"State Street Institutional U.S. Government Money Market Fund seeks to provide current income consistent with capital preservation and liquidity by investing in a portfolio of U.S. government securities for institutional investors. State Street Corporation, headquartered in Boston, Massachusetts, is a leading provider of financial services to institutional investors.",,NAS,sahxx,0
SAJXX,State Street Institutional Treasury Plus Money Market,USD,"State Street Institutional Treasury Plus Money Market invests in U.S. Treasury securities and repurchase agreements backed by such securities, seeking to provide current income consistent with capital preservation and liquidity for institutional investors. State Street Corporation, headquartered in Boston, Massachusetts, is a leading provider of financial services to institutional investors.",State Street Institutional Investment Trust,NAS,sajxx,0
SALXX,State Street U.S. Government Money Market Portfolio,USD,"State Street U.S. Government Money Market Portfolio invests in a diversified portfolio of short-term U.S. government securities, aiming to provide current income while maintaining liquidity and preserving capital. State Street Corporation, headquartered in Boston, Massachusetts, is a leading provider of financial services to institutional investors.",State Street Master Funds,NAS,salxx,0
SAMXX,State Street U.S. Government Money Market Portfolio,USD,"State Street U.S. Government Money Market Portfolio invests in a diversified portfolio of short-term U.S. government securities, aiming to provide current income while maintaining liquidity and preserving capital. State Street Corporation, headquartered in Boston, Massachusetts, is a leading provider of financial services to institutional investors.",State Street Master Funds,NAS,samxx,0
SATXX,RidgeWorth U.S. Treasury Money Market Fund - A Shares,USD,,,NAS,satxx,0
SCFXX,Security Cash Fund,USD,,,NAS,scfxx,0
SCIXX,DWS Tax-Exempt Portfolio,USD,,Cash Account Trust,NAS,scixx,0
SCNXX,Invesco STIC Prime Portfolio,USD,"Invesco STIC Prime Portfolio seeks to provide current income consistent with capital preservation and liquidity by investing in a diversified portfolio of high-quality, short-term money market instruments. Invesco, headquartered in Atlanta, Georgia, is a global investment management firm.",Short-Term Investment Trust,NAS,scnxx,0
SCPXX,Treasury II Fund,USD,,SEI Daily Income Trust,NAS,scpxx,0
SCYXX,Western Asset Money Market Fund - Class I,USD,,,NAS,scyxx,0
SEGXX,UBS Select Government Preferred Fund,USD,,UBS Series Funds,NAS,segxx,0
SEIXX,UBS Select ESG Prime Investor Fund,USD,,,NAS,seixx,0
SELXX,UBS (Cay) Select Prime Institutional Fund Ltd.,USD,,,NAS,selxx,0
SEOXX,Government Fund,USD,,SEI Daily Income Trust,NAS,seoxx,0
SETXX,UBS (Cayman) Select Treasury Institutional Fund,USD,,,NAS,setxx,0
SFPXX,UBS Select Tax-Free Preferred Fund,USD,,UBS Select Tax-Free Preferred Fund,NAS,sfpxx,0
SFRXX,UBS Select Tax-Free Investor Fund,USD,,UBS Select Tax-Free Investor Fund,NAS,sfrxx,0
SGEXX,UBS Select Government Preferred Fund,USD,,UBS Series Funds,NAS,sgexx,0
SGIXX,ESG Prime Institutional Fund,USD,,UBS Series Funds,NAS,sgixx,0
SGPXX,UBS Select Government Preferred Fund,USD,,UBS Series Funds,NAS,sgpxx,0
SHIXX,Heritage Money Market Fund,USD,,Wells Fargo Funds Trust,NAS,shixx,0
SHMXX,Heritage Money Market Fund,USD,,Wells Fargo Funds Trust,NAS,shmxx,0
SJGXX,JPMorgan U.S. Government Money Market Fund,USD,"JPMorgan U.S. Government Money Market Fund seeks to maximize current income to the extent consistent with the preservation of capital and maintenance of liquidity by investing in U.S. government securities and repurchase agreements. JPMorgan Chase & Co., headquartered in New York City, is a leading global financial services firm.",JPMorgan Trust II,NAS,sjgxx,0
SJMXX,JPMorgan Municipal Money Market Fund,USD,"JPMorgan Municipal Money Market Fund seeks to provide current income exempt from federal income taxes, consistent with the preservation of capital and maintenance of liquidity, by investing in short-term municipal obligations. JPMorgan Chase & Co., headquartered in New York City, is a leading global financial services firm.",JPMorgan Trust II,NAS,sjmxx,0
SMAXX,SunAmerica Money Market Fund,USD,"SunAmerica Money Market Fund seeks to provide current income consistent with the preservation of capital and liquidity by investing in high-quality, short-term money market instruments. Corebridge Financial, headquartered in Houston, Texas, manages the fund.","SunAmerica Money Market Funds, Inc.",NAS,smaxx,0
SMCXX,Columbia Government Money Market Fund,USD,"Columbia Government Money Market Fund seeks to provide current income consistent with the preservation of capital and liquidity by investing in U.S. government securities. Columbia Threadneedle Investments, headquartered in Boston, Massachusetts, manages the fund.",Columbia Funds Series Trust II,NAS,smcxx,0
SNAXX,Schwab Value Advantage Money Fund,USD,"Schwab Value Advantage Money Fund seeks to provide a high level of current income consistent with maintaining liquidity and preserving capital by investing in a diversified portfolio of short-term money market instruments. Charles Schwab Corporation, headquartered in San Francisco, California, is a leading provider of financial services.",The Charles Schwab Family of Funds,NAS,snaxx,0
SNBKZ.SW,SNB INDI KASSAZ 10J,CHF,,,EBS,snbkz sw,0
SNOXX,Schwab Treasury Obligations Money Fund,USD,"Schwab Treasury Obligations Money Fund seeks to provide as high a level of current income as is consistent with maintaining liquidity and preserving capital by investing exclusively in U.S. Treasury obligations. Charles Schwab Corporation, headquartered in San Francisco, California, is a leading provider of financial services.",Charles Schwab Family of Funds,NAS,snoxx,0
SNRXX,Retirment Government Money Fund,USD,,Schwab Charles Family Funds,NAS,snrxx,0
SNSXX,Schwab U.S. Treasury Money Fund,USD,"Schwab U.S. Treasury Money Fund seeks to provide as high a level of current income as is consistent with maintaining liquidity and preserving capital by investing in U.S. Treasury securities. Charles Schwab Corporation, headquartered in San Francisco, California, is a leading provider of financial services.",The Charles Schwab Family of Funds,NAS,snsxx,0
SNVXX,Government Money Fund,USD,,Schwab Charles Family Funds,NAS,snvxx,0
SOND.SW,SNB SONDERSATZ,CHF,,,EBS,sond sw,0
SPAXX,Fidelity Government Money Market Fund,USD,"Fidelity Government Money Market Fund seeks to obtain as high a level of current income as is consistent with the preservation of capital and liquidity by investing in U.S. government securities and repurchase agreements. Fidelity Investments, headquartered in Boston, Massachusetts, is a leading provider of financial services.",Fidelity Hereford Street Trust,NAS,spaxx,0
SPEXX,Invesco STIC Prime Portfolio,USD,"Invesco STIC Prime Portfolio seeks to provide current income consistent with capital preservation and liquidity by investing in a diversified portfolio of high-quality, short-term money market instruments. Invesco, headquartered in Atlanta, Georgia, is a global investment management firm.",Short-Term Investment Trust,NAS,spexx,0
SPIXX,UBS Select Prime Investor Fund,USD,,,NAS,spixx,0
SPPXX,"UBS (Cay) Select Prime Preferred Fund, Ltd.",USD,,,NAS,sppxx,0
SPRXX,Fidelity Money Market Fund,USD,"Fidelity Money Market Fund seeks to obtain as high a level of current income as is consistent with the preservation of capital and liquidity by investing in a diversified portfolio of short-term money market instruments. Fidelity Investments, headquartered in Boston, Massachusetts, is a leading provider of financial services.",Fidelity Hereford Street Trust,NAS,sprxx,0
SPSXX,Invesco STIC Prime Portfolio,USD,"Invesco STIC Prime Portfolio seeks to provide current income consistent with capital preservation and liquidity by investing in a diversified portfolio of high-quality, short-term money market instruments. Invesco, headquartered in Atlanta, Georgia, is a global investment management firm.",Short-Term Investment Trust,NAS,spsxx,0
SPVXX,Invesco STIC Prime Portfolio,USD,"Invesco STIC Prime Portfolio seeks to provide current income consistent with capital preservation and liquidity by investing in a diversified portfolio of high-quality, short-term money market instruments. Invesco, headquartered in Atlanta, Georgia, is a global investment management firm.",Short-Term Investment Trust,NAS,spvxx,0
SQFXX,RidgeWorth Prime Quality Money Market Fund - C Shares,USD,,,NAS,sqfxx,0
SQIXX,RidgeWorth Prime Quality Money Market Fund - A Shares,USD,,,NAS,sqixx,3
SQTXX,RidgeWorth Prime Quality Money Market Fund - I Shares,USD,,,NAS,sqtxx,0
SRIXX,Invesco STIC Prime Portfolio,USD,"Invesco STIC Prime Portfolio seeks to provide current income consistent with capital preservation and liquidity by investing in a diversified portfolio of high-quality, short-term money market instruments. Invesco, headquartered in Atlanta, Georgia, is a global investment management firm.",Short-Term Investment Trust,NAS,srixx,0
SRMXX,SM&R Money Market Fund,USD,,,NAS,srmxx,0
SRSXX,Invesco STIC Prime Portfolio,USD,"Invesco STIC Prime Portfolio seeks to provide current income consistent with capital preservation and liquidity by investing in a diversified portfolio of high-quality, short-term money market instruments. Invesco, headquartered in Atlanta, Georgia, is a global investment management firm.",Short-Term Investment Trust,NAS,srsxx,0
SSCXX,Invesco STIC Prime Portfolio,USD,"Invesco STIC Prime Portfolio seeks to provide current income consistent with capital preservation and liquidity by investing in a diversified portfolio of high-quality, short-term money market instruments. Invesco, headquartered in Atlanta, Georgia, is a global investment management firm.",Short-Term Investment Trust,NAS,sscxx,0
SSHXX,State Street Institutional Liquid Reserves Fund,USD,"State Street Institutional Liquid Reserves Fund is a money market fund managed by State Street, aiming to provide investors with a high level of current income consistent with the preservation of capital and liquidity through investments in high-quality, short-term money market instruments. State Street, headquartered in Boston, MA, is a leading provider of financial services to institutional investors.",,NAS,sshxx,0
SSIXX,State Street Institutional Liquid Reserves Fund,USD,"State Street Institutional Liquid Reserves Fund is a money market fund managed by State Street, aiming to provide investors with a high level of current income consistent with the preservation of capital and liquidity through investments in high-quality, short-term money market instruments. State Street, headquartered in Boston, MA, is a leading provider of financial services to institutional investors.",,NAS,ssixx,0
SSJXX,State Street Institutional Investment Trust- Treasury Money Market Fund,USD,"State Street Institutional Investment Trust- Treasury Money Market Fund is a money market fund managed by State Street, focusing on investments in U.S. Treasury securities to provide a high level of current income while preserving capital and liquidity. State Street, headquartered in Boston, MA, is a prominent financial services firm serving institutional clients.",State Street Institutional Investment Trust- Treasury Money Market Fund,NAS,ssjxx,0
SSKXX,State Street Institutional Tax Free Money Market Fund,USD,"State Street Institutional Tax Free Money Market Fund seeks to provide investors with federally tax-exempt current income to the extent consistent with the preservation of capital and maintenance of liquidity through investments in short-term municipal securities. The fund is managed by State Street, a large financial institution headquartered in Boston, Massachusetts.",State Street Institutional Investment Trust,NAS,sskxx,0
SSNXX,State Street Institutional Tax Free Money Market Fund,USD,"State Street Institutional Tax Free Money Market Fund seeks to provide investors with federally tax-exempt current income to the extent consistent with the preservation of capital and maintenance of liquidity through investments in short-term municipal securities. The fund is managed by State Street, a large financial institution headquartered in Boston, Massachusetts.",State Street Institutional Investment Trust,NAS,ssnxx,0
SSOXX,State Street U.S. Government Money Market Portfolio,USD,"State Street U.S. Government Money Market Portfolio is a money market fund managed by State Street that invests primarily in securities issued or guaranteed by the U.S. government or its agencies to provide current income while maintaining liquidity and capital preservation. State Street, headquartered in Boston, MA, provides a range of financial services to institutional investors globally.",State Street Master Funds,NAS,ssoxx,0
SSPXX,ESG Prime Preferred Fund,USD,"ESG Prime Preferred Fund is a money market fund focused on environmental, social, and governance (ESG) factors, seeking to provide current income consistent with capital preservation and liquidity through investments in high-quality, short-term securities that meet certain ESG criteria. Its specific headquarters and detailed operations require further research.",UBS Series Funds,NAS,sspxx,0
SSQXX,State Street Institutional Treasury Plus Money Market,USD,"State Street Institutional Treasury Plus Money Market is a money market fund managed by State Street that invests in U.S. Treasury securities and repurchase agreements backed by such securities, aiming to provide a high level of current income while preserving capital and liquidity. State Street, headquartered in Boston, MA, provides a range of financial services to institutional investors.",State Street Institutional Investment Trust,NAS,ssqxx,0
SSVXX,State Street Institutional Liquid Reserves Fund,USD,"State Street Institutional Liquid Reserves Fund is a money market fund managed by State Street, aiming to provide investors with a high level of current income consistent with the preservation of capital and liquidity through investments in high-quality, short-term money market instruments. State Street, headquartered in Boston, MA, is a leading provider of financial services to institutional investors.",,NAS,ssvxx,0
SSYXX,State Street Institutional Liquid Reserves Fund,USD,"State Street Institutional Liquid Reserves Fund is a money market fund managed by State Street, aiming to provide investors with a high level of current income consistent with the preservation of capital and liquidity through investments in high-quality, short-term money market instruments. State Street, headquartered in Boston, MA, is a leading provider of financial services to institutional investors.",,NAS,ssyxx,0
SSZXX,State Street Institutional Liquid Reserves Fund,USD,"State Street Institutional Liquid Reserves Fund is a money market fund managed by State Street, aiming to provide investors with a high level of current income consistent with the preservation of capital and liquidity through investments in high-quality, short-term money market instruments. State Street, headquartered in Boston, MA, is a leading provider of financial services to institutional investors.",,NAS,sszxx,0
STFXX,UBS Select Tax-Free Institutional Fund,USD,"UBS Select Tax-Free Institutional Fund is a money market fund managed by UBS, focusing on providing federally tax-exempt income while preserving capital and liquidity through investments in short-term municipal securities. UBS is a global financial services firm headquartered in Zurich and Basel, Switzerland, offering wealth management, investment banking, and asset management services.",UBS Select Tax-Free Institutional Fund,NAS,stfxx,0
STGXX,Money Market Fund,USD,Money Market Fund EMPTY,Wells Fargo Funds Trust,NAS,stgxx,0
STLXX,Munder Series Trust Liquidity Money Market Fund,USD,"Munder Series Trust Liquidity Money Market Fund is a money market fund designed to provide current income consistent with capital preservation and liquidity through investments in high-quality, short-term debt securities. It is part of the Munder Series Trust, offering investors access to money market investment strategies.",,NAS,stlxx,0
STPXX,UBS Select Treasury Preferred Fund,USD,"UBS Select Treasury Preferred Fund is a money market fund managed by UBS that invests primarily in U.S. Treasury securities, aiming to provide current income while preserving capital and maintaining liquidity. UBS is a global financial services firm headquartered in Zurich and Basel, Switzerland, offering wealth management, investment banking, and asset management services.",UBS Money Series,NAS,stpxx,0
STRXX,UBS Select Treasury Investor Fund,USD,"UBS Select Treasury Investor Fund is a money market fund managed by UBS that invests primarily in U.S. Treasury securities, aiming to provide current income while preserving capital and maintaining liquidity. UBS is a global financial services firm headquartered in Zurich and Basel, Switzerland, offering wealth management, investment banking, and asset management services.",,NAS,strxx,0
STTXX,RidgeWorth Tax-Exempt Money Market Fund - I Shares,USD,,,NAS,sttxx,0
STUXX,RidgeWorth U.S. Government Securities Money Market Fund - I Shares,USD,,,NAS,stuxx,0
SUBXX,Sentinel Government Money Market Fund - Class B,USD,,,NAS,subxx,0
SUIXX,RidgeWorth U.S. Government Securities Money Market Fund - A Shares,USD,,,NAS,suixx,0
SVUXX,Schwab Variable Share Price Money Fund,USD,"Schwab Variable Share Price Money Fund is a money market fund offered by Charles Schwab, seeking to provide a high level of current income consistent with preserving capital and maintaining liquidity, primarily investing in short-term, high-quality money market instruments. Charles Schwab is a major financial services firm headquartered in Westlake, Texas, providing brokerage, banking, and investment advisory services.",The Charles Schwab Family Of Funds,NAS,svuxx,0
SWGXX,Government Money Fund,USD,Government Money Fund EMPTY,Schwab Charles Family Funds,NAS,swgxx,0
SWKXX,Schwab California Municipal Money Fund,USD,"Schwab California Municipal Money Fund is a money market fund offered by Charles Schwab, focused on providing California investors with federally tax-exempt income while preserving capital and maintaining liquidity through investments in short-term California municipal securities. Charles Schwab is a major financial services firm headquartered in Westlake, Texas, providing brokerage, banking, and investment advisory services.",The Charles Schwab Family of Funds,NAS,swkxx,0
SWOXX,Schwab Municipal Money Fund,USD,"Schwab Municipal Money Fund is a money market fund offered by Charles Schwab, focused on providing investors with federally tax-exempt income while preserving capital and maintaining liquidity through investments in short-term municipal securities. Charles Schwab is a major financial services firm headquartered in Westlake, Texas, providing brokerage, banking, and investment advisory services.",The Charles Schwab Family of Funds,NAS,swoxx,0
SWTXX,Schwab Municipal Money Fund,USD,"Schwab Municipal Money Fund is a money market fund offered by Charles Schwab, focused on providing investors with federally tax-exempt income while preserving capital and maintaining liquidity through investments in short-term municipal securities. Charles Schwab is a major financial services firm headquartered in Westlake, Texas, providing brokerage, banking, and investment advisory services.",The Charles Schwab Family of Funds,NAS,swtxx,0
SWVXX,Schwab Value Advantage Money Fund,USD,"Schwab Value Advantage Money Fund is a money market fund offered by Charles Schwab, aiming to provide a high level of current income consistent with preserving capital and maintaining liquidity through investments in a diversified portfolio of short-term money market instruments. Charles Schwab is a major financial services firm headquartered in Westlake, Texas, providing brokerage, banking, and investment advisory services.",The Charles Schwab Family of Funds,NAS,swvxx,0
SWWXX,Schwab AMT Tax-Free Money Fund,USD,"Schwab AMT Tax-Free Money Fund is a money market fund offered by Charles Schwab that seeks to provide current income exempt from federal income tax and the alternative minimum tax (AMT) while preserving capital and maintaining liquidity through investment in municipal securities. Charles Schwab is a major financial services firm headquartered in Westlake, Texas, providing brokerage, banking, and investment advisory services.",The Charles Schwab Family of Funds,NAS,swwxx,0
SWYXX,Schwab New York Municipal Money Fund,USD,"Schwab New York Municipal Money Fund is a money market fund offered by Charles Schwab, focused on providing New York investors with federally and state tax-exempt income while preserving capital and maintaining liquidity through investments in short-term New York municipal securities. Charles Schwab is a major financial services firm headquartered in Westlake, Texas, providing brokerage, banking, and investment advisory services.",The Charles Schwab Family of Funds,NAS,swyxx,0
TACXX,Invesco Treasury Obligations Portfolio,USD,"Invesco Treasury Obligations Portfolio is a money market fund managed by Invesco, focusing on investments in U.S. Treasury securities to provide current income while preserving capital and maintaining liquidity. Invesco is a global investment management firm headquartered in Atlanta, Georgia, offering a wide range of investment solutions to institutions and individuals.",Short-Term Investment Trust,NAS,tacxx,0
TAQXX,State Street Institutional Investment Trust -Treasury Obligations Money Market Fund,USD,"State Street Institutional Investment Trust -Treasury Obligations Money Market Fund is a money market fund managed by State Street, investing in obligations issued or guaranteed by the U.S. Treasury, seeking to provide current income while preserving capital and maintaining liquidity. State Street, headquartered in Boston, MA, is a prominent financial services firm serving institutional clients.",State Street Institutional Investment Trust -Treasury Obligations Money Market Fund,NAS,taqxx,0
TBIXX,Federated Tax-Free Obligations Fund,USD,"Federated Tax-Free Obligations Fund seeks to provide investors with current income exempt from federal income taxes, consistent with stability of principal, through investments in short-term municipal obligations. Federated Hermes, located in Pittsburgh, PA, is a diversified global investment manager providing various investment products and services.",Money Market Obligations Trust,NAS,tbixx,0
TBSXX,Federated Tax-Free Obligations Fund,USD,"Federated Tax-Free Obligations Fund seeks to provide investors with current income exempt from federal income taxes, consistent with stability of principal, through investments in short-term municipal obligations. Federated Hermes, located in Pittsburgh, PA, is a diversified global investment manager providing various investment products and services.",Money Market Obligations Trust,NAS,tbsxx,0
TBVXX,Federated Tax-Free Obligations Fund,USD,"Federated Tax-Free Obligations Fund seeks to provide investors with current income exempt from federal income taxes, consistent with stability of principal, through investments in short-term municipal obligations. Federated Hermes, located in Pittsburgh, PA, is a diversified global investment manager providing various investment products and services.",Money Market Obligations Trust,NAS,tbvxx,0
TCBXX,T. Rowe Price California Tax-Free Money Fund,USD,"T. Rowe Price California Tax-Free Money Fund is a money market fund managed by T. Rowe Price, focusing on providing California investors with federally and state tax-exempt income while preserving capital and maintaining liquidity through investments in short-term California municipal securities. T. Rowe Price is a global investment management firm headquartered in Baltimore, Maryland.",T. Rowe Price California Tax-Free Income Trust,NAS,tcbxx,0
TCDXX,TempCash,USD,TempCash EMPTY,BlackRock Liquidity Funds,NAS,tcdxx,0
TCGXX,Government II Fund,USD,Government II Fund EMPTY,SEI Daily Income Trust,NAS,tcgxx,0
TCIXX,TIAA-CREF Money Market Fund,USD,"TIAA-CREF Money Market Fund is a money market fund managed by TIAA, aiming to provide current income consistent with capital preservation and liquidity through investments in high-quality, short-term money market instruments. TIAA is a financial services organization headquartered in New York City, serving the financial needs of those in the academic, research, medical, cultural, and governmental fields.",TIAA-CREF Funds,NAS,tcixx,0
TCPXX,Prime Obligation Fund,USD,Prime Obligation Fund EMPTY,SEI Daily Income Trust,NAS,tcpxx,0
TCRXX,Premium Money Market Fund,USD,Premium Money Market Fund EMPTY,American Century Investment Trust,NAS,tcrxx,0
TCSXX,Federated Trust for U.S. Treasury Obligations,USD,"Federated Trust for U.S. Treasury Obligations is a money market fund managed by Federated Hermes, focusing on investments in U.S. Treasury securities and repurchase agreements collateralized by such securities, aiming to provide current income while preserving capital and maintaining liquidity. Federated Hermes, located in Pittsburgh, PA, is a diversified global investment manager.",Money Market Obligations Trust,NAS,tcsxx,0
TDDXX,FedFund,USD,FedFund EMPTY,BlackRock Liquidity Funds,NAS,tddxx,0
TDOXX,TempFund,USD,TempFund EMPTY,BlackRock Liquidity Funds,NAS,tdoxx,0
TERXX,"T. Rowe Price Tax-Exempt Money Fund, Inc.",USD,"T. Rowe Price Tax-Exempt Money Fund, Inc. is a money market fund managed by T. Rowe Price, focusing on providing investors with federally tax-exempt income while preserving capital and maintaining liquidity through investments in short-term municipal securities. T. Rowe Price is a global investment management firm headquartered in Baltimore, Maryland.","T. Rowe Price Tax-Exempt Money Fund, Inc.",NAS,terxx,0
TFCXX,Bear Stearns Premier Choice Fund,USD,Bear Stearns Premier Choice Fund EMPTY,BlackRock Liquidity Funds,NAS,tfcxx,0
TFDXX,FedFund,USD,FedFund EMPTY,BlackRock Liquidity Funds,NAS,tfdxx,0
TFEXX,T-Fund,USD,T-Fund EMPTY,BlackRock Liquidity Funds,NAS,tfexx,0
TFFXX,Federal Trust Fund,USD,Federal Trust Fund EMPTY,BlackRock Liquidity Funds,NAS,tffxx,0
TFOXX,Invesco Tax-Free Cash Reserve Portfolio,USD,"Invesco Tax-Free Cash Reserve Portfolio is a money market fund managed by Invesco, focused on providing investors with federally tax-exempt income while preserving capital and maintaining liquidity through investments in short-term municipal securities. Invesco is a global investment management firm headquartered in Atlanta, Georgia.",Short-Term Investment Trust,NAS,tfoxx,0
TFPXX,Invesco Tax-Free Cash Reserve Portfolio,USD,"Invesco Tax-Free Cash Reserve Portfolio is a money market fund managed by Invesco, focused on providing investors with federally tax-exempt income while preserving capital and maintaining liquidity through investments in short-term municipal securities. Invesco is a global investment management firm headquartered in Atlanta, Georgia.",Short-Term Investment Trust,NAS,tfpxx,0
TFRXX,Florida Tax-Free Money Market Fund,USD,,,NAS,tfrxx,0
TIEXX,TIAA-CREF Money Market Fund,USD,"TIAA-CREF Money Market Fund is a money market fund managed by TIAA, aiming to provide current income consistent with capital preservation and liquidity through investments in high-quality, short-term money market instruments. TIAA is a financial services organization headquartered in New York City, serving the financial needs of those in the academic, research, medical, cultural, and governmental fields.",TIAA-CREF Funds,NAS,tiexx,0
TILXX,International Liquid Reserves Fund,USD,International Liquid Reserves Fund EMPTY,State Street Institutional Investment Trust,NAS,tilxx,0
TIMXX,U.S. Government Money Market Fund,USD,U.S. Government Money Market Fund EMPTY,RBC Funds Trust,NAS,timxx,0
TIPXX,Tamarack Institutional Prime Money Market Fund,USD,"Tamarack Institutional Prime Money Market Fund is a money market fund that seeks to provide current income consistent with preserving capital and maintaining liquidity by investing in high-quality, short-term money market instruments. Specific details about Tamarack's headquarters and operations require further investigation.",Tamarack Funds Trust,NAS,tipxx,0
TIRXX,TIAA-CREF Money Market Fund,USD,"TIAA-CREF Money Market Fund is a money market fund managed by TIAA, aiming to provide current income consistent with capital preservation and liquidity through investments in high-quality, short-term money market instruments. TIAA is a financial services organization headquartered in New York City, serving the financial needs of those in the academic, research, medical, cultural, and governmental fields.",TIAA-CREF Funds,NAS,tirxx,0
TISXX,Federated Hermes U.S. Treasury Cash Reserves,USD,"Federated Hermes U.S. Treasury Cash Reserves is a money market fund managed by Federated Hermes, focusing on investments in U.S. Treasury securities and repurchase agreements collateralized by such securities, aiming to provide current income while preserving capital and maintaining liquidity. Federated Hermes, located in Pittsburgh, PA, is a diversified global investment manager.",Money Market Obligations Trust,NAS,tisxx,0
TITXX,RBC Institutional Tax-Free Money Market Fund,USD,"RBC Institutional Tax-Free Money Market Fund is a money market fund managed by RBC Global Asset Management (U.S.) Inc., seeking to provide current income exempt from federal income tax consistent with capital preservation and liquidity, primarily investing in short-term municipal obligations. RBC Global Asset Management is a subsidiary of Royal Bank of Canada, a diversified financial services company.",RBC Funds Trust,NAS,titxx,0
TMCXX,TempCash,USD,TempCash EMPTY,BlackRock Liquidity Funds,NAS,tmcxx,0
TMDXX,T. Rowe Price Maryland Tax-Free Money Fund,USD,"T. Rowe Price Maryland Tax-Free Money Fund is a money market fund managed by T. Rowe Price, focusing on providing Maryland investors with federally and state tax-exempt income while preserving capital and maintaining liquidity through investments in short-term Maryland municipal securities. T. Rowe Price is a global investment management firm headquartered in Baltimore, Maryland.",T. Rowe Price State Tax-Free Income Trust,NAS,tmdxx,0
TMHXX,Money Market Fund,USD,Money Market Fund EMPTY,TIAA-CREF Life Funds,NAS,tmhxx,0
TMPXX,TempFund,USD,TempFund EMPTY,BlackRock Liquidity Funds,NAS,tmpxx,0
TOAXX,Federated Treasury Obligations Fund,USD,"Federated Treasury Obligations Fund is a money market fund managed by Federated Hermes, focusing on investments in U.S. Treasury securities and repurchase agreements collateralized by such securities, aiming to provide current income while preserving capital and maintaining liquidity. Federated Hermes, located in Pittsburgh, PA, is a diversified global investment manager.",Money Market Obligations Trust,NAS,toaxx,0
TOCXX,Federated Treasury Obligations Fund,USD,"Federated Treasury Obligations Fund is a money market fund managed by Federated Hermes, focusing on investments in U.S. Treasury securities and repurchase agreements collateralized by such securities, aiming to provide current income while preserving capital and maintaining liquidity. Federated Hermes, located in Pittsburgh, PA, is a diversified global investment manager.",Money Market Obligations Trust,NAS,tocxx,0
TOIXX,Federated Treasury Obligations Fund,USD,"Federated Treasury Obligations Fund is a money market fund managed by Federated Hermes, focusing on investments in U.S. Treasury securities and repurchase agreements collateralized by such securities, aiming to provide current income while preserving capital and maintaining liquidity. Federated Hermes, located in Pittsburgh, PA, is a diversified global investment manager.",Money Market Obligations Trust,NAS,toixx,0
TOSXX,Federated Treasury Obligations Fund,USD,"Federated Treasury Obligations Fund is a money market fund managed by Federated Hermes, focusing on investments in U.S. Treasury securities and repurchase agreements collateralized by such securities, aiming to provide current income while preserving capital and maintaining liquidity. Federated Hermes, located in Pittsburgh, PA, is a diversified global investment manager.",Money Market Obligations Trust,NAS,tosxx,0
TOTXX,Federated Treasury Obligations Fund,USD,"Federated Treasury Obligations Fund is a money market fund managed by Federated Hermes, focusing on investments in U.S. Treasury securities and repurchase agreements collateralized by such securities, aiming to provide current income while preserving capital and maintaining liquidity. Federated Hermes, located in Pittsburgh, PA, is a diversified global investment manager.",Money Market Obligations Trust,NAS,totxx,0
TPFXX,Invesco Treasury Portfolio,USD,"Invesco Treasury Portfolio is a money market fund managed by Invesco, focusing on investments in U.S. Treasury securities to provide current income while preserving capital and maintaining liquidity. Invesco is a global investment management firm headquartered in Atlanta, Georgia, offering a wide range of investment solutions to institutions and individuals.",Short-Term Investment Trust,NAS,tpfxx,0
TPIXX,State Street Institutional Treasury Plus Money Market,USD,"State Street Institutional Treasury Plus Money Market is a money market fund managed by State Street that invests in U.S. Treasury securities and repurchase agreements backed by such securities, aiming to provide a high level of current income while preserving capital and liquidity. State Street, headquartered in Boston, MA, provides a range of financial services to institutional investors.",State Street Institutional Investment Trust,NAS,tpixx,0
TPLXX,International Treasure Plus Money Market Fund,USD,International Treasure Plus Money Market Fund EMPTY,State Street Institutional Investment Trust,NAS,tplxx,0
TPPXX,TIAA-CREF Money Market Fund,USD,"TIAA-CREF Money Market Fund is a money market fund managed by TIAA, aiming to provide current income consistent with capital preservation and liquidity through investments in high-quality, short-term money market instruments. TIAA is a financial services organization headquartered in New York City, serving the financial needs of those in the academic, research, medical, cultural, and governmental fields.",TIAA-CREF Funds,NAS,tppxx,0
TPTXX,Treasury Trust Fund,USD,Treasury Trust Fund EMPTY,BlackRock Liquidity Funds,NAS,tptxx,0
TPVXX,State Street Institutional Treasury Plus Money Market,USD,"State Street Institutional Treasury Plus Money Market is a money market fund managed by State Street that invests in U.S. Treasury securities and repurchase agreements backed by such securities, aiming to provide a high level of current income while preserving capital and liquidity. State Street, headquartered in Boston, MA, provides a range of financial services to institutional investors.",State Street Institutional Investment Trust,NAS,tpvxx,0
TRCXX,Invesco Tax-Free Cash Reserve Portfolio,USD,"Invesco Tax-Free Cash Reserve Portfolio is a money market fund managed by Invesco, focused on providing investors with federally tax-exempt income while preserving capital and maintaining liquidity through investments in short-term municipal securities. Invesco is a global investment management firm headquartered in Atlanta, Georgia.",Short-Term Investment Trust,NAS,trcxx,0
TRGXX,T. Rowe Price U.S. Treasury Money Fund,USD,"T. Rowe Price U.S. Treasury Money Fund is a money market fund managed by T. Rowe Price, investing primarily in U.S. Treasury securities to provide current income while preserving capital and maintaining liquidity. T. Rowe Price is a global investment management firm headquartered in Baltimore, Maryland.","T. Rowe Price U.S. Treasury Funds, Inc.",NAS,trgxx,0
TRIXX,Treasury Fund,USD,Treasury Fund EMPTY,State Street Institutional Investment Trust,NAS,trixx,0
TRNXX,T. Rowe Price New York Tax-Free Money Fund,USD,"T. Rowe Price New York Tax-Free Money Fund is a money market fund managed by T. Rowe Price, focusing on providing New York investors with federally and state tax-exempt income while preserving capital and maintaining liquidity through investments in short-term New York municipal securities. T. Rowe Price is a global investment management firm headquartered in Baltimore, Maryland.",T. Rowe Price State Tax-Free Income Trust,NAS,trnxx,0
TRPXX,Invesco Treasury Portfolio,USD,"Invesco Treasury Portfolio is a money market fund managed by Invesco, focusing on investments in U.S. Treasury securities to provide current income while preserving capital and maintaining liquidity. Invesco is a global investment management firm headquartered in Atlanta, Georgia, offering a wide range of investment solutions to institutions and individuals.",Short-Term Investment Trust,NAS,trpxx,0
TRRXX,INVESCO TREASURY-RESOURCE,USD,,,NAS,trrxx,0
TRVXX,Treasury Fund,USD,Treasury Fund EMPTY,State Street Institutional Investment Trust,NAS,trvxx,0
TRZXX,T. Rowe Price U.S. Treasury Money Fund,USD,"T. Rowe Price U.S. Treasury Money Fund is a money market fund managed by T. Rowe Price, investing primarily in U.S. Treasury securities to provide current income while preserving capital and maintaining liquidity. T. Rowe Price is a global investment management firm headquartered in Baltimore, Maryland.","T. Rowe Price U.S. Treasury Funds, Inc.",NAS,trzxx,0
TSCXX,T. Rowe Price Summit Cash Reserves Fund,USD,"T. Rowe Price Summit Cash Reserves Fund is a money market fund managed by T. Rowe Price aiming to provide current income consistent with capital preservation and liquidity, investing in high-quality, short-term money market instruments. T. Rowe Price is a global investment management firm headquartered in Baltimore, Maryland.","T. Rowe Price Summit Funds, Inc.",NAS,tscxx,0
TSDXX,Federal Trust Fund,USD,Federal Trust Fund EMPTY,BlackRock Liquidity Funds,NAS,tsdxx,0
TSLXX,Treasury Trust Fund,USD,Treasury Trust Fund EMPTY,BlackRock Liquidity Funds,NAS,tslxx,0
TSPXX,Invesco Treasury Obligations Portfolio,USD,"Invesco Treasury Obligations Portfolio is a money market fund managed by Invesco, focusing on investments in U.S. Treasury securities to provide current income while preserving capital and maintaining liquidity. Invesco is a global investment management firm headquartered in Atlanta, Georgia, offering a wide range of investment solutions to institutions and individuals.",Short-Term Investment Trust,NAS,tspxx,0
TSTXX,T-Fund,USD,T-Fund EMPTY,BlackRock Liquidity Funds,NAS,tstxx,0
TTAXX,Pioneer Tax Free Money Market Fund - Pioneer Tax Free Money Market Fund: Class A,USD,,,NAS,ttaxx,0
TTDXX,Treasury Trust Fund,USD,Treasury Trust Fund EMPTY,BlackRock Liquidity Funds,NAS,ttdxx,0
TTGXX,Government Money Fund,USD,Government Money Fund EMPTY,T Rowe Price Government Money Funds Inc,NAS,ttgxx,0
TTIXX,Federated Trust for U.S. Treasury Obligations,USD,"Federated Trust for U.S. Treasury Obligations is a money market fund managed by Federated Hermes, focusing on investments in U.S. Treasury securities and repurchase agreements collateralized by such securities, aiming to provide current income while preserving capital and maintaining liquidity. Federated Hermes, located in Pittsburgh, PA, is a diversified global investment manager.",Money Market Obligations Trust,NAS,ttixx,0
TTOXX,Federated Trust for U.S. Treasury Obligations,USD,"Federated Trust for U.S. Treasury Obligations is a money market fund managed by Federated Hermes, focusing on investments in U.S. Treasury securities and repurchase agreements collateralized by such securities, aiming to provide current income while preserving capital and maintaining liquidity. Federated Hermes, located in Pittsburgh, PA, is a diversified global investment manager.",Money Market Obligations Trust,NAS,ttoxx,0
TTTXX,Treasury Trust Fund,USD,Treasury Trust Fund EMPTY,BlackRock Liquidity Funds,NAS,tttxx,0
TUGXX,U.S. Government Money Market Fund,USD,U.S. Government Money Market Fund EMPTY,RBC Funds Trust,NAS,tugxx,0
TUIXX,U.S. Government Money Market Fund,USD,U.S. Government Money Market Fund EMPTY,RBC Funds Trust,NAS,tuixx,0
TWNXX,T. Rowe Price Maryland Tax-Free Money Fund,USD,"T. Rowe Price Maryland Tax-Free Money Fund is a money market fund managed by T. Rowe Price, focusing on providing Maryland investors with federally and state tax-exempt income while preserving capital and maintaining liquidity through investments in short-term Maryland municipal securities. T. Rowe Price is a global investment management firm headquartered in Baltimore, Maryland.",T. Rowe Price State Tax-Free Income Trust,NAS,twnxx,0
TXMXX,DWS Tax-Exempt Portfolio,USD,"DWS Tax-Exempt Portfolio is a money market fund managed by DWS Investment Management Americas, Inc., seeking to provide current income exempt from federal income tax consistent with capital preservation and liquidity through investments in short-term municipal obligations. DWS Group GmbH & Co. KGaA is a global asset management firm headquartered in Frankfurt, Germany.",Cash Account Trust,NAS,txmxx,0
TXPXX,Invesco Treasury Obligations Portfolio,USD,"Invesco Treasury Obligations Portfolio is a money market fund managed by Invesco, focusing on investments in U.S. Treasury securities to provide current income while preserving capital and maintaining liquidity. Invesco is a global investment management firm headquartered in Atlanta, Georgia, offering a wide range of investment solutions to institutions and individuals.",Short-Term Investment Trust,NAS,txpxx,0
TYCXX,Invesco Treasury Portfolio,USD,"Invesco Treasury Portfolio is a money market fund managed by Invesco, focusing on investments in U.S. Treasury securities to provide current income while preserving capital and maintaining liquidity. Invesco is a global investment management firm headquartered in Atlanta, Georgia, offering a wide range of investment solutions to institutions and individuals.",Short-Term Investment Trust,NAS,tycxx,0
UCMXX,Utendahl Institutional Money Market Fund - Institutional Shares,USD,,,NAS,ucmxx,1
UMFXX,Scout Money Market Fund - Federal Portfolio,USD,,,NAS,umfxx,0
UMPXX,Scout Money Market Fund - Prime Portfolio,USD,,,NAS,umpxx,0
UMRXAU.SW,GOLD1UZCHF,CHF,GOLD1UZCHF EMPTY,,EBS,umrxau sw,0
UMTXX,Scout Tax-Free Money Market Fund,USD,,,NAS,umtxx,0
UPIXX,UBS Select Prime Investor Fund,USD,"UBS Select Prime Investor Fund is a money market fund managed by UBS, aiming to provide current income consistent with capital preservation and liquidity through investments in high-quality, short-term money market instruments. UBS is a global financial services firm headquartered in Zurich and Basel, Switzerland, offering wealth management, investment banking, and asset management services.",,NAS,upixx,0
UPPXX,UBS Select Prime Preferred Fund,USD,"UBS Select Prime Preferred Fund is a money market fund managed by UBS, aiming to provide current income consistent with capital preservation and liquidity through investments in high-quality, short-term money market instruments. UBS is a global financial services firm headquartered in Zurich and Basel, Switzerland, offering wealth management, investment banking, and asset management services.",,NAS,uppxx,0
UPRXX,Prime Reserve Fund,USD,Prime Reserve Fund EMPTY,Ubs Money Series,NAS,uprxx,0
USEXX,USAA Tax Exempt Money Market Fund,USD,"USAA Tax Exempt Money Market Fund is a money market fund managed by USAA Investment Management Company, seeking to provide investors with current income exempt from federal income tax consistent with preservation of capital and liquidity through investments in short-term municipal securities. USAA, headquartered in San Antonio, Texas, is a diversified financial services group serving members of the U.S. military and their families.",USAA Mutual Funds Trust,NAS,usexx,0
USGXX,American Freedom U.S. Government Money Market Fund,USD,"American Freedom U.S. Government Money Market Fund is a money market fund that invests primarily in securities issued or guaranteed by the U.S. government or its agencies, seeking to provide current income while maintaining liquidity and capital preservation. Further information on the specific management company and headquarters is needed.",,NAS,usgxx,0
UTIXX,Federated Hermes U.S. Treasury Cash Reserves,USD,"Federated Hermes U.S. Treasury Cash Reserves is a money market fund managed by Federated Hermes, focusing on investments in U.S. Treasury securities and repurchase agreements collateralized by such securities, aiming to provide current income while preserving capital and maintaining liquidity. Federated Hermes, located in Pittsburgh, PA, is a diversified global investment manager.",Money Market Obligations Trust,NAS,utixx,0
UTSXX,The United States Treasury Trust,USD,The United States Treasury Trust EMPTY,Shelton Funds,NAS,utsxx,0
VAMXX,Vantagepoint Money Market Fund,USD,,,NAS,vamxx,0
VCAXX,JPMorgan California Municipal Money Market Fund,USD,"JPMorgan California Municipal Money Market Fund is a money market fund managed by JPMorgan Chase & Co., focusing on providing California investors with federally and state tax-exempt income while preserving capital and maintaining liquidity through investments in short-term California municipal securities. JPMorgan Chase & Co. is a global financial services firm headquartered in New York City.",JPMorgan Trust I,NAS,vcaxx,0
VCIXX,Government Money Market I Fund,USD,Government Money Market I Fund EMPTY,VALIC Company I,NAS,vcixx,0
VETXX,Goldman Sachs Financial Square Government Fund,USD,"The Goldman Sachs Financial Square Government Fund is a money market fund that seeks to provide current income while preserving capital and liquidity by investing in a portfolio of U.S. government securities. It primarily invests in securities issued or guaranteed by the U.S. government, its agencies, or instrumentalities, and repurchase agreements collateralized by such securities. The fund is managed by Goldman Sachs Asset Management and is designed for investors seeking a safe and liquid investment option.",Goldman Sachs Trust,NAS,vetxx,0
VFIXX,JPMorgan Federal Money Market Fund,USD,"The JPMorgan Federal Money Market Fund is a money market fund managed by JPMorgan Chase & Co. that seeks to maximize current income to the extent consistent with the preservation of capital and maintenance of liquidity by investing in a diversified portfolio of U.S. dollar-denominated money market instruments. The fund invests primarily in U.S. government securities, repurchase agreements, and other high-quality, short-term debt obligations. It is designed for investors seeking a liquid and low-risk investment option.",JPMorgan Trust I,NAS,vfixx,0
VFPXX,JPMorgan Federal Money Market Fund,USD,,JPMorgan Trust I,NAS,vfpxx,0
VFVXX,JPMorgan Federal Money Market Fund,USD,,JPMorgan Trust I,NAS,vfvxx,0
VHPXX,JPMorgan 100% U.S. Treasury Securities Money Market Fund,USD,"The JPMorgan 100% U.S. Treasury Securities Money Market Fund seeks to provide current income consistent with the preservation of capital and liquidity by investing exclusively in securities issued or guaranteed by the U.S. Treasury. The fund's portfolio consists entirely of U.S. Treasury bills, notes, and other obligations, ensuring the highest credit quality. JPMorgan Chase & Co. manages the fund, aiming to provide a safe and liquid investment option for investors seeking minimal credit risk.",JPMorgan Trust I,NAS,vhpxx,0
VIIXX,Money Market II Fund,USD,,VALIC Company II,NAS,viixx,0
VMIXX,JPMorgan Prime Money Market Fund,USD,,JPMorgan Trust I,NAS,vmixx,0
VMVXX,JPMorgan Prime Money Market Fund,USD,,JPMorgan Trust I,NAS,vmvxx,0
VNEXX,New York Daily Tax Free Income Fund Inc - Victory Class of Shares,USD,,,NAS,vnexx,0
VNYXX,JPMorgan New York Municipal Money Market Fund,USD,"The JPMorgan New York Municipal Money Market Fund is a money market fund that invests primarily in short-term municipal obligations of New York State and its political subdivisions. It seeks to provide current income exempt from federal, New York State, and New York City income taxes, consistent with the preservation of capital and liquidity. JPMorgan Chase & Co. manages the fund for New York residents seeking tax-advantaged income.",JPMorgan Trust I,NAS,vnyxx,0
VPIXX,JPMorgan 100% U.S. Treasury Securities Money Market Fund,USD,"The JPMorgan 100% U.S. Treasury Securities Money Market Fund is a money market fund that invests solely in securities issued or guaranteed by the U.S. Treasury. Its objective is to provide current income consistent with preserving capital and maintaining liquidity, using only the safest type of securities. JPMorgan Chase & Co. manages this fund.",JPMorgan Trust I,NAS,vpixx,0
VPMXX,JPMorgan Prime Money Market Fund,USD,,JPMorgan Trust I,NAS,vpmxx,0
VSLXX,JPMorgan Securities Lending Money Market Fund,USD,,JPMorgan Trust IV,NAS,vslxx,0
VTIXX,JPMorgan Tax Free Money Market Fund,USD,"The JPMorgan Tax Free Money Market Fund is a money market mutual fund that invests in municipal securities, seeking to provide investors with federally tax-exempt income while preserving capital and liquidity. The fund typically invests in short-term municipal bonds and notes issued by state and local governments and authorities. JPMorgan Chase & Co. manages this fund, aiming to provide a tax-advantaged investment option for investors.",JPMorgan Trust I,NAS,vtixx,0
VTMXX,JPMorgan Tax Free Money Market Fund,USD,,JPMorgan Trust I,NAS,vtmxx,0
VTNXX,Goldman Sachs Financial Square Prime Obligations Fund,USD,,Goldman Sachs Trust,NAS,vtnxx,0
VXPXX,JPMorgan Tax Free Money Market Fund,USD,,JPMorgan Trust I,NAS,vxpxx,0
VYAXX,"Government Money Market Fund, Series II",USD,,Voya Funds Trust,NAS,vyaxx,0
VYBXX,"Government Money Market Fund, Series II",USD,,Voya Funds Trust,NAS,vybxx,0
VYCXX,"Government Money Market Fund, Series II",USD,,Voya Funds Trust,NAS,vycxx,0
VYGXX,"Government Money Market Fund, Series II",USD,,Voya Funds Trust,NAS,vygxx,0
WCGXX,U.S. Government Select Portfolio,USD,,Northern Institutional Funds,NAS,wcgxx,0
WEOXX,Weiss Treasury Only Money Market Fund,USD,,,NAS,weoxx,0
WFAXX,Cash Investment Money Market Fund,USD,,Wells Fargo Funds Trust,NAS,wfaxx,0
WFFXX,Government Money Market Fund,USD,,Wells Fargo Funds Trust,NAS,wffxx,0
WFGXX,Government Money Market Fund,USD,,Wells Fargo Funds Trust,NAS,wfgxx,0
WFIXX,Cash Investment Money Market Fund,USD,,Wells Fargo Funds Trust,NAS,wfixx,0
WFJXX,Heritage Money Market Fund,USD,,Wells Fargo Funds Trust,NAS,wfjxx,0
WFNXX,National Tax-Free Money Market Fund,USD,,Wells Fargo Funds Trust,NAS,wfnxx,0
WFQXX,Cash Investment Money Market Fund,USD,,Wells Fargo Funds Trust,NAS,wfqxx,0
WFTXX,100% Treasury Money Market Fund,USD,,Wells Fargo Funds Trust,NAS,wftxx,0
WGAXX,Government Money Market Fund,USD,,Wells Fargo Funds Trust,NAS,wgaxx,0
WHTXX,Heritage Money Market Fund,USD,,Wells Fargo Funds Trust,NAS,whtxx,0
WMOXX,Money Market Fund,USD,,Wells Fargo Funds Trust,NAS,wmoxx,0
WMPXX,Money Market Fund,USD,,Wells Fargo Funds Trust,NAS,wmpxx,0
WNTXX,National Tax-Free Money Market Fund,USD,,Wells Fargo Funds Trust,NAS,wntxx,0
WOTXX,100% Treasury Money Market Fund,USD,,Wells Fargo Funds Trust,NAS,wotxx,0
WRAXX,Ivy Government Money Market Fund,USD,,Ivy Funds,NAS,wraxx,0
WRBXX,Ivy Government Money Market Fun,USD,,,NAS,wrbxx,0
WRCXX,Ivy Government Money Market Fund,USD,,Ivy Funds,NAS,wrcxx,0
WRNXX,Ivy Government Money Market Fund,USD,Ivy Government Money Market Fund (WRNXX) seeks to provide stability and liquidity by investing primarily in U.S. government securities and repurchase agreements backed by such securities. The fund aims to preserve capital while offering competitive yields for short-term investors.,Ivy Funds,NAS,wrnxx,0
WTLXX,Treasury Plus Money Market Fund,USD,"Treasury Plus Money Market Fund (WTLXX & WTPXX) invests in U.S. Treasury securities and repurchase agreements collateralized by them, offering a highly liquid and low-risk investment option. It is designed for investors seeking capital preservation and daily liquidity with exposure to Treasury-backed instruments.",Wells Fargo Funds Trust,NAS,wtlxx,0
WTPXX,Treasury Plus Money Market Fund,USD,"Treasury Plus Money Market Fund (WTLXX & WTPXX) invests in U.S. Treasury securities and repurchase agreements collateralized by them, offering a highly liquid and low-risk investment option. It is designed for investors seeking capital preservation and daily liquidity with exposure to Treasury-backed instruments.",Wells Fargo Funds Trust,NAS,wtpxx,0
WTRXX,100% Treasury Money Market Fund,USD,"100% Treasury Money Market Fund (WTRXX) exclusively holds U.S. Treasury securities, ensuring maximum credit quality and liquidity. This fund is ideal for risk-averse investors looking for a safe haven with government-backed instruments.",Wells Fargo Funds Trust,NAS,wtrxx,0
WUCXX,Municipal Cash Management Money Market Fund,USD,"Municipal Cash Management Money Market Fund (WUCXX) focuses on high-quality, tax-exempt municipal securities to provide liquidity and competitive yields. The fund is suited for investors seeking short-term cash management solutions with potential tax advantages.",Wells Fargo Advantage Money Market Funds,NAS,wucxx,0
