Name EN,Name CN,combined_text,cleaned_text,Cluster,Distance_to_Centroid
[BIOS] Nintendo 64 - PIF (Brazil),,[BIOS] Nintendo 64 - PIF (Brazil) ,bios nintendo pif brazil,7,1.0030620162575112
[BIOS] Nintendo 64 - PIF (Europe),,[BIOS] Nintendo 64 - PIF (Europe) ,bios nintendo pif europe,1,0.9921212785430602
"[BIOS] Nintendo 64 - PIF (Japan, USA)",,"[BIOS] Nintendo 64 - PIF (Japan, USA) ",bios nintendo pif japan usa,7,0.9836031995531135
"007 - The World Is Not Enough (Europe) (En,Fr,De)",007-明日帝国,"007 - The World Is Not Enough (Europe) (En,Fr,De) 007-明日帝国",world enough europe enfrde 明日帝国,1,0.9729382810852332
007 - The World Is Not Enough (USA),007-明日帝国,007 - The World Is Not Enough (USA) 007-明日帝国,world enough usa 明日帝国,4,0.9804326418528954
007 - The World Is Not Enough (USA) (v21) (Beta),007-明日帝国,007 - The World Is Not Enough (USA) (v21) (Beta) 007-明日帝国,world enough usa v beta 明日帝国,5,0.9821999784756468
007 - The World Is Not Enough (USA) (v2) (Beta),007-明日帝国,007 - The World Is Not Enough (USA) (v2) (Beta) 007-明日帝国,world enough usa v beta 明日帝国,5,0.9821999784756468
"1080 Snowboarding (Europe) (En,Ja,Fr,De)",1080度滑雪,"1080 Snowboarding (Europe) (En,Ja,Fr,De) 1080度滑雪",snowboarding europe enjafrde 度滑雪,1,0.9917080176267349
"1080 Snowboarding (Japan, USA) (En,Ja)",1080度滑雪,"1080 Snowboarding (Japan, USA) (En,Ja) 1080度滑雪",snowboarding japan usa enja 度滑雪,7,0.9870114939252586
"1080 Snowboarding (USA) (En,Ja) (LodgeNet)",1080度滑雪,"1080 Snowboarding (USA) (En,Ja) (LodgeNet) 1080度滑雪",snowboarding usa enja lodgenet 度滑雪,5,0.9905750912996019
3D Model RGB Test Program (USA) (Test Program),,3D Model RGB Test Program (USA) (Test Program) ,model rgb test program usa test program,5,0.9986606198101625
40 Winks (USA) (Proto) (2000-01-10),精灵大救援,40 Winks (USA) (Proto) (2000-01-10) 精灵大救援,winks usa proto 精灵大救援,5,0.9860969813010313
"40 Winks (Europe) (En,Es,It) (Proto) (1999-10-07)",精灵大救援,"40 Winks (Europe) (En,Es,It) (Proto) (1999-10-07) 精灵大救援",winks europe enesit proto 精灵大救援,1,0.9904959412834043
64 de Hakken!! Tamagotchi - Minna de Tamagotchi World (Japan),64电子宠物世界,64 de Hakken!! Tamagotchi - Minna de Tamagotchi World (Japan) 64电子宠物世界,de hakken tamagotchi minna de tamagotchi world japan 电子宠物世界,4,0.9979429122434368
64 Hanafuda - Tenshi no Yakusoku (Japan),64花札-天使的约束,64 Hanafuda - Tenshi no Yakusoku (Japan) 64花札-天使的约束,hanafuda tenshi yakusoku japan 花札天使的约束,7,0.9916338335822531
64 Oozumou (Japan),64大相扑,64 Oozumou (Japan) 64大相扑,oozumou japan 大相扑,7,0.978761084297285
64 Oozumou 2 (Japan),64大相扑2,64 Oozumou 2 (Japan) 64大相扑2,oozumou japan 大相扑,7,0.978761084297285
64 Trump Collection - Alice no Wakuwaku Trump World (Japan),64扑克集锦,64 Trump Collection - Alice no Wakuwaku Trump World (Japan) 64扑克集锦,trump collection alice wakuwaku trump world japan 扑克集锦,4,0.9960956327488094
64GB Checker (Japan) (v1.05) (Test Program),,64GB Checker (Japan) (v1.05) (Test Program) ,gb checker japan v test program,7,0.9865629763494647
77a (World) (Presence of Mind '98) (Unl),,77a (World) (Presence of Mind '98) (Unl) ,world presence mind unl,4,0.9478998457645635
77a Special Edition (World) (Summer64) (Unl),,77a Special Edition (World) (Summer64) (Unl) ,special edition world summer unl,4,0.9715472479770457
Action Replay Pro 64 (Europe) (v3.0) (Unl),ActionReplayPro64,Action Replay Pro 64 (Europe) (v3.0) (Unl) ActionReplayPro64,action replay pro europe v unl actionreplaypro,1,0.9881674115715153
Action Replay Pro 64 (Europe) (v3.3) (Unl),ActionReplayPro64,Action Replay Pro 64 (Europe) (v3.3) (Unl) ActionReplayPro64,action replay pro europe v unl actionreplaypro,1,0.9881674115715153
"AeroFighters Assault (Europe) (En,Fr,De)",音速战机-突击,"AeroFighters Assault (Europe) (En,Fr,De) 音速战机-突击",aerofighters assault europe enfrde 音速战机突击,1,0.9737984358387288
AeroFighters Assault (USA),音速战机-突击,AeroFighters Assault (USA) 音速战机-突击,aerofighters assault usa 音速战机突击,5,0.9943735693576821
"AeroGauge (Europe) (En,Fr,De)",磁浮轨道车,"AeroGauge (Europe) (En,Fr,De) 磁浮轨道车",aerogauge europe enfrde 磁浮轨道车,1,0.96857276754629
AeroGauge (Japan) (Demo) (Kiosk),磁浮轨道车,AeroGauge (Japan) (Demo) (Kiosk) 磁浮轨道车,aerogauge japan demo kiosk 磁浮轨道车,7,0.9894249274924488
AeroGauge (Japan) (Rev 1),磁浮轨道车,AeroGauge (Japan) (Rev 1) 磁浮轨道车,aerogauge japan rev 磁浮轨道车,9,0.9720769493349339
AeroGauge (USA),磁浮轨道车,AeroGauge (USA) 磁浮轨道车,aerogauge usa 磁浮轨道车,5,0.9935082086581433
AI Shougi 3 (Japan),AI将棋3,AI Shougi 3 (Japan) AI将棋3,ai shougi japan ai将棋,7,0.9858508921693492
Aidyn Chronicles - The First Mage (Europe),爱丁编年史-首席魔法师,Aidyn Chronicles - The First Mage (Europe) 爱丁编年史-首席魔法师,aidyn chronicles first mage europe 爱丁编年史首席魔法师,1,0.9878404552349419
Aidyn Chronicles - The First Mage (USA),爱丁编年史-首席魔法师,Aidyn Chronicles - The First Mage (USA) 爱丁编年史-首席魔法师,aidyn chronicles first mage usa 爱丁编年史首席魔法师,5,0.991015116002635
Aidyn Chronicles - The First Mage (USA) (Rev 1),爱丁编年史-首席魔法师,Aidyn Chronicles - The First Mage (USA) (Rev 1) 爱丁编年史-首席魔法师,aidyn chronicles first mage usa rev 爱丁编年史首席魔法师,9,0.9740991831119507
Aidyn Chronicles - The First Mage (USA) (Beta) (2000-02-10),爱丁编年史-首席魔法师,Aidyn Chronicles - The First Mage (USA) (Beta) (2000-02-10) 爱丁编年史-首席魔法师,aidyn chronicles first mage usa beta 爱丁编年史首席魔法师,5,0.981566762617904
Aidyn Chronicles - The First Mage (USA) (Beta) (2000-05-09),爱丁编年史-首席魔法师,Aidyn Chronicles - The First Mage (USA) (Beta) (2000-05-09) 爱丁编年史-首席魔法师,aidyn chronicles first mage usa beta 爱丁编年史首席魔法师,5,0.981566762617904
Aidyn Chronicles - The First Mage (USA) (Beta) (2000-12-05),爱丁编年史-首席魔法师,Aidyn Chronicles - The First Mage (USA) (Beta) (2000-12-05) 爱丁编年史-首席魔法师,aidyn chronicles first mage usa beta 爱丁编年史首席魔法师,5,0.981566762617904
Aidyn Chronicles - The First Mage (Europe) (Beta) (2001-03-02),爱丁编年史-首席魔法师,Aidyn Chronicles - The First Mage (Europe) (Beta) (2001-03-02) 爱丁编年史-首席魔法师,aidyn chronicles first mage europe beta 爱丁编年史首席魔法师,1,0.982723193263871
Aidyn Chronicles - The First Mage (Europe) (Beta) (2001-04-10),爱丁编年史-首席魔法师,Aidyn Chronicles - The First Mage (Europe) (Beta) (2001-04-10) 爱丁编年史-首席魔法师,aidyn chronicles first mage europe beta 爱丁编年史首席魔法师,1,0.982723193263871
Air Boarder 64 (Japan),疾风滑板64,Air Boarder 64 (Japan) 疾风滑板64,air boarder japan 疾风滑板,7,0.9888558460242056
Airboarder 64 (Europe),疾风滑板64,Airboarder 64 (Europe) 疾风滑板64,airboarder europe 疾风滑板,1,0.9898197850246552
Akumajou Dracula Mokushiroku - Real Action Adventure (Japan),恶魔城默示录,Akumajou Dracula Mokushiroku - Real Action Adventure (Japan) 恶魔城默示录,akumajou dracula mokushiroku real action adventure japan 恶魔城默示录,7,0.9927077345562798
Akumajou Dracula Mokushiroku Gaiden - Legend of Cornell (Japan),恶魔城默示录外传,Akumajou Dracula Mokushiroku Gaiden - Legend of Cornell (Japan) 恶魔城默示录外传,akumajou dracula mokushiroku gaiden legend cornell japan 恶魔城默示录外传,7,0.9931081715484656
"All Star Tennis '99 (Europe) (En,Fr,De,Es,It)",全明星网球'99,"All Star Tennis '99 (Europe) (En,Fr,De,Es,It) 全明星网球'99",star tennis europe enfrdeesit 全明星网球,4,0.9703380655000551
All Star Tennis 99 (USA),全明星网球'99,All Star Tennis 99 (USA) 全明星网球'99,star tennis usa 全明星网球,5,0.9910416568762818
All-Star Baseball 2000 (Europe),全明星棒球2000,All-Star Baseball 2000 (Europe) 全明星棒球2000,allstar baseball europe 全明星棒球,1,0.9872472652375318
All-Star Baseball 2000 (USA),全明星棒球2000,All-Star Baseball 2000 (USA) 全明星棒球2000,allstar baseball usa 全明星棒球,5,0.9897632016155629
All-Star Baseball 2001 (USA),全明星棒球2001,All-Star Baseball 2001 (USA) 全明星棒球2001,allstar baseball usa 全明星棒球,5,0.9897632016155629
All-Star Baseball 99 (Europe),全明星棒球'99,All-Star Baseball 99 (Europe) 全明星棒球'99,allstar baseball europe 全明星棒球,1,0.9872472652375318
All-Star Baseball 99 (USA),全明星棒球'99,All-Star Baseball 99 (USA) 全明星棒球'99,allstar baseball usa 全明星棒球,5,0.9897632016155629
Armorines - Project S.W.A.R.M. (Europe),装甲兵器-S.W.A.R.M.计划,Armorines - Project S.W.A.R.M. (Europe) 装甲兵器-S.W.A.R.M.计划,armorines project swarm europe 装甲兵器swarm计划,1,0.9946567166129932
Armorines - Project S.W.A.R.M. (Germany),装甲兵器-S.W.A.R.M.计划,Armorines - Project S.W.A.R.M. (Germany) 装甲兵器-S.W.A.R.M.计划,armorines project swarm germany 装甲兵器swarm计划,5,1.0009809604259639
Armorines - Project S.W.A.R.M. (USA),装甲兵器-S.W.A.R.M.计划,Armorines - Project S.W.A.R.M. (USA) 装甲兵器-S.W.A.R.M.计划,armorines project swarm usa 装甲兵器swarm计划,5,0.9953092766373732
Army Men - Air Combat (USA),玩具兵大战-空中打击,Army Men - Air Combat (USA) 玩具兵大战-空中打击,army men air combat usa 玩具兵大战空中打击,5,0.9968562986475872
"Army Men - Sarge's Heroes (Europe) (En,Fr,De)",玩具兵大战-萨基英雄,"Army Men - Sarge's Heroes (Europe) (En,Fr,De) 玩具兵大战-萨基英雄",army men sarges heroes europe enfrde 玩具兵大战萨基英雄,1,0.980233044812464
Army Men - Sarge's Heroes (USA),玩具兵大战-萨基英雄,Army Men - Sarge's Heroes (USA) 玩具兵大战-萨基英雄,army men sarges heroes usa 玩具兵大战萨基英雄,5,0.994043003489864
Army Men - Sarge's Heroes 2 (USA),玩具兵大战-萨基英雄2,Army Men - Sarge's Heroes 2 (USA) 玩具兵大战-萨基英雄2,army men sarges heroes usa 玩具兵大战萨基英雄,5,0.994043003489864
Asteroids Hyper 64 (USA),游星大战64,Asteroids Hyper 64 (USA) 游星大战64,asteroids hyper usa 游星大战,5,0.9961283536105429
Ataxx 64 (World) (Unl),,Ataxx 64 (World) (Unl) ,ataxx world unl,4,0.951335031839098
Automobili Lamborghini (Europe),兰博基尼赛车,Automobili Lamborghini (Europe) 兰博基尼赛车,automobili lamborghini europe 兰博基尼赛车,1,0.992916447018889
Automobili Lamborghini (USA),兰博基尼赛车,Automobili Lamborghini (USA) 兰博基尼赛车,automobili lamborghini usa 兰博基尼赛车,5,0.9959002007366848
Baku Bomberman (Japan),爆-炸弹人,Baku Bomberman (Japan) 爆-炸弹人,baku bomberman japan 爆炸弹人,7,0.9773919209391564
Baku Bomberman 2 (Japan),爆-炸弹人2,Baku Bomberman 2 (Japan) 爆-炸弹人2,baku bomberman japan 爆炸弹人,7,0.9773919209391564
Bakuretsu Muteki Bangaioh (Japan),爆裂无敌,Bakuretsu Muteki Bangaioh (Japan) 爆裂无敌,bakuretsu muteki bangaioh japan 爆裂无敌,7,0.9916338335822531
Bakushou Jinsei 64 - Mezase! Resort Ou (Japan),爆笑人生64,Bakushou Jinsei 64 - Mezase! Resort Ou (Japan) 爆笑人生64,bakushou jinsei mezase resort ou japan 爆笑人生,7,0.993930960506431
Banjo to Kazooie no Daibouken (Japan),班卓熊大冒险,Banjo to Kazooie no Daibouken (Japan) 班卓熊大冒险,banjo kazooie daibouken japan 班卓熊大冒险,7,0.9852651300783598
Banjo to Kazooie no Daibouken 2 (Japan),班卓熊大冒险2,Banjo to Kazooie no Daibouken 2 (Japan) 班卓熊大冒险2,banjo kazooie daibouken japan 班卓熊大冒险,7,0.9852651300783598
"Banjo-Kazooie (Europe) (En,Fr,De)",班卓熊大冒险,"Banjo-Kazooie (Europe) (En,Fr,De) 班卓熊大冒险",banjokazooie europe enfrde 班卓熊大冒险,1,0.9675648378368368
Banjo-Kazooie (USA),班卓熊大冒险,Banjo-Kazooie (USA) 班卓熊大冒险,banjokazooie usa 班卓熊大冒险,5,0.9914971349038897
Banjo-Kazooie (USA) (Rev 1),班卓熊大冒险,Banjo-Kazooie (USA) (Rev 1) 班卓熊大冒险,banjokazooie usa rev 班卓熊大冒险,9,0.9547663724239973
Banjo-Tooie (Australia),班卓熊大冒险2,Banjo-Tooie (Australia) 班卓熊大冒险2,banjotooie australia 班卓熊大冒险,5,1.0028477564414788
"Banjo-Tooie (Europe) (En,Fr,De,Es)",班卓熊大冒险2,"Banjo-Tooie (Europe) (En,Fr,De,Es) 班卓熊大冒险2",banjotooie europe enfrdees 班卓熊大冒险,1,0.9823332342942429
Banjo-Tooie (USA),班卓熊大冒险2,Banjo-Tooie (USA) 班卓熊大冒险2,banjotooie usa 班卓熊大冒险,5,0.9911856269883355
Bass Rush - ECOGEAR PowerWorm Championship (Japan),巴斯快速钓鱼,Bass Rush - ECOGEAR PowerWorm Championship (Japan) 巴斯快速钓鱼,bass rush ecogear powerworm championship japan 巴斯快速钓鱼,7,0.9926552209672309
Bassmasters 2000 (USA),巴斯鲈钓大师2000,Bassmasters 2000 (USA) 巴斯鲈钓大师2000,bassmasters usa 巴斯鲈钓大师,5,0.9921709010907961
Bassmasters 2000 (USA) (Beta),巴斯鲈钓大师2000,Bassmasters 2000 (USA) (Beta) 巴斯鲈钓大师2000,bassmasters usa beta 巴斯鲈钓大师,5,0.9811520931326758
Batman Beyond - Return of the Joker (USA),未来蝙蝠侠-小丑的归来,Batman Beyond - Return of the Joker (USA) 未来蝙蝠侠-小丑的归来,batman beyond return joker usa 未来蝙蝠侠小丑的归来,5,0.9982136112882426
"Batman of the Future - Return of the Joker (Europe) (En,Fr,De)",未来蝙蝠侠-小丑的归来,"Batman of the Future - Return of the Joker (Europe) (En,Fr,De) 未来蝙蝠侠-小丑的归来",batman future return joker europe enfrde 未来蝙蝠侠小丑的归来,1,0.98310053399634
BattleTanx (USA),坦克大战,BattleTanx (USA) 坦克大战,battletanx usa 坦克大战,5,0.9935990782924826
"BattleTanx - Global Assault (Europe) (En,Fr,De)",坦克大战-世界公敌,"BattleTanx - Global Assault (Europe) (En,Fr,De) 坦克大战-世界公敌",battletanx global assault europe enfrde 坦克大战世界公敌,1,0.9781136979885672
BattleTanx - Global Assault (USA),坦克大战-世界公敌,BattleTanx - Global Assault (USA) 坦克大战-世界公敌,battletanx global assault usa 坦克大战世界公敌,5,0.9954845385817458
Battlezone - Rise of the Black Dogs (USA),战争地带,Battlezone - Rise of the Black Dogs (USA) 战争地带,battlezone rise black dogs usa 战争地带,5,0.9984160680501982
"Beetle Adventure Racing! (Europe) (En,Fr,De)",甲壳虫冒险赛车,"Beetle Adventure Racing! (Europe) (En,Fr,De) 甲壳虫冒险赛车",beetle adventure racing europe enfrde 甲壳虫冒险赛车,1,0.969823623590794
Beetle Adventure Racing! (Japan),甲壳虫冒险赛车,Beetle Adventure Racing! (Japan) 甲壳虫冒险赛车,beetle adventure racing japan 甲壳虫冒险赛车,7,0.9876398290540266
"Beetle Adventure Racing! (USA) (En,Fr,De)",甲壳虫冒险赛车,"Beetle Adventure Racing! (USA) (En,Fr,De) 甲壳虫冒险赛车",beetle adventure racing usa enfrde 甲壳虫冒险赛车,1,0.9930594977608118
Big Mountain 2000 (USA),高山滑雪,Big Mountain 2000 (USA) 高山滑雪,big mountain usa 高山滑雪,5,0.9962307201722577
Bike Race '98 (World) (v1.2) (Demo) (Unl),,Bike Race '98 (World) (v1.2) (Demo) (Unl) ,bike race world v demo unl,4,0.9528317508578695
Bike Race '98 (World) (v1.0) (Demo) (Presence of Mind '98) (Unl),,Bike Race '98 (World) (v1.0) (Demo) (Presence of Mind '98) (Unl) ,bike race world v demo presence mind unl,4,0.9471156489538551
Bio F.R.E.A.K.S. (Europe),幻想格斗,Bio F.R.E.A.K.S. (Europe) 幻想格斗,bio freaks europe 幻想格斗,1,0.9930242063504283
Bio F.R.E.A.K.S. (USA),幻想格斗,Bio F.R.E.A.K.S. (USA) 幻想格斗,bio freaks usa 幻想格斗,5,0.9959635121573878
Biohazard 2 (Japan),生化危机2,Biohazard 2 (Japan) 生化危机2,biohazard japan 生化危机,7,0.9844564097112469
"Blast Corps (Europe) (En,De)",爆破推土机,"Blast Corps (Europe) (En,De) 爆破推土机",blast corps europe ende 爆破推土机,1,0.9921588774241807
Blast Corps (USA),爆破推土机,Blast Corps (USA) 爆破推土机,blast corps usa 爆破推土机,5,0.9955478447057426
Blast Corps (USA) (Rev 1),爆破推土机,Blast Corps (USA) (Rev 1) 爆破推土机,blast corps usa rev 爆破推土机,9,0.9669463730422444
Blastdozer (Japan),爆破推土机,Blastdozer (Japan) 爆破推土机,blastdozer japan 爆破推土机,7,0.9844564097112469
"Blues Brothers 2000 (Europe) (En,Fr,De,Es,It,Nl)",布鲁斯兄弟2000,"Blues Brothers 2000 (Europe) (En,Fr,De,Es,It,Nl) 布鲁斯兄弟2000",blues brothers europe enfrdeesitnl 布鲁斯兄弟,1,0.9789726669337837
Blues Brothers 2000 (USA),布鲁斯兄弟2000,Blues Brothers 2000 (USA) 布鲁斯兄弟2000,blues brothers usa 布鲁斯兄弟,5,0.9954505601681278
"Blues Brothers 2000 (Europe) (En,Fr,De,Es,It,Nl) (Beta) (2000-01-15) (#53)",布鲁斯兄弟2000,"Blues Brothers 2000 (Europe) (En,Fr,De,Es,It,Nl) (Beta) (2000-01-15) (#53) 布鲁斯兄弟2000",blues brothers europe enfrdeesitnl beta 布鲁斯兄弟,1,0.9779368543584778
"Blues Brothers 2000 (Europe) (En,Fr,De,Es,It,Nl) (Beta) (2000-01-15) (#20)",布鲁斯兄弟2000,"Blues Brothers 2000 (Europe) (En,Fr,De,Es,It,Nl) (Beta) (2000-01-15) (#20) 布鲁斯兄弟2000",blues brothers europe enfrdeesitnl beta 布鲁斯兄弟,1,0.9779368543584778
"Body Harvest (Europe) (En,Fr,De)",肉体收割,"Body Harvest (Europe) (En,Fr,De) 肉体收割",body harvest europe enfrde 肉体收割,1,0.9756757156384377
Body Harvest (USA),肉体收割,Body Harvest (USA) 肉体收割,body harvest usa 肉体收割,5,0.9955568762464908
Bokujou Monogatari 2 (Japan),牧场物语2,Bokujou Monogatari 2 (Japan) 牧场物语2,bokujou monogatari japan 牧场物语,7,0.9858379950369127
Bokujou Monogatari 2 (Japan) (Rev 1),牧场物语2,Bokujou Monogatari 2 (Japan) (Rev 1) 牧场物语2,bokujou monogatari japan rev 牧场物语,9,0.9676204171395216
Bokujou Monogatari 2 (Japan) (Rev 2),牧场物语2,Bokujou Monogatari 2 (Japan) (Rev 2) 牧场物语2,bokujou monogatari japan rev 牧场物语,9,0.9676204171395216
Bomberman 64 (Europe),爆-炸弹人64,Bomberman 64 (Europe) 爆-炸弹人64,bomberman europe 爆炸弹人,1,0.9876539049625195
Bomberman 64 (Japan),爆-炸弹人64,Bomberman 64 (Japan) 爆-炸弹人64,bomberman japan 爆炸弹人,7,0.9730138724565687
Bomberman 64 (USA),爆-炸弹人64,Bomberman 64 (USA) 爆-炸弹人64,bomberman usa 爆炸弹人,5,0.9925234109641248
Bomberman 64 - The Second Attack! (USA),爆-炸弹人64-二次攻击,Bomberman 64 - The Second Attack! (USA) 爆-炸弹人64-二次攻击,bomberman second attack usa 爆炸弹人二次攻击,5,0.9953973013998406
Bomberman Hero (Europe),炸弹人英雄,Bomberman Hero (Europe) 炸弹人英雄,bomberman hero europe 炸弹人英雄,1,0.9917571417941117
Bomberman Hero (USA),炸弹人英雄,Bomberman Hero (USA) 炸弹人英雄,bomberman hero usa 炸弹人英雄,5,0.9949963698770774
Bomberman Hero - Mirian Oujo o Sukue! (Japan),炸弹人英雄-拯救公主米利安,Bomberman Hero - Mirian Oujo o Sukue! (Japan) 炸弹人英雄-拯救公主米利安,bomberman hero mirian oujo sukue japan 炸弹人英雄拯救公主米利安,7,0.992740199608206
Bottom of the 9th (USA),绝境棒球,Bottom of the 9th (USA) 绝境棒球,bottom th usa 绝境棒球,5,0.9963150150873785
Brunswick Circuit Pro Bowling (USA),布伦瑞克职业保龄球巡回赛,Brunswick Circuit Pro Bowling (USA) 布伦瑞克职业保龄球巡回赛,brunswick circuit pro bowling usa 布伦瑞克职业保龄球巡回赛,5,0.9972429873021924
"Buck Bumble (Europe) (En,Fr,De,Es,It)",巴克大黄蜂,"Buck Bumble (Europe) (En,Fr,De,Es,It) 巴克大黄蜂",buck bumble europe enfrdeesit 巴克大黄蜂,4,0.9734398202919159
Buck Bumble (Japan),巴克大黄蜂,Buck Bumble (Japan) 巴克大黄蜂,buck bumble japan 巴克大黄蜂,7,0.9879930216198168
Buck Bumble (USA),巴克大黄蜂,Buck Bumble (USA) 巴克大黄蜂,buck bumble usa 巴克大黄蜂,5,0.9957025860719798
"Bug's Life, A (Europe)",虫虫特工队,"Bug's Life, A (Europe) 虫虫特工队",bugs life europe 虫虫特工队,1,0.9919266074148092
"Bug's Life, A (France)",虫虫特工队,"Bug's Life, A (France) 虫虫特工队",bugs life france 虫虫特工队,5,0.999266986398592
"Bug's Life, A (Germany)",虫虫特工队,"Bug's Life, A (Germany) 虫虫特工队",bugs life germany 虫虫特工队,5,0.9982244000777002
"Bug's Life, A (Italy)",虫虫特工队,"Bug's Life, A (Italy) 虫虫特工队",bugs life italy 虫虫特工队,5,1.0016304622256726
"Bug's Life, A (USA)",虫虫特工队,"Bug's Life, A (USA) 虫虫特工队",bugs life usa 虫虫特工队,5,0.9913699972515508
Bust-A-Move '99 (USA),泡泡龙'99,Bust-A-Move '99 (USA) 泡泡龙'99,bustamove usa 泡泡龙,5,0.9929379511646828
Bust-A-Move 2 - Arcade Edition (Europe),泡泡龙2-街机版,Bust-A-Move 2 - Arcade Edition (Europe) 泡泡龙2-街机版,bustamove arcade edition europe 泡泡龙街机版,1,0.9920063177009749
Bust-A-Move 2 - Arcade Edition (USA),泡泡龙2-街机版,Bust-A-Move 2 - Arcade Edition (USA) 泡泡龙2-街机版,bustamove arcade edition usa 泡泡龙街机版,5,0.9941286372228242
Bust-A-Move 3 DX (Europe),泡泡龙3-DX,Bust-A-Move 3 DX (Europe) 泡泡龙3-DX,bustamove dx europe 泡泡龙dx,1,0.9922707421507568
Bust-A-Move 3 DX (USA) (Beta) (1998-08-28),泡泡龙3-DX,Bust-A-Move 3 DX (USA) (Beta) (1998-08-28) 泡泡龙3-DX,bustamove dx usa beta 泡泡龙dx,5,0.9856812292809015
California Speed (USA),加州赛车,California Speed (USA) 加州赛车,california speed usa 加州赛车,5,0.9959002007366848
California Speed (Europe) (Proto),加州赛车,California Speed (Europe) (Proto) 加州赛车,california speed europe proto 加州赛车,1,0.988624931445538
"Carmageddon 64 (Europe) (En,Fr,De,Es)",恶煞车手64,"Carmageddon 64 (Europe) (En,Fr,De,Es) 恶煞车手64",carmageddon europe enfrdees 恶煞车手,1,0.980989071212599
"Carmageddon 64 (Europe) (En,Fr,Es,It)",恶煞车手64,"Carmageddon 64 (Europe) (En,Fr,Es,It) 恶煞车手64",carmageddon europe enfresit 恶煞车手,1,0.9879895548426529
Carmageddon 64 (USA),恶煞车手64,Carmageddon 64 (USA) 恶煞车手64,carmageddon usa 恶煞车手,5,0.9936879700692769
Carnivale - Cenzo's Adventure (USA) (Proto) (2000-07-21),,Carnivale - Cenzo's Adventure (USA) (Proto) (2000-07-21) ,carnivale cenzos adventure usa proto,5,0.9878994459818967
"Castlevania (Europe) (En,Fr,De)",恶魔城默示录,"Castlevania (Europe) (En,Fr,De) 恶魔城默示录",castlevania europe enfrde 恶魔城默示录,1,0.9674609945818505
Castlevania (USA),恶魔城默示录,Castlevania (USA) 恶魔城默示录,castlevania usa 恶魔城默示录,5,0.9926289974249188
Castlevania (USA) (Rev 2),恶魔城默示录,Castlevania (USA) (Rev 2) 恶魔城默示录,castlevania usa rev 恶魔城默示录,9,0.9410820611001167
Castlevania (USA) (Rev 1),恶魔城默示录,Castlevania (USA) (Rev 1) 恶魔城默示录,castlevania usa rev 恶魔城默示录,9,0.9410820611001167
"Castlevania - Legacy of Darkness (Europe) (En,Fr,De)",恶魔城默示录外传,"Castlevania - Legacy of Darkness (Europe) (En,Fr,De) 恶魔城默示录外传",castlevania legacy darkness europe enfrde 恶魔城默示录外传,1,0.9788023586984694
Castlevania - Legacy of Darkness (USA),恶魔城默示录外传,Castlevania - Legacy of Darkness (USA) 恶魔城默示录外传,castlevania legacy darkness usa 恶魔城默示录外传,5,0.9967208125886428
Centre Court Tennis (Europe),中心球场网球赛,Centre Court Tennis (Europe) 中心球场网球赛,centre court tennis europe 中心球场网球赛,1,0.9932542212538987
Chameleon Twist (Europe),变色龙,Chameleon Twist (Europe) 变色龙,chameleon twist europe 变色龙,1,0.98692595718046
Chameleon Twist (Japan),变色龙,Chameleon Twist (Japan) 变色龙,chameleon twist japan 变色龙,7,0.9810912236562611
Chameleon Twist (USA),变色龙,Chameleon Twist (USA) 变色龙,chameleon twist usa 变色龙,5,0.9923737370943878
Chameleon Twist (USA) (Rev 1),变色龙,Chameleon Twist (USA) (Rev 1) 变色龙,chameleon twist usa rev 变色龙,9,0.963130086411098
Chameleon Twist 2 (Europe),变色龙2,Chameleon Twist 2 (Europe) 变色龙2,chameleon twist europe 变色龙,1,0.98692595718046
Chameleon Twist 2 (Japan),变色龙2,Chameleon Twist 2 (Japan) 变色龙2,chameleon twist japan 变色龙,7,0.9810912236562611
Chameleon Twist 2 (USA),变色龙2,Chameleon Twist 2 (USA) 变色龙2,chameleon twist usa 变色龙,5,0.9923737370943878
Charlie Blast's Territory (Europe),爆破工查理,Charlie Blast's Territory (Europe) 爆破工查理,charlie blasts territory europe 爆破工查理,1,0.9951586153829851
Charlie Blast's Territory (USA),爆破工查理,Charlie Blast's Territory (USA) 爆破工查理,charlie blasts territory usa 爆破工查理,5,0.9972163567170862
Chopper Attack (Europe),狂野直升机,Chopper Attack (Europe) 狂野直升机,chopper attack europe 狂野直升机,1,0.9912109497027661
Chopper Attack (USA),狂野直升机,Chopper Attack (USA) 狂野直升机,chopper attack usa 狂野直升机,5,0.994282111890261
Choro Q 64 (Japan),可爱Q赛车,Choro Q 64 (Japan) 可爱Q赛车,choro q japan 可爱q赛车,7,0.9817540742163593
Choro Q 64 2 - Hacha Mecha Grand Prix Race (Japan),可爱Q赛车2,Choro Q 64 2 - Hacha Mecha Grand Prix Race (Japan) 可爱Q赛车2,choro q hacha mecha grand prix race japan 可爱q赛车,7,0.9904187482254727
Chou Kuukan Nighter Pro Yakyuu King (Japan),超空间棒球大赛,Chou Kuukan Nighter Pro Yakyuu King (Japan) 超空间棒球大赛,chou kuukan nighter pro yakyuu king japan 超空间棒球大赛,7,0.9862409216348618
Chou Kuukan Nighter Pro Yakyuu King 2 (Japan),超空间棒球大赛2,Chou Kuukan Nighter Pro Yakyuu King 2 (Japan) 超空间棒球大赛2,chou kuukan nighter pro yakyuu king japan 超空间棒球大赛,7,0.9862409216348618
Chou Snobo Kids (Japan),超级滑雪小子,Chou Snobo Kids (Japan) 超级滑雪小子,chou snobo kids japan 超级滑雪小子,7,0.9865689205650472
City-Tour GP - Zen-Nihon GT Senshuken (Japan),GT64-锦标赛版,City-Tour GP - Zen-Nihon GT Senshuken (Japan) GT64-锦标赛版,citytour gp zennihon gt senshuken japan gt锦标赛版,7,0.9942890738459111
Clay Fighter - Sculptor's Cut (USA),黏土战士-雕刻家之作,Clay Fighter - Sculptor's Cut (USA) 黏土战士-雕刻家之作,clay fighter sculptors cut usa 黏土战士雕刻家之作,5,0.9963750226930885
Clay Fighter 63 1-3 (Europe),黏土战士63-1-3,Clay Fighter 63 1-3 (Europe) 黏土战士63-1-3,clay fighter europe 黏土战士,1,0.9922435718883251
Clay Fighter 63 1-3 (USA),黏土战士63-1-3,Clay Fighter 63 1-3 (USA) 黏土战士63-1-3,clay fighter usa 黏土战士,5,0.9925171182145655
Clay Fighter 63 1-3 (USA) (Beta),黏土战士63-1-3,Clay Fighter 63 1-3 (USA) (Beta) 黏土战士63-1-3,clay fighter usa beta 黏土战士,5,0.9827279098797246
"Command & Conquer (Europe) (En,Fr)",命令与征服,"Command & Conquer (Europe) (En,Fr) 命令与征服",command conquer europe enfr 命令与征服,1,0.9926745530290018
Command & Conquer (Germany),命令与征服,Command & Conquer (Germany) 命令与征服,command conquer germany 命令与征服,5,1.0007984153705038
Command & Conquer (USA),命令与征服,Command & Conquer (USA) 命令与征服,command conquer usa 命令与征服,5,0.9942998879774567
Conker's Bad Fur Day (Europe),松鼠库克倒霉的一天,Conker's Bad Fur Day (Europe) 松鼠库克倒霉的一天,conkers bad fur day europe 松鼠库克倒霉的一天,1,0.9958580551125917
Conker's Bad Fur Day (USA),松鼠库克倒霉的一天,Conker's Bad Fur Day (USA) 松鼠库克倒霉的一天,conkers bad fur day usa 松鼠库克倒霉的一天,5,0.9937895352211971
Conker's Bad Fur Day (USA) (Beta) (2000-08-26) (ECTS 2000),松鼠库克倒霉的一天,Conker's Bad Fur Day (USA) (Beta) (2000-08-26) (ECTS 2000) 松鼠库克倒霉的一天,conkers bad fur day usa beta ects 松鼠库克倒霉的一天,5,0.987563232110437
Conker's Bad Fur Day (USA) (Beta) (2000-10-25),松鼠库克倒霉的一天,Conker's Bad Fur Day (USA) (Beta) (2000-10-25) 松鼠库克倒霉的一天,conkers bad fur day usa beta 松鼠库克倒霉的一天,5,0.9857395694287193
Controller Kensa-ki NUS-yo N Cassette (Japan) (Test Program),,Controller Kensa-ki NUS-yo N Cassette (Japan) (Test Program) ,controller kensaki nusyo n cassette japan test program,7,0.9898862112595015
Cruis'n Exotica (USA),新奇赛车,Cruis'n Exotica (USA) 新奇赛车,cruisn exotica usa 新奇赛车,5,0.9954675224219691
Cruis'n USA (Europe),美国赛车,Cruis'n USA (Europe) 美国赛车,cruisn usa europe 美国赛车,1,0.9882438924623527
Cruis'n USA (USA),美国赛车,Cruis'n USA (USA) 美国赛车,cruisn usa usa 美国赛车,5,0.9833792292535943
Cruis'n USA (USA) (Rev 1),美国赛车,Cruis'n USA (USA) (Rev 1) 美国赛车,cruisn usa usa rev 美国赛车,9,0.9406055594553522
Cruis'n USA (USA) (Rev 2),美国赛车,Cruis'n USA (USA) (Rev 2) 美国赛车,cruisn usa usa rev 美国赛车,9,0.9406055594553522
Cruis'n USA (USA) (Wii Virtual Console),美国赛车,Cruis'n USA (USA) (Wii Virtual Console) 美国赛车,cruisn usa usa wii virtual console 美国赛车,5,0.9860718785588722
Cruis'n World (Europe),世界赛车,Cruis'n World (Europe) 世界赛车,cruisn world europe 世界赛车,4,0.9591282352837613
Cruis'n World (USA),世界赛车,Cruis'n World (USA) 世界赛车,cruisn world usa 世界赛车,4,0.967783058253935
Cruis'n World (Europe) (Rev 1),世界赛车,Cruis'n World (Europe) (Rev 1) 世界赛车,cruisn world europe rev 世界赛车,4,0.9622652379182636
Custom Robo (Japan),组合机器人,Custom Robo (Japan) 组合机器人,custom robo japan 组合机器人,7,0.9852241540849223
Custom Robo V2 (Japan),组合机器人V2,Custom Robo V2 (Japan) 组合机器人V2,custom robo v japan 组合机器人v,7,0.985224154084922
CyberTiger (Europe),泰格伍兹高尔夫,CyberTiger (Europe) 泰格伍兹高尔夫,cybertiger europe 泰格伍兹高尔夫,1,0.9895461810395256
CyberTiger (USA),泰格伍兹高尔夫,CyberTiger (USA) 泰格伍兹高尔夫,cybertiger usa 泰格伍兹高尔夫,5,0.9939167674815146
"Daffy Duck Starring as Duck Dodgers (Europe) (En,Fr,De,Es,It,Nl)",道奇鸭火星历险记,"Daffy Duck Starring as Duck Dodgers (Europe) (En,Fr,De,Es,It,Nl) 道奇鸭火星历险记",daffy duck starring duck dodgers europe enfrdeesitnl 道奇鸭火星历险记,1,0.9906020590585077
Dance Dance Revolution - Disney Dancing Museum (Japan),热舞革命-迪斯尼舞蹈博物馆,Dance Dance Revolution - Disney Dancing Museum (Japan) 热舞革命-迪斯尼舞蹈博物馆,dance dance revolution disney dancing museum japan 热舞革命迪斯尼舞蹈博物馆,7,0.9957195427556353
Dark Rift (Europe),宇宙战士格斗,Dark Rift (Europe) 宇宙战士格斗,dark rift europe 宇宙战士格斗,1,0.9915967239334204
Dark Rift (USA),宇宙战士格斗,Dark Rift (USA) 宇宙战士格斗,dark rift usa 宇宙战士格斗,5,0.9946408044176072
Deadly Arts (USA),死亡格斗,Deadly Arts (USA) 死亡格斗,deadly arts usa 死亡格斗,5,0.9961725126291499
Defi au Tetris Magique (France),魔法方块挑战,Defi au Tetris Magique (France) 魔法方块挑战,defi au tetris magique france 魔法方块挑战,5,1.00257351977015
Densha de Go! 64 (Japan),电车Go!64,Densha de Go! 64 (Japan) 电车Go!64,densha de go japan 电车go,7,0.9904739376480819
Derby Stallion 64 (Japan),德比赛马64,Derby Stallion 64 (Japan) 德比赛马64,derby stallion japan 德比赛马,7,0.9842211652307398
Derby Stallion 64 (Japan) (Beta) [b],德比赛马64,Derby Stallion 64 (Japan) (Beta) [b] 德比赛马64,derby stallion japan beta b 德比赛马,7,0.9850741996428719
"Destruction Derby 64 (Europe) (En,Fr,De)",德比破坏赛车64,"Destruction Derby 64 (Europe) (En,Fr,De) 德比破坏赛车64",destruction derby europe enfrde 德比破坏赛车,1,0.9747832797427367
Destruction Derby 64 (USA),德比破坏赛车64,Destruction Derby 64 (USA) 德比破坏赛车64,destruction derby usa 德比破坏赛车,5,0.9937305168550281
Destruction Derby 64 (USA) (Beta) (1998-07-31),德比破坏赛车64,Destruction Derby 64 (USA) (Beta) (1998-07-31) 德比破坏赛车64,destruction derby usa beta 德比破坏赛车,5,0.9839816604495716
Dexanoid (World) (Unl),,Dexanoid (World) (Unl) ,dexanoid world unl,4,0.951335031839098
Dezaemon 3D (Japan),雷电战机3D,Dezaemon 3D (Japan) 雷电战机3D,dezaemon japan 雷电战机d,7,0.9851283989450242
"Diddy Kong Racing (Europe) (En,Fr,De)",迪迪刚赛车,"Diddy Kong Racing (Europe) (En,Fr,De) 迪迪刚赛车",diddy kong racing europe enfrde 迪迪刚赛车,1,0.9694792580197608
"Diddy Kong Racing (Europe) (En,Fr,De) (Rev 1)",迪迪刚赛车,"Diddy Kong Racing (Europe) (En,Fr,De) (Rev 1) 迪迪刚赛车",diddy kong racing europe enfrde rev 迪迪刚赛车,1,0.9708108038497849
Diddy Kong Racing (Japan),迪迪刚赛车,Diddy Kong Racing (Japan) 迪迪刚赛车,diddy kong racing japan 迪迪刚赛车,7,0.986851593906714
"Diddy Kong Racing (USA) (En,Fr)",迪迪刚赛车,"Diddy Kong Racing (USA) (En,Fr) 迪迪刚赛车",diddy kong racing usa enfr 迪迪刚赛车,5,0.991947235942297
"Diddy Kong Racing (USA) (En,Fr) (Rev 1)",迪迪刚赛车,"Diddy Kong Racing (USA) (En,Fr) (Rev 1) 迪迪刚赛车",diddy kong racing usa enfr rev 迪迪刚赛车,5,0.9925998524321997
Die Hard 64 (USA) (Proto) (Level 1),,Die Hard 64 (USA) (Proto) (Level 1) ,die hard usa proto level,5,0.983949869332661
Die Hard 64 (USA) (Proto) (Level 2),,Die Hard 64 (USA) (Proto) (Level 2) ,die hard usa proto level,5,0.983949869332661
Die Hard 64 (USA) (Proto) (Level 3),,Die Hard 64 (USA) (Proto) (Level 3) ,die hard usa proto level,5,0.983949869332661
Dinosaur Planet (USA) (Proto) (2000-12-01),,Dinosaur Planet (USA) (Proto) (2000-12-01) ,dinosaur planet usa proto,5,0.9858661857086953
Dolphin Controller Test (Japan) (Test Program),,Dolphin Controller Test (Japan) (Test Program) ,dolphin controller test japan test program,7,0.9883137441450324
"Donald Duck - Goin' Quackers (USA) (En,Fr,De,Es,It)",唐老鸭大冒险-嘎嘎攻击,"Donald Duck - Goin' Quackers (USA) (En,Fr,De,Es,It) 唐老鸭大冒险-嘎嘎攻击",donald duck goin quackers usa enfrdeesit 唐老鸭大冒险嘎嘎攻击,4,0.9952401155480263
"Donald Duck - Quack Attack (Europe) (En,Fr,De,Es,It)",唐老鸭大冒险-嘎嘎攻击,"Donald Duck - Quack Attack (Europe) (En,Fr,De,Es,It) 唐老鸭大冒险-嘎嘎攻击",donald duck quack attack europe enfrdeesit 唐老鸭大冒险嘎嘎攻击,4,0.9769342512739305
"Donkey Kong 64 (Europe) (En,Fr,De,Es)",大金刚64,"Donkey Kong 64 (Europe) (En,Fr,De,Es) 大金刚64",donkey kong europe enfrdees 大金刚,1,0.985261168176251
Donkey Kong 64 (Japan),大金刚64,Donkey Kong 64 (Japan) 大金刚64,donkey kong japan 大金刚,7,0.9863906313795363
Donkey Kong 64 (USA),大金刚64,Donkey Kong 64 (USA) 大金刚64,donkey kong usa 大金刚,5,0.9913560724549975
Donkey Kong 64 (USA) (Demo) (Kiosk),大金刚64,Donkey Kong 64 (USA) (Demo) (Kiosk) 大金刚64,donkey kong usa demo kiosk 大金刚,5,0.9921707574534836
Donkey Kong 64 (USA) (LodgeNet),大金刚64,Donkey Kong 64 (USA) (LodgeNet) 大金刚64,donkey kong usa lodgenet 大金刚,5,0.9839468839884091
Doom 64 (USA) (Beta) (1996-12-10),毁灭战士64,Doom 64 (USA) (Beta) (1996-12-10) 毁灭战士64,doom usa beta 毁灭战士,5,0.9800493269800266
Doom 64 (Europe),毁灭战士64,Doom 64 (Europe) 毁灭战士64,doom europe 毁灭战士,1,0.988602304258224
Doom 64 (Japan),毁灭战士64,Doom 64 (Japan) 毁灭战士64,doom japan 毁灭战士,7,0.9834330799208684
Doom 64 (USA),毁灭战士64,Doom 64 (USA) 毁灭战士64,doom usa 毁灭战士,5,0.9915404251827887
Doom 64 (USA) (Rev 1),毁灭战士64,Doom 64 (USA) (Rev 1) 毁灭战士64,doom usa rev 毁灭战士,9,0.9540397475298613
Doraemon - Nobita to 3tsu no Seireiseki (Japan),哆啦A梦-三颗精灵石,Doraemon - Nobita to 3tsu no Seireiseki (Japan) 哆啦A梦-三颗精灵石,doraemon nobita tsu seireiseki japan 哆啦a梦三颗精灵石,7,0.9896985553556076
Doraemon 2 - Nobita to Hikari no Shinden (Japan),哆啦A梦2-光之神殿,Doraemon 2 - Nobita to Hikari no Shinden (Japan) 哆啦A梦2-光之神殿,doraemon nobita hikari shinden japan 哆啦a梦光之神殿,7,0.9902315493922649
Doraemon 3 - Nobita no Machi SOS! (Japan),哆啦A梦3-野比太町大营救!,Doraemon 3 - Nobita no Machi SOS! (Japan) 哆啦A梦3-野比太町大营救!,doraemon nobita machi sos japan 哆啦a梦野比太町大营救,7,0.9902315493922649
Doubutsu Banchou (Japan) (Proto),,Doubutsu Banchou (Japan) (Proto) ,doubutsu banchou japan proto,7,0.9833140274968222
Doubutsu no Mori (Japan),动物之森,Doubutsu no Mori (Japan) 动物之森,doubutsu mori japan 动物之森,7,0.987450635085077
Dr. Mario 64 (USA),马里奥医生64,Dr. Mario 64 (USA) 马里奥医生64,dr mario usa 马里奥医生,5,0.9891666733445882
Dr. Mario 64 (USA) (LodgeNet),马里奥医生64,Dr. Mario 64 (USA) (LodgeNet) 马里奥医生64,dr mario usa lodgenet 马里奥医生,5,0.9819666537692281
Dragon King (World) (Pirate),,Dragon King (World) (Pirate) ,dragon king world pirate,4,0.9866716437150358
Dragon Sword 64 (Europe) (Proto),龙之剑64,Dragon Sword 64 (Europe) (Proto) 龙之剑64,dragon sword europe proto 龙之剑,1,0.9877860657253607
Dragon Sword 64 (USA) (Proto) (1999-08-25),龙之剑64,Dragon Sword 64 (USA) (Proto) (1999-08-25) 龙之剑64,dragon sword usa proto 龙之剑,5,0.9885395077801099
Dual Heroes (Europe),英雄战队,Dual Heroes (Europe) 英雄战队,dual heroes europe 英雄战队,1,0.9912112605277802
Dual Heroes (Japan),英雄战队,Dual Heroes (Japan) 英雄战队,dual heroes japan 英雄战队,7,0.9877466682533144
Dual Heroes (USA),英雄战队,Dual Heroes (USA) 英雄战队,dual heroes usa 英雄战队,5,0.994283379857867
"Duck Dodgers Starring Daffy Duck (USA) (En,Fr,Es)",道奇鸭火星历险记,"Duck Dodgers Starring Daffy Duck (USA) (En,Fr,Es) 道奇鸭火星历险记",duck dodgers starring daffy duck usa enfres 道奇鸭火星历险记,5,0.9922122035075034
"Duck Dodgers Starring Daffy Duck (USA) (En,Fr,Es) (Beta 2) (2000-03-07)",道奇鸭火星历险记,"Duck Dodgers Starring Daffy Duck (USA) (En,Fr,Es) (Beta 2) (2000-03-07) 道奇鸭火星历险记",duck dodgers starring daffy duck usa enfres beta 道奇鸭火星历险记,5,0.9891626079649412
"Duck Dodgers Starring Daffy Duck (USA) (En,Fr,Es) (Beta 1)",道奇鸭火星历险记,"Duck Dodgers Starring Daffy Duck (USA) (En,Fr,Es) (Beta 1) 道奇鸭火星历险记",duck dodgers starring daffy duck usa enfres beta 道奇鸭火星历险记,5,0.9891626079649412
Duke Nukem - Zero Hour (USA) (Beta),毁灭公爵-关键时刻,Duke Nukem - Zero Hour (USA) (Beta) 毁灭公爵-关键时刻,duke nukem zero hour usa beta 毁灭公爵关键时刻,5,0.9840905900225269
Duke Nukem - Zero Hour (Europe),毁灭公爵-关键时刻,Duke Nukem - Zero Hour (Europe) 毁灭公爵-关键时刻,duke nukem zero hour europe 毁灭公爵关键时刻,1,0.9929812945549573
Duke Nukem - Zero Hour (France),毁灭公爵-关键时刻,Duke Nukem - Zero Hour (France) 毁灭公爵-关键时刻,duke nukem zero hour france 毁灭公爵关键时刻,5,0.9988415405860724
Duke Nukem - Zero Hour (USA),毁灭公爵-关键时刻,Duke Nukem - Zero Hour (USA) 毁灭公爵-关键时刻,duke nukem zero hour usa 毁灭公爵关键时刻,5,0.9922535361996588
Duke Nukem 64 (Europe),毁灭公爵64,Duke Nukem 64 (Europe) 毁灭公爵64,duke nukem europe 毁灭公爵,1,0.9869992515701489
Duke Nukem 64 (France),毁灭公爵64,Duke Nukem 64 (France) 毁灭公爵64,duke nukem france 毁灭公爵,5,0.9996931555494949
Duke Nukem 64 (USA),毁灭公爵64,Duke Nukem 64 (USA) 毁灭公爵64,duke nukem usa 毁灭公爵,5,0.9916154170078594
Duke Nukem 64 (Europe) (Beta),毁灭公爵64,Duke Nukem 64 (Europe) (Beta) 毁灭公爵64,duke nukem europe beta 毁灭公爵,1,0.9822451431901901
"Earthworm Jim 3D (Europe) (En,Fr,De,Es,It)",蚯蚓吉姆3D,"Earthworm Jim 3D (Europe) (En,Fr,De,Es,It) 蚯蚓吉姆3D",earthworm jim europe enfrdeesit 蚯蚓吉姆d,4,0.9744919932205227
Earthworm Jim 3D (USA),蚯蚓吉姆3D,Earthworm Jim 3D (USA) 蚯蚓吉姆3D,earthworm jim usa 蚯蚓吉姆d,5,0.9959635121573878
ECW Hardcore Revolution (Europe),终极摔交锦标赛,ECW Hardcore Revolution (Europe) 终极摔交锦标赛,ecw hardcore revolution europe 终极摔交锦标赛,1,0.9943062874317333
ECW Hardcore Revolution (USA),终极摔交锦标赛,ECW Hardcore Revolution (USA) 终极摔交锦标赛,ecw hardcore revolution usa 终极摔交锦标赛,5,0.993158423338366
ECW Hardcore Revolution (Germany),终极摔交锦标赛,ECW Hardcore Revolution (Germany) 终极摔交锦标赛,ecw hardcore revolution germany 终极摔交锦标赛,5,0.9994095064724905
ECW Hardcore Revolution (USA) (Beta),终极摔交锦标赛,ECW Hardcore Revolution (USA) (Beta) 终极摔交锦标赛,ecw hardcore revolution usa beta 终极摔交锦标赛,5,0.9843604797926196
EEPROM & SRAM Erase Program (USA) (v1.2) (LodgeNet),,EEPROM & SRAM Erase Program (USA) (v1.2) (LodgeNet) ,eeprom sram erase program usa v lodgenet,5,0.9905630071411938
Eikou no Saint Andrews (Japan),荣光的圣安德鲁斯老球场,Eikou no Saint Andrews (Japan) 荣光的圣安德鲁斯老球场,eikou saint andrews japan 荣光的圣安德鲁斯老球场,7,0.9916338335822531
Eltale Monsters (Japan),圣魔世纪,Eltale Monsters (Japan) 圣魔世纪,eltale monsters japan 圣魔世纪,7,0.986780121826313
Excitebike 64 (USA) (LodgeNet),越野机车64,Excitebike 64 (USA) (LodgeNet) 越野机车64,excitebike usa lodgenet 越野机车,5,0.9819458089605008
Excitebike 64 (Europe),越野机车64,Excitebike 64 (Europe) 越野机车64,excitebike europe 越野机车,1,0.9883886532523906
Excitebike 64 (Japan),越野机车64,Excitebike 64 (Japan) 越野机车64,excitebike japan 越野机车,7,0.9831885410135348
Excitebike 64 (USA),越野机车64,Excitebike 64 (USA) 越野机车64,excitebike usa 越野机车,5,0.9901822325316165
Excitebike 64 (USA) (Demo) (Kiosk),越野机车64,Excitebike 64 (USA) (Demo) (Kiosk) 越野机车64,excitebike usa demo kiosk 越野机车,5,0.991983416655868
Excitebike 64 (USA) (Rev 1),越野机车64,Excitebike 64 (USA) (Rev 1) 越野机车64,excitebike usa rev 越野机车,9,0.9528407773321554
"Extreme-G (Europe) (En,Fr,De,Es,It)",极限摩托车-G,"Extreme-G (Europe) (En,Fr,De,Es,It) 极限摩托车-G",extremeg europe enfrdeesit 极限摩托车g,4,0.9630924246296804
Extreme-G (Japan),极限摩托车-G,Extreme-G (Japan) 极限摩托车-G,extremeg japan 极限摩托车g,7,0.9828157493828015
Extreme-G (USA),极限摩托车-G,Extreme-G (USA) 极限摩托车-G,extremeg usa 极限摩托车g,5,0.9930921830366375
"Extreme-G XG2 (Europe) (En,Fr,De,Es,It)",极限摩托车-G-XG2,"Extreme-G XG2 (Europe) (En,Fr,De,Es,It) 极限摩托车-G-XG2",extremeg xg europe enfrdeesit 极限摩托车gxg,4,0.9710824989971126
Extreme-G XG2 (Japan),极限摩托车-G-XG2,Extreme-G XG2 (Japan) 极限摩托车-G-XG2,extremeg xg japan 极限摩托车gxg,7,0.9869247415005256
Extreme-G XG2 (USA),极限摩托车-G-XG2,Extreme-G XG2 (USA) 极限摩托车-G-XG2,extremeg xg usa 极限摩托车gxg,5,0.9952021515189582
F-1 World Grand Prix (Europe),F1国际赛车大奖赛,F-1 World Grand Prix (Europe) F1国际赛车大奖赛,f world grand prix europe f国际赛车大奖赛,4,0.9299878848984804
F-1 World Grand Prix (France),F1国际赛车大奖赛,F-1 World Grand Prix (France) F1国际赛车大奖赛,f world grand prix france f国际赛车大奖赛,4,0.9400488951439779
F-1 World Grand Prix (Germany),F1国际赛车大奖赛,F-1 World Grand Prix (Germany) F1国际赛车大奖赛,f world grand prix germany f国际赛车大奖赛,4,0.9413831671949894
F-1 World Grand Prix (Japan),F1国际赛车大奖赛,F-1 World Grand Prix (Japan) F1国际赛车大奖赛,f world grand prix japan f国际赛车大奖赛,4,0.9386148086059342
F-1 World Grand Prix (USA),F1国际赛车大奖赛,F-1 World Grand Prix (USA) F1国际赛车大奖赛,f world grand prix usa f国际赛车大奖赛,4,0.9375047451113989
F-1 World Grand Prix (Europe) (Beta),F1国际赛车大奖赛,F-1 World Grand Prix (Europe) (Beta) F1国际赛车大奖赛,f world grand prix europe beta f国际赛车大奖赛,4,0.9339491180729375
"F-1 World Grand Prix II (Europe) (En,Fr,De,Es)",F1国际赛车大奖赛2,"F-1 World Grand Prix II (Europe) (En,Fr,De,Es) F1国际赛车大奖赛2",f world grand prix ii europe enfrdees f国际赛车大奖赛,4,0.9482885133402015
F-Zero X (Europe),零式赛车X,F-Zero X (Europe) 零式赛车X,fzero x europe 零式赛车x,1,0.988602304258224
F-Zero X (Japan),零式赛车X,F-Zero X (Japan) 零式赛车X,fzero x japan 零式赛车x,7,0.9834330799208684
F-Zero X (USA),零式赛车X,F-Zero X (USA) 零式赛车X,fzero x usa 零式赛车x,5,0.9915880573059386
F-Zero X (USA) (Beta) (The Legend of Zelda - Ocarina of Time leftover data),零式赛车X,F-Zero X (USA) (Beta) (The Legend of Zelda - Ocarina of Time leftover data) 零式赛车X,fzero x usa beta legend zelda ocarina time leftover data 零式赛车x,3,0.9093868825774365
F-Zero X (USA) (LodgeNet),零式赛车X,F-Zero X (USA) (LodgeNet) 零式赛车X,fzero x usa lodgenet 零式赛车x,5,0.9833132797435806
"F1 Pole Position 64 (Europe) (En,Fr,De)",休曼GP赛车,"F1 Pole Position 64 (Europe) (En,Fr,De) 休曼GP赛车",f pole position europe enfrde 休曼gp赛车,1,0.9724163391691659
"F1 Pole Position 64 (USA) (En,Fr,De)",休曼GP赛车,"F1 Pole Position 64 (USA) (En,Fr,De) 休曼GP赛车",f pole position usa enfrde 休曼gp赛车,1,0.9958517946157376
"F1 Racing Championship (Europe) (En,Fr,De,Es,It)",F1赛车锦标赛,"F1 Racing Championship (Europe) (En,Fr,De,Es,It) F1赛车锦标赛",f racing championship europe enfrdeesit f赛车锦标赛,4,0.9654667972262497
"F1 Racing Championship (Brazil) (En,Fr)",F1赛车锦标赛,"F1 Racing Championship (Brazil) (En,Fr) F1赛车锦标赛",f racing championship brazil enfr f赛车锦标赛,5,1.0015286633517262
F1 Racing Championship (USA) (Beta),F1赛车锦标赛,F1 Racing Championship (USA) (Beta) F1赛车锦标赛,f racing championship usa beta f赛车锦标赛,5,0.9808877162304338
Famista 64 (Japan),南梦宫棒球64,Famista 64 (Japan) 南梦宫棒球64,famista japan 南梦宫棒球,7,0.9851283989450242
"FIFA - Road to World Cup 98 (Europe) (En,Fr,De,Es,It,Nl,Sv)",FIFA足球'98-世界杯之路,"FIFA - Road to World Cup 98 (Europe) (En,Fr,De,Es,It,Nl,Sv) FIFA足球'98-世界杯之路",fifa road world cup europe enfrdeesitnlsv fifa足球世界杯之路,4,0.9584866573127815
"FIFA - Road to World Cup 98 (USA) (En,Fr,De,Es,It,Nl,Sv)",FIFA足球'98-世界杯之路,"FIFA - Road to World Cup 98 (USA) (En,Fr,De,Es,It,Nl,Sv) FIFA足球'98-世界杯之路",fifa road world cup usa enfrdeesitnlsv fifa足球世界杯之路,4,0.9624867231381883
FIFA - Road to World Cup 98 - World Cup e no Michi (Japan),FIFA足球'98-世界杯之路,FIFA - Road to World Cup 98 - World Cup e no Michi (Japan) FIFA足球'98-世界杯之路,fifa road world cup world cup e michi japan fifa足球世界杯之路,4,0.9521637837777664
"FIFA 64 (Europe) (En,Fr,De)",FIFA足球64,"FIFA 64 (Europe) (En,Fr,De) FIFA足球64",fifa europe enfrde fifa足球,1,0.962606572709661
"FIFA 99 (Europe) (En,Fr,De,Es,It,Nl,Pt,Sv)",FIFA足球'99,"FIFA 99 (Europe) (En,Fr,De,Es,It,Nl,Pt,Sv) FIFA足球'99",fifa europe enfrdeesitnlptsv fifa足球,1,0.9890470122646772
"FIFA 99 (USA) (En,Fr,De,Es,It,Nl,Pt,Sv)",FIFA足球'99,"FIFA 99 (USA) (En,Fr,De,Es,It,Nl,Pt,Sv) FIFA足球'99",fifa usa enfrdeesitnlptsv fifa足球,5,0.9956352540155873
"FIFA Soccer 64 (USA) (En,Fr,De)",FIFA足球64,"FIFA Soccer 64 (USA) (En,Fr,De) FIFA足球64",fifa soccer usa enfrde fifa足球,1,0.9931143807494955
Fighter Destiny 2 (USA),格斗传承2,Fighter Destiny 2 (USA) 格斗传承2,fighter destiny usa 格斗传承,5,0.9915769347821165
Fighters Destiny (Europe),格斗传承,Fighters Destiny (Europe) 格斗传承,fighters destiny europe 格斗传承,1,0.9913413635168783
Fighters Destiny (France),格斗传承,Fighters Destiny (France) 格斗传承,fighters destiny france 格斗传承,5,0.9998522542743467
Fighters Destiny (Germany),格斗传承,Fighters Destiny (Germany) 格斗传承,fighters destiny germany 格斗传承,5,0.9988075498649412
Fighters Destiny (USA),格斗传承,Fighters Destiny (USA) 格斗传承,fighters destiny usa 格斗传承,5,0.9907770995608683
Fighting Cup (Japan),格斗传承,Fighting Cup (Japan) 格斗传承,fighting cup japan 格斗传承,7,0.9862666369340392
Fighting Force 64 (Europe),格斗力量64,Fighting Force 64 (Europe) 格斗力量64,fighting force europe 格斗力量,1,0.9921882220706096
Fighting Force 64 (USA),格斗力量64,Fighting Force 64 (USA) 格斗力量64,fighting force usa 格斗力量,5,0.9952152300915503
Flying Dragon (Europe),飞龙之拳,Flying Dragon (Europe) 飞龙之拳,flying dragon europe 飞龙之拳,1,0.9921450590566722
Flying Dragon (USA),飞龙之拳,Flying Dragon (USA) 飞龙之拳,flying dragon usa 飞龙之拳,5,0.9954525094315821
"Forsaken (Europe) (En,Fr,Es,It)",浩劫余生64,"Forsaken (Europe) (En,Fr,Es,It) 浩劫余生64",forsaken europe enfresit 浩劫余生,1,0.9903434477485706
Forsaken (Germany),浩劫余生64,Forsaken (Germany) 浩劫余生64,forsaken germany 浩劫余生,5,1.000574864232325
Forsaken 64 (USA),浩劫余生64,Forsaken 64 (USA) 浩劫余生64,forsaken usa 浩劫余生,5,0.9926858795170814
Fox Sports College Hoops '99 (USA),福克斯篮球'99,Fox Sports College Hoops '99 (USA) 福克斯篮球'99,fox sports college hoops usa 福克斯篮球,5,0.9978249783432996
Freak Boy (Unknown) (Proto),,Freak Boy (Unknown) (Proto) ,freak boy unknown proto,5,1.0021371857083248
Frogger 2 (USA) (Proto) (1999-03-xx),青蛙过河2,Frogger 2 (USA) (Proto) (1999-03-xx) 青蛙过河2,frogger usa proto xx 青蛙过河,5,0.9829015971441054
Frogger 2 (USA) (Proto) (1999-06-xx) (MS4),青蛙过河2,Frogger 2 (USA) (Proto) (1999-06-xx) (MS4) 青蛙过河2,frogger usa proto xx ms 青蛙过河,5,0.986000780024993
Frogger 2 (USA) (Proto) (1999-06-xx),青蛙过河2,Frogger 2 (USA) (Proto) (1999-06-xx) 青蛙过河2,frogger usa proto xx 青蛙过河,5,0.9829015971441054
Frogger 2 (USA) (Proto) (1999-12-01),青蛙过河2,Frogger 2 (USA) (Proto) (1999-12-01) 青蛙过河2,frogger usa proto 青蛙过河,5,0.9819945162490084
Fushigi no Dungeon - Fuurai no Shiren 2 - Oni Shuurai! Shiren Jou! (Japan),不可思议的迷宫-风来的西林2-鬼袭来!西林城!,Fushigi no Dungeon - Fuurai no Shiren 2 - Oni Shuurai! Shiren Jou! (Japan) 不可思议的迷宫-风来的西林2-鬼袭来!西林城!,fushigi dungeon fuurai shiren oni shuurai shiren jou japan 不可思议的迷宫风来的西林鬼袭来西林城,7,0.9971915205517239
G.A.S.P!! Fighters' NEXTream (Europe),死亡格斗,G.A.S.P!! Fighters' NEXTream (Europe) 死亡格斗,gasp fighters nextream europe 死亡格斗,1,0.9944001280164801
G.A.S.P!! Fighters' NEXTream (Japan),死亡格斗,G.A.S.P!! Fighters' NEXTream (Japan) 死亡格斗,gasp fighters nextream japan 死亡格斗,7,0.990635320252544
GameBooster 64 (Europe) (v1.1) (Unl),GameBooster64,GameBooster 64 (Europe) (v1.1) (Unl) GameBooster64,gamebooster europe v unl gamebooster,1,0.9916700429902671
GameBooster 64 (USA) (v1.1) (Unl),GameBooster64,GameBooster 64 (USA) (v1.1) (Unl) GameBooster64,gamebooster usa v unl gamebooster,5,0.9949203798305865
GameShark Pro (USA) (v2.0) (Unl),GameSharkPro,GameShark Pro (USA) (v2.0) (Unl) GameSharkPro,gameshark pro usa v unl gamesharkpro,5,0.9932812211897505
GameShark Pro (USA) (v3.3) (Unl),GameSharkPro,GameShark Pro (USA) (v3.3) (Unl) GameSharkPro,gameshark pro usa v unl gamesharkpro,5,0.9932812211897505
Ganbare Goemon - Dero Dero Douchuu Obake Tenkomori (Japan),大盗伍佑卫门-道中除妖记,Ganbare Goemon - Dero Dero Douchuu Obake Tenkomori (Japan) 大盗伍佑卫门-道中除妖记,ganbare goemon dero dero douchuu obake tenkomori japan 大盗伍佑卫门道中除妖记,7,0.9948620761788617
Ganbare Goemon - Neo Momoyama Bakufu no Odori (Japan),大盗伍佑卫门-桃山幕府记,Ganbare Goemon - Neo Momoyama Bakufu no Odori (Japan) 大盗伍佑卫门-桃山幕府记,ganbare goemon neo momoyama bakufu odori japan 大盗伍佑卫门桃山幕府记,7,0.993650031132236
Ganbare! Nippon! Olympics 2000 (Japan),加油!日本!奥运2000,Ganbare! Nippon! Olympics 2000 (Japan) 加油!日本!奥运2000,ganbare nippon olympics japan 加油日本奥运,7,0.9898776214699309
Gauntlet Legends (Europe),圣铠传说,Gauntlet Legends (Europe) 圣铠传说,gauntlet legends europe 圣铠传说,1,0.992224502673477
Gauntlet Legends (Japan),圣铠传说,Gauntlet Legends (Japan) 圣铠传说,gauntlet legends japan 圣铠传说,7,0.9875848101486215
Gauntlet Legends (USA),圣铠传说,Gauntlet Legends (USA) 圣铠传说,gauntlet legends usa 圣铠传说,5,0.9936622470603892
Gauntlet Legends (USA) (LodgeNet),圣铠传说,Gauntlet Legends (USA) (LodgeNet) 圣铠传说,gauntlet legends usa lodgenet 圣铠传说,5,0.9863070122103865
Getter Love!! - Cho Renai Party Game Tanjou (Japan),恋爱告白,Getter Love!! - Cho Renai Party Game Tanjou (Japan) 恋爱告白,getter love cho renai party game tanjou japan 恋爱告白,7,0.9934423484247061
"Gex 3 - Deep Cover Gecko (Europe) (En,Es,It)",杰克龙3,"Gex 3 - Deep Cover Gecko (Europe) (En,Es,It) 杰克龙3",gex deep cover gecko europe enesit 杰克龙,1,0.9908652838866351
"Gex 3 - Deep Cover Gecko (Europe) (Fr,De)",杰克龙3,"Gex 3 - Deep Cover Gecko (Europe) (Fr,De) 杰克龙3",gex deep cover gecko europe frde 杰克龙,1,0.992823325737344
Gex 3 - Deep Cover Gecko (USA),杰克龙3,Gex 3 - Deep Cover Gecko (USA) 杰克龙3,gex deep cover gecko usa 杰克龙,5,0.9963333411422297
Gex 64 - Enter the Gecko (Europe),杰克龙64,Gex 64 - Enter the Gecko (Europe) 杰克龙64,gex enter gecko europe 杰克龙,1,0.9914124944661071
Gex 64 - Enter the Gecko (USA),杰克龙64,Gex 64 - Enter the Gecko (USA) 杰克龙64,gex enter gecko usa 杰克龙,5,0.9955116880243334
Glover (USA) (1998-09-04) (Beta),手套小子,Glover (USA) (1998-09-04) (Beta) 手套小子,glover usa beta 手套小子,5,0.9733396961969033
"Glover (USA) (En,Fr,De) (Limited Run Games)",手套小子,"Glover (USA) (En,Fr,De) (Limited Run Games) 手套小子",glover usa enfrde limited run games 手套小子,5,0.9910176222625459
"Glover (Europe) (En,Fr,De)",手套小子,"Glover (Europe) (En,Fr,De) 手套小子",glover europe enfrde 手套小子,1,0.9674902111681523
Glover (USA),手套小子,Glover (USA) 手套小子,glover usa 手套小子,5,0.985903055107112
Glover (USA) (1998-07-16) (Beta) [b],手套小子,Glover (USA) (1998-07-16) (Beta) [b] 手套小子,glover usa beta b 手套小子,5,0.9733396961969033
Glover 2 (USA) (Proto 2),手套小子2,Glover 2 (USA) (Proto 2) 手套小子2,glover usa proto 手套小子,5,0.9774655540511252
Glover 2 (USA) (Proto 1),手套小子2,Glover 2 (USA) (Proto 1) 手套小子2,glover usa proto 手套小子,5,0.9774655540511252
Goemon - Mononoke Sugoroku (Japan),大盗伍佑卫门-魔法双六,Goemon - Mononoke Sugoroku (Japan) 大盗伍佑卫门-魔法双六,goemon mononoke sugoroku japan 大盗伍佑卫门魔法双六,7,0.9906508212363723
Goemon's Great Adventure (USA),大盗伍佑卫门2,Goemon's Great Adventure (USA) 大盗伍佑卫门2,goemons great adventure usa 大盗伍佑卫门,5,0.9953402779383138
Golden Nugget 64 (USA),职业赌场64,Golden Nugget 64 (USA) 职业赌场64,golden nugget usa 职业赌场,5,0.9963150150873785
GoldenEye 007 (Europe),007-黄金眼,GoldenEye 007 (Europe) 007-黄金眼,goldeneye europe 黄金眼,1,0.9874514139928993
GoldenEye 007 (Japan),007-黄金眼,GoldenEye 007 (Japan) 007-黄金眼,goldeneye japan 黄金眼,7,0.9805661701019424
GoldenEye 007 (USA),007-黄金眼,GoldenEye 007 (USA) 007-黄金眼,goldeneye usa 黄金眼,5,0.9931664466267086
"GoldenEye 007 (USA, Europe) (Switch Online)",007-黄金眼,"GoldenEye 007 (USA, Europe) (Switch Online) 007-黄金眼",goldeneye usa europe switch online 黄金眼,1,0.9931400719597724
GoldenEye 007 (Japan) (Switch Online),007-黄金眼,GoldenEye 007 (Japan) (Switch Online) 007-黄金眼,goldeneye japan switch online 黄金眼,7,0.9879580349258834
"GT 64 - Championship Edition (Europe) (En,Fr,De)",GT64-锦标赛版,"GT 64 - Championship Edition (Europe) (En,Fr,De) GT64-锦标赛版",gt championship edition europe enfrde gt锦标赛版,1,0.9750750815842695
GT 64 - Championship Edition (USA),GT64-锦标赛版,GT 64 - Championship Edition (USA) GT64-锦标赛版,gt championship edition usa gt锦标赛版,5,0.9927832930753828
GT 64 - Championship Edition (USA) (Beta) (1998-05-25),GT64-锦标赛版,GT 64 - Championship Edition (USA) (Beta) (1998-05-25) GT64-锦标赛版,gt championship edition usa beta gt锦标赛版,5,0.9837286101453547
Hamster Monogatari 64 (Japan),仓鼠物语64,Hamster Monogatari 64 (Japan) 仓鼠物语64,hamster monogatari japan 仓鼠物语,7,0.9869414805536227
Harukanaru Augusta - Masters '98 (Japan),遥远的奥古斯塔-大师赛'98,Harukanaru Augusta - Masters '98 (Japan) 遥远的奥古斯塔-大师赛'98,harukanaru augusta masters japan 遥远的奥古斯塔大师赛,7,0.9916338335822531
Harvest Moon 64 (USA),牧场物语64,Harvest Moon 64 (USA) 牧场物语64,harvest moon usa 牧场物语,5,0.9956337364742776
Heiwa Pachinko World 64 (Japan),平和柏青哥世界64,Heiwa Pachinko World 64 (Japan) 平和柏青哥世界64,heiwa pachinko world japan 平和柏青哥世界,4,0.9864141796032138
"Hercules - The Legendary Journeys (Europe) (En,Fr,De,Es,It,Nl)",大力士-传奇旅程,"Hercules - The Legendary Journeys (Europe) (En,Fr,De,Es,It,Nl) 大力士-传奇旅程",hercules legendary journeys europe enfrdeesitnl 大力士传奇旅程,1,0.9870530241093396
Hercules - The Legendary Journeys (USA),大力士-传奇旅程,Hercules - The Legendary Journeys (USA) 大力士-传奇旅程,hercules legendary journeys usa 大力士传奇旅程,5,0.9928149850862448
Hercules - The Legendary Journeys (USA) (Beta 1),大力士-传奇旅程,Hercules - The Legendary Journeys (USA) (Beta 1) 大力士-传奇旅程,hercules legendary journeys usa beta 大力士传奇旅程,5,0.9835481841652735
Hercules - The Legendary Journeys (USA) (Beta 2),大力士-传奇旅程,Hercules - The Legendary Journeys (USA) (Beta 2) 大力士-传奇旅程,hercules legendary journeys usa beta 大力士传奇旅程,5,0.9835481841652735
Hexen (Europe),毁灭巫师,Hexen (Europe) 毁灭巫师,hexen europe 毁灭巫师,1,0.988602304258224
Hexen (France),毁灭巫师,Hexen (France) 毁灭巫师,hexen france 毁灭巫师,5,1.0008912583497764
Hexen (Germany),毁灭巫师,Hexen (Germany) 毁灭巫师,hexen germany 毁灭巫师,5,0.99966745803022
Hexen (Japan),毁灭巫师,Hexen (Japan) 毁灭巫师,hexen japan 毁灭巫师,7,0.9834330799208684
Hexen (USA),毁灭巫师,Hexen (USA) 毁灭巫师,hexen usa 毁灭巫师,5,0.9915048274804006
"Hey You, Pikachu! (USA)",你好-皮卡丘!,"Hey You, Pikachu! (USA) 你好-皮卡丘!",hey pikachu usa 你好皮卡丘,5,0.9961725126291499
Hiryuu no Ken Twin (Japan),飞龙之拳,Hiryuu no Ken Twin (Japan) 飞龙之拳,hiryuu ken twin japan 飞龙之拳,7,0.9893372658100364
Holy Magic Century (Europe),圣魔世纪,Holy Magic Century (Europe) 圣魔世纪,holy magic century europe 圣魔世纪,1,0.9946102246783647
Holy Magic Century (France),圣魔世纪,Holy Magic Century (France) 圣魔世纪,holy magic century france 圣魔世纪,5,1.0015496243192883
Holy Magic Century (Germany),圣魔世纪,Holy Magic Century (Germany) 圣魔世纪,holy magic century germany 圣魔世纪,5,1.000677469024216
Hoshi no Kirby 64 (Japan),星之卡比64,Hoshi no Kirby 64 (Japan) 星之卡比64,hoshi kirby japan 星之卡比,7,0.9862419282740045
Hoshi no Kirby 64 (Japan) (Rev 1),星之卡比64,Hoshi no Kirby 64 (Japan) (Rev 1) 星之卡比64,hoshi kirby japan rev 星之卡比,9,0.9544412007730579
Hoshi no Kirby 64 (Japan) (Rev 2),星之卡比64,Hoshi no Kirby 64 (Japan) (Rev 2) 星之卡比64,hoshi kirby japan rev 星之卡比,9,0.9544412007730579
Hoshi no Kirby 64 (Japan) (Rev 3),星之卡比64,Hoshi no Kirby 64 (Japan) (Rev 3) 星之卡比64,hoshi kirby japan rev 星之卡比,9,0.9544412007730579
"Hot Wheels - Turbo Racing (Europe) (En,Fr,De)",风火轮-涡轮赛车,"Hot Wheels - Turbo Racing (Europe) (En,Fr,De) 风火轮-涡轮赛车",hot wheels turbo racing europe enfrde 风火轮涡轮赛车,1,0.9769248598341688
Hot Wheels - Turbo Racing (USA),风火轮-涡轮赛车,Hot Wheels - Turbo Racing (USA) 风火轮-涡轮赛车,hot wheels turbo racing usa 风火轮涡轮赛车,5,0.9945555521441339
HSV Adventure Racing! (Australia),HSV冒险赛车,HSV Adventure Racing! (Australia) HSV冒险赛车,hsv adventure racing australia hsv冒险赛车,5,1.002475281570164
Human Grand Prix - The New Generation (Japan),休曼GP赛车,Human Grand Prix - The New Generation (Japan) 休曼GP赛车,human grand prix new generation japan 休曼gp赛车,7,0.9899360478100634
"Hybrid Heaven (Europe) (En,Fr,De)",混沌天堂,"Hybrid Heaven (Europe) (En,Fr,De) 混沌天堂",hybrid heaven europe enfrde 混沌天堂,1,0.975065930539602
Hybrid Heaven (Japan),混沌天堂,Hybrid Heaven (Japan) 混沌天堂,hybrid heaven japan 混沌天堂,7,0.9879930216198168
Hybrid Heaven (USA),混沌天堂,Hybrid Heaven (USA) 混沌天堂,hybrid heaven usa 混沌天堂,5,0.9957025860719798
Hydro Thunder (Europe),雷霆快艇,Hydro Thunder (Europe) 雷霆快艇,hydro thunder europe 雷霆快艇,1,0.9921514371544743
Hydro Thunder (France),雷霆快艇,Hydro Thunder (France) 雷霆快艇,hydro thunder france 雷霆快艇,5,1.0002072815692036
Hydro Thunder (USA),雷霆快艇,Hydro Thunder (USA) 雷霆快艇,hydro thunder usa 雷霆快艇,5,0.9915301710828645
Hydro Thunder (USA) (LodgeNet),雷霆快艇,Hydro Thunder (USA) (LodgeNet) 雷霆快艇,hydro thunder usa lodgenet 雷霆快艇,5,0.9842496106107013
Hyper Olympics in Nagano 64 (Japan),长野冬季奥运会64,Hyper Olympics in Nagano 64 (Japan) 长野冬季奥运会64,hyper olympics nagano japan 长野冬季奥运会,7,0.9896803126995933
Ide Yosuke no Mahjong Juku (Japan),井出洋介的麻雀塾,Ide Yosuke no Mahjong Juku (Japan) 井出洋介的麻雀塾,ide yosuke mahjong juku japan 井出洋介的麻雀塾,7,0.9902360755044937
Iggy-kun no Bura Bura Poyon (Japan),伊基滚滚球,Iggy-kun no Bura Bura Poyon (Japan) 伊基滚滚球,iggykun bura bura poyon japan 伊基滚滚球,7,0.9937395798006956
Iggy's Reckin' Balls (Europe),伊基滚滚球,Iggy's Reckin' Balls (Europe) 伊基滚滚球,iggys reckin balls europe 伊基滚滚球,1,0.994656716612993
Iggy's Reckin' Balls (USA),伊基滚滚球,Iggy's Reckin' Balls (USA) 伊基滚滚球,iggys reckin balls usa 伊基滚滚球,5,0.9949443923496164
Iggy's Reckin' Balls (USA) (Beta),伊基滚滚球,Iggy's Reckin' Balls (USA) (Beta) 伊基滚滚球,iggys reckin balls usa beta 伊基滚滚球,5,0.9862740783645432
In-Fisherman - Bass Hunter 64 (Europe),巴斯鲈猎人64,In-Fisherman - Bass Hunter 64 (Europe) 巴斯鲈猎人64,infisherman bass hunter europe 巴斯鲈猎人,1,0.9944257742943634
In-Fisherman - Bass Hunter 64 (USA),巴斯鲈猎人64,In-Fisherman - Bass Hunter 64 (USA) 巴斯鲈猎人64,infisherman bass hunter usa 巴斯鲈猎人,5,0.9967578744006201
Indiana Jones and the Infernal Machine (USA),印第安纳琼斯与恶魔机器,Indiana Jones and the Infernal Machine (USA) 印第安纳琼斯与恶魔机器,indiana jones infernal machine usa 印第安纳琼斯与恶魔机器,5,0.9964268116011669
Indiana Jones and the Infernal Machine (Australia) (Proto),印第安纳琼斯与恶魔机器,Indiana Jones and the Infernal Machine (Australia) (Proto) 印第安纳琼斯与恶魔机器,indiana jones infernal machine australia proto 印第安纳琼斯与恶魔机器,5,1.0003218408639594
Indy Racing 2000 (USA),印地赛车2000,Indy Racing 2000 (USA) 印地赛车2000,indy racing usa 印地赛车,5,0.9923476855737261
International Superstar Soccer '98 (Europe),国际超级明星足球'98,International Superstar Soccer '98 (Europe) 国际超级明星足球'98,international superstar soccer europe 国际超级明星足球,1,0.9784964512819975
International Superstar Soccer '98 (USA),国际超级明星足球'98,International Superstar Soccer '98 (USA) 国际超级明星足球'98,international superstar soccer usa 国际超级明星足球,5,0.988918625366838
International Superstar Soccer '98 (Europe) (Beta) (1998-03-02),国际超级明星足球'98,International Superstar Soccer '98 (Europe) (Beta) (1998-03-02) 国际超级明星足球'98,international superstar soccer europe beta 国际超级明星足球,1,0.9753121189999769
"International Superstar Soccer 2000 (Europe) (En,De)",国际超级明星足球2000,"International Superstar Soccer 2000 (Europe) (En,De) 国际超级明星足球2000",international superstar soccer europe ende 国际超级明星足球,1,0.9803844593794342
"International Superstar Soccer 2000 (Europe) (Fr,It)",国际超级明星足球2000,"International Superstar Soccer 2000 (Europe) (Fr,It) 国际超级明星足球2000",international superstar soccer europe frit 国际超级明星足球,1,0.9836015849959696
"International Superstar Soccer 2000 (USA) (En,Es)",国际超级明星足球2000,"International Superstar Soccer 2000 (USA) (En,Es) 国际超级明星足球2000",international superstar soccer usa enes 国际超级明星足球,5,0.9893895761433913
"International Superstar Soccer 2000 (USA) (En,Es) (Rev 1)",国际超级明星足球2000,"International Superstar Soccer 2000 (USA) (En,Es) (Rev 1) 国际超级明星足球2000",international superstar soccer usa enes rev 国际超级明星足球,5,0.9903787162349086
International Superstar Soccer 64 (Europe),国际超级明星足球64,International Superstar Soccer 64 (Europe) 国际超级明星足球64,international superstar soccer europe 国际超级明星足球,1,0.9784964512819975
International Superstar Soccer 64 (USA),国际超级明星足球64,International Superstar Soccer 64 (USA) 国际超级明星足球64,international superstar soccer usa 国际超级明星足球,5,0.988918625366838
"International Track & Field - Summer Games (Europe) (En,Fr,De)",国际田径-夏季运动会,"International Track & Field - Summer Games (Europe) (En,Fr,De) 国际田径-夏季运动会",international track field summer games europe enfrde 国际田径夏季运动会,1,0.9831134930015971
International Track & Field 2000 (USA),国际田径2000,International Track & Field 2000 (USA) 国际田径2000,international track field usa 国际田径,5,0.9962785275073649
Itoi Shigesato no Bass Tsuri No. 1 Kettei Ban! (Japan),系井重里的巴斯鲈钓No.1-决定版,Itoi Shigesato no Bass Tsuri No. 1 Kettei Ban! (Japan) 系井重里的巴斯鲈钓No.1-决定版,itoi shigesato bass tsuri kettei ban japan 系井重里的巴斯鲈钓no决定版,7,0.9949262149221154
J.League Dynamite Soccer 64 (Japan),J联盟火爆足球64,J.League Dynamite Soccer 64 (Japan) J联盟火爆足球64,jleague dynamite soccer japan j联盟火爆足球,7,0.9870425557713026
J.League Eleven Beat 1997 (Japan),Q版J联盟足球1997,J.League Eleven Beat 1997 (Japan) Q版J联盟足球1997,jleague eleven beat japan q版j联盟足球,7,0.9889842700707411
J.League Live 64 (Japan),J联盟足球64,J.League Live 64 (Japan) J联盟足球64,jleague live japan j联盟足球,7,0.9855117155908176
J.League Tactics Soccer (Japan),J联盟战术足球,J.League Tactics Soccer (Japan) J联盟战术足球,jleague tactics soccer japan j联盟战术足球,7,0.9864185067140437
J.League Tactics Soccer (Japan) (Rev 1),J联盟战术足球,J.League Tactics Soccer (Japan) (Rev 1) J联盟战术足球,jleague tactics soccer japan rev j联盟战术足球,9,0.9838177969563002
Jangou Simulation Mahjong Dou 64 (Japan),雀豪模拟-麻雀道64,Jangou Simulation Mahjong Dou 64 (Japan) 雀豪模拟-麻雀道64,jangou simulation mahjong dou japan 雀豪模拟麻雀道,7,0.9896635898423888
Jeopardy! (USA),危险边缘知识问答,Jeopardy! (USA) 危险边缘知识问答,jeopardy usa 危险边缘知识问答,5,0.9942328729022205
Jeremy McGrath Supercross 2000 (Europe),杰里米麦格拉思超级越野摩托赛2000,Jeremy McGrath Supercross 2000 (Europe) 杰里米麦格拉思超级越野摩托赛2000,jeremy mcgrath supercross europe 杰里米麦格拉思超级越野摩托赛,1,0.9932431323826584
Jeremy McGrath Supercross 2000 (USA),杰里米麦格拉思超级越野摩托赛2000,Jeremy McGrath Supercross 2000 (USA) 杰里米麦格拉思超级越野摩托赛2000,jeremy mcgrath supercross usa 杰里米麦格拉思超级越野摩托赛,5,0.9941272790270143
Jeremy McGrath Supercross 2000 (USA) (Beta),杰里米麦格拉思超级越野摩托赛2000,Jeremy McGrath Supercross 2000 (USA) (Beta) 杰里米麦格拉思超级越野摩托赛2000,jeremy mcgrath supercross usa beta 杰里米麦格拉思超级越野摩托赛,5,0.9854151834111524
"Jet Force Gemini (Europe) (En,Fr,De,Es)",喷射力量-双子星,"Jet Force Gemini (Europe) (En,Fr,De,Es) 喷射力量-双子星",jet force gemini europe enfrdees 喷射力量双子星,1,0.9881760130726644
Jet Force Gemini (USA),喷射力量-双子星,Jet Force Gemini (USA) 喷射力量-双子星,jet force gemini usa 喷射力量双子星,5,0.9942992816737711
Jet Force Gemini (USA) (Demo) (Kiosk),喷射力量-双子星,Jet Force Gemini (USA) (Demo) (Kiosk) 喷射力量-双子星,jet force gemini usa demo kiosk 喷射力量双子星,5,0.9942069147529511
Jikkyou G1 Stable (Japan),实况G1赛马,Jikkyou G1 Stable (Japan) 实况G1赛马,jikkyou g stable japan 实况g赛马,7,0.9867465951325795
Jikkyou G1 Stable (Japan) (Rev 1),实况G1赛马,Jikkyou G1 Stable (Japan) (Rev 1) 实况G1赛马,jikkyou g stable japan rev 实况g赛马,9,0.9792806868891999
Jikkyou J.League 1999 - Perfect Striker 2 (Japan),实况J联盟1999-最佳射手2,Jikkyou J.League 1999 - Perfect Striker 2 (Japan) 实况J联盟1999-最佳射手2,jikkyou jleague perfect striker japan 实况j联盟最佳射手,7,0.9832072858584472
Jikkyou J.League 1999 - Perfect Striker 2 (Japan) (Rev 1),实况J联盟1999-最佳射手2,Jikkyou J.League 1999 - Perfect Striker 2 (Japan) (Rev 1) 实况J联盟1999-最佳射手2,jikkyou jleague perfect striker japan rev 实况j联盟最佳射手,9,0.9847473169264008
Jikkyou J.League Perfect Striker (Japan),实况J联盟-最佳射手,Jikkyou J.League Perfect Striker (Japan) 实况J联盟-最佳射手,jikkyou jleague perfect striker japan 实况j联盟最佳射手,7,0.9832072858584472
Jikkyou Powerful Pro Yakyuu - Basic Ban 2001 (Japan),实况力量棒球基本版2001,Jikkyou Powerful Pro Yakyuu - Basic Ban 2001 (Japan) 实况力量棒球基本版2001,jikkyou powerful pro yakyuu basic ban japan 实况力量棒球基本版,0,0.8364794125794979
Jikkyou Powerful Pro Yakyuu - Basic Ban 2001 (Japan) (Rev 1),实况力量棒球基本版2001,Jikkyou Powerful Pro Yakyuu - Basic Ban 2001 (Japan) (Rev 1) 实况力量棒球基本版2001,jikkyou powerful pro yakyuu basic ban japan rev 实况力量棒球基本版,0,0.8080095236133263
Jikkyou Powerful Pro Yakyuu 2000 (Japan),实况力量棒球2000,Jikkyou Powerful Pro Yakyuu 2000 (Japan) 实况力量棒球2000,jikkyou powerful pro yakyuu japan 实况力量棒球,0,0.3792422803908408
Jikkyou Powerful Pro Yakyuu 2000 (Japan) (Rev 1),实况力量棒球2000,Jikkyou Powerful Pro Yakyuu 2000 (Japan) (Rev 1) 实况力量棒球2000,jikkyou powerful pro yakyuu japan rev 实况力量棒球,0,0.29856940148547234
Jikkyou Powerful Pro Yakyuu 4 (Japan),实况力量棒球4,Jikkyou Powerful Pro Yakyuu 4 (Japan) 实况力量棒球4,jikkyou powerful pro yakyuu japan 实况力量棒球,0,0.3792422803908408
Jikkyou Powerful Pro Yakyuu 4 (Japan) (Rev 1),实况力量棒球4,Jikkyou Powerful Pro Yakyuu 4 (Japan) (Rev 1) 实况力量棒球4,jikkyou powerful pro yakyuu japan rev 实况力量棒球,0,0.29856940148547234
Jikkyou Powerful Pro Yakyuu 4 (Japan) (Beta) (1996-11-30),实况力量棒球4,Jikkyou Powerful Pro Yakyuu 4 (Japan) (Beta) (1996-11-30) 实况力量棒球4,jikkyou powerful pro yakyuu japan beta 实况力量棒球,0,0.5820129816035692
Jikkyou Powerful Pro Yakyuu 5 (Japan),实况力量棒球5,Jikkyou Powerful Pro Yakyuu 5 (Japan) 实况力量棒球5,jikkyou powerful pro yakyuu japan 实况力量棒球,0,0.3792422803908408
Jikkyou Powerful Pro Yakyuu 5 (Japan) (Rev 2),实况力量棒球5,Jikkyou Powerful Pro Yakyuu 5 (Japan) (Rev 2) 实况力量棒球5,jikkyou powerful pro yakyuu japan rev 实况力量棒球,0,0.29856940148547234
Jikkyou Powerful Pro Yakyuu 5 (Japan) (Rev 1),实况力量棒球5,Jikkyou Powerful Pro Yakyuu 5 (Japan) (Rev 1) 实况力量棒球5,jikkyou powerful pro yakyuu japan rev 实况力量棒球,0,0.29856940148547234
Jikkyou Powerful Pro Yakyuu 6 (Japan),实况力量棒球6,Jikkyou Powerful Pro Yakyuu 6 (Japan) 实况力量棒球6,jikkyou powerful pro yakyuu japan 实况力量棒球,0,0.3792422803908408
Jikkyou Powerful Pro Yakyuu 6 (Japan) (Rev 1),实况力量棒球6,Jikkyou Powerful Pro Yakyuu 6 (Japan) (Rev 1) 实况力量棒球6,jikkyou powerful pro yakyuu japan rev 实况力量棒球,0,0.29856940148547234
Jikkyou Powerful Pro Yakyuu 6 (Japan) (Rev 2),实况力量棒球6,Jikkyou Powerful Pro Yakyuu 6 (Japan) (Rev 2) 实况力量棒球6,jikkyou powerful pro yakyuu japan rev 实况力量棒球,0,0.29856940148547234
Jikkyou World Soccer - World Cup France '98 (Japan),实况世界足球-法国世界杯'98,Jikkyou World Soccer - World Cup France '98 (Japan) 实况世界足球-法国世界杯'98,jikkyou world soccer world cup france japan 实况世界足球法国世界杯,4,0.9345934716667423
Jikkyou World Soccer - World Cup France '98 (Japan) (Rev 1),实况世界足球-法国世界杯'98,Jikkyou World Soccer - World Cup France '98 (Japan) (Rev 1) 实况世界足球-法国世界杯'98,jikkyou world soccer world cup france japan rev 实况世界足球法国世界杯,4,0.933563573661956
Jikkyou World Soccer - World Cup France '98 (Japan) (Rev 2),实况世界足球-法国世界杯'98,Jikkyou World Soccer - World Cup France '98 (Japan) (Rev 2) 实况世界足球-法国世界杯'98,jikkyou world soccer world cup france japan rev 实况世界足球法国世界杯,4,0.933563573661956
Jikkyou World Soccer 3 (Japan),实况世界足球3,Jikkyou World Soccer 3 (Japan) 实况世界足球3,jikkyou world soccer japan 实况世界足球,4,0.9699458842091884
Jikuu Senshi Turok (Japan),恐龙猎人,Jikuu Senshi Turok (Japan) 恐龙猎人,jikuu senshi turok japan 恐龙猎人,7,0.9902375892194345
Jinsei Game 64 (Japan),人生游戏64,Jinsei Game 64 (Japan) 人生游戏64,jinsei game japan 人生游戏,7,0.9859225742363068
"John Romero's Daikatana (Europe) (En,Fr,De)",大刀,"John Romero's Daikatana (Europe) (En,Fr,De) 大刀",john romeros daikatana europe enfrde 大刀,1,0.9790005874459878
John Romero's Daikatana (Japan),大刀,John Romero's Daikatana (Japan) 大刀,john romeros daikatana japan 大刀,7,0.9904449611356113
John Romero's Daikatana (USA),大刀,John Romero's Daikatana (USA) 大刀,john romeros daikatana usa 大刀,5,0.9969560401356539
Kakutou Denshou - F-Cup Maniax (Japan),格斗传承2,Kakutou Denshou - F-Cup Maniax (Japan) 格斗传承2,kakutou denshou fcup maniax japan 格斗传承,7,0.9918318552324986
Ken Griffey Jr.'s Slugfest (USA),小肯葛瑞菲棒球,Ken Griffey Jr.'s Slugfest (USA) 小肯葛瑞菲棒球,ken griffey jrs slugfest usa 小肯葛瑞菲棒球,5,0.9972038149052557
Killer Instinct Gold (Europe),杀手本能-黄金版,Killer Instinct Gold (Europe) 杀手本能-黄金版,killer instinct gold europe 杀手本能黄金版,1,0.9943062874317333
Killer Instinct Gold (USA),杀手本能-黄金版,Killer Instinct Gold (USA) 杀手本能-黄金版,killer instinct gold usa 杀手本能黄金版,5,0.9965915756909771
Killer Instinct Gold (USA) (Rev 1),杀手本能-黄金版,Killer Instinct Gold (USA) (Rev 1) 杀手本能-黄金版,killer instinct gold usa rev 杀手本能黄金版,9,0.9597745237895331
Killer Instinct Gold (USA) (Rev 2),杀手本能-黄金版,Killer Instinct Gold (USA) (Rev 2) 杀手本能-黄金版,killer instinct gold usa rev 杀手本能黄金版,9,0.9597745237895331
King Hill 64 - Extreme Snowboarding (Japan),雪地滑板王,King Hill 64 - Extreme Snowboarding (Japan) 雪地滑板王,king hill extreme snowboarding japan 雪地滑板王,7,0.9903409633240783
Kiratto Kaiketsu! 64 Tanteidan (Japan),侦探团64,Kiratto Kaiketsu! 64 Tanteidan (Japan) 侦探团64,kiratto kaiketsu tanteidan japan 侦探团,7,0.9916338335822531
Kirby 64 - The Crystal Shards (Europe),星之卡比64-水晶碎片,Kirby 64 - The Crystal Shards (Europe) 星之卡比64-水晶碎片,kirby crystal shards europe 星之卡比水晶碎片,1,0.9944303831144023
Kirby 64 - The Crystal Shards (USA),星之卡比64-水晶碎片,Kirby 64 - The Crystal Shards (USA) 星之卡比64-水晶碎片,kirby crystal shards usa 星之卡比水晶碎片,5,0.9943824849264351
Kirby 64 - The Crystal Shards (USA) (LodgeNet),星之卡比64-水晶碎片,Kirby 64 - The Crystal Shards (USA) (LodgeNet) 星之卡比64-水晶碎片,kirby crystal shards usa lodgenet 星之卡比水晶碎片,5,0.9877200463890239
Knife Edge - Nose Gunner (Europe),刀锋边缘-前机枪手,Knife Edge - Nose Gunner (Europe) 刀锋边缘-前机枪手,knife edge nose gunner europe 刀锋边缘前机枪手,1,0.9957448179808415
Knife Edge - Nose Gunner (Japan),刀锋边缘-前机枪手,Knife Edge - Nose Gunner (Japan) 刀锋边缘-前机枪手,knife edge nose gunner japan 刀锋边缘前机枪手,7,0.9920746231262917
Knife Edge - Nose Gunner (USA),刀锋边缘-前机枪手,Knife Edge - Nose Gunner (USA) 刀锋边缘-前机枪手,knife edge nose gunner usa 刀锋边缘前机枪手,5,0.9975881878514296
Knockout Kings 2000 (Europe),击倒王2000,Knockout Kings 2000 (Europe) 击倒王2000,knockout kings europe 击倒王,1,0.9930242063504283
Knockout Kings 2000 (USA),击倒王2000,Knockout Kings 2000 (USA) 击倒王2000,knockout kings usa 击倒王,5,0.9959635121573878
Kobe Bryant in NBA Courtside (Europe),NBA赛场-科比布莱恩特,Kobe Bryant in NBA Courtside (Europe) NBA赛场-科比布莱恩特,kobe bryant nba courtside europe nba赛场科比布莱恩特,1,0.9938836695267353
Kobe Bryant in NBA Courtside (USA),NBA赛场-科比布莱恩特,Kobe Bryant in NBA Courtside (USA) NBA赛场-科比布莱恩特,kobe bryant nba courtside usa nba赛场科比布莱恩特,5,0.99447792436823
Last Legion UX (Japan),最终军团UX,Last Legion UX (Japan) 最终军团UX,last legion ux japan 最终军团ux,7,0.9916338335822531
"Legend of Zelda, The - Majora's Mask (Europe) (En,Fr,De,Es)",塞尔达传说-马祖拉的假面,"Legend of Zelda, The - Majora's Mask (Europe) (En,Fr,De,Es) 塞尔达传说-马祖拉的假面",legend zelda majoras mask europe enfrdees 塞尔达传说马祖拉的假面,3,0.845352947150158
"Legend of Zelda, The - Majora's Mask (Europe) (En,Fr,De,Es) (Rev 1)",塞尔达传说-马祖拉的假面,"Legend of Zelda, The - Majora's Mask (Europe) (En,Fr,De,Es) (Rev 1) 塞尔达传说-马祖拉的假面",legend zelda majoras mask europe enfrdees rev 塞尔达传说马祖拉的假面,3,0.8435551039289165
"Legend of Zelda, The - Majora's Mask (USA)",塞尔达传说-马祖拉的假面,"Legend of Zelda, The - Majora's Mask (USA) 塞尔达传说-马祖拉的假面",legend zelda majoras mask usa 塞尔达传说马祖拉的假面,3,0.8403909316278986
"Legend of Zelda, The - Majora's Mask (USA) (Demo) (Kiosk)",塞尔达传说-马祖拉的假面,"Legend of Zelda, The - Majora's Mask (USA) (Demo) (Kiosk) 塞尔达传说-马祖拉的假面",legend zelda majoras mask usa demo kiosk 塞尔达传说马祖拉的假面,3,0.8840085395654521
"Legend of Zelda, The - Majora's Mask (Europe) (En,Fr,De,Es) (Rev 1) (Debug)",塞尔达传说-马祖拉的假面,"Legend of Zelda, The - Majora's Mask (Europe) (En,Fr,De,Es) (Rev 1) (Debug) 塞尔达传说-马祖拉的假面",legend zelda majoras mask europe enfrdees rev debug 塞尔达传说马祖拉的假面,3,0.8696052358797025
"Legend of Zelda, The - Majora's Mask (USA) (GameCube)",塞尔达传说-马祖拉的假面,"Legend of Zelda, The - Majora's Mask (USA) (GameCube) 塞尔达传说-马祖拉的假面",legend zelda majoras mask usa gamecube 塞尔达传说马祖拉的假面,3,0.8203107758024956
"Legend of Zelda, The - Majora's Mask (Europe) (GameCube)",塞尔达传说-马祖拉的假面,"Legend of Zelda, The - Majora's Mask (Europe) (GameCube) 塞尔达传说-马祖拉的假面",legend zelda majoras mask europe gamecube 塞尔达传说马祖拉的假面,3,0.8174775312162061
"Legend of Zelda, The - Majora's Mask (Europe) (En,Fr,De,Es) (Rev 1) (Wii Virtual Console)",塞尔达传说-马祖拉的假面,"Legend of Zelda, The - Majora's Mask (Europe) (En,Fr,De,Es) (Rev 1) (Wii Virtual Console) 塞尔达传说-马祖拉的假面",legend zelda majoras mask europe enfrdees rev wii virtual console 塞尔达传说马祖拉的假面,3,0.8908129826416163
"Legend of Zelda, The - Majora's Mask (USA) (LodgeNet)",塞尔达传说-马祖拉的假面,"Legend of Zelda, The - Majora's Mask (USA) (LodgeNet) 塞尔达传说-马祖拉的假面",legend zelda majoras mask usa lodgenet 塞尔达传说马祖拉的假面,3,0.8529990501052573
"Legend of Zelda, The - Ocarina of Time (USA) (Beta)",塞尔达传说-时之笛,"Legend of Zelda, The - Ocarina of Time (USA) (Beta) 塞尔达传说-时之笛",legend zelda ocarina time usa beta 塞尔达传说时之笛,3,0.7483213025603543
"Legend of Zelda, The - Ocarina of Time (Europe) (Beta) (2003-02-13) (GameCube)",塞尔达传说-时之笛,"Legend of Zelda, The - Ocarina of Time (Europe) (Beta) (2003-02-13) (GameCube) 塞尔达传说-时之笛",legend zelda ocarina time europe beta gamecube 塞尔达传说时之笛,3,0.7451463957221753
"Legend of Zelda, The - Ocarina of Time (USA) (LodgeNet)",塞尔达传说-时之笛,"Legend of Zelda, The - Ocarina of Time (USA) (LodgeNet) 塞尔达传说-时之笛",legend zelda ocarina time usa lodgenet 塞尔达传说时之笛,3,0.757298424277923
"Legend of Zelda, The - Ocarina of Time (Europe) (En,Fr,De)",塞尔达传说-时之笛,"Legend of Zelda, The - Ocarina of Time (Europe) (En,Fr,De) 塞尔达传说-时之笛",legend zelda ocarina time europe enfrde 塞尔达传说时之笛,3,0.7567993470997098
"Legend of Zelda, The - Ocarina of Time (Europe) (En,Fr,De) (Rev 1)",塞尔达传说-时之笛,"Legend of Zelda, The - Ocarina of Time (Europe) (En,Fr,De) (Rev 1) 塞尔达传说-时之笛",legend zelda ocarina time europe enfrde rev 塞尔达传说时之笛,3,0.7508481472812284
"Legend of Zelda, The - Ocarina of Time (USA)",塞尔达传说-时之笛,"Legend of Zelda, The - Ocarina of Time (USA) 塞尔达传说-时之笛",legend zelda ocarina time usa 塞尔达传说时之笛,3,0.7338586251591019
"Legend of Zelda, The - Ocarina of Time (USA) (Rev 1)",塞尔达传说-时之笛,"Legend of Zelda, The - Ocarina of Time (USA) (Rev 1) 塞尔达传说-时之笛",legend zelda ocarina time usa rev 塞尔达传说时之笛,3,0.7116786813961905
"Legend of Zelda, The - Ocarina of Time (USA) (Rev 2)",塞尔达传说-时之笛,"Legend of Zelda, The - Ocarina of Time (USA) (Rev 2) 塞尔达传说-时之笛",legend zelda ocarina time usa rev 塞尔达传说时之笛,3,0.7116786813961905
"Legend of Zelda, The - Ocarina of Time (USA) (GameCube)",塞尔达传说-时之笛,"Legend of Zelda, The - Ocarina of Time (USA) (GameCube) 塞尔达传说-时之笛",legend zelda ocarina time usa gamecube 塞尔达传说时之笛,3,0.7167183020363483
"Legend of Zelda, The - Ocarina of Time (Europe) (GameCube)",塞尔达传说-时之笛,"Legend of Zelda, The - Ocarina of Time (Europe) (GameCube) 塞尔达传说-时之笛",legend zelda ocarina time europe gamecube 塞尔达传说时之笛,3,0.7235500852284142
"Legend of Zelda, The - Ocarina of Time (Europe) (Beta) (2003-02-21) (GameCube) (Debug)",塞尔达传说-时之笛,"Legend of Zelda, The - Ocarina of Time (Europe) (Beta) (2003-02-21) (GameCube) (Debug) 塞尔达传说-时之笛",legend zelda ocarina time europe beta gamecube debug 塞尔达传说时之笛,3,0.7905909310924
"Legend of Zelda, The - Ocarina of Time - Master Quest (Europe) (GameCube) (Debug)",塞尔达传说-时之笛-里,"Legend of Zelda, The - Ocarina of Time - Master Quest (Europe) (GameCube) (Debug) 塞尔达传说-时之笛-里",legend zelda ocarina time master quest europe gamecube debug 塞尔达传说时之笛里,3,0.8479648910401
"Legend of Zelda, The - Ocarina of Time - Master Quest (USA) (GameCube)",塞尔达传说-时之笛-里,"Legend of Zelda, The - Ocarina of Time - Master Quest (USA) (GameCube) 塞尔达传说-时之笛-里",legend zelda ocarina time master quest usa gamecube 塞尔达传说时之笛里,3,0.8309473937803272
"Legend of Zelda, The - Ocarina of Time - Master Quest (Europe) (En,Fr,De) (GameCube)",塞尔达传说-时之笛-里,"Legend of Zelda, The - Ocarina of Time - Master Quest (Europe) (En,Fr,De) (GameCube) 塞尔达传说-时之笛-里",legend zelda ocarina time master quest europe enfrde gamecube 塞尔达传说时之笛里,3,0.8400559273118317
"LEGO Racers (Europe) (En,Fr,De,Es,It,Nl,Sv,No,Da,Fi)",乐高赛车,"LEGO Racers (Europe) (En,Fr,De,Es,It,Nl,Sv,No,Da,Fi) 乐高赛车",lego racers europe enfrdeesitnlsvnodafi 乐高赛车,1,0.9937884788049093
"LEGO Racers (USA) (En,Fr,De,Es,It,Nl,Sv,No,Da,Fi)",乐高赛车,"LEGO Racers (USA) (En,Fr,De,Es,It,Nl,Sv,No,Da,Fi) 乐高赛车",lego racers usa enfrdeesitnlsvnodafi 乐高赛车,5,0.9959551123350143
Let's Smash (Japan),中心球场网球赛,Let's Smash (Japan) 中心球场网球赛,lets smash japan 中心球场网球赛,7,0.9880594686857324
"Lode Runner 3-D (Europe) (En,Fr,De,Es,It)",淘金者3-D,"Lode Runner 3-D (Europe) (En,Fr,De,Es,It) 淘金者3-D",lode runner europe enfrdeesit 淘金者d,4,0.9734398202919159
Lode Runner 3-D (Japan),淘金者3-D,Lode Runner 3-D (Japan) 淘金者3-D,lode runner japan 淘金者d,7,0.9879930216198168
Lode Runner 3-D (USA),淘金者3-D,Lode Runner 3-D (USA) 淘金者3-D,lode runner usa 淘金者d,5,0.9957025860719798
"Lylat Wars (Australia) (En,Fr,De)",星际火狐,"Lylat Wars (Australia) (En,Fr,De) 星际火狐",lylat wars australia enfrde 星际火狐,1,0.9976899986057716
"Lylatwars (Europe) (En,Fr,De)",星际火狐,"Lylatwars (Europe) (En,Fr,De) 星际火狐",lylatwars europe enfrde 星际火狐,1,0.9674423634611587
Mace - The Dark Age (Europe),战锤-黑暗时代,Mace - The Dark Age (Europe) 战锤-黑暗时代,mace dark age europe 战锤黑暗时代,1,0.9936767713636578
Mace - The Dark Age (USA),战锤-黑暗时代,Mace - The Dark Age (USA) 战锤-黑暗时代,mace dark age usa 战锤黑暗时代,5,0.9941402374932385
Mace - The Dark Age (USA) (Beta),战锤-黑暗时代,Mace - The Dark Age (USA) (Beta) 战锤-黑暗时代,mace dark age usa beta 战锤黑暗时代,5,0.9853826899570708
Madden Football 64 (Europe),劲爆美式橄榄球64,Madden Football 64 (Europe) 劲爆美式橄榄球64,madden football europe 劲爆美式橄榄球,9,0.9895983842838025
Madden Football 64 (USA),劲爆美式橄榄球64,Madden Football 64 (USA) 劲爆美式橄榄球64,madden football usa 劲爆美式橄榄球,9,0.9763167280381949
Madden NFL 2000 (USA),劲爆美式橄榄球2000,Madden NFL 2000 (USA) 劲爆美式橄榄球2000,madden nfl usa 劲爆美式橄榄球,9,0.923485683762974
Madden NFL 2001 (USA),劲爆美式橄榄球2001,Madden NFL 2001 (USA) 劲爆美式橄榄球2001,madden nfl usa 劲爆美式橄榄球,9,0.923485683762974
Madden NFL 2002 (USA),劲爆美式橄榄球2002,Madden NFL 2002 (USA) 劲爆美式橄榄球2002,madden nfl usa 劲爆美式橄榄球,9,0.923485683762974
Madden NFL 99 (Europe),劲爆美式橄榄球'99,Madden NFL 99 (Europe) 劲爆美式橄榄球'99,madden nfl europe 劲爆美式橄榄球,9,0.9547975492462677
Madden NFL 99 (USA),劲爆美式橄榄球'99,Madden NFL 99 (USA) 劲爆美式橄榄球'99,madden nfl usa 劲爆美式橄榄球,9,0.923485683762974
Madden NFL 99 (USA) (1998-08-05) (Beta),劲爆美式橄榄球'99,Madden NFL 99 (USA) (1998-08-05) (Beta) 劲爆美式橄榄球'99,madden nfl usa beta 劲爆美式橄榄球,9,0.9417489513961296
Madden NFL 99 (USA) (Rev 1),劲爆美式橄榄球'99,Madden NFL 99 (USA) (Rev 1) 劲爆美式橄榄球'99,madden nfl usa rev 劲爆美式橄榄球,9,0.8787549871409427
Magical Tetris Challenge (Europe),魔法方块挑战,Magical Tetris Challenge (Europe) 魔法方块挑战,magical tetris challenge europe 魔法方块挑战,1,0.9922193484465648
Magical Tetris Challenge (Germany),魔法方块挑战,Magical Tetris Challenge (Germany) 魔法方块挑战,magical tetris challenge germany 魔法方块挑战,5,0.9995100524403735
Magical Tetris Challenge (USA),魔法方块挑战,Magical Tetris Challenge (USA) 魔法方块挑战,magical tetris challenge usa 魔法方块挑战,5,0.992641441242351
Magical Tetris Challenge featuring Mickey (Japan),魔法方块挑战,Magical Tetris Challenge featuring Mickey (Japan) 魔法方块挑战,magical tetris challenge featuring mickey japan 魔法方块挑战,7,0.9919182406621181
Mahjong 64 (Japan),麻雀64,Mahjong 64 (Japan) 麻雀64,mahjong japan 麻雀,7,0.979813350281885
Mahjong Hourouki Classic (Japan),麻雀放浪记-经典,Mahjong Hourouki Classic (Japan) 麻雀放浪记-经典,mahjong hourouki classic japan 麻雀放浪记经典,7,0.9878544917166311
Mahjong Master (Japan),麻雀大师,Mahjong Master (Japan) 麻雀大师,mahjong master japan 麻雀大师,7,0.9845164361107969
Major League Baseball Featuring Ken Griffey Jr. (Australia),美国职业棒球大联盟,Major League Baseball Featuring Ken Griffey Jr. (Australia) 美国职业棒球大联盟,major league baseball featuring ken griffey jr australia 美国职业棒球大联盟,5,1.0016437388291521
Major League Baseball Featuring Ken Griffey Jr. (USA),美国职业棒球大联盟,Major League Baseball Featuring Ken Griffey Jr. (USA) 美国职业棒球大联盟,major league baseball featuring ken griffey jr usa 美国职业棒球大联盟,5,0.9962390016234891
Manic Miner 64 (World) (Summer64) (Unl),,Manic Miner 64 (World) (Summer64) (Unl) ,manic miner world summer unl,4,0.9735726005735681
Mario Golf (USA) (LodgeNet),马里奥高尔夫,Mario Golf (USA) (LodgeNet) 马里奥高尔夫,mario golf usa lodgenet 马里奥高尔夫,5,0.9822521148695833
Mario Golf (Europe),马里奥高尔夫,Mario Golf (Europe) 马里奥高尔夫,mario golf europe 马里奥高尔夫,1,0.9872270043978916
Mario Golf (USA),马里奥高尔夫,Mario Golf (USA) 马里奥高尔夫,mario golf usa 马里奥高尔夫,5,0.9897353413376954
Mario Golf 64 (Japan),马里奥高尔夫64,Mario Golf 64 (Japan) 马里奥高尔夫64,mario golf japan 马里奥高尔夫,7,0.9818733564096188
Mario Golf 64 (Japan) (Rev 1),马里奥高尔夫64,Mario Golf 64 (Japan) (Rev 1) 马里奥高尔夫64,mario golf japan rev 马里奥高尔夫,9,0.972148241357535
Mario Kart 64 (Europe),马里奥赛车64,Mario Kart 64 (Europe) 马里奥赛车64,mario kart europe 马里奥赛车,1,0.9886529115664
Mario Kart 64 (Europe) (Rev 1),马里奥赛车64,Mario Kart 64 (Europe) (Rev 1) 马里奥赛车64,mario kart europe rev 马里奥赛车,9,0.9822828007008115
Mario Kart 64 (Japan),马里奥赛车64,Mario Kart 64 (Japan) 马里奥赛车64,mario kart japan 马里奥赛车,7,0.982006788377422
Mario Kart 64 (Japan) (Rev 1),马里奥赛车64,Mario Kart 64 (Japan) (Rev 1) 马里奥赛车64,mario kart japan rev 马里奥赛车,9,0.9658888482792486
Mario Kart 64 (USA),马里奥赛车64,Mario Kart 64 (USA) 马里奥赛车64,mario kart usa 马里奥赛车,5,0.9899999268861043
Mario Kart 64 (USA) (LodgeNet),马里奥赛车64,Mario Kart 64 (USA) (LodgeNet) 马里奥赛车64,mario kart usa lodgenet 马里奥赛车,5,0.9825234407350949
Mario no Photopie (Japan),马里奥纪念册,Mario no Photopie (Japan) 马里奥纪念册,mario photopie japan 马里奥纪念册,7,0.984575090241557
"Mario Party (Europe) (En,Fr,De)",马里奥聚会,"Mario Party (Europe) (En,Fr,De) 马里奥聚会",mario party europe enfrde 马里奥聚会,1,0.9648372341788942
Mario Party (Japan),马里奥聚会,Mario Party (Japan) 马里奥聚会,mario party japan 马里奥聚会,7,0.9657540965085971
Mario Party (USA),马里奥聚会,Mario Party (USA) 马里奥聚会,mario party usa 马里奥聚会,5,0.9816924545362652
"Mario Party 2 (Europe) (En,Fr,De,Es,It)",马里奥聚会2,"Mario Party 2 (Europe) (En,Fr,De,Es,It) 马里奥聚会2",mario party europe enfrdeesit 马里奥聚会,4,0.9595734280273903
Mario Party 2 (Japan),马里奥聚会2,Mario Party 2 (Japan) 马里奥聚会2,mario party japan 马里奥聚会,7,0.9657540965085971
Mario Party 2 (USA),马里奥聚会2,Mario Party 2 (USA) 马里奥聚会2,mario party usa 马里奥聚会,5,0.9816924545362652
"Mario Party 2 (Europe) (En,Fr,De,Es,It) (Wii Virtual Console)",马里奥聚会2,"Mario Party 2 (Europe) (En,Fr,De,Es,It) (Wii Virtual Console) 马里奥聚会2",mario party europe enfrdeesit wii virtual console 马里奥聚会,4,0.9724135750283609
Mario Party 2 (Japan) (Wii Virtual Console),马里奥聚会2,Mario Party 2 (Japan) (Wii Virtual Console) 马里奥聚会2,mario party japan wii virtual console 马里奥聚会,7,0.9755987394049068
Mario Party 2 (USA) (Wii Virtual Console),马里奥聚会2,Mario Party 2 (USA) (Wii Virtual Console) 马里奥聚会2,mario party usa wii virtual console 马里奥聚会,5,0.9860460960705705
"Mario Party 3 (Europe) (En,Fr,De,Es)",马里奥聚会3,"Mario Party 3 (Europe) (En,Fr,De,Es) 马里奥聚会3",mario party europe enfrdees 马里奥聚会,1,0.9793238165387741
Mario Party 3 (Japan),马里奥聚会3,Mario Party 3 (Japan) 马里奥聚会3,mario party japan 马里奥聚会,7,0.9657540965085971
Mario Party 3 (USA),马里奥聚会3,Mario Party 3 (USA) 马里奥聚会3,mario party usa 马里奥聚会,5,0.9816924545362652
Mario Party 3 (USA) (Beta),马里奥聚会3,Mario Party 3 (USA) (Beta) 马里奥聚会3,mario party usa beta 马里奥聚会,5,0.9726952538518556
Mario Party 3 (USA) (LodgeNet),马里奥聚会3,Mario Party 3 (USA) (LodgeNet) 马里奥聚会3,mario party usa lodgenet 马里奥聚会,5,0.9760093968428916
Mario Story (Japan),纸片马里奥,Mario Story (Japan) 纸片马里奥,mario story japan 纸片马里奥,7,0.9812264000846652
Mario Tennis (Europe),马里奥网球,Mario Tennis (Europe) 马里奥网球,mario tennis europe 马里奥网球,1,0.9848568054439959
Mario Tennis (USA),马里奥网球,Mario Tennis (USA) 马里奥网球,mario tennis usa 马里奥网球,5,0.9876535129210411
Mario Tennis (Europe) (Wii Virtual Console),马里奥网球,Mario Tennis (Europe) (Wii Virtual Console) 马里奥网球,mario tennis europe wii virtual console 马里奥网球,1,0.9899042224445166
Mario Tennis (USA) (Wii Virtual Console),马里奥网球,Mario Tennis (USA) (Wii Virtual Console) 马里奥网球,mario tennis usa wii virtual console 马里奥网球,5,0.9889388160036435
Mario Tennis (USA) (LodgeNet),马里奥网球,Mario Tennis (USA) (LodgeNet) 马里奥网球,mario tennis usa lodgenet 马里奥网球,5,0.980191658552811
Mario Tennis 64 (Japan),马里奥网球64,Mario Tennis 64 (Japan) 马里奥网球64,mario tennis japan 马里奥网球,7,0.9789131916727659
Mario Tennis 64 (Japan) (Wii Virtual Console),马里奥网球64,Mario Tennis 64 (Japan) (Wii Virtual Console) 马里奥网球64,mario tennis japan wii virtual console 马里奥网球,7,0.9821865695331715
Mega Man 64 (USA),洛克人64,Mega Man 64 (USA) 洛克人64,mega man usa 洛克人,5,0.9921805591916804
Mega Man 64 (USA) (Beta),洛克人64,Mega Man 64 (USA) (Beta) 洛克人64,mega man usa beta 洛克人,5,0.9825523145313029
"Mia Hamm Soccer 64 (USA) (En,Es)",米娅哈姆足球64,"Mia Hamm Soccer 64 (USA) (En,Es) 米娅哈姆足球64",mia hamm soccer usa enes 米娅哈姆足球,5,0.9944591221691056
Michael Owen's WLS 2000 (Europe),迈克尔欧文世界联盟足球2000,Michael Owen's WLS 2000 (Europe) 迈克尔欧文世界联盟足球2000,michael owens wls europe 迈克尔欧文世界联盟足球,1,0.9950527327021254
"Michael Owen's WLS 2000 (Europe) (En,Fr,De,Es,It) (Beta)",迈克尔欧文世界联盟足球2000,"Michael Owen's WLS 2000 (Europe) (En,Fr,De,Es,It) (Beta) 迈克尔欧文世界联盟足球2000",michael owens wls europe enfrdeesit beta 迈克尔欧文世界联盟足球,4,0.9814052251169832
Mickey no Racing Challenge USA (Japan),米奇赛车,Mickey no Racing Challenge USA (Japan) 米奇赛车,mickey racing challenge usa japan 米奇赛车,7,0.989578438942586
"Mickey's Speedway USA (Europe) (En,Fr,De,Es,It)",米奇赛车,"Mickey's Speedway USA (Europe) (En,Fr,De,Es,It) 米奇赛车",mickeys speedway usa europe enfrdeesit 米奇赛车,4,0.9749392611052347
Mickey's Speedway USA (USA),米奇赛车,Mickey's Speedway USA (USA) 米奇赛车,mickeys speedway usa usa 米奇赛车,5,0.9889777292113324
"Micro Machines 64 Turbo (Europe) (En,Fr,De,Es,It)",微型机器64-涡轮,"Micro Machines 64 Turbo (Europe) (En,Fr,De,Es,It) 微型机器64-涡轮",micro machines turbo europe enfrdeesit 微型机器涡轮,4,0.9794085493071983
Micro Machines 64 Turbo (USA),微型机器64-涡轮,Micro Machines 64 Turbo (USA) 微型机器64-涡轮,micro machines turbo usa 微型机器涡轮,5,0.9969081281770857
Midway's Greatest Arcade Hits - Volume 1 (USA),Midway经典街机游戏合集-Vol.1,Midway's Greatest Arcade Hits - Volume 1 (USA) Midway经典街机游戏合集-Vol.1,midways greatest arcade hits volume usa midway经典街机游戏合集vol,5,0.9964019494971682
Midway's Greatest Arcade Hits - Volume 1 (USA) (LodgeNet),Midway经典街机游戏合集-Vol.1,Midway's Greatest Arcade Hits - Volume 1 (USA) (LodgeNet) Midway经典街机游戏合集-Vol.1,midways greatest arcade hits volume usa lodgenet midway经典街机游戏合集vol,5,0.9908798231377538
Mike Piazza's Strike Zone (USA),麦克皮耶萨棒球,Mike Piazza's Strike Zone (USA) 麦克皮耶萨棒球,mike piazzas strike zone usa 麦克皮耶萨棒球,5,0.9949481553111511
Milo's Astro Lanes (Europe),米罗的空间保龄球,Milo's Astro Lanes (Europe) 米罗的空间保龄球,milos astro lanes europe 米罗的空间保龄球,1,0.9951586153829851
Milo's Astro Lanes (USA),米罗的空间保龄球,Milo's Astro Lanes (USA) 米罗的空间保龄球,milos astro lanes usa 米罗的空间保龄球,5,0.9972163567170862
Mini Racers (USA) (Ja) (Proto),迷你赛车,Mini Racers (USA) (Ja) (Proto) 迷你赛车,mini racers usa ja proto 迷你赛车,5,0.9939586576736644
Mischief Makers (Europe),麻烦制造者,Mischief Makers (Europe) 麻烦制造者,mischief makers europe 麻烦制造者,1,0.9924050795216007
Mischief Makers (USA),麻烦制造者,Mischief Makers (USA) 麻烦制造者,mischief makers usa 麻烦制造者,5,0.9954943631907985
Mischief Makers (USA) (Rev 1),麻烦制造者,Mischief Makers (USA) (Rev 1) 麻烦制造者,mischief makers usa rev 麻烦制造者,9,0.9666618997109581
Mission - Impossible (Europe),碟中谍,Mission - Impossible (Europe) 碟中谍,mission impossible europe 碟中谍,1,0.9880757611432586
Mission - Impossible (France),碟中谍,Mission - Impossible (France) 碟中谍,mission impossible france 碟中谍,5,0.9971873717113885
Mission - Impossible (Germany),碟中谍,Mission - Impossible (Germany) 碟中谍,mission impossible germany 碟中谍,5,0.9960892107725707
Mission - Impossible (Italy),碟中谍,Mission - Impossible (Italy) 碟中谍,mission impossible italy 碟中谍,5,0.9997075500591479
Mission - Impossible (Spain),碟中谍,Mission - Impossible (Spain) 碟中谍,mission impossible spain 碟中谍,5,0.9993116583164385
Mission - Impossible (USA),碟中谍,Mission - Impossible (USA) 碟中谍,mission impossible usa 碟中谍,5,0.9888683448986051
Mission - Impossible (Spain) (Rev 1),碟中谍,Mission - Impossible (Spain) (Rev 1) 碟中谍,mission impossible spain rev 碟中谍,5,0.9995874214118008
Mission - Impossible (Europe) (Beta),碟中谍,Mission - Impossible (Europe) (Beta) 碟中谍,mission impossible europe beta 碟中谍,1,0.9832199539341027
Monaco Grand Prix (USA),模拟赛车2-摩纳哥大奖赛,Monaco Grand Prix (USA) 模拟赛车2-摩纳哥大奖赛,monaco grand prix usa 模拟赛车摩纳哥大奖赛,5,0.9961409971752554
"Monaco Grand Prix - Racing Simulation 2 (Europe) (En,Fr,Es,It)",模拟赛车2-摩纳哥大奖赛,"Monaco Grand Prix - Racing Simulation 2 (Europe) (En,Fr,Es,It) 模拟赛车2-摩纳哥大奖赛",monaco grand prix racing simulation europe enfresit 模拟赛车摩纳哥大奖赛,1,0.9943697821333868
Monopoly (USA),大富翁,Monopoly (USA) 大富翁,monopoly usa 大富翁,5,0.9942328729022205
"Monster Truck Madness 64 (Europe) (En,Fr,De,Es,It)",疯狂怪物卡车64,"Monster Truck Madness 64 (Europe) (En,Fr,De,Es,It) 疯狂怪物卡车64",monster truck madness europe enfrdeesit 疯狂怪物卡车,4,0.9795437926392456
Monster Truck Madness 64 (USA),疯狂怪物卡车64,Monster Truck Madness 64 (USA) 疯狂怪物卡车64,monster truck madness usa 疯狂怪物卡车,5,0.9966317292550796
Morita Shougi 64 (Japan),森田将棋64,Morita Shougi 64 (Japan) 森田将棋64,morita shougi japan 森田将棋,7,0.9858508921693494
Mortal Kombat 4 (Europe),真人快打4,Mortal Kombat 4 (Europe) 真人快打4,mortal kombat europe 真人快打,1,0.9887894454299817
Mortal Kombat 4 (USA),真人快打4,Mortal Kombat 4 (USA) 真人快打4,mortal kombat usa 真人快打,5,0.9909237546593013
Mortal Kombat 4 (USA) (LodgeNet),真人快打4,Mortal Kombat 4 (USA) (LodgeNet) 真人快打4,mortal kombat usa lodgenet 真人快打,5,0.983490266058675
Mortal Kombat Mythologies - Sub-Zero (Europe),真人快打神话-绝对零度,Mortal Kombat Mythologies - Sub-Zero (Europe) 真人快打神话-绝对零度,mortal kombat mythologies subzero europe 真人快打神话绝对零度,1,0.9937325523093378
Mortal Kombat Mythologies - Sub-Zero (USA),真人快打神话-绝对零度,Mortal Kombat Mythologies - Sub-Zero (USA) 真人快打神话-绝对零度,mortal kombat mythologies subzero usa 真人快打神话绝对零度,5,0.9952038376673401
Mortal Kombat Trilogy (Europe),真人快打三部曲,Mortal Kombat Trilogy (Europe) 真人快打三部曲,mortal kombat trilogy europe 真人快打三部曲,1,0.9911173258104881
Mortal Kombat Trilogy (USA),真人快打三部曲,Mortal Kombat Trilogy (USA) 真人快打三部曲,mortal kombat trilogy usa 真人快打三部曲,5,0.9920784500289773
Mortal Kombat Trilogy (USA) (Rev 2),真人快打三部曲,Mortal Kombat Trilogy (USA) (Rev 2) 真人快打三部曲,mortal kombat trilogy usa rev 真人快打三部曲,9,0.9570055064303616
Mortal Kombat Trilogy (USA) (Rev 1),真人快打三部曲,Mortal Kombat Trilogy (USA) (Rev 1) 真人快打三部曲,mortal kombat trilogy usa rev 真人快打三部曲,9,0.9570055064303616
Mortal Kombat Trilogy (USA) (1996-05-13) (Beta),真人快打三部曲,Mortal Kombat Trilogy (USA) (1996-05-13) (Beta) 真人快打三部曲,mortal kombat trilogy usa beta 真人快打三部曲,5,0.9828488915834033
"MRC - Multi-Racing Championship (Europe) (En,Fr,De)",MRC-多赛车锦标赛,"MRC - Multi-Racing Championship (Europe) (En,Fr,De) MRC-多赛车锦标赛",mrc multiracing championship europe enfrde mrc多赛车锦标赛,1,0.9777339071371788
MRC - Multi-Racing Championship (Japan),MRC-多赛车锦标赛,MRC - Multi-Racing Championship (Japan) MRC-多赛车锦标赛,mrc multiracing championship japan mrc多赛车锦标赛,7,0.9890859632117405
MRC - Multi-Racing Championship (USA),MRC-多赛车锦标赛,MRC - Multi-Racing Championship (USA) MRC-多赛车锦标赛,mrc multiracing championship usa mrc多赛车锦标赛,5,0.9955034146603481
Ms. Pac-Man - Maze Madness (USA),吃豆小姐-疯狂迷宫,Ms. Pac-Man - Maze Madness (USA) 吃豆小姐-疯狂迷宫,ms pacman maze madness usa 吃豆小姐疯狂迷宫,5,0.997545599109193
"Mystical Ninja 2 Starring Goemon (Europe) (En,Fr,De)",大盗伍佑卫门2,"Mystical Ninja 2 Starring Goemon (Europe) (En,Fr,De) 大盗伍佑卫门2",mystical ninja starring goemon europe enfrde 大盗伍佑卫门,1,0.9773368169926077
Mystical Ninja Starring Goemon (Europe),大盗伍佑卫门,Mystical Ninja Starring Goemon (Europe) 大盗伍佑卫门,mystical ninja starring goemon europe 大盗伍佑卫门,1,0.9920902075198861
Mystical Ninja Starring Goemon (USA),大盗伍佑卫门,Mystical Ninja Starring Goemon (USA) 大盗伍佑卫门,mystical ninja starring goemon usa 大盗伍佑卫门,5,0.9966292562911342
Nacho 64 (World) (Auto Demo) (Unl),,Nacho 64 (World) (Auto Demo) (Unl) ,nacho world auto demo unl,4,0.9695299967962085
Nagano Winter Olympics '98 (Europe),长野冬季奥运会'98,Nagano Winter Olympics '98 (Europe) 长野冬季奥运会'98,nagano winter olympics europe 长野冬季奥运会,1,0.9948862394271003
Nagano Winter Olympics '98 (USA),长野冬季奥运会'98,Nagano Winter Olympics '98 (USA) 长野冬季奥运会'98,nagano winter olympics usa 长野冬季奥运会,5,0.9970565970073201
Namco Museum 64 (USA),南梦宫博物馆64,Namco Museum 64 (USA) 南梦宫博物馆64,namco museum usa 南梦宫博物馆,5,0.9962307201722577
NASCAR 2000 (USA),云斯顿赛车2000,NASCAR 2000 (USA) 云斯顿赛车2000,nascar usa 云斯顿赛车,5,0.9910110219122917
"NASCAR 99 (Europe) (En,Fr,De)",云斯顿赛车'99,"NASCAR 99 (Europe) (En,Fr,De) 云斯顿赛车'99",nascar europe enfrde 云斯顿赛车,1,0.9690850560696046
NASCAR 99 (USA),云斯顿赛车'99,NASCAR 99 (USA) 云斯顿赛车'99,nascar usa 云斯顿赛车,5,0.9910110219122917
NBA Courtside 2 featuring Kobe Bryant (USA),NBA赛场2-科比布莱恩特,NBA Courtside 2 featuring Kobe Bryant (USA) NBA赛场2-科比布莱恩特,nba courtside featuring kobe bryant usa nba赛场科比布莱恩特,5,0.9951146708274056
NBA Hangtime (Europe),NBA二对二,NBA Hangtime (Europe) NBA二对二,nba hangtime europe nba二对二,1,0.9897463277305569
NBA Hangtime (USA),NBA二对二,NBA Hangtime (USA) NBA二对二,nba hangtime usa nba二对二,5,0.9934961604338667
NBA in the Zone '98 (Japan),NBA地带'98,NBA in the Zone '98 (Japan) NBA地带'98,nba zone japan nba地带,7,0.980438212427971
NBA in the Zone '98 (USA),NBA地带'98,NBA in the Zone '98 (USA) NBA地带'98,nba zone usa nba地带,5,0.9865149238635516
NBA in the Zone '99 (USA),NBA地带'99,NBA in the Zone '99 (USA) NBA地带'99,nba zone usa nba地带,5,0.9865149238635516
NBA in the Zone 2 (Japan),NBA地带2,NBA in the Zone 2 (Japan) NBA地带2,nba zone japan nba地带,7,0.980438212427971
NBA in the Zone 2000 (Europe),NBA地带2000,NBA in the Zone 2000 (Europe) NBA地带2000,nba zone europe nba地带,1,0.9832460298235564
NBA in the Zone 2000 (USA),NBA地带2000,NBA in the Zone 2000 (USA) NBA地带2000,nba zone usa nba地带,5,0.9865149238635516
NBA Jam 2000 (Europe),NBA大灌篮2000,NBA Jam 2000 (Europe) NBA大灌篮2000,nba jam europe nba大灌篮,1,0.9845335773006194
NBA Jam 2000 (USA),NBA大灌篮2000,NBA Jam 2000 (USA) NBA大灌篮2000,nba jam usa nba大灌篮,5,0.9888572726333303
NBA Jam 99 (Europe),NBA大灌篮'99,NBA Jam 99 (Europe) NBA大灌篮'99,nba jam europe nba大灌篮,1,0.9845335773006194
NBA Jam 99 (USA),NBA大灌篮'99,NBA Jam 99 (USA) NBA大灌篮'99,nba jam usa nba大灌篮,5,0.9888572726333303
NBA Jam 99 (USA) (Beta) (1998-09-25),NBA大灌篮'99,NBA Jam 99 (USA) (Beta) (1998-09-25) NBA大灌篮'99,nba jam usa beta nba大灌篮,5,0.9793876115123901
"NBA Live 2000 (Europe) (En,Fr,De,Es)",NBA实况2000,"NBA Live 2000 (Europe) (En,Fr,De,Es) NBA实况2000",nba live europe enfrdees nba实况,1,0.9829606924271113
"NBA Live 2000 (USA) (En,Fr,De,Es)",NBA实况2000,"NBA Live 2000 (USA) (En,Fr,De,Es) NBA实况2000",nba live usa enfrdees nba实况,5,0.9943814167242095
"NBA Live 99 (Europe) (En,Fr,De,Es,It)",NBA实况'99,"NBA Live 99 (Europe) (En,Fr,De,Es,It) NBA实况'99",nba live europe enfrdeesit nba实况,4,0.9610460195288388
"NBA Live 99 (USA) (En,Fr,De,Es,It)",NBA实况'99,"NBA Live 99 (USA) (En,Fr,De,Es,It) NBA实况'99",nba live usa enfrdeesit nba实况,4,0.9857321400876854
NBA Pro 98 (Europe),NBA地带'98,NBA Pro 98 (Europe) NBA地带'98,nba pro europe nba地带,1,0.9790317885933026
NBA Pro 99 (Europe),NBA地带'99,NBA Pro 99 (Europe) NBA地带'99,nba pro europe nba地带,1,0.9790317885933026
NBA Showtime - NBA on NBC (USA),NBA个人秀-NBC电视台,NBA Showtime - NBA on NBC (USA) NBA个人秀-NBC电视台,nba showtime nba nbc usa nba个人秀nbc电视台,5,0.9956166115846706
Neon Genesis Evangelion (Japan),新世纪福音战士,Neon Genesis Evangelion (Japan) 新世纪福音战士,neon genesis evangelion japan 新世纪福音战士,7,0.9916338335822531
"New Tetris, The (Europe)",新俄罗斯方块,"New Tetris, The (Europe) 新俄罗斯方块",new tetris europe 新俄罗斯方块,1,0.9915318221347148
"New Tetris, The (USA)",新俄罗斯方块,"New Tetris, The (USA) 新俄罗斯方块",new tetris usa 新俄罗斯方块,5,0.9926040785261733
"New Tetris, The (USA) (LodgeNet)",新俄罗斯方块,"New Tetris, The (USA) (LodgeNet) 新俄罗斯方块",new tetris usa lodgenet 新俄罗斯方块,5,0.9852378756814484
NFL Blitz (USA),橄榄球闪电战,NFL Blitz (USA) 橄榄球闪电战,nfl blitz usa 橄榄球闪电战,9,0.9586016870438995
NFL Blitz - Special Edition (USA),橄榄球闪电战-特别版,NFL Blitz - Special Edition (USA) 橄榄球闪电战-特别版,nfl blitz special edition usa 橄榄球闪电战特别版,9,0.9881584430081873
NFL Blitz 2000 (USA),橄榄球闪电战2000,NFL Blitz 2000 (USA) 橄榄球闪电战2000,nfl blitz usa 橄榄球闪电战,9,0.9586016870438995
NFL Blitz 2000 (USA) (Rev 1),橄榄球闪电战2000,NFL Blitz 2000 (USA) (Rev 1) 橄榄球闪电战2000,nfl blitz usa rev 橄榄球闪电战,9,0.9089691648296374
NFL Blitz 2001 (USA),橄榄球闪电战2001,NFL Blitz 2001 (USA) 橄榄球闪电战2001,nfl blitz usa 橄榄球闪电战,9,0.9586016870438995
NFL QB Club 2001 (USA),NFL四分卫俱乐部2001,NFL QB Club 2001 (USA) NFL四分卫俱乐部2001,nfl qb club usa nfl四分卫俱乐部,9,0.97023655355729
NFL Quarterback Club 2000 (Europe),NFL四分卫俱乐部2000,NFL Quarterback Club 2000 (Europe) NFL四分卫俱乐部2000,nfl quarterback club europe nfl四分卫俱乐部,9,0.9499190528504372
NFL Quarterback Club 2000 (USA),NFL四分卫俱乐部2000,NFL Quarterback Club 2000 (USA) NFL四分卫俱乐部2000,nfl quarterback club usa nfl四分卫俱乐部,9,0.939638840729032
NFL Quarterback Club 98 (Europe),NFL四分卫俱乐部'98,NFL Quarterback Club 98 (Europe) NFL四分卫俱乐部'98,nfl quarterback club europe nfl四分卫俱乐部,9,0.9499190528504372
NFL Quarterback Club 98 (USA),NFL四分卫俱乐部'98,NFL Quarterback Club 98 (USA) NFL四分卫俱乐部'98,nfl quarterback club usa nfl四分卫俱乐部,9,0.939638840729032
NFL Quarterback Club 99 (Europe),NFL四分卫俱乐部'99,NFL Quarterback Club 99 (Europe) NFL四分卫俱乐部'99,nfl quarterback club europe nfl四分卫俱乐部,9,0.9499190528504372
NFL Quarterback Club 99 (USA),NFL四分卫俱乐部'99,NFL Quarterback Club 99 (USA) NFL四分卫俱乐部'99,nfl quarterback club usa nfl四分卫俱乐部,9,0.939638840729032
"NHL 99 (Europe) (En,De,Sv,Fi)",NHL冰球'99,"NHL 99 (Europe) (En,De,Sv,Fi) NHL冰球'99",nhl europe endesvfi nhl冰球,1,0.9914377111172349
NHL 99 (USA),NHL冰球'99,NHL 99 (USA) NHL冰球'99,nhl usa nhl冰球,5,0.992494435690573
NHL Blades of Steel '99 (USA),NHL钢铁刀锋'99,NHL Blades of Steel '99 (USA) NHL钢铁刀锋'99,nhl blades steel usa nhl钢铁刀锋,5,0.9965995788693462
NHL Breakaway 98 (Europe),劲爆冰球'98,NHL Breakaway 98 (Europe) 劲爆冰球'98,nhl breakaway europe 劲爆冰球,1,0.9864520812025486
NHL Breakaway 98 (USA),劲爆冰球'98,NHL Breakaway 98 (USA) 劲爆冰球'98,nhl breakaway usa 劲爆冰球,5,0.9922031477543068
NHL Breakaway 99 (Europe),劲爆冰球'99,NHL Breakaway 99 (Europe) 劲爆冰球'99,nhl breakaway europe 劲爆冰球,1,0.9864520812025486
NHL Breakaway 99 (USA),劲爆冰球'99,NHL Breakaway 99 (USA) 劲爆冰球'99,nhl breakaway usa 劲爆冰球,5,0.9922031477543068
NHL Pro 99 (Europe),NHL职业冰球'99,NHL Pro 99 (Europe) NHL职业冰球'99,nhl pro europe nhl职业冰球,1,0.9864468931839298
Nightmare Creatures (USA),恶梦鬼魅,Nightmare Creatures (USA) 恶梦鬼魅,nightmare creatures usa 恶梦鬼魅,5,0.9963150150873785
Nintama Rantarou 64 Game Gallery (Japan),忍者乱太郎64,Nintama Rantarou 64 Game Gallery (Japan) 忍者乱太郎64,nintama rantarou game gallery japan 忍者乱太郎,7,0.9919313460413286
Nintendo 64 Modem (Japan) (Add-on),,Nintendo 64 Modem (Japan) (Add-on) ,nintendo modem japan addon,7,0.9869918662506444
Nintendo All-Star! Dairantou Smash Brothers (Japan),任天堂全明星大乱斗,Nintendo All-Star! Dairantou Smash Brothers (Japan) 任天堂全明星大乱斗,nintendo allstar dairantou smash brothers japan 任天堂全明星大乱斗,7,0.9918015010622118
"Nuclear Strike 64 (Europe) (En,Fr)",核打击64,"Nuclear Strike 64 (Europe) (En,Fr) 核打击64",nuclear strike europe enfr 核打击,1,0.9919783425200697
Nuclear Strike 64 (Germany),核打击64,Nuclear Strike 64 (Germany) 核打击64,nuclear strike germany 核打击,5,0.9965415791420141
Nuclear Strike 64 (USA),核打击64,Nuclear Strike 64 (USA) 核打击64,nuclear strike usa 核打击,5,0.9889497870245106
Nuclear Strike 64 (Germany) (1999-11-17) (Beta),核打击64,Nuclear Strike 64 (Germany) (1999-11-17) (Beta) 核打击64,nuclear strike germany beta 核打击,5,0.9924260328407962
Nuclear Strike 64 (USA) (1999-09-21) (Beta),核打击64,Nuclear Strike 64 (USA) (1999-09-21) (Beta) 核打击64,nuclear strike usa beta 核打击,5,0.978295917945771
Nuclear Strike 64 (USA) (Beta) (Earlier),核打击64,Nuclear Strike 64 (USA) (Beta) (Earlier) 核打击64,nuclear strike usa beta earlier 核打击,5,0.9828089672299479
Nushi Zuri 64 (Japan),川之垂钓64,Nushi Zuri 64 (Japan) 川之垂钓64,nushi zuri japan 川之垂钓,7,0.9862908531780044
Nushi Zuri 64 (Japan) (Rev 1),川之垂钓64,Nushi Zuri 64 (Japan) (Rev 1) 川之垂钓64,nushi zuri japan rev 川之垂钓,9,0.9810381696834617
Nushi Zuri 64 - Shiokaze ni Notte (Japan),川之垂钓64-乘着海风,Nushi Zuri 64 - Shiokaze ni Notte (Japan) 川之垂钓64-乘着海风,nushi zuri shiokaze ni notte japan 川之垂钓乘着海风,7,0.992196203724731
"O.D.T. (Europe) (En,Fr,De,Es,It) (Proto)",脱离禁区,"O.D.T. (Europe) (En,Fr,De,Es,It) (Proto) 脱离禁区",odt europe enfrdeesit proto 脱离禁区,4,0.9724486091440976
"O.D.T. (USA) (En,Fr,Es) (Proto)",脱离禁区,"O.D.T. (USA) (En,Fr,Es) (Proto) 脱离禁区",odt usa enfres proto 脱离禁区,5,0.989174511101195
Off Road Challenge (Europe),越野挑战赛,Off Road Challenge (Europe) 越野挑战赛,road challenge europe 越野挑战赛,1,0.9898007983600556
Off Road Challenge (USA),越野挑战赛,Off Road Challenge (USA) 越野挑战赛,road challenge usa 越野挑战赛,5,0.9927856025471574
Ogre Battle 64 - Person of Lordly Caliber (Japan) (Rev 1),皇家骑士团64,Ogre Battle 64 - Person of Lordly Caliber (Japan) (Rev 1) 皇家骑士团64,ogre battle person lordly caliber japan rev 皇家骑士团,9,0.9506650175318322
Ogre Battle 64 - Person of Lordly Caliber (USA),皇家骑士团64,Ogre Battle 64 - Person of Lordly Caliber (USA) 皇家骑士团64,ogre battle person lordly caliber usa 皇家骑士团,9,0.9813734401074448
Ogre Battle 64 - Person of Lordly Caliber (USA) (Rev 1),皇家骑士团64,Ogre Battle 64 - Person of Lordly Caliber (USA) (Rev 1) 皇家骑士团64,ogre battle person lordly caliber usa rev 皇家骑士团,9,0.9383472115756494
"Ogre Battle 64 - Person of Lordly Caliber (USA, Europe) (Rev 1) (Wii Virtual Console)",皇家骑士团64,"Ogre Battle 64 - Person of Lordly Caliber (USA, Europe) (Rev 1) (Wii Virtual Console) 皇家骑士团64",ogre battle person lordly caliber usa europe rev wii virtual console 皇家骑士团,9,0.9579838309877602
Ogre Battle 64 - Person of Lordly Caliber (Japan) (Rev 1) (Wii Virtual Console),皇家骑士团64,Ogre Battle 64 - Person of Lordly Caliber (Japan) (Rev 1) (Wii Virtual Console) 皇家骑士团64,ogre battle person lordly caliber japan rev wii virtual console 皇家骑士团,9,0.952309931097974
"Olympic Hockey 98 (Europe) (En,Fr,De,Es)",奥运冰球'98,"Olympic Hockey 98 (Europe) (En,Fr,De,Es) 奥运冰球'98",olympic hockey europe enfrdees 奥运冰球,1,0.9844273045700433
Olympic Hockey 98 (Japan),奥运冰球'98,Olympic Hockey 98 (Japan) 奥运冰球'98,olympic hockey japan 奥运冰球,7,0.9859701912092949
Olympic Hockey 98 (USA),奥运冰球'98,Olympic Hockey 98 (USA) 奥运冰球'98,olympic hockey usa 奥运冰球,5,0.9940430561996944
Onegai Monsters (Japan),拜托了怪兽,Onegai Monsters (Japan) 拜托了怪兽,onegai monsters japan 拜托了怪兽,7,0.9872397047241481
"Operation WinBack (Europe) (En,Fr,De,Es,It)",不可能的任务,"Operation WinBack (Europe) (En,Fr,De,Es,It) 不可能的任务",operation winback europe enfrdeesit 不可能的任务,4,0.9745468745337431
Pachinko 365 Nichi (Japan),柏青哥365天,Pachinko 365 Nichi (Japan) 柏青哥365天,pachinko nichi japan 柏青哥天,7,0.9884192318553003
"Paper Mario (Europe) (En,Fr,De,Es)",纸片马里奥,"Paper Mario (Europe) (En,Fr,De,Es) 纸片马里奥",paper mario europe enfrdees 纸片马里奥,1,0.9832111235618314
Paper Mario (USA),纸片马里奥,Paper Mario (USA) 纸片马里奥,paper mario usa 纸片马里奥,5,0.9887862101004369
Paper Mario (USA) (LodgeNet),纸片马里奥,Paper Mario (USA) (LodgeNet) 纸片马里奥,paper mario usa lodgenet 纸片马里奥,5,0.981471532428862
Paperboy (Europe),送报童,Paperboy (Europe) 送报童,paperboy europe 送报童,1,0.9895461810395256
Paperboy (USA),送报童,Paperboy (USA) 送报童,paperboy usa 送报童,5,0.9939167674815146
Parlor! Pro 64 - Pachinko Jikki Simulation Game (Japan),专业柏青哥64-柏青哥实机模拟游戏,Parlor! Pro 64 - Pachinko Jikki Simulation Game (Japan) 专业柏青哥64-柏青哥实机模拟游戏,parlor pro pachinko jikki simulation game japan 专业柏青哥柏青哥实机模拟游戏,7,0.9909016179229151
PD Ultraman Battle Collection 64 (Japan),PD奥特曼64,PD Ultraman Battle Collection 64 (Japan) PD奥特曼64,pd ultraman battle collection japan pd奥特曼,7,0.9922854167639026
Penny Racers (Europe),可爱Q赛车,Penny Racers (Europe) 可爱Q赛车,penny racers europe 可爱q赛车,1,0.9913013720493643
Penny Racers (USA),可爱Q赛车,Penny Racers (USA) 可爱Q赛车,penny racers usa 可爱q赛车,5,0.9943903006796213
"Perfect Dark (Europe) (En,Fr,De,Es,It)",完美黑暗,"Perfect Dark (Europe) (En,Fr,De,Es,It) 完美黑暗",perfect dark europe enfrdeesit 完美黑暗,4,0.9699777908978794
Perfect Dark (Japan),完美黑暗,Perfect Dark (Japan) 完美黑暗,perfect dark japan 完美黑暗,7,0.9854514423950328
Perfect Dark (USA),完美黑暗,Perfect Dark (USA) 完美黑暗,perfect dark usa 完美黑暗,5,0.992435273997028
Perfect Dark (USA) (Rev 1),完美黑暗,Perfect Dark (USA) (Rev 1) 完美黑暗,perfect dark usa rev 完美黑暗,9,0.9613594661426178
Perfect Dark (Europe) (2000-04-26) (Debug),完美黑暗,Perfect Dark (Europe) (2000-04-26) (Debug) 完美黑暗,perfect dark europe debug 完美黑暗,1,0.9929234182419597
Perfect Dark (USA) (2000-03-22) (Debug),完美黑暗,Perfect Dark (USA) (2000-03-22) (Debug) 完美黑暗,perfect dark usa debug 完美黑暗,5,0.994126914302926
PGA European Tour (USA),PGA欧洲巡回赛,PGA European Tour (USA) PGA欧洲巡回赛,pga european tour usa pga欧洲巡回赛,5,0.995681539303361
"PGA European Tour Golf (Europe) (En,Fr,De,Es,It)",PGA欧洲巡回赛,"PGA European Tour Golf (Europe) (En,Fr,De,Es,It) PGA欧洲巡回赛",pga european tour golf europe enfrdeesit pga欧洲巡回赛,4,0.9762735399291866
"PGA European Tour Golf (Europe) (En,De) (Version B.29) (Beta)",PGA欧洲巡回赛,"PGA European Tour Golf (Europe) (En,De) (Version B.29) (Beta) PGA欧洲巡回赛",pga european tour golf europe ende version b beta pga欧洲巡回赛,1,0.9939251678607014
Pikachuu Genki de Chuu (Japan) (Beta),你好-皮卡丘!,Pikachuu Genki de Chuu (Japan) (Beta) 你好-皮卡丘!,pikachuu genki de chuu japan beta 你好皮卡丘,7,0.9876750769966204
Pikachuu Genki de Chuu (Japan),你好-皮卡丘!,Pikachuu Genki de Chuu (Japan) 你好-皮卡丘!,pikachuu genki de chuu japan 你好皮卡丘,7,0.9876157026497848
"Pilotwings 64 (Europe) (En,Fr,De)",飞行俱乐部64,"Pilotwings 64 (Europe) (En,Fr,De) 飞行俱乐部64",pilotwings europe enfrde 飞行俱乐部,1,0.96857276754629
Pilotwings 64 (Japan),飞行俱乐部64,Pilotwings 64 (Japan) 飞行俱乐部64,pilotwings japan 飞行俱乐部,7,0.9837205731666506
Pilotwings 64 (USA),飞行俱乐部64,Pilotwings 64 (USA) 飞行俱乐部64,pilotwings usa 飞行俱乐部,5,0.9918425248286005
Pilotwings 64 (USA) (LodgeNet),飞行俱乐部64,Pilotwings 64 (USA) (LodgeNet) 飞行俱乐部64,pilotwings usa lodgenet 飞行俱乐部,5,0.9836628347972205
Pokemon Puzzle League (Europe),口袋妖怪方块联赛,Pokemon Puzzle League (Europe) 口袋妖怪方块联赛,pokemon puzzle league europe 口袋妖怪方块联赛,6,0.9330230617964689
Pokemon Puzzle League (France),口袋妖怪方块联赛,Pokemon Puzzle League (France) 口袋妖怪方块联赛,pokemon puzzle league france 口袋妖怪方块联赛,6,0.9320473494384042
Pokemon Puzzle League (Germany),口袋妖怪方块联赛,Pokemon Puzzle League (Germany) 口袋妖怪方块联赛,pokemon puzzle league germany 口袋妖怪方块联赛,6,0.9323629882398488
Pokemon Puzzle League (USA),口袋妖怪方块联赛,Pokemon Puzzle League (USA) 口袋妖怪方块联赛,pokemon puzzle league usa 口袋妖怪方块联赛,6,0.9311284968363039
Pokemon Puzzle League (Europe) (Wii Virtual Console),口袋妖怪方块联赛,Pokemon Puzzle League (Europe) (Wii Virtual Console) 口袋妖怪方块联赛,pokemon puzzle league europe wii virtual console 口袋妖怪方块联赛,6,0.9262693951109386
Pokemon Puzzle League (France) (Wii Virtual Console),口袋妖怪方块联赛,Pokemon Puzzle League (France) (Wii Virtual Console) 口袋妖怪方块联赛,pokemon puzzle league france wii virtual console 口袋妖怪方块联赛,6,0.9255692846345128
Pokemon Puzzle League (Germany) (Wii Virtual Console),口袋妖怪方块联赛,Pokemon Puzzle League (Germany) (Wii Virtual Console) 口袋妖怪方块联赛,pokemon puzzle league germany wii virtual console 口袋妖怪方块联赛,6,0.9259589665550594
Pokemon Puzzle League (USA) (Wii Virtual Console),口袋妖怪方块联赛,Pokemon Puzzle League (USA) (Wii Virtual Console) 口袋妖怪方块联赛,pokemon puzzle league usa wii virtual console 口袋妖怪方块联赛,6,0.9237993959281687
Pokemon Snap (Japan),口袋妖怪写真,Pokemon Snap (Japan) 口袋妖怪写真,pokemon snap japan 口袋妖怪写真,6,0.9155461369919731
Pokemon Snap (Australia),口袋妖怪写真,Pokemon Snap (Australia) 口袋妖怪写真,pokemon snap australia 口袋妖怪写真,6,0.9314010975918493
Pokemon Snap (Europe),口袋妖怪写真,Pokemon Snap (Europe) 口袋妖怪写真,pokemon snap europe 口袋妖怪写真,6,0.920277120017086
Pokemon Snap (France),口袋妖怪写真,Pokemon Snap (France) 口袋妖怪写真,pokemon snap france 口袋妖怪写真,6,0.9204349762435452
Pokemon Snap (Germany),口袋妖怪写真,Pokemon Snap (Germany) 口袋妖怪写真,pokemon snap germany 口袋妖怪写真,6,0.9205697526877032
Pokemon Snap (Italy),口袋妖怪写真,Pokemon Snap (Italy) 口袋妖怪写真,pokemon snap italy 口袋妖怪写真,6,0.9257665036020168
Pokemon Snap (Spain),口袋妖怪写真,Pokemon Snap (Spain) 口袋妖怪写真,pokemon snap spain 口袋妖怪写真,6,0.9257665036020168
Pokemon Snap (USA),口袋妖怪写真,Pokemon Snap (USA) 口袋妖怪写真,pokemon snap usa 口袋妖怪写真,6,0.9110045561071787
Pokemon Snap (Japan) (Rev 1) (Wii Virtual Console),口袋妖怪写真,Pokemon Snap (Japan) (Rev 1) (Wii Virtual Console) 口袋妖怪写真,pokemon snap japan rev wii virtual console 口袋妖怪写真,6,0.9265354291200188
Pokemon Snap (USA) (LodgeNet),口袋妖怪写真,Pokemon Snap (USA) (LodgeNet) 口袋妖怪写真,pokemon snap usa lodgenet 口袋妖怪写真,6,0.9242704852646596
Pokemon Snap Station (USA) (Demo) (Kiosk),口袋妖怪写真,Pokemon Snap Station (USA) (Demo) (Kiosk) 口袋妖怪写真,pokemon snap station usa demo kiosk 口袋妖怪写真,6,0.9645903837842772
Pokemon Stadium (Japan),口袋妖怪竞技场,Pokemon Stadium (Japan) 口袋妖怪竞技场,pokemon stadium japan 口袋妖怪竞技场,6,0.8421598014499178
Pokemon Stadium (Europe),口袋妖怪竞技场,Pokemon Stadium (Europe) 口袋妖怪竞技场,pokemon stadium europe 口袋妖怪竞技场,6,0.8331248900813674
Pokemon Stadium (Europe) (Rev 1),口袋妖怪竞技场,Pokemon Stadium (Europe) (Rev 1) 口袋妖怪竞技场,pokemon stadium europe rev 口袋妖怪竞技场,6,0.8473323876465608
Pokemon Stadium (France),口袋妖怪竞技场,Pokemon Stadium (France) 口袋妖怪竞技场,pokemon stadium france 口袋妖怪竞技场,6,0.8452912329998465
Pokemon Stadium (Germany),口袋妖怪竞技场,Pokemon Stadium (Germany) 口袋妖怪竞技场,pokemon stadium germany 口袋妖怪竞技场,6,0.8446731981395837
Pokemon Stadium (Italy),口袋妖怪竞技场,Pokemon Stadium (Italy) 口袋妖怪竞技场,pokemon stadium italy 口袋妖怪竞技场,6,0.8549391569445809
Pokemon Stadium (Spain),口袋妖怪竞技场,Pokemon Stadium (Spain) 口袋妖怪竞技场,pokemon stadium spain 口袋妖怪竞技场,6,0.8549391569445809
Pokemon Stadium (USA),口袋妖怪竞技场,Pokemon Stadium (USA) 口袋妖怪竞技场,pokemon stadium usa 口袋妖怪竞技场,6,0.822774279619457
Pokemon Stadium (USA) (Rev 1),口袋妖怪竞技场,Pokemon Stadium (USA) (Rev 1) 口袋妖怪竞技场,pokemon stadium usa rev 口袋妖怪竞技场,6,0.8260271047106551
Pokemon Stadium (USA) (Rev 2),口袋妖怪竞技场,Pokemon Stadium (USA) (Rev 2) 口袋妖怪竞技场,pokemon stadium usa rev 口袋妖怪竞技场,6,0.8260271047106551
Pokemon Stadium 2 (Japan),口袋妖怪竞技场2,Pokemon Stadium 2 (Japan) 口袋妖怪竞技场2,pokemon stadium japan 口袋妖怪竞技场,6,0.8421598014499178
Pokemon Stadium 2 (Europe),口袋妖怪竞技场2,Pokemon Stadium 2 (Europe) 口袋妖怪竞技场2,pokemon stadium europe 口袋妖怪竞技场,6,0.8331248900813674
Pokemon Stadium 2 (France),口袋妖怪竞技场2,Pokemon Stadium 2 (France) 口袋妖怪竞技场2,pokemon stadium france 口袋妖怪竞技场,6,0.8452912329998465
Pokemon Stadium 2 (Germany),口袋妖怪竞技场2,Pokemon Stadium 2 (Germany) 口袋妖怪竞技场2,pokemon stadium germany 口袋妖怪竞技场,6,0.8446731981395837
Pokemon Stadium 2 (Italy),口袋妖怪竞技场2,Pokemon Stadium 2 (Italy) 口袋妖怪竞技场2,pokemon stadium italy 口袋妖怪竞技场,6,0.8549391569445809
Pokemon Stadium 2 (Spain),口袋妖怪竞技场2,Pokemon Stadium 2 (Spain) 口袋妖怪竞技场2,pokemon stadium spain 口袋妖怪竞技场,6,0.8549391569445809
Pokemon Stadium 2 (USA),口袋妖怪竞技场2,Pokemon Stadium 2 (USA) 口袋妖怪竞技场2,pokemon stadium usa 口袋妖怪竞技场,6,0.822774279619457
Pokemon Stadium Kin Gin (Japan),口袋妖怪竞技场-金银,Pokemon Stadium Kin Gin (Japan) 口袋妖怪竞技场-金银,pokemon stadium kin gin japan 口袋妖怪竞技场金银,6,0.9630783324111004
Polaris SnoCross (USA),雪地摩托车,Polaris SnoCross (USA) 雪地摩托车,polaris snocross usa 雪地摩托车,5,0.9963150150873785
Power League 64 (Japan),超级联盟棒球64,Power League 64 (Japan) 超级联盟棒球64,power league japan 超级联盟棒球,7,0.9881641214183461
Power Rangers - Lightspeed Rescue (Europe),超能战队-光速救援,Power Rangers - Lightspeed Rescue (Europe) 超能战队-光速救援,power rangers lightspeed rescue europe 超能战队光速救援,1,0.9956377849386967
Power Rangers - Lightspeed Rescue (USA),超能战队-光速救援,Power Rangers - Lightspeed Rescue (USA) 超能战队-光速救援,power rangers lightspeed rescue usa 超能战队光速救援,5,0.9974955558997279
"Powerpuff Girls, The - Chemical X-Traction (USA) (Beta) (2001-09-27)",飞天小女警-X元素,"Powerpuff Girls, The - Chemical X-Traction (USA) (Beta) (2001-09-27) 飞天小女警-X元素",powerpuff girls chemical xtraction usa beta 飞天小女警x元素,5,0.9883744494770507
"Powerpuff Girls, The - Chemical X-Traction (USA)",飞天小女警-X元素,"Powerpuff Girls, The - Chemical X-Traction (USA) 飞天小女警-X元素",powerpuff girls chemical xtraction usa 飞天小女警x元素,5,0.9960263804153228
Premier Manager 64 (Europe),足球经理64,Premier Manager 64 (Europe) 足球经理64,premier manager europe 足球经理,1,0.9936226666993042
Pro Mahjong Kiwame 64 (Japan),极道麻雀64,Pro Mahjong Kiwame 64 (Japan) 极道麻雀64,pro mahjong kiwame japan 极道麻雀,7,0.9805629761776223
Pro Mahjong Kiwame 64 (Japan) (Rev 1),极道麻雀64,Pro Mahjong Kiwame 64 (Japan) (Rev 1) 极道麻雀64,pro mahjong kiwame japan rev 极道麻雀,7,0.9815654870849312
Pro Mahjong Tsuwamono 64 - Jansou Battle ni Chousen (Japan),强者麻雀64,Pro Mahjong Tsuwamono 64 - Jansou Battle ni Chousen (Japan) 强者麻雀64,pro mahjong tsuwamono jansou battle ni chousen japan 强者麻雀,7,0.9901645473372465
Puyo Puyo Sun 64 (Japan),噗哟噗哟太阳64,Puyo Puyo Sun 64 (Japan) 噗哟噗哟太阳64,puyo puyo sun japan 噗哟噗哟太阳,7,0.9911687516726496
Puyo Puyoon Party (Japan),噗哟噗哟4-魔法派对,Puyo Puyoon Party (Japan) 噗哟噗哟4-魔法派对,puyo puyoon party japan 噗哟噗哟魔法派对,7,0.9847455795776128
Puzzle Bobble 64 (Japan),泡泡龙64,Puzzle Bobble 64 (Japan) 泡泡龙64,puzzle bobble japan 泡泡龙,7,0.9879964893379005
Puzzle Master 64 (World) (Unl),,Puzzle Master 64 (World) (Unl) ,puzzle master world unl,4,0.9609985158054887
Quake (Europe),雷神之锤64,Quake (Europe) 雷神之锤64,quake europe 雷神之锤,1,0.9861370530431006
Quake (USA),雷神之锤64,Quake (USA) 雷神之锤64,quake usa 雷神之锤,5,0.9919746604015631
Quake II (Europe),雷神之锤2,Quake II (Europe) 雷神之锤2,quake ii europe 雷神之锤,1,0.9896815098137274
Quake II (USA),雷神之锤2,Quake II (USA) 雷神之锤2,quake ii usa 雷神之锤,5,0.9941686137536732
Quest 64 (USA),圣魔世纪,Quest 64 (USA) 圣魔世纪,quest usa 圣魔世纪,5,0.9925622078351114
Racing Simulation 2 (Germany),模拟赛车2-摩纳哥大奖赛,Racing Simulation 2 (Germany) 模拟赛车2-摩纳哥大奖赛,racing simulation germany 模拟赛车摩纳哥大奖赛,5,1.000060694799972
Rakugakids (Europe),涂鸦小子,Rakugakids (Europe) 涂鸦小子,rakugakids europe 涂鸦小子,1,0.9895461810395256
Rakugakids (Japan),涂鸦小子,Rakugakids (Japan) 涂鸦小子,rakugakids japan 涂鸦小子,7,0.9845138957328514
Rally '99 (Japan),汽车拉力挑战赛'99,Rally '99 (Japan) 汽车拉力挑战赛'99,rally japan 汽车拉力挑战赛,7,0.979154723262819
Rally Challenge 2000 (USA),汽车拉力挑战赛2000,Rally Challenge 2000 (USA) 汽车拉力挑战赛2000,rally challenge usa 汽车拉力挑战赛,5,0.9921017854191778
Rampage - World Tour (Europe),狂暴大破坏-世界之旅,Rampage - World Tour (Europe) 狂暴大破坏-世界之旅,rampage world tour europe 狂暴大破坏世界之旅,4,0.9620810384796455
Rampage - World Tour (USA),狂暴大破坏-世界之旅,Rampage - World Tour (USA) 狂暴大破坏-世界之旅,rampage world tour usa 狂暴大破坏世界之旅,4,0.9653425862366543
Rampage 2 - Universal Tour (Europe),狂暴大破坏2-环球之旅,Rampage 2 - Universal Tour (Europe) 狂暴大破坏2-环球之旅,rampage universal tour europe 狂暴大破坏环球之旅,1,0.9938597275263278
Rampage 2 - Universal Tour (USA),狂暴大破坏2-环球之旅,Rampage 2 - Universal Tour (USA) 狂暴大破坏2-环球之旅,rampage universal tour usa 狂暴大破坏环球之旅,5,0.9942063135540012
Rampage 2 - Universal Tour (USA) (LodgeNet),狂暴大破坏2-环球之旅,Rampage 2 - Universal Tour (USA) (LodgeNet) 狂暴大破坏2-环球之旅,rampage universal tour usa lodgenet 狂暴大破坏环球之旅,5,0.9874347541448492
"Rat Attack (Europe) (En,Fr,De,Es,It,Nl)",围鼠大作战,"Rat Attack (Europe) (En,Fr,De,Es,It,Nl) 围鼠大作战",rat attack europe enfrdeesitnl 围鼠大作战,1,0.9835873666943568
Rat Attack! (USA),围鼠大作战,Rat Attack! (USA) 围鼠大作战,rat attack usa 围鼠大作战,5,0.9943566838352839
"Rayman 2 - The Great Escape (Europe) (En,Fr,De,Es,It)",雷曼2-胜利大逃亡,"Rayman 2 - The Great Escape (Europe) (En,Fr,De,Es,It) 雷曼2-胜利大逃亡",rayman great escape europe enfrdeesit 雷曼胜利大逃亡,4,0.9688236939482788
"Rayman 2 - The Great Escape (USA) (En,Fr,De,Es,It)",雷曼2-胜利大逃亡,"Rayman 2 - The Great Escape (USA) (En,Fr,De,Es,It) 雷曼2-胜利大逃亡",rayman great escape usa enfrdeesit 雷曼胜利大逃亡,4,0.9885940586038472
"Razmoket, Les - La Chasse aux Tresors (France)",淘气小兵兵-寻宝历险记,"Razmoket, Les - La Chasse aux Tresors (France) 淘气小兵兵-寻宝历险记",razmoket les la chasse aux tresors france 淘气小兵兵寻宝历险记,5,1.0034056981605646
Razor Freestyle Scooter (USA),Razor自由式滑板车,Razor Freestyle Scooter (USA) Razor自由式滑板车,razor freestyle scooter usa razor自由式滑板车,5,0.9975624915507565
"Re-Volt (Europe) (En,Fr,De,Es)",遥控小赛车,"Re-Volt (Europe) (En,Fr,De,Es) 遥控小赛车",revolt europe enfrdees 遥控小赛车,1,0.9838481782282085
Re-Volt (USA),遥控小赛车,Re-Volt (USA) 遥控小赛车,revolt usa 遥控小赛车,5,0.9939167674815146
"Ready 2 Rumble Boxing (Europe) (En,Fr,De)",爆笑拳击,"Ready 2 Rumble Boxing (Europe) (En,Fr,De) 爆笑拳击",ready rumble boxing europe enfrde 爆笑拳击,2,0.5577400668337382
Ready 2 Rumble Boxing (USA),爆笑拳击,Ready 2 Rumble Boxing (USA) 爆笑拳击,ready rumble boxing usa 爆笑拳击,2,0.4547100855232485
Ready 2 Rumble Boxing (USA) (LodgeNet),爆笑拳击,Ready 2 Rumble Boxing (USA) (LodgeNet) 爆笑拳击,ready rumble boxing usa lodgenet 爆笑拳击,2,0.48850209798914146
Ready 2 Rumble Boxing - Round 2 (USA),爆笑拳击-第2回合,Ready 2 Rumble Boxing - Round 2 (USA) 爆笑拳击-第2回合,ready rumble boxing round usa 爆笑拳击第回合,2,0.6814649291114209
"Resident Evil 2 (Europe) (En,Fr)",生化危机2,"Resident Evil 2 (Europe) (En,Fr) 生化危机2",resident evil europe enfr 生化危机,1,0.9920312103719688
Resident Evil 2 (USA) (Rev 1),生化危机2,Resident Evil 2 (USA) (Rev 1) 生化危机2,resident evil usa rev 生化危机,9,0.9647423611681405
Resident Evil 2 (USA),生化危机2,Resident Evil 2 (USA) 生化危机2,resident evil usa 生化危机,5,0.9951313379206609
Riqa (Europe) (Proto) (2000-02-14),,Riqa (Europe) (Proto) (2000-02-14) ,riqa europe proto,1,0.9694085686373939
Riqa (Europe) (Proto) (2000-03-24),,Riqa (Europe) (Proto) (2000-03-24) ,riqa europe proto,1,0.9694085686373939
Riqa (Europe) (Proto) (2000-05-28),,Riqa (Europe) (Proto) (2000-05-28) ,riqa europe proto,1,0.9694085686373939
Riqa (Europe) (Proto) (2000-03-27),,Riqa (Europe) (Proto) (2000-03-27) ,riqa europe proto,1,0.9694085686373939
Road Rash 64 (Europe) (Beta) (1999-10-12),暴力摩托64,Road Rash 64 (Europe) (Beta) (1999-10-12) 暴力摩托64,road rash europe beta 暴力摩托,1,0.9826968331959204
Road Rash 64 (USA) (Beta 1),暴力摩托64,Road Rash 64 (USA) (Beta 1) 暴力摩托64,road rash usa beta 暴力摩托,5,0.9802619907745699
Road Rash 64 (USA) (Beta 2),暴力摩托64,Road Rash 64 (USA) (Beta 2) 暴力摩托64,road rash usa beta 暴力摩托,5,0.9802619907745699
Road Rash 64 (Europe),暴力摩托64,Road Rash 64 (Europe) 暴力摩托64,road rash europe 暴力摩托,1,0.9878902158749167
Road Rash 64 (USA),暴力摩托64,Road Rash 64 (USA) 暴力摩托64,road rash usa 暴力摩托,5,0.9911631380983734
"Roadsters (Europe) (En,Fr,De,Es,It,Nl)",敞篷跑车大赛,"Roadsters (Europe) (En,Fr,De,Es,It,Nl) 敞篷跑车大赛",roadsters europe enfrdeesitnl 敞篷跑车大赛,1,0.9814138544557318
"Roadsters (USA) (En,Fr,Es)",敞篷跑车大赛,"Roadsters (USA) (En,Fr,Es) 敞篷跑车大赛",roadsters usa enfres 敞篷跑车大赛,5,0.9913425269716941
Robot Poncots 64 - 7tsu no Umi no Caramel (Japan),机甲宝贝64-七海传说,Robot Poncots 64 - 7tsu no Umi no Caramel (Japan) 机甲宝贝64-七海传说,robot poncots tsu umi caramel japan 机甲宝贝七海传说,7,0.9930911433250498
Robotech - Crystal Dreams (USA) (Proto 2),太空堡垒-水晶之梦,Robotech - Crystal Dreams (USA) (Proto 2) 太空堡垒-水晶之梦,robotech crystal dreams usa proto 太空堡垒水晶之梦,5,0.9881678938106931
Robotech - Crystal Dreams (USA) (Proto 1),太空堡垒-水晶之梦,Robotech - Crystal Dreams (USA) (Proto 1) 太空堡垒-水晶之梦,robotech crystal dreams usa proto 太空堡垒水晶之梦,5,0.9881678938106931
Robotron 64 (Europe),机械大战64,Robotron 64 (Europe) 机械大战64,robotron europe 机械大战,1,0.9895461810395256
Robotron 64 (USA),机械大战64,Robotron 64 (USA) 机械大战64,robotron usa 机械大战,5,0.9939167674815146
"Rocket - Robot on Wheels (Europe) (En,Fr,De)",火箭-滑轮机器人,"Rocket - Robot on Wheels (Europe) (En,Fr,De) 火箭-滑轮机器人",rocket robot wheels europe enfrde 火箭滑轮机器人,1,0.9747047482182648
Rocket - Robot on Wheels (USA),火箭-滑轮机器人,Rocket - Robot on Wheels (USA) 火箭-滑轮机器人,rocket robot wheels usa 火箭滑轮机器人,5,0.9965783963728088
Rocket - Robot on Wheels (Europe) (Beta) (1999-09-29),火箭-滑轮机器人,Rocket - Robot on Wheels (Europe) (Beta) (1999-09-29) 火箭-滑轮机器人,rocket robot wheels europe beta 火箭滑轮机器人,1,0.9863234127177417
Rockman Dash - Hagane no Boukenshin (Japan),洛克人Dash-钢铁之心,Rockman Dash - Hagane no Boukenshin (Japan) 洛克人Dash-钢铁之心,rockman dash hagane boukenshin japan 洛克人dash钢铁之心,7,0.9933096758560753
Ronaldinho's Soccer 64 (Brazil) (Pirate),,Ronaldinho's Soccer 64 (Brazil) (Pirate) ,ronaldinhos soccer brazil pirate,5,1.0038153320653367
RR64 - Ridge Racer 64 (Europe),山脊赛车64,RR64 - Ridge Racer 64 (Europe) 山脊赛车64,rr ridge racer europe 山脊赛车,1,0.9939247661375191
RR64 - Ridge Racer 64 (USA),山脊赛车64,RR64 - Ridge Racer 64 (USA) 山脊赛车64,rr ridge racer usa 山脊赛车,5,0.9955235504439582
RTL World League Soccer 2000 (Germany),RTL世界联盟足球2000,RTL World League Soccer 2000 (Germany) RTL世界联盟足球2000,rtl world league soccer germany rtl世界联盟足球,4,0.9895893531241924
Rugrats - Die grosse Schatzsuche (Germany),淘气小兵兵-寻宝历险记,Rugrats - Die grosse Schatzsuche (Germany) 淘气小兵兵-寻宝历险记,rugrats die grosse schatzsuche germany 淘气小兵兵寻宝历险记,5,1.0011013111111895
Rugrats - Scavenger Hunt (USA),淘气小兵兵-寻宝历险记,Rugrats - Scavenger Hunt (USA) 淘气小兵兵-寻宝历险记,rugrats scavenger hunt usa 淘气小兵兵寻宝历险记,5,0.9935186339118925
Rugrats - Scavenger Hunt (USA) (Beta) (1999-04-02),淘气小兵兵-寻宝历险记,Rugrats - Scavenger Hunt (USA) (Beta) (1999-04-02) 淘气小兵兵-寻宝历险记,rugrats scavenger hunt usa beta 淘气小兵兵寻宝历险记,5,0.9848171662306631
Rugrats - Treasure Hunt (Europe),淘气小兵兵-寻宝历险记,Rugrats - Treasure Hunt (Europe) 淘气小兵兵-寻宝历险记,rugrats treasure hunt europe 淘气小兵兵寻宝历险记,1,0.9935984667363043
Rugrats in Paris - The Movie (Europe),淘气小兵兵-巴黎历险记,Rugrats in Paris - The Movie (Europe) 淘气小兵兵-巴黎历险记,rugrats paris movie europe 淘气小兵兵巴黎历险记,1,0.9945571067458925
Rugrats in Paris - The Movie (USA),淘气小兵兵-巴黎历险记,Rugrats in Paris - The Movie (USA) 淘气小兵兵-巴黎历险记,rugrats paris movie usa 淘气小兵兵巴黎历险记,5,0.996446941957134
"Rush 2 - Extreme Racing USA (Europe) (En,Fr,De,Es,It,Nl)",狂飙2-美国极限赛车,"Rush 2 - Extreme Racing USA (Europe) (En,Fr,De,Es,It,Nl) 狂飙2-美国极限赛车",rush extreme racing usa europe enfrdeesitnl 狂飙美国极限赛车,1,0.977986557886679
Rush 2 - Extreme Racing USA (USA),狂飙2-美国极限赛车,Rush 2 - Extreme Racing USA (USA) 狂飙2-美国极限赛车,rush extreme racing usa usa 狂飙美国极限赛车,5,0.9845530751996997
Rush 2 - Extreme Racing USA (USA) (LodgeNet),狂飙2-美国极限赛车,Rush 2 - Extreme Racing USA (USA) (LodgeNet) 狂飙2-美国极限赛车,rush extreme racing usa usa lodgenet 狂飙美国极限赛车,5,0.978248356465823
"S.C.A.R.S. (Europe) (En,Fr,De)",S.C.A.R.S.,"S.C.A.R.S. (Europe) (En,Fr,De) S.C.A.R.S.",scars europe enfrde scars,1,0.9727794937972205
S.C.A.R.S. (USA),S.C.A.R.S.,S.C.A.R.S. (USA) S.C.A.R.S.,scars usa scars,5,0.9949495273770612
Saikyou Habu Shougi (Japan),最强羽生将棋,Saikyou Habu Shougi (Japan) 最强羽生将棋,saikyou habu shougi japan 最强羽生将棋,7,0.9887096110621553
"San Francisco Rush - Extreme Racing (Europe) (En,Fr,De)",旧金山狂飙-极限赛车,"San Francisco Rush - Extreme Racing (Europe) (En,Fr,De) 旧金山狂飙-极限赛车",san francisco rush extreme racing europe enfrde 旧金山狂飙极限赛车,1,0.9689016014179889
"San Francisco Rush - Extreme Racing (USA) (En,Fr,De)",旧金山狂飙-极限赛车,"San Francisco Rush - Extreme Racing (USA) (En,Fr,De) 旧金山狂飙-极限赛车",san francisco rush extreme racing usa enfrde 旧金山狂飙极限赛车,1,0.9887950276087296
"San Francisco Rush - Extreme Racing (USA) (En,Fr,De) (Rev 1)",旧金山狂飙-极限赛车,"San Francisco Rush - Extreme Racing (USA) (En,Fr,De) (Rev 1) 旧金山狂飙-极限赛车",san francisco rush extreme racing usa enfrde rev 旧金山狂飙极限赛车,1,0.989207782487256
"San Francisco Rush 2049 (Europe) (En,Fr,De,Es,It,Nl)",旧金山狂飙2049,"San Francisco Rush 2049 (Europe) (En,Fr,De,Es,It,Nl) 旧金山狂飙2049",san francisco rush europe enfrdeesitnl 旧金山狂飙,1,0.9812052636328147
San Francisco Rush 2049 (USA),旧金山狂飙2049,San Francisco Rush 2049 (USA) 旧金山狂飙2049,san francisco rush usa 旧金山狂飙,5,0.9961703927008607
Scooby-Doo! - Classic Creep Capers (Europe),史酷比大冒险,Scooby-Doo! - Classic Creep Capers (Europe) 史酷比大冒险,scoobydoo classic creep capers europe 史酷比大冒险,1,0.9961659942777095
Scooby-Doo! - Classic Creep Capers (USA),史酷比大冒险,Scooby-Doo! - Classic Creep Capers (USA) 史酷比大冒险,scoobydoo classic creep capers usa 史酷比大冒险,5,0.9977570212283703
Scooby-Doo! - Classic Creep Capers (USA) (Rev 1),史酷比大冒险,Scooby-Doo! - Classic Creep Capers (USA) (Rev 1) 史酷比大冒险,scoobydoo classic creep capers usa rev 史酷比大冒险,9,0.9790560051482726
SD Hiryuu no Ken Densetsu (Japan),SD飞龙之拳传说,SD Hiryuu no Ken Densetsu (Japan) SD飞龙之拳传说,sd hiryuu ken densetsu japan sd飞龙之拳传说,7,0.9901169692703164
Sesame Street - Elmo's Letter Adventure (USA),艾摩的字母冒险,Sesame Street - Elmo's Letter Adventure (USA) 艾摩的字母冒险,sesame street elmos letter adventure usa 艾摩的字母冒险,5,0.9968364071746293
Sesame Street - Elmo's Number Journey (USA),艾摩的数字旅程,Sesame Street - Elmo's Number Journey (USA) 艾摩的数字旅程,sesame street elmos number journey usa 艾摩的数字旅程,5,0.9979656048130371
"Shadow Man (Europe) (En,Es,It)",影子武士,"Shadow Man (Europe) (En,Es,It) 影子武士",shadow man europe enesit 影子武士,1,0.992017001286893
Shadow Man (France),影子武士,Shadow Man (France) 影子武士,shadow man france 影子武士,5,0.9987731217061505
Shadow Man (Germany),影子武士,Shadow Man (Germany) 影子武士,shadow man germany 影子武士,5,0.9976942208282837
Shadow Man (USA),影子武士,Shadow Man (USA) 影子武士,shadow man usa 影子武士,5,0.9895339741496191
Shadow Man (Brazil),影子武士,Shadow Man (Brazil) 影子武士,shadow man brazil 影子武士,5,1.0006412062433698
Shadowgate 64 - Trials of the Four Towers (Europe),影之门64-四座塔的审判,Shadowgate 64 - Trials of the Four Towers (Europe) 影之门64-四座塔的审判,shadowgate trials four towers europe 影之门四座塔的审判,1,0.9888268407282791
"Shadowgate 64 - Trials of the Four Towers (Europe) (Es,It)",影之门64-四座塔的审判,"Shadowgate 64 - Trials of the Four Towers (Europe) (Es,It) 影之门64-四座塔的审判",shadowgate trials four towers europe esit 影之门四座塔的审判,1,0.9908302595423206
"Shadowgate 64 - Trials of the Four Towers (Europe) (Fr,De,Nl)",影之门64-四座塔的审判,"Shadowgate 64 - Trials of the Four Towers (Europe) (Fr,De,Nl) 影之门64-四座塔的审判",shadowgate trials four towers europe frdenl 影之门四座塔的审判,1,0.9908302595423206
Shadowgate 64 - Trials of the Four Towers (Japan),影之门64-四座塔的审判,Shadowgate 64 - Trials of the Four Towers (Japan) 影之门64-四座塔的审判,shadowgate trials four towers japan 影之门四座塔的审判,7,0.9911182552557536
"Shadowgate 64 - Trials of the Four Towers (USA) (En,Es)",影之门64-四座塔的审判,"Shadowgate 64 - Trials of the Four Towers (USA) (En,Es) 影之门64-四座塔的审判",shadowgate trials four towers usa enes 影之门四座塔的审判,5,0.9947898529221265
"Shadowgate 64 - Trials of the Four Towers (USA) (En,Es) (Beta)",影之门64-四座塔的审判,"Shadowgate 64 - Trials of the Four Towers (USA) (En,Es) (Beta) 影之门64-四座塔的审判",shadowgate trials four towers usa enes beta 影之门四座塔的审判,5,0.9918730991546287
Shin Nihon Pro Wrestling Toukon Road - Brave Spirits (Japan),新日本职业摔角-斗魂炎导-勇敢的精神,Shin Nihon Pro Wrestling Toukon Road - Brave Spirits (Japan) 新日本职业摔角-斗魂炎导-勇敢的精神,shin nihon pro wrestling toukon road brave spirits japan 新日本职业摔角斗魂炎导勇敢的精神,7,0.9893716513550741
Shin Nihon Pro Wrestling Toukon Road 2 - The Next Generation (Japan),新日本职业摔角-斗魂炎导2-下一代,Shin Nihon Pro Wrestling Toukon Road 2 - The Next Generation (Japan) 新日本职业摔角-斗魂炎导2-下一代,shin nihon pro wrestling toukon road next generation japan 新日本职业摔角斗魂炎导下一代,7,0.9888143619768659
SimCity 2000 (Japan),模拟城市2000,SimCity 2000 (Japan) 模拟城市2000,simcity japan 模拟城市,7,0.9851283989450242
SimCopter 64 (USA) (Proto) (E3 1997),,SimCopter 64 (USA) (Proto) (E3 1997) ,simcopter usa proto e,5,0.9810861627547199
Snobo Kids (Japan),滑雪小子,Snobo Kids (Japan) 滑雪小子,snobo kids japan 滑雪小子,7,0.9847696030419424
Snow Speeder (Japan),高山滑雪,Snow Speeder (Japan) 高山滑雪,snow speeder japan 高山滑雪,7,0.9890252099293371
"Snowboard Kids (Europe, Australia)",滑雪小子,"Snowboard Kids (Europe, Australia) 滑雪小子",snowboard kids europe australia 滑雪小子,1,0.9937896250538109
Snowboard Kids (USA),滑雪小子,Snowboard Kids (USA) 滑雪小子,snowboard kids usa 滑雪小子,5,0.9914627603293026
Snowboard Kids 2 (Australia),滑雪小子2,Snowboard Kids 2 (Australia) 滑雪小子2,snowboard kids australia 滑雪小子,5,1.001641588596787
Snowboard Kids 2 (USA),滑雪小子2,Snowboard Kids 2 (USA) 滑雪小子2,snowboard kids usa 滑雪小子,5,0.9914627603293026
Sonic Wings Assault (Japan),音速战机-突击,Sonic Wings Assault (Japan) 音速战机-突击,sonic wings assault japan 音速战机突击,7,0.991123312095796
"South Park (Europe) (En,Fr,Es)",南方公园,"South Park (Europe) (En,Fr,Es) 南方公园",south park europe enfres 南方公园,1,0.9891387612981472
South Park (Germany),南方公园,South Park (Germany) 南方公园,south park germany 南方公园,5,0.9966944564379886
South Park (USA),南方公园,South Park (USA) 南方公园,south park usa 南方公园,5,0.9894146006919625
South Park (Brazil),南方公园,South Park (Brazil) 南方公园,south park brazil 南方公园,5,0.9997338214143353
South Park - Chef's Luv Shack (Europe),南方公园-厨师的爱心小屋,South Park - Chef's Luv Shack (Europe) 南方公园-厨师的爱心小屋,south park chefs luv shack europe 南方公园厨师的爱心小屋,1,0.9934886706262408
South Park - Chef's Luv Shack (USA),南方公园-厨师的爱心小屋,South Park - Chef's Luv Shack (USA) 南方公园-厨师的爱心小屋,south park chefs luv shack usa 南方公园厨师的爱心小屋,5,0.9951063639370208
South Park Rally (Europe),南方公园拉力赛,South Park Rally (Europe) 南方公园拉力赛,south park rally europe 南方公园拉力赛,1,0.9800955189898117
South Park Rally (USA),南方公园拉力赛,South Park Rally (USA) 南方公园拉力赛,south park rally usa 南方公园拉力赛,5,0.9870756022053471
South Park Rally (Europe) (Beta) (2000-01-08),南方公园拉力赛,South Park Rally (Europe) (Beta) (2000-01-08) 南方公园拉力赛,south park rally europe beta 南方公园拉力赛,1,0.9746805127054837
South Park Rally (USA) (Beta) (2000-01-27),南方公园拉力赛,South Park Rally (USA) (Beta) (2000-01-27) 南方公园拉力赛,south park rally usa beta 南方公园拉力赛,5,0.9767980249035362
South Park Rally (USA) (Beta) (2000-01-14),南方公园拉力赛,South Park Rally (USA) (Beta) (2000-01-14) 南方公园拉力赛,south park rally usa beta 南方公园拉力赛,5,0.9767980249035362
South Park Rally (Europe) (Beta) (2000-01-17),南方公园拉力赛,South Park Rally (Europe) (Beta) (2000-01-17) 南方公园拉力赛,south park rally europe beta 南方公园拉力赛,1,0.9746805127054837
Space Dynamites (Japan),宇宙战士格斗,Space Dynamites (Japan) 宇宙战士格斗,space dynamites japan 宇宙战士格斗,7,0.988529231654914
Space Invaders (USA),太空侵略者,Space Invaders (USA) 太空侵略者,space invaders usa 太空侵略者,5,0.9958953687157012
Spacer (World) (Unl),,Spacer (World) (Unl) ,spacer world unl,4,0.951335031839098
"SpaceStation Silicon Valley (Europe) (En,Fr,De,Es,It,Nl,Pt)",硅谷太空站,"SpaceStation Silicon Valley (Europe) (En,Fr,De,Es,It,Nl,Pt) 硅谷太空站",spacestation silicon valley europe enfrdeesitnlpt 硅谷太空站,1,0.9962355359981583
SpaceStation Silicon Valley (Japan) (Proto),硅谷太空站,SpaceStation Silicon Valley (Japan) (Proto) 硅谷太空站,spacestation silicon valley japan proto 硅谷太空站,7,0.9885000989563463
SpaceStation Silicon Valley (USA),硅谷太空站,SpaceStation Silicon Valley (USA) 硅谷太空站,spacestation silicon valley usa 硅谷太空站,5,0.9966721544768824
SpaceStation Silicon Valley (USA) (Rev 1),硅谷太空站,SpaceStation Silicon Valley (USA) (Rev 1) 硅谷太空站,spacestation silicon valley usa rev 硅谷太空站,9,0.9730239715018355
Spider-Man (USA),蜘蛛侠,Spider-Man (USA) 蜘蛛侠,spiderman usa 蜘蛛侠,5,0.9942328729022205
Sporting Clays (World) (Demo) (Unl),,Sporting Clays (World) (Demo) (Unl) ,sporting clays world demo unl,4,0.9627960068702651
Star Fox 64 (USA) (LodgeNet),星际火狐64,Star Fox 64 (USA) (LodgeNet) 星际火狐64,star fox usa lodgenet 星际火狐,5,0.9834133760573764
Star Fox 64 (Japan),星际火狐64,Star Fox 64 (Japan) 星际火狐64,star fox japan 星际火狐,7,0.9840047057993127
Star Fox 64 (USA),星际火狐64,Star Fox 64 (USA) 星际火狐64,star fox usa 星际火狐,5,0.9909662243022412
Star Fox 64 (USA) (Rev 1),星际火狐64,Star Fox 64 (USA) (Rev 1) 星际火狐64,star fox usa rev 星际火狐,9,0.9539544462233837
Star Fox 64 (Japan) (Rev 1) (Wii Virtual Console),星际火狐64,Star Fox 64 (Japan) (Rev 1) (Wii Virtual Console) 星际火狐64,star fox japan rev wii virtual console 星际火狐,9,0.9723408113700579
Star Soldier - Vanishing Earth (Japan) (En),星际战士-失落的地球,Star Soldier - Vanishing Earth (Japan) (En) 星际战士-失落的地球,star soldier vanishing earth japan en 星际战士失落的地球,7,0.9862565904277657
Star Soldier - Vanishing Earth (USA),星际战士-失落的地球,Star Soldier - Vanishing Earth (USA) 星际战士-失落的地球,star soldier vanishing earth usa 星际战士失落的地球,5,0.9961732737915419
Star Soldier - Vanishing Earth (Japan) (En) (Beta) (1998-03-10),星际战士-失落的地球,Star Soldier - Vanishing Earth (Japan) (En) (Beta) (1998-03-10) 星际战士-失落的地球,star soldier vanishing earth japan en beta 星际战士失落的地球,7,0.9869940879967938
Star Twins (Japan),喷射力量-双子星,Star Twins (Japan) 喷射力量-双子星,star twins japan 喷射力量双子星,7,0.9858610890733447
"Star Wars - Rogue Squadron (Europe) (En,Fr,De)",星球大战-侠盗中队,"Star Wars - Rogue Squadron (Europe) (En,Fr,De) 星球大战-侠盗中队",star wars rogue squadron europe enfrde 星球大战侠盗中队,1,0.9725966855775688
"Star Wars - Rogue Squadron (Europe) (En,Fr,De) (Rev 1)",星球大战-侠盗中队,"Star Wars - Rogue Squadron (Europe) (En,Fr,De) (Rev 1) 星球大战-侠盗中队",star wars rogue squadron europe enfrde rev 星球大战侠盗中队,1,0.9734695469362269
Star Wars - Rogue Squadron (USA),星球大战-侠盗中队,Star Wars - Rogue Squadron (USA) 星球大战-侠盗中队,star wars rogue squadron usa 星球大战侠盗中队,5,0.9912083891545351
Star Wars - Rogue Squadron (USA) (Rev 1),星球大战-侠盗中队,Star Wars - Rogue Squadron (USA) (Rev 1) 星球大战-侠盗中队,star wars rogue squadron usa rev 星球大战侠盗中队,9,0.9658625217321817
Star Wars - Rogue Squadron (USA) (LodgeNet),星球大战-侠盗中队,Star Wars - Rogue Squadron (USA) (LodgeNet) 星球大战-侠盗中队,star wars rogue squadron usa lodgenet 星球大战侠盗中队,5,0.9847242978714997
Star Wars - Shadows of the Empire (USA) (Limited Run Games),星球大战-帝国的阴影,Star Wars - Shadows of the Empire (USA) (Limited Run Games) 星球大战-帝国的阴影,star wars shadows empire usa limited run games 星球大战帝国的阴影,5,0.9905981554534945
Star Wars - Shadows of the Empire (Europe),星球大战-帝国的阴影,Star Wars - Shadows of the Empire (Europe) 星球大战-帝国的阴影,star wars shadows empire europe 星球大战帝国的阴影,1,0.9908100455189983
Star Wars - Shadows of the Empire (USA),星球大战-帝国的阴影,Star Wars - Shadows of the Empire (USA) 星球大战-帝国的阴影,star wars shadows empire usa 星球大战帝国的阴影,5,0.9898370466774601
Star Wars - Shadows of the Empire (USA) (Rev 1),星球大战-帝国的阴影,Star Wars - Shadows of the Empire (USA) (Rev 1) 星球大战-帝国的阴影,star wars shadows empire usa rev 星球大战帝国的阴影,9,0.9549092886193995
Star Wars - Shadows of the Empire (USA) (Rev 2),星球大战-帝国的阴影,Star Wars - Shadows of the Empire (USA) (Rev 2) 星球大战-帝国的阴影,star wars shadows empire usa rev 星球大战帝国的阴影,9,0.9549092886193995
Star Wars - Shadows of the Empire (USA) (Beta) (1996-10-15),星球大战-帝国的阴影,Star Wars - Shadows of the Empire (USA) (Beta) (1996-10-15) 星球大战-帝国的阴影,star wars shadows empire usa beta 星球大战帝国的阴影,5,0.9811062408316209
Star Wars - Shutsugeki! Rogue Chuutai (Japan),星球大战-侠盗中队,Star Wars - Shutsugeki! Rogue Chuutai (Japan) 星球大战-侠盗中队,star wars shutsugeki rogue chuutai japan 星球大战侠盗中队,7,0.990288959414085
Star Wars - Teikoku no Kage (Japan),星球大战-帝国的阴影,Star Wars - Teikoku no Kage (Japan) 星球大战-帝国的阴影,star wars teikoku kage japan 星球大战帝国的阴影,7,0.9885878999771133
Star Wars Episode I - Battle for Naboo (Europe),星球大战前传1-纳布之战,Star Wars Episode I - Battle for Naboo (Europe) 星球大战前传1-纳布之战,star wars episode battle naboo europe 星球大战前传纳布之战,1,0.992111015736422
Star Wars Episode I - Battle for Naboo (USA),星球大战前传1-纳布之战,Star Wars Episode I - Battle for Naboo (USA) 星球大战前传1-纳布之战,star wars episode battle naboo usa 星球大战前传纳布之战,5,0.9916324999151624
Star Wars Episode I - Battle for Naboo (USA) (Beta),星球大战前传1-纳布之战,Star Wars Episode I - Battle for Naboo (USA) (Beta) 星球大战前传1-纳布之战,star wars episode battle naboo usa beta 星球大战前传纳布之战,5,0.9837907559161783
Star Wars Episode I - Racer (USA) (Limited Run Games),星球大战前传1-极速飞梭,Star Wars Episode I - Racer (USA) (Limited Run Games) 星球大战前传1-极速飞梭,star wars episode racer usa limited run games 星球大战前传极速飞梭,5,0.9903219856242932
"Star Wars Episode I - Racer (Europe) (En,Fr,De)",星球大战前传1-极速飞梭,"Star Wars Episode I - Racer (Europe) (En,Fr,De) 星球大战前传1-极速飞梭",star wars episode racer europe enfrde 星球大战前传极速飞梭,1,0.9732910729047622
Star Wars Episode I - Racer (Japan),星球大战前传1-极速飞梭,Star Wars Episode I - Racer (Japan) 星球大战前传1-极速飞梭,star wars episode racer japan 星球大战前传极速飞梭,7,0.9871161516965993
Star Wars Episode I - Racer (USA),星球大战前传1-极速飞梭,Star Wars Episode I - Racer (USA) 星球大战前传1-极速飞梭,star wars episode racer usa 星球大战前传极速飞梭,5,0.9895301327855068
StarCraft 64 (Australia),星际争霸64,StarCraft 64 (Australia) 星际争霸64,starcraft australia 星际争霸,5,1.001586286964422
StarCraft 64 (USA),星际争霸64,StarCraft 64 (USA) 星际争霸64,starcraft usa 星际争霸,5,0.9899980124198663
StarCraft 64 (USA) (Beta),星际争霸64,StarCraft 64 (USA) (Beta) 星际争霸64,starcraft usa beta 星际争霸,5,0.9787969398527071
StarCraft 64 (Germany) (Proto),星际争霸64,StarCraft 64 (Germany) (Proto) 星际争霸64,starcraft germany proto 星际争霸,5,0.9957620600583241
"Starshot - Space Circus Fever (Europe) (En,Fr,De)",银河出击-太空马戏团狂热,"Starshot - Space Circus Fever (Europe) (En,Fr,De) 银河出击-太空马戏团狂热",starshot space circus fever europe enfrde 银河出击太空马戏团狂热,1,0.9824954756334974
"Starshot - Space Circus Fever (USA) (En,Fr,Es)",银河出击-太空马戏团狂热,"Starshot - Space Circus Fever (USA) (En,Fr,Es) 银河出击-太空马戏团狂热",starshot space circus fever usa enfres 银河出击太空马戏团狂热,5,0.9953417711420718
Stunt Racer 64 (USA),特技赛车64,Stunt Racer 64 (USA) 特技赛车64,stunt racer usa 特技赛车,5,0.9943120209330776
Super B-Daman - Battle Phoenix 64 (Japan),弹珠超人64-战斗凤凰,Super B-Daman - Battle Phoenix 64 (Japan) 弹珠超人64-战斗凤凰,super bdaman battle phoenix japan 弹珠超人战斗凤凰,7,0.9902234154058133
Super Bowling (Japan),超级保龄球,Super Bowling (Japan) 超级保龄球,super bowling japan 超级保龄球,7,0.9854030812820814
Super Bowling (USA),超级保龄球,Super Bowling (USA) 超级保龄球,super bowling usa 超级保龄球,5,0.9937154532110257
"Super Mario 64 (Europe) (En,Fr,De)",超级马里奥64,"Super Mario 64 (Europe) (En,Fr,De) 超级马里奥64",super mario europe enfrde 超级马里奥,1,0.9682829808526126
Super Mario 64 (Japan),超级马里奥64,Super Mario 64 (Japan) 超级马里奥64,super mario japan 超级马里奥,7,0.9792210720487154
Super Mario 64 (Japan) (Rev 3) (Shindou Edition),超级马里奥64,Super Mario 64 (Japan) (Rev 3) (Shindou Edition) 超级马里奥64,super mario japan rev shindou edition 超级马里奥,9,0.9801699594542159
Super Mario 64 (USA),超级马里奥64,Super Mario 64 (USA) 超级马里奥64,super mario usa 超级马里奥,5,0.9871130923267654
Super Mario 64 (USA) (LodgeNet),超级马里奥64,Super Mario 64 (USA) (LodgeNet) 超级马里奥64,super mario usa lodgenet 超级马里奥,5,0.9796798185788156
Super Robot Spirits (Japan),超钢之魂,Super Robot Spirits (Japan) 超钢之魂,super robot spirits japan 超钢之魂,7,0.9858984815370236
Super Robot Taisen 64 (Japan),超级机器人大战64,Super Robot Taisen 64 (Japan) 超级机器人大战64,super robot taisen japan 超级机器人大战,7,0.9864921378975195
Super Smash Bros. (Australia),任天堂全明星大乱斗,Super Smash Bros. (Australia) 任天堂全明星大乱斗,super smash bros australia 任天堂全明星大乱斗,5,1.0008662900014396
"Super Smash Bros. (Europe) (En,Fr,De)",任天堂全明星大乱斗,"Super Smash Bros. (Europe) (En,Fr,De) 任天堂全明星大乱斗",super smash bros europe enfrde 任天堂全明星大乱斗,1,0.9771267142220306
Super Smash Bros. (USA),任天堂全明星大乱斗,Super Smash Bros. (USA) 任天堂全明星大乱斗,super smash bros usa 任天堂全明星大乱斗,5,0.9923627584923442
Super Smash Bros. (USA) (LodgeNet),任天堂全明星大乱斗,Super Smash Bros. (USA) (LodgeNet) 任天堂全明星大乱斗,super smash bros usa lodgenet 任天堂全明星大乱斗,5,0.9856237073682441
Super Speed Race 64 (Japan),兰博基尼赛车,Super Speed Race 64 (Japan) 兰博基尼赛车,super speed race japan 兰博基尼赛车,7,0.9867423281585448
"Supercross 2000 (Europe) (En,Fr,De)",越野狂飙2000,"Supercross 2000 (Europe) (En,Fr,De) 越野狂飙2000",supercross europe enfrde 越野狂飙,1,0.9671761123661753
Supercross 2000 (USA),越野狂飙2000,Supercross 2000 (USA) 越野狂飙2000,supercross usa 越野狂飙,5,0.9918695357871103
"Superman (Europe) (En,Fr,De,Es,It,Nl)",超人,"Superman (Europe) (En,Fr,De,Es,It,Nl) 超人",superman europe enfrdeesitnl 超人,1,0.9809950805465135
Superman (USA) (Beta) (1998-09-06),超人,Superman (USA) (Beta) (1998-09-06) 超人,superman usa beta 超人,5,0.9818770460676406
"Superman - The New Superman Aventures (USA) (En,Fr,Es)",超人,"Superman - The New Superman Aventures (USA) (En,Fr,Es) 超人",superman new superman aventures usa enfres 超人,5,0.9947778155014485
Susume! Taisen Puzzle Dama - Toukon! Marutama Chou (Japan),前进!智力对战方块,Susume! Taisen Puzzle Dama - Toukon! Marutama Chou (Japan) 前进!智力对战方块,susume taisen puzzle dama toukon marutama chou japan 前进智力对战方块,7,0.9936315352879195
Sydney 2000 (Europe) (Proto),悉尼2000,Sydney 2000 (Europe) (Proto) 悉尼2000,sydney europe proto 悉尼,1,0.98504280217876
Sydney 2000 (USA) (Proto),悉尼2000,Sydney 2000 (USA) (Proto) 悉尼2000,sydney usa proto 悉尼,5,0.9860969813010313
Tamiya Racing 64 (USA) (Proto),田宫赛车64,Tamiya Racing 64 (USA) (Proto) 田宫赛车64,tamiya racing usa proto 田宫赛车,5,0.9855053673379438
Tarzan (Europe),人猿泰山,Tarzan (Europe) 人猿泰山,tarzan europe 人猿泰山,1,0.9888534386195035
Tarzan (France),人猿泰山,Tarzan (France) 人猿泰山,tarzan france 人猿泰山,5,1.0008573659368303
Tarzan (Germany),人猿泰山,Tarzan (Germany) 人猿泰山,tarzan germany 人猿泰山,5,0.9996477256473958
Tarzan (USA),人猿泰山,Tarzan (USA) 人猿泰山,tarzan usa 人猿泰山,5,0.9915882076303538
"Taz Express (Europe) (En,Fr,De,Es,It,Nl)",大嘴怪塔兹,"Taz Express (Europe) (En,Fr,De,Es,It,Nl) 大嘴怪塔兹",taz express europe enfrdeesitnl 大嘴怪塔兹,1,0.9854088804937003
Taz Express (USA) (Proto) (2000-05-15),大嘴怪塔兹,Taz Express (USA) (Proto) (2000-05-15) 大嘴怪塔兹,taz express usa proto 大嘴怪塔兹,5,0.989199346348925
Telefoot Soccer 2000 (France),特勒弗特足球2000,Telefoot Soccer 2000 (France) 特勒弗特足球2000,telefoot soccer france 特勒弗特足球,5,1.0021779794300054
Tetris (World) (Demo) (Presence of Mind '98) (Unl),,Tetris (World) (Demo) (Presence of Mind '98) (Unl) ,tetris world demo presence mind unl,4,0.9473642815650419
Tetris 64 (Japan) (En),俄罗斯方块64,Tetris 64 (Japan) (En) 俄罗斯方块64,tetris japan en 俄罗斯方块,7,0.9851318824730633
Tetrisphere (Europe),图形方块,Tetrisphere (Europe) 图形方块,tetrisphere europe 图形方块,1,0.9895461810395256
Tetrisphere (USA),图形方块,Tetrisphere (USA) 图形方块,tetrisphere usa 图形方块,5,0.9939167674815146
TG Rally 2 (Europe),疯狂汽车秀-拉力赛2,TG Rally 2 (Europe) 疯狂汽车秀-拉力赛2,tg rally europe 疯狂汽车秀拉力赛,1,0.9824813243301087
"Tigger's Honey Hunt (Europe) (En,Fr,De,Es,It,Nl,Da)",跳跳虎历险记,"Tigger's Honey Hunt (Europe) (En,Fr,De,Es,It,Nl,Da) 跳跳虎历险记",tiggers honey hunt europe enfrdeesitnlda 跳跳虎历险记,1,0.9957653653745029
Tigger's Honey Hunt (USA),跳跳虎历险记,Tigger's Honey Hunt (USA) 跳跳虎历险记,tiggers honey hunt usa 跳跳虎历险记,5,0.9959766846675033
"Tom and Jerry in Fists of Furry (Europe) (En,Fr,De,Es,It,Nl)",汤姆和杰瑞-绒毛拳头,"Tom and Jerry in Fists of Furry (Europe) (En,Fr,De,Es,It,Nl) 汤姆和杰瑞-绒毛拳头",tom jerry fists furry europe enfrdeesitnl 汤姆和杰瑞绒毛拳头,1,0.9895027682533426
Tom and Jerry in Fists of Furry (USA),汤姆和杰瑞-绒毛拳头,Tom and Jerry in Fists of Furry (USA) 汤姆和杰瑞-绒毛拳头,tom jerry fists furry usa 汤姆和杰瑞绒毛拳头,5,0.9974394223769161
Tom Clancy's Rainbow Six (Europe),彩虹六号,Tom Clancy's Rainbow Six (Europe) 彩虹六号,tom clancys rainbow six europe 彩虹六号,1,0.9954763952072959
Tom Clancy's Rainbow Six (France),彩虹六号,Tom Clancy's Rainbow Six (France) 彩虹六号,tom clancys rainbow six france 彩虹六号,5,1.000047555205006
Tom Clancy's Rainbow Six (Germany),彩虹六号,Tom Clancy's Rainbow Six (Germany) 彩虹六号,tom clancys rainbow six germany 彩虹六号,5,0.9992373194407108
Tom Clancy's Rainbow Six (USA),彩虹六号,Tom Clancy's Rainbow Six (USA) 彩虹六号,tom clancys rainbow six usa 彩虹六号,5,0.9939685380855474
Tommy Thunder (USA) (Proto) (1997-10-01),雷鸣汤米,Tommy Thunder (USA) (Proto) (1997-10-01) 雷鸣汤米,tommy thunder usa proto 雷鸣汤米,5,0.987619039587314
Tonic Trouble (Europe) (Beta),麻烦大了,Tonic Trouble (Europe) (Beta) 麻烦大了,tonic trouble europe beta 麻烦大了,1,0.9875911827296833
"Tonic Trouble (Europe) (En,Fr,De,Es,It)",麻烦大了,"Tonic Trouble (Europe) (En,Fr,De,Es,It) 麻烦大了",tonic trouble europe enfrdeesit 麻烦大了,4,0.9728219676172439
Tonic Trouble (USA) (Rev 1),麻烦大了,Tonic Trouble (USA) (Rev 1) 麻烦大了,tonic trouble usa rev 麻烦大了,9,0.9674990849951555
Tony Hawk's Pro Skater (USA),托尼霍克职业滑板,Tony Hawk's Pro Skater (USA) 托尼霍克职业滑板,tony hawks pro skater usa 托尼霍克职业滑板,6,0.9350217219523821
Tony Hawk's Pro Skater (USA) (Rev 1),托尼霍克职业滑板,Tony Hawk's Pro Skater (USA) (Rev 1) 托尼霍克职业滑板,tony hawks pro skater usa rev 托尼霍克职业滑板,6,0.9411422298293335
Tony Hawk's Pro Skater (USA) (Beta),托尼霍克职业滑板,Tony Hawk's Pro Skater (USA) (Beta) 托尼霍克职业滑板,tony hawks pro skater usa beta 托尼霍克职业滑板,6,0.9365706101536386
Tony Hawk's Pro Skater 2 (USA) (Beta) (2001-04-20),托尼霍克职业滑板2,Tony Hawk's Pro Skater 2 (USA) (Beta) (2001-04-20) 托尼霍克职业滑板2,tony hawks pro skater usa beta 托尼霍克职业滑板,6,0.9365706101536386
Tony Hawk's Pro Skater 2 (USA) (v012) (Beta) (2001-06-04),托尼霍克职业滑板2,Tony Hawk's Pro Skater 2 (USA) (v012) (Beta) (2001-06-04) 托尼霍克职业滑板2,tony hawks pro skater usa v beta 托尼霍克职业滑板,6,0.9365706101536386
Tony Hawk's Pro Skater 2 (Europe),托尼霍克职业滑板2,Tony Hawk's Pro Skater 2 (Europe) 托尼霍克职业滑板2,tony hawks pro skater europe 托尼霍克职业滑板,6,0.9605191078014387
Tony Hawk's Pro Skater 2 (USA),托尼霍克职业滑板2,Tony Hawk's Pro Skater 2 (USA) 托尼霍克职业滑板2,tony hawks pro skater usa 托尼霍克职业滑板,6,0.9350217219523821
Tony Hawk's Pro Skater 3 (USA),托尼霍克职业滑板3,Tony Hawk's Pro Skater 3 (USA) 托尼霍克职业滑板3,tony hawks pro skater usa 托尼霍克职业滑板,6,0.9350217219523821
Tony Hawk's Skateboarding (Europe),托尼霍克职业滑板,Tony Hawk's Skateboarding (Europe) 托尼霍克职业滑板,tony hawks skateboarding europe 托尼霍克职业滑板,1,0.9940428768825124
Toon Panic (Japan) (Proto),恐怖卡通,Toon Panic (Japan) (Proto) 恐怖卡通,toon panic japan proto 恐怖卡通,7,0.9877526290664057
Top Gear Hyper Bike (Europe),疯狂汽车秀-超级摩托,Top Gear Hyper Bike (Europe) 疯狂汽车秀-超级摩托,top gear hyper bike europe 疯狂汽车秀超级摩托,1,0.9914534962800979
Top Gear Hyper Bike (Japan),疯狂汽车秀-超级摩托,Top Gear Hyper Bike (Japan) 疯狂汽车秀-超级摩托,top gear hyper bike japan 疯狂汽车秀超级摩托,7,0.987017018918468
Top Gear Hyper-Bike (USA),疯狂汽车秀-超级摩托,Top Gear Hyper-Bike (USA) 疯狂汽车秀-超级摩托,top gear hyperbike usa 疯狂汽车秀超级摩托,5,0.9908258432861862
Top Gear Hyper-Bike (USA) (Beta),疯狂汽车秀-超级摩托,Top Gear Hyper-Bike (USA) (Beta) 疯狂汽车秀-超级摩托,top gear hyperbike usa beta 疯狂汽车秀超级摩托,5,0.9817770833333046
Top Gear Overdrive (Europe),疯狂汽车秀-超速,Top Gear Overdrive (Europe) 疯狂汽车秀-超速,top gear overdrive europe 疯狂汽车秀超速,1,0.9889817860623135
Top Gear Overdrive (Japan),疯狂汽车秀-超速,Top Gear Overdrive (Japan) 疯狂汽车秀-超速,top gear overdrive japan 疯狂汽车秀超速,7,0.984847958356723
Top Gear Overdrive (USA),疯狂汽车秀-超速,Top Gear Overdrive (USA) 疯狂汽车秀-超速,top gear overdrive usa 疯狂汽车秀超速,5,0.9905850505728722
Top Gear Overdrive (USA) (Beta),疯狂汽车秀-超速,Top Gear Overdrive (USA) (Beta) 疯狂汽车秀-超速,top gear overdrive usa beta 疯狂汽车秀超速,5,0.9813784289902301
Top Gear Rally (Europe),疯狂汽车秀-拉力赛,Top Gear Rally (Europe) 疯狂汽车秀-拉力赛,top gear rally europe 疯狂汽车秀拉力赛,1,0.9769092616809579
Top Gear Rally (Japan),疯狂汽车秀-拉力赛,Top Gear Rally (Japan) 疯狂汽车秀-拉力赛,top gear rally japan 疯狂汽车秀拉力赛,7,0.9777088966429404
Top Gear Rally (USA),疯狂汽车秀-拉力赛,Top Gear Rally (USA) 疯狂汽车秀-拉力赛,top gear rally usa 疯狂汽车秀拉力赛,5,0.9853975865089875
Top Gear Rally (Asia) (En),疯狂汽车秀-拉力赛,Top Gear Rally (Asia) (En) 疯狂汽车秀-拉力赛,top gear rally asia en 疯狂汽车秀拉力赛,5,0.999504614846574
Top Gear Rally 2 (Europe),疯狂汽车秀-拉力赛2,Top Gear Rally 2 (Europe) 疯狂汽车秀-拉力赛2,top gear rally europe 疯狂汽车秀拉力赛,1,0.9769092616809579
Top Gear Rally 2 (Japan),疯狂汽车秀-拉力赛2,Top Gear Rally 2 (Japan) 疯狂汽车秀-拉力赛2,top gear rally japan 疯狂汽车秀拉力赛,7,0.9777088966429404
Top Gear Rally 2 (USA),疯狂汽车秀-拉力赛2,Top Gear Rally 2 (USA) 疯狂汽车秀-拉力赛2,top gear rally usa 疯狂汽车秀拉力赛,5,0.9853975865089875
Top Gear Rally 2 (Europe) (Beta) (1999-08-31),疯狂汽车秀-拉力赛2,Top Gear Rally 2 (Europe) (Beta) (1999-08-31) 疯狂汽车秀-拉力赛2,top gear rally europe beta 疯狂汽车秀拉力赛,1,0.9743772772596925
Top Gear Rally 2 (USA) (Beta),疯狂汽车秀-拉力赛2,Top Gear Rally 2 (USA) (Beta) 疯狂汽车秀-拉力赛2,top gear rally usa beta 疯狂汽车秀拉力赛,5,0.9761248307473663
Toy Story 2 - Buzz l'Eclair a la Rescousse! (France),玩具总动员2-巴斯光年前来救援,Toy Story 2 - Buzz l'Eclair a la Rescousse! (France) 玩具总动员2-巴斯光年前来救援,toy story buzz leclair la rescousse france 玩具总动员巴斯光年前来救援,5,1.001416844476243
Toy Story 2 - Buzz Lightyear to the Rescue! (Europe),玩具总动员2-巴斯光年前来救援,Toy Story 2 - Buzz Lightyear to the Rescue! (Europe) 玩具总动员2-巴斯光年前来救援,toy story buzz lightyear rescue europe 玩具总动员巴斯光年前来救援,1,0.9954411020478596
Toy Story 2 - Buzz Lightyear to the Rescue! (USA),玩具总动员2-巴斯光年前来救援,Toy Story 2 - Buzz Lightyear to the Rescue! (USA) 玩具总动员2-巴斯光年前来救援,toy story buzz lightyear rescue usa 玩具总动员巴斯光年前来救援,5,0.9943099154373278
Toy Story 2 - Buzz Lightyear to the Rescue! (USA) (Rev 1),玩具总动员2-巴斯光年前来救援,Toy Story 2 - Buzz Lightyear to the Rescue! (USA) (Rev 1) 玩具总动员2-巴斯光年前来救援,toy story buzz lightyear rescue usa rev 玩具总动员巴斯光年前来救援,9,0.9800600617737724
Toy Story 2 - Captain Buzz Lightyear auf Rettungsmission! (Germany),玩具总动员2-巴斯光年前来救援,Toy Story 2 - Captain Buzz Lightyear auf Rettungsmission! (Germany) 玩具总动员2-巴斯光年前来救援,toy story captain buzz lightyear auf rettungsmission germany 玩具总动员巴斯光年前来救援,5,0.9994525959390625
Toy Story 2 - Captain Buzz Lightyear auf Rettungsmission! (Germany) (Rev 1),玩具总动员2-巴斯光年前来救援,Toy Story 2 - Captain Buzz Lightyear auf Rettungsmission! (Germany) (Rev 1) 玩具总动员2-巴斯光年前来救援,toy story captain buzz lightyear auf rettungsmission germany rev 玩具总动员巴斯光年前来救援,5,0.999440262322032
Transformers - Beast Wars Metals 64 (Japan),变形金刚-超能勇士,Transformers - Beast Wars Metals 64 (Japan) 变形金刚-超能勇士,transformers beast wars metals japan 变形金刚超能勇士,7,0.9916849952851714
Transformers - Beast Wars Transmetals (USA),变形金刚-超能勇士,Transformers - Beast Wars Transmetals (USA) 变形金刚-超能勇士,transformers beast wars transmetals usa 变形金刚超能勇士,5,0.9968098975378648
Triple Play 2000 (USA),美国职棒三杀2000,Triple Play 2000 (USA) 美国职棒三杀2000,triple play usa 美国职棒三杀,5,0.9963150150873785
Tsumi to Batsu - Hoshi no Keishousha (Japan),罪与罚-地球的继承者,Tsumi to Batsu - Hoshi no Keishousha (Japan) 罪与罚-地球的继承者,tsumi batsu hoshi keishousha japan 罪与罚地球的继承者,7,0.9925622043201892
Turok - Dinosaur Hunter (Europe),恐龙猎人,Turok - Dinosaur Hunter (Europe) 恐龙猎人,turok dinosaur hunter europe 恐龙猎人,8,0.8650558137939867
Turok - Dinosaur Hunter (Europe) (Rev 1),恐龙猎人,Turok - Dinosaur Hunter (Europe) (Rev 1) 恐龙猎人,turok dinosaur hunter europe rev 恐龙猎人,8,0.83930203386344
Turok - Dinosaur Hunter (Europe) (Rev 2),恐龙猎人,Turok - Dinosaur Hunter (Europe) (Rev 2) 恐龙猎人,turok dinosaur hunter europe rev 恐龙猎人,8,0.83930203386344
Turok - Dinosaur Hunter (Germany),恐龙猎人,Turok - Dinosaur Hunter (Germany) 恐龙猎人,turok dinosaur hunter germany 恐龙猎人,8,0.8736043029997651
Turok - Dinosaur Hunter (USA),恐龙猎人,Turok - Dinosaur Hunter (USA) 恐龙猎人,turok dinosaur hunter usa 恐龙猎人,8,0.8622197928129935
Turok - Dinosaur Hunter (USA) (Rev 1),恐龙猎人,Turok - Dinosaur Hunter (USA) (Rev 1) 恐龙猎人,turok dinosaur hunter usa rev 恐龙猎人,8,0.828157930719207
Turok - Dinosaur Hunter (USA) (Rev 2),恐龙猎人,Turok - Dinosaur Hunter (USA) (Rev 2) 恐龙猎人,turok dinosaur hunter usa rev 恐龙猎人,8,0.828157930719207
Turok - Dinosaur Hunter (Germany) (Rev 1),恐龙猎人,Turok - Dinosaur Hunter (Germany) (Rev 1) 恐龙猎人,turok dinosaur hunter germany rev 恐龙猎人,8,0.8510109239418074
Turok - Dinosaur Hunter (Germany) (Rev 2),恐龙猎人,Turok - Dinosaur Hunter (Germany) (Rev 2) 恐龙猎人,turok dinosaur hunter germany rev 恐龙猎人,8,0.8510109239418074
"Turok - Dinosaur Hunter (USA) (Demo) (Kiosk, E3 1997)",恐龙猎人,"Turok - Dinosaur Hunter (USA) (Demo) (Kiosk, E3 1997) 恐龙猎人",turok dinosaur hunter usa demo kiosk e 恐龙猎人,8,0.8870011181031483
Turok - Legenden des Verlorenen Landes (Germany),恐龙猎人-狂怒之战,Turok - Legenden des Verlorenen Landes (Germany) 恐龙猎人-狂怒之战,turok legenden des verlorenen landes germany 恐龙猎人狂怒之战,5,1.0028918216411113
Turok - Rage Wars (Europe),恐龙猎人-狂怒之战,Turok - Rage Wars (Europe) 恐龙猎人-狂怒之战,turok rage wars europe 恐龙猎人狂怒之战,1,0.9887235265580642
"Turok - Rage Wars (Europe) (En,Fr,It)",恐龙猎人-狂怒之战,"Turok - Rage Wars (Europe) (En,Fr,It) 恐龙猎人-狂怒之战",turok rage wars europe enfrit 恐龙猎人狂怒之战,1,0.991226602752255
Turok - Rage Wars (USA),恐龙猎人-狂怒之战,Turok - Rage Wars (USA) 恐龙猎人-狂怒之战,turok rage wars usa 恐龙猎人狂怒之战,5,0.9943319688524661
Turok - Rage Wars (USA) (Rev 1),恐龙猎人-狂怒之战,Turok - Rage Wars (USA) (Rev 1) 恐龙猎人-狂怒之战,turok rage wars usa rev 恐龙猎人狂怒之战,9,0.967190383439006
Turok 2 - Seeds of Evil (Europe),恐龙猎人2-邪恶之种,Turok 2 - Seeds of Evil (Europe) 恐龙猎人2-邪恶之种,turok seeds evil europe 恐龙猎人邪恶之种,8,0.9293355176667406
"Turok 2 - Seeds of Evil (Europe) (En,Fr,Es,It)",恐龙猎人2-邪恶之种,"Turok 2 - Seeds of Evil (Europe) (En,Fr,Es,It) 恐龙猎人2-邪恶之种",turok seeds evil europe enfresit 恐龙猎人邪恶之种,8,0.9500131286230982
Turok 2 - Seeds of Evil (Europe) (Demo) (Kiosk),恐龙猎人2-邪恶之种,Turok 2 - Seeds of Evil (Europe) (Demo) (Kiosk) 恐龙猎人2-邪恶之种,turok seeds evil europe demo kiosk 恐龙猎人邪恶之种,8,0.9408693924973486
Turok 2 - Seeds of Evil (Germany),恐龙猎人2-邪恶之种,Turok 2 - Seeds of Evil (Germany) 恐龙猎人2-邪恶之种,turok seeds evil germany 恐龙猎人邪恶之种,8,0.9463948604699538
Turok 2 - Seeds of Evil (USA),恐龙猎人2-邪恶之种,Turok 2 - Seeds of Evil (USA) 恐龙猎人2-邪恶之种,turok seeds evil usa 恐龙猎人邪恶之种,8,0.93133094309705
Turok 2 - Seeds of Evil (USA) (Demo) (Kiosk),恐龙猎人2-邪恶之种,Turok 2 - Seeds of Evil (USA) (Demo) (Kiosk) 恐龙猎人2-邪恶之种,turok seeds evil usa demo kiosk 恐龙猎人邪恶之种,8,0.9361226363572288
Turok 2 - Seeds of Evil (USA) (Rev 1),恐龙猎人2-邪恶之种,Turok 2 - Seeds of Evil (USA) (Rev 1) 恐龙猎人2-邪恶之种,turok seeds evil usa rev 恐龙猎人邪恶之种,8,0.926787901477031
Turok 3 - Shadow of Oblivion (Europe),恐龙猎人3-遗忘之影,Turok 3 - Shadow of Oblivion (Europe) 恐龙猎人3-遗忘之影,turok shadow oblivion europe 恐龙猎人遗忘之影,8,0.7889075079164606
Turok 3 - Shadow of Oblivion (USA),恐龙猎人3-遗忘之影,Turok 3 - Shadow of Oblivion (USA) 恐龙猎人3-遗忘之影,turok shadow oblivion usa 恐龙猎人遗忘之影,8,0.8029047650090818
Turok 3 - Shadow of Oblivion (Europe) (Beta) (2000-07-10) [b],恐龙猎人3-遗忘之影,Turok 3 - Shadow of Oblivion (Europe) (Beta) (2000-07-10) [b] 恐龙猎人3-遗忘之影,turok shadow oblivion europe beta b 恐龙猎人遗忘之影,8,0.7120380778099548
Turok 3 - Shadow of Oblivion (Europe) (Beta) (2000-05-31),恐龙猎人3-遗忘之影,Turok 3 - Shadow of Oblivion (Europe) (Beta) (2000-05-31) 恐龙猎人3-遗忘之影,turok shadow oblivion europe beta 恐龙猎人遗忘之影,8,0.7120380778099548
Turok 3 - Shadow of Oblivion (Europe) (Beta) (2000-06-06) [b],恐龙猎人3-遗忘之影,Turok 3 - Shadow of Oblivion (Europe) (Beta) (2000-06-06) [b] 恐龙猎人3-遗忘之影,turok shadow oblivion europe beta b 恐龙猎人遗忘之影,8,0.7120380778099548
Turok 3 - Shadow of Oblivion (USA) (Beta) (2000-07-18),恐龙猎人3-遗忘之影,Turok 3 - Shadow of Oblivion (USA) (Beta) (2000-07-18) 恐龙猎人3-遗忘之影,turok shadow oblivion usa beta 恐龙猎人遗忘之影,8,0.7330391268762344
Turok 3 - Shadow of Oblivion (USA) (Beta) (2000-06-26),恐龙猎人3-遗忘之影,Turok 3 - Shadow of Oblivion (USA) (Beta) (2000-06-26) 恐龙猎人3-遗忘之影,turok shadow oblivion usa beta 恐龙猎人遗忘之影,8,0.7330391268762344
Turok 3 - Shadow of Oblivion (Europe) (Beta) (2000-07-16T211412),恐龙猎人3-遗忘之影,Turok 3 - Shadow of Oblivion (Europe) (Beta) (2000-07-16T211412) 恐龙猎人3-遗忘之影,turok shadow oblivion europe beta 恐龙猎人遗忘之影,8,0.7120380778099548
Turok 3 - Shadow of Oblivion (Europe) (Beta) (2000-07-18),恐龙猎人3-遗忘之影,Turok 3 - Shadow of Oblivion (Europe) (Beta) (2000-07-18) 恐龙猎人3-遗忘之影,turok shadow oblivion europe beta 恐龙猎人遗忘之影,8,0.7120380778099548
Turok 3 - Shadow of Oblivion (USA) (Beta) (2000-05-03),恐龙猎人3-遗忘之影,Turok 3 - Shadow of Oblivion (USA) (Beta) (2000-05-03) 恐龙猎人3-遗忘之影,turok shadow oblivion usa beta 恐龙猎人遗忘之影,8,0.7330391268762344
Turok 3 - Shadow of Oblivion (USA) (Beta) (2000-07-16),恐龙猎人3-遗忘之影,Turok 3 - Shadow of Oblivion (USA) (Beta) (2000-07-16) 恐龙猎人3-遗忘之影,turok shadow oblivion usa beta 恐龙猎人遗忘之影,8,0.7330391268762344
Turok 3 - Shadow of Oblivion (Europe) (Beta) (2000-07-16T220245),恐龙猎人3-遗忘之影,Turok 3 - Shadow of Oblivion (Europe) (Beta) (2000-07-16T220245) 恐龙猎人3-遗忘之影,turok shadow oblivion europe beta 恐龙猎人遗忘之影,8,0.7120380778099548
Twintris (World) (Demo) (Presence of Mind '98) (Unl),,Twintris (World) (Demo) (Presence of Mind '98) (Unl) ,twintris world demo presence mind unl,4,0.9490959195448491
Twisted Edge - Extreme Snowboarding (USA),雪地滑板王,Twisted Edge - Extreme Snowboarding (USA) 雪地滑板王,twisted edge extreme snowboarding usa 雪地滑板王,5,0.9966725181049653
Twisted Edge - Snowboarding (Europe),雪地滑板王,Twisted Edge - Snowboarding (Europe) 雪地滑板王,twisted edge snowboarding europe 雪地滑板王,1,0.9932556306245538
Utchan Nanchan no Hono no Challenger - Denryuu Ira Ira Bou (Japan),小内小南的火焰挑战者-电流急急棒,Utchan Nanchan no Hono no Challenger - Denryuu Ira Ira Bou (Japan) 小内小南的火焰挑战者-电流急急棒,utchan nanchan hono challenger denryuu ira ira bou japan 小内小南的火焰挑战者电流急急棒,7,0.9971915205517239
"V-Rally Edition 99 (Europe) (En,Fr,De)",V拉力赛车'99,"V-Rally Edition 99 (Europe) (En,Fr,De) V拉力赛车'99",vrally edition europe enfrde v拉力赛车,1,0.9718029770418348
V-Rally Edition 99 (Japan),V拉力赛车'99,V-Rally Edition 99 (Japan) V拉力赛车'99,vrally edition japan v拉力赛车,7,0.9874898241109973
V-Rally Edition 99 (USA),V拉力赛车'99,V-Rally Edition 99 (USA) V拉力赛车'99,vrally edition usa v拉力赛车,5,0.9935254386872833
Viewpoint 2064 (Japan) (Proto),,Viewpoint 2064 (Japan) (Proto) ,viewpoint japan proto,7,0.9783935490076581
Vigilante 8 (Europe),武装战斗车,Vigilante 8 (Europe) 武装战斗车,vigilante europe 武装战斗车,1,0.9880580856920314
Vigilante 8 (France),武装战斗车,Vigilante 8 (France) 武装战斗车,vigilante france 武装战斗车,5,1.0005845062182754
Vigilante 8 (Germany),武装战斗车,Vigilante 8 (Germany) 武装战斗车,vigilante germany 武装战斗车,5,0.9993592175628497
Vigilante 8 (USA),武装战斗车,Vigilante 8 (USA) 武装战斗车,vigilante usa 武装战斗车,5,0.99119044324616
Vigilante 8 - 2nd Offense (Europe),武装战斗车-二次进攻,Vigilante 8 - 2nd Offense (Europe) 武装战斗车-二次进攻,vigilante nd offense europe 武装战斗车二次进攻,1,0.9943915324918701
Vigilante 8 - 2nd Offense (USA),武装战斗车-二次进攻,Vigilante 8 - 2nd Offense (USA) 武装战斗车-二次进攻,vigilante nd offense usa 武装战斗车二次进攻,5,0.9961643750033231
Violence Killer - Turok New Generation (Japan),恐龙猎人2-邪恶之种,Violence Killer - Turok New Generation (Japan) 恐龙猎人2-邪恶之种,violence killer turok new generation japan 恐龙猎人邪恶之种,7,0.9906773385990859
"Virtual Chess 64 (Europe) (En,Fr,De,Es,It,Nl)",虚拟国际象棋64,"Virtual Chess 64 (Europe) (En,Fr,De,Es,It,Nl) 虚拟国际象棋64",virtual chess europe enfrdeesitnl 虚拟国际象棋,1,0.9834929364387685
"Virtual Chess 64 (USA) (En,Fr,Es)",虚拟国际象棋64,"Virtual Chess 64 (USA) (En,Fr,Es) 虚拟国际象棋64",virtual chess usa enfres 虚拟国际象棋,5,0.9903784774211036
"Virtual Chess 64 (USA) (En,Fr,Es) (LodgeNet)",虚拟国际象棋64,"Virtual Chess 64 (USA) (En,Fr,Es) (LodgeNet) 虚拟国际象棋64",virtual chess usa enfres lodgenet 虚拟国际象棋,5,0.9880073937990785
Virtual Pool 64 (USA) (LodgeNet),虚拟台球64,Virtual Pool 64 (USA) (LodgeNet) 虚拟台球64,virtual pool usa lodgenet 虚拟台球,5,0.9852365592327884
Virtual Pool 64 (Europe),虚拟台球64,Virtual Pool 64 (Europe) 虚拟台球64,virtual pool europe 虚拟台球,1,0.9912973381387452
Virtual Pool 64 (USA),虚拟台球64,Virtual Pool 64 (USA) 虚拟台球64,virtual pool usa 虚拟台球,5,0.9926182327660132
Virtual Pro Wrestling 2 - Oudou Keishou (Japan),虚拟职业摔角2-王道继承,Virtual Pro Wrestling 2 - Oudou Keishou (Japan) 虚拟职业摔角2-王道继承,virtual pro wrestling oudou keishou japan 虚拟职业摔角王道继承,7,0.9882303504383013
Virtual Pro Wrestling 64 (Japan),虚拟职业摔角64,Virtual Pro Wrestling 64 (Japan) 虚拟职业摔角64,virtual pro wrestling japan 虚拟职业摔角,7,0.9833659671154119
Waialae Country Club - True Golf Classics (Europe),维艾勒伊乡村俱乐部-真正的高尔夫经典,Waialae Country Club - True Golf Classics (Europe) 维艾勒伊乡村俱乐部-真正的高尔夫经典,waialae country club true golf classics europe 维艾勒伊乡村俱乐部真正的高尔夫经典,1,0.9970645026944307
Waialae Country Club - True Golf Classics (Europe) (Rev 1),维艾勒伊乡村俱乐部-真正的高尔夫经典,Waialae Country Club - True Golf Classics (Europe) (Rev 1) 维艾勒伊乡村俱乐部-真正的高尔夫经典,waialae country club true golf classics europe rev 维艾勒伊乡村俱乐部真正的高尔夫经典,9,0.9845800293367125
Waialae Country Club - True Golf Classics (USA),维艾勒伊乡村俱乐部-真正的高尔夫经典,Waialae Country Club - True Golf Classics (USA) 维艾勒伊乡村俱乐部-真正的高尔夫经典,waialae country club true golf classics usa 维艾勒伊乡村俱乐部真正的高尔夫经典,5,0.99827832018857
Waialae Country Club - True Golf Classics (USA) (Rev 1),维艾勒伊乡村俱乐部-真正的高尔夫经典,Waialae Country Club - True Golf Classics (USA) (Rev 1) 维艾勒伊乡村俱乐部-真正的高尔夫经典,waialae country club true golf classics usa rev 维艾勒伊乡村俱乐部真正的高尔夫经典,9,0.9645641766890669
War Gods (Europe),斗神传说,War Gods (Europe) 斗神传说,war gods europe 斗神传说,1,0.9923051696431695
War Gods (USA),斗神传说,War Gods (USA) 斗神传说,war gods usa 斗神传说,5,0.9955479794696649
"Wave Race 64 - Kawasaki Jet Ski (Europe) (En,De)",水上摩托车64,"Wave Race 64 - Kawasaki Jet Ski (Europe) (En,De) 水上摩托车64",wave race kawasaki jet ski europe ende 水上摩托车,1,0.9948073390740014
Wave Race 64 - Kawasaki Jet Ski (Japan),水上摩托车64,Wave Race 64 - Kawasaki Jet Ski (Japan) 水上摩托车64,wave race kawasaki jet ski japan 水上摩托车,7,0.9911777495263385
Wave Race 64 - Kawasaki Jet Ski (Japan) (Rev 2) (Shindou Edition),水上摩托车64,Wave Race 64 - Kawasaki Jet Ski (Japan) (Rev 2) (Shindou Edition) 水上摩托车64,wave race kawasaki jet ski japan rev shindou edition 水上摩托车,9,0.971870432899351
Wave Race 64 - Kawasaki Jet Ski (USA),水上摩托车64,Wave Race 64 - Kawasaki Jet Ski (USA) 水上摩托车64,wave race kawasaki jet ski usa 水上摩托车,5,0.9953801355766787
Wave Race 64 - Kawasaki Jet Ski (USA) (Rev 1),水上摩托车64,Wave Race 64 - Kawasaki Jet Ski (USA) (Rev 1) 水上摩托车64,wave race kawasaki jet ski usa rev 水上摩托车,9,0.9586194853853442
Wave Race 64 - Kawasaki Jet Ski (Japan) (Rev 1),水上摩托车64,Wave Race 64 - Kawasaki Jet Ski (Japan) (Rev 1) 水上摩托车64,wave race kawasaki jet ski japan rev 水上摩托车,9,0.9685844268432329
Wave Race 64 - Kawasaki Jet Ski (USA) (LodgeNet),水上摩托车64,Wave Race 64 - Kawasaki Jet Ski (USA) (LodgeNet) 水上摩托车64,wave race kawasaki jet ski usa lodgenet 水上摩托车,5,0.9892596825668257
"Wayne Gretzky's 3D Hockey (Europe) (En,Fr,De,Es)",韦恩格列斯基3D冰球,"Wayne Gretzky's 3D Hockey (Europe) (En,Fr,De,Es) 韦恩格列斯基3D冰球",wayne gretzkys hockey europe enfrdees 韦恩格列斯基d冰球,1,0.9833446410561868
Wayne Gretzky's 3D Hockey (Japan),韦恩格列斯基3D冰球,Wayne Gretzky's 3D Hockey (Japan) 韦恩格列斯基3D冰球,wayne gretzkys hockey japan 韦恩格列斯基d冰球,7,0.9876894634184242
Wayne Gretzky's 3D Hockey (USA),韦恩格列斯基3D冰球,Wayne Gretzky's 3D Hockey (USA) 韦恩格列斯基3D冰球,wayne gretzkys hockey usa 韦恩格列斯基d冰球,5,0.9931492681325924
Wayne Gretzky's 3D Hockey (USA) (Rev 1),韦恩格列斯基3D冰球,Wayne Gretzky's 3D Hockey (USA) (Rev 1) 韦恩格列斯基3D冰球,wayne gretzkys hockey usa rev 韦恩格列斯基d冰球,9,0.9702796045312713
"Wayne Gretzky's 3D Hockey '98 (Europe) (En,Fr,De,Es)",韦恩格列斯基3D冰球'98,"Wayne Gretzky's 3D Hockey '98 (Europe) (En,Fr,De,Es) 韦恩格列斯基3D冰球'98",wayne gretzkys hockey europe enfrdees 韦恩格列斯基d冰球,1,0.9833446410561868
Wayne Gretzky's 3D Hockey '98 (USA),韦恩格列斯基3D冰球'98,Wayne Gretzky's 3D Hockey '98 (USA) 韦恩格列斯基3D冰球'98,wayne gretzkys hockey usa 韦恩格列斯基d冰球,5,0.9931492681325924
WCW Backstage Assault (USA),世界冠军摔角-后台摔角,WCW Backstage Assault (USA) 世界冠军摔角-后台摔角,wcw backstage assault usa 世界冠军摔角后台摔角,5,0.9955422352974229
WCW Mayhem (Europe),世界冠军摔角-故意伤害,WCW Mayhem (Europe) 世界冠军摔角-故意伤害,wcw mayhem europe 世界冠军摔角故意伤害,1,0.9926677767853384
WCW Mayhem (USA),世界冠军摔角-故意伤害,WCW Mayhem (USA) 世界冠军摔角-故意伤害,wcw mayhem usa 世界冠军摔角故意伤害,5,0.995228961163284
WCW Nitro (USA),世界冠军摔角-火爆摔角,WCW Nitro (USA) 世界冠军摔角-火爆摔角,wcw nitro usa 世界冠军摔角火爆摔角,5,0.9955204991964046
WCW vs. nWo - World Tour (Europe),世界冠军摔角vs.世界新秩序-世界巡回赛,WCW vs. nWo - World Tour (Europe) 世界冠军摔角vs.世界新秩序-世界巡回赛,wcw vs nwo world tour europe 世界冠军摔角vs世界新秩序世界巡回赛,4,0.9600720784760377
WCW vs. nWo - World Tour (USA),世界冠军摔角vs.世界新秩序-世界巡回赛,WCW vs. nWo - World Tour (USA) 世界冠军摔角vs.世界新秩序-世界巡回赛,wcw vs nwo world tour usa 世界冠军摔角vs世界新秩序世界巡回赛,4,0.9628767032437705
WCW vs. nWo - World Tour (USA) (Rev 1),世界冠军摔角vs.世界新秩序-世界巡回赛,WCW vs. nWo - World Tour (USA) (Rev 1) 世界冠军摔角vs.世界新秩序-世界巡回赛,wcw vs nwo world tour usa rev 世界冠军摔角vs世界新秩序世界巡回赛,4,0.9632214226752107
WCW-nWo Revenge (Europe),世界冠军摔角vs.世界新秩序-复仇,WCW-nWo Revenge (Europe) 世界冠军摔角vs.世界新秩序-复仇,wcwnwo revenge europe 世界冠军摔角vs世界新秩序复仇,1,0.9930242063504283
WCW-nWo Revenge (USA),世界冠军摔角vs.世界新秩序-复仇,WCW-nWo Revenge (USA) 世界冠军摔角vs.世界新秩序-复仇,wcwnwo revenge usa 世界冠军摔角vs世界新秩序复仇,5,0.9959635121573878
"Wetrix (Europe) (En,Fr,De,Es,It,Nl)",水滴对对碰,"Wetrix (Europe) (En,Fr,De,Es,It,Nl) 水滴对对碰",wetrix europe enfrdeesitnl 水滴对对碰,1,0.980672538307472
Wetrix (Japan),水滴对对碰,Wetrix (Japan) 水滴对对碰,wetrix japan 水滴对对碰,7,0.9840694981944696
"Wetrix (USA) (En,Fr,De,Es,It,Nl)",水滴对对碰,"Wetrix (USA) (En,Fr,De,Es,It,Nl) 水滴对对碰",wetrix usa enfrdeesitnl 水滴对对碰,5,0.9954643905220403
Whack 'n' Roll (USA) (v0.8.2) (Beta) (1998-02-05),,Whack 'n' Roll (USA) (v0.8.2) (Beta) (1998-02-05) ,whack n roll usa v beta,5,0.9835658688742929
Wheel of Fortune (USA),幸运轮盘,Wheel of Fortune (USA) 幸运轮盘,wheel fortune usa 幸运轮盘,5,0.9963150150873785
Wide-Boy64 AGB (World) (v0.00b) (Beta),,Wide-Boy64 AGB (World) (v0.00b) (Beta) ,wideboy agb world vb beta,4,0.9715573601628138
Wide-Boy64 AGB (World) (v0.02c),,Wide-Boy64 AGB (World) (v0.02c) ,wideboy agb world vc,4,0.9623538332114228
Wide-Boy64 AGB (World) (v0.04c),,Wide-Boy64 AGB (World) (v0.04c) ,wideboy agb world vc,4,0.9623538332114228
Wide-Boy64 CGB (World) (v1.02),,Wide-Boy64 CGB (World) (v1.02) ,wideboy cgb world v,4,0.9737373528222418
Wild Choppers (Japan),狂野直升机,Wild Choppers (Japan) 狂野直升机,wild choppers japan 狂野直升机,7,0.9889113811174057
Wildwaters (USA) (1999-06-15) (Proto),皮划艇漂流,Wildwaters (USA) (1999-06-15) (Proto) 皮划艇漂流,wildwaters usa proto 皮划艇漂流,5,0.9867497967802004
WinBack (Japan),不可能的任务,WinBack (Japan) 不可能的任务,winback japan 不可能的任务,7,0.9835430685523987
WinBack (Japan) (Rev 1),不可能的任务,WinBack (Japan) (Rev 1) 不可能的任务,winback japan rev 不可能的任务,9,0.9724240867077989
WinBack - Covert Operations (USA),不可能的任务-秘密行动,WinBack - Covert Operations (USA) 不可能的任务-秘密行动,winback covert operations usa 不可能的任务秘密行动,5,0.9974417422074252
Wipeout 64 (Europe),反重力赛车64,Wipeout 64 (Europe) 反重力赛车64,wipeout europe 反重力赛车,1,0.9861778337373794
Wipeout 64 (USA),反重力赛车64,Wipeout 64 (USA) 反重力赛车64,wipeout usa 反重力赛车,5,0.9936879700692769
Wipeout 64 (Europe) (Beta),反重力赛车64,Wipeout 64 (Europe) (Beta) 反重力赛车64,wipeout europe beta 反重力赛车,1,0.9812222673469994
Wonder Project J2 - Koruro no Mori no Jozet (Japan),神奇计划J2-科鲁罗之森的朱赛特,Wonder Project J2 - Koruro no Mori no Jozet (Japan) 神奇计划J2-科鲁罗之森的朱赛特,wonder project j koruro mori jozet japan 神奇计划j科鲁罗之森的朱赛特,7,0.9938061806713786
"World Cup 98 (Europe) (En,Fr,De,Es,It,Nl,Sv,Da)",世界杯'98,"World Cup 98 (Europe) (En,Fr,De,Es,It,Nl,Sv,Da) 世界杯'98",world cup europe enfrdeesitnlsvda 世界杯,4,0.9563576698020962
"World Cup 98 (USA) (En,Fr,De,Es,It,Nl,Sv,Da)",世界杯'98,"World Cup 98 (USA) (En,Fr,De,Es,It,Nl,Sv,Da) 世界杯'98",world cup usa enfrdeesitnlsvda 世界杯,4,0.9611365335174727
"World Driver Championship (Europe) (En,Fr,De,Es,It)",世界赛车锦标赛,"World Driver Championship (Europe) (En,Fr,De,Es,It) 世界赛车锦标赛",world driver championship europe enfrdeesit 世界赛车锦标赛,4,0.9323493843994103
World Driver Championship (USA),世界赛车锦标赛,World Driver Championship (USA) 世界赛车锦标赛,world driver championship usa 世界赛车锦标赛,4,0.976965521566125
"Worms Armageddon (Europe) (En,Fr,De,Es,It,Nl)",百战天虫-末日浩劫,"Worms Armageddon (Europe) (En,Fr,De,Es,It,Nl) 百战天虫-末日浩劫",worms armageddon europe enfrdeesitnl 百战天虫末日浩劫,1,0.9848746197993828
"Worms Armageddon (USA) (En,Fr,Es)",百战天虫-末日浩劫,"Worms Armageddon (USA) (En,Fr,Es) 百战天虫-末日浩劫",worms armageddon usa enfres 百战天虫末日浩劫,5,0.991789780555012
"Worms Armageddon (USA) (En,Fr,Es) (Limited Run Games)",百战天虫-末日浩劫,"Worms Armageddon (USA) (En,Fr,Es) (Limited Run Games) 百战天虫-末日浩劫",worms armageddon usa enfres limited run games 百战天虫末日浩劫,5,0.9923515434407142
WWF Attitude (Europe),世界摔角联盟-恶劣态度,WWF Attitude (Europe) 世界摔角联盟-恶劣态度,wwf attitude europe 世界摔角联盟恶劣态度,1,0.9908286145531742
WWF Attitude (Germany),世界摔角联盟-恶劣态度,WWF Attitude (Germany) 世界摔角联盟-恶劣态度,wwf attitude germany 世界摔角联盟恶劣态度,5,0.9991945703474057
WWF Attitude (USA),世界摔角联盟-恶劣态度,WWF Attitude (USA) 世界摔角联盟-恶劣态度,wwf attitude usa 世界摔角联盟恶劣态度,5,0.992425964804952
WWF No Mercy (Europe),世界摔角联盟-不可饶恕,WWF No Mercy (Europe) 世界摔角联盟-不可饶恕,wwf mercy europe 世界摔角联盟不可饶恕,1,0.9894667976290272
WWF No Mercy (Europe) (Rev 1),世界摔角联盟-不可饶恕,WWF No Mercy (Europe) (Rev 1) 世界摔角联盟-不可饶恕,wwf mercy europe rev 世界摔角联盟不可饶恕,9,0.9835792109114982
WWF No Mercy (USA),世界摔角联盟-不可饶恕,WWF No Mercy (USA) 世界摔角联盟-不可饶恕,wwf mercy usa 世界摔角联盟不可饶恕,5,0.987133199312793
WWF No Mercy (USA) (Rev 1),世界摔角联盟-不可饶恕,WWF No Mercy (USA) (Rev 1) 世界摔角联盟-不可饶恕,wwf mercy usa rev 世界摔角联盟不可饶恕,9,0.9506085993894111
WWF No Mercy (USA) (Beta) (2000-09-11),世界摔角联盟-不可饶恕,WWF No Mercy (USA) (Beta) (2000-09-11) 世界摔角联盟-不可饶恕,wwf mercy usa beta 世界摔角联盟不可饶恕,5,0.9760098787763741
WWF No Mercy (USA) (Beta) (2000-06-xx),世界摔角联盟-不可饶恕,WWF No Mercy (USA) (Beta) (2000-06-xx) 世界摔角联盟-不可饶恕,wwf mercy usa beta xx 世界摔角联盟不可饶恕,5,0.978598617759103
WWF No Mercy (USA) (Beta) (2000-07-19),世界摔角联盟-不可饶恕,WWF No Mercy (USA) (Beta) (2000-07-19) 世界摔角联盟-不可饶恕,wwf mercy usa beta 世界摔角联盟不可饶恕,5,0.9760098787763741
WWF No Mercy (USA) (Beta) (2000-08-xx),世界摔角联盟-不可饶恕,WWF No Mercy (USA) (Beta) (2000-08-xx) 世界摔角联盟-不可饶恕,wwf mercy usa beta xx 世界摔角联盟不可饶恕,5,0.978598617759103
WWF War Zone (Europe),世界摔角联盟-战区,WWF War Zone (Europe) 世界摔角联盟-战区,wwf war zone europe 世界摔角联盟战区,1,0.9913422900084911
WWF War Zone (USA),世界摔角联盟-战区,WWF War Zone (USA) 世界摔角联盟-战区,wwf war zone usa 世界摔角联盟战区,5,0.9922685087427026
WWF WrestleMania 2000 (Europe),世界摔角联盟-摔角狂热2000,WWF WrestleMania 2000 (Europe) 世界摔角联盟-摔角狂热2000,wwf wrestlemania europe 世界摔角联盟摔角狂热,1,0.9908286145531742
WWF WrestleMania 2000 (Japan),世界摔角联盟-摔角狂热2000,WWF WrestleMania 2000 (Japan) 世界摔角联盟-摔角狂热2000,wwf wrestlemania japan 世界摔角联盟摔角狂热,7,0.9873842438178797
WWF WrestleMania 2000 (USA),世界摔角联盟-摔角狂热2000,WWF WrestleMania 2000 (USA) 世界摔角联盟-摔角狂热2000,wwf wrestlemania usa 世界摔角联盟摔角狂热,5,0.9935449513652259
X'treme Roller (USA) (Proto),,X'treme Roller (USA) (Proto) ,xtreme roller usa proto,5,0.9867497967802004
Xena - Warrior Princess - The Talisman of Fate (Europe),战士公主西娜-命运的护身符,Xena - Warrior Princess - The Talisman of Fate (Europe) 战士公主西娜-命运的护身符,xena warrior princess talisman fate europe 战士公主西娜命运的护身符,1,0.997741421665788
Xena - Warrior Princess - The Talisman of Fate (USA),战士公主西娜-命运的护身符,Xena - Warrior Princess - The Talisman of Fate (USA) 战士公主西娜-命运的护身符,xena warrior princess talisman fate usa 战士公主西娜命运的护身符,5,0.9987297878055895
Xplorer 64 (Germany) (v1.067) (Unl),Xplorer64,Xplorer 64 (Germany) (v1.067) (Unl) Xplorer64,xplorer germany v unl xplorer,5,1.001958167147795
Yakouchuu II - Satsujin Kouro (Japan),夜光虫2-杀人航路,Yakouchuu II - Satsujin Kouro (Japan) 夜光虫2-杀人航路,yakouchuu ii satsujin kouro japan 夜光虫杀人航路,7,0.9931403351005864
Yoshi Story (Japan),耀西的故事,Yoshi Story (Japan) 耀西的故事,yoshi story japan 耀西的故事,7,0.9863719830419104
"Yoshi's Story (Europe) (En,Fr,De)",耀西的故事,"Yoshi's Story (Europe) (En,Fr,De) 耀西的故事",yoshis story europe enfrde 耀西的故事,1,0.9738230636467963
"Yoshi's Story (USA) (En,Ja)",耀西的故事,"Yoshi's Story (USA) (En,Ja) 耀西的故事",yoshis story usa enja 耀西的故事,5,0.9936432750863509
"Yoshi's Story (USA) (En,Ja) (LodgeNet)",耀西的故事,"Yoshi's Story (USA) (En,Ja) (LodgeNet) 耀西的故事",yoshis story usa enja lodgenet 耀西的故事,5,0.990608133086101
Yuke Yuke!! Trouble Makers (Japan),麻烦制造者,Yuke Yuke!! Trouble Makers (Japan) 麻烦制造者,yuke yuke trouble makers japan 麻烦制造者,7,0.9934254838277998
Zelda no Densetsu - Mujura no Kamen (Japan),塞尔达传说-马祖拉的假面,Zelda no Densetsu - Mujura no Kamen (Japan) 塞尔达传说-马祖拉的假面,zelda densetsu mujura kamen japan 塞尔达传说马祖拉的假面,3,0.9730996526814686
Zelda no Densetsu - Mujura no Kamen (Japan) (Rev 1),塞尔达传说-马祖拉的假面,Zelda no Densetsu - Mujura no Kamen (Japan) (Rev 1) 塞尔达传说-马祖拉的假面,zelda densetsu mujura kamen japan rev 塞尔达传说马祖拉的假面,3,0.962970655595935
Zelda no Densetsu - Mujura no Kamen (Japan) (GameCube),塞尔达传说-马祖拉的假面,Zelda no Densetsu - Mujura no Kamen (Japan) (GameCube) 塞尔达传说-马祖拉的假面,zelda densetsu mujura kamen japan gamecube 塞尔达传说马祖拉的假面,3,0.944014867803076
Zelda no Densetsu - Toki no Ocarina (Japan),塞尔达传说-时之笛,Zelda no Densetsu - Toki no Ocarina (Japan) 塞尔达传说-时之笛,zelda densetsu toki ocarina japan 塞尔达传说时之笛,3,0.8950726014693454
Zelda no Densetsu - Toki no Ocarina (Japan) (Rev 1),塞尔达传说-时之笛,Zelda no Densetsu - Toki no Ocarina (Japan) (Rev 1) 塞尔达传说-时之笛,zelda densetsu toki ocarina japan rev 塞尔达传说时之笛,3,0.8729147085402945
Zelda no Densetsu - Toki no Ocarina (Japan) (Rev 2),塞尔达传说-时之笛,Zelda no Densetsu - Toki no Ocarina (Japan) (Rev 2) 塞尔达传说-时之笛,zelda densetsu toki ocarina japan rev 塞尔达传说时之笛,3,0.8729147085402945
"Zelda no Densetsu - Toki no Ocarina (Japan) (GameCube, Zelda Collection)",塞尔达传说-时之笛,"Zelda no Densetsu - Toki no Ocarina (Japan) (GameCube, Zelda Collection) 塞尔达传说-时之笛",zelda densetsu toki ocarina japan gamecube zelda collection 塞尔达传说时之笛,3,0.8901646582874797
Zelda no Densetsu - Toki no Ocarina GC (Japan) (GameCube),塞尔达传说-时之笛,Zelda no Densetsu - Toki no Ocarina GC (Japan) (GameCube) 塞尔达传说-时之笛,zelda densetsu toki ocarina gc japan gamecube 塞尔达传说时之笛,3,0.8968856729369841
Zelda no Densetsu - Toki no Ocarina GC Ura (Japan) (GameCube),塞尔达传说-时之笛-里,Zelda no Densetsu - Toki no Ocarina GC Ura (Japan) (GameCube) 塞尔达传说-时之笛-里,zelda densetsu toki ocarina gc ura japan gamecube 塞尔达传说时之笛里,3,0.9436285516033637
Zool - Majuu Tsukai Densetsu (Japan),魔兽使传说,Zool - Majuu Tsukai Densetsu (Japan) 魔兽使传说,zool majuu tsukai densetsu japan 魔兽使传说,7,0.9920979662363517
