ID,Name,Sex,Age,Height,Weight,Team,NOC,Games,Year,Season,City,Sport,Event,Medal,text,clean_text,Cluster
281,S. Abdul Hamid,M,,,,India,IND,1928 Summer,1928,Summer,Amsterdam,Athletics,Athletics Men's 110 metres Hurdles,,S. Abdul Hamid M India IND 1928 Summer Summer Amsterdam Athletics Athletics Men's 110 metres Hurdles ,abdul hamid india ind summer summer amsterdam athletics athletics mens metres hurdles,1
281,S. Abdul Hamid,M,,,,India,IND,1928 Summer,1928,Summer,Amsterdam,Athletics,Athletics Men's 400 metres Hurdles,,S. Abdul Hamid M India IND 1928 Summer Summer Amsterdam Athletics Athletics Men's 400 metres Hurdles ,abdul hamid india ind summer summer amsterdam athletics athletics mens metres hurdles,1
512,Shiny Kurisingal Abraham-Wilson,F,19.0,167.0,53.0,India,IND,1984 Summer,1984,Summer,Los Angeles,Athletics,Athletics Women's 800 metres,,Shiny Kurisingal Abraham-Wilson F India IND 1984 Summer Summer Los Angeles Athletics Athletics Women's 800 metres ,shiny kurisingal abrahamwilson f india ind summer summer los angeles athletics athletics womens metres,1
512,Shiny Kurisingal Abraham-Wilson,F,19.0,167.0,53.0,India,IND,1984 Summer,1984,Summer,Los Angeles,Athletics,Athletics Women's 4 x 400 metres Relay,,Shiny Kurisingal Abraham-Wilson F India IND 1984 Summer Summer Los Angeles Athletics Athletics Women's 4 x 400 metres Relay ,shiny kurisingal abrahamwilson f india ind summer summer los angeles athletics athletics womens x metres relay,1
512,Shiny Kurisingal Abraham-Wilson,F,23.0,167.0,53.0,India,IND,1988 Summer,1988,Summer,Seoul,Athletics,Athletics Women's 800 metres,,Shiny Kurisingal Abraham-Wilson F India IND 1988 Summer Summer Seoul Athletics Athletics Women's 800 metres ,shiny kurisingal abrahamwilson f india ind summer summer seoul athletics athletics womens metres,1
512,Shiny Kurisingal Abraham-Wilson,F,23.0,167.0,53.0,India,IND,1988 Summer,1988,Summer,Seoul,Athletics,Athletics Women's 4 x 400 metres Relay,,Shiny Kurisingal Abraham-Wilson F India IND 1988 Summer Summer Seoul Athletics Athletics Women's 4 x 400 metres Relay ,shiny kurisingal abrahamwilson f india ind summer summer seoul athletics athletics womens x metres relay,1
512,Shiny Kurisingal Abraham-Wilson,F,27.0,167.0,53.0,India,IND,1992 Summer,1992,Summer,Barcelona,Athletics,Athletics Women's 800 metres,,Shiny Kurisingal Abraham-Wilson F India IND 1992 Summer Summer Barcelona Athletics Athletics Women's 800 metres ,shiny kurisingal abrahamwilson f india ind summer summer barcelona athletics athletics womens metres,1
512,Shiny Kurisingal Abraham-Wilson,F,31.0,167.0,53.0,India,IND,1996 Summer,1996,Summer,Atlanta,Athletics,Athletics Women's 4 x 400 metres Relay,,Shiny Kurisingal Abraham-Wilson F India IND 1996 Summer Summer Atlanta Athletics Athletics Women's 4 x 400 metres Relay ,shiny kurisingal abrahamwilson f india ind summer summer atlanta athletics athletics womens x metres relay,1
663,Sharath Kamal Achanta,M,22.0,186.0,85.0,India,IND,2004 Summer,2004,Summer,Athina,Table Tennis,Table Tennis Men's Singles,,Sharath Kamal Achanta M India IND 2004 Summer Summer Athina Table Tennis Table Tennis Men's Singles ,sharath kamal achanta india ind summer summer athina table tennis table tennis mens singles,0
663,Sharath Kamal Achanta,M,26.0,186.0,85.0,India,IND,2008 Summer,2008,Summer,Beijing,Table Tennis,Table Tennis Men's Singles,,Sharath Kamal Achanta M India IND 2008 Summer Summer Beijing Table Tennis Table Tennis Men's Singles ,sharath kamal achanta india ind summer summer beijing table tennis table tennis mens singles,0
663,Sharath Kamal Achanta,M,34.0,186.0,85.0,India,IND,2016 Summer,2016,Summer,Rio de Janeiro,Table Tennis,Table Tennis Men's Singles,,Sharath Kamal Achanta M India IND 2016 Summer Summer Rio de Janeiro Table Tennis Table Tennis Men's Singles ,sharath kamal achanta india ind summer summer rio de janeiro table tennis table tennis mens singles,0
952,Badathala Adisekhar,M,28.0,,53.0,India,IND,1992 Summer,1992,Summer,Barcelona,Weightlifting,Weightlifting Men's Flyweight,,Badathala Adisekhar M India IND 1992 Summer Summer Barcelona Weightlifting Weightlifting Men's Flyweight ,badathala adisekhar india ind summer summer barcelona weightlifting weightlifting mens flyweight,0
952,Badathala Adisekhar,M,32.0,,53.0,India,IND,1996 Summer,1996,Summer,Atlanta,Weightlifting,Weightlifting Men's Flyweight,,Badathala Adisekhar M India IND 1996 Summer Summer Atlanta Weightlifting Weightlifting Men's Flyweight ,badathala adisekhar india ind summer summer atlanta weightlifting weightlifting mens flyweight,0
1105,Mirza Najib Aga,M,19.0,,,India,IND,1996 Summer,1996,Summer,Atlanta,Judo,Judo Men's Half-Lightweight,,Mirza Najib Aga M India IND 1996 Summer Summer Atlanta Judo Judo Men's Half-Lightweight ,mirza najib aga india ind summer summer atlanta judo judo mens halflightweight,0
1149,Neha Aggarwal,F,18.0,170.0,67.0,India,IND,2008 Summer,2008,Summer,Beijing,Table Tennis,Table Tennis Women's Singles,,Neha Aggarwal F India IND 2008 Summer Summer Beijing Table Tennis Table Tennis Women's Singles ,neha aggarwal f india ind summer summer beijing table tennis table tennis womens singles,0
1331,Jahan Ahir,M,,,,India,IND,1948 Summer,1948,Summer,London,Water Polo,Water Polo Men's Water Polo,,Jahan Ahir M India IND 1948 Summer Summer London Water Polo Water Polo Men's Water Polo ,jahan ahir india ind summer summer london water polo water polo mens water polo,0
1366,Jitendarjit Singh Ahluwalia,M,25.0,179.0,69.0,India,IND,1980 Summer,1980,Summer,Moskva,Equestrianism,"Equestrianism Mixed Three-Day Event, Individual",,"Jitendarjit Singh Ahluwalia M India IND 1980 Summer Summer Moskva Equestrianism Equestrianism Mixed Three-Day Event, Individual ",jitendarjit singh ahluwalia india ind summer summer moskva equestrianism equestrianism mixed threeday event individual,0
1366,Jitendarjit Singh Ahluwalia,M,25.0,179.0,69.0,India,IND,1980 Summer,1980,Summer,Moskva,Equestrianism,"Equestrianism Mixed Three-Day Event, Team",,"Jitendarjit Singh Ahluwalia M India IND 1980 Summer Summer Moskva Equestrianism Equestrianism Mixed Three-Day Event, Team ",jitendarjit singh ahluwalia india ind summer summer moskva equestrianism equestrianism mixed threeday event team,0
1399,A. Hussain Ahmed,M,,,,India,IND,1956 Summer,1956,Summer,Melbourne,Football,Football Men's Football,,A. Hussain Ahmed M India IND 1956 Summer Summer Melbourne Football Football Men's Football ,hussain ahmed india ind summer summer melbourne football football mens football,0
1415,Shakeel Ahmed,M,21.0,,,India,IND,1992 Summer,1992,Summer,Barcelona,Hockey,Hockey Men's Hockey,,Shakeel Ahmed M India IND 1992 Summer Summer Barcelona Hockey Hockey Men's Hockey ,shakeel ahmed india ind summer summer barcelona hockey hockey mens hockey,2
1455,Neha Ahuja,F,24.0,162.0,54.0,India,IND,2006 Winter,2006,Winter,Torino,Alpine Skiing,Alpine Skiing Women's Giant Slalom,,Neha Ahuja F India IND 2006 Winter Winter Torino Alpine Skiing Alpine Skiing Women's Giant Slalom ,neha ahuja f india ind winter winter torino alpine skiing alpine skiing womens giant slalom,0
1455,Neha Ahuja,F,24.0,162.0,54.0,India,IND,2006 Winter,2006,Winter,Torino,Alpine Skiing,Alpine Skiing Women's Slalom,,Neha Ahuja F India IND 2006 Winter Winter Torino Alpine Skiing Alpine Skiing Women's Slalom ,neha ahuja f india ind winter winter torino alpine skiing alpine skiing womens slalom,0
1710,Balkrishan Akotkar,M,27.0,171.0,57.0,India,IND,1964 Summer,1964,Summer,Tokyo,Athletics,Athletics Men's Marathon,,Balkrishan Akotkar M India IND 1964 Summer Summer Tokyo Athletics Athletics Men's Marathon ,balkrishan akotkar india ind summer summer tokyo athletics athletics mens marathon,1
2453,Anil Alexander Aldrin,M,24.0,,,India,IND,1996 Summer,1996,Summer,Atlanta,Hockey,Hockey Men's Hockey,,Anil Alexander Aldrin M India IND 1996 Summer Summer Atlanta Hockey Hockey Men's Hockey ,anil alexander aldrin india ind summer summer atlanta hockey hockey mens hockey,2
2699,Shaukat Ali,M,30.0,,,India,IND,1928 Summer,1928,Summer,Amsterdam,Hockey,Hockey Men's Hockey,Gold,Shaukat Ali M India IND 1928 Summer Summer Amsterdam Hockey Hockey Men's Hockey Gold,shaukat ali india ind summer summer amsterdam hockey hockey mens hockey gold,2
2702,Syed Ali,M,19.0,169.0,60.0,India,IND,1976 Summer,1976,Summer,Montreal,Hockey,Hockey Men's Hockey,,Syed Ali M India IND 1976 Summer Summer Montreal Hockey Hockey Men's Hockey ,syed ali india ind summer summer montreal hockey hockey mens hockey,2
2703,Syed Mushtaq Ali,M,22.0,165.0,61.0,India,IND,1964 Summer,1964,Summer,Tokyo,Hockey,Hockey Men's Hockey,Gold,Syed Mushtaq Ali M India IND 1964 Summer Summer Tokyo Hockey Hockey Men's Hockey Gold,syed mushtaq ali india ind summer summer tokyo hockey hockey mens hockey gold,2
2706,Sayed Zeeshan Ali,M,18.0,180.0,64.0,India,IND,1988 Summer,1988,Summer,Seoul,Tennis,Tennis Men's Singles,,Sayed Zeeshan Ali M India IND 1988 Summer Summer Seoul Tennis Tennis Men's Singles ,sayed zeeshan ali india ind summer summer seoul tennis tennis mens singles,0
2864,Richard James Allen,M,25.0,172.0,,India,IND,1928 Summer,1928,Summer,Amsterdam,Hockey,Hockey Men's Hockey,Gold,Richard James Allen M India IND 1928 Summer Summer Amsterdam Hockey Hockey Men's Hockey Gold,richard james allen india ind summer summer amsterdam hockey hockey mens hockey gold,2
2864,Richard James Allen,M,30.0,172.0,,India,IND,1932 Summer,1932,Summer,Los Angeles,Hockey,Hockey Men's Hockey,Gold,Richard James Allen M India IND 1932 Summer Summer Los Angeles Hockey Hockey Men's Hockey Gold,richard james allen india ind summer summer los angeles hockey hockey mens hockey gold,2
2864,Richard James Allen,M,34.0,172.0,,India,IND,1936 Summer,1936,Summer,Berlin,Hockey,Hockey Men's Hockey,Gold,Richard James Allen M India IND 1936 Summer Summer Berlin Hockey Hockey Men's Hockey Gold,richard james allen india ind summer summer berlin hockey hockey mens hockey gold,2
3053,Bobby Aloysius,F,30.0,173.0,55.0,India,IND,2004 Summer,2004,Summer,Athina,Athletics,Athletics Women's High Jump,,Bobby Aloysius F India IND 2004 Summer Summer Athina Athletics Athletics Women's High Jump ,bobby aloysius f india ind summer summer athina athletics athletics womens high jump,1
3436,Jehangoo Amin,M,,,,India,IND,1948 Summer,1948,Summer,London,Cycling,"Cycling Men's Team Pursuit, 4,000 metres",,"Jehangoo Amin M India IND 1948 Summer Summer London Cycling Cycling Men's Team Pursuit, 4,000 metres ",jehangoo amin india ind summer summer london cycling cycling mens team pursuit metres,0
3538,Anand Amritraj,M,36.0,185.0,77.0,India,IND,1988 Summer,1988,Summer,Seoul,Tennis,Tennis Men's Doubles,,Anand Amritraj M India IND 1988 Summer Summer Seoul Tennis Tennis Men's Doubles ,anand amritraj india ind summer summer seoul tennis tennis mens doubles,0
3539,Vijay Amritraj,M,34.0,193.0,75.0,India,IND,1988 Summer,1988,Summer,Seoul,Tennis,Tennis Men's Singles,,Vijay Amritraj M India IND 1988 Summer Summer Seoul Tennis Tennis Men's Singles ,vijay amritraj india ind summer summer seoul tennis tennis mens singles,0
3539,Vijay Amritraj,M,34.0,193.0,75.0,India,IND,1988 Summer,1988,Summer,Seoul,Tennis,Tennis Men's Doubles,,Vijay Amritraj M India IND 1988 Summer Summer Seoul Tennis Tennis Men's Doubles ,vijay amritraj india ind summer summer seoul tennis tennis mens doubles,0
4000,"Ganpatrao Krishnaji ""Ganpat"" Andhalkar-Patil",M,29.0,183.0,97.0,India,IND,1964 Summer,1964,Summer,Tokyo,Wrestling,"Wrestling Men's Middleweight, Greco-Roman",,"Ganpatrao Krishnaji ""Ganpat"" Andhalkar-Patil M India IND 1964 Summer Summer Tokyo Wrestling Wrestling Men's Middleweight, Greco-Roman ",ganpatrao krishnaji ganpat andhalkarpatil india ind summer summer tokyo wrestling wrestling mens middleweight grecoroman,0
4000,"Ganpatrao Krishnaji ""Ganpat"" Andhalkar-Patil",M,29.0,183.0,97.0,India,IND,1964 Summer,1964,Summer,Tokyo,Wrestling,"Wrestling Men's Heavyweight, Freestyle",,"Ganpatrao Krishnaji ""Ganpat"" Andhalkar-Patil M India IND 1964 Summer Summer Tokyo Wrestling Wrestling Men's Heavyweight, Freestyle ",ganpatrao krishnaji ganpat andhalkarpatil india ind summer summer tokyo wrestling wrestling mens heavyweight freestyle,0
4251,Imtiaz Anees,M,29.0,158.0,60.0,India,IND,2000 Summer,2000,Summer,Sydney,Equestrianism,"Equestrianism Mixed Three-Day Event, Individual",,"Imtiaz Anees M India IND 2000 Summer Summer Sydney Equestrianism Equestrianism Mixed Three-Day Event, Individual ",imtiaz anees india ind summer summer sydney equestrianism equestrianism mixed threeday event individual,0
4395,Subbaiah Anjaparavanda Bopaiah,M,25.0,169.0,60.0,India,IND,1996 Summer,1996,Summer,Atlanta,Hockey,Hockey Men's Hockey,,Subbaiah Anjaparavanda Bopaiah M India IND 1996 Summer Summer Atlanta Hockey Hockey Men's Hockey ,subbaiah anjaparavanda bopaiah india ind summer summer atlanta hockey hockey mens hockey,2
4504,Berland Anthony,M,,,,India,IND,1952 Summer,1952,Summer,Helsinki,Football,Football Men's Football,,Berland Anthony M India IND 1952 Summer Summer Helsinki Football Football Men's Football ,berland anthony india ind summer summer helsinki football football mens football,0
4510,Joseph Anthony,M,,,,India,IND,1952 Summer,1952,Summer,Helsinki,Football,Football Men's Football,,Joseph Anthony M India IND 1952 Summer Summer Helsinki Football Football Men's Football ,joseph anthony india ind summer summer helsinki football football mens football,0
4518,"Joseph Anthony ""Joe"" Antic",M,29.0,168.0,59.0,India,IND,1960 Summer,1960,Summer,Roma,Hockey,Hockey Men's Hockey,Silver,"Joseph Anthony ""Joe"" Antic M India IND 1960 Summer Summer Roma Hockey Hockey Men's Hockey Silver",joseph anthony joe antic india ind summer summer roma hockey hockey mens hockey silver,2
4523,Seema Antil,F,21.0,182.0,92.0,India,IND,2004 Summer,2004,Summer,Athina,Athletics,Athletics Women's Discus Throw,,Seema Antil F India IND 2004 Summer Summer Athina Athletics Athletics Women's Discus Throw ,seema antil f india ind summer summer athina athletics athletics womens discus throw,1
4523,Seema Antil,F,28.0,182.0,92.0,India,IND,2012 Summer,2012,Summer,London,Athletics,Athletics Women's Discus Throw,,Seema Antil F India IND 2012 Summer Summer London Athletics Athletics Women's Discus Throw ,seema antil f india ind summer summer london athletics athletics womens discus throw,1
4523,Seema Antil,F,33.0,182.0,92.0,India,IND,2016 Summer,2016,Summer,Rio de Janeiro,Athletics,Athletics Women's Discus Throw,,Seema Antil F India IND 2016 Summer Summer Rio de Janeiro Athletics Athletics Women's Discus Throw ,seema antil f india ind summer summer rio de janeiro athletics athletics womens discus throw,1
4625,Rashid Mian Anwar,M,26.0,,,India,IND,1936 Summer,1936,Summer,Berlin,Wrestling,"Wrestling Men's Welterweight, Freestyle",,"Rashid Mian Anwar M India IND 1936 Summer Summer Berlin Wrestling Wrestling Men's Welterweight, Freestyle ",rashid mian anwar india ind summer summer berlin wrestling wrestling mens welterweight freestyle,0
4640,Talimeren Ao,M,30.0,178.0,,India,IND,1948 Summer,1948,Summer,London,Football,Football Men's Football,,Talimeren Ao M India IND 1948 Summer Summer London Football Football Men's Football ,talimeren ao india ind summer summer london football football mens football,0
5562,Aditi Ashok,F,18.0,173.0,57.0,India,IND,2016 Summer,2016,Summer,Rio de Janeiro,Golf,Golf Women's Individual,,Aditi Ashok F India IND 2016 Summer Summer Rio de Janeiro Golf Golf Women's Individual ,aditi ashok f india ind summer summer rio de janeiro golf golf womens individual,0
5563,Kumar Ashok,M,20.0,165.0,52.0,India,IND,1980 Summer,1980,Summer,Moskva,Wrestling,"Wrestling Men's Flyweight, Freestyle",,"Kumar Ashok M India IND 1980 Summer Summer Moskva Wrestling Wrestling Men's Flyweight, Freestyle ",kumar ashok india ind summer summer moskva wrestling wrestling mens flyweight freestyle,0
5618,Sardar Mohammad Aslam,M,,,,India,IND,1932 Summer,1932,Summer,Los Angeles,Hockey,Hockey Men's Hockey,Gold,Sardar Mohammad Aslam M India IND 1932 Summer Summer Los Angeles Hockey Hockey Men's Hockey Gold,sardar mohammad aslam india ind summer summer los angeles hockey hockey mens hockey gold,2
5868,Manu Attri,M,23.0,172.0,73.0,India,IND,2016 Summer,2016,Summer,Rio de Janeiro,Badminton,Badminton Men's Doubles,,Manu Attri M India IND 2016 Summer Summer Rio de Janeiro Badminton Badminton Men's Doubles ,manu attri india ind summer summer rio de janeiro badminton badminton mens doubles,0
6334,Sayed Khwaja Aziz-ud-Din,M,22.0,,,India,IND,1952 Summer,1952,Summer,Helsinki,Football,Football Men's Football,,Sayed Khwaja Aziz-ud-Din M India IND 1952 Summer Summer Helsinki Football Football Men's Football ,sayed khwaja azizuddin india ind summer summer helsinki football football mens football,0
6334,Sayed Khwaja Aziz-ud-Din,M,26.0,,,India,IND,1956 Summer,1956,Summer,Melbourne,Football,Football Men's Football,,Sayed Khwaja Aziz-ud-Din M India IND 1956 Summer Summer Melbourne Football Football Men's Football ,sayed khwaja azizuddin india ind summer summer melbourne football football mens football,0
6427,Lalita Shivaji Babar,F,27.0,166.0,50.0,India,IND,2016 Summer,2016,Summer,Rio de Janeiro,Athletics,"Athletics Women's 3,000 metres Steeplechase",,"Lalita Shivaji Babar F India IND 2016 Summer Summer Rio de Janeiro Athletics Athletics Women's 3,000 metres Steeplechase ",lalita shivaji babar f india ind summer summer rio de janeiro athletics athletics womens metres steeplechase,1
6469,Kumari Babita,F,26.0,165.0,52.0,India,IND,2016 Summer,2016,Summer,Rio de Janeiro,Wrestling,"Wrestling Women's Featherweight, Freestyle",,"Kumari Babita F India IND 2016 Summer Summer Rio de Janeiro Wrestling Wrestling Women's Featherweight, Freestyle ",kumari babita f india ind summer summer rio de janeiro wrestling wrestling womens featherweight freestyle,0
6481,Chetan Panduranga Baboor,M,18.0,188.0,70.0,India,IND,1992 Summer,1992,Summer,Barcelona,Table Tennis,Table Tennis Men's Singles,,Chetan Panduranga Baboor M India IND 1992 Summer Summer Barcelona Table Tennis Table Tennis Men's Singles ,chetan panduranga baboor india ind summer summer barcelona table tennis table tennis mens singles,0
6481,Chetan Panduranga Baboor,M,22.0,188.0,70.0,India,IND,1996 Summer,1996,Summer,Atlanta,Table Tennis,Table Tennis Men's Singles,,Chetan Panduranga Baboor M India IND 1996 Summer Summer Atlanta Table Tennis Table Tennis Men's Singles ,chetan panduranga baboor india ind summer summer atlanta table tennis table tennis mens singles,0
6481,Chetan Panduranga Baboor,M,26.0,188.0,70.0,India,IND,2000 Summer,2000,Summer,Sydney,Table Tennis,Table Tennis Men's Singles,,Chetan Panduranga Baboor M India IND 2000 Summer Summer Sydney Table Tennis Table Tennis Men's Singles ,chetan panduranga baboor india ind summer summer sydney table tennis table tennis mens singles,0
6481,Chetan Panduranga Baboor,M,26.0,188.0,70.0,India,IND,2000 Summer,2000,Summer,Sydney,Table Tennis,Table Tennis Men's Doubles,,Chetan Panduranga Baboor M India IND 2000 Summer Summer Sydney Table Tennis Table Tennis Men's Doubles ,chetan panduranga baboor india ind summer summer sydney table tennis table tennis mens doubles,0
6486,Suresh Babu,M,19.0,187.0,72.0,India,IND,1972 Summer,1972,Summer,Munich,Athletics,Athletics Men's High Jump,,Suresh Babu M India IND 1972 Summer Summer Munich Athletics Athletics Men's High Jump ,suresh babu india ind summer summer munich athletics athletics mens high jump,1
6958,Sri Chand Bajaj,M,,,,India,IND,1956 Summer,1956,Summer,Melbourne,Swimming,Swimming Men's 100 metres Freestyle,,Sri Chand Bajaj M India IND 1956 Summer Summer Melbourne Swimming Swimming Men's 100 metres Freestyle ,sri chand bajaj india ind summer summer melbourne swimming swimming mens metres freestyle,0
7118,Subramani Balada Kalaiah,M,26.0,160.0,56.0,India,IND,1988 Summer,1988,Summer,Seoul,Hockey,Hockey Men's Hockey,,Subramani Balada Kalaiah M India IND 1988 Summer Summer Seoul Hockey Hockey Men's Hockey ,subramani balada kalaiah india ind summer summer seoul hockey hockey mens hockey,2
7140,"Tulasidas Balaraman ""Balaram""",M,19.0,171.0,56.0,India,IND,1956 Summer,1956,Summer,Melbourne,Football,Football Men's Football,,"Tulasidas Balaraman ""Balaram"" M India IND 1956 Summer Summer Melbourne Football Football Men's Football ",tulasidas balaraman balaram india ind summer summer melbourne football football mens football,0
7140,"Tulasidas Balaraman ""Balaram""",M,23.0,171.0,56.0,India,IND,1960 Summer,1960,Summer,Roma,Football,Football Men's Football,,"Tulasidas Balaraman ""Balaram"" M India IND 1960 Summer Summer Roma Football Football Men's Football ",tulasidas balaraman balaram india ind summer summer roma football football mens football,0
7299,Ashish Kumar Ballal,M,21.0,,,India,IND,1992 Summer,1992,Summer,Barcelona,Hockey,Hockey Men's Hockey,,Ashish Kumar Ballal M India IND 1992 Summer Summer Barcelona Hockey Hockey Men's Hockey ,ashish kumar ballal india ind summer summer barcelona hockey hockey mens hockey,2
7485,Dola Banerjee,F,24.0,162.0,69.0,India,IND,2004 Summer,2004,Summer,Athina,Archery,Archery Women's Individual,,Dola Banerjee F India IND 2004 Summer Summer Athina Archery Archery Women's Individual ,dola banerjee f india ind summer summer athina archery archery womens individual,0
7485,Dola Banerjee,F,24.0,162.0,69.0,India,IND,2004 Summer,2004,Summer,Athina,Archery,Archery Women's Team,,Dola Banerjee F India IND 2004 Summer Summer Athina Archery Archery Women's Team ,dola banerjee f india ind summer summer athina archery archery womens team,0
7485,Dola Banerjee,F,28.0,162.0,69.0,India,IND,2008 Summer,2008,Summer,Beijing,Archery,Archery Women's Individual,,Dola Banerjee F India IND 2008 Summer Summer Beijing Archery Archery Women's Individual ,dola banerjee f india ind summer summer beijing archery archery womens individual,0
7485,Dola Banerjee,F,28.0,162.0,69.0,India,IND,2008 Summer,2008,Summer,Beijing,Archery,Archery Women's Team,,Dola Banerjee F India IND 2008 Summer Summer Beijing Archery Archery Women's Team ,dola banerjee f india ind summer summer beijing archery archery womens team,0
7486,H. Harihar Banerjee,M,34.0,,,India,IND,1952 Summer,1952,Summer,Helsinki,Shooting,"Shooting Men's Free Rifle, Three Positions, 300 metres",,"H. Harihar Banerjee M India IND 1952 Summer Summer Helsinki Shooting Shooting Men's Free Rifle, Three Positions, 300 metres ",h harihar banerjee india ind summer summer helsinki shooting shooting mens free rifle three positions metres,0
7486,H. Harihar Banerjee,M,34.0,,,India,IND,1952 Summer,1952,Summer,Helsinki,Shooting,"Shooting Men's Small-Bore Rifle, Three Positions, 50 metres",,"H. Harihar Banerjee M India IND 1952 Summer Summer Helsinki Shooting Shooting Men's Small-Bore Rifle, Three Positions, 50 metres ",h harihar banerjee india ind summer summer helsinki shooting shooting mens smallbore rifle three positions metres,0
7486,H. Harihar Banerjee,M,34.0,,,India,IND,1952 Summer,1952,Summer,Helsinki,Shooting,"Shooting Men's Small-Bore Rifle, Prone, 50 metres",,"H. Harihar Banerjee M India IND 1952 Summer Summer Helsinki Shooting Shooting Men's Small-Bore Rifle, Prone, 50 metres ",h harihar banerjee india ind summer summer helsinki shooting shooting mens smallbore rifle prone metres,0
7486,H. Harihar Banerjee,M,38.0,,,India,IND,1956 Summer,1956,Summer,Melbourne,Shooting,"Shooting Men's Small-Bore Rifle, Three Positions, 50 metres",,"H. Harihar Banerjee M India IND 1956 Summer Summer Melbourne Shooting Shooting Men's Small-Bore Rifle, Three Positions, 50 metres ",h harihar banerjee india ind summer summer melbourne shooting shooting mens smallbore rifle three positions metres,0
7487,"Pradeep Kumar ""PK"" Banerjee",M,20.0,173.0,65.0,India,IND,1956 Summer,1956,Summer,Melbourne,Football,Football Men's Football,,"Pradeep Kumar ""PK"" Banerjee M India IND 1956 Summer Summer Melbourne Football Football Men's Football ",pradeep kumar pk banerjee india ind summer summer melbourne football football mens football,0
7487,"Pradeep Kumar ""PK"" Banerjee",M,23.0,173.0,65.0,India,IND,1960 Summer,1960,Summer,Roma,Football,Football Men's Football,,"Pradeep Kumar ""PK"" Banerjee M India IND 1960 Summer Summer Roma Football Football Men's Football ",pradeep kumar pk banerjee india ind summer summer roma football football mens football,0
7488,Rahul Banerjee,M,25.0,179.0,80.0,India,IND,2012 Summer,2012,Summer,London,Archery,Archery Men's Individual,,Rahul Banerjee M India IND 2012 Summer Summer London Archery Archery Men's Individual ,rahul banerjee india ind summer summer london archery archery mens individual,0
7488,Rahul Banerjee,M,25.0,179.0,80.0,India,IND,2012 Summer,2012,Summer,London,Archery,Archery Men's Team,,Rahul Banerjee M India IND 2012 Summer Summer London Archery Archery Men's Team ,rahul banerjee india ind summer summer london archery archery mens team,0
7489,Samar Banerjee,M,,,,India,IND,1956 Summer,1956,Summer,Melbourne,Football,Football Men's Football,,Samar Banerjee M India IND 1956 Summer Summer Melbourne Football Football Men's Football ,samar banerjee india ind summer summer melbourne football football mens football,0
7558,Purma C. Bannerjee,M,,,,India,IND,1920 Summer,1920,Summer,Antwerpen,Athletics,Athletics Men's 100 metres,,Purma C. Bannerjee M India IND 1920 Summer Summer Antwerpen Athletics Athletics Men's 100 metres ,purma c bannerjee india ind summer summer antwerpen athletics athletics mens metres,1
7558,Purma C. Bannerjee,M,,,,India,IND,1920 Summer,1920,Summer,Antwerpen,Athletics,Athletics Men's 400 metres,,Purma C. Bannerjee M India IND 1920 Summer Summer Antwerpen Athletics Athletics Men's 400 metres ,purma c bannerjee india ind summer summer antwerpen athletics athletics mens metres,1
7912,"Lazarus ""Lajarus"" Barla",M,20.0,175.0,62.0,India,IND,2000 Summer,2000,Summer,Sydney,Hockey,Hockey Men's Hockey,,"Lazarus ""Lajarus"" Barla M India IND 2000 Summer Summer Sydney Hockey Hockey Men's Hockey ",lazarus lajarus barla india ind summer summer sydney hockey hockey mens hockey,2
7928,Bijoy Kumar Barman,M,23.0,,,India,IND,1952 Summer,1952,Summer,Helsinki,Water Polo,Water Polo Men's Water Polo,,Bijoy Kumar Barman M India IND 1952 Summer Summer Helsinki Water Polo Water Polo Men's Water Polo ,bijoy kumar barman india ind summer summer helsinki water polo water polo mens water polo,0
7928,Bijoy Kumar Barman,M,23.0,,,India,IND,1952 Summer,1952,Summer,Helsinki,Swimming,Swimming Men's 100 metres Backstroke,,Bijoy Kumar Barman M India IND 1952 Summer Summer Helsinki Swimming Swimming Men's 100 metres Backstroke ,bijoy kumar barman india ind summer summer helsinki swimming swimming mens metres backstroke,0
8404,Birendra Nath Basak,M,40.0,,,India,IND,1952 Summer,1952,Summer,Helsinki,Water Polo,Water Polo Men's Water Polo,,Birendra Nath Basak M India IND 1952 Summer Summer Helsinki Water Polo Water Polo Men's Water Polo ,birendra nath basak india ind summer summer helsinki water polo water polo mens water polo,0
8423,A. Sattar Basheer,M,,,,India,IND,1948 Summer,1948,Summer,London,Football,Football Men's Football,,A. Sattar Basheer M India IND 1948 Summer Summer London Football Football Men's Football ,sattar basheer india ind summer summer london football football mens football,0
8458,Ahmed Abdul Basith,M,30.0,178.0,75.0,India,IND,1972 Summer,1972,Summer,Munich,Sailing,Sailing Mixed Two Person Heavyweight Dinghy,,Ahmed Abdul Basith M India IND 1972 Summer Summer Munich Sailing Sailing Mixed Two Person Heavyweight Dinghy ,ahmed abdul basith india ind summer summer munich sailing sailing mixed two person heavyweight dinghy,0
8604,Manika Batra,F,21.0,179.0,63.0,India,IND,2016 Summer,2016,Summer,Rio de Janeiro,Table Tennis,Table Tennis Women's Singles,,Manika Batra F India IND 2016 Summer Summer Rio de Janeiro Table Tennis Table Tennis Women's Singles ,manika batra f india ind summer summer rio de janeiro table tennis table tennis womens singles,0
9336,"Kalayathumkuzhi Mathews ""K. M."" Beenamol",F,20.0,163.0,50.0,India,IND,1996 Summer,1996,Summer,Atlanta,Athletics,Athletics Women's 4 x 400 metres Relay,,"Kalayathumkuzhi Mathews ""K. M."" Beenamol F India IND 1996 Summer Summer Atlanta Athletics Athletics Women's 4 x 400 metres Relay ",kalayathumkuzhi mathews k beenamol f india ind summer summer atlanta athletics athletics womens x metres relay,1
9336,"Kalayathumkuzhi Mathews ""K. M."" Beenamol",F,25.0,163.0,50.0,India,IND,2000 Summer,2000,Summer,Sydney,Athletics,Athletics Women's 400 metres,,"Kalayathumkuzhi Mathews ""K. M."" Beenamol F India IND 2000 Summer Summer Sydney Athletics Athletics Women's 400 metres ",kalayathumkuzhi mathews k beenamol f india ind summer summer sydney athletics athletics womens metres,1
9336,"Kalayathumkuzhi Mathews ""K. M."" Beenamol",F,25.0,163.0,50.0,India,IND,2000 Summer,2000,Summer,Sydney,Athletics,Athletics Women's 4 x 400 metres Relay,,"Kalayathumkuzhi Mathews ""K. M."" Beenamol F India IND 2000 Summer Summer Sydney Athletics Athletics Women's 4 x 400 metres Relay ",kalayathumkuzhi mathews k beenamol f india ind summer summer sydney athletics athletics womens x metres relay,1
9336,"Kalayathumkuzhi Mathews ""K. M."" Beenamol",F,28.0,163.0,50.0,India,IND,2004 Summer,2004,Summer,Athina,Athletics,Athletics Women's 4 x 400 metres Relay,,"Kalayathumkuzhi Mathews ""K. M."" Beenamol F India IND 2004 Summer Summer Athina Athletics Athletics Women's 4 x 400 metres Relay ",kalayathumkuzhi mathews k beenamol f india ind summer summer athina athletics athletics womens x metres relay,1
11185,Jai Bhagwan,M,27.0,,,India,IND,2012 Summer,2012,Summer,London,Boxing,Boxing Men's Lightweight,,Jai Bhagwan M India IND 2012 Summer Summer London Boxing Boxing Men's Lightweight ,jai bhagwan india ind summer summer london boxing boxing mens lightweight,0
11188,Gyan Prakash Bhalla,M,26.0,,,India,IND,1936 Summer,1936,Summer,Berlin,Athletics,Athletics Men's 400 metres,,Gyan Prakash Bhalla M India IND 1936 Summer Summer Berlin Athletics Athletics Men's 400 metres ,gyan prakash bhalla india ind summer summer berlin athletics athletics mens metres,1
11188,Gyan Prakash Bhalla,M,26.0,,,India,IND,1936 Summer,1936,Summer,Berlin,Athletics,Athletics Men's 800 metres,,Gyan Prakash Bhalla M India IND 1936 Summer Summer Berlin Athletics Athletics Men's 800 metres ,gyan prakash bhalla india ind summer summer berlin athletics athletics mens metres,1
11189,Dhruv Bhandari,M,24.0,177.0,62.0,India,IND,1984 Summer,1984,Summer,Los Angeles,Sailing,Sailing Mixed Two Person Dinghy,,Dhruv Bhandari M India IND 1984 Summer Summer Los Angeles Sailing Sailing Mixed Two Person Dinghy ,dhruv bhandari india ind summer summer los angeles sailing sailing mixed two person dinghy,0
11190,Gangotri Bhandari,F,23.0,147.0,,India,IND,1980 Summer,1980,Summer,Moskva,Hockey,Hockey Women's Hockey,,Gangotri Bhandari F India IND 1980 Summer Summer Moskva Hockey Hockey Women's Hockey ,gangotri bhandari f india ind summer summer moskva hockey hockey womens hockey,2
11196,Anant Ram Bhargava,M,,,,India,IND,1948 Summer,1948,Summer,London,Wrestling,"Wrestling Men's Welterweight, Freestyle",,"Anant Ram Bhargava M India IND 1948 Summer Summer London Wrestling Wrestling Men's Welterweight, Freestyle ",anant ram bhargava india ind summer summer london wrestling wrestling mens welterweight freestyle,0
11197,Vasudevan Bhaskaran,M,25.0,174.0,68.0,India,IND,1976 Summer,1976,Summer,Montreal,Hockey,Hockey Men's Hockey,,Vasudevan Bhaskaran M India IND 1976 Summer Summer Montreal Hockey Hockey Men's Hockey ,vasudevan bhaskaran india ind summer summer montreal hockey hockey mens hockey,2
11197,Vasudevan Bhaskaran,M,29.0,174.0,68.0,India,IND,1980 Summer,1980,Summer,Moskva,Hockey,Hockey Men's Hockey,Gold,Vasudevan Bhaskaran M India IND 1980 Summer Summer Moskva Hockey Hockey Men's Hockey Gold,vasudevan bhaskaran india ind summer summer moskva hockey hockey mens hockey gold,2
11198,Balwinder Kaur Bhatia,F,21.0,160.0,,India,IND,1980 Summer,1980,Summer,Moskva,Hockey,Hockey Women's Hockey,,Balwinder Kaur Bhatia F India IND 1980 Summer Summer Moskva Hockey Hockey Women's Hockey ,balwinder kaur bhatia f india ind summer summer moskva hockey hockey womens hockey,2
11199,Randhawa Ranjit Bhatia,M,24.0,180.0,63.0,India,IND,1960 Summer,1960,Summer,Roma,Athletics,"Athletics Men's 5,000 metres",,"Randhawa Ranjit Bhatia M India IND 1960 Summer Summer Roma Athletics Athletics Men's 5,000 metres ",randhawa ranjit bhatia india ind summer summer roma athletics athletics mens metres,1
11199,Randhawa Ranjit Bhatia,M,24.0,180.0,63.0,India,IND,1960 Summer,1960,Summer,Roma,Athletics,Athletics Men's Marathon,,Randhawa Ranjit Bhatia M India IND 1960 Summer Summer Roma Athletics Athletics Men's Marathon ,randhawa ranjit bhatia india ind summer summer roma athletics athletics mens marathon,1
11201,"Rabindranath ""Rabin"" Bhatta",M,,,,India,IND,1948 Summer,1948,Summer,London,Boxing,Boxing Men's Flyweight,,"Rabindranath ""Rabin"" Bhatta M India IND 1948 Summer Summer London Boxing Boxing Men's Flyweight ",rabindranath rabin bhatta india ind summer summer london boxing boxing mens flyweight,0
11202,Deepankar Bhattacharya,M,20.0,178.0,68.0,India,IND,1992 Summer,1992,Summer,Barcelona,Badminton,Badminton Men's Singles,,Deepankar Bhattacharya M India IND 1992 Summer Summer Barcelona Badminton Badminton Men's Singles ,deepankar bhattacharya india ind summer summer barcelona badminton badminton mens singles,0
11202,Deepankar Bhattacharya,M,20.0,178.0,68.0,India,IND,1992 Summer,1992,Summer,Barcelona,Badminton,Badminton Men's Doubles,,Deepankar Bhattacharya M India IND 1992 Summer Summer Barcelona Badminton Badminton Men's Doubles ,deepankar bhattacharya india ind summer summer barcelona badminton badminton mens doubles,0
11202,Deepankar Bhattacharya,M,24.0,178.0,68.0,India,IND,1996 Summer,1996,Summer,Atlanta,Badminton,Badminton Men's Singles,,Deepankar Bhattacharya M India IND 1996 Summer Summer Atlanta Badminton Badminton Men's Singles ,deepankar bhattacharya india ind summer summer atlanta badminton badminton mens singles,0
11212,Dattu Baban Bhokanal,M,25.0,189.0,81.0,India,IND,2016 Summer,2016,Summer,Rio de Janeiro,Rowing,Rowing Men's Single Sculls,,Dattu Baban Bhokanal M India IND 2016 Summer Summer Rio de Janeiro Rowing Rowing Men's Single Sculls ,dattu baban bhokanal india ind summer summer rio de janeiro rowing rowing mens single sculls,0
11215,Nirmal Kumar Bhose,M,,,,India,IND,1948 Summer,1948,Summer,London,Wrestling,"Wrestling Men's Bantamweight, Freestyle",,"Nirmal Kumar Bhose M India IND 1948 Summer Summer London Wrestling Wrestling Men's Bantamweight, Freestyle ",nirmal kumar bhose india ind summer summer london wrestling wrestling mens bantamweight freestyle,0
11216,Bandu Bhosle,M,19.0,,,India,IND,1964 Summer,1964,Summer,Tokyo,Gymnastics,Gymnastics Men's Individual All-Around,,Bandu Bhosle M India IND 1964 Summer Summer Tokyo Gymnastics Gymnastics Men's Individual All-Around ,bandu bhosle india ind summer summer tokyo gymnastics gymnastics mens individual allaround,0
11216,Bandu Bhosle,M,19.0,,,India,IND,1964 Summer,1964,Summer,Tokyo,Gymnastics,Gymnastics Men's Team All-Around,,Bandu Bhosle M India IND 1964 Summer Summer Tokyo Gymnastics Gymnastics Men's Team All-Around ,bandu bhosle india ind summer summer tokyo gymnastics gymnastics mens team allaround,0
11216,Bandu Bhosle,M,19.0,,,India,IND,1964 Summer,1964,Summer,Tokyo,Gymnastics,Gymnastics Men's Floor Exercise,,Bandu Bhosle M India IND 1964 Summer Summer Tokyo Gymnastics Gymnastics Men's Floor Exercise ,bandu bhosle india ind summer summer tokyo gymnastics gymnastics mens floor exercise,0
11216,Bandu Bhosle,M,19.0,,,India,IND,1964 Summer,1964,Summer,Tokyo,Gymnastics,Gymnastics Men's Horse Vault,,Bandu Bhosle M India IND 1964 Summer Summer Tokyo Gymnastics Gymnastics Men's Horse Vault ,bandu bhosle india ind summer summer tokyo gymnastics gymnastics mens horse vault,0
11216,Bandu Bhosle,M,19.0,,,India,IND,1964 Summer,1964,Summer,Tokyo,Gymnastics,Gymnastics Men's Parallel Bars,,Bandu Bhosle M India IND 1964 Summer Summer Tokyo Gymnastics Gymnastics Men's Parallel Bars ,bandu bhosle india ind summer summer tokyo gymnastics gymnastics mens parallel bars,0
11216,Bandu Bhosle,M,19.0,,,India,IND,1964 Summer,1964,Summer,Tokyo,Gymnastics,Gymnastics Men's Horizontal Bar,,Bandu Bhosle M India IND 1964 Summer Summer Tokyo Gymnastics Gymnastics Men's Horizontal Bar ,bandu bhosle india ind summer summer tokyo gymnastics gymnastics mens horizontal bar,0
11216,Bandu Bhosle,M,19.0,,,India,IND,1964 Summer,1964,Summer,Tokyo,Gymnastics,Gymnastics Men's Rings,,Bandu Bhosle M India IND 1964 Summer Summer Tokyo Gymnastics Gymnastics Men's Rings ,bandu bhosle india ind summer summer tokyo gymnastics gymnastics mens rings,0
11216,Bandu Bhosle,M,19.0,,,India,IND,1964 Summer,1964,Summer,Tokyo,Gymnastics,Gymnastics Men's Pommelled Horse,,Bandu Bhosle M India IND 1964 Summer Summer Tokyo Gymnastics Gymnastics Men's Pommelled Horse ,bandu bhosle india ind summer summer tokyo gymnastics gymnastics mens pommelled horse,0
11219,Mahesh Shrinivas Bhupathi,M,22.0,185.0,88.0,India,IND,1996 Summer,1996,Summer,Atlanta,Tennis,Tennis Men's Doubles,,Mahesh Shrinivas Bhupathi M India IND 1996 Summer Summer Atlanta Tennis Tennis Men's Doubles ,mahesh shrinivas bhupathi india ind summer summer atlanta tennis tennis mens doubles,0
11219,Mahesh Shrinivas Bhupathi,M,26.0,185.0,88.0,India,IND,2000 Summer,2000,Summer,Sydney,Tennis,Tennis Men's Doubles,,Mahesh Shrinivas Bhupathi M India IND 2000 Summer Summer Sydney Tennis Tennis Men's Doubles ,mahesh shrinivas bhupathi india ind summer summer sydney tennis tennis mens doubles,0
11219,Mahesh Shrinivas Bhupathi,M,30.0,185.0,88.0,India,IND,2004 Summer,2004,Summer,Athina,Tennis,Tennis Men's Doubles,,Mahesh Shrinivas Bhupathi M India IND 2004 Summer Summer Athina Tennis Tennis Men's Doubles ,mahesh shrinivas bhupathi india ind summer summer athina tennis tennis mens doubles,0
11219,Mahesh Shrinivas Bhupathi,M,34.0,185.0,88.0,India,IND,2008 Summer,2008,Summer,Beijing,Tennis,Tennis Men's Doubles,,Mahesh Shrinivas Bhupathi M India IND 2008 Summer Summer Beijing Tennis Tennis Men's Doubles ,mahesh shrinivas bhupathi india ind summer summer beijing tennis tennis mens doubles,0
11219,Mahesh Shrinivas Bhupathi,M,38.0,185.0,88.0,India-1,IND,2012 Summer,2012,Summer,London,Tennis,Tennis Men's Doubles,,Mahesh Shrinivas Bhupathi M India-1 IND 2012 Summer Summer London Tennis Tennis Men's Doubles ,mahesh shrinivas bhupathi india ind summer summer london tennis tennis mens doubles,0
11520,Govinda Billimogaputtaswamy,M,20.0,171.0,60.0,India,IND,1972 Summer,1972,Summer,Munich,Hockey,Hockey Men's Hockey,Bronze,Govinda Billimogaputtaswamy M India IND 1972 Summer Summer Munich Hockey Hockey Men's Hockey Bronze,govinda billimogaputtaswamy india ind summer summer munich hockey hockey mens hockey bronze,2
11520,Govinda Billimogaputtaswamy,M,24.0,171.0,60.0,India,IND,1976 Summer,1976,Summer,Montreal,Hockey,Hockey Men's Hockey,,Govinda Billimogaputtaswamy M India IND 1976 Summer Summer Montreal Hockey Hockey Men's Hockey ,govinda billimogaputtaswamy india ind summer summer montreal hockey hockey mens hockey,2
11521,Cawas Kersasp Billimoria,M,29.0,,,India,IND,1992 Summer,1992,Summer,Barcelona,Judo,Judo Men's Heavyweight,,Cawas Kersasp Billimoria M India IND 1992 Summer Summer Barcelona Judo Judo Men's Heavyweight ,cawas kersasp billimoria india ind summer summer barcelona judo judo mens heavyweight,0
11601,Abhinav Bindra,M,17.0,173.0,70.0,India,IND,2000 Summer,2000,Summer,Sydney,Shooting,"Shooting Men's Air Rifle, 10 metres",,"Abhinav Bindra M India IND 2000 Summer Summer Sydney Shooting Shooting Men's Air Rifle, 10 metres ",abhinav bindra india ind summer summer sydney shooting shooting mens air rifle metres,0
11601,Abhinav Bindra,M,21.0,173.0,70.0,India,IND,2004 Summer,2004,Summer,Athina,Shooting,"Shooting Men's Air Rifle, 10 metres",,"Abhinav Bindra M India IND 2004 Summer Summer Athina Shooting Shooting Men's Air Rifle, 10 metres ",abhinav bindra india ind summer summer athina shooting shooting mens air rifle metres,0
11601,Abhinav Bindra,M,25.0,173.0,70.0,India,IND,2008 Summer,2008,Summer,Beijing,Shooting,"Shooting Men's Air Rifle, 10 metres",Gold,"Abhinav Bindra M India IND 2008 Summer Summer Beijing Shooting Shooting Men's Air Rifle, 10 metres Gold",abhinav bindra india ind summer summer beijing shooting shooting mens air rifle metres gold,0
11601,Abhinav Bindra,M,29.0,173.0,70.0,India,IND,2012 Summer,2012,Summer,London,Shooting,"Shooting Men's Air Rifle, 10 metres",,"Abhinav Bindra M India IND 2012 Summer Summer London Shooting Shooting Men's Air Rifle, 10 metres ",abhinav bindra india ind summer summer london shooting shooting mens air rifle metres,0
11601,Abhinav Bindra,M,33.0,173.0,70.0,India,IND,2016 Summer,2016,Summer,Rio de Janeiro,Shooting,"Shooting Men's Air Rifle, 10 metres",,"Abhinav Bindra M India IND 2016 Summer Summer Rio de Janeiro Shooting Shooting Men's Air Rifle, 10 metres ",abhinav bindra india ind summer summer rio de janeiro shooting shooting mens air rifle metres,0
11637,Kalayathumkuzhi Mathews Binu,M,23.0,172.0,61.0,India,IND,2004 Summer,2004,Summer,Athina,Athletics,Athletics Men's 400 metres,,Kalayathumkuzhi Mathews Binu M India IND 2004 Summer Summer Athina Athletics Athletics Men's 400 metres ,kalayathumkuzhi mathews binu india ind summer summer athina athletics athletics mens metres,1
11651,Harishchandra Madhavrao Birajdar,M,22.0,192.0,100.0,India,IND,1972 Summer,1972,Summer,Munich,Wrestling,"Wrestling Men's Middleweight, Freestyle",,"Harishchandra Madhavrao Birajdar M India IND 1972 Summer Summer Munich Wrestling Wrestling Men's Middleweight, Freestyle ",harishchandra madhavrao birajdar india ind summer summer munich wrestling wrestling mens middleweight freestyle,0
11652,Shahuraj Birajdar,M,25.0,167.0,54.0,India,IND,1988 Summer,1988,Summer,Seoul,Boxing,Boxing Men's Bantamweight,,Shahuraj Birajdar M India IND 1988 Summer Summer Seoul Boxing Boxing Men's Bantamweight ,shahuraj birajdar india ind summer summer seoul boxing boxing mens bantamweight,0
11778,Jagdish Kumar Singh Bishnoi,M,28.0,182.0,86.0,India,IND,2000 Summer,2000,Summer,Sydney,Athletics,Athletics Men's Javelin Throw,,Jagdish Kumar Singh Bishnoi M India IND 2000 Summer Summer Sydney Athletics Athletics Men's Javelin Throw ,jagdish kumar singh bishnoi india ind summer summer sydney athletics athletics mens javelin throw,1
11796,Madhumita Bisht,F,27.0,,,India,IND,1992 Summer,1992,Summer,Barcelona,Badminton,Badminton Women's Singles,,Madhumita Bisht F India IND 1992 Summer Summer Barcelona Badminton Badminton Women's Singles ,madhumita bisht f india ind summer summer barcelona badminton badminton womens singles,0
11824,Narendar Bisth Singh,M,28.0,,,India,IND,1992 Summer,1992,Summer,Barcelona,Boxing,Boxing Men's Featherweight,,Narendar Bisth Singh M India IND 1992 Summer Summer Barcelona Boxing Boxing Men's Featherweight ,narendar bisth singh india ind summer summer barcelona boxing boxing mens featherweight,0
11827,Soma Biswas,F,22.0,173.0,63.0,India,IND,2000 Summer,2000,Summer,Sydney,Athletics,Athletics Women's Heptathlon,,Soma Biswas F India IND 2000 Summer Summer Sydney Athletics Athletics Women's Heptathlon ,soma biswas f india ind summer summer sydney athletics athletics womens heptathlon,1
11827,Soma Biswas,F,26.0,173.0,63.0,India,IND,2004 Summer,2004,Summer,Athina,Athletics,Athletics Women's Heptathlon,,Soma Biswas F India IND 2004 Summer Summer Athina Athletics Athletics Women's Heptathlon ,soma biswas f india ind summer summer athina athletics athletics womens heptathlon,1
12465,Anju Bobby George (Markose-),F,27.0,175.0,62.0,India,IND,2004 Summer,2004,Summer,Athina,Athletics,Athletics Women's Long Jump,,Anju Bobby George (Markose-) F India IND 2004 Summer Summer Athina Athletics Athletics Women's Long Jump ,anju bobby george markose f india ind summer summer athina athletics athletics womens long jump,1
12465,Anju Bobby George (Markose-),F,31.0,175.0,62.0,India,IND,2008 Summer,2008,Summer,Beijing,Athletics,Athletics Women's Long Jump,,Anju Bobby George (Markose-) F India IND 2008 Summer Summer Beijing Athletics Athletics Women's Long Jump ,anju bobby george markose f india ind summer summer beijing athletics athletics womens long jump,1
12589,Pradip Bode Kumar,M,,,,India,IND,1952 Summer,1952,Summer,Helsinki,Cycling,"Cycling Men's Road Race, Individual",,"Pradip Bode Kumar M India IND 1952 Summer Summer Helsinki Cycling Cycling Men's Road Race, Individual ",pradip bode kumar india ind summer summer helsinki cycling cycling mens road race individual,0
12589,Pradip Bode Kumar,M,,,,India,IND,1952 Summer,1952,Summer,Helsinki,Cycling,"Cycling Men's Road Race, Team",,"Pradip Bode Kumar M India IND 1952 Summer Summer Helsinki Cycling Cycling Men's Road Race, Team ",pradip bode kumar india ind summer summer helsinki cycling cycling mens road race team,0
12911,Lal Shah S. Bokhari,M,23.0,173.0,,India,IND,1932 Summer,1932,Summer,Los Angeles,Hockey,Hockey Men's Hockey,Gold,Lal Shah S. Bokhari M India IND 1932 Summer Summer Los Angeles Hockey Hockey Men's Hockey Gold,lal shah bokhari india ind summer summer los angeles hockey hockey mens hockey gold,2
13373,Rohan Bopanna,M,32.0,190.0,87.0,India-1,IND,2012 Summer,2012,Summer,London,Tennis,Tennis Men's Doubles,,Rohan Bopanna M India-1 IND 2012 Summer Summer London Tennis Tennis Men's Doubles ,rohan bopanna india ind summer summer london tennis tennis mens doubles,0
13373,Rohan Bopanna,M,36.0,190.0,87.0,India,IND,2016 Summer,2016,Summer,Rio de Janeiro,Tennis,Tennis Mixed Doubles,,Rohan Bopanna M India IND 2016 Summer Summer Rio de Janeiro Tennis Tennis Mixed Doubles ,rohan bopanna india ind summer summer rio de janeiro tennis tennis mixed doubles,0
13373,Rohan Bopanna,M,36.0,190.0,87.0,India,IND,2016 Summer,2016,Summer,Rio de Janeiro,Tennis,Tennis Men's Doubles,,Rohan Bopanna M India IND 2016 Summer Summer Rio de Janeiro Tennis Tennis Men's Doubles ,rohan bopanna india ind summer summer rio de janeiro tennis tennis mens doubles,0
13634,Charles Borromeo,M,25.0,174.0,59.0,India,IND,1984 Summer,1984,Summer,Los Angeles,Athletics,Athletics Men's 800 metres,,Charles Borromeo M India IND 1984 Summer Summer Los Angeles Athletics Athletics Men's 800 metres ,charles borromeo india ind summer summer los angeles athletics athletics mens metres,1
13730,Benoy Bose Kumar,M,18.0,,,India,IND,1948 Summer,1948,Summer,London,Boxing,Boxing Men's Featherweight,,Benoy Bose Kumar M India IND 1948 Summer Summer London Boxing Boxing Men's Featherweight ,benoy bose kumar india ind summer summer london boxing boxing mens featherweight,0
13730,Benoy Bose Kumar,M,22.0,,,India,IND,1952 Summer,1952,Summer,Helsinki,Boxing,Boxing Men's Featherweight,,Benoy Bose Kumar M India IND 1952 Summer Summer Helsinki Boxing Boxing Men's Featherweight ,benoy bose kumar india ind summer summer helsinki boxing boxing mens featherweight,0
15011,Frank Gerald Singlehurst Brewin,M,22.0,,,India,IND,1932 Summer,1932,Summer,Los Angeles,Hockey,Hockey Men's Hockey,Gold,Frank Gerald Singlehurst Brewin M India IND 1932 Summer Summer Los Angeles Hockey Hockey Men's Hockey Gold,frank gerald singlehurst brewin india ind summer summer los angeles hockey hockey mens hockey gold,2
16270,Jeremy John (Jarema Stanisaw-) Bujakowski,M,24.0,,,India,IND,1964 Winter,1964,Winter,Innsbruck,Alpine Skiing,Alpine Skiing Men's Downhill,,Jeremy John (Jarema Stanisaw-) Bujakowski M India IND 1964 Winter Winter Innsbruck Alpine Skiing Alpine Skiing Men's Downhill ,jeremy john jarema stanisaw bujakowski india ind winter winter innsbruck alpine skiing alpine skiing mens downhill,0
16270,Jeremy John (Jarema Stanisaw-) Bujakowski,M,28.0,,,India,IND,1968 Winter,1968,Winter,Grenoble,Alpine Skiing,Alpine Skiing Men's Downhill,,Jeremy John (Jarema Stanisaw-) Bujakowski M India IND 1968 Winter Winter Grenoble Alpine Skiing Alpine Skiing Men's Downhill ,jeremy john jarema stanisaw bujakowski india ind winter winter grenoble alpine skiing alpine skiing mens downhill,0
16270,Jeremy John (Jarema Stanisaw-) Bujakowski,M,28.0,,,India,IND,1968 Winter,1968,Winter,Grenoble,Alpine Skiing,Alpine Skiing Men's Giant Slalom,,Jeremy John (Jarema Stanisaw-) Bujakowski M India IND 1968 Winter Winter Grenoble Alpine Skiing Alpine Skiing Men's Giant Slalom ,jeremy john jarema stanisaw bujakowski india ind winter winter grenoble alpine skiing alpine skiing mens giant slalom,0
16270,Jeremy John (Jarema Stanisaw-) Bujakowski,M,28.0,,,India,IND,1968 Winter,1968,Winter,Grenoble,Alpine Skiing,Alpine Skiing Men's Slalom,,Jeremy John (Jarema Stanisaw-) Bujakowski M India IND 1968 Winter Winter Grenoble Alpine Skiing Alpine Skiing Men's Slalom ,jeremy john jarema stanisaw bujakowski india ind winter winter grenoble alpine skiing alpine skiing mens slalom,0
16701,R. Burns,M,,,,India,IND,1928 Summer,1928,Summer,Amsterdam,Athletics,Athletics Men's 100 metres,,R. Burns M India IND 1928 Summer Summer Amsterdam Athletics Athletics Men's 100 metres ,r burns india ind summer summer amsterdam athletics athletics mens metres,1
16701,R. Burns,M,,,,India,IND,1928 Summer,1928,Summer,Amsterdam,Athletics,Athletics Men's 200 metres,,R. Burns M India IND 1928 Summer Summer Amsterdam Athletics Athletics Men's 200 metres ,r burns india ind summer summer amsterdam athletics athletics mens metres,1
17020,Sandeep Byala,M,24.0,,,India,IND,1992 Summer,1992,Summer,Barcelona,Judo,Judo Men's Half-Lightweight,,Sandeep Byala M India IND 1992 Summer Summer Barcelona Judo Judo Men's Half-Lightweight ,sandeep byala india ind summer summer barcelona judo judo mens halflightweight,0
17101,Netai Chand Bysack,M,31.0,,,India,IND,1952 Summer,1952,Summer,Helsinki,Cycling,"Cycling Men's Road Race, Individual",,"Netai Chand Bysack M India IND 1952 Summer Summer Helsinki Cycling Cycling Men's Road Race, Individual ",netai chand bysack india ind summer summer helsinki cycling cycling mens road race individual,0
17101,Netai Chand Bysack,M,31.0,,,India,IND,1952 Summer,1952,Summer,Helsinki,Cycling,"Cycling Men's Road Race, Team",,"Netai Chand Bysack M India IND 1952 Summer Summer Helsinki Cycling Cycling Men's Road Race, Team ",netai chand bysack india ind summer summer helsinki cycling cycling mens road race team,0
17101,Netai Chand Bysack,M,31.0,,,India,IND,1952 Summer,1952,Summer,Helsinki,Cycling,Cycling Men's Sprint,,Netai Chand Bysack M India IND 1952 Summer Summer Helsinki Cycling Cycling Men's Sprint ,netai chand bysack india ind summer summer helsinki cycling cycling mens sprint,0
17101,Netai Chand Bysack,M,31.0,,,India,IND,1952 Summer,1952,Summer,Helsinki,Cycling,"Cycling Men's Team Pursuit, 4,000 metres",,"Netai Chand Bysack M India IND 1952 Summer Summer Helsinki Cycling Cycling Men's Team Pursuit, 4,000 metres ",netai chand bysack india ind summer summer helsinki cycling cycling mens team pursuit metres,0
17542,Cyrus Cama,M,20.0,,,India,IND,1992 Summer,1992,Summer,Barcelona,Sailing,Sailing Men's Two Person Dinghy,,Cyrus Cama M India IND 1992 Summer Summer Barcelona Sailing Sailing Men's Two Person Dinghy ,cyrus cama india ind summer summer barcelona sailing sailing mens two person dinghy,0
18475,"Richard John ""Dickie"" Carr",M,21.0,180.0,,India,IND,1932 Summer,1932,Summer,Los Angeles,Hockey,Hockey Men's Hockey,Gold,"Richard John ""Dickie"" Carr M India IND 1932 Summer Summer Los Angeles Hockey Hockey Men's Hockey Gold",richard john dickie carr india ind summer summer los angeles hockey hockey mens hockey gold,2
18475,"Richard John ""Dickie"" Carr",M,21.0,180.0,,India,IND,1932 Summer,1932,Summer,Los Angeles,Athletics,Athletics Men's 4 x 100 metres Relay,,"Richard John ""Dickie"" Carr M India IND 1932 Summer Summer Los Angeles Athletics Athletics Men's 4 x 100 metres Relay ",richard john dickie carr india ind summer summer los angeles athletics athletics mens x metres relay,1
18693,Joaquim Martin Carvalho,M,24.0,178.0,69.0,India,IND,1984 Summer,1984,Summer,Los Angeles,Hockey,Hockey Men's Hockey,,Joaquim Martin Carvalho M India IND 1984 Summer Summer Los Angeles Hockey Hockey Men's Hockey ,joaquim martin carvalho india ind summer summer los angeles hockey hockey mens hockey,2
19555,A. G. Chagale,M,,,,India,IND,1948 Summer,1948,Summer,London,Art Competitions,"Art Competitions Mixed Painting, Paintings",,"A. G. Chagale M India IND 1948 Summer Summer London Art Competitions Art Competitions Mixed Painting, Paintings ",g chagale india ind summer summer london art competitions art competitions mixed painting paintings,0
19583,Rushmi Chakravarthi,F,34.0,170.0,65.0,India,IND,2012 Summer,2012,Summer,London,Tennis,Tennis Women's Doubles,,Rushmi Chakravarthi F India IND 2012 Summer Summer London Tennis Tennis Women's Doubles ,rushmi chakravarthi f india ind summer summer london tennis tennis womens doubles,0
19584,Suprovat Chakravarty,M,20.0,,,India,IND,1952 Summer,1952,Summer,Helsinki,Cycling,"Cycling Men's Road Race, Individual",,"Suprovat Chakravarty M India IND 1952 Summer Summer Helsinki Cycling Cycling Men's Road Race, Individual ",suprovat chakravarty india ind summer summer helsinki cycling cycling mens road race individual,0
19584,Suprovat Chakravarty,M,20.0,,,India,IND,1952 Summer,1952,Summer,Helsinki,Cycling,"Cycling Men's Road Race, Team",,"Suprovat Chakravarty M India IND 1952 Summer Summer Helsinki Cycling Cycling Men's Road Race, Team ",suprovat chakravarty india ind summer summer helsinki cycling cycling mens road race team,0
19584,Suprovat Chakravarty,M,20.0,,,India,IND,1952 Summer,1952,Summer,Helsinki,Cycling,"Cycling Men's 1,000 metres Time Trial",,"Suprovat Chakravarty M India IND 1952 Summer Summer Helsinki Cycling Cycling Men's 1,000 metres Time Trial ",suprovat chakravarty india ind summer summer helsinki cycling cycling mens metres time trial,0
19584,Suprovat Chakravarty,M,20.0,,,India,IND,1952 Summer,1952,Summer,Helsinki,Cycling,"Cycling Men's Team Pursuit, 4,000 metres",,"Suprovat Chakravarty M India IND 1952 Summer Summer Helsinki Cycling Cycling Men's Team Pursuit, 4,000 metres ",suprovat chakravarty india ind summer summer helsinki cycling cycling mens team pursuit metres,0
19716,Dhyan Chand Bais,M,22.0,169.0,,India,IND,1928 Summer,1928,Summer,Amsterdam,Hockey,Hockey Men's Hockey,Gold,Dhyan Chand Bais M India IND 1928 Summer Summer Amsterdam Hockey Hockey Men's Hockey Gold,dhyan chand bais india ind summer summer amsterdam hockey hockey mens hockey gold,2
19716,Dhyan Chand Bais,M,26.0,169.0,,India,IND,1932 Summer,1932,Summer,Los Angeles,Hockey,Hockey Men's Hockey,Gold,Dhyan Chand Bais M India IND 1932 Summer Summer Los Angeles Hockey Hockey Men's Hockey Gold,dhyan chand bais india ind summer summer los angeles hockey hockey mens hockey gold,2
19716,Dhyan Chand Bais,M,30.0,169.0,,India,IND,1936 Summer,1936,Summer,Berlin,Hockey,Hockey Men's Hockey,Gold,Dhyan Chand Bais M India IND 1936 Summer Summer Berlin Hockey Hockey Men's Hockey Gold,dhyan chand bais india ind summer summer berlin hockey hockey mens hockey gold,2
19717,Dutee Chand,F,20.0,160.0,50.0,India,IND,2016 Summer,2016,Summer,Rio de Janeiro,Athletics,Athletics Women's 100 metres,,Dutee Chand F India IND 2016 Summer Summer Rio de Janeiro Athletics Athletics Women's 100 metres ,dutee chand f india ind summer summer rio de janeiro athletics athletics womens metres,1
19718,Gian Chand,M,,,,India,IND,1980 Summer,1980,Summer,Moskva,Shooting,"Shooting Mixed Small-Bore Rifle, Prone, 50 metres",,"Gian Chand M India IND 1980 Summer Summer Moskva Shooting Shooting Mixed Small-Bore Rifle, Prone, 50 metres ",gian chand india ind summer summer moskva shooting shooting mixed smallbore rifle prone metres,0
19719,Hari Chand,M,23.0,172.0,63.0,India,IND,1976 Summer,1976,Summer,Montreal,Athletics,"Athletics Men's 10,000 metres",,"Hari Chand M India IND 1976 Summer Summer Montreal Athletics Athletics Men's 10,000 metres ",hari chand india ind summer summer montreal athletics athletics mens metres,1
19719,Hari Chand,M,27.0,172.0,63.0,India,IND,1980 Summer,1980,Summer,Moskva,Athletics,"Athletics Men's 10,000 metres",,"Hari Chand M India IND 1980 Summer Summer Moskva Athletics Athletics Men's 10,000 metres ",hari chand india ind summer summer moskva athletics athletics mens metres,1
19719,Hari Chand,M,27.0,172.0,63.0,India,IND,1980 Summer,1980,Summer,Moskva,Athletics,Athletics Men's Marathon,,Hari Chand M India IND 1980 Summer Summer Moskva Athletics Athletics Men's Marathon ,hari chand india ind summer summer moskva athletics athletics mens marathon,1
19720,Lal Chand Nil,M,32.0,177.0,62.0,India,IND,1960 Summer,1960,Summer,Roma,Athletics,Athletics Men's Marathon,,Lal Chand Nil M India IND 1960 Summer Summer Roma Athletics Athletics Men's Marathon ,lal chand nil india ind summer summer roma athletics athletics mens marathon,1
19722,Udey Chand,M,25.0,175.0,70.0,India,IND,1960 Summer,1960,Summer,Roma,Wrestling,"Wrestling Men's Welterweight, Freestyle",,"Udey Chand M India IND 1960 Summer Summer Roma Wrestling Wrestling Men's Welterweight, Freestyle ",udey chand india ind summer summer roma wrestling wrestling mens welterweight freestyle,0
19722,Udey Chand,M,29.0,175.0,70.0,India,IND,1964 Summer,1964,Summer,Tokyo,Wrestling,"Wrestling Men's Lightweight, Freestyle",,"Udey Chand M India IND 1964 Summer Summer Tokyo Wrestling Wrestling Men's Lightweight, Freestyle ",udey chand india ind summer summer tokyo wrestling wrestling mens lightweight freestyle,0
19722,Udey Chand,M,33.0,175.0,70.0,India,IND,1968 Summer,1968,Summer,Mexico City,Wrestling,"Wrestling Men's Lightweight, Freestyle",,"Udey Chand M India IND 1968 Summer Summer Mexico City Wrestling Wrestling Men's Lightweight, Freestyle ",udey chand india ind summer summer mexico city wrestling wrestling mens lightweight freestyle,0
19723,Mehar Chand Dhawan,M,,,,India,IND,1932 Summer,1932,Summer,Los Angeles,Athletics,Athletics Men's 4 x 100 metres Relay,,Mehar Chand Dhawan M India IND 1932 Summer Summer Los Angeles Athletics Athletics Men's 4 x 100 metres Relay ,mehar chand dhawan india ind summer summer los angeles athletics athletics mens x metres relay,1
19723,Mehar Chand Dhawan,M,,,,India,IND,1932 Summer,1932,Summer,Los Angeles,Athletics,Athletics Men's Triple Jump,,Mehar Chand Dhawan M India IND 1932 Summer Summer Los Angeles Athletics Athletics Men's Triple Jump ,mehar chand dhawan india ind summer summer los angeles athletics athletics mens triple jump,1
19724,Sri Chand Ram,M,,,,India,IND,1956 Summer,1956,Summer,Melbourne,Athletics,Athletics Men's 110 metres Hurdles,,Sri Chand Ram M India IND 1956 Summer Summer Melbourne Athletics Athletics Men's 110 metres Hurdles ,sri chand ram india ind summer summer melbourne athletics athletics mens metres hurdles,1
19727,Apurvi Singh Chandela,F,23.0,157.0,54.0,India,IND,2016 Summer,2016,Summer,Rio de Janeiro,Shooting,"Shooting Women's Air Rifle, 10 metres",,"Apurvi Singh Chandela F India IND 2016 Summer Summer Rio de Janeiro Shooting Shooting Women's Air Rifle, 10 metres ",apurvi singh chandela f india ind summer summer rio de janeiro shooting shooting womens air rifle metres,0
19728,Raghavan Chanderasekaran,M,18.0,150.0,54.0,India,IND,1988 Summer,1988,Summer,Seoul,Weightlifting,Weightlifting Men's Flyweight,,Raghavan Chanderasekaran M India IND 1988 Summer Summer Seoul Weightlifting Weightlifting Men's Flyweight ,raghavan chanderasekaran india ind summer summer seoul weightlifting weightlifting mens flyweight,0
19728,Raghavan Chanderasekaran,M,26.0,150.0,54.0,India,IND,1996 Summer,1996,Summer,Atlanta,Weightlifting,Weightlifting Men's Bantamweight,,Raghavan Chanderasekaran M India IND 1996 Summer Summer Atlanta Weightlifting Weightlifting Men's Bantamweight ,raghavan chanderasekaran india ind summer summer atlanta weightlifting weightlifting mens bantamweight,0
19737,Ran Shor Chandnani,M,,,,India,IND,1952 Summer,1952,Summer,Helsinki,Water Polo,Water Polo Men's Water Polo,,Ran Shor Chandnani M India IND 1952 Summer Summer Helsinki Water Polo Water Polo Men's Water Polo ,ran shor chandnani india ind summer summer helsinki water polo water polo mens water polo,0
19739,Bimal Chandra,M,,,,India,IND,1948 Summer,1948,Summer,London,Swimming,Swimming Men's 400 metres Freestyle,,Bimal Chandra M India IND 1948 Summer Summer London Swimming Swimming Men's 400 metres Freestyle ,bimal chandra india ind summer summer london swimming swimming mens metres freestyle,0
19739,Bimal Chandra,M,,,,India,IND,1948 Summer,1948,Summer,London,Swimming,"Swimming Men's 1,500 metres Freestyle",,"Bimal Chandra M India IND 1948 Summer Summer London Swimming Swimming Men's 1,500 metres Freestyle ",bimal chandra india ind summer summer london swimming swimming mens metres freestyle,0
19742,Menon Chandrasekhar,M,24.0,170.0,63.0,India,IND,1960 Summer,1960,Summer,Roma,Football,Football Men's Football,,Menon Chandrasekhar M India IND 1960 Summer Summer Roma Football Football Men's Football ,menon chandrasekhar india ind summer summer roma football football mens football,0
19986,Prithipal Chatterjee,M,28.0,171.0,59.0,India,IND,1972 Summer,1972,Summer,Munich,Shooting,"Shooting Mixed Small-Bore Rifle, Prone, 50 metres",,"Prithipal Chatterjee M India IND 1972 Summer Summer Munich Shooting Shooting Mixed Small-Bore Rifle, Prone, 50 metres ",prithipal chatterjee india ind summer summer munich shooting shooting mixed smallbore rifle prone metres,0
19987,Samarandra N. Chatterjee,M,,,,India,IND,1948 Summer,1948,Summer,London,Water Polo,Water Polo Men's Water Polo,,Samarandra N. Chatterjee M India IND 1948 Summer Summer London Water Polo Water Polo Men's Water Polo ,samarandra n chatterjee india ind summer summer london water polo water polo mens water polo,0
19988,Suhas Chatterjee,M,,,,India,IND,1948 Summer,1948,Summer,London,Water Polo,Water Polo Men's Water Polo,,Suhas Chatterjee M India IND 1948 Summer Summer London Water Polo Water Polo Men's Water Polo ,suhas chatterjee india ind summer summer london water polo water polo mens water polo,0
19995,Garima Chaudhary,F,22.0,,63.0,India,IND,2012 Summer,2012,Summer,London,Judo,Judo Women's Half-Middleweight,,Garima Chaudhary F India IND 2012 Summer Summer London Judo Judo Women's Half-Middleweight ,garima chaudhary f india ind summer summer london judo judo womens halfmiddleweight,0
19999,Sudha Chaudhry,F,19.0,162.0,,India,IND,1980 Summer,1980,Summer,Moskva,Hockey,Hockey Women's Hockey,,Sudha Chaudhry F India IND 1980 Summer Summer Moskva Hockey Hockey Women's Hockey ,sudha chaudhry f india ind summer summer moskva hockey hockey womens hockey,2
20004,Phadeppa Dareppa Chaugule,M,,,,India,IND,1920 Summer,1920,Summer,Antwerpen,Athletics,"Athletics Men's 10,000 metres",,"Phadeppa Dareppa Chaugule M India IND 1920 Summer Summer Antwerpen Athletics Athletics Men's 10,000 metres ",phadeppa dareppa chaugule india ind summer summer antwerpen athletics athletics mens metres,1
20004,Phadeppa Dareppa Chaugule,M,,,,India,IND,1920 Summer,1920,Summer,Antwerpen,Athletics,Athletics Men's Marathon,,Phadeppa Dareppa Chaugule M India IND 1920 Summer Summer Antwerpen Athletics Athletics Men's Marathon ,phadeppa dareppa chaugule india ind summer summer antwerpen athletics athletics mens marathon,1
20005,Devesh Singh Chauhan,M,22.0,153.0,84.0,India,IND,2004 Summer,2004,Summer,Athina,Hockey,Hockey Men's Hockey,,Devesh Singh Chauhan M India IND 2004 Summer Summer Athina Hockey Hockey Men's Hockey ,devesh singh chauhan india ind summer summer athina hockey hockey mens hockey,2
20062,Shiv Sankar Prasad Chawrasia,M,38.0,165.0,67.0,India,IND,2016 Summer,2016,Summer,Rio de Janeiro,Golf,Golf Men's Individual,,Shiv Sankar Prasad Chawrasia M India IND 2016 Summer Summer Rio de Janeiro Golf Golf Men's Individual ,shiv sankar prasad chawrasia india ind summer summer rio de janeiro golf golf mens individual,0
20107,Paul Cheema Singh,M,39.0,169.0,77.0,India,IND,1960 Summer,1960,Summer,Roma,Shooting,"Shooting Men's Rapid-Fire Pistol, 25 metres",,"Paul Cheema Singh M India IND 1960 Summer Summer Roma Shooting Shooting Men's Rapid-Fire Pistol, 25 metres ",paul cheema singh india ind summer summer roma shooting shooting mens rapidfire pistol metres,0
20341,Kynan Darius Chenai,M,25.0,200.0,85.0,India,IND,2016 Summer,2016,Summer,Rio de Janeiro,Shooting,Shooting Men's Trap,,Kynan Darius Chenai M India IND 2016 Summer Summer Rio de Janeiro Shooting Shooting Men's Trap ,kynan darius chenai india ind summer summer rio de janeiro shooting shooting mens trap,0
20562,Bharat Kumar Chetri,M,30.0,,,India,IND,2012 Summer,2012,Summer,London,Hockey,Hockey Men's Hockey,,Bharat Kumar Chetri M India IND 2012 Summer Summer London Hockey Hockey Men's Hockey ,bharat kumar chetri india ind summer summer london hockey hockey mens hockey,2
20565,Bir Bahadur Chettri,M,20.0,165.0,68.0,India,IND,1976 Summer,1976,Summer,Montreal,Hockey,Hockey Men's Hockey,,Bir Bahadur Chettri M India IND 1976 Summer Summer Montreal Hockey Hockey Men's Hockey ,bir bahadur chettri india ind summer summer montreal hockey hockey mens hockey,2
20565,Bir Bahadur Chettri,M,24.0,165.0,68.0,India,IND,1980 Summer,1980,Summer,Moskva,Hockey,Hockey Men's Hockey,Gold,Bir Bahadur Chettri M India IND 1980 Summer Summer Moskva Hockey Hockey Men's Hockey Gold,bir bahadur chettri india ind summer summer moskva hockey hockey mens hockey gold,2
21165,"Souren ""Roy"" Choudhury",M,26.0,183.0,58.0,India,IND,1972 Summer,1972,Summer,Munich,Shooting,"Shooting Mixed Small-Bore Rifle, Prone, 50 metres",,"Souren ""Roy"" Choudhury M India IND 1972 Summer Summer Munich Shooting Shooting Mixed Small-Bore Rifle, Prone, 50 metres ",souren roy choudhury india ind summer summer munich shooting shooting mixed smallbore rifle prone metres,0
21165,"Souren ""Roy"" Choudhury",M,34.0,183.0,58.0,India,IND,1980 Summer,1980,Summer,Moskva,Shooting,"Shooting Mixed Small-Bore Rifle, Prone, 50 metres",,"Souren ""Roy"" Choudhury M India IND 1980 Summer Summer Moskva Shooting Shooting Mixed Small-Bore Rifle, Prone, 50 metres ",souren roy choudhury india ind summer summer moskva shooting shooting mixed smallbore rifle prone metres,0
21167,Souren Choudhury,M,33.0,,,India,IND,1952 Summer,1952,Summer,Helsinki,Shooting,"Shooting Men's Small-Bore Rifle, Prone, 50 metres",,"Souren Choudhury M India IND 1952 Summer Summer Helsinki Shooting Shooting Men's Small-Bore Rifle, Prone, 50 metres ",souren choudhury india ind summer summer helsinki shooting shooting mens smallbore rifle prone metres,0
21197,Shagun Chowdhary,F,29.0,,,India,IND,2012 Summer,2012,Summer,London,Shooting,Shooting Women's Trap,,Shagun Chowdhary F India IND 2012 Summer Summer London Shooting Shooting Women's Trap ,shagun chowdhary f india ind summer summer london shooting shooting womens trap,0
21339,Rajendra Absolem Christy,M,30.0,165.0,58.0,India,IND,1968 Summer,1968,Summer,Mexico City,Hockey,Hockey Men's Hockey,Bronze,Rajendra Absolem Christy M India IND 1968 Summer Summer Mexico City Hockey Hockey Men's Hockey Bronze,rajendra absolem christy india ind summer summer mexico city hockey hockey mens hockey bronze,2
21436,Lal Chuni,M,21.0,,,India,IND,1992 Winter,1992,Winter,Albertville,Alpine Skiing,Alpine Skiing Men's Giant Slalom,,Lal Chuni M India IND 1992 Winter Winter Albertville Alpine Skiing Alpine Skiing Men's Giant Slalom ,lal chuni india ind winter winter albertville alpine skiing alpine skiing mens giant slalom,0
21436,Lal Chuni,M,21.0,,,India,IND,1992 Winter,1992,Winter,Albertville,Alpine Skiing,Alpine Skiing Men's Slalom,,Lal Chuni M India IND 1992 Winter Winter Albertville Alpine Skiing Alpine Skiing Men's Slalom ,lal chuni india ind winter winter albertville alpine skiing alpine skiing mens slalom,0
21912,Leslie Walter Claudius,M,21.0,162.0,53.0,India,IND,1948 Summer,1948,Summer,London,Hockey,Hockey Men's Hockey,Gold,Leslie Walter Claudius M India IND 1948 Summer Summer London Hockey Hockey Men's Hockey Gold,leslie walter claudius india ind summer summer london hockey hockey mens hockey gold,2
21912,Leslie Walter Claudius,M,25.0,162.0,53.0,India,IND,1952 Summer,1952,Summer,Helsinki,Hockey,Hockey Men's Hockey,Gold,Leslie Walter Claudius M India IND 1952 Summer Summer Helsinki Hockey Hockey Men's Hockey Gold,leslie walter claudius india ind summer summer helsinki hockey hockey mens hockey gold,2
21912,Leslie Walter Claudius,M,29.0,162.0,53.0,India,IND,1956 Summer,1956,Summer,Melbourne,Hockey,Hockey Men's Hockey,Gold,Leslie Walter Claudius M India IND 1956 Summer Summer Melbourne Hockey Hockey Men's Hockey Gold,leslie walter claudius india ind summer summer melbourne hockey hockey mens hockey gold,2
21912,Leslie Walter Claudius,M,33.0,162.0,53.0,India,IND,1960 Summer,1960,Summer,Roma,Hockey,Hockey Men's Hockey,Silver,Leslie Walter Claudius M India IND 1960 Summer Summer Roma Hockey Hockey Men's Hockey Silver,leslie walter claudius india ind summer summer roma hockey hockey mens hockey silver,2
23098,Charles Cornelius,M,26.0,170.0,65.0,India,IND,1972 Summer,1972,Summer,Munich,Hockey,Hockey Men's Hockey,Bronze,Charles Cornelius M India IND 1972 Summer Summer Munich Hockey Hockey Men's Hockey Bronze,charles cornelius india ind summer summer munich hockey hockey mens hockey bronze,2
23503,Anthony Francis Coutinho,M,24.0,172.0,63.0,India,IND,1964 Summer,1964,Summer,Tokyo,Athletics,Athletics Men's 4 x 100 metres Relay,,Anthony Francis Coutinho M India IND 1964 Summer Summer Tokyo Athletics Athletics Men's 4 x 100 metres Relay ,anthony francis coutinho india ind summer summer tokyo athletics athletics mens x metres relay,1
23688,Robert Percival Cranston,M,19.0,,,India,IND,1948 Summer,1948,Summer,London,Boxing,Boxing Men's Welterweight,,Robert Percival Cranston M India IND 1948 Summer Summer London Boxing Boxing Men's Welterweight ,robert percival cranston india ind summer summer london boxing boxing mens welterweight,0
24786,Mohammed Samir Dad,M,21.0,180.0,67.0,India,IND,2000 Summer,2000,Summer,Sydney,Hockey,Hockey Men's Hockey,,Mohammed Samir Dad M India IND 2000 Summer Summer Sydney Hockey Hockey Men's Hockey ,mohammed samir dad india ind summer summer sydney hockey hockey mens hockey,2
25047,Meldric St. Clair daLuz Vieira,M,31.0,,,India,IND,1952 Summer,1952,Summer,Helsinki,Hockey,Hockey Men's Hockey,Gold,Meldric St. Clair daLuz Vieira M India IND 1952 Summer Summer Helsinki Hockey Hockey Men's Hockey Gold,meldric st clair daluz vieira india ind summer summer helsinki hockey hockey mens hockey gold,2
25130,Dhulchand Damor,M,27.0,,,India,IND,1992 Summer,1992,Summer,Barcelona,Archery,Archery Men's Individual,,Dhulchand Damor M India IND 1992 Summer Summer Barcelona Archery Archery Men's Individual ,dhulchand damor india ind summer summer barcelona archery archery mens individual,0
25130,Dhulchand Damor,M,27.0,,,India,IND,1992 Summer,1992,Summer,Barcelona,Archery,Archery Men's Team,,Dhulchand Damor M India IND 1992 Summer Summer Barcelona Archery Archery Men's Team ,dhulchand damor india ind summer summer barcelona archery archery mens team,0
25339,Ali Iqtidar Shah Dara,M,21.0,,,India,IND,1936 Summer,1936,Summer,Berlin,Hockey,Hockey Men's Hockey,Gold,Ali Iqtidar Shah Dara M India IND 1936 Summer Summer Berlin Hockey Hockey Men's Hockey Gold,ali iqtidar shah dara india ind summer summer berlin hockey hockey mens hockey gold,2
25424,Ankita Das,F,19.0,,,India,IND,2012 Summer,2012,Summer,London,Table Tennis,Table Tennis Women's Singles,,Ankita Das F India IND 2012 Summer Summer London Table Tennis Table Tennis Women's Singles ,ankita das f india ind summer summer london table tennis table tennis womens singles,0
25425,Atanu Das,M,24.0,175.0,79.0,India,IND,2016 Summer,2016,Summer,Rio de Janeiro,Archery,Archery Men's Individual,,Atanu Das M India IND 2016 Summer Summer Rio de Janeiro Archery Archery Men's Individual ,atanu das india ind summer summer rio de janeiro archery archery mens individual,0
25426,Durga Charan Das,M,,,,India,IND,1948 Summer,1948,Summer,London,Water Polo,Water Polo Men's Water Polo,,Durga Charan Das M India IND 1948 Summer Summer London Water Polo Water Polo Men's Water Polo ,durga charan das india ind summer summer london water polo water polo mens water polo,0
25427,Mouma Das,F,20.0,149.0,47.0,India,IND,2004 Summer,2004,Summer,Athina,Table Tennis,Table Tennis Women's Singles,,Mouma Das F India IND 2004 Summer Summer Athina Table Tennis Table Tennis Women's Singles ,mouma das f india ind summer summer athina table tennis table tennis womens singles,0
25427,Mouma Das,F,32.0,149.0,47.0,India,IND,2016 Summer,2016,Summer,Rio de Janeiro,Table Tennis,Table Tennis Women's Singles,,Mouma Das F India IND 2016 Summer Summer Rio de Janeiro Table Tennis Table Tennis Women's Singles ,mouma das f india ind summer summer rio de janeiro table tennis table tennis womens singles,0
25428,Niranjan Das,M,,,,India,IND,1952 Summer,1952,Summer,Helsinki,Wrestling,"Wrestling Men's Flyweight, Freestyle",,"Niranjan Das M India IND 1952 Summer Summer Helsinki Wrestling Wrestling Men's Flyweight, Freestyle ",niranjan das india ind summer summer helsinki wrestling wrestling mens flyweight freestyle,0
25429,Robi Das,M,,,,India,IND,1948 Summer,1948,Summer,London,Football,Football Men's Football,,Robi Das M India IND 1948 Summer Summer London Football Football Men's Football ,robi das india ind summer summer london football football mens football,0
25464,Amala Dass,M,,166.0,51.0,India,IND,1980 Summer,1980,Summer,Moskva,Boxing,Boxing Men's Flyweight,,Amala Dass M India IND 1980 Summer Summer Moskva Boxing Boxing Men's Flyweight ,amala dass india ind summer summer moskva boxing boxing mens flyweight,0
25465,Janini Dass,M,,,,India,IND,1948 Summer,1948,Summer,London,Water Polo,Water Polo Men's Water Polo,,Janini Dass M India IND 1948 Summer Summer London Water Polo Water Polo Men's Water Polo ,janini dass india ind summer summer london water polo water polo mens water polo,0
25477,Sadashir V. Datar,M,,,,India,IND,1920 Summer,1920,Summer,Antwerpen,Athletics,Athletics Men's Marathon,,Sadashir V. Datar M India IND 1920 Summer Summer Antwerpen Athletics Athletics Men's Marathon ,sadashir v datar india ind summer summer antwerpen athletics athletics mens marathon,1
25771,Baban Dharamji Daware,M,,,,India,IND,1956 Summer,1956,Summer,Melbourne,Wrestling,"Wrestling Men's Flyweight, Freestyle",,"Baban Dharamji Daware M India IND 1956 Summer Summer Melbourne Wrestling Wrestling Men's Flyweight, Freestyle ",baban dharamji daware india ind summer summer melbourne wrestling wrestling mens flyweight freestyle,0
26677,Walter Louis Joseph de Sousa,M,27.0,,,India,IND,1948 Summer,1948,Summer,London,Hockey,Hockey Men's Hockey,Gold,Walter Louis Joseph de Sousa M India IND 1948 Summer Summer London Hockey Hockey Men's Hockey Gold,walter louis joseph de sousa india ind summer summer london hockey hockey mens hockey gold,2
27792,Chinadorai Deshmutu,M,19.0,,,India,IND,1952 Summer,1952,Summer,Helsinki,Hockey,Hockey Men's Hockey,Gold,Chinadorai Deshmutu M India IND 1952 Summer Summer Helsinki Hockey Hockey Men's Hockey Gold,chinadorai deshmutu india ind summer summer helsinki hockey hockey mens hockey gold,2
27793,Deepali Deshpande,F,35.0,159.0,54.0,India,IND,2004 Summer,2004,Summer,Athina,Shooting,"Shooting Women's Small-Bore Rifle, Three Positions, 50 metres",,"Deepali Deshpande F India IND 2004 Summer Summer Athina Shooting Shooting Women's Small-Bore Rifle, Three Positions, 50 metres ",deepali deshpande f india ind summer summer athina shooting shooting womens smallbore rifle three positions metres,0
27918,Gul Mustafa Dev,M,24.0,,,India,IND,1988 Winter,1988,Winter,Calgary,Alpine Skiing,Alpine Skiing Men's Slalom,,Gul Mustafa Dev M India IND 1988 Winter Winter Calgary Alpine Skiing Alpine Skiing Men's Slalom ,gul mustafa dev india ind winter winter calgary alpine skiing alpine skiing mens slalom,0
27944,Laishram Bombayla Devi,F,23.0,164.0,60.0,India,IND,2008 Summer,2008,Summer,Beijing,Archery,Archery Women's Individual,,Laishram Bombayla Devi F India IND 2008 Summer Summer Beijing Archery Archery Women's Individual ,laishram bombayla devi f india ind summer summer beijing archery archery womens individual,0
27944,Laishram Bombayla Devi,F,23.0,164.0,60.0,India,IND,2008 Summer,2008,Summer,Beijing,Archery,Archery Women's Team,,Laishram Bombayla Devi F India IND 2008 Summer Summer Beijing Archery Archery Women's Team ,laishram bombayla devi f india ind summer summer beijing archery archery womens team,0
27944,Laishram Bombayla Devi,F,27.0,164.0,60.0,India,IND,2012 Summer,2012,Summer,London,Archery,Archery Women's Individual,,Laishram Bombayla Devi F India IND 2012 Summer Summer London Archery Archery Women's Individual ,laishram bombayla devi f india ind summer summer london archery archery womens individual,0
27944,Laishram Bombayla Devi,F,27.0,164.0,60.0,India,IND,2012 Summer,2012,Summer,London,Archery,Archery Women's Team,,Laishram Bombayla Devi F India IND 2012 Summer Summer London Archery Archery Women's Team ,laishram bombayla devi f india ind summer summer london archery archery womens team,0
27944,Laishram Bombayla Devi,F,31.0,164.0,60.0,India,IND,2016 Summer,2016,Summer,Rio de Janeiro,Archery,Archery Women's Individual,,Laishram Bombayla Devi F India IND 2016 Summer Summer Rio de Janeiro Archery Archery Women's Individual ,laishram bombayla devi f india ind summer summer rio de janeiro archery archery womens individual,0
27944,Laishram Bombayla Devi,F,31.0,164.0,60.0,India,IND,2016 Summer,2016,Summer,Rio de Janeiro,Archery,Archery Women's Team,,Laishram Bombayla Devi F India IND 2016 Summer Summer Rio de Janeiro Archery Archery Women's Team ,laishram bombayla devi f india ind summer summer rio de janeiro archery archery womens team,0
27945,Khumujam Tombi Devi,F,26.0,154.0,48.0,India,IND,2008 Summer,2008,Summer,Beijing,Judo,Judo Women's Extra-Lightweight,,Khumujam Tombi Devi F India IND 2008 Summer Summer Beijing Judo Judo Women's Extra-Lightweight ,khumujam tombi devi f india ind summer summer beijing judo judo womens extralightweight,0
27946,Lourembam Brojeshori Devi,F,19.0,157.0,52.0,India,IND,2000 Summer,2000,Summer,Sydney,Judo,Judo Women's Half-Lightweight,,Lourembam Brojeshori Devi F India IND 2000 Summer Summer Sydney Judo Judo Women's Half-Lightweight ,lourembam brojeshori devi f india ind summer summer sydney judo judo womens halflightweight,0
27975,Somdev Kishore Devvarman,M,27.0,180.0,73.0,India,IND,2012 Summer,2012,Summer,London,Tennis,Tennis Men's Singles,,Somdev Kishore Devvarman M India IND 2012 Summer Summer London Tennis Tennis Men's Singles ,somdev kishore devvarman india ind summer summer london tennis tennis mens singles,0
27999,Saraswati Amit Dey-Saha,F,20.0,154.0,53.0,India,IND,2000 Summer,2000,Summer,Sydney,Athletics,Athletics Women's 4 x 100 metres Relay,,Saraswati Amit Dey-Saha F India IND 2000 Summer Summer Sydney Athletics Athletics Women's 4 x 100 metres Relay ,saraswati amit deysaha f india ind summer summer sydney athletics athletics womens x metres relay,1
27999,Saraswati Amit Dey-Saha,F,24.0,154.0,53.0,India,IND,2004 Summer,2004,Summer,Athina,Athletics,Athletics Women's 200 metres,,Saraswati Amit Dey-Saha F India IND 2004 Summer Summer Athina Athletics Athletics Women's 200 metres ,saraswati amit deysaha f india ind summer summer athina athletics athletics womens metres,1
28039,Ayyasamy Dharun,M,19.0,177.0,64.0,India,IND,2016 Summer,2016,Summer,Rio de Janeiro,Athletics,Athletics Men's 4 x 400 metres Relay,,Ayyasamy Dharun M India IND 2016 Summer Summer Rio de Janeiro Athletics Athletics Men's 4 x 400 metres Relay ,ayyasamy dharun india ind summer summer rio de janeiro athletics athletics mens x metres relay,1
28043,Abha Dhillan,F,38.0,,,India,IND,1992 Summer,1992,Summer,Barcelona,Shooting,"Shooting Women's Air Pistol, 10 metres",,"Abha Dhillan F India IND 1992 Summer Summer Barcelona Shooting Shooting Women's Air Pistol, 10 metres ",abha dhillan f india ind summer summer barcelona shooting shooting womens air pistol metres,0
28044,Kartar Dhillon Singh,M,26.0,175.0,100.0,India,IND,1980 Summer,1980,Summer,Moskva,Wrestling,"Wrestling Men's Light-Heavyweight, Freestyle",,"Kartar Dhillon Singh M India IND 1980 Summer Summer Moskva Wrestling Wrestling Men's Light-Heavyweight, Freestyle ",kartar dhillon singh india ind summer summer moskva wrestling wrestling mens lightheavyweight freestyle,0
28044,Kartar Dhillon Singh,M,30.0,175.0,100.0,India,IND,1984 Summer,1984,Summer,Los Angeles,Wrestling,"Wrestling Men's Heavyweight, Freestyle",,"Kartar Dhillon Singh M India IND 1984 Summer Summer Los Angeles Wrestling Wrestling Men's Heavyweight, Freestyle ",kartar dhillon singh india ind summer summer los angeles wrestling wrestling mens heavyweight freestyle,0
28044,Kartar Dhillon Singh,M,34.0,175.0,100.0,India,IND,1988 Summer,1988,Summer,Seoul,Wrestling,"Wrestling Men's Heavyweight, Freestyle",,"Kartar Dhillon Singh M India IND 1988 Summer Summer Seoul Wrestling Wrestling Men's Heavyweight, Freestyle ",kartar dhillon singh india ind summer summer seoul wrestling wrestling mens heavyweight freestyle,0
28519,Valiyaveetil Diju,M,31.0,188.0,,India,IND,2012 Summer,2012,Summer,London,Badminton,Badminton Mixed Doubles,,Valiyaveetil Diju M India IND 2012 Summer Summer London Badminton Badminton Mixed Doubles ,valiyaveetil diju india ind summer summer london badminton badminton mixed doubles,0
28668,Ngangim Dingko Singh,M,21.0,,,India,IND,2000 Summer,2000,Summer,Sydney,Boxing,Boxing Men's Bantamweight,,Ngangim Dingko Singh M India IND 2000 Summer Summer Sydney Boxing Boxing Men's Bantamweight ,ngangim dingko singh india ind summer summer sydney boxing boxing mens bantamweight,0
28672,Parvez Irani Diniar,M,26.0,180.0,67.0,India,IND,1980 Summer,1980,Summer,Moskva,Basketball,Basketball Men's Basketball,,Parvez Irani Diniar M India IND 1980 Summer Summer Moskva Basketball Basketball Men's Basketball ,parvez irani diniar india ind summer summer moskva basketball basketball mens basketball,0
28804,Ashok Diwan,M,21.0,160.0,60.0,India,IND,1976 Summer,1976,Summer,Montreal,Hockey,Hockey Men's Hockey,,Ashok Diwan M India IND 1976 Summer Summer Montreal Hockey Hockey Men's Hockey ,ashok diwan india ind summer summer montreal hockey hockey mens hockey,2
29500,Skalzang Dorje,M,25.0,,,India,IND,1996 Summer,1996,Summer,Atlanta,Archery,Archery Men's Individual,,Skalzang Dorje M India IND 1996 Summer Summer Atlanta Archery Archery Men's Individual ,skalzang dorje india ind summer summer atlanta archery archery mens individual,0
29500,Skalzang Dorje,M,25.0,,,India,IND,1996 Summer,1996,Summer,Atlanta,Archery,Archery Men's Team,,Skalzang Dorje M India IND 1996 Summer Summer Atlanta Archery Archery Men's Team ,skalzang dorje india ind summer summer atlanta archery archery mens team,0
30165,Selma D'Silva,F,19.0,158.0,,India,IND,1980 Summer,1980,Summer,Moskva,Hockey,Hockey Women's Hockey,,Selma D'Silva F India IND 1980 Summer Summer Moskva Hockey Hockey Women's Hockey ,selma dsilva f india ind summer summer moskva hockey hockey womens hockey,2
30166,Adrian Albert D'Souza,M,20.0,170.0,62.0,India,IND,2004 Summer,2004,Summer,Athina,Hockey,Hockey Men's Hockey,,Adrian Albert D'Souza M India IND 2004 Summer Summer Athina Hockey Hockey Men's Hockey ,adrian albert dsouza india ind summer summer athina hockey hockey mens hockey,2
30168,Darryl Aloysius D'Souza,M,26.0,,,India,IND,1992 Summer,1992,Summer,Barcelona,Hockey,Hockey Men's Hockey,,Darryl Aloysius D'Souza M India IND 1992 Summer Summer Barcelona Hockey Hockey Men's Hockey ,darryl aloysius dsouza india ind summer summer barcelona hockey hockey mens hockey,2
30169,Mary Emily D'Souza,F,20.0,,,India,IND,1952 Summer,1952,Summer,Helsinki,Athletics,Athletics Women's 100 metres,,Mary Emily D'Souza F India IND 1952 Summer Summer Helsinki Athletics Athletics Women's 100 metres ,mary emily dsouza f india ind summer summer helsinki athletics athletics womens metres,1
30169,Mary Emily D'Souza,F,20.0,,,India,IND,1952 Summer,1952,Summer,Helsinki,Athletics,Athletics Women's 200 metres,,Mary Emily D'Souza F India IND 1952 Summer Summer Helsinki Athletics Athletics Women's 200 metres ,mary emily dsouza f india ind summer summer helsinki athletics athletics womens metres,1
30170,Neville Stephen J. D'Souza,M,,,,India,IND,1956 Summer,1956,Summer,Melbourne,Football,Football Men's Football,,Neville Stephen J. D'Souza M India IND 1956 Summer Summer Melbourne Football Football Men's Football ,neville stephen j dsouza india ind summer summer melbourne football football mens football,0
30173,"Stephanie ""Stephie"" D'Souza (Sequeira-)",F,27.0,158.0,50.0,India,IND,1964 Summer,1964,Summer,Tokyo,Athletics,Athletics Women's 400 metres,,"Stephanie ""Stephie"" D'Souza (Sequeira-) F India IND 1964 Summer Summer Tokyo Athletics Athletics Women's 400 metres ",stephanie stephie dsouza sequeira f india ind summer summer tokyo athletics athletics womens metres,1
30260,Preeti Dubey,F,18.0,166.0,53.0,India,IND,2016 Summer,2016,Summer,Rio de Janeiro,Hockey,Hockey Women's Hockey,,Preeti Dubey F India IND 2016 Summer Summer Rio de Janeiro Hockey Hockey Women's Hockey ,preeti dubey f india ind summer summer rio de janeiro hockey hockey womens hockey,2
30779,C. Thirugnan Durai,M,26.0,,,India,IND,2000 Summer,2000,Summer,Sydney,Athletics,Athletics Men's 4 x 100 metres Relay,,C. Thirugnan Durai M India IND 2000 Summer Summer Sydney Athletics Athletics Men's 4 x 100 metres Relay ,c thirugnan durai india ind summer summer sydney athletics athletics mens x metres relay,1
30911,Keshav Chandra Dutt,M,22.0,,,India,IND,1948 Summer,1948,Summer,London,Hockey,Hockey Men's Hockey,Gold,Keshav Chandra Dutt M India IND 1948 Summer Summer London Hockey Hockey Men's Hockey Gold,keshav chandra dutt india ind summer summer london hockey hockey mens hockey gold,2
30911,Keshav Chandra Dutt,M,26.0,,,India,IND,1952 Summer,1952,Summer,Helsinki,Hockey,Hockey Men's Hockey,Gold,Keshav Chandra Dutt M India IND 1952 Summer Summer Helsinki Hockey Hockey Men's Hockey Gold,keshav chandra dutt india ind summer summer helsinki hockey hockey mens hockey gold,2
30912,Sunil Dutt,M,16.0,157.0,48.0,India,IND,1984 Summer,1984,Summer,Los Angeles,Wrestling,"Wrestling Men's Light-Flyweight, Freestyle",,"Sunil Dutt M India IND 1984 Summer Summer Los Angeles Wrestling Wrestling Men's Light-Flyweight, Freestyle ",sunil dutt india ind summer summer los angeles wrestling wrestling mens lightflyweight freestyle,0
30913,Yogeshwar Dutt,M,21.0,168.0,65.0,India,IND,2004 Summer,2004,Summer,Athina,Wrestling,"Wrestling Men's Featherweight, Freestyle",,"Yogeshwar Dutt M India IND 2004 Summer Summer Athina Wrestling Wrestling Men's Featherweight, Freestyle ",yogeshwar dutt india ind summer summer athina wrestling wrestling mens featherweight freestyle,0
30913,Yogeshwar Dutt,M,25.0,168.0,65.0,India,IND,2008 Summer,2008,Summer,Beijing,Wrestling,"Wrestling Men's Lightweight, Freestyle",,"Yogeshwar Dutt M India IND 2008 Summer Summer Beijing Wrestling Wrestling Men's Lightweight, Freestyle ",yogeshwar dutt india ind summer summer beijing wrestling wrestling mens lightweight freestyle,0
30913,Yogeshwar Dutt,M,29.0,168.0,65.0,India,IND,2012 Summer,2012,Summer,London,Wrestling,"Wrestling Men's Lightweight, Freestyle",Bronze,"Yogeshwar Dutt M India IND 2012 Summer Summer London Wrestling Wrestling Men's Lightweight, Freestyle Bronze",yogeshwar dutt india ind summer summer london wrestling wrestling mens lightweight freestyle bronze,0
30913,Yogeshwar Dutt,M,33.0,168.0,65.0,India,IND,2016 Summer,2016,Summer,Rio de Janeiro,Wrestling,"Wrestling Men's Welterweight, Freestyle",,"Yogeshwar Dutt M India IND 2016 Summer Summer Rio de Janeiro Wrestling Wrestling Men's Welterweight, Freestyle ",yogeshwar dutt india ind summer summer rio de janeiro wrestling wrestling mens welterweight freestyle,0
30914,Soma Dutta,F,16.0,160.0,46.0,India,IND,1984 Summer,1984,Summer,Los Angeles,Shooting,"Shooting Women's Air Rifle, 10 metres",,"Soma Dutta F India IND 1984 Summer Summer Los Angeles Shooting Shooting Women's Air Rifle, 10 metres ",soma dutta f india ind summer summer los angeles shooting shooting womens air rifle metres,0
30914,Soma Dutta,F,16.0,160.0,46.0,India,IND,1984 Summer,1984,Summer,Los Angeles,Shooting,"Shooting Women's Small-Bore Rifle, Three Positions, 50 metres",,"Soma Dutta F India IND 1984 Summer Summer Los Angeles Shooting Shooting Women's Small-Bore Rifle, Three Positions, 50 metres ",soma dutta f india ind summer summer los angeles shooting shooting womens smallbore rifle three positions metres,0
30914,Soma Dutta,F,20.0,160.0,46.0,India,IND,1988 Summer,1988,Summer,Seoul,Shooting,"Shooting Women's Air Rifle, 10 metres",,"Soma Dutta F India IND 1988 Summer Summer Seoul Shooting Shooting Women's Air Rifle, 10 metres ",soma dutta f india ind summer summer seoul shooting shooting womens air rifle metres,0
30914,Soma Dutta,F,20.0,160.0,46.0,India,IND,1988 Summer,1988,Summer,Seoul,Shooting,"Shooting Women's Small-Bore Rifle, Three Positions, 50 metres",,"Soma Dutta F India IND 1988 Summer Summer Seoul Shooting Shooting Women's Small-Bore Rifle, Three Positions, 50 metres ",soma dutta f india ind summer summer seoul shooting shooting womens smallbore rifle three positions metres,0
30914,Soma Dutta,F,24.0,160.0,46.0,India,IND,1992 Summer,1992,Summer,Barcelona,Shooting,"Shooting Women's Air Rifle, 10 metres",,"Soma Dutta F India IND 1992 Summer Summer Barcelona Shooting Shooting Women's Air Rifle, 10 metres ",soma dutta f india ind summer summer barcelona shooting shooting womens air rifle metres,0
30914,Soma Dutta,F,24.0,160.0,46.0,India,IND,1992 Summer,1992,Summer,Barcelona,Shooting,"Shooting Women's Small-Bore Rifle, Three Positions, 50 metres",,"Soma Dutta F India IND 1992 Summer Summer Barcelona Shooting Shooting Women's Small-Bore Rifle, Three Positions, 50 metres ",soma dutta f india ind summer summer barcelona shooting shooting womens smallbore rifle three positions metres,0
31472,Alloysius Edwards,M,27.0,,,India,IND,1996 Summer,1996,Summer,Atlanta,Hockey,Hockey Men's Hockey,,Alloysius Edwards M India IND 1996 Summer Summer Atlanta Hockey Hockey Men's Hockey ,alloysius edwards india ind summer summer atlanta hockey hockey mens hockey,2
31804,Karunagaran Ekambaram,M,26.0,164.0,52.0,India,IND,1980 Summer,1980,Summer,Moskva,Weightlifting,Weightlifting Men's Flyweight,,Karunagaran Ekambaram M India IND 1980 Summer Summer Moskva Weightlifting Weightlifting Men's Flyweight ,karunagaran ekambaram india ind summer summer moskva weightlifting weightlifting mens flyweight,0
31835,Deep Grace Ekka,F,22.0,158.0,63.0,India,IND,2016 Summer,2016,Summer,Rio de Janeiro,Hockey,Hockey Women's Hockey,,Deep Grace Ekka F India IND 2016 Summer Summer Rio de Janeiro Hockey Hockey Women's Hockey ,deep grace ekka f india ind summer summer rio de janeiro hockey hockey womens hockey,2
32514,Lionel Charles Renwick Emmett,M,23.0,,,India,IND,1936 Summer,1936,Summer,Berlin,Hockey,Hockey Men's Hockey,Gold,Lionel Charles Renwick Emmett M India IND 1936 Summer Summer Berlin Hockey Hockey Men's Hockey Gold,lionel charles renwick emmett india ind summer summer berlin hockey hockey mens hockey gold,2
33340,Kamineni Eswara Rao,M,33.0,,88.5,India,IND,1952 Summer,1952,Summer,Helsinki,Weightlifting,Weightlifting Men's Middle-Heavyweight,,Kamineni Eswara Rao M India IND 1952 Summer Summer Helsinki Weightlifting Weightlifting Men's Middle-Heavyweight ,kamineni eswara rao india ind summer summer helsinki weightlifting weightlifting mens middleheavyweight,0
33340,Kamineni Eswara Rao,M,38.0,,88.5,India,IND,1956 Summer,1956,Summer,Melbourne,Weightlifting,Weightlifting Men's Middle-Heavyweight,,Kamineni Eswara Rao M India IND 1956 Summer Summer Melbourne Weightlifting Weightlifting Men's Middle-Heavyweight ,kamineni eswara rao india ind summer summer melbourne weightlifting weightlifting mens middleheavyweight,0
34759,"Lawrence ""Lawrie"" Fernandes",M,,,,India,IND,1948 Summer,1948,Summer,London,Hockey,Hockey Men's Hockey,Gold,"Lawrence ""Lawrie"" Fernandes M India IND 1948 Summer Summer London Hockey Hockey Men's Hockey Gold",lawrence lawrie fernandes india ind summer summer london hockey hockey mens hockey gold,2
34761,Lorraine Fernandes,F,25.0,155.0,,India,IND,1980 Summer,1980,Summer,Moskva,Hockey,Hockey Women's Hockey,,Lorraine Fernandes F India IND 1980 Summer Summer Moskva Hockey Hockey Women's Hockey ,lorraine fernandes f india ind summer summer moskva hockey hockey womens hockey,2
34764,Peter Paul Fernandes,M,19.0,,,India,IND,1936 Summer,1936,Summer,Berlin,Hockey,Hockey Men's Hockey,Gold,Peter Paul Fernandes M India IND 1936 Summer Summer Berlin Hockey Hockey Men's Hockey Gold,peter paul fernandes india ind summer summer berlin hockey hockey mens hockey gold,2
34901,Merwyn Fernandis,M,21.0,159.0,62.0,India,IND,1980 Summer,1980,Summer,Moskva,Hockey,Hockey Men's Hockey,Gold,Merwyn Fernandis M India IND 1980 Summer Summer Moskva Hockey Hockey Men's Hockey Gold,merwyn fernandis india ind summer summer moskva hockey hockey mens hockey gold,2
34901,Merwyn Fernandis,M,25.0,159.0,62.0,India,IND,1984 Summer,1984,Summer,Los Angeles,Hockey,Hockey Men's Hockey,,Merwyn Fernandis M India IND 1984 Summer Summer Los Angeles Hockey Hockey Men's Hockey ,merwyn fernandis india ind summer summer los angeles hockey hockey mens hockey,2
34901,Merwyn Fernandis,M,29.0,159.0,62.0,India,IND,1988 Summer,1988,Summer,Seoul,Hockey,Hockey Men's Hockey,,Merwyn Fernandis M India IND 1988 Summer Summer Seoul Hockey Hockey Men's Hockey ,merwyn fernandis india ind summer summer seoul hockey hockey mens hockey,2
34985,Gavin Ferreira,M,25.0,,,India,IND,1996 Summer,1996,Summer,Atlanta,Hockey,Hockey Men's Hockey,,Gavin Ferreira M India IND 1996 Summer Summer Atlanta Hockey Hockey Men's Hockey ,gavin ferreira india ind summer summer atlanta hockey hockey mens hockey,2
36670,John William Francis,M,23.0,168.0,57.0,India,IND,1988 Summer,1988,Summer,Seoul,Boxing,Boxing Men's Featherweight,,John William Francis M India IND 1988 Summer Summer Seoul Boxing Boxing Men's Featherweight ,john william francis india ind summer summer seoul boxing boxing mens featherweight,0
36678,Ranganathan Francis,M,28.0,,,India,IND,1948 Summer,1948,Summer,London,Hockey,Hockey Men's Hockey,Gold,Ranganathan Francis M India IND 1948 Summer Summer London Hockey Hockey Men's Hockey Gold,ranganathan francis india ind summer summer london hockey hockey mens hockey gold,2
36678,Ranganathan Francis,M,32.0,,,India,IND,1952 Summer,1952,Summer,Helsinki,Hockey,Hockey Men's Hockey,Gold,Ranganathan Francis M India IND 1952 Summer Summer Helsinki Hockey Hockey Men's Hockey Gold,ranganathan francis india ind summer summer helsinki hockey hockey mens hockey gold,2
36678,Ranganathan Francis,M,36.0,,,India,IND,1956 Summer,1956,Summer,Melbourne,Hockey,Hockey Men's Hockey,Gold,Ranganathan Francis M India IND 1956 Summer Summer Melbourne Hockey Hockey Men's Hockey Gold,ranganathan francis india ind summer summer melbourne hockey hockey mens hockey gold,2
36928,Manuel Frederick,M,23.0,172.0,65.0,India,IND,1972 Summer,1972,Summer,Munich,Hockey,Hockey Men's Hockey,Bronze,Manuel Frederick M India IND 1972 Summer Summer Munich Hockey Hockey Men's Hockey Bronze,manuel frederick india ind summer summer munich hockey hockey mens hockey bronze,2
37758,Ali Athar Hassan Ally Fyzee,M,40.0,,,India,IND,1924 Summer,1924,Summer,Paris,Tennis,Tennis Men's Singles,,Ali Athar Hassan Ally Fyzee M India IND 1924 Summer Summer Paris Tennis Tennis Men's Singles ,ali athar hassan ally fyzee india ind summer summer paris tennis tennis mens singles,0
38046,"Joseph Deville Thomas ""Joe"" Galibardy",M,21.0,,,India,IND,1936 Summer,1936,Summer,Berlin,Hockey,Hockey Men's Hockey,Gold,"Joseph Deville Thomas ""Joe"" Galibardy M India IND 1936 Summer Summer Berlin Hockey Hockey Men's Hockey Gold",joseph deville thomas joe galibardy india ind summer summer berlin hockey hockey mens hockey gold,2
38264,Prameela Gudandda Ganapathy (-Aiyappa),F,23.0,167.0,57.0,India,IND,2000 Summer,2000,Summer,Sydney,Athletics,Athletics Women's Heptathlon,,Prameela Gudandda Ganapathy (-Aiyappa) F India IND 2000 Summer Summer Sydney Athletics Athletics Women's Heptathlon ,prameela gudandda ganapathy aiyappa f india ind summer summer sydney athletics athletics womens heptathlon,1
38264,Prameela Gudandda Ganapathy (-Aiyappa),F,31.0,167.0,57.0,India,IND,2008 Summer,2008,Summer,Beijing,Athletics,Athletics Women's Heptathlon,,Prameela Gudandda Ganapathy (-Aiyappa) F India IND 2008 Summer Summer Beijing Athletics Athletics Women's Heptathlon ,prameela gudandda ganapathy aiyappa f india ind summer summer beijing athletics athletics womens heptathlon,1
39020,Michael Anthony Gateley,M,23.0,,,India,IND,1928 Summer,1928,Summer,Amsterdam,Hockey,Hockey Men's Hockey,Gold,Michael Anthony Gateley M India IND 1928 Summer Summer Amsterdam Hockey Hockey Men's Hockey Gold,michael anthony gateley india ind summer summer amsterdam hockey hockey mens hockey gold,2
39333,Sathi Geetha,F,21.0,156.0,52.0,India,IND,2004 Summer,2004,Summer,Athina,Athletics,Athletics Women's 4 x 400 metres Relay,,Sathi Geetha F India IND 2004 Summer Summer Athina Athletics Athletics Women's 4 x 400 metres Relay ,sathi geetha f india ind summer summer athina athletics athletics womens x metres relay,1
39333,Sathi Geetha,F,25.0,156.0,52.0,India,IND,2008 Summer,2008,Summer,Beijing,Athletics,Athletics Women's 4 x 400 metres Relay,,Sathi Geetha F India IND 2008 Summer Summer Beijing Athletics Athletics Women's 4 x 400 metres Relay ,sathi geetha f india ind summer summer beijing athletics athletics womens x metres relay,1
39956,Poulomi Ghatak,F,17.0,168.0,51.0,India,IND,2000 Summer,2000,Summer,Sydney,Table Tennis,Table Tennis Women's Singles,,Poulomi Ghatak F India IND 2000 Summer Summer Sydney Table Tennis Table Tennis Women's Singles ,poulomi ghatak f india ind summer summer sydney table tennis table tennis womens singles,0
40046,Sujay Jashiwant Ghorpade,M,23.0,,,India,IND,1988 Summer,1988,Summer,Seoul,Table Tennis,Table Tennis Men's Singles,,Sujay Jashiwant Ghorpade M India IND 1988 Summer Summer Seoul Table Tennis Table Tennis Men's Singles ,sujay jashiwant ghorpade india ind summer summer seoul table tennis table tennis mens singles,0
40046,Sujay Jashiwant Ghorpade,M,23.0,,,India,IND,1988 Summer,1988,Summer,Seoul,Table Tennis,Table Tennis Men's Doubles,,Sujay Jashiwant Ghorpade M India IND 1988 Summer Summer Seoul Table Tennis Table Tennis Men's Doubles ,sujay jashiwant ghorpade india ind summer summer seoul table tennis table tennis mens doubles,0
40046,Sujay Jashiwant Ghorpade,M,27.0,,,India,IND,1992 Summer,1992,Summer,Barcelona,Table Tennis,Table Tennis Men's Doubles,,Sujay Jashiwant Ghorpade M India IND 1992 Summer Summer Barcelona Table Tennis Table Tennis Men's Doubles ,sujay jashiwant ghorpade india ind summer summer barcelona table tennis table tennis mens doubles,0
40047,Nilima Ghose,F,17.0,,,India,IND,1952 Summer,1952,Summer,Helsinki,Athletics,Athletics Women's 100 metres,,Nilima Ghose F India IND 1952 Summer Summer Helsinki Athletics Athletics Women's 100 metres ,nilima ghose f india ind summer summer helsinki athletics athletics womens metres,1
40047,Nilima Ghose,F,17.0,,,India,IND,1952 Summer,1952,Summer,Helsinki,Athletics,Athletics Women's 80 metres Hurdles,,Nilima Ghose F India IND 1952 Summer Summer Helsinki Athletics Athletics Women's 80 metres Hurdles ,nilima ghose f india ind summer summer helsinki athletics athletics womens metres hurdles,1
40048,Mohon Lal Ghosh,M,20.0,164.0,60.0,India,IND,1964 Summer,1964,Summer,Tokyo,Weightlifting,Weightlifting Men's Bantamweight,,Mohon Lal Ghosh M India IND 1964 Summer Summer Tokyo Weightlifting Weightlifting Men's Bantamweight ,mohon lal ghosh india ind summer summer tokyo weightlifting weightlifting mens bantamweight,0
40048,Mohon Lal Ghosh,M,24.0,164.0,60.0,India,IND,1968 Summer,1968,Summer,Mexico City,Weightlifting,Weightlifting Men's Featherweight,,Mohon Lal Ghosh M India IND 1968 Summer Summer Mexico City Weightlifting Weightlifting Men's Featherweight ,mohon lal ghosh india ind summer summer mexico city weightlifting weightlifting mens featherweight,0
40050,Soumyajit Ghosh,M,19.0,168.0,69.0,India,IND,2012 Summer,2012,Summer,London,Table Tennis,Table Tennis Men's Singles,,Soumyajit Ghosh M India IND 2012 Summer Summer London Table Tennis Table Tennis Men's Singles ,soumyajit ghosh india ind summer summer london table tennis table tennis mens singles,0
40050,Soumyajit Ghosh,M,23.0,168.0,69.0,India,IND,2016 Summer,2016,Summer,Rio de Janeiro,Table Tennis,Table Tennis Men's Singles,,Soumyajit Ghosh M India IND 2016 Summer Summer Rio de Janeiro Table Tennis Table Tennis Men's Singles ,soumyajit ghosh india ind summer summer rio de janeiro table tennis table tennis mens singles,0
40083,Parkash Gian,M,23.0,165.0,67.0,India,IND,1960 Summer,1960,Summer,Roma,Wrestling,"Wrestling Men's Lightweight, Freestyle",,"Parkash Gian M India IND 1960 Summer Summer Roma Wrestling Wrestling Men's Lightweight, Freestyle ",parkash gian india ind summer summer roma wrestling wrestling mens lightweight freestyle,0
40321,Harpreet Gill,F,21.0,160.0,,India,IND,1980 Summer,1980,Summer,Moskva,Hockey,Hockey Women's Hockey,,Harpreet Gill F India IND 1980 Summer Summer Moskva Hockey Hockey Women's Hockey ,harpreet gill f india ind summer summer moskva hockey hockey womens hockey,2
40664,"Gerald Rudolph ""Gerry"" Glackan",M,,,,India,IND,1948 Summer,1948,Summer,London,Hockey,Hockey Men's Hockey,Gold,"Gerald Rudolph ""Gerry"" Glackan M India IND 1948 Summer Summer London Hockey Hockey Men's Hockey Gold",gerald rudolph gerry glackan india ind summer summer london hockey hockey mens hockey gold,2
41179,Sandeep Gollen Kumar,M,20.0,,,India,IND,1992 Summer,1992,Summer,Barcelona,Boxing,Boxing Men's Light-Welterweight,,Sandeep Gollen Kumar M India IND 1992 Summer Summer Barcelona Boxing Boxing Men's Light-Welterweight ,sandeep gollen kumar india ind summer summer barcelona boxing boxing mens lightwelterweight,0
41265,Marcellus Marcus Gomes,M,23.0,164.0,59.0,India,IND,1984 Summer,1984,Summer,Los Angeles,Hockey,Hockey Men's Hockey,,Marcellus Marcus Gomes M India IND 1984 Summer Summer Los Angeles Hockey Hockey Men's Hockey ,marcellus marcus gomes india ind summer summer los angeles hockey hockey mens hockey,2
41709,"Ernest John ""Ernie"" Goodsir-Cullen",M,24.0,,,India,IND,1936 Summer,1936,Summer,Berlin,Hockey,Hockey Men's Hockey,Gold,"Ernest John ""Ernie"" Goodsir-Cullen M India IND 1936 Summer Summer Berlin Hockey Hockey Men's Hockey Gold",ernest john ernie goodsircullen india ind summer summer berlin hockey hockey mens hockey gold,2
41710,"William James ""Willie"" Goodsir-Cullen",M,21.0,,,India,IND,1928 Summer,1928,Summer,Amsterdam,Hockey,Hockey Men's Hockey,Gold,"William James ""Willie"" Goodsir-Cullen M India IND 1928 Summer Summer Amsterdam Hockey Hockey Men's Hockey Gold",william james willie goodsircullen india ind summer summer amsterdam hockey hockey mens hockey gold,2
41743,Thonakal Gopi,M,28.0,166.0,56.0,India,IND,2016 Summer,2016,Summer,Rio de Janeiro,Athletics,Athletics Men's Marathon,,Thonakal Gopi M India IND 2016 Summer Summer Rio de Janeiro Athletics Athletics Men's Marathon ,thonakal gopi india ind summer summer rio de janeiro athletics athletics mens marathon,1
41744,Pulella Gopichand,M,26.0,182.0,63.0,India,IND,2000 Summer,2000,Summer,Sydney,Badminton,Badminton Men's Singles,,Pulella Gopichand M India IND 2000 Summer Summer Sydney Badminton Badminton Men's Singles ,pulella gopichand india ind summer summer sydney badminton badminton mens singles,0
41978,Subimal Goswami,M,22.0,175.0,56.0,India,IND,1960 Summer,1960,Summer,Roma,Football,Football Men's Football,,Subimal Goswami M India IND 1960 Summer Summer Roma Football Football Men's Football ,subimal goswami india ind summer summer roma football football mens football,0
42120,Deven Govindasami,M,21.0,163.0,56.0,India,IND,1984 Summer,1984,Summer,Los Angeles,Weightlifting,Weightlifting Men's Bantamweight,,Deven Govindasami M India IND 1984 Summer Summer Los Angeles Weightlifting Weightlifting Men's Bantamweight ,deven govindasami india ind summer summer los angeles weightlifting weightlifting mens bantamweight,0
42127,Vikas Shive Gowda,M,21.0,190.0,110.0,India,IND,2004 Summer,2004,Summer,Athina,Athletics,Athletics Men's Discus Throw,,Vikas Shive Gowda M India IND 2004 Summer Summer Athina Athletics Athletics Men's Discus Throw ,vikas shive gowda india ind summer summer athina athletics athletics mens discus throw,1
42127,Vikas Shive Gowda,M,25.0,190.0,110.0,India,IND,2008 Summer,2008,Summer,Beijing,Athletics,Athletics Men's Discus Throw,,Vikas Shive Gowda M India IND 2008 Summer Summer Beijing Athletics Athletics Men's Discus Throw ,vikas shive gowda india ind summer summer beijing athletics athletics mens discus throw,1
42127,Vikas Shive Gowda,M,29.0,190.0,110.0,India,IND,2012 Summer,2012,Summer,London,Athletics,Athletics Men's Discus Throw,,Vikas Shive Gowda M India IND 2012 Summer Summer London Athletics Athletics Men's Discus Throw ,vikas shive gowda india ind summer summer london athletics athletics mens discus throw,1
42127,Vikas Shive Gowda,M,33.0,190.0,110.0,India,IND,2016 Summer,2016,Summer,Rio de Janeiro,Athletics,Athletics Men's Discus Throw,,Vikas Shive Gowda M India IND 2016 Summer Summer Rio de Janeiro Athletics Athletics Men's Discus Throw ,vikas shive gowda india ind summer summer rio de janeiro athletics athletics mens discus throw,1
43990,Abhinn Shyam Gupta,M,24.0,172.0,68.0,India,IND,2004 Summer,2004,Summer,Athina,Badminton,Badminton Men's Singles,,Abhinn Shyam Gupta M India IND 2004 Summer Summer Athina Badminton Badminton Men's Singles ,abhinn shyam gupta india ind summer summer athina badminton badminton mens singles,0
43991,Bahadur Gurung Gupta,M,29.0,155.0,62.0,India,IND,2006 Winter,2006,Winter,Torino,Cross Country Skiing,Cross Country Skiing Men's Sprint,,Bahadur Gurung Gupta M India IND 2006 Winter Winter Torino Cross Country Skiing Cross Country Skiing Men's Sprint ,bahadur gurung gupta india ind winter winter torino cross country skiing cross country skiing mens sprint,0
44027,Dilip Gurumurthy,M,23.0,188.0,70.0,India,IND,1980 Summer,1980,Summer,Moskva,Basketball,Basketball Men's Basketball,,Dilip Gurumurthy M India IND 1980 Summer Summer Moskva Basketball Basketball Men's Basketball ,dilip gurumurthy india ind summer summer moskva basketball basketball mens basketball,0
44207,Jwala Gutta,F,28.0,178.0,85.0,India,IND,2012 Summer,2012,Summer,London,Badminton,Badminton Mixed Doubles,,Jwala Gutta F India IND 2012 Summer Summer London Badminton Badminton Mixed Doubles ,jwala gutta f india ind summer summer london badminton badminton mixed doubles,0
44207,Jwala Gutta,F,28.0,178.0,85.0,India,IND,2012 Summer,2012,Summer,London,Badminton,Badminton Women's Doubles,,Jwala Gutta F India IND 2012 Summer Summer London Badminton Badminton Women's Doubles ,jwala gutta f india ind summer summer london badminton badminton womens doubles,0
44207,Jwala Gutta,F,32.0,178.0,85.0,India,IND,2016 Summer,2016,Summer,Rio de Janeiro,Badminton,Badminton Women's Doubles,,Jwala Gutta F India IND 2016 Summer Summer Rio de Janeiro Badminton Badminton Women's Doubles ,jwala gutta f india ind summer summer rio de janeiro badminton badminton womens doubles,0
44527,Hakimuddin Shabbir Habibulla,M,20.0,167.0,62.0,India,IND,2000 Summer,2000,Summer,Sydney,Swimming,Swimming Men's 200 metres Freestyle,,Hakimuddin Shabbir Habibulla M India IND 2000 Summer Summer Sydney Swimming Swimming Men's 200 metres Freestyle ,hakimuddin shabbir habibulla india ind summer summer sydney swimming swimming mens metres freestyle,0
44613,"Syed Mohammad ""S. M."" Hadi",M,24.0,,,India,IND,1924 Summer,1924,Summer,Paris,Tennis,Tennis Men's Singles,,"Syed Mohammad ""S. M."" Hadi M India IND 1924 Summer Summer Paris Tennis Tennis Men's Singles ",syed mohammad hadi india ind summer summer paris tennis tennis mens singles,0
44613,"Syed Mohammad ""S. M."" Hadi",M,24.0,,,India-2,IND,1924 Summer,1924,Summer,Paris,Tennis,Tennis Men's Doubles,,"Syed Mohammad ""S. M."" Hadi M India-2 IND 1924 Summer Summer Paris Tennis Tennis Men's Doubles ",syed mohammad hadi india ind summer summer paris tennis tennis mens doubles,0
44923,Arjun Halappa,M,24.0,162.0,61.0,India,IND,2004 Summer,2004,Summer,Athina,Hockey,Hockey Men's Hockey,,Arjun Halappa M India IND 2004 Summer Summer Athina Hockey Hockey Men's Hockey ,arjun halappa india ind summer summer athina hockey hockey mens hockey,2
45013,James Stanton Hall,M,21.0,,,India,IND,1924 Summer,1924,Summer,Paris,Athletics,Athletics Men's 100 metres,,James Stanton Hall M India IND 1924 Summer Summer Paris Athletics Athletics Men's 100 metres ,james stanton hall india ind summer summer paris athletics athletics mens metres,1
45013,James Stanton Hall,M,21.0,,,India,IND,1924 Summer,1924,Summer,Paris,Athletics,Athletics Men's 200 metres,,James Stanton Hall M India IND 1924 Summer Summer Paris Athletics Athletics Men's 200 metres ,james stanton hall india ind summer summer paris athletics athletics mens metres,1
45013,James Stanton Hall,M,25.0,,,India,IND,1928 Summer,1928,Summer,Amsterdam,Athletics,Athletics Men's 200 metres,,James Stanton Hall M India IND 1928 Summer Summer Amsterdam Athletics Athletics Men's 200 metres ,james stanton hall india ind summer summer amsterdam athletics athletics mens metres,1
45013,James Stanton Hall,M,25.0,,,India,IND,1928 Summer,1928,Summer,Amsterdam,Athletics,Athletics Men's 400 metres,,James Stanton Hall M India IND 1928 Summer Summer Amsterdam Athletics Athletics Men's 400 metres ,james stanton hall india ind summer summer amsterdam athletics athletics mens metres,1
45360,Leslie Charles Hammond,M,23.0,184.0,,India,IND,1928 Summer,1928,Summer,Amsterdam,Hockey,Hockey Men's Hockey,Gold,Leslie Charles Hammond M India IND 1928 Summer Summer Amsterdam Hockey Hockey Men's Hockey Gold,leslie charles hammond india ind summer summer amsterdam hockey hockey mens hockey gold,2
45360,Leslie Charles Hammond,M,27.0,184.0,,India,IND,1932 Summer,1932,Summer,Los Angeles,Hockey,Hockey Men's Hockey,Gold,Leslie Charles Hammond M India IND 1932 Summer Summer Los Angeles Hockey Hockey Men's Hockey Gold,leslie charles hammond india ind summer summer los angeles hockey hockey mens hockey gold,2
46733,Adi Havewala,M,,,,India,IND,1948 Summer,1948,Summer,London,Cycling,"Cycling Men's Team Pursuit, 4,000 metres",,"Adi Havewala M India IND 1948 Summer Summer London Cycling Cycling Men's Team Pursuit, 4,000 metres ",adi havewala india ind summer summer london cycling cycling mens team pursuit metres,0
46736,Malcolm Havladar,M,,,,India,IND,1948 Summer,1948,Summer,London,Cycling,"Cycling Men's Road Race, Individual",,"Malcolm Havladar M India IND 1948 Summer Summer London Cycling Cycling Men's Road Race, Individual ",malcolm havladar india ind summer summer london cycling cycling mens road race individual,0
46736,Malcolm Havladar,M,,,,India,IND,1948 Summer,1948,Summer,London,Cycling,"Cycling Men's Road Race, Team",,"Malcolm Havladar M India IND 1948 Summer Summer London Cycling Cycling Men's Road Race, Team ",malcolm havladar india ind summer summer london cycling cycling mens road race team,0
48541,"Wilfred Reginald ""Will"" Hildreth",M,,,,India,IND,1924 Summer,1924,Summer,Paris,Athletics,Athletics Men's 100 metres,,"Wilfred Reginald ""Will"" Hildreth M India IND 1924 Summer Summer Paris Athletics Athletics Men's 100 metres ",wilfred reginald hildreth india ind summer summer paris athletics athletics mens metres,1
48541,"Wilfred Reginald ""Will"" Hildreth",M,,,,India,IND,1924 Summer,1924,Summer,Paris,Athletics,Athletics Men's 200 metres,,"Wilfred Reginald ""Will"" Hildreth M India IND 1924 Summer Summer Paris Athletics Athletics Men's 200 metres ",wilfred reginald hildreth india ind summer summer paris athletics athletics mens metres,1
48666,Arthur Charles Hind,M,27.0,173.0,,India,IND,1932 Summer,1932,Summer,Los Angeles,Hockey,Hockey Men's Hockey,Gold,Arthur Charles Hind M India IND 1932 Summer Summer Los Angeles Hockey Hockey Men's Hockey Gold,arthur charles hind india ind summer summer los angeles hockey hockey mens hockey gold,2
51212,Akhtar Hussain,M,21.0,,,India,IND,1948 Summer,1948,Summer,London,Hockey,Hockey Men's Hockey,Gold,Akhtar Hussain M India IND 1948 Summer Summer London Hockey Hockey Men's Hockey Gold,akhtar hussain india ind summer summer london hockey hockey mens hockey gold,2
51229,Sayed Muhammad Hussain,M,24.0,,,India,IND,1936 Summer,1936,Summer,Berlin,Hockey,Hockey Men's Hockey,Gold,Sayed Muhammad Hussain M India IND 1936 Summer Summer Berlin Hockey Hockey Men's Hockey Gold,sayed muhammad hussain india ind summer summer berlin hockey hockey mens hockey gold,2
52325,Nadeem Iqbal,M,30.0,173.0,65.0,India,IND,2014 Winter,2014,Winter,Sochi,Cross Country Skiing,Cross Country Skiing Men's 15 kilometres,,Nadeem Iqbal M India IND 2014 Winter Winter Sochi Cross Country Skiing Cross Country Skiing Men's 15 kilometres ,nadeem iqbal india ind winter winter sochi cross country skiing cross country skiing mens kilometres,0
52326,Zafar Iqbal,M,24.0,172.0,65.0,India,IND,1980 Summer,1980,Summer,Moskva,Hockey,Hockey Men's Hockey,Gold,Zafar Iqbal M India IND 1980 Summer Summer Moskva Hockey Hockey Men's Hockey Gold,zafar iqbal india ind summer summer moskva hockey hockey mens hockey gold,2
52326,Zafar Iqbal,M,28.0,172.0,65.0,India,IND,1984 Summer,1984,Summer,Los Angeles,Hockey,Hockey Men's Hockey,,Zafar Iqbal M India IND 1984 Summer Summer Los Angeles Hockey Hockey Men's Hockey ,zafar iqbal india ind summer summer los angeles hockey hockey mens hockey,2
53167,Ivan Jacob,M,24.0,,,India,IND,1952 Summer,1952,Summer,Helsinki,Athletics,Athletics Men's 400 metres,,Ivan Jacob M India IND 1952 Summer Summer Helsinki Athletics Athletics Men's 400 metres ,ivan jacob india ind summer summer helsinki athletics athletics mens metres,1
53173,Sydney Montague Jacob,M,44.0,,,India,IND,1924 Summer,1924,Summer,Paris,Tennis,Tennis Men's Singles,,Sydney Montague Jacob M India IND 1924 Summer Summer Paris Tennis Tennis Men's Singles ,sydney montague jacob india ind summer summer paris tennis tennis mens singles,0
53173,Sydney Montague Jacob,M,44.0,,,India,IND,1924 Summer,1924,Summer,Paris,Tennis,Tennis Mixed Doubles,,Sydney Montague Jacob M India IND 1924 Summer Summer Paris Tennis Tennis Mixed Doubles ,sydney montague jacob india ind summer summer paris tennis tennis mixed doubles,0
53173,Sydney Montague Jacob,M,44.0,,,India-1,IND,1924 Summer,1924,Summer,Paris,Tennis,Tennis Men's Doubles,,Sydney Montague Jacob M India-1 IND 1924 Summer Summer Paris Tennis Tennis Men's Doubles ,sydney montague jacob india ind summer summer paris tennis tennis mens doubles,0
53272,Pappu Jadav,M,18.0,,,India,IND,1992 Summer,1992,Summer,Barcelona,Wrestling,"Wrestling Men's Light-Flyweight, Greco-Roman",,"Pappu Jadav M India IND 1992 Summer Summer Barcelona Wrestling Wrestling Men's Light-Flyweight, Greco-Roman ",pappu jadav india ind summer summer barcelona wrestling wrestling mens lightflyweight grecoroman,0
53272,Pappu Jadav,M,22.0,,,India,IND,1996 Summer,1996,Summer,Atlanta,Wrestling,"Wrestling Men's Flyweight, Greco-Roman",,"Pappu Jadav M India IND 1996 Summer Summer Atlanta Wrestling Wrestling Men's Flyweight, Greco-Roman ",pappu jadav india ind summer summer atlanta wrestling wrestling mens flyweight grecoroman,0
53273,Shirang Vithoba Jadav,M,24.0,,,India,IND,1952 Summer,1952,Summer,Helsinki,Wrestling,"Wrestling Men's Light-Heavyweight, Freestyle",,"Shirang Vithoba Jadav M India IND 1952 Summer Summer Helsinki Wrestling Wrestling Men's Light-Heavyweight, Freestyle ",shirang vithoba jadav india ind summer summer helsinki wrestling wrestling mens lightheavyweight freestyle,0
53275,Khashaba Dadasaheb  Jahdav,M,21.0,,,India,IND,1948 Summer,1948,Summer,London,Wrestling,"Wrestling Men's Flyweight, Freestyle",,"Khashaba Dadasaheb  Jahdav M India IND 1948 Summer Summer London Wrestling Wrestling Men's Flyweight, Freestyle ",khashaba dadasaheb jahdav india ind summer summer london wrestling wrestling mens flyweight freestyle,0
53275,Khashaba Dadasaheb  Jahdav,M,25.0,,,India,IND,1952 Summer,1952,Summer,Helsinki,Wrestling,"Wrestling Men's Bantamweight, Freestyle",Bronze,"Khashaba Dadasaheb  Jahdav M India IND 1952 Summer Summer Helsinki Wrestling Wrestling Men's Bantamweight, Freestyle Bronze",khashaba dadasaheb jahdav india ind summer summer helsinki wrestling wrestling mens bantamweight freestyle bronze,0
53290,Sayed Muhammad Jaffar,M,,173.0,,India,IND,1932 Summer,1932,Summer,Los Angeles,Hockey,Hockey Men's Hockey,Gold,Sayed Muhammad Jaffar M India IND 1932 Summer Summer Los Angeles Hockey Hockey Men's Hockey Gold,sayed muhammad jaffar india ind summer summer los angeles hockey hockey mens hockey gold,2
53290,Sayed Muhammad Jaffar,M,,173.0,,India,IND,1936 Summer,1936,Summer,Berlin,Hockey,Hockey Men's Hockey,Gold,Sayed Muhammad Jaffar M India IND 1936 Summer Summer Berlin Hockey Hockey Men's Hockey Gold,sayed muhammad jaffar india ind summer summer berlin hockey hockey mens hockey gold,2
53361,"Orchatteri Puthiya Veetil ""O. P."" Jaisha",F,33.0,154.0,43.0,India,IND,2016 Summer,2016,Summer,Rio de Janeiro,Athletics,Athletics Women's Marathon,,"Orchatteri Puthiya Veetil ""O. P."" Jaisha F India IND 2016 Summer Summer Rio de Janeiro Athletics Athletics Women's Marathon ",orchatteri puthiya veetil p jaisha f india ind summer summer rio de janeiro athletics athletics womens marathon,1
53504,Romeo James,M,25.0,165.0,61.0,India,IND,1984 Summer,1984,Summer,Los Angeles,Hockey,Hockey Men's Hockey,,Romeo James M India IND 1984 Summer Summer Los Angeles Hockey Hockey Men's Hockey ,romeo james india ind summer summer los angeles hockey hockey mens hockey,2
53778,"Patrick Anthony ""Pat"" Jansen",M,27.0,,,India,IND,1948 Summer,1948,Summer,London,Hockey,Hockey Men's Hockey,Gold,"Patrick Anthony ""Pat"" Jansen M India IND 1948 Summer Summer London Hockey Hockey Men's Hockey Gold",patrick anthony pat jansen india ind summer summer london hockey hockey mens hockey gold,2
53784,Sohrab Janshed Contractor,M,34.0,175.0,80.0,India,IND,1972 Summer,1972,Summer,Munich,Sailing,Sailing Mixed Two Person Heavyweight Dinghy,,Sohrab Janshed Contractor M India IND 1972 Summer Summer Munich Sailing Sailing Mixed Two Person Heavyweight Dinghy ,sohrab janshed contractor india ind summer summer munich sailing sailing mixed two person heavyweight dinghy,0
54080,Valdivel Jayalakshmi,F,29.0,172.0,67.0,India,IND,2000 Summer,2000,Summer,Sydney,Athletics,Athletics Women's 4 x 100 metres Relay,,Valdivel Jayalakshmi F India IND 2000 Summer Summer Sydney Athletics Athletics Women's 4 x 100 metres Relay ,valdivel jayalakshmi f india ind summer summer sydney athletics athletics womens x metres relay,1
55020,"Mackertich ""Mac"" Joachim (Hovakimian-)",M,,,,India,IND,1948 Summer,1948,Summer,London,Boxing,Boxing Men's Light-Heavyweight,,"Mackertich ""Mac"" Joachim (Hovakimian-) M India IND 1948 Summer Summer London Boxing Boxing Men's Light-Heavyweight ",mackertich mac joachim hovakimian india ind summer summer london boxing boxing mens lightheavyweight,0
55065,Nachhatar Singh Johal,M,29.0,185.0,98.0,India,IND,2008 Summer,2008,Summer,Beijing,Sailing,Sailing Mixed One Person Dinghy,,Nachhatar Singh Johal M India IND 2008 Summer Summer Beijing Sailing Sailing Mixed One Person Dinghy ,nachhatar singh johal india ind summer summer beijing sailing sailing mixed one person dinghy,0
55399,Jinson Johnson,M,25.0,,,India,IND,2016 Summer,2016,Summer,Rio de Janeiro,Athletics,Athletics Men's 800 metres,,Jinson Johnson M India IND 2016 Summer Summer Rio de Janeiro Athletics Athletics Men's 800 metres ,jinson johnson india ind summer summer rio de janeiro athletics athletics mens metres,1
55544,Mayookha Mathalikunnel Johny,F,24.0,174.0,58.0,India,IND,2012 Summer,2012,Summer,London,Athletics,Athletics Women's Triple Jump,,Mayookha Mathalikunnel Johny F India IND 2012 Summer Summer London Athletics Athletics Women's Triple Jump ,mayookha mathalikunnel johny f india ind summer summer london athletics athletics womens triple jump,1
55981,Raj Joshi Tilak,M,23.0,171.0,60.0,India,IND,1960 Summer,1960,Summer,Roma,Athletics,Athletics Men's 100 metres,,Raj Joshi Tilak M India IND 1960 Summer Summer Roma Athletics Athletics Men's 100 metres ,raj joshi tilak india ind summer summer roma athletics athletics mens metres,1
56300,Samresh Jung,M,38.0,173.0,105.0,India,IND,2008 Summer,2008,Summer,Beijing,Shooting,"Shooting Men's Air Pistol, 10 metres",,"Samresh Jung M India IND 2008 Summer Summer Beijing Shooting Shooting Men's Air Pistol, 10 metres ",samresh jung india ind summer summer beijing shooting shooting mens air pistol metres,0
56300,Samresh Jung,M,38.0,173.0,105.0,India,IND,2008 Summer,2008,Summer,Beijing,Shooting,"Shooting Men's Free Pistol, 50 metres",,"Samresh Jung M India IND 2008 Summer Summer Beijing Shooting Shooting Men's Free Pistol, 50 metres ",samresh jung india ind summer summer beijing shooting shooting mens free pistol metres,0
56499,Samsudeen Kabeer,M,25.0,,70.0,India,IND,1996 Summer,1996,Summer,Atlanta,Weightlifting,Weightlifting Men's Lightweight,,Samsudeen Kabeer M India IND 1996 Summer Summer Atlanta Weightlifting Weightlifting Men's Lightweight ,samsudeen kabeer india ind summer summer atlanta weightlifting weightlifting mens lightweight,0
57210,Nikhil Kanetkar,M,25.0,173.0,63.0,India,IND,2004 Summer,2004,Summer,Athina,Badminton,Badminton Men's Singles,,Nikhil Kanetkar M India IND 2004 Summer Summer Athina Badminton Badminton Men's Singles ,nikhil kanetkar india ind summer summer athina badminton badminton mens singles,0
57239,Chinglensana Kangujam,M,24.0,169.0,72.0,India,IND,2016 Summer,2016,Summer,Rio de Janeiro,Hockey,Hockey Men's Hockey,,Chinglensana Kangujam M India IND 2016 Summer Summer Rio de Janeiro Hockey Hockey Men's Hockey ,chinglensana kangujam india ind summer summer rio de janeiro hockey hockey mens hockey,2
57258,Dharmalingam Kannan,M,24.0,163.0,54.0,India,IND,1960 Summer,1960,Summer,Roma,Football,Football Men's Football,,Dharmalingam Kannan M India IND 1960 Summer Summer Roma Football Football Men's Football ,dharmalingam kannan india ind summer summer roma football football mens football,0
57259,Mahendran Kannan,M,20.0,155.0,52.0,India,IND,1984 Summer,1984,Summer,Los Angeles,Weightlifting,Weightlifting Men's Flyweight,,Mahendran Kannan M India IND 1984 Summer Summer Los Angeles Weightlifting Weightlifting Men's Flyweight ,mahendran kannan india ind summer summer los angeles weightlifting weightlifting mens flyweight,0
57260,Muhammad Kannayan,M,,,,India,IND,1956 Summer,1956,Summer,Melbourne,Football,Football Men's Football,,Muhammad Kannayan M India IND 1956 Summer Summer Melbourne Football Football Men's Football ,muhammad kannayan india ind summer summer melbourne football football mens football,0
57274,Laxmi Kanta Das,M,22.0,,60.0,India,IND,1960 Summer,1960,Summer,Roma,Weightlifting,Weightlifting Men's Featherweight,,Laxmi Kanta Das M India IND 1960 Summer Summer Roma Weightlifting Weightlifting Men's Featherweight ,laxmi kanta das india ind summer summer roma weightlifting weightlifting mens featherweight,0
57274,Laxmi Kanta Das,M,26.0,,60.0,India,IND,1964 Summer,1964,Summer,Tokyo,Weightlifting,Weightlifting Men's Featherweight,,Laxmi Kanta Das M India IND 1964 Summer Summer Tokyo Weightlifting Weightlifting Men's Featherweight ,laxmi kanta das india ind summer summer tokyo weightlifting weightlifting mens featherweight,0
57464,Vithal Karande,M,24.0,,,India,IND,1964 Summer,1964,Summer,Tokyo,Gymnastics,Gymnastics Men's Individual All-Around,,Vithal Karande M India IND 1964 Summer Summer Tokyo Gymnastics Gymnastics Men's Individual All-Around ,vithal karande india ind summer summer tokyo gymnastics gymnastics mens individual allaround,0
57464,Vithal Karande,M,24.0,,,India,IND,1964 Summer,1964,Summer,Tokyo,Gymnastics,Gymnastics Men's Team All-Around,,Vithal Karande M India IND 1964 Summer Summer Tokyo Gymnastics Gymnastics Men's Team All-Around ,vithal karande india ind summer summer tokyo gymnastics gymnastics mens team allaround,0
57464,Vithal Karande,M,24.0,,,India,IND,1964 Summer,1964,Summer,Tokyo,Gymnastics,Gymnastics Men's Floor Exercise,,Vithal Karande M India IND 1964 Summer Summer Tokyo Gymnastics Gymnastics Men's Floor Exercise ,vithal karande india ind summer summer tokyo gymnastics gymnastics mens floor exercise,0
57464,Vithal Karande,M,24.0,,,India,IND,1964 Summer,1964,Summer,Tokyo,Gymnastics,Gymnastics Men's Horse Vault,,Vithal Karande M India IND 1964 Summer Summer Tokyo Gymnastics Gymnastics Men's Horse Vault ,vithal karande india ind summer summer tokyo gymnastics gymnastics mens horse vault,0
57464,Vithal Karande,M,24.0,,,India,IND,1964 Summer,1964,Summer,Tokyo,Gymnastics,Gymnastics Men's Parallel Bars,,Vithal Karande M India IND 1964 Summer Summer Tokyo Gymnastics Gymnastics Men's Parallel Bars ,vithal karande india ind summer summer tokyo gymnastics gymnastics mens parallel bars,0
57464,Vithal Karande,M,24.0,,,India,IND,1964 Summer,1964,Summer,Tokyo,Gymnastics,Gymnastics Men's Horizontal Bar,,Vithal Karande M India IND 1964 Summer Summer Tokyo Gymnastics Gymnastics Men's Horizontal Bar ,vithal karande india ind summer summer tokyo gymnastics gymnastics mens horizontal bar,0
57464,Vithal Karande,M,24.0,,,India,IND,1964 Summer,1964,Summer,Tokyo,Gymnastics,Gymnastics Men's Rings,,Vithal Karande M India IND 1964 Summer Summer Tokyo Gymnastics Gymnastics Men's Rings ,vithal karande india ind summer summer tokyo gymnastics gymnastics mens rings,0
57464,Vithal Karande,M,24.0,,,India,IND,1964 Summer,1964,Summer,Tokyo,Gymnastics,Gymnastics Men's Pommelled Horse,,Vithal Karande M India IND 1964 Summer Summer Tokyo Gymnastics Gymnastics Men's Pommelled Horse ,vithal karande india ind summer summer tokyo gymnastics gymnastics mens pommelled horse,0
57668,Dipa Karmakar,F,22.0,151.0,47.0,India,IND,2016 Summer,2016,Summer,Rio de Janeiro,Gymnastics,Gymnastics Women's Individual All-Around,,Dipa Karmakar F India IND 2016 Summer Summer Rio de Janeiro Gymnastics Gymnastics Women's Individual All-Around ,dipa karmakar f india ind summer summer rio de janeiro gymnastics gymnastics womens individual allaround,0
57668,Dipa Karmakar,F,22.0,151.0,47.0,India,IND,2016 Summer,2016,Summer,Rio de Janeiro,Gymnastics,Gymnastics Women's Floor Exercise,,Dipa Karmakar F India IND 2016 Summer Summer Rio de Janeiro Gymnastics Gymnastics Women's Floor Exercise ,dipa karmakar f india ind summer summer rio de janeiro gymnastics gymnastics womens floor exercise,0
57668,Dipa Karmakar,F,22.0,151.0,47.0,India,IND,2016 Summer,2016,Summer,Rio de Janeiro,Gymnastics,Gymnastics Women's Horse Vault,,Dipa Karmakar F India IND 2016 Summer Summer Rio de Janeiro Gymnastics Gymnastics Women's Horse Vault ,dipa karmakar f india ind summer summer rio de janeiro gymnastics gymnastics womens horse vault,0
57668,Dipa Karmakar,F,22.0,151.0,47.0,India,IND,2016 Summer,2016,Summer,Rio de Janeiro,Gymnastics,Gymnastics Women's Uneven Bars,,Dipa Karmakar F India IND 2016 Summer Summer Rio de Janeiro Gymnastics Gymnastics Women's Uneven Bars ,dipa karmakar f india ind summer summer rio de janeiro gymnastics gymnastics womens uneven bars,0
57668,Dipa Karmakar,F,22.0,151.0,47.0,India,IND,2016 Summer,2016,Summer,Rio de Janeiro,Gymnastics,Gymnastics Women's Balance Beam,,Dipa Karmakar F India IND 2016 Summer Summer Rio de Janeiro Gymnastics Gymnastics Women's Balance Beam ,dipa karmakar f india ind summer summer rio de janeiro gymnastics gymnastics womens balance beam,0
57669,Joydeep Karmakar,M,32.0,177.0,73.0,India,IND,2012 Summer,2012,Summer,London,Shooting,"Shooting Men's Small-Bore Rifle, Prone, 50 metres",,"Joydeep Karmakar M India IND 2012 Summer Summer London Shooting Shooting Men's Small-Bore Rifle, Prone, 50 metres ",joydeep karmakar india ind summer summer london shooting shooting mens smallbore rifle prone metres,0
57862,Parupalli Kashyap,M,25.0,173.0,,India,IND,2012 Summer,2012,Summer,London,Badminton,Badminton Men's Singles,,Parupalli Kashyap M India IND 2012 Summer Summer London Badminton Badminton Men's Singles ,parupalli kashyap india ind summer summer london badminton badminton mens singles,0
57955,Shivani Kataria,F,18.0,163.0,60.0,India,IND,2016 Summer,2016,Summer,Rio de Janeiro,Swimming,Swimming Women's 200 metres Freestyle,,Shivani Kataria F India IND 2016 Summer Summer Rio de Janeiro Swimming Swimming Women's 200 metres Freestyle ,shivani kataria f india ind summer summer rio de janeiro swimming swimming womens metres freestyle,0
57956,Vandana Katariya,F,24.0,159.0,48.0,India,IND,2016 Summer,2016,Summer,Rio de Janeiro,Hockey,Hockey Women's Hockey,,Vandana Katariya F India IND 2016 Summer Summer Rio de Janeiro Hockey Hockey Women's Hockey ,vandana katariya f india ind summer summer rio de janeiro hockey hockey womens hockey,2
58040,Ravi Kumar Katulu,M,24.0,,69.0,India,IND,2012 Summer,2012,Summer,London,Weightlifting,Weightlifting Men's Lightweight,,Ravi Kumar Katulu M India IND 2012 Summer Summer London Weightlifting Weightlifting Men's Lightweight ,ravi kumar katulu india ind summer summer london weightlifting weightlifting mens lightweight,0
58092,Gurmeet Kaur Rai,F,30.0,175.0,74.0,India,IND,2000 Summer,2000,Summer,Sydney,Athletics,Athletics Women's Javelin Throw,,Gurmeet Kaur Rai F India IND 2000 Summer Summer Sydney Athletics Athletics Women's Javelin Throw ,gurmeet kaur rai f india ind summer summer sydney athletics athletics womens javelin throw,1
58093,Harwant Kaur,F,24.0,168.0,70.0,India,IND,2004 Summer,2004,Summer,Athina,Athletics,Athletics Women's Discus Throw,,Harwant Kaur F India IND 2004 Summer Summer Athina Athletics Athletics Women's Discus Throw ,harwant kaur f india ind summer summer athina athletics athletics womens discus throw,1
58093,Harwant Kaur,F,28.0,168.0,70.0,India,IND,2008 Summer,2008,Summer,Beijing,Athletics,Athletics Women's Discus Throw,,Harwant Kaur F India IND 2008 Summer Summer Beijing Athletics Athletics Women's Discus Throw ,harwant kaur f india ind summer summer beijing athletics athletics womens discus throw,1
58094,Khushbir Kaur,F,23.0,,,India,IND,2016 Summer,2016,Summer,Rio de Janeiro,Athletics,Athletics Women's 20 kilometres Walk,,Khushbir Kaur F India IND 2016 Summer Summer Rio de Janeiro Athletics Athletics Women's 20 kilometres Walk ,khushbir kaur f india ind summer summer rio de janeiro athletics athletics womens kilometres walk,1
58095,Mandeep Kaur,F,20.0,156.0,54.0,India,IND,2008 Summer,2008,Summer,Beijing,Athletics,Athletics Women's 400 metres,,Mandeep Kaur F India IND 2008 Summer Summer Beijing Athletics Athletics Women's 400 metres ,mandeep kaur f india ind summer summer beijing athletics athletics womens metres,1
58095,Mandeep Kaur,F,20.0,156.0,54.0,India,IND,2008 Summer,2008,Summer,Beijing,Athletics,Athletics Women's 4 x 400 metres Relay,,Mandeep Kaur F India IND 2008 Summer Summer Beijing Athletics Athletics Women's 4 x 400 metres Relay ,mandeep kaur f india ind summer summer beijing athletics athletics womens x metres relay,1
58096,Manjit Kaur,F,22.0,175.0,61.0,India,IND,2004 Summer,2004,Summer,Athina,Athletics,Athletics Women's 4 x 400 metres Relay,,Manjit Kaur F India IND 2004 Summer Summer Athina Athletics Athletics Women's 4 x 400 metres Relay ,manjit kaur f india ind summer summer athina athletics athletics womens x metres relay,1
58096,Manjit Kaur,F,26.0,175.0,61.0,India,IND,2008 Summer,2008,Summer,Beijing,Athletics,Athletics Women's 4 x 400 metres Relay,,Manjit Kaur F India IND 2008 Summer Summer Beijing Athletics Athletics Women's 4 x 400 metres Relay ,manjit kaur f india ind summer summer beijing athletics athletics womens x metres relay,1
58097,Manpreet Kaur,F,26.0,170.0,89.0,India,IND,2016 Summer,2016,Summer,Rio de Janeiro,Athletics,Athletics Women's Shot Put,,Manpreet Kaur F India IND 2016 Summer Summer Rio de Janeiro Athletics Athletics Women's Shot Put ,manpreet kaur f india ind summer summer rio de janeiro athletics athletics womens shot put,1
58098,Navjot Kaur,F,21.0,167.0,53.0,India,IND,2016 Summer,2016,Summer,Rio de Janeiro,Hockey,Hockey Women's Hockey,,Navjot Kaur F India IND 2016 Summer Summer Rio de Janeiro Hockey Hockey Women's Hockey ,navjot kaur f india ind summer summer rio de janeiro hockey hockey womens hockey,2
58099,Paramjit Kaur,F,24.0,,,India,IND,2000 Summer,2000,Summer,Sydney,Athletics,Athletics Women's 4 x 400 metres Relay,,Paramjit Kaur F India IND 2000 Summer Summer Sydney Athletics Athletics Women's 4 x 400 metres Relay ,paramjit kaur f india ind summer summer sydney athletics athletics womens x metres relay,1
58100,Rajwinder Kaur Gill,F,24.0,158.0,53.0,India,IND,2004 Summer,2004,Summer,Athina,Athletics,Athletics Women's 4 x 400 metres Relay,,Rajwinder Kaur Gill F India IND 2004 Summer Summer Athina Athletics Athletics Women's 4 x 400 metres Relay ,rajwinder kaur gill f india ind summer summer athina athletics athletics womens x metres relay,1
58104,Hari Pal Kaushik,M,22.0,178.0,77.0,India,IND,1956 Summer,1956,Summer,Melbourne,Hockey,Hockey Men's Hockey,Gold,Hari Pal Kaushik M India IND 1956 Summer Summer Melbourne Hockey Hockey Men's Hockey Gold,hari pal kaushik india ind summer summer melbourne hockey hockey mens hockey gold,2
58104,Hari Pal Kaushik,M,30.0,178.0,77.0,India,IND,1964 Summer,1964,Summer,Tokyo,Hockey,Hockey Men's Hockey,Gold,Hari Pal Kaushik M India IND 1964 Summer Summer Tokyo Hockey Hockey Men's Hockey Gold,hari pal kaushik india ind summer summer tokyo hockey hockey mens hockey gold,2
58105,Maharaj Krishon Kaushik,M,25.0,163.0,60.0,India,IND,1980 Summer,1980,Summer,Moskva,Hockey,Hockey Men's Hockey,Gold,Maharaj Krishon Kaushik M India IND 1980 Summer Summer Moskva Hockey Hockey Men's Hockey Gold,maharaj krishon kaushik india ind summer summer moskva hockey hockey mens hockey gold,2
58642,Mariappa Kempaiah,M,23.0,165.0,62.0,India,IND,1956 Summer,1956,Summer,Melbourne,Football,Football Men's Football,,Mariappa Kempaiah M India IND 1956 Summer Summer Melbourne Football Football Men's Football ,mariappa kempaiah india ind summer summer melbourne football football mens football,0
58642,Mariappa Kempaiah,M,27.0,165.0,62.0,India,IND,1960 Summer,1960,Summer,Roma,Football,Football Men's Football,,Mariappa Kempaiah M India IND 1960 Summer Summer Roma Football Football Men's Football ,mariappa kempaiah india ind summer summer roma football football mens football,0
58898,Sen Keshav,M,36.0,172.0,72.0,India,IND,1960 Summer,1960,Summer,Roma,Shooting,Shooting Men's Trap,,Sen Keshav M India IND 1960 Summer Summer Roma Shooting Shooting Men's Trap ,sen keshav india ind summer summer roma shooting shooting mens trap,0
58899,Shiva Keshavan,M,16.0,183.0,85.0,India,IND,1998 Winter,1998,Winter,Nagano,Luge,Luge Men's Singles,,Shiva Keshavan M India IND 1998 Winter Winter Nagano Luge Luge Men's Singles ,shiva keshavan india ind winter winter nagano luge luge mens singles,0
58899,Shiva Keshavan,M,20.0,183.0,85.0,India,IND,2002 Winter,2002,Winter,Salt Lake City,Luge,Luge Men's Singles,,Shiva Keshavan M India IND 2002 Winter Winter Salt Lake City Luge Luge Men's Singles ,shiva keshavan india ind winter winter salt lake city luge luge mens singles,0
58899,Shiva Keshavan,M,24.0,183.0,85.0,India,IND,2006 Winter,2006,Winter,Torino,Luge,Luge Men's Singles,,Shiva Keshavan M India IND 2006 Winter Winter Torino Luge Luge Men's Singles ,shiva keshavan india ind winter winter torino luge luge mens singles,0
58899,Shiva Keshavan,M,28.0,183.0,85.0,India,IND,2010 Winter,2010,Winter,Vancouver,Luge,Luge Men's Singles,,Shiva Keshavan M India IND 2010 Winter Winter Vancouver Luge Luge Men's Singles ,shiva keshavan india ind winter winter vancouver luge luge mens singles,0
59022,Virdhawal Vikram Khade,M,16.0,191.0,83.0,India,IND,2008 Summer,2008,Summer,Beijing,Swimming,Swimming Men's 50 metres Freestyle,,Virdhawal Vikram Khade M India IND 2008 Summer Summer Beijing Swimming Swimming Men's 50 metres Freestyle ,virdhawal vikram khade india ind summer summer beijing swimming swimming mens metres freestyle,0
59022,Virdhawal Vikram Khade,M,16.0,191.0,83.0,India,IND,2008 Summer,2008,Summer,Beijing,Swimming,Swimming Men's 100 metres Freestyle,,Virdhawal Vikram Khade M India IND 2008 Summer Summer Beijing Swimming Swimming Men's 100 metres Freestyle ,virdhawal vikram khade india ind summer summer beijing swimming swimming mens metres freestyle,0
59022,Virdhawal Vikram Khade,M,16.0,191.0,83.0,India,IND,2008 Summer,2008,Summer,Beijing,Swimming,Swimming Men's 200 metres Freestyle,,Virdhawal Vikram Khade M India IND 2008 Summer Summer Beijing Swimming Swimming Men's 200 metres Freestyle ,virdhawal vikram khade india ind summer summer beijing swimming swimming mens metres freestyle,0
59136,Ahmed Muhammad Khan,M,21.0,,,India,IND,1948 Summer,1948,Summer,London,Football,Football Men's Football,,Ahmed Muhammad Khan M India IND 1948 Summer Summer London Football Football Men's Football ,ahmed muhammad khan india ind summer summer london football football mens football,0
59136,Ahmed Muhammad Khan,M,25.0,,,India,IND,1952 Summer,1952,Summer,Helsinki,Football,Football Men's Football,,Ahmed Muhammad Khan M India IND 1952 Summer Summer Helsinki Football Football Men's Football ,ahmed muhammad khan india ind summer summer helsinki football football mens football,0
59138,Ahmed Sher Khan,M,23.0,,,India,IND,1936 Summer,1936,Summer,Berlin,Hockey,Hockey Men's Hockey,Gold,Ahmed Sher Khan M India IND 1936 Summer Summer Berlin Hockey Hockey Men's Hockey Gold,ahmed sher khan india ind summer summer berlin hockey hockey mens hockey gold,2
59139,Ahsan Muhammad Khan,M,20.0,,,India,IND,1936 Summer,1936,Summer,Berlin,Hockey,Hockey Men's Hockey,Gold,Ahsan Muhammad Khan M India IND 1936 Summer Summer Berlin Hockey Hockey Men's Hockey Gold,ahsan muhammad khan india ind summer summer berlin hockey hockey mens hockey gold,2
59145,Aslam Sher Khan,M,22.0,163.0,76.0,India,IND,1976 Summer,1976,Summer,Montreal,Hockey,Hockey Men's Hockey,,Aslam Sher Khan M India IND 1976 Summer Summer Montreal Hockey Hockey Men's Hockey ,aslam sher khan india ind summer summer montreal hockey hockey mens hockey,2
59150,"Feroz-ud-Din ""Feroze"" Khan",M,23.0,,,India,IND,1928 Summer,1928,Summer,Amsterdam,Hockey,Hockey Men's Hockey,Gold,"Feroz-ud-Din ""Feroze"" Khan M India IND 1928 Summer Summer Amsterdam Hockey Hockey Men's Hockey Gold",ferozuddin feroze khan india ind summer summer amsterdam hockey hockey mens hockey gold,2
59153,Hussain Khan,M,35.0,172.0,69.0,India,IND,1980 Summer,1980,Summer,Moskva,Equestrianism,"Equestrianism Mixed Three-Day Event, Individual",,"Hussain Khan M India IND 1980 Summer Summer Moskva Equestrianism Equestrianism Mixed Three-Day Event, Individual ",hussain khan india ind summer summer moskva equestrianism equestrianism mixed threeday event individual,0
59153,Hussain Khan,M,35.0,172.0,69.0,India,IND,1980 Summer,1980,Summer,Moskva,Equestrianism,"Equestrianism Mixed Three-Day Event, Team",,"Hussain Khan M India IND 1980 Summer Summer Moskva Equestrianism Equestrianism Mixed Three-Day Event, Team ",hussain khan india ind summer summer moskva equestrianism equestrianism mixed threeday event team,0
59155,Kasam Khan,M,26.0,182.0,67.0,India,IND,2000 Summer,2000,Summer,Sydney,Rowing,Rowing Men's Coxless Pairs,,Kasam Khan M India IND 2000 Summer Summer Sydney Rowing Rowing Men's Coxless Pairs ,kasam khan india ind summer summer sydney rowing rowing mens coxless pairs,0
59158,Mairaj Ahmad Khan,M,40.0,181.0,82.0,India,IND,2016 Summer,2016,Summer,Rio de Janeiro,Shooting,Shooting Men's Skeet,,Mairaj Ahmad Khan M India IND 2016 Summer Summer Rio de Janeiro Shooting Shooting Men's Skeet ,mairaj ahmad khan india ind summer summer rio de janeiro shooting shooting mens skeet,0
59167,Muhammad Khan,M,36.0,169.0,63.0,India,IND,1980 Summer,1980,Summer,Moskva,Equestrianism,"Equestrianism Mixed Three-Day Event, Individual",,"Muhammad Khan M India IND 1980 Summer Summer Moskva Equestrianism Equestrianism Mixed Three-Day Event, Individual ",muhammad khan india ind summer summer moskva equestrianism equestrianism mixed threeday event individual,0
59167,Muhammad Khan,M,36.0,169.0,63.0,India,IND,1980 Summer,1980,Summer,Moskva,Equestrianism,"Equestrianism Mixed Three-Day Event, Team",,"Muhammad Khan M India IND 1980 Summer Summer Moskva Equestrianism Equestrianism Mixed Three-Day Event, Team ",muhammad khan india ind summer summer moskva equestrianism equestrianism mixed threeday event team,0
59174,Shamsher Khan,M,,,,India,IND,1956 Summer,1956,Summer,Melbourne,Swimming,Swimming Men's 200 metres Breaststroke,,Shamsher Khan M India IND 1956 Summer Summer Melbourne Swimming Swimming Men's 200 metres Breaststroke ,shamsher khan india ind summer summer melbourne swimming swimming mens metres breaststroke,0
59174,Shamsher Khan,M,,,,India,IND,1956 Summer,1956,Summer,Melbourne,Swimming,Swimming Men's 200 metres Butterfly,,Shamsher Khan M India IND 1956 Summer Summer Melbourne Swimming Swimming Men's 200 metres Butterfly ,shamsher khan india ind summer summer melbourne swimming swimming mens metres butterfly,0
59176,Mohammed Youssef Khan,M,23.0,172.0,56.0,India,IND,1960 Summer,1960,Summer,Roma,Football,Football Men's Football,,Mohammed Youssef Khan M India IND 1960 Summer Summer Roma Football Football Men's Football ,mohammed youssef khan india ind summer summer roma football football mens football,0
59181,Tushar Khandker,M,27.0,,,India,IND,2012 Summer,2012,Summer,London,Hockey,Hockey Men's Hockey,,Tushar Khandker M India IND 2012 Summer Summer London Hockey Hockey Men's Hockey ,tushar khandker india ind summer summer london hockey hockey mens hockey,2
59182,Devender Kumar Khandwal,M,22.0,180.0,70.0,India,IND,2008 Summer,2008,Summer,Beijing,Rowing,Rowing Men's Lightweight Double Sculls,,Devender Kumar Khandwal M India IND 2008 Summer Summer Beijing Rowing Rowing Men's Lightweight Double Sculls ,devender kumar khandwal india ind summer summer beijing rowing rowing mens lightweight double sculls,0
59229,Mukesh Khatri,M,21.0,165.0,55.0,India,IND,2004 Summer,2004,Summer,Athina,Wrestling,"Wrestling Men's Featherweight, Greco-Roman",,"Mukesh Khatri M India IND 2004 Summer Summer Athina Wrestling Wrestling Men's Featherweight, Greco-Roman ",mukesh khatri india ind summer summer athina wrestling wrestling mens featherweight grecoroman,0
59231,Ravinder Khatri,M,24.0,180.0,85.0,India,IND,2016 Summer,2016,Summer,Rio de Janeiro,Wrestling,"Wrestling Men's Light-Heavyweight, Greco-Roman",,"Ravinder Khatri M India IND 2016 Summer Summer Rio de Janeiro Wrestling Wrestling Men's Light-Heavyweight, Greco-Roman ",ravinder khatri india ind summer summer rio de janeiro wrestling wrestling mens lightheavyweight grecoroman,0
59564,Srikanth Kidambi,M,23.0,178.0,66.0,India,IND,2016 Summer,2016,Summer,Rio de Janeiro,Badminton,Badminton Men's Singles,,Srikanth Kidambi M India IND 2016 Summer Summer Rio de Janeiro Badminton Badminton Men's Singles ,srikanth kidambi india ind summer summer rio de janeiro badminton badminton mens singles,0
60461,Michael Kindo,M,25.0,170.0,62.0,India,IND,1972 Summer,1972,Summer,Munich,Hockey,Hockey Men's Hockey,Bronze,Michael Kindo M India IND 1972 Summer Summer Munich Hockey Hockey Men's Hockey Bronze,michael kindo india ind summer summer munich hockey hockey mens hockey bronze,2
60938,"J. Krishnaswamy ""Krishna"" Kittu",M,,,,India,IND,1956 Summer,1956,Summer,Melbourne,Football,Football Men's Football,,"J. Krishnaswamy ""Krishna"" Kittu M India IND 1956 Summer Summer Melbourne Football Football Men's Football ",j krishnaswamy krishna kittu india ind summer summer melbourne football football mens football,0
61993,Shah Kohli,F,20.0,,,India,IND,1996 Summer,1996,Summer,Atlanta,Judo,Judo Women's Heavyweight,,Shah Kohli F India IND 1996 Summer Summer Atlanta Judo Judo Women's Heavyweight ,shah kohli f india ind summer summer atlanta judo judo womens heavyweight,0
62303,Mangte Chungneijang Mary Kom,F,29.0,158.0,51.0,India,IND,2012 Summer,2012,Summer,London,Boxing,Boxing Women's Flyweight,Bronze,Mangte Chungneijang Mary Kom F India IND 2012 Summer Summer London Boxing Boxing Women's Flyweight Bronze,mangte chungneijang mary kom f india ind summer summer london boxing boxing womens flyweight bronze,0
64062,Ganapathi Krishnan,M,27.0,,,India,IND,2016 Summer,2016,Summer,Rio de Janeiro,Athletics,Athletics Men's 20 kilometres Walk,,Ganapathi Krishnan M India IND 2016 Summer Summer Rio de Janeiro Athletics Athletics Men's 20 kilometres Walk ,ganapathi krishnan india ind summer summer rio de janeiro athletics athletics mens kilometres walk,1
64063,Rajeev Bala Krishnan,M,29.0,,,India,IND,2000 Summer,2000,Summer,Sydney,Athletics,Athletics Men's 4 x 100 metres Relay,,Rajeev Bala Krishnan M India IND 2000 Summer Summer Sydney Athletics Athletics Men's 4 x 100 metres Relay ,rajeev bala krishnan india ind summer summer sydney athletics athletics mens x metres relay,1
64064,Ramesh Krishnan,M,31.0,170.0,63.0,India,IND,1992 Summer,1992,Summer,Barcelona,Tennis,Tennis Men's Singles,,Ramesh Krishnan M India IND 1992 Summer Summer Barcelona Tennis Tennis Men's Singles ,ramesh krishnan india ind summer summer barcelona tennis tennis mens singles,0
64064,Ramesh Krishnan,M,31.0,170.0,63.0,India,IND,1992 Summer,1992,Summer,Barcelona,Tennis,Tennis Men's Doubles,,Ramesh Krishnan M India IND 1992 Summer Summer Barcelona Tennis Tennis Men's Doubles ,ramesh krishnan india ind summer summer barcelona tennis tennis mens doubles,0
64848,"Krishna Shamrao ""K. S."" Kulkarni",M,30.0,,,India,IND,1948 Summer,1948,Summer,London,Art Competitions,"Art Competitions Mixed Painting, Paintings",,"Krishna Shamrao ""K. S."" Kulkarni M India IND 1948 Summer Summer London Art Competitions Art Competitions Mixed Painting, Paintings ",krishna shamrao k kulkarni india ind summer summer london art competitions art competitions mixed painting paintings,0
64880,Akhil Kumar,M,23.0,165.0,54.0,India,IND,2004 Summer,2004,Summer,Athina,Boxing,Boxing Men's Flyweight,,Akhil Kumar M India IND 2004 Summer Summer Athina Boxing Boxing Men's Flyweight ,akhil kumar india ind summer summer athina boxing boxing mens flyweight,0
64880,Akhil Kumar,M,27.0,165.0,54.0,India,IND,2008 Summer,2008,Summer,Beijing,Boxing,Boxing Men's Bantamweight,,Akhil Kumar M India IND 2008 Summer Summer Beijing Boxing Boxing Men's Bantamweight ,akhil kumar india ind summer summer beijing boxing boxing mens bantamweight,0
64881,Amir Chand Kumar,M,24.0,,,India,IND,1948 Summer,1948,Summer,London,Hockey,Hockey Men's Hockey,Gold,Amir Chand Kumar M India IND 1948 Summer Summer London Hockey Hockey Men's Hockey Gold,amir chand kumar india ind summer summer london hockey hockey mens hockey gold,2
64881,Amir Chand Kumar,M,33.0,,,India,IND,1956 Summer,1956,Summer,Melbourne,Hockey,Hockey Men's Hockey,Gold,Amir Chand Kumar M India IND 1956 Summer Summer Melbourne Hockey Hockey Men's Hockey Gold,amir chand kumar india ind summer summer melbourne hockey hockey mens hockey gold,2
64882,Amit Kumar Dahiya,M,18.0,161.0,56.5,India,IND,2012 Summer,2012,Summer,London,Wrestling,"Wrestling Men's Featherweight, Freestyle",,"Amit Kumar Dahiya M India IND 2012 Summer Summer London Wrestling Wrestling Men's Featherweight, Freestyle ",amit kumar dahiya india ind summer summer london wrestling wrestling mens featherweight freestyle,0
64883,Anil Kumar,M,20.0,,,India,IND,1992 Summer,1992,Summer,Barcelona,Wrestling,"Wrestling Men's Flyweight, Freestyle",,"Anil Kumar M India IND 1992 Summer Summer Barcelona Wrestling Wrestling Men's Flyweight, Freestyle ",anil kumar india ind summer summer barcelona wrestling wrestling mens flyweight freestyle,0
64884,Anuj Kumar,M,24.0,175.0,84.0,India,IND,2004 Summer,2004,Summer,Athina,Wrestling,"Wrestling Men's Light-Heavyweight, Freestyle",,"Anuj Kumar M India IND 2004 Summer Summer Athina Wrestling Wrestling Men's Light-Heavyweight, Freestyle ",anuj kumar india ind summer summer athina wrestling wrestling mens lightheavyweight freestyle,0
64885,Ashok Kumar,M,23.0,,,India,IND,1992 Summer,1992,Summer,Barcelona,Wrestling,"Wrestling Men's Bantamweight, Freestyle",,"Ashok Kumar M India IND 1992 Summer Summer Barcelona Wrestling Wrestling Men's Bantamweight, Freestyle ",ashok kumar india ind summer summer barcelona wrestling wrestling mens bantamweight freestyle,0
64886,Ashok Kumar,M,22.0,170.0,57.0,India,IND,1972 Summer,1972,Summer,Munich,Hockey,Hockey Men's Hockey,Bronze,Ashok Kumar M India IND 1972 Summer Summer Munich Hockey Hockey Men's Hockey Bronze,ashok kumar india ind summer summer munich hockey hockey mens hockey bronze,2
64886,Ashok Kumar,M,26.0,170.0,57.0,India,IND,1976 Summer,1976,Summer,Montreal,Hockey,Hockey Men's Hockey,,Ashok Kumar M India IND 1976 Summer Summer Montreal Hockey Hockey Men's Hockey ,ashok kumar india ind summer summer montreal hockey hockey mens hockey,2
64887,Ashok Kumar,M,22.0,167.0,65.0,India,IND,1988 Summer,1988,Summer,Seoul,Hockey,Hockey Men's Hockey,,Ashok Kumar M India IND 1988 Summer Summer Seoul Hockey Hockey Men's Hockey ,ashok kumar india ind summer summer seoul hockey hockey mens hockey,2
64889,Charanjit Kumar,M,24.0,174.0,73.0,India,IND,1980 Summer,1980,Summer,Moskva,Hockey,Hockey Men's Hockey,Gold,Charanjit Kumar M India IND 1980 Summer Summer Moskva Hockey Hockey Men's Hockey Gold,charanjit kumar india ind summer summer moskva hockey hockey mens hockey gold,2
64889,Charanjit Kumar,M,28.0,174.0,73.0,India,IND,1984 Summer,1984,Summer,Los Angeles,Hockey,Hockey Men's Hockey,,Charanjit Kumar M India IND 1984 Summer Summer Los Angeles Hockey Hockey Men's Hockey ,charanjit kumar india ind summer summer los angeles hockey hockey mens hockey,2
64890,Dinesh Kumar,M,19.0,183.0,81.0,India,IND,2008 Summer,2008,Summer,Beijing,Boxing,Boxing Men's Light-Heavyweight,,Dinesh Kumar M India IND 2008 Summer Summer Beijing Boxing Boxing Men's Light-Heavyweight ,dinesh kumar india ind summer summer beijing boxing boxing mens lightheavyweight,0
64891,Gundeep Kumar,M,23.0,167.0,66.0,India,IND,1988 Summer,1988,Summer,Seoul,Hockey,Hockey Men's Hockey,,Gundeep Kumar M India IND 1988 Summer Summer Seoul Hockey Hockey Men's Hockey ,gundeep kumar india ind summer summer seoul hockey hockey mens hockey,2
64892,Jitender Kumar,M,23.0,171.0,81.0,India,IND,2000 Summer,2000,Summer,Sydney,Boxing,Boxing Men's Middleweight,,Jitender Kumar M India IND 2000 Summer Summer Sydney Boxing Boxing Men's Middleweight ,jitender kumar india ind summer summer sydney boxing boxing mens middleweight,0
64892,Jitender Kumar,M,26.0,171.0,81.0,India,IND,2004 Summer,2004,Summer,Athina,Boxing,Boxing Men's Light-Heavyweight,,Jitender Kumar M India IND 2004 Summer Summer Athina Boxing Boxing Men's Light-Heavyweight ,jitender kumar india ind summer summer athina boxing boxing mens lightheavyweight,0
64893,Jitender Kumar,M,20.0,160.0,51.0,India,IND,2008 Summer,2008,Summer,Beijing,Boxing,Boxing Men's Flyweight,,Jitender Kumar M India IND 2008 Summer Summer Beijing Boxing Boxing Men's Flyweight ,jitender kumar india ind summer summer beijing boxing boxing mens flyweight,0
64894,Manoj Kumar Kaltagediya,M,25.0,172.0,64.0,India,IND,2012 Summer,2012,Summer,London,Boxing,Boxing Men's Light-Welterweight,,Manoj Kumar Kaltagediya M India IND 2012 Summer Summer London Boxing Boxing Men's Light-Welterweight ,manoj kumar kaltagediya india ind summer summer london boxing boxing mens lightwelterweight,0
64894,Manoj Kumar Kaltagediya,M,29.0,172.0,64.0,India,IND,2016 Summer,2016,Summer,Rio de Janeiro,Boxing,Boxing Men's Light-Welterweight,,Manoj Kumar Kaltagediya M India IND 2016 Summer Summer Rio de Janeiro Boxing Boxing Men's Light-Welterweight ,manoj kumar kaltagediya india ind summer summer rio de janeiro boxing boxing mens lightwelterweight,0
64895,Naresh Kumar,M,22.0,160.0,74.0,India,IND,1988 Summer,1988,Summer,Seoul,Wrestling,"Wrestling Men's Welterweight, Freestyle",,"Naresh Kumar M India IND 1988 Summer Summer Seoul Wrestling Wrestling Men's Welterweight, Freestyle ",naresh kumar india ind summer summer seoul wrestling wrestling mens welterweight freestyle,0
64896,Praveen Kumar Sobti,M,20.0,200.0,123.0,India,IND,1968 Summer,1968,Summer,Mexico City,Athletics,Athletics Men's Hammer Throw,,Praveen Kumar Sobti M India IND 1968 Summer Summer Mexico City Athletics Athletics Men's Hammer Throw ,praveen kumar sobti india ind summer summer mexico city athletics athletics mens hammer throw,1
64896,Praveen Kumar Sobti,M,24.0,200.0,123.0,India,IND,1972 Summer,1972,Summer,Munich,Athletics,Athletics Men's Discus Throw,,Praveen Kumar Sobti M India IND 1972 Summer Summer Munich Athletics Athletics Men's Discus Throw ,praveen kumar sobti india ind summer summer munich athletics athletics mens discus throw,1
64897,Rajesh Kumar,M,19.0,155.0,48.0,India,IND,1988 Summer,1988,Summer,Seoul,Wrestling,"Wrestling Men's Light-Flyweight, Freestyle",,"Rajesh Kumar M India IND 1988 Summer Summer Seoul Wrestling Wrestling Men's Light-Flyweight, Freestyle ",rajesh kumar india ind summer summer seoul wrestling wrestling mens lightflyweight freestyle,0
64898,Ramesh Kumar,M,22.0,167.0,66.0,India,IND,2004 Summer,2004,Summer,Athina,Wrestling,"Wrestling Men's Welterweight, Freestyle",,"Ramesh Kumar M India IND 2004 Summer Summer Athina Wrestling Wrestling Men's Welterweight, Freestyle ",ramesh kumar india ind summer summer athina wrestling wrestling mens welterweight freestyle,0
64900,Sandeep Kumar,M,30.0,,,India,IND,2016 Summer,2016,Summer,Rio de Janeiro,Athletics,Athletics Men's 50 kilometres Walk,,Sandeep Kumar M India IND 2016 Summer Summer Rio de Janeiro Athletics Athletics Men's 50 kilometres Walk ,sandeep kumar india ind summer summer rio de janeiro athletics athletics mens kilometres walk,1
64901,Sandeep Kumar,M,21.0,,64.0,India,IND,1996 Summer,1996,Summer,Atlanta,Weightlifting,Weightlifting Men's Featherweight,,Sandeep Kumar M India IND 1996 Summer Summer Atlanta Weightlifting Weightlifting Men's Featherweight ,sandeep kumar india ind summer summer atlanta weightlifting weightlifting mens featherweight,0
64902,Sandeep Kumar,M,23.0,183.0,72.0,India,IND,2012 Summer,2012,Summer,London,Rowing,Rowing Men's Lightweight Double Sculls,,Sandeep Kumar M India IND 2012 Summer Summer London Rowing Rowing Men's Lightweight Double Sculls ,sandeep kumar india ind summer summer london rowing rowing mens lightweight double sculls,0
64903,Sanjeev Kumar Dang,M,26.0,,,India,IND,1996 Summer,1996,Summer,Atlanta,Hockey,Hockey Men's Hockey,,Sanjeev Kumar Dang M India IND 1996 Summer Summer Atlanta Hockey Hockey Men's Hockey ,sanjeev kumar dang india ind summer summer atlanta hockey hockey mens hockey,2
64904,Sant Kumar,M,20.0,173.0,62.0,India,IND,1980 Summer,1980,Summer,Moskva,Athletics,"Athletics Men's 1,500 metres",,"Sant Kumar M India IND 1980 Summer Summer Moskva Athletics Athletics Men's 1,500 metres ",sant kumar india ind summer summer moskva athletics athletics mens metres,1
64905,Shailaja N. Kumar,F,21.0,,,India,IND,1988 Winter,1988,Winter,Calgary,Alpine Skiing,Alpine Skiing Women's Slalom,,Shailaja N. Kumar F India IND 1988 Winter Winter Calgary Alpine Skiing Alpine Skiing Women's Slalom ,shailaja n kumar f india ind winter winter calgary alpine skiing alpine skiing womens slalom,0
64906,Sudesh Kumar,M,18.0,160.0,52.0,India,IND,1968 Summer,1968,Summer,Mexico City,Wrestling,"Wrestling Men's Flyweight, Greco-Roman",,"Sudesh Kumar M India IND 1968 Summer Summer Mexico City Wrestling Wrestling Men's Flyweight, Greco-Roman ",sudesh kumar india ind summer summer mexico city wrestling wrestling mens flyweight grecoroman,0
64906,Sudesh Kumar,M,18.0,160.0,52.0,India,IND,1968 Summer,1968,Summer,Mexico City,Wrestling,"Wrestling Men's Flyweight, Freestyle",,"Sudesh Kumar M India IND 1968 Summer Summer Mexico City Wrestling Wrestling Men's Flyweight, Freestyle ",sudesh kumar india ind summer summer mexico city wrestling wrestling mens flyweight freestyle,0
64906,Sudesh Kumar,M,22.0,160.0,52.0,India,IND,1972 Summer,1972,Summer,Munich,Wrestling,"Wrestling Men's Flyweight, Freestyle",,"Sudesh Kumar M India IND 1972 Summer Summer Munich Wrestling Wrestling Men's Flyweight, Freestyle ",sudesh kumar india ind summer summer munich wrestling wrestling mens flyweight freestyle,0
64907,Sujit Kumar,M,25.0,178.0,69.0,India,IND,1988 Summer,1988,Summer,Seoul,Hockey,Hockey Men's Hockey,,Sujit Kumar M India IND 1988 Summer Summer Seoul Hockey Hockey Men's Hockey ,sujit kumar india ind summer summer seoul hockey hockey mens hockey,2
64908,Surender Kumar,M,22.0,179.0,77.0,India,IND,2016 Summer,2016,Summer,Rio de Janeiro,Hockey,Hockey Men's Hockey,,Surender Kumar M India IND 2016 Summer Summer Rio de Janeiro Hockey Hockey Men's Hockey ,surender kumar india ind summer summer rio de janeiro hockey hockey mens hockey,2
64909,Sushil Kumar Solanki,M,21.0,166.0,66.0,India,IND,2004 Summer,2004,Summer,Athina,Wrestling,"Wrestling Men's Lightweight, Freestyle",,"Sushil Kumar Solanki M India IND 2004 Summer Summer Athina Wrestling Wrestling Men's Lightweight, Freestyle ",sushil kumar solanki india ind summer summer athina wrestling wrestling mens lightweight freestyle,0
64909,Sushil Kumar Solanki,M,25.0,166.0,66.0,India,IND,2008 Summer,2008,Summer,Beijing,Wrestling,"Wrestling Men's Welterweight, Freestyle",Bronze,"Sushil Kumar Solanki M India IND 2008 Summer Summer Beijing Wrestling Wrestling Men's Welterweight, Freestyle Bronze",sushil kumar solanki india ind summer summer beijing wrestling wrestling mens welterweight freestyle bronze,0
64909,Sushil Kumar Solanki,M,29.0,166.0,66.0,India,IND,2012 Summer,2012,Summer,London,Wrestling,"Wrestling Men's Welterweight, Freestyle",Silver,"Sushil Kumar Solanki M India IND 2012 Summer Summer London Wrestling Wrestling Men's Welterweight, Freestyle Silver",sushil kumar solanki india ind summer summer london wrestling wrestling mens welterweight freestyle silver,0
64910,Vijay Kumar,M,26.0,170.0,70.0,India,IND,2012 Summer,2012,Summer,London,Shooting,"Shooting Men's Air Pistol, 10 metres",,"Vijay Kumar M India IND 2012 Summer Summer London Shooting Shooting Men's Air Pistol, 10 metres ",vijay kumar india ind summer summer london shooting shooting mens air pistol metres,0
64910,Vijay Kumar,M,26.0,170.0,70.0,India,IND,2012 Summer,2012,Summer,London,Shooting,"Shooting Men's Rapid-Fire Pistol, 25 metres",Silver,"Vijay Kumar M India IND 2012 Summer Summer London Shooting Shooting Men's Rapid-Fire Pistol, 25 metres Silver",vijay kumar india ind summer summer london shooting shooting mens rapidfire pistol metres silver,0
64911,Vimal Kumar,M,29.0,184.0,78.0,India,IND,1992 Summer,1992,Summer,Barcelona,Badminton,Badminton Men's Singles,,Vimal Kumar M India IND 1992 Summer Summer Barcelona Badminton Badminton Men's Singles ,vimal kumar india ind summer summer barcelona badminton badminton mens singles,0
64911,Vimal Kumar,M,29.0,184.0,78.0,India,IND,1992 Summer,1992,Summer,Barcelona,Badminton,Badminton Men's Doubles,,Vimal Kumar M India IND 1992 Summer Summer Barcelona Badminton Badminton Men's Doubles ,vimal kumar india ind summer summer barcelona badminton badminton mens doubles,0
64912,Vinod Kumar,M,23.0,152.0,57.0,India,IND,1988 Summer,1988,Summer,Seoul,Wrestling,"Wrestling Men's Bantamweight, Freestyle",,"Vinod Kumar M India IND 1988 Summer Summer Seoul Wrestling Wrestling Men's Bantamweight, Freestyle ",vinod kumar india ind summer summer seoul wrestling wrestling mens bantamweight freestyle,0
64913,Rajinder Kumar Dhanger,M,30.0,,,India,IND,1992 Summer,1992,Summer,Barcelona,Judo,Judo Men's Middleweight,,Rajinder Kumar Dhanger M India IND 1992 Summer Summer Barcelona Judo Judo Men's Middleweight ,rajinder kumar dhanger india ind summer summer barcelona judo judo mens middleweight,0
64914,Anil Kumar Prakash,M,27.0,174.0,75.0,India,IND,2000 Summer,2000,Summer,Sydney,Athletics,Athletics Men's 4 x 100 metres Relay,,Anil Kumar Prakash M India IND 2000 Summer Summer Sydney Athletics Athletics Men's 4 x 100 metres Relay ,anil kumar prakash india ind summer summer sydney athletics athletics mens x metres relay,1
64915,Anil Kumar Sangwan,M,29.0,182.0,85.0,India,IND,2004 Summer,2004,Summer,Athina,Athletics,Athletics Men's Discus Throw,,Anil Kumar Sangwan M India IND 2004 Summer Summer Athina Athletics Athletics Men's Discus Throw ,anil kumar sangwan india ind summer summer athina athletics athletics mens discus throw,1
64916,Rajinder Kumar Vij,M,45.0,170.0,77.0,India,IND,1984 Summer,1984,Summer,Los Angeles,Shooting,"Shooting Men's Rapid-Fire Pistol, 25 metres",,"Rajinder Kumar Vij M India IND 1984 Summer Summer Los Angeles Shooting Shooting Men's Rapid-Fire Pistol, 25 metres ",rajinder kumar vij india ind summer summer los angeles shooting shooting mens rapidfire pistol metres,0
64918,Deepika Kumari,F,18.0,163.0,61.0,India,IND,2012 Summer,2012,Summer,London,Archery,Archery Women's Individual,,Deepika Kumari F India IND 2012 Summer Summer London Archery Archery Women's Individual ,deepika kumari f india ind summer summer london archery archery womens individual,0
64918,Deepika Kumari,F,18.0,163.0,61.0,India,IND,2012 Summer,2012,Summer,London,Archery,Archery Women's Team,,Deepika Kumari F India IND 2012 Summer Summer London Archery Archery Women's Team ,deepika kumari f india ind summer summer london archery archery womens team,0
64918,Deepika Kumari,F,22.0,163.0,61.0,India,IND,2016 Summer,2016,Summer,Rio de Janeiro,Archery,Archery Women's Individual,,Deepika Kumari F India IND 2016 Summer Summer Rio de Janeiro Archery Archery Women's Individual ,deepika kumari f india ind summer summer rio de janeiro archery archery womens individual,0
64918,Deepika Kumari,F,22.0,163.0,61.0,India,IND,2016 Summer,2016,Summer,Rio de Janeiro,Archery,Archery Women's Team,,Deepika Kumari F India IND 2016 Summer Summer Rio de Janeiro Archery Archery Women's Team ,deepika kumari f india ind summer summer rio de janeiro archery archery womens team,0
64919,Reena Kumari,F,20.0,165.0,69.0,India,IND,2004 Summer,2004,Summer,Athina,Archery,Archery Women's Individual,,Reena Kumari F India IND 2004 Summer Summer Athina Archery Archery Women's Individual ,reena kumari f india ind summer summer athina archery archery womens individual,0
64919,Reena Kumari,F,20.0,165.0,69.0,India,IND,2004 Summer,2004,Summer,Athina,Archery,Archery Women's Team,,Reena Kumari F India IND 2004 Summer Summer Athina Archery Archery Women's Team ,reena kumari f india ind summer summer athina archery archery womens team,0
64920,Sahana Kumari,F,30.0,176.0,59.0,India,IND,2012 Summer,2012,Summer,London,Athletics,Athletics Women's High Jump,,Sahana Kumari F India IND 2012 Summer Summer London Athletics Athletics Women's High Jump ,sahana kumari f india ind summer summer london athletics athletics womens high jump,1
64988,Namecrakpam Kunjarani Devi,F,36.0,148.0,48.0,India,IND,2004 Summer,2004,Summer,Athina,Weightlifting,Weightlifting Women's Flyweight,,Namecrakpam Kunjarani Devi F India IND 2004 Summer Summer Athina Weightlifting Weightlifting Women's Flyweight ,namecrakpam kunjarani devi f india ind summer summer athina weightlifting weightlifting womens flyweight,0
64992,Rosa Kutty Kunnath Chacko,F,32.0,161.0,47.0,India,IND,1996 Summer,1996,Summer,Atlanta,Athletics,Athletics Women's 4 x 400 metres Relay,,Rosa Kutty Kunnath Chacko F India IND 1996 Summer Summer Atlanta Athletics Athletics Women's 4 x 400 metres Relay ,rosa kutty kunnath chacko f india ind summer summer atlanta athletics athletics womens x metres relay,1
64992,Rosa Kutty Kunnath Chacko,F,36.0,161.0,47.0,India,IND,2000 Summer,2000,Summer,Sydney,Athletics,Athletics Women's 4 x 400 metres Relay,,Rosa Kutty Kunnath Chacko F India IND 2000 Summer Summer Sydney Athletics Athletics Women's 4 x 400 metres Relay ,rosa kutty kunnath chacko f india ind summer summer sydney athletics athletics womens x metres relay,1
65299,"Alapurackal ""Mercy"" Kuttan-Mathews",F,27.0,164.0,51.0,India,IND,1988 Summer,1988,Summer,Seoul,Athletics,Athletics Women's 400 metres,,"Alapurackal ""Mercy"" Kuttan-Mathews F India IND 1988 Summer Summer Seoul Athletics Athletics Women's 400 metres ",alapurackal mercy kuttanmathews f india ind summer summer seoul athletics athletics womens metres,1
65299,"Alapurackal ""Mercy"" Kuttan-Mathews",F,27.0,164.0,51.0,India,IND,1988 Summer,1988,Summer,Seoul,Athletics,Athletics Women's 4 x 400 metres Relay,,"Alapurackal ""Mercy"" Kuttan-Mathews F India IND 1988 Summer Summer Seoul Athletics Athletics Women's 4 x 400 metres Relay ",alapurackal mercy kuttanmathews f india ind summer summer seoul athletics athletics womens x metres relay,1
65924,Anirban Lahiri,M,29.0,175.0,,India,IND,2016 Summer,2016,Summer,Rio de Janeiro,Golf,Golf Men's Individual,,Anirban Lahiri M India IND 2016 Summer Summer Rio de Janeiro Golf Golf Men's Individual ,anirban lahiri india ind summer summer rio de janeiro golf golf mens individual,0
66051,Ajit Lakra,M,26.0,,,India,IND,1992 Summer,1992,Summer,Barcelona,Hockey,Hockey Men's Hockey,,Ajit Lakra M India IND 1992 Summer Summer Barcelona Hockey Hockey Men's Hockey ,ajit lakra india ind summer summer barcelona hockey hockey mens hockey,2
66052,Anthresh Lalit Lakra,M,24.0,170.0,57.0,India,IND,2008 Summer,2008,Summer,Beijing,Boxing,Boxing Men's Featherweight,,Anthresh Lalit Lakra M India IND 2008 Summer Summer Beijing Boxing Boxing Men's Featherweight ,anthresh lalit lakra india ind summer summer beijing boxing boxing mens featherweight,0
66053,Birendra Lakra,M,22.0,,,India,IND,2012 Summer,2012,Summer,London,Hockey,Hockey Men's Hockey,,Birendra Lakra M India IND 2012 Summer Summer London Hockey Hockey Men's Hockey ,birendra lakra india ind summer summer london hockey hockey mens hockey,2
66054,Sunita Lakra,F,25.0,158.0,57.0,India,IND,2016 Summer,2016,Summer,Rio de Janeiro,Hockey,Hockey Women's Hockey,,Sunita Lakra F India IND 2016 Summer Summer Rio de Janeiro Hockey Hockey Women's Hockey ,sunita lakra f india ind summer summer rio de janeiro hockey hockey womens hockey,2
66055,Cheruvari Kottieth Lakshmanan,M,26.0,,,India,IND,1924 Summer,1924,Summer,Paris,Athletics,Athletics Men's 110 metres Hurdles,,Cheruvari Kottieth Lakshmanan M India IND 1924 Summer Summer Paris Athletics Athletics Men's 110 metres Hurdles ,cheruvari kottieth lakshmanan india ind summer summer paris athletics athletics mens metres hurdles,1
66058,Harbans Lal,M,26.0,171.0,63.0,India,IND,1964 Summer,1964,Summer,Tokyo,Athletics,Athletics Men's Marathon,,Harbans Lal M India IND 1964 Summer Summer Tokyo Athletics Athletics Men's Marathon ,harbans lal india ind summer summer tokyo athletics athletics mens marathon,1
66059,Hira Lal,M,25.0,177.0,60.0,India,IND,2006 Winter,2006,Winter,Torino,Alpine Skiing,Alpine Skiing Men's Giant Slalom,,Hira Lal M India IND 2006 Winter Winter Torino Alpine Skiing Alpine Skiing Men's Giant Slalom ,hira lal india ind winter winter torino alpine skiing alpine skiing mens giant slalom,0
66060,Kishan Lal,M,31.0,,,India,IND,1948 Summer,1948,Summer,London,Hockey,Hockey Men's Hockey,Gold,Kishan Lal M India IND 1948 Summer Summer London Hockey Hockey Men's Hockey Gold,kishan lal india ind summer summer london hockey hockey mens hockey gold,2
66061,Mohinder Lal,M,24.0,165.0,58.0,India,IND,1960 Summer,1960,Summer,Roma,Hockey,Hockey Men's Hockey,Silver,Mohinder Lal M India IND 1960 Summer Summer Roma Hockey Hockey Men's Hockey Silver,mohinder lal india ind summer summer roma hockey hockey mens hockey silver,2
66061,Mohinder Lal,M,28.0,165.0,58.0,India,IND,1964 Summer,1964,Summer,Tokyo,Hockey,Hockey Men's Hockey,Gold,Mohinder Lal M India IND 1964 Summer Summer Tokyo Hockey Hockey Men's Hockey Gold,mohinder lal india ind summer summer tokyo hockey hockey mens hockey gold,2
66062,Mohinder Lal,M,37.0,180.0,83.0,India,IND,1984 Summer,1984,Summer,Los Angeles,Shooting,"Shooting Men's Rapid-Fire Pistol, 25 metres",,"Mohinder Lal M India IND 1984 Summer Summer Los Angeles Shooting Shooting Men's Rapid-Fire Pistol, 25 metres ",mohinder lal india ind summer summer los angeles shooting shooting mens rapidfire pistol metres,0
66063,Raghbir Lal Sharma,M,22.0,,,India,IND,1952 Summer,1952,Summer,Helsinki,Hockey,Hockey Men's Hockey,Gold,Raghbir Lal Sharma M India IND 1952 Summer Summer Helsinki Hockey Hockey Men's Hockey Gold,raghbir lal sharma india ind summer summer helsinki hockey hockey mens hockey gold,2
66063,Raghbir Lal Sharma,M,27.0,,,India,IND,1956 Summer,1956,Summer,Melbourne,Hockey,Hockey Men's Hockey,Gold,Raghbir Lal Sharma M India IND 1956 Summer Summer Melbourne Hockey Hockey Men's Hockey Gold,raghbir lal sharma india ind summer summer melbourne hockey hockey mens hockey gold,2
66064,Sham Lal,M,,,,India,IND,1956 Summer,1956,Summer,Melbourne,Gymnastics,Gymnastics Men's Individual All-Around,,Sham Lal M India IND 1956 Summer Summer Melbourne Gymnastics Gymnastics Men's Individual All-Around ,sham lal india ind summer summer melbourne gymnastics gymnastics mens individual allaround,0
66064,Sham Lal,M,,,,India,IND,1956 Summer,1956,Summer,Melbourne,Gymnastics,Gymnastics Men's Floor Exercise,,Sham Lal M India IND 1956 Summer Summer Melbourne Gymnastics Gymnastics Men's Floor Exercise ,sham lal india ind summer summer melbourne gymnastics gymnastics mens floor exercise,0
66064,Sham Lal,M,,,,India,IND,1956 Summer,1956,Summer,Melbourne,Gymnastics,Gymnastics Men's Horse Vault,,Sham Lal M India IND 1956 Summer Summer Melbourne Gymnastics Gymnastics Men's Horse Vault ,sham lal india ind summer summer melbourne gymnastics gymnastics mens horse vault,0
66064,Sham Lal,M,,,,India,IND,1956 Summer,1956,Summer,Melbourne,Gymnastics,Gymnastics Men's Parallel Bars,,Sham Lal M India IND 1956 Summer Summer Melbourne Gymnastics Gymnastics Men's Parallel Bars ,sham lal india ind summer summer melbourne gymnastics gymnastics mens parallel bars,0
66064,Sham Lal,M,,,,India,IND,1956 Summer,1956,Summer,Melbourne,Gymnastics,Gymnastics Men's Horizontal Bar,,Sham Lal M India IND 1956 Summer Summer Melbourne Gymnastics Gymnastics Men's Horizontal Bar ,sham lal india ind summer summer melbourne gymnastics gymnastics mens horizontal bar,0
66064,Sham Lal,M,,,,India,IND,1956 Summer,1956,Summer,Melbourne,Gymnastics,Gymnastics Men's Rings,,Sham Lal M India IND 1956 Summer Summer Melbourne Gymnastics Gymnastics Men's Rings ,sham lal india ind summer summer melbourne gymnastics gymnastics mens rings,0
66064,Sham Lal,M,,,,India,IND,1956 Summer,1956,Summer,Melbourne,Gymnastics,Gymnastics Men's Pommelled Horse,,Sham Lal M India IND 1956 Summer Summer Melbourne Gymnastics Gymnastics Men's Pommelled Horse ,sham lal india ind summer summer melbourne gymnastics gymnastics mens pommelled horse,0
66080,Babu Lall,M,,,,India,IND,1948 Summer,1948,Summer,London,Boxing,Boxing Men's Bantamweight,,Babu Lall M India IND 1948 Summer Summer London Boxing Boxing Men's Bantamweight ,babu lall india ind summer summer london boxing boxing mens bantamweight,0
66093,Changte Lalremsaga,M,18.0,,,India,IND,1992 Summer,1992,Summer,Barcelona,Archery,Archery Men's Individual,,Changte Lalremsaga M India IND 1992 Summer Summer Barcelona Archery Archery Men's Individual ,changte lalremsaga india ind summer summer barcelona archery archery mens individual,0
66093,Changte Lalremsaga,M,18.0,,,India,IND,1992 Summer,1992,Summer,Barcelona,Archery,Archery Men's Team,,Changte Lalremsaga M India IND 1992 Summer Summer Barcelona Archery Archery Men's Team ,changte lalremsaga india ind summer summer barcelona archery archery mens team,0
66093,Changte Lalremsaga,M,22.0,,,India,IND,1996 Summer,1996,Summer,Atlanta,Archery,Archery Men's Individual,,Changte Lalremsaga M India IND 1996 Summer Summer Atlanta Archery Archery Men's Individual ,changte lalremsaga india ind summer summer atlanta archery archery mens individual,0
66093,Changte Lalremsaga,M,22.0,,,India,IND,1996 Summer,1996,Summer,Atlanta,Archery,Archery Men's Team,,Changte Lalremsaga M India IND 1996 Summer Summer Atlanta Archery Archery Men's Team ,changte lalremsaga india ind summer summer atlanta archery archery mens team,0
66129,Indrajit Singh Lamba,M,46.0,176.0,70.0,India,IND,1996 Summer,1996,Summer,Atlanta,Equestrianism,"Equestrianism Mixed Three-Day Event, Individual",,"Indrajit Singh Lamba M India IND 1996 Summer Summer Atlanta Equestrianism Equestrianism Mixed Three-Day Event, Individual ",indrajit singh lamba india ind summer summer atlanta equestrianism equestrianism mixed threeday event individual,0
67010,Sheikh Abdul L. Latif,M,23.0,180.0,68.0,India,IND,1952 Summer,1952,Summer,Helsinki,Football,Football Men's Football,,Sheikh Abdul L. Latif M India IND 1952 Summer Summer Helsinki Football Football Men's Football ,sheikh abdul l latif india ind summer summer helsinki football football mens football,0
67010,Sheikh Abdul L. Latif,M,28.0,180.0,68.0,India,IND,1956 Summer,1956,Summer,Melbourne,Football,Football Men's Football,,Sheikh Abdul L. Latif M India IND 1956 Summer Summer Melbourne Football Football Men's Football ,sheikh abdul l latif india ind summer summer melbourne football football mens football,0
67010,Sheikh Abdul L. Latif,M,32.0,180.0,68.0,India,IND,1960 Summer,1960,Summer,Roma,Football,Football Men's Football,,Sheikh Abdul L. Latif M India IND 1960 Summer Summer Roma Football Football Men's Football ,sheikh abdul l latif india ind summer summer roma football football mens football,0
67372,Shankar Pillay Laxman,M,23.0,167.0,64.0,India,IND,1956 Summer,1956,Summer,Melbourne,Hockey,Hockey Men's Hockey,Gold,Shankar Pillay Laxman M India IND 1956 Summer Summer Melbourne Hockey Hockey Men's Hockey Gold,shankar pillay laxman india ind summer summer melbourne hockey hockey mens hockey gold,2
67372,Shankar Pillay Laxman,M,27.0,167.0,64.0,India,IND,1960 Summer,1960,Summer,Roma,Hockey,Hockey Men's Hockey,Silver,Shankar Pillay Laxman M India IND 1960 Summer Summer Roma Hockey Hockey Men's Hockey Silver,shankar pillay laxman india ind summer summer roma hockey hockey mens hockey silver,2
67372,Shankar Pillay Laxman,M,31.0,167.0,64.0,India,IND,1964 Summer,1964,Summer,Tokyo,Hockey,Hockey Men's Hockey,Gold,Shankar Pillay Laxman M India IND 1964 Summer Summer Tokyo Hockey Hockey Men's Hockey Gold,shankar pillay laxman india ind summer summer tokyo hockey hockey mens hockey gold,2
72165,Tintu Luka,F,23.0,163.0,50.0,India,IND,2012 Summer,2012,Summer,London,Athletics,Athletics Women's 800 metres,,Tintu Luka F India IND 2012 Summer Summer London Athletics Athletics Women's 800 metres ,tintu luka f india ind summer summer london athletics athletics womens metres,1
72165,Tintu Luka,F,27.0,163.0,50.0,India,IND,2016 Summer,2016,Summer,Rio de Janeiro,Athletics,Athletics Women's 800 metres,,Tintu Luka F India IND 2016 Summer Summer Rio de Janeiro Athletics Athletics Women's 800 metres ,tintu luka f india ind summer summer rio de janeiro athletics athletics womens metres,1
72165,Tintu Luka,F,27.0,163.0,50.0,India,IND,2016 Summer,2016,Summer,Rio de Janeiro,Athletics,Athletics Women's 4 x 400 metres Relay,,Tintu Luka F India IND 2016 Summer Summer Rio de Janeiro Athletics Athletics Women's 4 x 400 metres Relay ,tintu luka f india ind summer summer rio de janeiro athletics athletics womens x metres relay,1
72364,Tashi Lundup,M,25.0,175.0,74.0,India,IND,2010 Winter,2010,Winter,Vancouver,Cross Country Skiing,Cross Country Skiing Men's 15 kilometres,,Tashi Lundup M India IND 2010 Winter Winter Vancouver Cross Country Skiing Cross Country Skiing Men's 15 kilometres ,tashi lundup india ind winter winter vancouver cross country skiing cross country skiing mens kilometres,0
72769,Sujeet Maan,M,25.0,167.0,74.0,India,IND,2004 Summer,2004,Summer,Athina,Wrestling,"Wrestling Men's Middleweight, Freestyle",,"Sujeet Maan M India IND 2004 Summer Summer Athina Wrestling Wrestling Men's Middleweight, Freestyle ",sujeet maan india ind summer summer athina wrestling wrestling mens middleweight freestyle,0
72960,Chand C. Machiah,M,,,,India,IND,1976 Summer,1976,Summer,Montreal,Boxing,Boxing Men's Light-Welterweight,,Chand C. Machiah M India IND 1976 Summer Summer Montreal Boxing Boxing Men's Light-Welterweight ,chand c machiah india ind summer summer montreal boxing boxing mens lightwelterweight,0
73233,Nazleen Madraswalla (-Shah),F,17.0,168.0,,India,IND,1980 Summer,1980,Summer,Moskva,Hockey,Hockey Women's Hockey,,Nazleen Madraswalla (-Shah) F India IND 1980 Summer Summer Moskva Hockey Hockey Women's Hockey ,nazleen madraswalla shah f india ind summer summer moskva hockey hockey womens hockey,2
73537,Renjith Maheshwary,M,22.0,184.0,79.0,India,IND,2008 Summer,2008,Summer,Beijing,Athletics,Athletics Men's Triple Jump,,Renjith Maheshwary M India IND 2008 Summer Summer Beijing Athletics Athletics Men's Triple Jump ,renjith maheshwary india ind summer summer beijing athletics athletics mens triple jump,1
73537,Renjith Maheshwary,M,26.0,184.0,79.0,India,IND,2012 Summer,2012,Summer,London,Athletics,Athletics Men's Triple Jump,,Renjith Maheshwary M India IND 2012 Summer Summer London Athletics Athletics Men's Triple Jump ,renjith maheshwary india ind summer summer london athletics athletics mens triple jump,1
73537,Renjith Maheshwary,M,30.0,184.0,79.0,India,IND,2016 Summer,2016,Summer,Rio de Janeiro,Athletics,Athletics Men's Triple Jump,,Renjith Maheshwary M India IND 2016 Summer Summer Rio de Janeiro Athletics Athletics Men's Triple Jump ,renjith maheshwary india ind summer summer rio de janeiro athletics athletics mens triple jump,1
73759,Laxmirani Majhi,F,27.0,161.0,56.0,India,IND,2016 Summer,2016,Summer,Rio de Janeiro,Archery,Archery Women's Individual,,Laxmirani Majhi F India IND 2016 Summer Summer Rio de Janeiro Archery Archery Women's Individual ,laxmirani majhi f india ind summer summer rio de janeiro archery archery womens individual,0
73759,Laxmirani Majhi,F,27.0,161.0,56.0,India,IND,2016 Summer,2016,Summer,Rio de Janeiro,Archery,Archery Women's Team,,Laxmirani Majhi F India IND 2016 Summer Summer Rio de Janeiro Archery Archery Women's Team ,laxmirani majhi f india ind summer summer rio de janeiro archery archery womens team,0
74052,Manisha Malhotra,F,23.0,,,India,IND,2000 Summer,2000,Summer,Sydney,Tennis,Tennis Women's Doubles,,Manisha Malhotra F India IND 2000 Summer Summer Sydney Tennis Tennis Women's Doubles ,manisha malhotra f india ind summer summer sydney tennis tennis womens doubles,0
74065,Monika Malik,F,22.0,162.0,51.0,India,IND,2016 Summer,2016,Summer,Rio de Janeiro,Hockey,Hockey Women's Hockey,,Monika Malik F India IND 2016 Summer Summer Rio de Janeiro Hockey Hockey Women's Hockey ,monika malik f india ind summer summer rio de janeiro hockey hockey womens hockey,2
74068,Nalin Chandra Malik,M,,170.0,,India,IND,1932 Summer,1932,Summer,Los Angeles,Swimming,Swimming Men's 400 metres Freestyle,,Nalin Chandra Malik M India IND 1932 Summer Summer Los Angeles Swimming Swimming Men's 400 metres Freestyle ,nalin chandra malik india ind summer summer los angeles swimming swimming mens metres freestyle,0
74068,Nalin Chandra Malik,M,,170.0,,India,IND,1932 Summer,1932,Summer,Los Angeles,Swimming,"Swimming Men's 1,500 metres Freestyle",,"Nalin Chandra Malik M India IND 1932 Summer Summer Los Angeles Swimming Swimming Men's 1,500 metres Freestyle ",nalin chandra malik india ind summer summer los angeles swimming swimming mens metres freestyle,0
74069,Sakshi Malik,F,23.0,162.0,58.0,India,IND,2016 Summer,2016,Summer,Rio de Janeiro,Wrestling,"Wrestling Women's Lightweight, Freestyle",Bronze,"Sakshi Malik F India IND 2016 Summer Summer Rio de Janeiro Wrestling Wrestling Women's Lightweight, Freestyle Bronze",sakshi malik f india ind summer summer rio de janeiro wrestling wrestling womens lightweight freestyle bronze,0
74111,Manikyalu Malla Venkata,M,26.0,152.0,52.0,India,IND,1984 Summer,1984,Summer,Los Angeles,Weightlifting,Weightlifting Men's Flyweight,,Manikyalu Malla Venkata M India IND 1984 Summer Summer Los Angeles Weightlifting Weightlifting Men's Flyweight ,manikyalu malla venkata india ind summer summer los angeles weightlifting weightlifting mens flyweight,0
74119,Karnam Malleswari,F,25.0,163.0,60.0,India,IND,2000 Summer,2000,Summer,Sydney,Weightlifting,Weightlifting Women's Light-Heavyweight,Bronze,Karnam Malleswari F India IND 2000 Summer Summer Sydney Weightlifting Weightlifting Women's Light-Heavyweight Bronze,karnam malleswari f india ind summer summer sydney weightlifting weightlifting womens lightheavyweight bronze,0
74119,Karnam Malleswari,F,29.0,163.0,60.0,India,IND,2004 Summer,2004,Summer,Athina,Weightlifting,Weightlifting Women's Middleweight,,Karnam Malleswari F India IND 2004 Summer Summer Athina Weightlifting Weightlifting Women's Middleweight ,karnam malleswari f india ind summer summer athina weightlifting weightlifting womens middleweight,0
74377,Maruti Mane,M,26.0,175.0,97.0,India,IND,1964 Summer,1964,Summer,Tokyo,Wrestling,"Wrestling Men's Light-Heavyweight, Greco-Roman",,"Maruti Mane M India IND 1964 Summer Summer Tokyo Wrestling Wrestling Men's Light-Heavyweight, Greco-Roman ",maruti mane india ind summer summer tokyo wrestling wrestling mens lightheavyweight grecoroman,0
74377,Maruti Mane,M,26.0,175.0,97.0,India,IND,1964 Summer,1964,Summer,Tokyo,Wrestling,"Wrestling Men's Light-Heavyweight, Freestyle",,"Maruti Mane M India IND 1964 Summer Summer Tokyo Wrestling Wrestling Men's Light-Heavyweight, Freestyle ",maruti mane india ind summer summer tokyo wrestling wrestling mens lightheavyweight freestyle,0
74392,Somaya Muttana Maneypandey,M,21.0,179.0,69.0,India,IND,1980 Summer,1980,Summer,Moskva,Hockey,Hockey Men's Hockey,Gold,Somaya Muttana Maneypandey M India IND 1980 Summer Summer Moskva Hockey Hockey Men's Hockey Gold,somaya muttana maneypandey india ind summer summer moskva hockey hockey mens hockey gold,2
74392,Somaya Muttana Maneypandey,M,25.0,179.0,69.0,India,IND,1984 Summer,1984,Summer,Los Angeles,Hockey,Hockey Men's Hockey,,Somaya Muttana Maneypandey M India IND 1984 Summer Summer Los Angeles Hockey Hockey Men's Hockey ,somaya muttana maneypandey india ind summer summer los angeles hockey hockey mens hockey,2
74392,Somaya Muttana Maneypandey,M,29.0,179.0,69.0,India,IND,1988 Summer,1988,Summer,Seoul,Hockey,Hockey Men's Hockey,,Somaya Muttana Maneypandey M India IND 1988 Summer Summer Seoul Hockey Hockey Men's Hockey ,somaya muttana maneypandey india ind summer summer seoul hockey hockey mens hockey,2
74409,Keshav D. Mangave,M,26.0,,,India,IND,1952 Summer,1952,Summer,Helsinki,Wrestling,"Wrestling Men's Featherweight, Freestyle",,"Keshav D. Mangave M India IND 1952 Summer Summer Helsinki Wrestling Wrestling Men's Featherweight, Freestyle ",keshav mangave india ind summer summer helsinki wrestling wrestling mens featherweight freestyle,0
74493,"Sailendra Nath ""Sailen"" Manna",M,23.0,,,India,IND,1948 Summer,1948,Summer,London,Football,Football Men's Football,,"Sailendra Nath ""Sailen"" Manna M India IND 1948 Summer Summer London Football Football Men's Football ",sailendra nath sailen manna india ind summer summer london football football mens football,0
74493,"Sailendra Nath ""Sailen"" Manna",M,27.0,,,India,IND,1952 Summer,1952,Summer,Helsinki,Football,Football Men's Football,,"Sailendra Nath ""Sailen"" Manna M India IND 1952 Summer Summer Helsinki Football Football Men's Football ",sailendra nath sailen manna india ind summer summer helsinki football football mens football,0
74544,Ganapathy Manoharan,M,,166.0,55.0,India,IND,1980 Summer,1980,Summer,Moskva,Boxing,Boxing Men's Bantamweight,,Ganapathy Manoharan M India IND 1980 Summer Summer Moskva Boxing Boxing Men's Bantamweight ,ganapathy manoharan india ind summer summer moskva boxing boxing mens bantamweight,0
75490,George Eric McCarthy Marthins,M,22.0,,,India,IND,1928 Summer,1928,Summer,Amsterdam,Hockey,Hockey Men's Hockey,Gold,George Eric McCarthy Marthins M India IND 1928 Summer Summer Amsterdam Hockey Hockey Men's Hockey Gold,george eric mccarthy marthins india ind summer summer amsterdam hockey hockey mens hockey gold,2
75991,Adkar Maruti,M,22.0,155.0,48.0,India,IND,1972 Summer,1972,Summer,Munich,Wrestling,"Wrestling Men's Light-Flyweight, Freestyle",,"Adkar Maruti M India IND 1972 Summer Summer Munich Wrestling Wrestling Men's Light-Flyweight, Freestyle ",adkar maruti india ind summer summer munich wrestling wrestling mens lightflyweight freestyle,0
76173,Mirza Nasir-ud-Din Masood,M,30.0,,,India,IND,1936 Summer,1936,Summer,Berlin,Hockey,Hockey Men's Hockey,Gold,Mirza Nasir-ud-Din Masood M India IND 1936 Summer Summer Berlin Hockey Hockey Men's Hockey Gold,mirza nasiruddin masood india ind summer summer berlin hockey hockey mens hockey gold,2
76447,Surat Singh Mathur,M,21.0,,,India,IND,1952 Summer,1952,Summer,Helsinki,Athletics,Athletics Men's Marathon,,Surat Singh Mathur M India IND 1952 Summer Summer Helsinki Athletics Athletics Men's Marathon ,surat singh mathur india ind summer summer helsinki athletics athletics mens marathon,1
77108,Sakti M. Mazumdar,M,20.0,,,India,IND,1952 Summer,1952,Summer,Helsinki,Boxing,Boxing Men's Flyweight,,Sakti M. Mazumdar M India IND 1952 Summer Summer Helsinki Boxing Boxing Men's Flyweight ,sakti mazumdar india ind summer summer helsinki boxing boxing mens flyweight,0
78127,Shyam Lal Meena,M,23.0,165.0,62.0,India,IND,1988 Summer,1988,Summer,Seoul,Archery,Archery Men's Individual,,Shyam Lal Meena M India IND 1988 Summer Summer Seoul Archery Archery Men's Individual ,shyam lal meena india ind summer summer seoul archery archery mens individual,0
78127,Shyam Lal Meena,M,23.0,165.0,62.0,India,IND,1988 Summer,1988,Summer,Seoul,Archery,Archery Men's Team,,Shyam Lal Meena M India IND 1988 Summer Summer Seoul Archery Archery Men's Team ,shyam lal meena india ind summer summer seoul archery archery mens team,0
78169,Ram Mehar,M,,,,India,IND,1956 Summer,1956,Summer,Melbourne,Athletics,Athletics Men's Long Jump,,Ram Mehar M India IND 1956 Summer Summer Melbourne Athletics Athletics Men's Long Jump ,ram mehar india ind summer summer melbourne athletics athletics mens long jump,1
78197,Raj Kumar Mehra,M,30.0,,,India,IND,1948 Summer,1948,Summer,London,Cycling,"Cycling Men's Road Race, Individual",,"Raj Kumar Mehra M India IND 1948 Summer Summer London Cycling Cycling Men's Road Race, Individual ",raj kumar mehra india ind summer summer london cycling cycling mens road race individual,0
78197,Raj Kumar Mehra,M,30.0,,,India,IND,1948 Summer,1948,Summer,London,Cycling,"Cycling Men's Road Race, Team",,"Raj Kumar Mehra M India IND 1948 Summer Summer London Cycling Cycling Men's Road Race, Team ",raj kumar mehra india ind summer summer london cycling cycling mens road race team,0
78197,Raj Kumar Mehra,M,34.0,,,India,IND,1952 Summer,1952,Summer,Helsinki,Cycling,"Cycling Men's Road Race, Individual",,"Raj Kumar Mehra M India IND 1952 Summer Summer Helsinki Cycling Cycling Men's Road Race, Individual ",raj kumar mehra india ind summer summer helsinki cycling cycling mens road race individual,0
78197,Raj Kumar Mehra,M,34.0,,,India,IND,1952 Summer,1952,Summer,Helsinki,Cycling,"Cycling Men's Road Race, Team",,"Raj Kumar Mehra M India IND 1952 Summer Summer Helsinki Cycling Cycling Men's Road Race, Team ",raj kumar mehra india ind summer summer helsinki cycling cycling mens road race team,0
78197,Raj Kumar Mehra,M,34.0,,,India,IND,1952 Summer,1952,Summer,Helsinki,Cycling,"Cycling Men's Team Pursuit, 4,000 metres",,"Raj Kumar Mehra M India IND 1952 Summer Summer Helsinki Cycling Cycling Men's Team Pursuit, 4,000 metres ",raj kumar mehra india ind summer summer helsinki cycling cycling mens team pursuit metres,0
78206,Kamlesh Navinchandra Mehta,M,28.0,,,India,IND,1988 Summer,1988,Summer,Seoul,Table Tennis,Table Tennis Men's Singles,,Kamlesh Navinchandra Mehta M India IND 1988 Summer Summer Seoul Table Tennis Table Tennis Men's Singles ,kamlesh navinchandra mehta india ind summer summer seoul table tennis table tennis mens singles,0
78206,Kamlesh Navinchandra Mehta,M,28.0,,,India,IND,1988 Summer,1988,Summer,Seoul,Table Tennis,Table Tennis Men's Doubles,,Kamlesh Navinchandra Mehta M India IND 1988 Summer Summer Seoul Table Tennis Table Tennis Men's Doubles ,kamlesh navinchandra mehta india ind summer summer seoul table tennis table tennis mens doubles,0
78206,Kamlesh Navinchandra Mehta,M,32.0,,,India,IND,1992 Summer,1992,Summer,Barcelona,Table Tennis,Table Tennis Men's Singles,,Kamlesh Navinchandra Mehta M India IND 1992 Summer Summer Barcelona Table Tennis Table Tennis Men's Singles ,kamlesh navinchandra mehta india ind summer summer barcelona table tennis table tennis mens singles,0
78206,Kamlesh Navinchandra Mehta,M,32.0,,,India,IND,1992 Summer,1992,Summer,Barcelona,Table Tennis,Table Tennis Men's Doubles,,Kamlesh Navinchandra Mehta M India IND 1992 Summer Summer Barcelona Table Tennis Table Tennis Men's Doubles ,kamlesh navinchandra mehta india ind summer summer barcelona table tennis table tennis mens doubles,0
78207,Sangita Mehta,F,25.0,,,India,IND,1992 Summer,1992,Summer,Barcelona,Judo,Judo Women's Heavyweight,,Sangita Mehta F India IND 1992 Summer Summer Barcelona Judo Judo Women's Heavyweight ,sangita mehta f india ind summer summer barcelona judo judo womens heavyweight,0
78208,Nghlhav Mehtabs Singh,M,23.0,174.0,79.0,India,IND,1972 Summer,1972,Summer,Munich,Boxing,Boxing Men's Light-Heavyweight,,Nghlhav Mehtabs Singh M India IND 1972 Summer Summer Munich Boxing Boxing Men's Light-Heavyweight ,nghlhav mehtabs singh india ind summer summer munich boxing boxing mens lightheavyweight,0
78700,Jude Menezes,M,29.0,172.0,75.0,India,IND,2000 Summer,2000,Summer,Sydney,Hockey,Hockey Men's Hockey,,Jude Menezes M India IND 2000 Summer Summer Sydney Hockey Hockey Men's Hockey ,jude menezes india ind summer summer sydney hockey hockey mens hockey,2
79169,Sahu Mewalal,M,22.0,,,India,IND,1948 Summer,1948,Summer,London,Football,Football Men's Football,,Sahu Mewalal M India IND 1948 Summer Summer London Football Football Men's Football ,sahu mewalal india ind summer summer london football football mens football,0
79432,Cyril James Michie,M,35.0,,,India,IND,1936 Summer,1936,Summer,Berlin,Hockey,Hockey Men's Hockey,Gold,Cyril James Michie M India IND 1936 Summer Summer Berlin Hockey Hockey Men's Hockey Gold,cyril james michie india ind summer summer berlin hockey hockey mens hockey gold,2
79948,Nisha Millet,F,18.0,164.0,58.0,India,IND,2000 Summer,2000,Summer,Sydney,Swimming,Swimming Women's 200 metres Freestyle,,Nisha Millet F India IND 2000 Summer Summer Sydney Swimming Swimming Women's 200 metres Freestyle ,nisha millet f india ind summer summer sydney swimming swimming womens metres freestyle,0
80166,Masude Ali Khan Minhas,M,,178.0,,India,IND,1932 Summer,1932,Summer,Los Angeles,Hockey,Hockey Men's Hockey,Gold,Masude Ali Khan Minhas M India IND 1932 Summer Summer Los Angeles Hockey Hockey Men's Hockey Gold,masude ali khan minhas india ind summer summer los angeles hockey hockey mens hockey gold,2
80203,Lilima Minz,F,22.0,158.0,52.0,India,IND,2016 Summer,2016,Summer,Rio de Janeiro,Hockey,Hockey Women's Hockey,,Lilima Minz F India IND 2016 Summer Summer Rio de Janeiro Hockey Hockey Women's Hockey ,lilima minz f india ind summer summer rio de janeiro hockey hockey womens hockey,2
80221,Chanu Saikhom Mirabai,F,21.0,145.0,48.0,India,IND,2016 Summer,2016,Summer,Rio de Janeiro,Weightlifting,Weightlifting Women's Flyweight,,Chanu Saikhom Mirabai F India IND 2016 Summer Summer Rio de Janeiro Weightlifting Weightlifting Women's Flyweight ,chanu saikhom mirabai f india ind summer summer rio de janeiro weightlifting weightlifting womens flyweight,0
80297,Sania Mirza,F,21.0,173.0,57.0,India,IND,2008 Summer,2008,Summer,Beijing,Tennis,Tennis Women's Singles,,Sania Mirza F India IND 2008 Summer Summer Beijing Tennis Tennis Women's Singles ,sania mirza f india ind summer summer beijing tennis tennis womens singles,0
80297,Sania Mirza,F,21.0,173.0,57.0,India,IND,2008 Summer,2008,Summer,Beijing,Tennis,Tennis Women's Doubles,,Sania Mirza F India IND 2008 Summer Summer Beijing Tennis Tennis Women's Doubles ,sania mirza f india ind summer summer beijing tennis tennis womens doubles,0
80297,Sania Mirza,F,25.0,173.0,57.0,India,IND,2012 Summer,2012,Summer,London,Tennis,Tennis Mixed Doubles,,Sania Mirza F India IND 2012 Summer Summer London Tennis Tennis Mixed Doubles ,sania mirza f india ind summer summer london tennis tennis mixed doubles,0
80297,Sania Mirza,F,25.0,173.0,57.0,India,IND,2012 Summer,2012,Summer,London,Tennis,Tennis Women's Doubles,,Sania Mirza F India IND 2012 Summer Summer London Tennis Tennis Women's Doubles ,sania mirza f india ind summer summer london tennis tennis womens doubles,0
80297,Sania Mirza,F,29.0,173.0,57.0,India,IND,2016 Summer,2016,Summer,Rio de Janeiro,Tennis,Tennis Mixed Doubles,,Sania Mirza F India IND 2016 Summer Summer Rio de Janeiro Tennis Tennis Mixed Doubles ,sania mirza f india ind summer summer rio de janeiro tennis tennis mixed doubles,0
80297,Sania Mirza,F,29.0,173.0,57.0,India,IND,2016 Summer,2016,Summer,Rio de Janeiro,Tennis,Tennis Women's Doubles,,Sania Mirza F India IND 2016 Summer Summer Rio de Janeiro Tennis Tennis Women's Doubles ,sania mirza f india ind summer summer rio de janeiro tennis tennis womens doubles,0
80373,Eruch Mistry,M,,,,India,IND,1948 Summer,1948,Summer,London,Cycling,"Cycling Men's Road Race, Individual",,"Eruch Mistry M India IND 1948 Summer Summer London Cycling Cycling Men's Road Race, Individual ",eruch mistry india ind summer summer london cycling cycling mens road race individual,0
80373,Eruch Mistry,M,,,,India,IND,1948 Summer,1948,Summer,London,Cycling,"Cycling Men's Road Race, Team",,"Eruch Mistry M India IND 1948 Summer Summer London Cycling Cycling Men's Road Race, Team ",eruch mistry india ind summer summer london cycling cycling mens road race team,0
80374,Rachita Mistry (Panda-),F,26.0,164.0,55.0,India,IND,2000 Summer,2000,Summer,Sydney,Athletics,Athletics Women's 4 x 100 metres Relay,,Rachita Mistry (Panda-) F India IND 2000 Summer Summer Sydney Athletics Athletics Women's 4 x 100 metres Relay ,rachita mistry panda f india ind summer summer sydney athletics athletics womens x metres relay,1
80466,Dilip Mitra,M,,,,India,IND,1948 Summer,1948,Summer,London,Swimming,Swimming Men's 100 metres Freestyle,,Dilip Mitra M India IND 1948 Summer Summer London Swimming Swimming Men's 100 metres Freestyle ,dilip mitra india ind summer summer london swimming swimming mens metres freestyle,0
80467,Prahtip Mitra,M,,,,India,IND,1948 Summer,1948,Summer,London,Swimming,Swimming Men's 100 metres Backstroke,,Prahtip Mitra M India IND 1948 Summer Summer London Swimming Swimming Men's 100 metres Backstroke ,prahtip mitra india ind summer summer london swimming swimming mens metres backstroke,0
80868,Tehmasp Rustom Mogul,M,34.0,173.0,64.0,India,IND,1972 Summer,1972,Summer,Munich,Sailing,Sailing Mixed One Person Dinghy,,Tehmasp Rustom Mogul M India IND 1972 Summer Summer Munich Sailing Sailing Mixed One Person Dinghy ,tehmasp rustom mogul india ind summer summer munich sailing sailing mixed one person dinghy,0
80960,Taj Mohammed,M,,,,India,IND,1948 Summer,1948,Summer,London,Football,Football Men's Football,,Taj Mohammed M India IND 1948 Summer Summer London Football Football Men's Football ,taj mohammed india ind summer summer london football football mens football,0
81011,Sayed Khaja Moinuddin,M,,,,India,IND,1952 Summer,1952,Summer,Helsinki,Football,Football Men's Football,,Sayed Khaja Moinuddin M India IND 1952 Summer Summer Helsinki Football Football Men's Football ,sayed khaja moinuddin india ind summer summer helsinki football football mens football,0
81205,Ganesh Mollerapoovayya,M,26.0,172.0,66.0,India,IND,1972 Summer,1972,Summer,Munich,Hockey,Hockey Men's Hockey,Bronze,Ganesh Mollerapoovayya M India IND 1972 Summer Summer Munich Hockey Hockey Men's Hockey Bronze,ganesh mollerapoovayya india ind summer summer munich hockey hockey mens hockey bronze,2
81313,Anil Kumar Mondal,M,21.0,157.0,52.0,India,IND,1972 Summer,1972,Summer,Munich,Weightlifting,Weightlifting Men's Flyweight,,Anil Kumar Mondal M India IND 1972 Summer Summer Munich Weightlifting Weightlifting Men's Flyweight ,anil kumar mondal india ind summer summer munich weightlifting weightlifting mens flyweight,0
81313,Anil Kumar Mondal,M,24.0,157.0,52.0,India,IND,1976 Summer,1976,Summer,Montreal,Weightlifting,Weightlifting Men's Flyweight,,Anil Kumar Mondal M India IND 1976 Summer Summer Montreal Weightlifting Weightlifting Men's Flyweight ,anil kumar mondal india ind summer summer montreal weightlifting weightlifting mens flyweight,0
81314,Darshan Mondal,M,24.0,,,India,IND,1964 Summer,1964,Summer,Tokyo,Gymnastics,Gymnastics Men's Individual All-Around,,Darshan Mondal M India IND 1964 Summer Summer Tokyo Gymnastics Gymnastics Men's Individual All-Around ,darshan mondal india ind summer summer tokyo gymnastics gymnastics mens individual allaround,0
81314,Darshan Mondal,M,24.0,,,India,IND,1964 Summer,1964,Summer,Tokyo,Gymnastics,Gymnastics Men's Team All-Around,,Darshan Mondal M India IND 1964 Summer Summer Tokyo Gymnastics Gymnastics Men's Team All-Around ,darshan mondal india ind summer summer tokyo gymnastics gymnastics mens team allaround,0
81314,Darshan Mondal,M,24.0,,,India,IND,1964 Summer,1964,Summer,Tokyo,Gymnastics,Gymnastics Men's Floor Exercise,,Darshan Mondal M India IND 1964 Summer Summer Tokyo Gymnastics Gymnastics Men's Floor Exercise ,darshan mondal india ind summer summer tokyo gymnastics gymnastics mens floor exercise,0
81314,Darshan Mondal,M,24.0,,,India,IND,1964 Summer,1964,Summer,Tokyo,Gymnastics,Gymnastics Men's Horse Vault,,Darshan Mondal M India IND 1964 Summer Summer Tokyo Gymnastics Gymnastics Men's Horse Vault ,darshan mondal india ind summer summer tokyo gymnastics gymnastics mens horse vault,0
81314,Darshan Mondal,M,24.0,,,India,IND,1964 Summer,1964,Summer,Tokyo,Gymnastics,Gymnastics Men's Parallel Bars,,Darshan Mondal M India IND 1964 Summer Summer Tokyo Gymnastics Gymnastics Men's Parallel Bars ,darshan mondal india ind summer summer tokyo gymnastics gymnastics mens parallel bars,0
81314,Darshan Mondal,M,24.0,,,India,IND,1964 Summer,1964,Summer,Tokyo,Gymnastics,Gymnastics Men's Horizontal Bar,,Darshan Mondal M India IND 1964 Summer Summer Tokyo Gymnastics Gymnastics Men's Horizontal Bar ,darshan mondal india ind summer summer tokyo gymnastics gymnastics mens horizontal bar,0
81314,Darshan Mondal,M,24.0,,,India,IND,1964 Summer,1964,Summer,Tokyo,Gymnastics,Gymnastics Men's Rings,,Darshan Mondal M India IND 1964 Summer Summer Tokyo Gymnastics Gymnastics Men's Rings ,darshan mondal india ind summer summer tokyo gymnastics gymnastics mens rings,0
81314,Darshan Mondal,M,24.0,,,India,IND,1964 Summer,1964,Summer,Tokyo,Gymnastics,Gymnastics Men's Pommelled Horse,,Darshan Mondal M India IND 1964 Summer Summer Tokyo Gymnastics Gymnastics Men's Pommelled Horse ,darshan mondal india ind summer summer tokyo gymnastics gymnastics mens pommelled horse,0
81424,Isaac Monsoor,M,19.0,,,India,IND,1948 Summer,1948,Summer,London,Water Polo,Water Polo Men's Water Polo,,Isaac Monsoor M India IND 1948 Summer Summer London Water Polo Water Polo Men's Water Polo ,isaac monsoor india ind summer summer london water polo water polo mens water polo,0
81424,Isaac Monsoor,M,19.0,,,India,IND,1948 Summer,1948,Summer,London,Swimming,Swimming Men's 100 metres Freestyle,,Isaac Monsoor M India IND 1948 Summer Summer London Swimming Swimming Men's 100 metres Freestyle ,isaac monsoor india ind summer summer london swimming swimming mens metres freestyle,0
81424,Isaac Monsoor,M,23.0,,,India,IND,1952 Summer,1952,Summer,Helsinki,Water Polo,Water Polo Men's Water Polo,,Isaac Monsoor M India IND 1952 Summer Summer Helsinki Water Polo Water Polo Men's Water Polo ,isaac monsoor india ind summer summer helsinki water polo water polo mens water polo,0
81424,Isaac Monsoor,M,23.0,,,India,IND,1952 Summer,1952,Summer,Helsinki,Swimming,Swimming Men's 100 metres Freestyle,,Isaac Monsoor M India IND 1952 Summer Summer Helsinki Swimming Swimming Men's 100 metres Freestyle ,isaac monsoor india ind summer summer helsinki swimming swimming mens metres freestyle,0
81618,Valli Asari Mookan,M,,,55.0,India,IND,1956 Summer,1956,Summer,Melbourne,Weightlifting,Weightlifting Men's Bantamweight,,Valli Asari Mookan M India IND 1956 Summer Summer Melbourne Weightlifting Weightlifting Men's Bantamweight ,valli asari mookan india ind summer summer melbourne weightlifting weightlifting mens bantamweight,0
81876,Jagmal More,M,20.0,,,India,IND,1964 Summer,1964,Summer,Tokyo,Gymnastics,Gymnastics Men's Individual All-Around,,Jagmal More M India IND 1964 Summer Summer Tokyo Gymnastics Gymnastics Men's Individual All-Around ,jagmal india ind summer summer tokyo gymnastics gymnastics mens individual allaround,0
81876,Jagmal More,M,20.0,,,India,IND,1964 Summer,1964,Summer,Tokyo,Gymnastics,Gymnastics Men's Team All-Around,,Jagmal More M India IND 1964 Summer Summer Tokyo Gymnastics Gymnastics Men's Team All-Around ,jagmal india ind summer summer tokyo gymnastics gymnastics mens team allaround,0
81876,Jagmal More,M,20.0,,,India,IND,1964 Summer,1964,Summer,Tokyo,Gymnastics,Gymnastics Men's Floor Exercise,,Jagmal More M India IND 1964 Summer Summer Tokyo Gymnastics Gymnastics Men's Floor Exercise ,jagmal india ind summer summer tokyo gymnastics gymnastics mens floor exercise,0
81876,Jagmal More,M,20.0,,,India,IND,1964 Summer,1964,Summer,Tokyo,Gymnastics,Gymnastics Men's Horse Vault,,Jagmal More M India IND 1964 Summer Summer Tokyo Gymnastics Gymnastics Men's Horse Vault ,jagmal india ind summer summer tokyo gymnastics gymnastics mens horse vault,0
81876,Jagmal More,M,20.0,,,India,IND,1964 Summer,1964,Summer,Tokyo,Gymnastics,Gymnastics Men's Parallel Bars,,Jagmal More M India IND 1964 Summer Summer Tokyo Gymnastics Gymnastics Men's Parallel Bars ,jagmal india ind summer summer tokyo gymnastics gymnastics mens parallel bars,0
81876,Jagmal More,M,20.0,,,India,IND,1964 Summer,1964,Summer,Tokyo,Gymnastics,Gymnastics Men's Horizontal Bar,,Jagmal More M India IND 1964 Summer Summer Tokyo Gymnastics Gymnastics Men's Horizontal Bar ,jagmal india ind summer summer tokyo gymnastics gymnastics mens horizontal bar,0
81876,Jagmal More,M,20.0,,,India,IND,1964 Summer,1964,Summer,Tokyo,Gymnastics,Gymnastics Men's Rings,,Jagmal More M India IND 1964 Summer Summer Tokyo Gymnastics Gymnastics Men's Rings ,jagmal india ind summer summer tokyo gymnastics gymnastics mens rings,0
81876,Jagmal More,M,20.0,,,India,IND,1964 Summer,1964,Summer,Tokyo,Gymnastics,Gymnastics Men's Pommelled Horse,,Jagmal More M India IND 1964 Summer Summer Tokyo Gymnastics Gymnastics Men's Pommelled Horse ,jagmal india ind summer summer tokyo gymnastics gymnastics mens pommelled horse,0
82904,Riaz Nabi Muhammad,M,24.0,,,India,IND,1996 Summer,1996,Summer,Atlanta,Hockey,Hockey Men's Hockey,,Riaz Nabi Muhammad M India IND 1996 Summer Summer Atlanta Hockey Hockey Men's Hockey ,riaz nabi muhammad india ind summer summer atlanta hockey hockey mens hockey,2
82904,Riaz Nabi Muhammad,M,28.0,,,India,IND,2000 Summer,2000,Summer,Sydney,Hockey,Hockey Men's Hockey,,Riaz Nabi Muhammad M India IND 2000 Summer Summer Sydney Hockey Hockey Men's Hockey ,riaz nabi muhammad india ind summer summer sydney hockey hockey mens hockey,2
82945,Danish Mujtaba,M,23.0,168.0,66.0,India,IND,2012 Summer,2012,Summer,London,Hockey,Hockey Men's Hockey,,Danish Mujtaba M India IND 2012 Summer Summer London Hockey Hockey Men's Hockey ,danish mujtaba india ind summer summer london hockey hockey mens hockey,2
82945,Danish Mujtaba,M,27.0,168.0,66.0,India,IND,2016 Summer,2016,Summer,Rio de Janeiro,Hockey,Hockey Men's Hockey,,Danish Mujtaba M India IND 2016 Summer Summer Rio de Janeiro Hockey Hockey Men's Hockey ,danish mujtaba india ind summer summer rio de janeiro hockey hockey mens hockey,2
83022,"Rustom ""Rusi"" Mulla Feroze",M,,,,India,IND,1948 Summer,1948,Summer,London,Cycling,Cycling Men's Sprint,,"Rustom ""Rusi"" Mulla Feroze M India IND 1948 Summer Summer London Cycling Cycling Men's Sprint ",rustom rusi mulla feroze india ind summer summer london cycling cycling mens sprint,0
83177,Prafulla Mullick,M,,,,India,IND,1948 Summer,1948,Summer,London,Swimming,Swimming Men's 200 metres Breaststroke,,Prafulla Mullick M India IND 1948 Summer Summer London Swimming Swimming Men's 200 metres Breaststroke ,prafulla mullick india ind summer summer london swimming swimming mens metres breaststroke,0
83271,Rekha Mundphan (-Bhide),F,24.0,152.0,,India,IND,1980 Summer,1980,Summer,Moskva,Hockey,Hockey Women's Hockey,,Rekha Mundphan (-Bhide) F India IND 1980 Summer Summer Moskva Hockey Hockey Women's Hockey ,rekha mundphan bhide f india ind summer summer moskva hockey hockey womens hockey,2
83294,Tamil Selwan Muniswamy,M,25.0,158.0,56.0,India,IND,1980 Summer,1980,Summer,Moskva,Weightlifting,Weightlifting Men's Bantamweight,,Tamil Selwan Muniswamy M India IND 1980 Summer Summer Moskva Weightlifting Weightlifting Men's Bantamweight ,tamil selwan muniswamy india ind summer summer moskva weightlifting weightlifting mens bantamweight,0
83433,Dwarkadas Murarji,M,,,,India,IND,1948 Summer,1948,Summer,London,Water Polo,Water Polo Men's Water Polo,,Dwarkadas Murarji M India IND 1948 Summer Summer London Water Polo Water Polo Men's Water Polo ,dwarkadas murarji india ind summer summer london water polo water polo mens water polo,0
83526,J. Murphy,M,,,,India,IND,1928 Summer,1928,Summer,Amsterdam,Athletics,Athletics Men's 800 metres,,J. Murphy M India IND 1928 Summer Summer Amsterdam Athletics Athletics Men's 800 metres ,j murphy india ind summer summer amsterdam athletics athletics mens metres,1
83757,Thandava Murthy Muthu,M,25.0,157.0,56.0,India,IND,2000 Summer,2000,Summer,Sydney,Weightlifting,Weightlifting Men's Bantamweight,,Thandava Murthy Muthu M India IND 2000 Summer Summer Sydney Weightlifting Weightlifting Men's Bantamweight ,thandava murthy muthu india ind summer summer sydney weightlifting weightlifting mens bantamweight,0
83758,Gurunathan Muthuswamy,M,25.0,160.0,54.0,India,IND,1988 Summer,1988,Summer,Seoul,Weightlifting,Weightlifting Men's Flyweight,,Gurunathan Muthuswamy M India IND 1988 Summer Summer Seoul Weightlifting Weightlifting Men's Flyweight ,gurunathan muthuswamy india ind summer summer seoul weightlifting weightlifting mens flyweight,0
83970,Sivaraj Naalamuthu Pillai,M,24.0,,59.0,India,IND,1992 Summer,1992,Summer,Barcelona,Weightlifting,Weightlifting Men's Featherweight,,Sivaraj Naalamuthu Pillai M India IND 1992 Summer Summer Barcelona Weightlifting Weightlifting Men's Featherweight ,sivaraj naalamuthu pillai india ind summer summer barcelona weightlifting weightlifting mens featherweight,0
84045,Jehangir J. Naegamwalla,M,,,,India,IND,1952 Summer,1952,Summer,Helsinki,Water Polo,Water Polo Men's Water Polo,,Jehangir J. Naegamwalla M India IND 1952 Summer Summer Helsinki Water Polo Water Polo Men's Water Polo ,jehangir j naegamwalla india ind summer summer helsinki water polo water polo mens water polo,0
84054,"Sachindra ""Sachin"" Nag",M,28.0,,,India,IND,1948 Summer,1948,Summer,London,Water Polo,Water Polo Men's Water Polo,,"Sachindra ""Sachin"" Nag M India IND 1948 Summer Summer London Water Polo Water Polo Men's Water Polo ",sachindra sachin nag india ind summer summer london water polo water polo mens water polo,0
84054,"Sachindra ""Sachin"" Nag",M,28.0,,,India,IND,1948 Summer,1948,Summer,London,Swimming,Swimming Men's 100 metres Freestyle,,"Sachindra ""Sachin"" Nag M India IND 1948 Summer Summer London Swimming Swimming Men's 100 metres Freestyle ",sachindra sachin nag india ind summer summer london swimming swimming mens metres freestyle,0
84054,"Sachindra ""Sachin"" Nag",M,32.0,,,India,IND,1952 Summer,1952,Summer,Helsinki,Water Polo,Water Polo Men's Water Polo,,"Sachindra ""Sachin"" Nag M India IND 1952 Summer Summer Helsinki Water Polo Water Polo Men's Water Polo ",sachindra sachin nag india ind summer summer helsinki water polo water polo mens water polo,0
84085,Amarnath Nagarajan,M,26.0,182.0,73.0,India,IND,1980 Summer,1980,Summer,Moskva,Basketball,Basketball Men's Basketball,,Amarnath Nagarajan M India IND 1980 Summer Summer Moskva Basketball Basketball Men's Basketball ,amarnath nagarajan india ind summer summer moskva basketball basketball mens basketball,0
84450,Jamyang Namgial,M,24.0,170.0,71.0,India,IND,2010 Winter,2010,Winter,Vancouver,Alpine Skiing,Alpine Skiing Men's Giant Slalom,,Jamyang Namgial M India IND 2010 Winter Winter Vancouver Alpine Skiing Alpine Skiing Men's Giant Slalom ,jamyang namgial india ind winter winter vancouver alpine skiing alpine skiing mens giant slalom,0
84470,Srabani Nanda,F,25.0,164.0,54.0,India,IND,2016 Summer,2016,Summer,Rio de Janeiro,Athletics,Athletics Women's 200 metres,,Srabani Nanda F India IND 2016 Summer Summer Rio de Janeiro Athletics Athletics Women's 200 metres ,srabani nanda f india ind summer summer rio de janeiro athletics athletics womens metres,1
84471,Mukesh Kumar Nandanoori,M,22.0,175.0,64.0,India,IND,1992 Summer,1992,Summer,Barcelona,Hockey,Hockey Men's Hockey,,Mukesh Kumar Nandanoori M India IND 1992 Summer Summer Barcelona Hockey Hockey Men's Hockey ,mukesh kumar nandanoori india ind summer summer barcelona hockey hockey mens hockey,2
84471,Mukesh Kumar Nandanoori,M,26.0,175.0,64.0,India,IND,1996 Summer,1996,Summer,Atlanta,Hockey,Hockey Men's Hockey,,Mukesh Kumar Nandanoori M India IND 1996 Summer Summer Atlanta Hockey Hockey Men's Hockey ,mukesh kumar nandanoori india ind summer summer atlanta hockey hockey mens hockey,2
84471,Mukesh Kumar Nandanoori,M,30.0,175.0,64.0,India,IND,2000 Summer,2000,Summer,Sydney,Hockey,Hockey Men's Hockey,,Mukesh Kumar Nandanoori M India IND 2000 Summer Summer Sydney Hockey Hockey Men's Hockey ,mukesh kumar nandanoori india ind summer summer sydney hockey hockey mens hockey,2
84473,Nikhil Kumar Nandy,M,,,,India,IND,1956 Summer,1956,Summer,Melbourne,Football,Football Men's Football,,Nikhil Kumar Nandy M India IND 1956 Summer Summer Melbourne Football Football Men's Football ,nikhil kumar nandy india ind summer summer melbourne football football mens football,0
84480,Prakash Nanjappa,M,40.0,175.0,85.0,India,IND,2016 Summer,2016,Summer,Rio de Janeiro,Shooting,"Shooting Men's Free Pistol, 50 metres",,"Prakash Nanjappa M India IND 2016 Summer Summer Rio de Janeiro Shooting Shooting Men's Free Pistol, 50 metres ",prakash nanjappa india ind summer summer rio de janeiro shooting shooting mens free pistol metres,0
84516,Gagan Narang,M,21.0,180.0,115.0,India,IND,2004 Summer,2004,Summer,Athina,Shooting,"Shooting Men's Air Rifle, 10 metres",,"Gagan Narang M India IND 2004 Summer Summer Athina Shooting Shooting Men's Air Rifle, 10 metres ",gagan narang india ind summer summer athina shooting shooting mens air rifle metres,0
84516,Gagan Narang,M,25.0,180.0,115.0,India,IND,2008 Summer,2008,Summer,Beijing,Shooting,"Shooting Men's Air Rifle, 10 metres",,"Gagan Narang M India IND 2008 Summer Summer Beijing Shooting Shooting Men's Air Rifle, 10 metres ",gagan narang india ind summer summer beijing shooting shooting mens air rifle metres,0
84516,Gagan Narang,M,25.0,180.0,115.0,India,IND,2008 Summer,2008,Summer,Beijing,Shooting,"Shooting Men's Small-Bore Rifle, Three Positions, 50 metres",,"Gagan Narang M India IND 2008 Summer Summer Beijing Shooting Shooting Men's Small-Bore Rifle, Three Positions, 50 metres ",gagan narang india ind summer summer beijing shooting shooting mens smallbore rifle three positions metres,0
84516,Gagan Narang,M,25.0,180.0,115.0,India,IND,2008 Summer,2008,Summer,Beijing,Shooting,"Shooting Men's Small-Bore Rifle, Prone, 50 metres",,"Gagan Narang M India IND 2008 Summer Summer Beijing Shooting Shooting Men's Small-Bore Rifle, Prone, 50 metres ",gagan narang india ind summer summer beijing shooting shooting mens smallbore rifle prone metres,0
84516,Gagan Narang,M,29.0,180.0,115.0,India,IND,2012 Summer,2012,Summer,London,Shooting,"Shooting Men's Air Rifle, 10 metres",Bronze,"Gagan Narang M India IND 2012 Summer Summer London Shooting Shooting Men's Air Rifle, 10 metres Bronze",gagan narang india ind summer summer london shooting shooting mens air rifle metres bronze,0
84516,Gagan Narang,M,29.0,180.0,115.0,India,IND,2012 Summer,2012,Summer,London,Shooting,"Shooting Men's Small-Bore Rifle, Three Positions, 50 metres",,"Gagan Narang M India IND 2012 Summer Summer London Shooting Shooting Men's Small-Bore Rifle, Three Positions, 50 metres ",gagan narang india ind summer summer london shooting shooting mens smallbore rifle three positions metres,0
84516,Gagan Narang,M,29.0,180.0,115.0,India,IND,2012 Summer,2012,Summer,London,Shooting,"Shooting Men's Small-Bore Rifle, Prone, 50 metres",,"Gagan Narang M India IND 2012 Summer Summer London Shooting Shooting Men's Small-Bore Rifle, Prone, 50 metres ",gagan narang india ind summer summer london shooting shooting mens smallbore rifle prone metres,0
84516,Gagan Narang,M,33.0,180.0,115.0,India,IND,2016 Summer,2016,Summer,Rio de Janeiro,Shooting,"Shooting Men's Air Rifle, 10 metres",,"Gagan Narang M India IND 2016 Summer Summer Rio de Janeiro Shooting Shooting Men's Air Rifle, 10 metres ",gagan narang india ind summer summer rio de janeiro shooting shooting mens air rifle metres,0
84516,Gagan Narang,M,33.0,180.0,115.0,India,IND,2016 Summer,2016,Summer,Rio de Janeiro,Shooting,"Shooting Men's Small-Bore Rifle, Three Positions, 50 metres",,"Gagan Narang M India IND 2016 Summer Summer Rio de Janeiro Shooting Shooting Men's Small-Bore Rifle, Three Positions, 50 metres ",gagan narang india ind summer summer rio de janeiro shooting shooting mens smallbore rifle three positions metres,0
84516,Gagan Narang,M,33.0,180.0,115.0,India,IND,2016 Summer,2016,Summer,Rio de Janeiro,Shooting,"Shooting Men's Small-Bore Rifle, Prone, 50 metres",,"Gagan Narang M India IND 2016 Summer Summer Rio de Janeiro Shooting Shooting Men's Small-Bore Rifle, Prone, 50 metres ",gagan narang india ind summer summer rio de janeiro shooting shooting mens smallbore rifle prone metres,0
84522,Shankar Subramaniam Narayan,M,22.0,185.0,69.0,India,IND,1956 Summer,1956,Summer,Melbourne,Football,Football Men's Football,,Shankar Subramaniam Narayan M India IND 1956 Summer Summer Melbourne Football Football Men's Football ,shankar subramaniam narayan india ind summer summer melbourne football football mens football,0
84523,Chander Narayanan,M,25.0,162.0,51.0,India,IND,1972 Summer,1972,Summer,Munich,Boxing,Boxing Men's Flyweight,,Chander Narayanan M India IND 1972 Summer Summer Munich Boxing Boxing Men's Flyweight ,chander narayanan india ind summer summer munich boxing boxing mens flyweight,0
84684,Prem Nath,M,17.0,160.0,57.0,India,IND,1972 Summer,1972,Summer,Munich,Wrestling,"Wrestling Men's Bantamweight, Freestyle",,"Prem Nath M India IND 1972 Summer Summer Munich Wrestling Wrestling Men's Bantamweight, Freestyle ",prem nath india ind summer summer munich wrestling wrestling mens bantamweight freestyle,0
84755,Kumar T. Navale,M,,,,India,IND,1920 Summer,1920,Summer,Antwerpen,Wrestling,"Wrestling Men's Middleweight, Freestyle",,"Kumar T. Navale M India IND 1920 Summer Summer Antwerpen Wrestling Wrestling Men's Middleweight, Freestyle ",kumar navale india ind summer summer antwerpen wrestling wrestling mens middleweight freestyle,0
84815,V. R. Dinesh Nayak,M,25.0,172.0,74.0,India,IND,2000 Summer,2000,Summer,Sydney,Hockey,Hockey Men's Hockey,,V. R. Dinesh Nayak M India IND 2000 Summer Summer Sydney Hockey Hockey Men's Hockey ,v r dinesh nayak india ind summer summer sydney hockey hockey mens hockey,2
84816,Ravi Nayakar,M,21.0,,,India,IND,1992 Summer,1992,Summer,Barcelona,Hockey,Hockey Men's Hockey,,Ravi Nayakar M India IND 1992 Summer Summer Barcelona Hockey Hockey Men's Hockey ,ravi nayakar india ind summer summer barcelona hockey hockey mens hockey,2
84866,Dolly Rustom Nazir,F,,,,India,IND,1952 Summer,1952,Summer,Helsinki,Swimming,Swimming Women's 100 metres Freestyle,,Dolly Rustom Nazir F India IND 1952 Summer Summer Helsinki Swimming Swimming Women's 100 metres Freestyle ,dolly rustom nazir f india ind summer summer helsinki swimming swimming womens metres freestyle,0
84866,Dolly Rustom Nazir,F,,,,India,IND,1952 Summer,1952,Summer,Helsinki,Swimming,Swimming Women's 200 metres Breaststroke,,Dolly Rustom Nazir F India IND 1952 Summer Summer Helsinki Swimming Swimming Women's 200 metres Breaststroke ,dolly rustom nazir f india ind summer summer helsinki swimming swimming womens metres breaststroke,0
85112,Saina Nehwal,F,18.0,167.0,65.0,India,IND,2008 Summer,2008,Summer,Beijing,Badminton,Badminton Women's Singles,,Saina Nehwal F India IND 2008 Summer Summer Beijing Badminton Badminton Women's Singles ,saina nehwal f india ind summer summer beijing badminton badminton womens singles,0
85112,Saina Nehwal,F,22.0,167.0,65.0,India,IND,2012 Summer,2012,Summer,London,Badminton,Badminton Women's Singles,Bronze,Saina Nehwal F India IND 2012 Summer Summer London Badminton Badminton Women's Singles Bronze,saina nehwal f india ind summer summer london badminton badminton womens singles bronze,0
85112,Saina Nehwal,F,26.0,167.0,65.0,India,IND,2016 Summer,2016,Summer,Rio de Janeiro,Badminton,Badminton Women's Singles,,Saina Nehwal F India IND 2016 Summer Summer Rio de Janeiro Badminton Badminton Women's Singles ,saina nehwal f india ind summer summer rio de janeiro badminton badminton womens singles,0
85192,Eliza Nelson (Mendonca-),F,23.0,160.0,,India,IND,1980 Summer,1980,Summer,Moskva,Hockey,Hockey Women's Hockey,,Eliza Nelson (Mendonca-) F India IND 1980 Summer Summer Moskva Hockey Hockey Women's Hockey ,eliza nelson mendonca f india ind summer summer moskva hockey hockey womens hockey,2
85665,Soniya Chanu Ngangbam,F,32.0,149.0,48.0,India,IND,2012 Summer,2012,Summer,London,Weightlifting,Weightlifting Women's Flyweight,,Soniya Chanu Ngangbam F India IND 2012 Summer Summer London Weightlifting Weightlifting Women's Flyweight ,soniya chanu ngangbam f india ind summer summer london weightlifting weightlifting womens flyweight,0
86436,"Baburao Narasappa ""Baboo"" Nimal",M,28.0,,,India,IND,1936 Summer,1936,Summer,Berlin,Hockey,Hockey Men's Hockey,Gold,"Baburao Narasappa ""Baboo"" Nimal M India IND 1936 Summer Summer Berlin Hockey Hockey Men's Hockey Gold",baburao narasappa baboo nimal india ind summer summer berlin hockey hockey mens hockey gold,2
86694,Rohinton Noble,M,,,,India,IND,1948 Summer,1948,Summer,London,Cycling,"Cycling Men's 1,000 metres Time Trial",,"Rohinton Noble M India IND 1948 Summer Summer London Cycling Cycling Men's 1,000 metres Time Trial ",rohinton noble india ind summer summer london cycling cycling mens metres time trial,0
86694,Rohinton Noble,M,,,,India,IND,1948 Summer,1948,Summer,London,Cycling,"Cycling Men's Team Pursuit, 4,000 metres",,"Rohinton Noble M India IND 1948 Summer Summer London Cycling Cycling Men's Team Pursuit, 4,000 metres ",rohinton noble india ind summer summer london cycling cycling mens team pursuit metres,0
86828,N. Muhammad Noor,M,,,,India,IND,1956 Summer,1956,Summer,Melbourne,Football,Football Men's Football,,N. Muhammad Noor M India IND 1956 Summer Summer Melbourne Football Football Men's Football ,n muhammad noor india ind summer summer melbourne football football mens football,0
86987,"Richard Alexander ""Rex"" Norris",M,28.0,,,India,IND,1928 Summer,1928,Summer,Amsterdam,Hockey,Hockey Men's Hockey,Gold,"Richard Alexander ""Rex"" Norris M India IND 1928 Summer Summer Amsterdam Hockey Hockey Men's Hockey Gold",richard alexander rex norris india ind summer summer amsterdam hockey hockey mens hockey gold,2
86989,"Ronald ""Ron"" Norris",M,19.0,,,India,IND,1952 Summer,1952,Summer,Helsinki,Boxing,Boxing Men's Welterweight,,"Ronald ""Ron"" Norris M India IND 1952 Summer Summer Helsinki Boxing Boxing Men's Welterweight ",ronald ron norris india ind summer summer helsinki boxing boxing mens welterweight,0
87422,John O. H. Nuttall,M,,,,India,IND,1948 Summer,1948,Summer,London,Boxing,Boxing Men's Middleweight,,John O. H. Nuttall M India IND 1948 Summer Summer London Boxing Boxing Men's Middleweight ,john h nuttall india ind summer summer london boxing boxing mens middleweight,0
90518,Leander Adrian Paes,M,19.0,178.0,77.0,India,IND,1992 Summer,1992,Summer,Barcelona,Tennis,Tennis Men's Singles,,Leander Adrian Paes M India IND 1992 Summer Summer Barcelona Tennis Tennis Men's Singles ,leander adrian paes india ind summer summer barcelona tennis tennis mens singles,0
90518,Leander Adrian Paes,M,19.0,178.0,77.0,India,IND,1992 Summer,1992,Summer,Barcelona,Tennis,Tennis Men's Doubles,,Leander Adrian Paes M India IND 1992 Summer Summer Barcelona Tennis Tennis Men's Doubles ,leander adrian paes india ind summer summer barcelona tennis tennis mens doubles,0
90518,Leander Adrian Paes,M,23.0,178.0,77.0,India,IND,1996 Summer,1996,Summer,Atlanta,Tennis,Tennis Men's Singles,Bronze,Leander Adrian Paes M India IND 1996 Summer Summer Atlanta Tennis Tennis Men's Singles Bronze,leander adrian paes india ind summer summer atlanta tennis tennis mens singles bronze,0
90518,Leander Adrian Paes,M,23.0,178.0,77.0,India,IND,1996 Summer,1996,Summer,Atlanta,Tennis,Tennis Men's Doubles,,Leander Adrian Paes M India IND 1996 Summer Summer Atlanta Tennis Tennis Men's Doubles ,leander adrian paes india ind summer summer atlanta tennis tennis mens doubles,0
90518,Leander Adrian Paes,M,27.0,178.0,77.0,India,IND,2000 Summer,2000,Summer,Sydney,Tennis,Tennis Men's Singles,,Leander Adrian Paes M India IND 2000 Summer Summer Sydney Tennis Tennis Men's Singles ,leander adrian paes india ind summer summer sydney tennis tennis mens singles,0
90518,Leander Adrian Paes,M,27.0,178.0,77.0,India,IND,2000 Summer,2000,Summer,Sydney,Tennis,Tennis Men's Doubles,,Leander Adrian Paes M India IND 2000 Summer Summer Sydney Tennis Tennis Men's Doubles ,leander adrian paes india ind summer summer sydney tennis tennis mens doubles,0
90518,Leander Adrian Paes,M,31.0,178.0,77.0,India,IND,2004 Summer,2004,Summer,Athina,Tennis,Tennis Men's Doubles,,Leander Adrian Paes M India IND 2004 Summer Summer Athina Tennis Tennis Men's Doubles ,leander adrian paes india ind summer summer athina tennis tennis mens doubles,0
90518,Leander Adrian Paes,M,35.0,178.0,77.0,India,IND,2008 Summer,2008,Summer,Beijing,Tennis,Tennis Men's Doubles,,Leander Adrian Paes M India IND 2008 Summer Summer Beijing Tennis Tennis Men's Doubles ,leander adrian paes india ind summer summer beijing tennis tennis mens doubles,0
90518,Leander Adrian Paes,M,39.0,178.0,77.0,India,IND,2012 Summer,2012,Summer,London,Tennis,Tennis Mixed Doubles,,Leander Adrian Paes M India IND 2012 Summer Summer London Tennis Tennis Mixed Doubles ,leander adrian paes india ind summer summer london tennis tennis mixed doubles,0
90518,Leander Adrian Paes,M,39.0,178.0,77.0,India-2,IND,2012 Summer,2012,Summer,London,Tennis,Tennis Men's Doubles,,Leander Adrian Paes M India-2 IND 2012 Summer Summer London Tennis Tennis Men's Doubles ,leander adrian paes india ind summer summer london tennis tennis mens doubles,0
90518,Leander Adrian Paes,M,43.0,178.0,77.0,India,IND,2016 Summer,2016,Summer,Rio de Janeiro,Tennis,Tennis Men's Doubles,,Leander Adrian Paes M India IND 2016 Summer Summer Rio de Janeiro Tennis Tennis Men's Doubles ,leander adrian paes india ind summer summer rio de janeiro tennis tennis mens doubles,0
90686,Amrit Pal,M,25.0,178.0,67.0,India,IND,1964 Summer,1964,Summer,Tokyo,Athletics,Athletics Men's 400 metres Hurdles,,Amrit Pal M India IND 1964 Summer Summer Tokyo Athletics Athletics Men's 400 metres Hurdles ,amrit pal india ind summer summer tokyo athletics athletics mens metres hurdles,1
90686,Amrit Pal,M,25.0,178.0,67.0,India,IND,1964 Summer,1964,Summer,Tokyo,Athletics,Athletics Men's 4 x 400 metres Relay,,Amrit Pal M India IND 1964 Summer Summer Tokyo Athletics Athletics Men's 4 x 400 metres Relay ,amrit pal india ind summer summer tokyo athletics athletics mens x metres relay,1
90690,Krishna Chandra Pal,M,,,,India,IND,1956 Summer,1956,Summer,Melbourne,Football,Football Men's Football,,Krishna Chandra Pal M India IND 1956 Summer Summer Melbourne Football Football Men's Football ,krishna chandra pal india ind summer summer melbourne football football mens football,0
90999,Paulose Pandari Kunnel,M,27.0,185.0,78.0,India,IND,2004 Summer,2004,Summer,Athina,Rowing,Rowing Men's Single Sculls,,Paulose Pandari Kunnel M India IND 2004 Summer Summer Athina Rowing Rowing Men's Single Sculls ,paulose pandari kunnel india ind summer summer athina rowing rowing mens single sculls,0
91003,Lakhshmi Kant Pandey,M,,,,India,IND,1956 Summer,1956,Summer,Melbourne,Wrestling,"Wrestling Men's Lightweight, Freestyle",,"Lakhshmi Kant Pandey M India IND 1956 Summer Summer Melbourne Wrestling Wrestling Men's Lightweight, Freestyle ",lakhshmi kant pandey india ind summer summer melbourne wrestling wrestling mens lightweight freestyle,0
91005,Tarashkeswar Pandey,M,,,,India,IND,1956 Summer,1956,Summer,Melbourne,Wrestling,"Wrestling Men's Bantamweight, Freestyle",,"Tarashkeswar Pandey M India IND 1956 Summer Summer Melbourne Wrestling Wrestling Men's Bantamweight, Freestyle ",tarashkeswar pandey india ind summer summer melbourne wrestling wrestling mens bantamweight freestyle,0
91009,Varalakshimi Pandimukkala Venkata,F,21.0,,,India,IND,1996 Summer,1996,Summer,Atlanta,Badminton,Badminton Women's Singles,,Varalakshimi Pandimukkala Venkata F India IND 1996 Summer Summer Atlanta Badminton Badminton Women's Singles ,varalakshimi pandimukkala venkata f india ind summer summer atlanta badminton badminton womens singles,0
91320,Ramchandra Balaram Parab,M,,,,India,IND,1948 Summer,1948,Summer,London,Football,Football Men's Football,,Ramchandra Balaram Parab M India IND 1948 Summer Summer London Football Football Men's Football ,ramchandra balaram parab india ind summer summer london football football mens football,0
92005,Sumeet Patel,M,43.0,171.0,62.0,India,IND,2004 Summer,2004,Summer,Athina,Sailing,Sailing Mixed Skiff,,Sumeet Patel M India IND 2004 Summer Summer Athina Sailing Sailing Mixed Skiff ,sumeet patel india ind summer summer athina sailing sailing mixed skiff,0
92038,Bandu Patil,M,28.0,160.0,61.0,India,IND,1964 Summer,1964,Summer,Tokyo,Hockey,Hockey Men's Hockey,Gold,Bandu Patil M India IND 1964 Summer Summer Tokyo Hockey Hockey Men's Hockey Gold,bandu patil india ind summer summer tokyo hockey hockey mens hockey gold,2
92039,Bandu Patil,M,22.0,,63.0,India,IND,1964 Summer,1964,Summer,Tokyo,Wrestling,"Wrestling Men's Featherweight, Greco-Roman",,"Bandu Patil M India IND 1964 Summer Summer Tokyo Wrestling Wrestling Men's Featherweight, Greco-Roman ",bandu patil india ind summer summer tokyo wrestling wrestling mens featherweight grecoroman,0
92039,Bandu Patil,M,22.0,,63.0,India,IND,1964 Summer,1964,Summer,Tokyo,Wrestling,"Wrestling Men's Featherweight, Freestyle",,"Bandu Patil M India IND 1964 Summer Summer Tokyo Wrestling Wrestling Men's Featherweight, Freestyle ",bandu patil india ind summer summer tokyo wrestling wrestling mens featherweight freestyle,0
92040,M. R. Patil,M,24.0,,,India,IND,1992 Summer,1992,Summer,Barcelona,Wrestling,"Wrestling Men's Featherweight, Greco-Roman",,"M. R. Patil M India IND 1992 Summer Summer Barcelona Wrestling Wrestling Men's Featherweight, Greco-Roman ",r patil india ind summer summer barcelona wrestling wrestling mens featherweight grecoroman,0
92114,Mark Philip Patterson,M,19.0,164.0,66.0,India,IND,1988 Summer,1988,Summer,Seoul,Hockey,Hockey Men's Hockey,,Mark Philip Patterson M India IND 1988 Summer Summer Seoul Hockey Hockey Men's Hockey ,mark philip patterson india ind summer summer seoul hockey hockey mens hockey,2
92155,Ayonika Paul,F,23.0,174.0,74.0,India,IND,2016 Summer,2016,Summer,Rio de Janeiro,Shooting,"Shooting Women's Air Rifle, 10 metres",,"Ayonika Paul F India IND 2016 Summer Summer Rio de Janeiro Shooting Shooting Women's Air Rifle, 10 metres ",ayonika paul f india ind summer summer rio de janeiro shooting shooting womens air rifle metres,0
93686,Govind Perumal,M,26.0,,,India,IND,1952 Summer,1952,Summer,Helsinki,Hockey,Hockey Men's Hockey,Gold,Govind Perumal M India IND 1952 Summer Summer Helsinki Hockey Hockey Men's Hockey Gold,govind perumal india ind summer summer helsinki hockey hockey mens hockey gold,2
93686,Govind Perumal,M,31.0,,,India,IND,1956 Summer,1956,Summer,Melbourne,Hockey,Hockey Men's Hockey,Gold,Govind Perumal M India IND 1956 Summer Summer Melbourne Hockey Hockey Men's Hockey Gold,govind perumal india ind summer summer melbourne hockey hockey mens hockey gold,2
93687,Krishnamurty Perumal,M,21.0,174.0,78.0,India,IND,1968 Summer,1968,Summer,Mexico City,Hockey,Hockey Men's Hockey,Bronze,Krishnamurty Perumal M India IND 1968 Summer Summer Mexico City Hockey Hockey Men's Hockey Bronze,krishnamurty perumal india ind summer summer mexico city hockey hockey mens hockey bronze,2
93687,Krishnamurty Perumal,M,24.0,174.0,78.0,India,IND,1972 Summer,1972,Summer,Munich,Hockey,Hockey Men's Hockey,Bronze,Krishnamurty Perumal M India IND 1972 Summer Summer Munich Hockey Hockey Men's Hockey Bronze,krishnamurty perumal india ind summer summer munich hockey hockey mens hockey bronze,2
93798,"Victor John ""V. J."" Peter",M,23.0,165.0,59.0,India,IND,1960 Summer,1960,Summer,Roma,Hockey,Hockey Men's Hockey,Silver,"Victor John ""V. J."" Peter M India IND 1960 Summer Summer Roma Hockey Hockey Men's Hockey Silver",victor john v j peter india ind summer summer roma hockey hockey mens hockey silver,2
93798,"Victor John ""V. J."" Peter",M,27.0,165.0,59.0,India,IND,1964 Summer,1964,Summer,Tokyo,Hockey,Hockey Men's Hockey,Gold,"Victor John ""V. J."" Peter M India IND 1964 Summer Summer Tokyo Hockey Hockey Men's Hockey Gold",victor john v j peter india ind summer summer tokyo hockey hockey mens hockey gold,2
93798,"Victor John ""V. J."" Peter",M,31.0,165.0,59.0,India,IND,1968 Summer,1968,Summer,Mexico City,Hockey,Hockey Men's Hockey,Bronze,"Victor John ""V. J."" Peter M India IND 1968 Summer Summer Mexico City Hockey Hockey Men's Hockey Bronze",victor john v j peter india ind summer summer mexico city hockey hockey mens hockey bronze,2
94451,Jincy Phillip,F,23.0,173.0,58.0,India,IND,2000 Summer,2000,Summer,Sydney,Athletics,Athletics Women's 4 x 400 metres Relay,,Jincy Phillip F India IND 2000 Summer Summer Sydney Athletics Athletics Women's 4 x 400 metres Relay ,jincy phillip f india ind summer summer sydney athletics athletics womens x metres relay,1
94482,"Joseph ""Joe"" Phillips",M,25.0,,,India,IND,1936 Summer,1936,Summer,Berlin,Hockey,Hockey Men's Hockey,Gold,"Joseph ""Joe"" Phillips M India IND 1936 Summer Summer Berlin Hockey Hockey Men's Hockey Gold",joseph joe phillips india ind summer summer berlin hockey hockey mens hockey gold,2
94495,"Vadivelu ""V. J."" Phillips",M,25.0,170.0,59.0,India,IND,1976 Summer,1976,Summer,Montreal,Hockey,Hockey Men's Hockey,,"Vadivelu ""V. J."" Phillips M India IND 1976 Summer Summer Montreal Hockey Hockey Men's Hockey ",vadivelu v j phillips india ind summer summer montreal hockey hockey mens hockey,2
94515,Geeta Phogat,F,23.0,153.0,62.0,India,IND,2012 Summer,2012,Summer,London,Wrestling,"Wrestling Women's Lightweight, Freestyle",,"Geeta Phogat F India IND 2012 Summer Summer London Wrestling Wrestling Women's Lightweight, Freestyle ",geeta phogat f india ind summer summer london wrestling wrestling womens lightweight freestyle,0
94516,Vinesh Phogat,F,21.0,165.0,56.0,India,IND,2016 Summer,2016,Summer,Rio de Janeiro,Wrestling,"Wrestling Women's Flyweight, Freestyle",,"Vinesh Phogat F India IND 2016 Summer Summer Rio de Janeiro Wrestling Wrestling Women's Flyweight, Freestyle ",vinesh phogat f india ind summer summer rio de janeiro wrestling wrestling womens flyweight freestyle,0
94596,Rajasekaran Pichaya,M,23.0,167.0,57.0,India,IND,1964 Summer,1964,Summer,Tokyo,Athletics,Athletics Men's 4 x 100 metres Relay,,Rajasekaran Pichaya M India IND 1964 Summer Summer Tokyo Athletics Athletics Men's 4 x 100 metres Relay ,rajasekaran pichaya india ind summer summer tokyo athletics athletics mens x metres relay,1
94878,Dhanraj Pillay,M,24.0,170.0,68.0,India,IND,1992 Summer,1992,Summer,Barcelona,Hockey,Hockey Men's Hockey,,Dhanraj Pillay M India IND 1992 Summer Summer Barcelona Hockey Hockey Men's Hockey ,dhanraj pillay india ind summer summer barcelona hockey hockey mens hockey,2
94878,Dhanraj Pillay,M,28.0,170.0,68.0,India,IND,1996 Summer,1996,Summer,Atlanta,Hockey,Hockey Men's Hockey,,Dhanraj Pillay M India IND 1996 Summer Summer Atlanta Hockey Hockey Men's Hockey ,dhanraj pillay india ind summer summer atlanta hockey hockey mens hockey,2
94878,Dhanraj Pillay,M,32.0,170.0,68.0,India,IND,2000 Summer,2000,Summer,Sydney,Hockey,Hockey Men's Hockey,,Dhanraj Pillay M India IND 2000 Summer Summer Sydney Hockey Hockey Men's Hockey ,dhanraj pillay india ind summer summer sydney hockey hockey mens hockey,2
94878,Dhanraj Pillay,M,36.0,170.0,68.0,India,IND,2004 Summer,2004,Summer,Athina,Hockey,Hockey Men's Hockey,,Dhanraj Pillay M India IND 2004 Summer Summer Athina Hockey Hockey Men's Hockey ,dhanraj pillay india ind summer summer athina hockey hockey mens hockey,2
94881,Vikram Vishnu Pillay,M,22.0,162.0,72.0,India,IND,2004 Summer,2004,Summer,Athina,Hockey,Hockey Men's Hockey,,Vikram Vishnu Pillay M India IND 2004 Summer Summer Athina Hockey Hockey Men's Hockey ,vikram vishnu pillay india ind summer summer athina hockey hockey mens hockey,2
94977,Manoj Dattatray Pingale,M,20.0,165.0,51.0,India,IND,1988 Summer,1988,Summer,Seoul,Boxing,Boxing Men's Flyweight,,Manoj Dattatray Pingale M India IND 1988 Summer Summer Seoul Boxing Boxing Men's Flyweight ,manoj dattatray pingale india ind summer summer seoul boxing boxing mens flyweight,0
95008,Broome Eric Pinniger,M,25.0,180.0,,India,IND,1928 Summer,1928,Summer,Amsterdam,Hockey,Hockey Men's Hockey,Gold,Broome Eric Pinniger M India IND 1928 Summer Summer Amsterdam Hockey Hockey Men's Hockey Gold,broome eric pinniger india ind summer summer amsterdam hockey hockey mens hockey gold,2
95008,Broome Eric Pinniger,M,29.0,180.0,,India,IND,1932 Summer,1932,Summer,Los Angeles,Hockey,Hockey Men's Hockey,Gold,Broome Eric Pinniger M India IND 1932 Summer Summer Los Angeles Hockey Hockey Men's Hockey Gold,broome eric pinniger india ind summer summer los angeles hockey hockey mens hockey gold,2
95055,"Lavinho Thomas ""Lavy"" Pinto",M,22.0,,,India,IND,1952 Summer,1952,Summer,Helsinki,Athletics,Athletics Men's 100 metres,,"Lavinho Thomas ""Lavy"" Pinto M India IND 1952 Summer Summer Helsinki Athletics Athletics Men's 100 metres ",lavinho thomas lavy pinto india ind summer summer helsinki athletics athletics mens metres,1
95055,"Lavinho Thomas ""Lavy"" Pinto",M,22.0,,,India,IND,1952 Summer,1952,Summer,Helsinki,Athletics,Athletics Men's 200 metres,,"Lavinho Thomas ""Lavy"" Pinto M India IND 1952 Summer Summer Helsinki Athletics Athletics Men's 200 metres ",lavinho thomas lavy pinto india ind summer summer helsinki athletics athletics mens metres,1
95056,Leo Hillary Knowles Pinto,M,34.0,,,India,IND,1948 Summer,1948,Summer,London,Hockey,Hockey Men's Hockey,Gold,Leo Hillary Knowles Pinto M India IND 1948 Summer Summer London Hockey Hockey Men's Hockey Gold,leo hillary knowles pinto india ind summer summer london hockey hockey mens hockey gold,2
95249,Terence Keith Pitt,M,20.0,,,India,IND,1924 Summer,1924,Summer,Paris,Athletics,Athletics Men's 100 metres,,Terence Keith Pitt M India IND 1924 Summer Summer Paris Athletics Athletics Men's 100 metres ,terence keith pitt india ind summer summer paris athletics athletics mens metres,1
95249,Terence Keith Pitt,M,20.0,,,India,IND,1924 Summer,1924,Summer,Paris,Athletics,Athletics Men's 200 metres,,Terence Keith Pitt M India IND 1924 Summer Summer Paris Athletics Athletics Men's 200 metres ,terence keith pitt india ind summer summer paris athletics athletics mens metres,1
95249,Terence Keith Pitt,M,20.0,,,India,IND,1924 Summer,1924,Summer,Paris,Athletics,Athletics Men's 400 metres,,Terence Keith Pitt M India IND 1924 Summer Summer Paris Athletics Athletics Men's 400 metres ,terence keith pitt india ind summer summer paris athletics athletics mens metres,1
95896,Nora Margaret Polley (Fischer-),F,29.0,,,India,IND,1924 Summer,1924,Summer,Paris,Tennis,Tennis Women's Singles,,Nora Margaret Polley (Fischer-) F India IND 1924 Summer Summer Paris Tennis Tennis Women's Singles ,nora margaret polley fischer f india ind summer summer paris tennis tennis womens singles,0
95896,Nora Margaret Polley (Fischer-),F,29.0,,,India,IND,1924 Summer,1924,Summer,Paris,Tennis,Tennis Mixed Doubles,,Nora Margaret Polley (Fischer-) F India IND 1924 Summer Summer Paris Tennis Tennis Mixed Doubles ,nora margaret polley fischer f india ind summer summer paris tennis tennis mixed doubles,0
96004,Daniel Pon Mony,M,26.0,,59.0,India,IND,1948 Summer,1948,Summer,London,Weightlifting,Weightlifting Men's Featherweight,,Daniel Pon Mony M India IND 1948 Summer Summer London Weightlifting Weightlifting Men's Featherweight ,daniel pon mony india ind summer summer london weightlifting weightlifting mens featherweight,0
96004,Daniel Pon Mony,M,30.0,,59.0,India,IND,1952 Summer,1952,Summer,Helsinki,Weightlifting,Weightlifting Men's Featherweight,,Daniel Pon Mony M India IND 1952 Summer Summer Helsinki Weightlifting Weightlifting Men's Featherweight ,daniel pon mony india ind summer summer helsinki weightlifting weightlifting mens featherweight,0
96014,Rehan Jahangir Poncha,M,22.0,180.0,68.0,India,IND,2008 Summer,2008,Summer,Beijing,Swimming,Swimming Men's 200 metres Butterfly,,Rehan Jahangir Poncha M India IND 2008 Summer Summer Beijing Swimming Swimming Men's 200 metres Butterfly ,rehan jahangir poncha india ind summer summer beijing swimming swimming mens metres butterfly,0
96036,Ashwini Ponnappa,F,22.0,165.0,59.0,India,IND,2012 Summer,2012,Summer,London,Badminton,Badminton Women's Doubles,,Ashwini Ponnappa F India IND 2012 Summer Summer London Badminton Badminton Women's Doubles ,ashwini ponnappa f india ind summer summer london badminton badminton womens doubles,0
96036,Ashwini Ponnappa,F,26.0,165.0,59.0,India,IND,2016 Summer,2016,Summer,Rio de Janeiro,Badminton,Badminton Women's Doubles,,Ashwini Ponnappa F India IND 2016 Summer Summer Rio de Janeiro Badminton Badminton Women's Doubles ,ashwini ponnappa f india ind summer summer rio de janeiro badminton badminton womens doubles,0
96094,Cheppudira Subbaih Poonacha,M,26.0,,,India,IND,1992 Summer,1992,Summer,Barcelona,Hockey,Hockey Men's Hockey,,Cheppudira Subbaih Poonacha M India IND 1992 Summer Summer Barcelona Hockey Hockey Men's Hockey ,cheppudira subbaih poonacha india ind summer summer barcelona hockey hockey mens hockey,2
96095,Krishna Poonia,F,26.0,182.0,80.0,India,IND,2008 Summer,2008,Summer,Beijing,Athletics,Athletics Women's Discus Throw,,Krishna Poonia F India IND 2008 Summer Summer Beijing Athletics Athletics Women's Discus Throw ,krishna poonia f india ind summer summer beijing athletics athletics womens discus throw,1
96095,Krishna Poonia,F,30.0,182.0,80.0,India,IND,2012 Summer,2012,Summer,London,Athletics,Athletics Women's Discus Throw,,Krishna Poonia F India IND 2012 Summer Summer London Athletics Athletics Women's Discus Throw ,krishna poonia f india ind summer summer london athletics athletics womens discus throw,1
96125,Lalji Aparna Popat,F,22.0,160.0,65.0,India,IND,2000 Summer,2000,Summer,Sydney,Badminton,Badminton Women's Singles,,Lalji Aparna Popat F India IND 2000 Summer Summer Sydney Badminton Badminton Women's Singles ,lalji aparna popat f india ind summer summer sydney badminton badminton womens singles,0
96125,Lalji Aparna Popat,F,26.0,160.0,65.0,India,IND,2004 Summer,2004,Summer,Athina,Badminton,Badminton Women's Singles,,Lalji Aparna Popat F India IND 2004 Summer Summer Athina Badminton Badminton Women's Singles ,lalji aparna popat f india ind summer summer athina badminton badminton womens singles,0
96374,Ankur Poseria,M,21.0,185.0,80.0,India,IND,2008 Summer,2008,Summer,Beijing,Swimming,Swimming Men's 100 metres Butterfly,,Ankur Poseria M India IND 2008 Summer Summer Beijing Swimming Swimming Men's 100 metres Butterfly ,ankur poseria india ind summer summer beijing swimming swimming mens metres butterfly,0
96597,"Machettira Raju ""M.R."" Povamma",F,26.0,175.0,59.0,India,IND,2016 Summer,2016,Summer,Rio de Janeiro,Athletics,Athletics Women's 4 x 400 metres Relay,,"Machettira Raju ""M.R."" Povamma F India IND 2016 Summer Summer Rio de Janeiro Athletics Athletics Women's 4 x 400 metres Relay ",machettira raju mr povamma f india ind summer summer rio de janeiro athletics athletics womens x metres relay,1
96626,"Kenneth Lawrence ""Ken"" Powell",M,24.0,171.0,61.0,India,IND,1964 Summer,1964,Summer,Tokyo,Athletics,Athletics Men's 100 metres,,"Kenneth Lawrence ""Ken"" Powell M India IND 1964 Summer Summer Tokyo Athletics Athletics Men's 100 metres ",kenneth lawrence ken powell india ind summer summer tokyo athletics athletics mens metres,1
96626,"Kenneth Lawrence ""Ken"" Powell",M,24.0,171.0,61.0,India,IND,1964 Summer,1964,Summer,Tokyo,Athletics,Athletics Men's 200 metres,,"Kenneth Lawrence ""Ken"" Powell M India IND 1964 Summer Summer Tokyo Athletics Athletics Men's 200 metres ",kenneth lawrence ken powell india ind summer summer tokyo athletics athletics mens metres,1
96626,"Kenneth Lawrence ""Ken"" Powell",M,24.0,171.0,61.0,India,IND,1964 Summer,1964,Summer,Tokyo,Athletics,Athletics Men's 4 x 100 metres Relay,,"Kenneth Lawrence ""Ken"" Powell M India IND 1964 Summer Summer Tokyo Athletics Athletics Men's 4 x 100 metres Relay ",kenneth lawrence ken powell india ind summer summer tokyo athletics athletics mens x metres relay,1
96659,Homi Powri,M,,,,India,IND,1948 Summer,1948,Summer,London,Cycling,"Cycling Men's Road Race, Individual",,"Homi Powri M India IND 1948 Summer Summer London Cycling Cycling Men's Road Race, Individual ",homi powri india ind summer summer london cycling cycling mens road race individual,0
96659,Homi Powri,M,,,,India,IND,1948 Summer,1948,Summer,London,Cycling,"Cycling Men's Road Race, Team",,"Homi Powri M India IND 1948 Summer Summer London Cycling Cycling Men's Road Race, Team ",homi powri india ind summer summer london cycling cycling mens road race team,0
96694,Eric Rajanicka Prabhakar Philip,M,23.0,,,India,IND,1948 Summer,1948,Summer,London,Athletics,Athletics Men's 100 metres,,Eric Rajanicka Prabhakar Philip M India IND 1948 Summer Summer London Athletics Athletics Men's 100 metres ,eric rajanicka prabhakar philip india ind summer summer london athletics athletics mens metres,1
96708,Jaslal Pradhan,M,27.0,168.0,90.0,India,IND,1984 Summer,1984,Summer,Los Angeles,Boxing,Boxing Men's Light-Welterweight,,Jaslal Pradhan M India IND 1984 Summer Summer Los Angeles Boxing Boxing Men's Light-Welterweight ,jaslal pradhan india ind summer summer los angeles boxing boxing mens lightwelterweight,0
96709,Nikki Pradhan,F,22.0,153.0,45.0,India,IND,2016 Summer,2016,Summer,Rio de Janeiro,Hockey,Hockey Women's Hockey,,Nikki Pradhan F India IND 2016 Summer Summer Rio de Janeiro Hockey Hockey Women's Hockey ,nikki pradhan f india ind summer summer rio de janeiro hockey hockey womens hockey,2
96729,Jai Kangar Prakash,M,26.0,185.0,90.0,India,IND,1984 Summer,1984,Summer,Los Angeles,Wrestling,"Wrestling Men's Light-Heavyweight, Freestyle",,"Jai Kangar Prakash M India IND 1984 Summer Summer Los Angeles Wrestling Wrestling Men's Light-Heavyweight, Freestyle ",jai kangar prakash india ind summer summer los angeles wrestling wrestling mens lightheavyweight freestyle,0
96730,Sajan Prakash Prakash,M,22.0,178.0,70.0,India,IND,2016 Summer,2016,Summer,Rio de Janeiro,Swimming,Swimming Men's 200 metres Butterfly,,Sajan Prakash Prakash M India IND 2016 Summer Summer Rio de Janeiro Swimming Swimming Men's 200 metres Butterfly ,sajan prakash prakash india ind summer summer rio de janeiro swimming swimming mens metres butterfly,0
96746,Ansuya Prasad,M,28.0,165.0,72.0,India,IND,1964 Summer,1964,Summer,Tokyo,Diving,Diving Men's Springboard,,Ansuya Prasad M India IND 1964 Summer Summer Tokyo Diving Diving Men's Springboard ,ansuya prasad india ind summer summer tokyo diving diving mens springboard,0
96747,Bahadur Prasad Singh,M,26.0,177.0,63.0,India,IND,1992 Summer,1992,Summer,Barcelona,Athletics,"Athletics Men's 5,000 metres",,"Bahadur Prasad Singh M India IND 1992 Summer Summer Barcelona Athletics Athletics Men's 5,000 metres ",bahadur prasad singh india ind summer summer barcelona athletics athletics mens metres,1
96747,Bahadur Prasad Singh,M,30.0,177.0,63.0,India,IND,1996 Summer,1996,Summer,Atlanta,Athletics,"Athletics Men's 1,500 metres",,"Bahadur Prasad Singh M India IND 1996 Summer Summer Atlanta Athletics Athletics Men's 1,500 metres ",bahadur prasad singh india ind summer summer atlanta athletics athletics mens metres,1
96750,Diwakar Prasad,M,19.0,162.0,54.0,India,IND,2004 Summer,2004,Summer,Athina,Boxing,Boxing Men's Bantamweight,,Diwakar Prasad M India IND 2004 Summer Summer Athina Boxing Boxing Men's Bantamweight ,diwakar prasad india ind summer summer athina boxing boxing mens bantamweight,0
96751,Mahabir Prasad,M,,,,India,IND,1948 Summer,1948,Summer,London,Football,Football Men's Football,,Mahabir Prasad M India IND 1948 Summer Summer London Football Football Men's Football ,mahabir prasad india ind summer summer london football football mens football,0
96753,Rajendra Prasad,M,20.0,,,India,IND,1992 Summer,1992,Summer,Barcelona,Boxing,Boxing Men's Light-Flyweight,,Rajendra Prasad M India IND 1992 Summer Summer Barcelona Boxing Boxing Men's Light-Flyweight ,rajendra prasad india ind summer summer barcelona boxing boxing mens lightflyweight,0
96754,Satyadev Prasad,M,24.0,170.0,64.0,India,IND,2004 Summer,2004,Summer,Athina,Archery,Archery Men's Individual,,Satyadev Prasad M India IND 2004 Summer Summer Athina Archery Archery Men's Individual ,satyadev prasad india ind summer summer athina archery archery mens individual,0
96754,Satyadev Prasad,M,24.0,170.0,64.0,India,IND,2004 Summer,2004,Summer,Athina,Archery,Archery Men's Team,,Satyadev Prasad M India IND 2004 Summer Summer Athina Archery Archery Men's Team ,satyadev prasad india ind summer summer athina archery archery mens team,0
97066,Norman Gilbert Pritchard (-Trevor),M,24.0,,,India,IND,1900 Summer,1900,Summer,Paris,Athletics,Athletics Men's 60 metres,,Norman Gilbert Pritchard (-Trevor) M India IND 1900 Summer Summer Paris Athletics Athletics Men's 60 metres ,norman gilbert pritchard trevor india ind summer summer paris athletics athletics mens metres,1
97066,Norman Gilbert Pritchard (-Trevor),M,24.0,,,India,IND,1900 Summer,1900,Summer,Paris,Athletics,Athletics Men's 100 metres,,Norman Gilbert Pritchard (-Trevor) M India IND 1900 Summer Summer Paris Athletics Athletics Men's 100 metres ,norman gilbert pritchard trevor india ind summer summer paris athletics athletics mens metres,1
97066,Norman Gilbert Pritchard (-Trevor),M,24.0,,,India,IND,1900 Summer,1900,Summer,Paris,Athletics,Athletics Men's 200 metres,Silver,Norman Gilbert Pritchard (-Trevor) M India IND 1900 Summer Summer Paris Athletics Athletics Men's 200 metres Silver,norman gilbert pritchard trevor india ind summer summer paris athletics athletics mens metres silver,1
97066,Norman Gilbert Pritchard (-Trevor),M,24.0,,,India,IND,1900 Summer,1900,Summer,Paris,Athletics,Athletics Men's 110 metres Hurdles,,Norman Gilbert Pritchard (-Trevor) M India IND 1900 Summer Summer Paris Athletics Athletics Men's 110 metres Hurdles ,norman gilbert pritchard trevor india ind summer summer paris athletics athletics mens metres hurdles,1
97066,Norman Gilbert Pritchard (-Trevor),M,24.0,,,India,IND,1900 Summer,1900,Summer,Paris,Athletics,Athletics Men's 200 metres Hurdles,Silver,Norman Gilbert Pritchard (-Trevor) M India IND 1900 Summer Summer Paris Athletics Athletics Men's 200 metres Hurdles Silver,norman gilbert pritchard trevor india ind summer summer paris athletics athletics mens metres hurdles silver,1
97474,Sushila Chanu Pukhrambam,F,24.0,152.0,52.0,India,IND,2016 Summer,2016,Summer,Rio de Janeiro,Hockey,Hockey Women's Hockey,,Sushila Chanu Pukhrambam F India IND 2016 Summer Summer Rio de Janeiro Hockey Hockey Women's Hockey ,sushila chanu pukhrambam f india ind summer summer rio de janeiro hockey hockey womens hockey,2
97536,Sapna Punia,F,28.0,,,India,IND,2016 Summer,2016,Summer,Rio de Janeiro,Athletics,Athletics Women's 20 kilometres Walk,,Sapna Punia F India IND 2016 Summer Summer Rio de Janeiro Athletics Athletics Women's 20 kilometres Walk ,sapna punia f india ind summer summer rio de janeiro athletics athletics womens kilometres walk,1
97537,Savita Punia,F,26.0,171.0,59.0,India,IND,2016 Summer,2016,Summer,Rio de Janeiro,Hockey,Hockey Women's Hockey,,Savita Punia F India IND 2016 Summer Summer Rio de Janeiro Hockey Hockey Women's Hockey ,savita punia f india ind summer summer rio de janeiro hockey hockey womens hockey,2
97587,Sangeeta Puri,F,16.0,,,India,IND,1996 Summer,1996,Summer,Atlanta,Swimming,Swimming Women's 50 metres Freestyle,,Sangeeta Puri F India IND 1996 Summer Summer Atlanta Swimming Swimming Women's 50 metres Freestyle ,sangeeta puri f india ind summer summer atlanta swimming swimming womens metres freestyle,0
97647,Kunhu Muhammed Puthanpurakkal,M,29.0,170.0,72.0,India,IND,2016 Summer,2016,Summer,Rio de Janeiro,Athletics,Athletics Men's 4 x 400 metres Relay,,Kunhu Muhammed Puthanpurakkal M India IND 2016 Summer Summer Rio de Janeiro Athletics Athletics Men's 4 x 400 metres Relay ,kunhu muhammed puthanpurakkal india ind summer summer rio de janeiro athletics athletics mens x metres relay,1
98145,Ambika Radhika,F,23.0,,,India,IND,1996 Summer,1996,Summer,Atlanta,Table Tennis,Table Tennis Women's Singles,,Ambika Radhika F India IND 1996 Summer Summer Atlanta Table Tennis Table Tennis Women's Singles ,ambika radhika f india ind summer summer atlanta table tennis table tennis womens singles,0
98361,Inam-ur Rahman,M,24.0,169.0,68.0,India,IND,1968 Summer,1968,Summer,Mexico City,Hockey,Hockey Men's Hockey,Bronze,Inam-ur Rahman M India IND 1968 Summer Summer Mexico City Hockey Hockey Men's Hockey Bronze,inamur rahman india ind summer summer mexico city hockey hockey mens hockey bronze,2
98391,Jitu Rai,M,28.0,160.0,64.0,India,IND,2016 Summer,2016,Summer,Rio de Janeiro,Shooting,"Shooting Men's Air Pistol, 10 metres",,"Jitu Rai M India IND 2016 Summer Summer Rio de Janeiro Shooting Shooting Men's Air Pistol, 10 metres ",jitu rai india ind summer summer rio de janeiro shooting shooting mens air pistol metres,0
98391,Jitu Rai,M,28.0,160.0,64.0,India,IND,2016 Summer,2016,Summer,Rio de Janeiro,Shooting,"Shooting Men's Free Pistol, 50 metres",,"Jitu Rai M India IND 2016 Summer Summer Rio de Janeiro Shooting Shooting Men's Free Pistol, 50 metres ",jitu rai india ind summer summer rio de janeiro shooting shooting mens free pistol metres,0
98392,Kishor Rahtna Rai,M,23.0,,,India,IND,1988 Winter,1988,Winter,Calgary,Alpine Skiing,Alpine Skiing Men's Slalom,,Kishor Rahtna Rai M India IND 1988 Winter Winter Calgary Alpine Skiing Alpine Skiing Men's Slalom ,kishor rahtna rai india ind winter winter calgary alpine skiing alpine skiing mens slalom,0
98396,Sanjay Kumar Rai,M,21.0,178.0,78.0,India,IND,2000 Summer,2000,Summer,Sydney,Athletics,Athletics Men's Long Jump,,Sanjay Kumar Rai M India IND 2000 Summer Summer Sydney Athletics Athletics Men's Long Jump ,sanjay kumar rai india ind summer summer sydney athletics athletics mens long jump,1
98397,Satheesha Rai,M,24.0,,76.0,India,IND,1996 Summer,1996,Summer,Atlanta,Weightlifting,Weightlifting Men's Middleweight,,Satheesha Rai M India IND 1996 Summer Summer Atlanta Weightlifting Weightlifting Men's Middleweight ,satheesha rai india ind summer summer atlanta weightlifting weightlifting mens middleweight,0
98398,Sen K. Rai,M,,,,India,IND,1976 Summer,1976,Summer,Montreal,Boxing,Boxing Men's Featherweight,,Sen K. Rai M India IND 1976 Summer Summer Montreal Boxing Boxing Men's Featherweight ,sen k rai india ind summer summer montreal boxing boxing mens featherweight,0
98399,Tarundeep Rai,M,20.0,174.0,60.0,India,IND,2004 Summer,2004,Summer,Athina,Archery,Archery Men's Individual,,Tarundeep Rai M India IND 2004 Summer Summer Athina Archery Archery Men's Individual ,tarundeep rai india ind summer summer athina archery archery mens individual,0
98399,Tarundeep Rai,M,20.0,174.0,60.0,India,IND,2004 Summer,2004,Summer,Athina,Archery,Archery Men's Team,,Tarundeep Rai M India IND 2004 Summer Summer Athina Archery Archery Men's Team ,tarundeep rai india ind summer summer athina archery archery mens team,0
98399,Tarundeep Rai,M,28.0,174.0,60.0,India,IND,2012 Summer,2012,Summer,London,Archery,Archery Men's Individual,,Tarundeep Rai M India IND 2012 Summer Summer London Archery Archery Men's Individual ,tarundeep rai india ind summer summer london archery archery mens individual,0
98399,Tarundeep Rai,M,28.0,174.0,60.0,India,IND,2012 Summer,2012,Summer,London,Archery,Archery Men's Team,,Tarundeep Rai M India IND 2012 Summer Summer London Archery Archery Men's Team ,tarundeep rai india ind summer summer london archery archery mens team,0
98452,Dandamudi Rajagopal,M,31.0,,102.5,India,IND,1948 Summer,1948,Summer,London,Weightlifting,Weightlifting Men's Heavyweight,,Dandamudi Rajagopal M India IND 1948 Summer Summer London Weightlifting Weightlifting Men's Heavyweight ,dandamudi rajagopal india ind summer summer london weightlifting weightlifting mens heavyweight,0
98452,Dandamudi Rajagopal,M,40.0,,102.5,India,IND,1956 Summer,1956,Summer,Melbourne,Weightlifting,Weightlifting Men's Heavyweight,,Dandamudi Rajagopal M India IND 1956 Summer Summer Melbourne Weightlifting Weightlifting Men's Heavyweight ,dandamudi rajagopal india ind summer summer melbourne weightlifting weightlifting mens heavyweight,0
98453,Muniswamy Rajagopal,M,26.0,,,India,IND,1952 Summer,1952,Summer,Helsinki,Hockey,Hockey Men's Hockey,Gold,Muniswamy Rajagopal M India IND 1952 Summer Summer Helsinki Hockey Hockey Men's Hockey Gold,muniswamy rajagopal india ind summer summer helsinki hockey hockey mens hockey gold,2
98476,Soundarajan Arokia Rajiv,M,25.0,175.0,65.0,India,IND,2016 Summer,2016,Summer,Rio de Janeiro,Athletics,Athletics Men's 4 x 400 metres Relay,,Soundarajan Arokia Rajiv M India IND 2016 Summer Summer Rio de Janeiro Athletics Athletics Men's 4 x 400 metres Relay ,soundarajan arokia rajiv india ind summer summer rio de janeiro athletics athletics mens x metres relay,1
98487,Jaswant Singh Rajput,M,,,,India,IND,1948 Summer,1948,Summer,London,Hockey,Hockey Men's Hockey,Gold,Jaswant Singh Rajput M India IND 1948 Summer Summer London Hockey Hockey Men's Hockey Gold,jaswant singh rajput india ind summer summer london hockey hockey mens hockey gold,2
98488,Sanjeev Rajput,M,27.0,180.0,69.0,India,IND,2008 Summer,2008,Summer,Beijing,Shooting,"Shooting Men's Small-Bore Rifle, Three Positions, 50 metres",,"Sanjeev Rajput M India IND 2008 Summer Summer Beijing Shooting Shooting Men's Small-Bore Rifle, Three Positions, 50 metres ",sanjeev rajput india ind summer summer beijing shooting shooting mens smallbore rifle three positions metres,0
98488,Sanjeev Rajput,M,27.0,180.0,69.0,India,IND,2008 Summer,2008,Summer,Beijing,Shooting,"Shooting Men's Small-Bore Rifle, Prone, 50 metres",,"Sanjeev Rajput M India IND 2008 Summer Summer Beijing Shooting Shooting Men's Small-Bore Rifle, Prone, 50 metres ",sanjeev rajput india ind summer summer beijing shooting shooting mens smallbore rifle prone metres,0
98488,Sanjeev Rajput,M,31.0,180.0,69.0,India,IND,2012 Summer,2012,Summer,London,Shooting,"Shooting Men's Small-Bore Rifle, Three Positions, 50 metres",,"Sanjeev Rajput M India IND 2012 Summer Summer London Shooting Shooting Men's Small-Bore Rifle, Three Positions, 50 metres ",sanjeev rajput india ind summer summer london shooting shooting mens smallbore rifle three positions metres,0
98544,Anant Ram,M,24.0,,,India,IND,1956 Summer,1956,Summer,Melbourne,Gymnastics,Gymnastics Men's Individual All-Around,,Anant Ram M India IND 1956 Summer Summer Melbourne Gymnastics Gymnastics Men's Individual All-Around ,anant ram india ind summer summer melbourne gymnastics gymnastics mens individual allaround,0
98544,Anant Ram,M,24.0,,,India,IND,1956 Summer,1956,Summer,Melbourne,Gymnastics,Gymnastics Men's Floor Exercise,,Anant Ram M India IND 1956 Summer Summer Melbourne Gymnastics Gymnastics Men's Floor Exercise ,anant ram india ind summer summer melbourne gymnastics gymnastics mens floor exercise,0
98544,Anant Ram,M,24.0,,,India,IND,1956 Summer,1956,Summer,Melbourne,Gymnastics,Gymnastics Men's Horse Vault,,Anant Ram M India IND 1956 Summer Summer Melbourne Gymnastics Gymnastics Men's Horse Vault ,anant ram india ind summer summer melbourne gymnastics gymnastics mens horse vault,0
98544,Anant Ram,M,24.0,,,India,IND,1956 Summer,1956,Summer,Melbourne,Gymnastics,Gymnastics Men's Parallel Bars,,Anant Ram M India IND 1956 Summer Summer Melbourne Gymnastics Gymnastics Men's Parallel Bars ,anant ram india ind summer summer melbourne gymnastics gymnastics mens parallel bars,0
98544,Anant Ram,M,24.0,,,India,IND,1956 Summer,1956,Summer,Melbourne,Gymnastics,Gymnastics Men's Horizontal Bar,,Anant Ram M India IND 1956 Summer Summer Melbourne Gymnastics Gymnastics Men's Horizontal Bar ,anant ram india ind summer summer melbourne gymnastics gymnastics mens horizontal bar,0
98544,Anant Ram,M,24.0,,,India,IND,1956 Summer,1956,Summer,Melbourne,Gymnastics,Gymnastics Men's Rings,,Anant Ram M India IND 1956 Summer Summer Melbourne Gymnastics Gymnastics Men's Rings ,anant ram india ind summer summer melbourne gymnastics gymnastics mens rings,0
98544,Anant Ram,M,24.0,,,India,IND,1956 Summer,1956,Summer,Melbourne,Gymnastics,Gymnastics Men's Pommelled Horse,,Anant Ram M India IND 1956 Summer Summer Melbourne Gymnastics Gymnastics Men's Pommelled Horse ,anant ram india ind summer summer melbourne gymnastics gymnastics mens pommelled horse,0
98544,Anant Ram,M,31.0,,,India,IND,1964 Summer,1964,Summer,Tokyo,Gymnastics,Gymnastics Men's Individual All-Around,,Anant Ram M India IND 1964 Summer Summer Tokyo Gymnastics Gymnastics Men's Individual All-Around ,anant ram india ind summer summer tokyo gymnastics gymnastics mens individual allaround,0
98544,Anant Ram,M,31.0,,,India,IND,1964 Summer,1964,Summer,Tokyo,Gymnastics,Gymnastics Men's Team All-Around,,Anant Ram M India IND 1964 Summer Summer Tokyo Gymnastics Gymnastics Men's Team All-Around ,anant ram india ind summer summer tokyo gymnastics gymnastics mens team allaround,0
98544,Anant Ram,M,31.0,,,India,IND,1964 Summer,1964,Summer,Tokyo,Gymnastics,Gymnastics Men's Floor Exercise,,Anant Ram M India IND 1964 Summer Summer Tokyo Gymnastics Gymnastics Men's Floor Exercise ,anant ram india ind summer summer tokyo gymnastics gymnastics mens floor exercise,0
98544,Anant Ram,M,31.0,,,India,IND,1964 Summer,1964,Summer,Tokyo,Gymnastics,Gymnastics Men's Horse Vault,,Anant Ram M India IND 1964 Summer Summer Tokyo Gymnastics Gymnastics Men's Horse Vault ,anant ram india ind summer summer tokyo gymnastics gymnastics mens horse vault,0
98544,Anant Ram,M,31.0,,,India,IND,1964 Summer,1964,Summer,Tokyo,Gymnastics,Gymnastics Men's Parallel Bars,,Anant Ram M India IND 1964 Summer Summer Tokyo Gymnastics Gymnastics Men's Parallel Bars ,anant ram india ind summer summer tokyo gymnastics gymnastics mens parallel bars,0
98544,Anant Ram,M,31.0,,,India,IND,1964 Summer,1964,Summer,Tokyo,Gymnastics,Gymnastics Men's Horizontal Bar,,Anant Ram M India IND 1964 Summer Summer Tokyo Gymnastics Gymnastics Men's Horizontal Bar ,anant ram india ind summer summer tokyo gymnastics gymnastics mens horizontal bar,0
98544,Anant Ram,M,31.0,,,India,IND,1964 Summer,1964,Summer,Tokyo,Gymnastics,Gymnastics Men's Rings,,Anant Ram M India IND 1964 Summer Summer Tokyo Gymnastics Gymnastics Men's Rings ,anant ram india ind summer summer tokyo gymnastics gymnastics mens rings,0
98544,Anant Ram,M,31.0,,,India,IND,1964 Summer,1964,Summer,Tokyo,Gymnastics,Gymnastics Men's Pommelled Horse,,Anant Ram M India IND 1964 Summer Summer Tokyo Gymnastics Gymnastics Men's Pommelled Horse ,anant ram india ind summer summer tokyo gymnastics gymnastics mens pommelled horse,0
98546,Bahadur Chettri Ram,M,23.0,157.0,59.0,India,IND,1960 Summer,1960,Summer,Roma,Football,Football Men's Football,,Bahadur Chettri Ram M India IND 1960 Summer Summer Roma Football Football Men's Football ,bahadur chettri ram india ind summer summer roma football football mens football,0
98547,Chandgi Ram,M,34.0,192.0,90.0,India,IND,1972 Summer,1972,Summer,Munich,Wrestling,"Wrestling Men's Light-Heavyweight, Freestyle",,"Chandgi Ram M India IND 1972 Summer Summer Munich Wrestling Wrestling Men's Light-Heavyweight, Freestyle ",chandgi ram india ind summer summer munich wrestling wrestling mens lightheavyweight freestyle,0
98548,Kheta Ram,M,29.0,169.0,53.0,India,IND,2016 Summer,2016,Summer,Rio de Janeiro,Athletics,Athletics Men's Marathon,,Kheta Ram M India IND 2016 Summer Summer Rio de Janeiro Athletics Athletics Men's Marathon ,kheta ram india ind summer summer rio de janeiro athletics athletics mens marathon,1
98549,Khushi Ram,M,36.0,,,India,IND,1952 Summer,1952,Summer,Helsinki,Gymnastics,Gymnastics Men's Individual All-Around,,Khushi Ram M India IND 1952 Summer Summer Helsinki Gymnastics Gymnastics Men's Individual All-Around ,khushi ram india ind summer summer helsinki gymnastics gymnastics mens individual allaround,0
98549,Khushi Ram,M,36.0,,,India,IND,1952 Summer,1952,Summer,Helsinki,Gymnastics,Gymnastics Men's Floor Exercise,,Khushi Ram M India IND 1952 Summer Summer Helsinki Gymnastics Gymnastics Men's Floor Exercise ,khushi ram india ind summer summer helsinki gymnastics gymnastics mens floor exercise,0
98549,Khushi Ram,M,36.0,,,India,IND,1952 Summer,1952,Summer,Helsinki,Gymnastics,Gymnastics Men's Horse Vault,,Khushi Ram M India IND 1952 Summer Summer Helsinki Gymnastics Gymnastics Men's Horse Vault ,khushi ram india ind summer summer helsinki gymnastics gymnastics mens horse vault,0
98549,Khushi Ram,M,36.0,,,India,IND,1952 Summer,1952,Summer,Helsinki,Gymnastics,Gymnastics Men's Parallel Bars,,Khushi Ram M India IND 1952 Summer Summer Helsinki Gymnastics Gymnastics Men's Parallel Bars ,khushi ram india ind summer summer helsinki gymnastics gymnastics mens parallel bars,0
98549,Khushi Ram,M,36.0,,,India,IND,1952 Summer,1952,Summer,Helsinki,Gymnastics,Gymnastics Men's Horizontal Bar,,Khushi Ram M India IND 1952 Summer Summer Helsinki Gymnastics Gymnastics Men's Horizontal Bar ,khushi ram india ind summer summer helsinki gymnastics gymnastics mens horizontal bar,0
98549,Khushi Ram,M,36.0,,,India,IND,1952 Summer,1952,Summer,Helsinki,Gymnastics,Gymnastics Men's Rings,,Khushi Ram M India IND 1952 Summer Summer Helsinki Gymnastics Gymnastics Men's Rings ,khushi ram india ind summer summer helsinki gymnastics gymnastics mens rings,0
98549,Khushi Ram,M,36.0,,,India,IND,1952 Summer,1952,Summer,Helsinki,Gymnastics,Gymnastics Men's Pommelled Horse,,Khushi Ram M India IND 1952 Summer Summer Helsinki Gymnastics Gymnastics Men's Pommelled Horse ,khushi ram india ind summer summer helsinki gymnastics gymnastics mens pommelled horse,0
98550,Lila Ram Sangwan,M,25.0,,,India,IND,1956 Summer,1956,Summer,Melbourne,Wrestling,"Wrestling Men's Heavyweight, Freestyle",,"Lila Ram Sangwan M India IND 1956 Summer Summer Melbourne Wrestling Wrestling Men's Heavyweight, Freestyle ",lila ram sangwan india ind summer summer melbourne wrestling wrestling mens heavyweight freestyle,0
98551,Limba Ram,M,16.0,157.0,48.0,India,IND,1988 Summer,1988,Summer,Seoul,Archery,Archery Men's Individual,,Limba Ram M India IND 1988 Summer Summer Seoul Archery Archery Men's Individual ,limba ram india ind summer summer seoul archery archery mens individual,0
98551,Limba Ram,M,16.0,157.0,48.0,India,IND,1988 Summer,1988,Summer,Seoul,Archery,Archery Men's Team,,Limba Ram M India IND 1988 Summer Summer Seoul Archery Archery Men's Team ,limba ram india ind summer summer seoul archery archery mens team,0
98551,Limba Ram,M,20.0,157.0,48.0,India,IND,1992 Summer,1992,Summer,Barcelona,Archery,Archery Men's Individual,,Limba Ram M India IND 1992 Summer Summer Barcelona Archery Archery Men's Individual ,limba ram india ind summer summer barcelona archery archery mens individual,0
98551,Limba Ram,M,20.0,157.0,48.0,India,IND,1992 Summer,1992,Summer,Barcelona,Archery,Archery Men's Team,,Limba Ram M India IND 1992 Summer Summer Barcelona Archery Archery Men's Team ,limba ram india ind summer summer barcelona archery archery mens team,0
98551,Limba Ram,M,24.0,157.0,48.0,India,IND,1996 Summer,1996,Summer,Atlanta,Archery,Archery Men's Individual,,Limba Ram M India IND 1996 Summer Summer Atlanta Archery Archery Men's Individual ,limba ram india ind summer summer atlanta archery archery mens individual,0
98551,Limba Ram,M,24.0,157.0,48.0,India,IND,1996 Summer,1996,Summer,Atlanta,Archery,Archery Men's Team,,Limba Ram M India IND 1996 Summer Summer Atlanta Archery Archery Men's Team ,limba ram india ind summer summer atlanta archery archery mens team,0
98553,Siri Chand Ram,M,26.0,178.0,68.0,India,IND,1984 Summer,1984,Summer,Los Angeles,Athletics,Athletics Men's 20 kilometres Walk,,Siri Chand Ram M India IND 1984 Summer Summer Los Angeles Athletics Athletics Men's 20 kilometres Walk ,siri chand ram india ind summer summer los angeles athletics athletics mens kilometres walk,1
98558,Raghunath Vokkaliga Ramachandra,M,23.0,179.0,89.0,India,IND,2012 Summer,2012,Summer,London,Hockey,Hockey Men's Hockey,,Raghunath Vokkaliga Ramachandra M India IND 2012 Summer Summer London Hockey Hockey Men's Hockey ,raghunath vokkaliga ramachandra india ind summer summer london hockey hockey mens hockey,2
98558,Raghunath Vokkaliga Ramachandra,M,27.0,179.0,89.0,India,IND,2016 Summer,2016,Summer,Rio de Janeiro,Hockey,Hockey Men's Hockey,,Raghunath Vokkaliga Ramachandra M India IND 2016 Summer Summer Rio de Janeiro Hockey Hockey Men's Hockey ,raghunath vokkaliga ramachandra india ind summer summer rio de janeiro hockey hockey mens hockey,2
98559,S. Purukottam Ramachandran,M,29.0,180.0,68.0,India,IND,2000 Summer,2000,Summer,Sydney,Athletics,Athletics Men's 4 x 400 metres Relay,,S. Purukottam Ramachandran M India IND 2000 Summer Summer Sydney Athletics Athletics Men's 4 x 400 metres Relay ,purukottam ramachandran india ind summer summer sydney athletics athletics mens x metres relay,1
98588,Sarangapari Dhanraj Raman,M,,,,India,IND,1948 Summer,1948,Summer,London,Football,Football Men's Football,,Sarangapari Dhanraj Raman M India IND 1948 Summer Summer London Football Football Men's Football ,sarangapari dhanraj raman india ind summer summer london football football mens football,0
98750,Rani Rampal,F,21.0,160.0,60.0,India,IND,2016 Summer,2016,Summer,Rio de Janeiro,Hockey,Hockey Women's Hockey,,Rani Rampal F India IND 2016 Summer Summer Rio de Janeiro Hockey Hockey Women's Hockey ,rani rampal f india ind summer summer rio de janeiro hockey hockey womens hockey,2
98793,Amarjit Singh Rana,M,20.0,175.0,63.0,India,IND,1980 Summer,1980,Summer,Moskva,Hockey,Hockey Men's Hockey,Gold,Amarjit Singh Rana M India IND 1980 Summer Summer Moskva Hockey Hockey Men's Hockey Gold,amarjit singh rana india ind summer summer moskva hockey hockey mens hockey gold,2
98794,Basant Bahadur Rana,M,28.0,172.0,76.0,India,IND,2012 Summer,2012,Summer,London,Athletics,Athletics Men's 50 kilometres Walk,,Basant Bahadur Rana M India IND 2012 Summer Summer London Athletics Athletics Men's 50 kilometres Walk ,basant bahadur rana india ind summer summer london athletics athletics mens kilometres walk,1
98796,Jaspal Rana,M,20.0,,,India,IND,1996 Summer,1996,Summer,Atlanta,Shooting,"Shooting Men's Air Pistol, 10 metres",,"Jaspal Rana M India IND 1996 Summer Summer Atlanta Shooting Shooting Men's Air Pistol, 10 metres ",jaspal rana india ind summer summer atlanta shooting shooting mens air pistol metres,0
98796,Jaspal Rana,M,20.0,,,India,IND,1996 Summer,1996,Summer,Atlanta,Shooting,"Shooting Men's Free Pistol, 50 metres",,"Jaspal Rana M India IND 1996 Summer Summer Atlanta Shooting Shooting Men's Free Pistol, 50 metres ",jaspal rana india ind summer summer atlanta shooting shooting mens free pistol metres,0
98854,Ponnuswamy Rangaswamy,M,27.0,,56.0,India,IND,1992 Summer,1992,Summer,Barcelona,Weightlifting,Weightlifting Men's Bantamweight,,Ponnuswamy Rangaswamy M India IND 1992 Summer Summer Barcelona Weightlifting Weightlifting Men's Bantamweight ,ponnuswamy rangaswamy india ind summer summer barcelona weightlifting weightlifting mens bantamweight,0
98870,Poonam Rani,F,23.0,152.0,53.0,India,IND,2016 Summer,2016,Summer,Rio de Janeiro,Hockey,Hockey Women's Hockey,,Poonam Rani F India IND 2016 Summer Summer Rio de Janeiro Hockey Hockey Women's Hockey ,poonam rani f india ind summer summer rio de janeiro hockey hockey womens hockey,2
98911,Kelly Subbanand Rao,M,25.0,183.0,73.0,India,IND,1988 Summer,1988,Summer,Seoul,Sailing,Sailing Men's Two Person Dinghy,,Kelly Subbanand Rao M India IND 1988 Summer Summer Seoul Sailing Sailing Men's Two Person Dinghy ,kelly subbanand rao india ind summer summer seoul sailing sailing mens two person dinghy,0
98912,Mary Leela Rao,F,,,,India,IND,1956 Summer,1956,Summer,Melbourne,Athletics,Athletics Women's 100 metres,,Mary Leela Rao F India IND 1956 Summer Summer Melbourne Athletics Athletics Women's 100 metres ,mary leela rao f india ind summer summer melbourne athletics athletics womens metres,1
98913,Sunitha Rao,F,22.0,170.0,63.0,India,IND,2008 Summer,2008,Summer,Beijing,Tennis,Tennis Women's Doubles,,Sunitha Rao F India IND 2008 Summer Summer Beijing Tennis Tennis Women's Doubles ,sunitha rao f india ind summer summer beijing tennis tennis womens doubles,0
98914,Vandana Rao,F,21.0,168.0,54.0,India,IND,1984 Summer,1984,Summer,Los Angeles,Athletics,Athletics Women's 4 x 400 metres Relay,,Vandana Rao F India IND 1984 Summer Summer Los Angeles Athletics Athletics Women's 4 x 400 metres Relay ,vandana rao f india ind summer summer los angeles athletics athletics womens x metres relay,1
98914,Vandana Rao,F,25.0,168.0,54.0,India,IND,1988 Summer,1988,Summer,Seoul,Athletics,Athletics Women's 4 x 400 metres Relay,,Vandana Rao F India IND 1988 Summer Summer Seoul Athletics Athletics Women's 4 x 400 metres Relay ,vandana rao f india ind summer summer seoul athletics athletics womens x metres relay,1
99062,Viren Wilfred Rasquinha,M,23.0,170.0,65.0,India,IND,2004 Summer,2004,Summer,Athina,Hockey,Hockey Men's Hockey,,Viren Wilfred Rasquinha M India IND 2004 Summer Summer Athina Hockey Hockey Men's Hockey ,viren wilfred rasquinha india ind summer summer athina hockey hockey mens hockey,2
99080,Karam Rasul Kashmiri,M,25.0,,,India,IND,1936 Summer,1936,Summer,Berlin,Wrestling,"Wrestling Men's Middleweight, Freestyle",,"Karam Rasul Kashmiri M India IND 1936 Summer Summer Berlin Wrestling Wrestling Men's Middleweight, Freestyle ",karam rasul kashmiri india ind summer summer berlin wrestling wrestling mens middleweight freestyle,0
99103,Rajyavardhan Singh Rathore,M,34.0,188.0,85.0,India,IND,2004 Summer,2004,Summer,Athina,Shooting,Shooting Men's Double Trap,Silver,Rajyavardhan Singh Rathore M India IND 2004 Summer Summer Athina Shooting Shooting Men's Double Trap Silver,rajyavardhan singh rathore india ind summer summer athina shooting shooting mens double trap silver,0
99103,Rajyavardhan Singh Rathore,M,38.0,188.0,85.0,India,IND,2008 Summer,2008,Summer,Beijing,Shooting,Shooting Men's Double Trap,,Rajyavardhan Singh Rathore M India IND 2008 Summer Summer Beijing Shooting Shooting Men's Double Trap ,rajyavardhan singh rathore india ind summer summer beijing shooting shooting mens double trap,0
99208,Sreejesh Parattu Raveendran,M,24.0,183.0,79.0,India,IND,2012 Summer,2012,Summer,London,Hockey,Hockey Men's Hockey,,Sreejesh Parattu Raveendran M India IND 2012 Summer Summer London Hockey Hockey Men's Hockey ,sreejesh parattu raveendran india ind summer summer london hockey hockey mens hockey,2
99208,Sreejesh Parattu Raveendran,M,28.0,183.0,79.0,India,IND,2016 Summer,2016,Summer,Rio de Janeiro,Hockey,Hockey Men's Hockey,,Sreejesh Parattu Raveendran M India IND 2016 Summer Summer Rio de Janeiro Hockey Hockey Men's Hockey ,sreejesh parattu raveendran india ind summer summer rio de janeiro hockey hockey mens hockey,2
99271,Gene Vivienne Raymond,M,29.0,,,India,IND,1948 Summer,1948,Summer,London,Boxing,Boxing Men's Lightweight,,Gene Vivienne Raymond M India IND 1948 Summer Summer London Boxing Boxing Men's Lightweight ,gene vivienne raymond india ind summer summer london boxing boxing mens lightweight,0
99388,Henry Malcolm Rebello,M,19.0,,,India,IND,1948 Summer,1948,Summer,London,Athletics,Athletics Men's Triple Jump,,Henry Malcolm Rebello M India IND 1948 Summer Summer London Athletics Athletics Men's Triple Jump ,henry malcolm rebello india ind summer summer london athletics athletics mens triple jump,1
99466,Buss Sumeeth Reddy,M,24.0,182.0,64.0,India,IND,2016 Summer,2016,Summer,Rio de Janeiro,Badminton,Badminton Men's Doubles,,Buss Sumeeth Reddy M India IND 2016 Summer Summer Rio de Janeiro Badminton Badminton Men's Doubles ,buss sumeeth reddy india ind summer summer rio de janeiro badminton badminton mens doubles,0
99627,Thazhatheri Abdul Rehman,M,,,,India,IND,1956 Summer,1956,Summer,Melbourne,Football,Football Men's Football,,Thazhatheri Abdul Rehman M India IND 1956 Summer Summer Melbourne Football Football Men's Football ,thazhatheri abdul rehman india ind summer summer melbourne football football mens football,0
99631,Latif-ur Rehman,M,19.0,,,India,IND,1948 Summer,1948,Summer,London,Hockey,Hockey Men's Hockey,Gold,Latif-ur Rehman M India IND 1948 Summer Summer London Hockey Hockey Men's Hockey Gold,latifur rehman india ind summer summer london hockey hockey mens hockey gold,2
101590,Michael E. Rocque,M,,,,India,IND,1928 Summer,1928,Summer,Amsterdam,Hockey,Hockey Men's Hockey,Gold,Michael E. Rocque M India IND 1928 Summer Summer Amsterdam Hockey Hockey Men's Hockey Gold,michael e rocque india ind summer summer amsterdam hockey hockey mens hockey gold,2
101695,Reginald Neville Rodrigues,M,26.0,,,India,IND,1948 Summer,1948,Summer,London,Hockey,Hockey Men's Hockey,Gold,Reginald Neville Rodrigues M India IND 1948 Summer Summer London Hockey Hockey Men's Hockey Gold,reginald neville rodrigues india ind summer summer london hockey hockey mens hockey gold,2
103061,Keshav Pravad Roy,M,,,,India,IND,1948 Summer,1948,Summer,London,Wrestling,"Wrestling Men's Middleweight, Freestyle",,"Keshav Pravad Roy M India IND 1948 Summer Summer London Wrestling Wrestling Men's Middleweight, Freestyle ",keshav pravad roy india ind summer summer london wrestling wrestling mens middleweight freestyle,0
103068,Niyati Roy-Shah,F,22.0,,,India,IND,1988 Summer,1988,Summer,Seoul,Table Tennis,Table Tennis Women's Singles,,Niyati Roy-Shah F India IND 1988 Summer Summer Seoul Table Tennis Table Tennis Women's Singles ,niyati royshah f india ind summer summer seoul table tennis table tennis womens singles,0
103068,Niyati Roy-Shah,F,26.0,,,India,IND,1992 Summer,1992,Summer,Barcelona,Table Tennis,Table Tennis Women's Singles,,Niyati Roy-Shah F India IND 1992 Summer Summer Barcelona Table Tennis Table Tennis Women's Singles ,niyati royshah f india ind summer summer barcelona table tennis table tennis womens singles,0
103704,Donald Ross Rutnam,M,21.0,,,India-2,IND,1924 Summer,1924,Summer,Paris,Tennis,Tennis Men's Doubles,,Donald Ross Rutnam M India-2 IND 1924 Summer Summer Paris Tennis Tennis Men's Doubles ,donald ross rutnam india ind summer summer paris tennis tennis mens doubles,0
104297,Arati Gupha Saha,F,,,,India,IND,1952 Summer,1952,Summer,Helsinki,Swimming,Swimming Women's 200 metres Breaststroke,,Arati Gupha Saha F India IND 1952 Summer Summer Helsinki Swimming Swimming Women's 200 metres Breaststroke ,arati gupha saha f india ind summer summer helsinki swimming swimming womens metres breaststroke,0
104298,Sambhu Saha,M,26.0,,,India,IND,1952 Summer,1952,Summer,Helsinki,Water Polo,Water Polo Men's Water Polo,,Sambhu Saha M India IND 1952 Summer Summer Helsinki Water Polo Water Polo Men's Water Polo ,sambhu saha india ind summer summer helsinki water polo water polo mens water polo,0
104385,Gopal Singh Saini,M,26.0,170.0,57.0,India,IND,1980 Summer,1980,Summer,Moskva,Athletics,"Athletics Men's 5,000 metres",,"Gopal Singh Saini M India IND 1980 Summer Summer Moskva Athletics Athletics Men's 5,000 metres ",gopal singh saini india ind summer summer moskva athletics athletics mens metres,1
104387,Rupa Kumari Saini,F,25.0,167.0,,India,IND,1980 Summer,1980,Summer,Moskva,Hockey,Hockey Women's Hockey,,Rupa Kumari Saini F India IND 1980 Summer Summer Moskva Hockey Hockey Women's Hockey ,rupa kumari saini f india ind summer summer moskva hockey hockey womens hockey,2
104413,Munir Sait,M,28.0,170.0,65.0,India,IND,1968 Summer,1968,Summer,Mexico City,Hockey,Hockey Men's Hockey,Bronze,Munir Sait M India IND 1968 Summer Summer Mexico City Hockey Hockey Men's Hockey Bronze,munir sait india ind summer summer mexico city hockey hockey mens hockey bronze,2
104584,Muhammad Abdul Salaam,M,,,,India,IND,1956 Summer,1956,Summer,Melbourne,Football,Football Men's Football,,Muhammad Abdul Salaam M India IND 1956 Summer Summer Melbourne Football Football Men's Football ,muhammad abdul salaam india ind summer summer melbourne football football mens football,0
104934,Bhagirath Samai,M,26.0,170.0,64.0,India,IND,1984 Summer,1984,Summer,Los Angeles,Shooting,"Shooting Men's Air Rifle, 10 metres",,"Bhagirath Samai M India IND 1984 Summer Summer Los Angeles Shooting Shooting Men's Air Rifle, 10 metres ",bhagirath samai india ind summer summer los angeles shooting shooting mens air rifle metres,0
104934,Bhagirath Samai,M,26.0,170.0,64.0,India,IND,1984 Summer,1984,Summer,Los Angeles,Shooting,"Shooting Men's Small-Bore Rifle, Prone, 50 metres",,"Bhagirath Samai M India IND 1984 Summer Summer Los Angeles Shooting Shooting Men's Small-Bore Rifle, Prone, 50 metres ",bhagirath samai india ind summer summer los angeles shooting shooting mens smallbore rifle prone metres,0
105114,Thing Baijan Sanamacha Chanu,F,22.0,147.0,53.0,India,IND,2000 Summer,2000,Summer,Sydney,Weightlifting,Weightlifting Women's Featherweight,,Thing Baijan Sanamacha Chanu F India IND 2000 Summer Summer Sydney Weightlifting Weightlifting Women's Featherweight ,thing baijan sanamacha chanu f india ind summer summer sydney weightlifting weightlifting womens featherweight,0
105114,Thing Baijan Sanamacha Chanu,F,26.0,147.0,53.0,India,IND,2004 Summer,2004,Summer,Athina,Weightlifting,Weightlifting Women's Featherweight,,Thing Baijan Sanamacha Chanu F India IND 2004 Summer Summer Athina Weightlifting Weightlifting Women's Featherweight ,thing baijan sanamacha chanu f india ind summer summer athina weightlifting weightlifting womens featherweight,0
105344,Kamaljit Kaur Sandhu (-Kooner),F,24.0,168.0,60.0,India,IND,1972 Summer,1972,Summer,Munich,Athletics,Athletics Women's 400 metres,,Kamaljit Kaur Sandhu (-Kooner) F India IND 1972 Summer Summer Munich Athletics Athletics Women's 400 metres ,kamaljit kaur sandhu kooner f india ind summer summer munich athletics athletics womens metres,1
105465,Sumit Sangwan,M,19.0,,,India,IND,2012 Summer,2012,Summer,London,Boxing,Boxing Men's Light-Heavyweight,,Sumit Sangwan M India IND 2012 Summer Summer London Boxing Boxing Men's Light-Heavyweight ,sumit sangwan india ind summer summer london boxing boxing mens lightheavyweight,0
105665,Kamalakanta Santra,M,24.0,157.0,56.0,India,IND,1984 Summer,1984,Summer,Los Angeles,Weightlifting,Weightlifting Men's Featherweight,,Kamalakanta Santra M India IND 1984 Summer Summer Los Angeles Weightlifting Weightlifting Men's Featherweight ,kamalakanta santra india ind summer summer los angeles weightlifting weightlifting mens featherweight,0
105808,Piloo Sarkari,M,,,,India,IND,1948 Summer,1948,Summer,London,Cycling,"Cycling Men's Team Pursuit, 4,000 metres",,"Piloo Sarkari M India IND 1948 Summer Summer London Cycling Cycling Men's Team Pursuit, 4,000 metres ",piloo sarkari india ind summer summer london cycling cycling mens team pursuit metres,0
105837,Rahi Sarnobat (-Jeevan),F,21.0,158.0,66.0,India,IND,2012 Summer,2012,Summer,London,Shooting,"Shooting Women's Sporting Pistol, 25 metres",,"Rahi Sarnobat (-Jeevan) F India IND 2012 Summer Summer London Shooting Shooting Women's Sporting Pistol, 25 metres ",rahi sarnobat jeevan f india ind summer summer london shooting shooting womens sporting pistol metres,0
105889,Ram Sarup,M,,,,India,IND,1956 Summer,1956,Summer,Melbourne,Wrestling,"Wrestling Men's Featherweight, Freestyle",,"Ram Sarup M India IND 1956 Summer Summer Melbourne Wrestling Wrestling Men's Featherweight, Freestyle ",ram sarup india ind summer summer melbourne wrestling wrestling mens featherweight freestyle,0
106069,Mohammad Abdus Sattar,M,,,,India,IND,1952 Summer,1952,Summer,Helsinki,Football,Football Men's Football,,Mohammad Abdus Sattar M India IND 1952 Summer Summer Helsinki Football Football Men's Football ,mohammad abdus sattar india ind summer summer helsinki football football mens football,0
106081,"Bondata Venkata ""B. V."" Satyanarayan",M,25.0,170.0,61.0,India,IND,1960 Summer,1960,Summer,Roma,Athletics,Athletics Men's Long Jump,,"Bondata Venkata ""B. V."" Satyanarayan M India IND 1960 Summer Summer Roma Athletics Athletics Men's Long Jump ",bondata venkata b v satyanarayan india ind summer summer roma athletics athletics mens long jump,1
106081,"Bondata Venkata ""B. V."" Satyanarayan",M,29.0,170.0,61.0,India,IND,1964 Summer,1964,Summer,Tokyo,Athletics,Athletics Men's Long Jump,,"Bondata Venkata ""B. V."" Satyanarayan M India IND 1964 Summer Summer Tokyo Athletics Athletics Men's Long Jump ",bondata venkata b v satyanarayan india ind summer summer tokyo athletics athletics mens long jump,1
106082,Satyawan,M,23.0,166.0,68.0,India,IND,1988 Summer,1988,Summer,Seoul,Wrestling,"Wrestling Men's Lightweight, Freestyle",,"Satyawan M India IND 1988 Summer Summer Seoul Wrestling Wrestling Men's Lightweight, Freestyle ",satyawan india ind summer summer seoul wrestling wrestling mens lightweight freestyle,0
106328,Majhi Sawaiyan,M,20.0,165.0,61.0,India,IND,2004 Summer,2004,Summer,Athina,Archery,Archery Men's Individual,,Majhi Sawaiyan M India IND 2004 Summer Summer Athina Archery Archery Men's Individual ,majhi sawaiyan india ind summer summer athina archery archery mens individual,0
106328,Majhi Sawaiyan,M,20.0,165.0,61.0,India,IND,2004 Summer,2004,Summer,Athina,Archery,Archery Men's Team,,Majhi Sawaiyan M India IND 2004 Summer Summer Athina Archery Archery Men's Team ,majhi sawaiyan india ind summer summer athina archery archery mens team,0
106335,Govind Rao Sawant,M,24.0,171.0,60.0,India,IND,1960 Summer,1960,Summer,Roma,Hockey,Hockey Men's Hockey,Silver,Govind Rao Sawant M India IND 1960 Summer Summer Roma Hockey Hockey Men's Hockey Silver,govind rao sawant india ind summer summer roma hockey hockey mens hockey silver,2
107366,Allan Schofield,M,23.0,169.0,64.0,India,IND,1980 Summer,1980,Summer,Moskva,Hockey,Hockey Men's Hockey,Gold,Allan Schofield M India IND 1980 Summer Summer Moskva Hockey Hockey Men's Hockey Gold,allan schofield india ind summer summer moskva hockey hockey mens hockey gold,2
108075,Gora Chand Seal,M,,,,India,IND,1948 Summer,1948,Summer,London,Water Polo,Water Polo Men's Water Polo,,Gora Chand Seal M India IND 1948 Summer Summer London Water Polo Water Polo Men's Water Polo ,gora chand seal india ind summer summer london water polo water polo mens water polo,0
108082,Frederick Stephen Seaman,M,22.0,,,India,IND,1928 Summer,1928,Summer,Amsterdam,Hockey,Hockey Men's Hockey,Gold,Frederick Stephen Seaman M India IND 1928 Summer Summer Amsterdam Hockey Hockey Men's Hockey Gold,frederick stephen seaman india ind summer summer amsterdam hockey hockey mens hockey gold,2
108104,Jude Felix Sebastian,M,23.0,162.0,62.0,India,IND,1988 Summer,1988,Summer,Seoul,Hockey,Hockey Men's Hockey,,Jude Felix Sebastian M India IND 1988 Summer Summer Seoul Hockey Hockey Men's Hockey ,jude felix sebastian india ind summer summer seoul hockey hockey mens hockey,2
108104,Jude Felix Sebastian,M,27.0,162.0,62.0,India,IND,1992 Summer,1992,Summer,Barcelona,Hockey,Hockey Men's Hockey,,Jude Felix Sebastian M India IND 1992 Summer Summer Barcelona Hockey Hockey Men's Hockey ,jude felix sebastian india ind summer summer barcelona hockey hockey mens hockey,2
108379,Sandeep Sejwal,M,19.0,181.0,74.0,India,IND,2008 Summer,2008,Summer,Beijing,Swimming,Swimming Men's 100 metres Breaststroke,,Sandeep Sejwal M India IND 2008 Summer Summer Beijing Swimming Swimming Men's 100 metres Breaststroke ,sandeep sejwal india ind summer summer beijing swimming swimming mens metres breaststroke,0
108379,Sandeep Sejwal,M,19.0,181.0,74.0,India,IND,2008 Summer,2008,Summer,Beijing,Swimming,Swimming Men's 200 metres Breaststroke,,Sandeep Sejwal M India IND 2008 Summer Summer Beijing Swimming Swimming Men's 200 metres Breaststroke ,sandeep sejwal india ind summer summer beijing swimming swimming mens metres breaststroke,0
108502,Thirumal Valavan Selvaraj,M,29.0,172.0,64.0,India,IND,2000 Summer,2000,Summer,Sydney,Hockey,Hockey Men's Hockey,,Thirumal Valavan Selvaraj M India IND 2000 Summer Summer Sydney Hockey Hockey Men's Hockey ,thirumal valavan selvaraj india ind summer summer sydney hockey hockey mens hockey,2
108757,"Edward ""Eddie"" Sequeira",M,30.0,172.0,54.0,India,IND,1972 Summer,1972,Summer,Munich,Athletics,"Athletics Men's 5,000 metres",,"Edward ""Eddie"" Sequeira M India IND 1972 Summer Summer Munich Athletics Athletics Men's 5,000 metres ",edward eddie sequeira india ind summer summer munich athletics athletics mens metres,1
108962,Tarit Kumar Sett,M,21.0,,,India,IND,1952 Summer,1952,Summer,Helsinki,Cycling,"Cycling Men's Team Pursuit, 4,000 metres",,"Tarit Kumar Sett M India IND 1952 Summer Summer Helsinki Cycling Cycling Men's Team Pursuit, 4,000 metres ",tarit kumar sett india ind summer summer helsinki cycling cycling mens team pursuit metres,0
109114,Akram Shah,M,26.0,165.0,60.0,India,IND,2004 Summer,2004,Summer,Athina,Judo,Judo Men's Extra-Lightweight,,Akram Shah M India IND 2004 Summer Summer Athina Judo Judo Men's Extra-Lightweight ,akram shah india ind summer summer athina judo judo mens extralightweight,0
109120,Kedar Nath Shah,M,29.0,,,India,IND,1952 Summer,1952,Summer,Helsinki,Water Polo,Water Polo Men's Water Polo,,Kedar Nath Shah M India IND 1952 Summer Summer Helsinki Water Polo Water Polo Men's Water Polo ,kedar nath shah india ind summer summer helsinki water polo water polo mens water polo,0
109122,Khamlillal Shah,M,27.0,,,India,IND,1948 Summer,1948,Summer,London,Swimming,Swimming Men's 100 metres Backstroke,,Khamlillal Shah M India IND 1948 Summer Summer London Swimming Swimming Men's 100 metres Backstroke ,khamlillal shah india ind summer summer london swimming swimming mens metres backstroke,0
109122,Khamlillal Shah,M,31.0,,,India,IND,1952 Summer,1952,Summer,Helsinki,Water Polo,Water Polo Men's Water Polo,,Khamlillal Shah M India IND 1952 Summer Summer Helsinki Water Polo Water Polo Men's Water Polo ,khamlillal shah india ind summer summer helsinki water polo water polo mens water polo,0
109122,Khamlillal Shah,M,31.0,,,India,IND,1952 Summer,1952,Summer,Helsinki,Swimming,Swimming Men's 100 metres Backstroke,,Khamlillal Shah M India IND 1952 Summer Summer Helsinki Swimming Swimming Men's 100 metres Backstroke ,khamlillal shah india ind summer summer helsinki swimming swimming mens metres backstroke,0
109132,Shabban Shahab-ud-Din,M,26.0,,,India,IND,1936 Summer,1936,Summer,Berlin,Hockey,Hockey Men's Hockey,Gold,Shabban Shahab-ud-Din M India IND 1936 Summer Summer Berlin Hockey Hockey Men's Hockey Gold,shabban shahabuddin india ind summer summer berlin hockey hockey mens hockey gold,2
109138,Muhammad Shahid,M,20.0,160.0,66.0,India,IND,1980 Summer,1980,Summer,Moskva,Hockey,Hockey Men's Hockey,Gold,Muhammad Shahid M India IND 1980 Summer Summer Moskva Hockey Hockey Men's Hockey Gold,muhammad shahid india ind summer summer moskva hockey hockey mens hockey gold,2
109138,Muhammad Shahid,M,24.0,160.0,66.0,India,IND,1984 Summer,1984,Summer,Los Angeles,Hockey,Hockey Men's Hockey,,Muhammad Shahid M India IND 1984 Summer Summer Los Angeles Hockey Hockey Men's Hockey ,muhammad shahid india ind summer summer los angeles hockey hockey mens hockey,2
109138,Muhammad Shahid,M,28.0,160.0,66.0,India,IND,1988 Summer,1988,Summer,Seoul,Hockey,Hockey Men's Hockey,,Muhammad Shahid M India IND 1988 Summer Summer Seoul Hockey Hockey Men's Hockey ,muhammad shahid india ind summer summer seoul hockey hockey mens hockey,2
109216,Vandana Pandurang Shanbagh,F,22.0,163.0,50.0,India,IND,1988 Summer,1988,Summer,Seoul,Athletics,Athletics Women's 4 x 400 metres Relay,,Vandana Pandurang Shanbagh F India IND 1988 Summer Summer Seoul Athletics Athletics Women's 4 x 400 metres Relay ,vandana pandurang shanbagh f india ind summer summer seoul athletics athletics womens x metres relay,1
109225,Jata Shankar,M,28.0,177.0,73.0,India,IND,2000 Summer,2000,Summer,Sydney,Athletics,Athletics Men's 4 x 400 metres Relay,,Jata Shankar M India IND 2000 Summer Summer Sydney Athletics Athletics Men's 4 x 400 metres Relay ,jata shankar india ind summer summer sydney athletics athletics mens x metres relay,1
109232,Thulukhanam Shanmugam,M,32.0,,,India,IND,1952 Summer,1952,Summer,Helsinki,Football,Football Men's Football,,Thulukhanam Shanmugam M India IND 1952 Summer Summer Helsinki Football Football Men's Football ,thulukhanam shanmugam india ind summer summer helsinki football football mens football,0
109295,Ankit Sharma,M,24.0,177.0,75.0,India,IND,2016 Summer,2016,Summer,Rio de Janeiro,Athletics,Athletics Men's Long Jump,,Ankit Sharma M India IND 2016 Summer Summer Rio de Janeiro Athletics Athletics Men's Long Jump ,ankit sharma india ind summer summer rio de janeiro athletics athletics mens long jump,1
109296,Jaman Lal Sharma,M,24.0,169.0,59.0,India,IND,1960 Summer,1960,Summer,Roma,Hockey,Hockey Men's Hockey,Silver,Jaman Lal Sharma M India IND 1960 Summer Summer Roma Hockey Hockey Men's Hockey Silver,jaman lal sharma india ind summer summer roma hockey hockey mens hockey silver,2
109297,Nisha Sharma,F,21.0,165.0,,India,IND,1980 Summer,1980,Summer,Moskva,Hockey,Hockey Women's Hockey,,Nisha Sharma F India IND 1980 Summer Summer Moskva Hockey Hockey Women's Hockey ,nisha sharma f india ind summer summer moskva hockey hockey womens hockey,2
109299,Sumangala Sharma,F,17.0,165.0,53.0,India,IND,2004 Summer,2004,Summer,Athina,Archery,Archery Women's Individual,,Sumangala Sharma F India IND 2004 Summer Summer Athina Archery Archery Women's Individual ,sumangala sharma f india ind summer summer athina archery archery womens individual,0
109299,Sumangala Sharma,F,17.0,165.0,53.0,India,IND,2004 Summer,2004,Summer,Athina,Archery,Archery Women's Team,,Sumangala Sharma F India IND 2004 Summer Summer Athina Archery Archery Women's Team ,sumangala sharma f india ind summer summer athina archery archery womens team,0
109300,Vineet Kumar Sharma,M,25.0,180.0,74.0,India,IND,1984 Summer,1984,Summer,Los Angeles,Hockey,Hockey Men's Hockey,,Vineet Kumar Sharma M India IND 1984 Summer Summer Los Angeles Hockey Hockey Men's Hockey ,vineet kumar sharma india ind summer summer los angeles hockey hockey mens hockey,2
109374,Haricharan Shaw,M,,,,India,IND,1956 Summer,1956,Summer,Melbourne,Shooting,"Shooting Men's Small-Bore Rifle, Three Positions, 50 metres",,"Haricharan Shaw M India IND 1956 Summer Summer Melbourne Shooting Shooting Men's Small-Bore Rifle, Three Positions, 50 metres ",haricharan shaw india ind summer summer melbourne shooting shooting mens smallbore rifle three positions metres,0
109566,Nirmala Sheoran,F,21.0,,,India,IND,2016 Summer,2016,Summer,Rio de Janeiro,Athletics,Athletics Women's 400 metres,,Nirmala Sheoran F India IND 2016 Summer Summer Rio de Janeiro Athletics Athletics Women's 400 metres ,nirmala sheoran f india ind summer summer rio de janeiro athletics athletics womens metres,1
109566,Nirmala Sheoran,F,21.0,,,India,IND,2016 Summer,2016,Summer,Rio de Janeiro,Athletics,Athletics Women's 4 x 400 metres Relay,,Nirmala Sheoran F India IND 2016 Summer Summer Rio de Janeiro Athletics Athletics Women's 4 x 400 metres Relay ,nirmala sheoran f india ind summer summer rio de janeiro athletics athletics womens x metres relay,1
109611,Antarge Sherpa,M,,,,India,IND,1924 Winter,1924,Winter,Chamonix,Alpinism,Alpinism Mixed Alpinism,Gold,Antarge Sherpa M India IND 1924 Winter Winter Chamonix Alpinism Alpinism Mixed Alpinism Gold,antarge sherpa india ind winter winter chamonix alpinism alpinism mixed alpinism gold,0
109613,Lhakpa Sherpa,M,,,,India,IND,1924 Winter,1924,Winter,Chamonix,Alpinism,Alpinism Mixed Alpinism,Gold,Lhakpa Sherpa M India IND 1924 Winter Winter Chamonix Alpinism Alpinism Mixed Alpinism Gold,lhakpa sherpa india ind winter winter chamonix alpinism alpinism mixed alpinism gold,0
109614,Narbu Sherpa,M,,,,India,IND,1924 Winter,1924,Winter,Chamonix,Alpinism,Alpinism Mixed Alpinism,Gold,Narbu Sherpa M India IND 1924 Winter Winter Chamonix Alpinism Alpinism Mixed Alpinism Gold,narbu sherpa india ind winter winter chamonix alpinism alpinism mixed alpinism gold,0
109615,Pasang Sherpa,M,,,,India,IND,1924 Winter,1924,Winter,Chamonix,Alpinism,Alpinism Mixed Alpinism,Gold,Pasang Sherpa M India IND 1924 Winter Winter Chamonix Alpinism Alpinism Mixed Alpinism Gold,pasang sherpa india ind winter winter chamonix alpinism alpinism mixed alpinism gold,0
109616,Pembra Sherpa,M,,,,India,IND,1924 Winter,1924,Winter,Chamonix,Alpinism,Alpinism Mixed Alpinism,Gold,Pembra Sherpa M India IND 1924 Winter Winter Chamonix Alpinism Alpinism Mixed Alpinism Gold,pembra sherpa india ind winter winter chamonix alpinism alpinism mixed alpinism gold,0
109617,Sange Sherpa,M,,,,India,IND,1924 Winter,1924,Winter,Chamonix,Alpinism,Alpinism Mixed Alpinism,Gold,Sange Sherpa M India IND 1924 Winter Winter Chamonix Alpinism Alpinism Mixed Alpinism Gold,sange sherpa india ind winter winter chamonix alpinism alpinism mixed alpinism gold,0
109618,Temba Sherpa,M,,,,India,IND,1924 Winter,1924,Winter,Chamonix,Alpinism,Alpinism Mixed Alpinism,Gold,Temba Sherpa M India IND 1924 Winter Winter Chamonix Alpinism Alpinism Mixed Alpinism Gold,temba sherpa india ind winter winter chamonix alpinism alpinism mixed alpinism gold,0
109690,Sunder Shiam,M,30.0,170.0,61.0,India,IND,1960 Summer,1960,Summer,Roma,Wrestling,"Wrestling Men's Featherweight, Freestyle",,"Sunder Shiam M India IND 1960 Summer Summer Roma Wrestling Wrestling Men's Featherweight, Freestyle ",sunder shiam india ind summer summer roma wrestling wrestling mens featherweight freestyle,0
109822,Duikar Randhir Shindes,M,,,,India,IND,1920 Summer,1920,Summer,Antwerpen,Wrestling,"Wrestling Men's Featherweight, Freestyle",,"Duikar Randhir Shindes M India IND 1920 Summer Summer Antwerpen Wrestling Wrestling Men's Featherweight, Freestyle ",duikar randhir shindes india ind summer summer antwerpen wrestling wrestling mens featherweight freestyle,0
109890,Suma Shirur (Betaraya Dixit-),F,30.0,160.0,56.0,India,IND,2004 Summer,2004,Summer,Athina,Shooting,"Shooting Women's Air Rifle, 10 metres",,"Suma Shirur (Betaraya Dixit-) F India IND 2004 Summer Summer Athina Shooting Shooting Women's Air Rifle, 10 metres ",suma shirur betaraya dixit f india ind summer summer athina shooting shooting womens air rifle metres,0
109963,"Javur Jagdishappa ""J. J."" Shobha",F,26.0,167.0,60.0,India,IND,2004 Summer,2004,Summer,Athina,Athletics,Athletics Women's Heptathlon,,"Javur Jagdishappa ""J. J."" Shobha F India IND 2004 Summer Summer Athina Athletics Athletics Women's Heptathlon ",javur jagdishappa j j shobha f india ind summer summer athina athletics athletics womens heptathlon,1
109963,"Javur Jagdishappa ""J. J."" Shobha",F,30.0,167.0,60.0,India,IND,2008 Summer,2008,Summer,Beijing,Athletics,Athletics Women's Heptathlon,,"Javur Jagdishappa ""J. J."" Shobha F India IND 2008 Summer Summer Beijing Athletics Athletics Women's Heptathlon ",javur jagdishappa j j shobha f india ind summer summer beijing athletics athletics womens heptathlon,1
110023,Malav Shroff,M,30.0,167.0,66.0,India,IND,2004 Summer,2004,Summer,Athina,Sailing,Sailing Mixed Skiff,,Malav Shroff M India IND 2004 Summer Summer Athina Sailing Sailing Mixed Skiff ,malav shroff india ind summer summer athina sailing sailing mixed skiff,0
110113,Radhey Shyam Vijayrania,M,27.0,195.0,83.0,India,IND,1980 Summer,1980,Summer,Moskva,Basketball,Basketball Men's Basketball,,Radhey Shyam Vijayrania M India IND 1980 Summer Summer Moskva Basketball Basketball Men's Basketball ,radhey shyam vijayrania india ind summer summer moskva basketball basketball mens basketball,0
110190,Avneet Kaur Sidhu,F,26.0,165.0,56.0,India,IND,2008 Summer,2008,Summer,Beijing,Shooting,"Shooting Women's Air Rifle, 10 metres",,"Avneet Kaur Sidhu F India IND 2008 Summer Summer Beijing Shooting Shooting Women's Air Rifle, 10 metres ",avneet kaur sidhu f india ind summer summer beijing shooting shooting womens air rifle metres,0
110190,Avneet Kaur Sidhu,F,26.0,165.0,56.0,India,IND,2008 Summer,2008,Summer,Beijing,Shooting,"Shooting Women's Small-Bore Rifle, Three Positions, 50 metres",,"Avneet Kaur Sidhu F India IND 2008 Summer Summer Beijing Shooting Shooting Women's Small-Bore Rifle, Three Positions, 50 metres ",avneet kaur sidhu f india ind summer summer beijing shooting shooting womens smallbore rifle three positions metres,0
110191,Heena Sidhu,F,22.0,158.0,51.0,India,IND,2012 Summer,2012,Summer,London,Shooting,"Shooting Women's Air Pistol, 10 metres",,"Heena Sidhu F India IND 2012 Summer Summer London Shooting Shooting Women's Air Pistol, 10 metres ",heena sidhu f india ind summer summer london shooting shooting womens air pistol metres,0
110191,Heena Sidhu,F,26.0,158.0,51.0,India,IND,2016 Summer,2016,Summer,Rio de Janeiro,Shooting,"Shooting Women's Air Pistol, 10 metres",,"Heena Sidhu F India IND 2016 Summer Summer Rio de Janeiro Shooting Shooting Women's Air Pistol, 10 metres ",heena sidhu f india ind summer summer rio de janeiro shooting shooting womens air pistol metres,0
110191,Heena Sidhu,F,26.0,158.0,51.0,India,IND,2016 Summer,2016,Summer,Rio de Janeiro,Shooting,"Shooting Women's Sporting Pistol, 25 metres",,"Heena Sidhu F India IND 2016 Summer Summer Rio de Janeiro Shooting Shooting Women's Sporting Pistol, 25 metres ",heena sidhu f india ind summer summer rio de janeiro shooting shooting womens sporting pistol metres,0
110401,Jyotirmoyee Sikdar,F,26.0,159.0,46.0,India,IND,1996 Summer,1996,Summer,Atlanta,Athletics,Athletics Women's 4 x 400 metres Relay,,Jyotirmoyee Sikdar F India IND 1996 Summer Summer Atlanta Athletics Athletics Women's 4 x 400 metres Relay ,jyotirmoyee sikdar f india ind summer summer atlanta athletics athletics womens x metres relay,1
110956,Adam Antony Sinclair,M,20.0,170.0,65.0,India,IND,2004 Summer,2004,Summer,Athina,Hockey,Hockey Men's Hockey,,Adam Antony Sinclair M India IND 2004 Summer Summer Athina Hockey Hockey Men's Hockey ,adam antony sinclair india ind summer summer athina hockey hockey mens hockey,2
110974,"Pusarla Venkata ""P. V."" Sindhu",F,21.0,179.0,65.0,India,IND,2016 Summer,2016,Summer,Rio de Janeiro,Badminton,Badminton Women's Singles,Silver,"Pusarla Venkata ""P. V."" Sindhu F India IND 2016 Summer Summer Rio de Janeiro Badminton Badminton Women's Singles Silver",pusarla venkata p v sindhu f india ind summer summer rio de janeiro badminton badminton womens singles silver,0
110996,Ajay Raj Singh,M,22.0,177.0,64.0,India,IND,2000 Summer,2000,Summer,Sydney,Athletics,Athletics Men's 4 x 100 metres Relay,,Ajay Raj Singh M India IND 2000 Summer Summer Sydney Athletics Athletics Men's 4 x 100 metres Relay ,ajay raj singh india ind summer summer sydney athletics athletics mens x metres relay,1
110997,Ajit Singh,M,23.0,185.0,73.0,India,IND,1960 Summer,1960,Summer,Roma,Athletics,Athletics Men's 20 kilometres Walk,,Ajit Singh M India IND 1960 Summer Summer Roma Athletics Athletics Men's 20 kilometres Walk ,ajit singh india ind summer summer roma athletics athletics mens kilometres walk,1
110997,Ajit Singh,M,23.0,185.0,73.0,India,IND,1960 Summer,1960,Summer,Roma,Athletics,Athletics Men's 50 kilometres Walk,,Ajit Singh M India IND 1960 Summer Summer Roma Athletics Athletics Men's 50 kilometres Walk ,ajit singh india ind summer summer roma athletics athletics mens kilometres walk,1
110998,Ajit Singh Balla,M,,,,India,IND,1956 Summer,1956,Summer,Melbourne,Athletics,Athletics Men's High Jump,,Ajit Singh Balla M India IND 1956 Summer Summer Melbourne Athletics Athletics Men's High Jump ,ajit singh balla india ind summer summer melbourne athletics athletics mens high jump,1
110999,Ajit Singh,M,24.0,172.0,60.0,India,IND,1976 Summer,1976,Summer,Montreal,Hockey,Hockey Men's Hockey,,Ajit Singh M India IND 1976 Summer Summer Montreal Hockey Hockey Men's Hockey ,ajit singh india ind summer summer montreal hockey hockey mens hockey,2
111000,Ajitpal Singh Kular,M,21.0,178.0,70.0,India,IND,1968 Summer,1968,Summer,Mexico City,Hockey,Hockey Men's Hockey,Bronze,Ajitpal Singh Kular M India IND 1968 Summer Summer Mexico City Hockey Hockey Men's Hockey Bronze,ajitpal singh kular india ind summer summer mexico city hockey hockey mens hockey bronze,2
111000,Ajitpal Singh Kular,M,25.0,178.0,70.0,India,IND,1972 Summer,1972,Summer,Munich,Hockey,Hockey Men's Hockey,Bronze,Ajitpal Singh Kular M India IND 1972 Summer Summer Munich Hockey Hockey Men's Hockey Bronze,ajitpal singh kular india ind summer summer munich hockey hockey mens hockey bronze,2
111000,Ajitpal Singh Kular,M,29.0,178.0,70.0,India,IND,1976 Summer,1976,Summer,Montreal,Hockey,Hockey Men's Hockey,,Ajitpal Singh Kular M India IND 1976 Summer Summer Montreal Hockey Hockey Men's Hockey ,ajitpal singh kular india ind summer summer montreal hockey hockey mens hockey,2
111001,Ajmer Singh,M,24.0,185.0,73.0,India,IND,1964 Summer,1964,Summer,Tokyo,Athletics,Athletics Men's 4 x 400 metres Relay,,Ajmer Singh M India IND 1964 Summer Summer Tokyo Athletics Athletics Men's 4 x 400 metres Relay ,ajmer singh india ind summer summer tokyo athletics athletics mens x metres relay,1
111002,Ajmer Singh Chopra,M,26.0,196.0,81.0,India,IND,1980 Summer,1980,Summer,Moskva,Basketball,Basketball Men's Basketball,,Ajmer Singh Chopra M India IND 1980 Summer Summer Moskva Basketball Basketball Men's Basketball ,ajmer singh chopra india ind summer summer moskva basketball basketball mens basketball,0
111003,Akashdeep Singh,M,21.0,178.0,70.0,India,IND,2016 Summer,2016,Summer,Rio de Janeiro,Hockey,Hockey Men's Hockey,,Akashdeep Singh M India IND 2016 Summer Summer Rio de Janeiro Hockey Hockey Men's Hockey ,akashdeep singh india ind summer summer rio de janeiro hockey hockey mens hockey,2
111006,Annu Raj Singh,F,28.0,164.0,53.0,India,IND,2012 Summer,2012,Summer,London,Shooting,"Shooting Women's Air Pistol, 10 metres",,"Annu Raj Singh F India IND 2012 Summer Summer London Shooting Shooting Women's Air Pistol, 10 metres ",annu raj singh f india ind summer summer london shooting shooting womens air pistol metres,0
111006,Annu Raj Singh,F,28.0,164.0,53.0,India,IND,2012 Summer,2012,Summer,London,Shooting,"Shooting Women's Sporting Pistol, 25 metres",,"Annu Raj Singh F India IND 2012 Summer Summer London Shooting Shooting Women's Sporting Pistol, 25 metres ",annu raj singh f india ind summer summer london shooting shooting womens sporting pistol metres,0
111007,Avtar Singh,M,24.0,180.0,90.0,India,IND,2016 Summer,2016,Summer,Rio de Janeiro,Judo,Judo Men's Middleweight,,Avtar Singh M India IND 2016 Summer Summer Rio de Janeiro Judo Judo Men's Middleweight ,avtar singh india ind summer summer rio de janeiro judo judo mens middleweight,0
111008,Bahadur Singh Chauhan,M,34.0,179.0,105.0,India,IND,1980 Summer,1980,Summer,Moskva,Athletics,Athletics Men's Shot Put,,Bahadur Singh Chauhan M India IND 1980 Summer Summer Moskva Athletics Athletics Men's Shot Put ,bahadur singh chauhan india ind summer summer moskva athletics athletics mens shot put,1
111009,Bahadur Singh Sagoo,M,27.0,191.0,123.0,India,IND,2000 Summer,2000,Summer,Sydney,Athletics,Athletics Men's Shot Put,,Bahadur Singh Sagoo M India IND 2000 Summer Summer Sydney Athletics Athletics Men's Shot Put ,bahadur singh sagoo india ind summer summer sydney athletics athletics mens shot put,1
111009,Bahadur Singh Sagoo,M,31.0,191.0,123.0,India,IND,2004 Summer,2004,Summer,Athina,Athletics,Athletics Men's Shot Put,,Bahadur Singh Sagoo M India IND 2004 Summer Summer Athina Athletics Athletics Men's Shot Put ,bahadur singh sagoo india ind summer summer athina athletics athletics mens shot put,1
111010,Bakshish Singh,M,,,,India,IND,1956 Summer,1956,Summer,Melbourne,Wrestling,"Wrestling Men's Middleweight, Freestyle",,"Bakshish Singh M India IND 1956 Summer Summer Melbourne Wrestling Wrestling Men's Middleweight, Freestyle ",bakshish singh india ind summer summer melbourne wrestling wrestling mens middleweight freestyle,0
111011,Bakshish Sandhu Singh,M,27.0,,,India,IND,1956 Summer,1956,Summer,Melbourne,Hockey,Hockey Men's Hockey,Gold,Bakshish Sandhu Singh M India IND 1956 Summer Summer Melbourne Hockey Hockey Men's Hockey Gold,bakshish sandhu singh india ind summer summer melbourne hockey hockey mens hockey gold,2
111012,Balbir Singh,M,26.0,168.0,65.0,India,IND,1968 Summer,1968,Summer,Mexico City,Hockey,Hockey Men's Hockey,Bronze,Balbir Singh M India IND 1968 Summer Summer Mexico City Hockey Hockey Men's Hockey Bronze,balbir singh india ind summer summer mexico city hockey hockey mens hockey bronze,2
111013,Balbir Singh,M,23.0,178.0,73.0,India,IND,1968 Summer,1968,Summer,Mexico City,Hockey,Hockey Men's Hockey,Bronze,Balbir Singh M India IND 1968 Summer Summer Mexico City Hockey Hockey Men's Hockey Bronze,balbir singh india ind summer summer mexico city hockey hockey mens hockey bronze,2
111014,Balbir Singh,M,23.0,173.0,70.0,India,IND,1968 Summer,1968,Summer,Mexico City,Hockey,Hockey Men's Hockey,Bronze,Balbir Singh M India IND 1968 Summer Summer Mexico City Hockey Hockey Men's Hockey Bronze,balbir singh india ind summer summer mexico city hockey hockey mens hockey bronze,2
111015,Baldev Singh,M,24.0,182.0,71.0,India,IND,1976 Summer,1976,Summer,Montreal,Hockey,Hockey Men's Hockey,,Baldev Singh M India IND 1976 Summer Summer Montreal Hockey Hockey Men's Hockey ,baldev singh india ind summer summer montreal hockey hockey mens hockey,2
111016,Baldev Singh,M,,,,India,IND,1948 Summer,1948,Summer,London,Athletics,Athletics Men's Long Jump,,Baldev Singh M India IND 1948 Summer Summer London Athletics Athletics Men's Long Jump ,baldev singh india ind summer summer london athletics athletics mens long jump,1
111016,Baldev Singh,M,,,,India,IND,1948 Summer,1948,Summer,London,Athletics,Athletics Men's Decathlon,,Baldev Singh M India IND 1948 Summer Summer London Athletics Athletics Men's Decathlon ,baldev singh india ind summer summer london athletics athletics mens decathlon,1
111017,Baldev Singh,M,29.0,176.0,72.0,India,IND,1980 Summer,1980,Summer,Moskva,Basketball,Basketball Men's Basketball,,Baldev Singh M India IND 1980 Summer Summer Moskva Basketball Basketball Men's Basketball ,baldev singh india ind summer summer moskva basketball basketball mens basketball,0
111018,Baljinder Singh,M,25.0,,,India,IND,2012 Summer,2012,Summer,London,Athletics,Athletics Men's 20 kilometres Walk,,Baljinder Singh M India IND 2012 Summer Summer London Athletics Athletics Men's 20 kilometres Walk ,baljinder singh india ind summer summer london athletics athletics mens kilometres walk,1
111019,Balkrishan Singh Grewal,M,23.0,,,India,IND,1956 Summer,1956,Summer,Melbourne,Hockey,Hockey Men's Hockey,Gold,Balkrishan Singh Grewal M India IND 1956 Summer Summer Melbourne Hockey Hockey Men's Hockey Gold,balkrishan singh grewal india ind summer summer melbourne hockey hockey mens hockey gold,2
111020,Balwinder Singh,M,22.0,175.0,64.0,India,IND,1988 Summer,1988,Summer,Seoul,Hockey,Hockey Men's Hockey,,Balwinder Singh M India IND 1988 Summer Summer Seoul Hockey Hockey Men's Hockey ,balwinder singh india ind summer summer seoul hockey hockey mens hockey,2
111021,Banta Singh,M,,,,India,IND,1948 Summer,1948,Summer,London,Wrestling,"Wrestling Men's Lightweight, Freestyle",,"Banta Singh M India IND 1948 Summer Summer London Wrestling Wrestling Men's Lightweight, Freestyle ",banta singh india ind summer summer london wrestling wrestling mens lightweight freestyle,0
111022,Bhim Singh II,M,66.0,168.0,74.0,India,IND,1976 Summer,1976,Summer,Montreal,Shooting,Shooting Mixed Skeet,,Bhim Singh II M India IND 1976 Summer Summer Montreal Shooting Shooting Mixed Skeet ,bhim singh ii india ind summer summer montreal shooting shooting mixed skeet,0
111023,Bhim Singh,M,23.0,184.0,71.0,India,IND,1968 Summer,1968,Summer,Mexico City,Athletics,Athletics Men's High Jump,,Bhim Singh M India IND 1968 Summer Summer Mexico City Athletics Athletics Men's High Jump ,bhim singh india ind summer summer mexico city athletics athletics mens high jump,1
111024,Bishambar Singh,M,24.0,156.0,57.0,India,IND,1964 Summer,1964,Summer,Tokyo,Wrestling,"Wrestling Men's Bantamweight, Greco-Roman",,"Bishambar Singh M India IND 1964 Summer Summer Tokyo Wrestling Wrestling Men's Bantamweight, Greco-Roman ",bishambar singh india ind summer summer tokyo wrestling wrestling mens bantamweight grecoroman,0
111024,Bishambar Singh,M,24.0,156.0,57.0,India,IND,1964 Summer,1964,Summer,Tokyo,Wrestling,"Wrestling Men's Bantamweight, Freestyle",,"Bishambar Singh M India IND 1964 Summer Summer Tokyo Wrestling Wrestling Men's Bantamweight, Freestyle ",bishambar singh india ind summer summer tokyo wrestling wrestling mens bantamweight freestyle,0
111024,Bishambar Singh,M,28.0,156.0,57.0,India,IND,1968 Summer,1968,Summer,Mexico City,Wrestling,"Wrestling Men's Bantamweight, Freestyle",,"Bishambar Singh M India IND 1968 Summer Summer Mexico City Wrestling Wrestling Men's Bantamweight, Freestyle ",bishambar singh india ind summer summer mexico city wrestling wrestling mens bantamweight freestyle,0
111026,Chain Singh,M,27.0,172.0,68.0,India,IND,2016 Summer,2016,Summer,Rio de Janeiro,Shooting,"Shooting Men's Small-Bore Rifle, Three Positions, 50 metres",,"Chain Singh M India IND 2016 Summer Summer Rio de Janeiro Shooting Shooting Men's Small-Bore Rifle, Three Positions, 50 metres ",chain singh india ind summer summer rio de janeiro shooting shooting mens smallbore rifle three positions metres,0
111026,Chain Singh,M,27.0,172.0,68.0,India,IND,2016 Summer,2016,Summer,Rio de Janeiro,Shooting,"Shooting Men's Small-Bore Rifle, Prone, 50 metres",,"Chain Singh M India IND 2016 Summer Summer Rio de Janeiro Shooting Shooting Men's Small-Bore Rifle, Prone, 50 metres ",chain singh india ind summer summer rio de janeiro shooting shooting mens smallbore rifle prone metres,0
111027,Chand Singh,M,27.0,175.0,73.0,India,IND,1976 Summer,1976,Summer,Montreal,Hockey,Hockey Men's Hockey,,Chand Singh M India IND 1976 Summer Summer Montreal Hockey Hockey Men's Hockey ,chand singh india ind summer summer montreal hockey hockey mens hockey,2
111028,Charanjit Singh,M,29.0,175.0,58.0,India,IND,1960 Summer,1960,Summer,Roma,Hockey,Hockey Men's Hockey,Silver,Charanjit Singh M India IND 1960 Summer Summer Roma Hockey Hockey Men's Hockey Silver,charanjit singh india ind summer summer roma hockey hockey mens hockey silver,2
111028,Charanjit Singh,M,33.0,175.0,58.0,India,IND,1964 Summer,1964,Summer,Tokyo,Hockey,Hockey Men's Hockey,Gold,Charanjit Singh M India IND 1964 Summer Summer Tokyo Hockey Hockey Men's Hockey Gold,charanjit singh india ind summer summer tokyo hockey hockey mens hockey gold,2
111029,C. B. Chavan Singh,M,,,,India,IND,1928 Summer,1928,Summer,Amsterdam,Athletics,"Athletics Men's 10,000 metres",,"C. B. Chavan Singh M India IND 1928 Summer Summer Amsterdam Athletics Athletics Men's 10,000 metres ",c b chavan singh india ind summer summer amsterdam athletics athletics mens metres,1
111030,Chhota Singh,M,,,,India,IND,1948 Summer,1948,Summer,London,Athletics,Athletics Men's Marathon,,Chhota Singh M India IND 1948 Summer Summer London Athletics Athletics Men's Marathon ,chhota singh india ind summer summer london athletics athletics mens marathon,1
111031,Dalip Singh Grewal,M,25.0,,,India,IND,1924 Summer,1924,Summer,Paris,Athletics,Athletics Men's Long Jump,,Dalip Singh Grewal M India IND 1924 Summer Summer Paris Athletics Athletics Men's Long Jump ,dalip singh grewal india ind summer summer paris athletics athletics mens long jump,1
111031,Dalip Singh Grewal,M,29.0,,,India,IND,1928 Summer,1928,Summer,Amsterdam,Athletics,Athletics Men's Long Jump,,Dalip Singh Grewal M India IND 1928 Summer Summer Amsterdam Athletics Athletics Men's Long Jump ,dalip singh grewal india ind summer summer amsterdam athletics athletics mens long jump,1
111032,Darshan Singh Kular,M,26.0,170.0,72.0,India,IND,1964 Summer,1964,Summer,Tokyo,Hockey,Hockey Men's Hockey,Gold,Darshan Singh Kular M India IND 1964 Summer Summer Tokyo Hockey Hockey Men's Hockey Gold,darshan singh kular india ind summer summer tokyo hockey hockey mens hockey gold,2
111033,Darya Singh,M,32.0,170.0,61.0,India,IND,1980 Summer,1980,Summer,Moskva,Equestrianism,"Equestrianism Mixed Three-Day Event, Individual",,"Darya Singh M India IND 1980 Summer Summer Moskva Equestrianism Equestrianism Mixed Three-Day Event, Individual ",darya singh india ind summer summer moskva equestrianism equestrianism mixed threeday event individual,0
111033,Darya Singh,M,32.0,170.0,61.0,India,IND,1980 Summer,1980,Summer,Moskva,Equestrianism,"Equestrianism Mixed Three-Day Event, Team",,"Darya Singh M India IND 1980 Summer Summer Moskva Equestrianism Equestrianism Mixed Three-Day Event, Team ",darya singh india ind summer summer moskva equestrianism equestrianism mixed threeday event team,0
111035,Devi Singh,M,32.0,175.0,68.0,India,IND,1964 Summer,1964,Summer,Tokyo,Shooting,Shooting Men's Trap,,Devi Singh M India IND 1964 Summer Summer Tokyo Shooting Shooting Men's Trap ,devi singh india ind summer summer tokyo shooting shooting mens trap,0
111036,Devi Singh,M,,,,India,IND,1956 Summer,1956,Summer,Melbourne,Wrestling,"Wrestling Men's Welterweight, Freestyle",,"Devi Singh M India IND 1956 Summer Summer Melbourne Wrestling Wrestling Men's Welterweight, Freestyle ",devi singh india ind summer summer melbourne wrestling wrestling mens welterweight freestyle,0
111037,Devinder Singh,M,27.0,175.0,73.0,India,IND,1980 Summer,1980,Summer,Moskva,Hockey,Hockey Men's Hockey,Gold,Devinder Singh M India IND 1980 Summer Summer Moskva Hockey Hockey Men's Hockey Gold,devinder singh india ind summer summer moskva hockey hockey mens hockey gold,2
111039,Dharam Singh,M,26.0,170.0,65.0,India,IND,1964 Summer,1964,Summer,Tokyo,Hockey,Hockey Men's Hockey,Gold,Dharam Singh M India IND 1964 Summer Summer Tokyo Hockey Hockey Men's Hockey Gold,dharam singh india ind summer summer tokyo hockey hockey mens hockey gold,2
111040,Dharamvir Singh,M,21.0,,,India,IND,2012 Summer,2012,Summer,London,Hockey,Hockey Men's Hockey,,Dharamvir Singh M India IND 2012 Summer Summer London Hockey Hockey Men's Hockey ,dharamvir singh india ind summer summer london hockey hockey mens hockey,2
111041,Didar Singh,M,28.0,,,India,IND,1992 Summer,1992,Summer,Barcelona,Hockey,Hockey Men's Hockey,,Didar Singh M India IND 1992 Summer Summer Barcelona Hockey Hockey Men's Hockey ,didar singh india ind summer summer barcelona hockey hockey mens hockey,2
111042,"Grahanandan Nandy ""G. Nandy"" Singh",M,22.0,,79.0,India,IND,1948 Summer,1948,Summer,London,Hockey,Hockey Men's Hockey,Gold,"Grahanandan Nandy ""G. Nandy"" Singh M India IND 1948 Summer Summer London Hockey Hockey Men's Hockey Gold",grahanandan nandy g nandy singh india ind summer summer london hockey hockey mens hockey gold,2
111042,"Grahanandan Nandy ""G. Nandy"" Singh",M,26.0,,79.0,India,IND,1952 Summer,1952,Summer,Helsinki,Hockey,Hockey Men's Hockey,Gold,"Grahanandan Nandy ""G. Nandy"" Singh M India IND 1952 Summer Summer Helsinki Hockey Hockey Men's Hockey Gold",grahanandan nandy g nandy singh india ind summer summer helsinki hockey hockey mens hockey gold,2
111043,Gagan Ajit Singh,M,19.0,177.0,80.0,India,IND,2000 Summer,2000,Summer,Sydney,Hockey,Hockey Men's Hockey,,Gagan Ajit Singh M India IND 2000 Summer Summer Sydney Hockey Hockey Men's Hockey ,gagan ajit singh india ind summer summer sydney hockey hockey mens hockey,2
111043,Gagan Ajit Singh,M,23.0,177.0,80.0,India,IND,2004 Summer,2004,Summer,Athina,Hockey,Hockey Men's Hockey,,Gagan Ajit Singh M India IND 2004 Summer Summer Athina Hockey Hockey Men's Hockey ,gagan ajit singh india ind summer summer athina hockey hockey mens hockey,2
111046,Gian Sehrawat Singh,M,25.0,168.0,62.0,India,IND,1984 Summer,1984,Summer,Los Angeles,Wrestling,"Wrestling Men's Featherweight, Freestyle",,"Gian Sehrawat Singh M India IND 1984 Summer Summer Los Angeles Wrestling Wrestling Men's Featherweight, Freestyle ",gian sehrawat singh india ind summer summer los angeles wrestling wrestling mens featherweight freestyle,0
111047,"Joginder ""Gindi"" Singh",M,20.0,171.0,65.0,India,IND,1960 Summer,1960,Summer,Roma,Hockey,Hockey Men's Hockey,Silver,"Joginder ""Gindi"" Singh M India IND 1960 Summer Summer Roma Hockey Hockey Men's Hockey Silver",joginder gindi singh india ind summer summer roma hockey hockey mens hockey silver,2
111047,"Joginder ""Gindi"" Singh",M,24.0,171.0,65.0,India,IND,1964 Summer,1964,Summer,Tokyo,Hockey,Hockey Men's Hockey,Gold,"Joginder ""Gindi"" Singh M India IND 1964 Summer Summer Tokyo Hockey Hockey Men's Hockey Gold",joginder gindi singh india ind summer summer tokyo hockey hockey mens hockey gold,2
111048,"Inder ""Gogi"" Singh",M,24.0,173.0,68.0,India,IND,1968 Summer,1968,Summer,Mexico City,Hockey,Hockey Men's Hockey,Bronze,"Inder ""Gogi"" Singh M India IND 1968 Summer Summer Mexico City Hockey Hockey Men's Hockey Bronze",inder gogi singh india ind summer summer mexico city hockey hockey mens hockey bronze,2
111049,Gurbachan Singh,M,,,,India,IND,1928 Summer,1928,Summer,Amsterdam,Athletics,"Athletics Men's 5,000 metres",,"Gurbachan Singh M India IND 1928 Summer Summer Amsterdam Athletics Athletics Men's 5,000 metres ",gurbachan singh india ind summer summer amsterdam athletics athletics mens metres,1
111050,Gurbaj Singh,M,23.0,,,India,IND,2012 Summer,2012,Summer,London,Hockey,Hockey Men's Hockey,,Gurbaj Singh M India IND 2012 Summer Summer London Hockey Hockey Men's Hockey ,gurbaj singh india ind summer summer london hockey hockey mens hockey,2
111051,Gurbinder Singh,M,23.0,170.0,63.0,India,IND,2000 Summer,2000,Summer,Sydney,Wrestling,"Wrestling Men's Lightweight, Greco-Roman",,"Gurbinder Singh M India IND 2000 Summer Summer Sydney Wrestling Wrestling Men's Lightweight, Greco-Roman ",gurbinder singh india ind summer summer sydney wrestling wrestling mens lightweight grecoroman,0
111052,Gurbux Singh,M,29.0,178.0,65.0,India,IND,1964 Summer,1964,Summer,Tokyo,Hockey,Hockey Men's Hockey,Gold,Gurbux Singh M India IND 1964 Summer Summer Tokyo Hockey Hockey Men's Hockey Gold,gurbux singh india ind summer summer tokyo hockey hockey mens hockey gold,2
111052,Gurbux Singh,M,33.0,178.0,65.0,India,IND,1968 Summer,1968,Summer,Mexico City,Hockey,Hockey Men's Hockey,Bronze,Gurbux Singh M India IND 1968 Summer Summer Mexico City Hockey Hockey Men's Hockey Bronze,gurbux singh india ind summer summer mexico city hockey hockey mens hockey bronze,2
111053,Gurcharan Singh,M,19.0,191.0,81.0,India,IND,1996 Summer,1996,Summer,Atlanta,Boxing,Boxing Men's Light-Heavyweight,,Gurcharan Singh M India IND 1996 Summer Summer Atlanta Boxing Boxing Men's Light-Heavyweight ,gurcharan singh india ind summer summer atlanta boxing boxing mens lightheavyweight,0
111053,Gurcharan Singh,M,23.0,191.0,81.0,India,IND,2000 Summer,2000,Summer,Sydney,Boxing,Boxing Men's Light-Heavyweight,,Gurcharan Singh M India IND 2000 Summer Summer Sydney Boxing Boxing Men's Light-Heavyweight ,gurcharan singh india ind summer summer sydney boxing boxing mens lightheavyweight,0
111054,Gurdev Singh Kular,M,23.0,,,India,IND,1956 Summer,1956,Summer,Melbourne,Hockey,Hockey Men's Hockey,Gold,Gurdev Singh Kular M India IND 1956 Summer Summer Melbourne Hockey Hockey Men's Hockey Gold,gurdev singh kular india ind summer summer melbourne hockey hockey mens hockey gold,2
111055,Gurmail Singh,M,20.0,170.0,62.0,India,IND,1980 Summer,1980,Summer,Moskva,Hockey,Hockey Men's Hockey,Gold,Gurmail Singh M India IND 1980 Summer Summer Moskva Hockey Hockey Men's Hockey Gold,gurmail singh india ind summer summer moskva hockey hockey mens hockey gold,2
111056,Gurmeet Singh,M,27.0,172.0,60.0,India,IND,2012 Summer,2012,Summer,London,Athletics,Athletics Men's 20 kilometres Walk,,Gurmeet Singh M India IND 2012 Summer Summer London Athletics Athletics Men's 20 kilometres Walk ,gurmeet singh india ind summer summer london athletics athletics mens kilometres walk,1
111056,Gurmeet Singh,M,31.0,172.0,60.0,India,IND,2016 Summer,2016,Summer,Rio de Janeiro,Athletics,Athletics Men's 20 kilometres Walk,,Gurmeet Singh M India IND 2016 Summer Summer Rio de Janeiro Athletics Athletics Men's 20 kilometres Walk ,gurmeet singh india ind summer summer rio de janeiro athletics athletics mens kilometres walk,1
111057,Gurmit Singh Kullar,M,,170.0,,India,IND,1932 Summer,1932,Summer,Los Angeles,Hockey,Hockey Men's Hockey,Gold,Gurmit Singh Kullar M India IND 1932 Summer Summer Los Angeles Hockey Hockey Men's Hockey Gold,gurmit singh kullar india ind summer summer los angeles hockey hockey mens hockey gold,2
111058,S. Gurnam Singh,M,,,,India,IND,1948 Summer,1948,Summer,London,Athletics,Athletics Men's High Jump,,S. Gurnam Singh M India IND 1948 Summer Summer London Athletics Athletics Men's High Jump ,gurnam singh india ind summer summer london athletics athletics mens high jump,1
111059,Gurpreet Singh,M,28.0,176.0,81.0,India,IND,2016 Summer,2016,Summer,Rio de Janeiro,Shooting,"Shooting Men's Air Pistol, 10 metres",,"Gurpreet Singh M India IND 2016 Summer Summer Rio de Janeiro Shooting Shooting Men's Air Pistol, 10 metres ",gurpreet singh india ind summer summer rio de janeiro shooting shooting mens air pistol metres,0
111059,Gurpreet Singh,M,28.0,176.0,81.0,India,IND,2016 Summer,2016,Summer,Rio de Janeiro,Shooting,"Shooting Men's Rapid-Fire Pistol, 25 metres",,"Gurpreet Singh M India IND 2016 Summer Summer Rio de Janeiro Shooting Shooting Men's Rapid-Fire Pistol, 25 metres ",gurpreet singh india ind summer summer rio de janeiro shooting shooting mens rapidfire pistol metres,0
111060,Gurtej Singh,M,24.0,181.0,92.0,India,IND,1984 Summer,1984,Summer,Los Angeles,Athletics,Athletics Men's Javelin Throw,,Gurtej Singh M India IND 1984 Summer Summer Los Angeles Athletics Athletics Men's Javelin Throw ,gurtej singh india ind summer summer los angeles athletics athletics mens javelin throw,1
111061,Hanuman Singh Rathore,M,30.0,176.0,68.0,India,IND,1980 Summer,1980,Summer,Moskva,Basketball,Basketball Men's Basketball,,Hanuman Singh Rathore M India IND 1980 Summer Summer Moskva Basketball Basketball Men's Basketball ,hanuman singh rathore india ind summer summer moskva basketball basketball mens basketball,0
111062,Harbhajan Singh,M,30.0,196.0,74.0,India,IND,1980 Summer,1980,Summer,Moskva,Basketball,Basketball Men's Basketball,,Harbhajan Singh M India IND 1980 Summer Summer Moskva Basketball Basketball Men's Basketball ,harbhajan singh india ind summer summer moskva basketball basketball mens basketball,0
111063,Harbinder Singh Chimni,M,21.0,174.0,60.0,India,IND,1964 Summer,1964,Summer,Tokyo,Hockey,Hockey Men's Hockey,Gold,Harbinder Singh Chimni M India IND 1964 Summer Summer Tokyo Hockey Hockey Men's Hockey Gold,harbinder singh chimni india ind summer summer tokyo hockey hockey mens hockey gold,2
111063,Harbinder Singh Chimni,M,25.0,174.0,60.0,India,IND,1968 Summer,1968,Summer,Mexico City,Hockey,Hockey Men's Hockey,Bronze,Harbinder Singh Chimni M India IND 1968 Summer Summer Mexico City Hockey Hockey Men's Hockey Bronze,harbinder singh chimni india ind summer summer mexico city hockey hockey mens hockey bronze,2
111063,Harbinder Singh Chimni,M,29.0,174.0,60.0,India,IND,1972 Summer,1972,Summer,Munich,Hockey,Hockey Men's Hockey,Bronze,Harbinder Singh Chimni M India IND 1972 Summer Summer Munich Hockey Hockey Men's Hockey Bronze,harbinder singh chimni india ind summer summer munich hockey hockey mens hockey bronze,2
111064,Harcharan Singh,M,22.0,175.0,68.0,India,IND,1972 Summer,1972,Summer,Munich,Hockey,Hockey Men's Hockey,Bronze,Harcharan Singh M India IND 1972 Summer Summer Munich Hockey Hockey Men's Hockey Bronze,harcharan singh india ind summer summer munich hockey hockey mens hockey bronze,2
111064,Harcharan Singh,M,26.0,175.0,68.0,India,IND,1976 Summer,1976,Summer,Montreal,Hockey,Hockey Men's Hockey,,Harcharan Singh M India IND 1976 Summer Summer Montreal Hockey Hockey Men's Hockey ,harcharan singh india ind summer summer montreal hockey hockey mens hockey,2
111065,Hardeep Singh,M,25.0,183.0,98.0,India,IND,2016 Summer,2016,Summer,Rio de Janeiro,Wrestling,"Wrestling Men's Heavyweight, Greco-Roman",,"Hardeep Singh M India IND 2016 Summer Summer Rio de Janeiro Wrestling Wrestling Men's Heavyweight, Greco-Roman ",hardeep singh india ind summer summer rio de janeiro wrestling wrestling mens heavyweight grecoroman,0
111066,Hardeep Singh Grewal,M,23.0,168.0,65.0,India,IND,1984 Summer,1984,Summer,Los Angeles,Hockey,Hockey Men's Hockey,,Hardeep Singh Grewal M India IND 1984 Summer Summer Los Angeles Hockey Hockey Men's Hockey ,hardeep singh grewal india ind summer summer los angeles hockey hockey mens hockey,2
111067,Hardyal Singh Garchey,M,27.0,,,India,IND,1956 Summer,1956,Summer,Melbourne,Hockey,Hockey Men's Hockey,Gold,Hardyal Singh Garchey M India IND 1956 Summer Summer Melbourne Hockey Hockey Men's Hockey Gold,hardyal singh garchey india ind summer summer melbourne hockey hockey mens hockey gold,2
111068,Harmanpreet Singh,M,20.0,177.0,70.0,India,IND,2016 Summer,2016,Summer,Rio de Janeiro,Hockey,Hockey Men's Hockey,,Harmanpreet Singh M India IND 2016 Summer Summer Rio de Janeiro Hockey Hockey Men's Hockey ,harmanpreet singh india ind summer summer rio de janeiro hockey hockey mens hockey,2
111069,Harmik Singh,M,21.0,174.0,70.0,India,IND,1968 Summer,1968,Summer,Mexico City,Hockey,Hockey Men's Hockey,Bronze,Harmik Singh M India IND 1968 Summer Summer Mexico City Hockey Hockey Men's Hockey Bronze,harmik singh india ind summer summer mexico city hockey hockey mens hockey bronze,2
111069,Harmik Singh,M,25.0,174.0,70.0,India,IND,1972 Summer,1972,Summer,Munich,Hockey,Hockey Men's Hockey,Bronze,Harmik Singh M India IND 1972 Summer Summer Munich Hockey Hockey Men's Hockey Bronze,harmik singh india ind summer summer munich hockey hockey mens hockey bronze,2
111070,Harpal Singh,M,20.0,170.0,68.0,India,IND,2004 Summer,2004,Summer,Athina,Hockey,Hockey Men's Hockey,,Harpal Singh M India IND 2004 Summer Summer Athina Hockey Hockey Men's Hockey ,harpal singh india ind summer summer athina hockey hockey mens hockey,2
111071,Harpreet Singh Mander,M,19.0,,,India,IND,1992 Summer,1992,Summer,Barcelona,Hockey,Hockey Men's Hockey,,Harpreet Singh Mander M India IND 1992 Summer Summer Barcelona Hockey Hockey Men's Hockey ,harpreet singh mander india ind summer summer barcelona hockey hockey mens hockey,2
111071,Harpreet Singh Mander,M,23.0,,,India,IND,1996 Summer,1996,Summer,Atlanta,Hockey,Hockey Men's Hockey,,Harpreet Singh Mander M India IND 1996 Summer Summer Atlanta Hockey Hockey Men's Hockey ,harpreet singh mander india ind summer summer atlanta hockey hockey mens hockey,2
111072,Inderpal Singh,M,25.0,195.0,85.0,India,IND,2000 Summer,2000,Summer,Sydney,Rowing,Rowing Men's Coxless Pairs,,Inderpal Singh M India IND 2000 Summer Summer Sydney Rowing Rowing Men's Coxless Pairs ,inderpal singh india ind summer summer sydney rowing rowing mens coxless pairs,0
111073,Jagbir Singh,M,23.0,180.0,71.0,India,IND,1988 Summer,1988,Summer,Seoul,Hockey,Hockey Men's Hockey,,Jagbir Singh M India IND 1988 Summer Summer Seoul Hockey Hockey Men's Hockey ,jagbir singh india ind summer summer seoul hockey hockey mens hockey,2
111073,Jagbir Singh,M,27.0,180.0,71.0,India,IND,1992 Summer,1992,Summer,Barcelona,Hockey,Hockey Men's Hockey,,Jagbir Singh M India IND 1992 Summer Summer Barcelona Hockey Hockey Men's Hockey ,jagbir singh india ind summer summer barcelona hockey hockey mens hockey,2
111074,Jagdev Singh,M,,,,India,IND,1956 Summer,1956,Summer,Melbourne,Athletics,Athletics Men's 400 metres Hurdles,,Jagdev Singh M India IND 1956 Summer Summer Melbourne Athletics Athletics Men's 400 metres Hurdles ,jagdev singh india ind summer summer melbourne athletics athletics mens metres hurdles,1
111075,Jagjit Singh Kular,M,20.0,170.0,58.0,India,IND,1964 Summer,1964,Summer,Tokyo,Hockey,Hockey Men's Hockey,Gold,Jagjit Singh Kular M India IND 1964 Summer Summer Tokyo Hockey Hockey Men's Hockey Gold,jagjit singh kular india ind summer summer tokyo hockey hockey mens hockey gold,2
111075,Jagjit Singh Kular,M,24.0,170.0,58.0,India,IND,1968 Summer,1968,Summer,Mexico City,Hockey,Hockey Men's Hockey,Bronze,Jagjit Singh Kular M India IND 1968 Summer Summer Mexico City Hockey Hockey Men's Hockey Bronze,jagjit singh kular india ind summer summer mexico city hockey hockey mens hockey bronze,2
111076,Jagmal Singh Ragho,M,37.0,173.0,53.0,India,IND,1960 Summer,1960,Summer,Roma,Athletics,Athletics Men's Marathon,,Jagmal Singh Ragho M India IND 1960 Summer Summer Roma Athletics Athletics Men's Marathon ,jagmal singh ragho india ind summer summer roma athletics athletics mens marathon,1
111077,Jagmander Balyan Singh,M,24.0,165.0,68.0,India,IND,1980 Summer,1980,Summer,Moskva,Wrestling,"Wrestling Men's Lightweight, Freestyle",,"Jagmander Balyan Singh M India IND 1980 Summer Summer Moskva Wrestling Wrestling Men's Lightweight, Freestyle ",jagmander balyan singh india ind summer summer moskva wrestling wrestling mens lightweight freestyle,0
111077,Jagmander Balyan Singh,M,28.0,165.0,68.0,India,IND,1984 Summer,1984,Summer,Los Angeles,Wrestling,"Wrestling Men's Lightweight, Freestyle",,"Jagmander Balyan Singh M India IND 1984 Summer Summer Los Angeles Wrestling Wrestling Men's Lightweight, Freestyle ",jagmander balyan singh india ind summer summer los angeles wrestling wrestling mens lightweight freestyle,0
111078,Jagmohan Nat Singh,M,28.0,183.0,71.0,India,IND,1960 Summer,1960,Summer,Roma,Athletics,Athletics Men's 110 metres Hurdles,,Jagmohan Nat Singh M India IND 1960 Summer Summer Roma Athletics Athletics Men's 110 metres Hurdles ,jagmohan nat singh india ind summer summer roma athletics athletics mens metres hurdles,1
111080,Jagrup Singh,M,29.0,171.0,68.0,India,IND,1972 Summer,1972,Summer,Munich,Wrestling,"Wrestling Men's Lightweight, Freestyle",,"Jagrup Singh M India IND 1972 Summer Summer Munich Wrestling Wrestling Men's Lightweight, Freestyle ",jagrup singh india ind summer summer munich wrestling wrestling mens lightweight freestyle,0
111081,Jaipal Singh Munda,M,25.0,,,India,IND,1928 Summer,1928,Summer,Amsterdam,Hockey,Hockey Men's Hockey,Gold,Jaipal Singh Munda M India IND 1928 Summer Summer Amsterdam Hockey Hockey Men's Hockey Gold,jaipal singh munda india ind summer summer amsterdam hockey hockey mens hockey gold,2
111083,Jaswant Singh,M,29.0,185.0,77.0,India,IND,1960 Summer,1960,Summer,Roma,Hockey,Hockey Men's Hockey,Silver,Jaswant Singh M India IND 1960 Summer Summer Roma Hockey Hockey Men's Hockey Silver,jaswant singh india ind summer summer roma hockey hockey mens hockey silver,2
111085,Jit Singh,M,27.0,175.0,87.0,India,IND,1964 Summer,1964,Summer,Tokyo,Wrestling,"Wrestling Men's Middleweight, Freestyle",,"Jit Singh M India IND 1964 Summer Summer Tokyo Wrestling Wrestling Men's Middleweight, Freestyle ",jit singh india ind summer summer tokyo wrestling wrestling mens middleweight freestyle,0
111086,Jorawar Singh,M,29.0,180.0,68.0,India,IND,1980 Summer,1980,Summer,Moskva,Basketball,Basketball Men's Basketball,,Jorawar Singh M India IND 1980 Summer Summer Moskva Basketball Basketball Men's Basketball ,jorawar singh india ind summer summer moskva basketball basketball mens basketball,0
111087,Jugraj Singh Mann,M,,180.0,98.0,India,IND,1972 Summer,1972,Summer,Munich,Athletics,Athletics Men's Shot Put,,Jugraj Singh Mann M India IND 1972 Summer Summer Munich Athletics Athletics Men's Shot Put ,jugraj singh mann india ind summer summer munich athletics athletics mens shot put,1
111088,Kaliq Singh,M,33.0,188.0,91.0,India,IND,1984 Summer,1984,Summer,Los Angeles,Boxing,Boxing Men's Heavyweight,,Kaliq Singh M India IND 1984 Summer Summer Los Angeles Boxing Boxing Men's Heavyweight ,kaliq singh india ind summer summer los angeles boxing boxing mens heavyweight,0
111089,Karni Singh Bahadur,M,36.0,174.0,99.0,India,IND,1960 Summer,1960,Summer,Roma,Shooting,Shooting Men's Trap,,Karni Singh Bahadur M India IND 1960 Summer Summer Roma Shooting Shooting Men's Trap ,karni singh bahadur india ind summer summer roma shooting shooting mens trap,0
111089,Karni Singh Bahadur,M,40.0,174.0,99.0,India,IND,1964 Summer,1964,Summer,Tokyo,Shooting,Shooting Men's Trap,,Karni Singh Bahadur M India IND 1964 Summer Summer Tokyo Shooting Shooting Men's Trap ,karni singh bahadur india ind summer summer tokyo shooting shooting mens trap,0
111089,Karni Singh Bahadur,M,44.0,174.0,99.0,India,IND,1968 Summer,1968,Summer,Mexico City,Shooting,Shooting Mixed Trap,,Karni Singh Bahadur M India IND 1968 Summer Summer Mexico City Shooting Shooting Mixed Trap ,karni singh bahadur india ind summer summer mexico city shooting shooting mixed trap,0
111089,Karni Singh Bahadur,M,44.0,174.0,99.0,India,IND,1968 Summer,1968,Summer,Mexico City,Shooting,Shooting Mixed Skeet,,Karni Singh Bahadur M India IND 1968 Summer Summer Mexico City Shooting Shooting Mixed Skeet ,karni singh bahadur india ind summer summer mexico city shooting shooting mixed skeet,0
111089,Karni Singh Bahadur,M,48.0,174.0,99.0,India,IND,1972 Summer,1972,Summer,Munich,Shooting,Shooting Mixed Trap,,Karni Singh Bahadur M India IND 1972 Summer Summer Munich Shooting Shooting Mixed Trap ,karni singh bahadur india ind summer summer munich shooting shooting mixed trap,0
111089,Karni Singh Bahadur,M,48.0,174.0,99.0,India,IND,1972 Summer,1972,Summer,Munich,Shooting,Shooting Mixed Skeet,,Karni Singh Bahadur M India IND 1972 Summer Summer Munich Shooting Shooting Mixed Skeet ,karni singh bahadur india ind summer summer munich shooting shooting mixed skeet,0
111089,Karni Singh Bahadur,M,56.0,174.0,99.0,India,IND,1980 Summer,1980,Summer,Moskva,Shooting,Shooting Mixed Trap,,Karni Singh Bahadur M India IND 1980 Summer Summer Moskva Shooting Shooting Mixed Trap ,karni singh bahadur india ind summer summer moskva shooting shooting mixed trap,0
111090,Kothajit Singh Khadangbam,M,23.0,170.0,63.0,India,IND,2016 Summer,2016,Summer,Rio de Janeiro,Hockey,Hockey Men's Hockey,,Kothajit Singh Khadangbam M India IND 2016 Summer Summer Rio de Janeiro Hockey Hockey Men's Hockey ,kothajit singh khadangbam india ind summer summer rio de janeiro hockey hockey mens hockey,2
111091,Kuldeep Singh,M,22.0,162.0,52.0,India,IND,1988 Summer,1988,Summer,Seoul,Wrestling,"Wrestling Men's Flyweight, Freestyle",,"Kuldeep Singh M India IND 1988 Summer Summer Seoul Wrestling Wrestling Men's Flyweight, Freestyle ",kuldeep singh india ind summer summer seoul wrestling wrestling mens flyweight freestyle,0
111092,Kulwant Singh,M,23.0,172.0,70.0,India,IND,1972 Summer,1972,Summer,Munich,Hockey,Hockey Men's Hockey,Bronze,Kulwant Singh M India IND 1972 Summer Summer Munich Hockey Hockey Men's Hockey Bronze,kulwant singh india ind summer summer munich hockey hockey mens hockey bronze,2
111093,Kunwar Digvijay Singh,M,26.0,,,India,IND,1948 Summer,1948,Summer,London,Hockey,Hockey Men's Hockey,Gold,Kunwar Digvijay Singh M India IND 1948 Summer Summer London Hockey Hockey Men's Hockey Gold,kunwar digvijay singh india ind summer summer london hockey hockey mens hockey gold,2
111093,Kunwar Digvijay Singh,M,30.0,,,India,IND,1952 Summer,1952,Summer,Helsinki,Hockey,Hockey Men's Hockey,Gold,Kunwar Digvijay Singh M India IND 1952 Summer Summer Helsinki Hockey Hockey Men's Hockey Gold,kunwar digvijay singh india ind summer summer helsinki hockey hockey mens hockey gold,2
111094,Labh Singh,M,25.0,173.0,54.0,India,IND,1964 Summer,1964,Summer,Tokyo,Athletics,Athletics Men's Triple Jump,,Labh Singh M India IND 1964 Summer Summer Tokyo Athletics Athletics Men's Triple Jump ,labh singh india ind summer summer tokyo athletics athletics mens triple jump,1
111095,Lakha Singh,M,31.0,180.0,90.0,India,IND,1996 Summer,1996,Summer,Atlanta,Boxing,Boxing Men's Heavyweight,,Lakha Singh M India IND 1996 Summer Summer Atlanta Boxing Boxing Men's Heavyweight ,lakha singh india ind summer summer atlanta boxing boxing mens heavyweight,0
111096,Madho Singh,M,31.0,170.0,78.0,India,IND,1960 Summer,1960,Summer,Roma,Wrestling,"Wrestling Men's Middleweight, Freestyle",,"Madho Singh M India IND 1960 Summer Summer Roma Wrestling Wrestling Men's Middleweight, Freestyle ",madho singh india ind summer summer roma wrestling wrestling mens middleweight freestyle,0
111096,Madho Singh,M,35.0,170.0,78.0,India,IND,1964 Summer,1964,Summer,Tokyo,Wrestling,"Wrestling Men's Welterweight, Freestyle",,"Madho Singh M India IND 1964 Summer Summer Tokyo Wrestling Wrestling Men's Welterweight, Freestyle ",madho singh india ind summer summer tokyo wrestling wrestling mens welterweight freestyle,0
111097,Mahabir Singh,M,15.0,165.0,52.0,India,IND,1980 Summer,1980,Summer,Moskva,Wrestling,"Wrestling Men's Light-Flyweight, Freestyle",,"Mahabir Singh M India IND 1980 Summer Summer Moskva Wrestling Wrestling Men's Light-Flyweight, Freestyle ",mahabir singh india ind summer summer moskva wrestling wrestling mens lightflyweight freestyle,0
111097,Mahabir Singh,M,19.0,165.0,52.0,India,IND,1984 Summer,1984,Summer,Los Angeles,Wrestling,"Wrestling Men's Flyweight, Freestyle",,"Mahabir Singh M India IND 1984 Summer Summer Los Angeles Wrestling Wrestling Men's Flyweight, Freestyle ",mahabir singh india ind summer summer los angeles wrestling wrestling mens flyweight freestyle,0
111098,Mahadeo R. Singh,M,,,,India,IND,1924 Summer,1924,Summer,Paris,Athletics,Athletics Men's Marathon,,Mahadeo R. Singh M India IND 1924 Summer Summer Paris Athletics Athletics Men's Marathon ,mahadeo r singh india ind summer summer paris athletics athletics mens marathon,1
111099,Makhan Singh,M,25.0,167.0,67.0,India,IND,1964 Summer,1964,Summer,Tokyo,Athletics,Athletics Men's 4 x 100 metres Relay,,Makhan Singh M India IND 1964 Summer Summer Tokyo Athletics Athletics Men's 4 x 100 metres Relay ,makhan singh india ind summer summer tokyo athletics athletics mens x metres relay,1
111099,Makhan Singh,M,25.0,167.0,67.0,India,IND,1964 Summer,1964,Summer,Tokyo,Athletics,Athletics Men's 4 x 400 metres Relay,,Makhan Singh M India IND 1964 Summer Summer Tokyo Athletics Athletics Men's 4 x 400 metres Relay ,makhan singh india ind summer summer tokyo athletics athletics mens x metres relay,1
111100,Malwa Singh,M,18.0,137.0,52.0,India,IND,1964 Summer,1964,Summer,Tokyo,Wrestling,"Wrestling Men's Flyweight, Greco-Roman",,"Malwa Singh M India IND 1964 Summer Summer Tokyo Wrestling Wrestling Men's Flyweight, Greco-Roman ",malwa singh india ind summer summer tokyo wrestling wrestling mens flyweight grecoroman,0
111100,Malwa Singh,M,18.0,137.0,52.0,India,IND,1964 Summer,1964,Summer,Tokyo,Wrestling,"Wrestling Men's Flyweight, Freestyle",,"Malwa Singh M India IND 1964 Summer Summer Tokyo Wrestling Wrestling Men's Flyweight, Freestyle ",malwa singh india ind summer summer tokyo wrestling wrestling mens flyweight freestyle,0
111101,Mangal Singh Champia,M,24.0,167.0,82.0,India,IND,2008 Summer,2008,Summer,Beijing,Archery,Archery Men's Individual,,Mangal Singh Champia M India IND 2008 Summer Summer Beijing Archery Archery Men's Individual ,mangal singh champia india ind summer summer beijing archery archery mens individual,0
111102,Manish Singh Rawat,M,25.0,174.0,65.0,India,IND,2016 Summer,2016,Summer,Rio de Janeiro,Athletics,Athletics Men's 20 kilometres Walk,,Manish Singh Rawat M India IND 2016 Summer Summer Rio de Janeiro Athletics Athletics Men's 20 kilometres Walk ,manish singh rawat india ind summer summer rio de janeiro athletics athletics mens kilometres walk,1
111103,Manjit Singh,M,19.0,180.0,68.0,India,IND,2008 Summer,2008,Summer,Beijing,Rowing,Rowing Men's Lightweight Double Sculls,,Manjit Singh M India IND 2008 Summer Summer Beijing Rowing Rowing Men's Lightweight Double Sculls ,manjit singh india ind summer summer beijing rowing rowing mens lightweight double sculls,0
111103,Manjit Singh,M,23.0,180.0,68.0,India,IND,2012 Summer,2012,Summer,London,Rowing,Rowing Men's Lightweight Double Sculls,,Manjit Singh M India IND 2012 Summer Summer London Rowing Rowing Men's Lightweight Double Sculls ,manjit singh india ind summer summer london rowing rowing mens lightweight double sculls,0
111104,Manpreet Singh,M,20.0,172.0,69.0,India,IND,2012 Summer,2012,Summer,London,Hockey,Hockey Men's Hockey,,Manpreet Singh M India IND 2012 Summer Summer London Hockey Hockey Men's Hockey ,manpreet singh india ind summer summer london hockey hockey mens hockey,2
111104,Manpreet Singh,M,24.0,172.0,69.0,India,IND,2016 Summer,2016,Summer,Rio de Janeiro,Hockey,Hockey Men's Hockey,,Manpreet Singh M India IND 2016 Summer Summer Rio de Janeiro Hockey Hockey Men's Hockey ,manpreet singh india ind summer summer rio de janeiro hockey hockey mens hockey,2
111105,Mansher Singh,M,18.0,173.0,76.0,India,IND,1984 Summer,1984,Summer,Los Angeles,Shooting,Shooting Mixed Trap,,Mansher Singh M India IND 1984 Summer Summer Los Angeles Shooting Shooting Mixed Trap ,mansher singh india ind summer summer los angeles shooting shooting mixed trap,0
111105,Mansher Singh,M,30.0,173.0,76.0,India,IND,1996 Summer,1996,Summer,Atlanta,Shooting,Shooting Men's Trap,,Mansher Singh M India IND 1996 Summer Summer Atlanta Shooting Shooting Men's Trap ,mansher singh india ind summer summer atlanta shooting shooting mens trap,0
111105,Mansher Singh,M,38.0,173.0,76.0,India,IND,2004 Summer,2004,Summer,Athina,Shooting,Shooting Men's Trap,,Mansher Singh M India IND 2004 Summer Summer Athina Shooting Shooting Men's Trap ,mansher singh india ind summer summer athina shooting shooting mens trap,0
111105,Mansher Singh,M,42.0,173.0,76.0,India,IND,2008 Summer,2008,Summer,Beijing,Shooting,Shooting Men's Trap,,Mansher Singh M India IND 2008 Summer Summer Beijing Shooting Shooting Men's Trap ,mansher singh india ind summer summer beijing shooting shooting mens trap,0
111107,Mehnga Singh Sidhu,M,29.0,,,India,IND,1952 Summer,1952,Summer,Helsinki,Athletics,Athletics Men's High Jump,,Mehnga Singh Sidhu M India IND 1952 Summer Summer Helsinki Athletics Athletics Men's High Jump ,mehnga singh sidhu india ind summer summer helsinki athletics athletics mens high jump,1
111108,Milkha Singh,M,21.0,172.0,66.0,India,IND,1956 Summer,1956,Summer,Melbourne,Athletics,Athletics Men's 200 metres,,Milkha Singh M India IND 1956 Summer Summer Melbourne Athletics Athletics Men's 200 metres ,milkha singh india ind summer summer melbourne athletics athletics mens metres,1
111108,Milkha Singh,M,21.0,172.0,66.0,India,IND,1956 Summer,1956,Summer,Melbourne,Athletics,Athletics Men's 400 metres,,Milkha Singh M India IND 1956 Summer Summer Melbourne Athletics Athletics Men's 400 metres ,milkha singh india ind summer summer melbourne athletics athletics mens metres,1
111108,Milkha Singh,M,24.0,172.0,66.0,India,IND,1960 Summer,1960,Summer,Roma,Athletics,Athletics Men's 400 metres,,Milkha Singh M India IND 1960 Summer Summer Roma Athletics Athletics Men's 400 metres ,milkha singh india ind summer summer roma athletics athletics mens metres,1
111108,Milkha Singh,M,28.0,172.0,66.0,India,IND,1964 Summer,1964,Summer,Tokyo,Athletics,Athletics Men's 4 x 400 metres Relay,,Milkha Singh M India IND 1964 Summer Summer Tokyo Athletics Athletics Men's 4 x 400 metres Relay ,milkha singh india ind summer summer tokyo athletics athletics mens x metres relay,1
111109,Mohinder Singh,M,23.0,171.0,62.0,India,IND,1976 Summer,1976,Summer,Montreal,Hockey,Hockey Men's Hockey,,Mohinder Singh M India IND 1976 Summer Summer Montreal Hockey Hockey Men's Hockey ,mohinder singh india ind summer summer montreal hockey hockey mens hockey,2
111110,Mohinder Singh Gill,M,22.0,,,India,IND,1956 Summer,1956,Summer,Melbourne,Athletics,Athletics Men's Triple Jump,,Mohinder Singh Gill M India IND 1956 Summer Summer Melbourne Athletics Athletics Men's Triple Jump ,mohinder singh gill india ind summer summer melbourne athletics athletics mens triple jump,1
111111,Mohinder Pal Singh,M,25.0,178.0,78.0,India,IND,1988 Summer,1988,Summer,Seoul,Hockey,Hockey Men's Hockey,,Mohinder Pal Singh M India IND 1988 Summer Summer Seoul Hockey Hockey Men's Hockey ,mohinder pal singh india ind summer summer seoul hockey hockey mens hockey,2
111112,Mukhbain Singh,M,27.0,173.0,70.0,India,IND,1972 Summer,1972,Summer,Munich,Hockey,Hockey Men's Hockey,Bronze,Mukhbain Singh M India IND 1972 Summer Summer Munich Hockey Hockey Men's Hockey Bronze,mukhbain singh india ind summer summer munich hockey hockey mens hockey bronze,2
111113,Mukhtiar Singh,M,25.0,171.0,82.0,India,IND,1968 Summer,1968,Summer,Mexico City,Wrestling,"Wrestling Men's Welterweight, Freestyle",,"Mukhtiar Singh M India IND 1968 Summer Summer Mexico City Wrestling Wrestling Men's Welterweight, Freestyle ",mukhtiar singh india ind summer summer mexico city wrestling wrestling mens welterweight freestyle,0
111113,Mukhtiar Singh,M,29.0,171.0,82.0,India,IND,1972 Summer,1972,Summer,Munich,Wrestling,"Wrestling Men's Welterweight, Freestyle",,"Mukhtiar Singh M India IND 1972 Summer Summer Munich Wrestling Wrestling Men's Welterweight, Freestyle ",mukhtiar singh india ind summer summer munich wrestling wrestling mens welterweight freestyle,0
111114,Narinder Singh Kodan,M,23.0,,,India,IND,1992 Summer,1992,Summer,Barcelona,Judo,Judo Men's Extra-Lightweight,,Narinder Singh Kodan M India IND 1992 Summer Summer Barcelona Judo Judo Men's Extra-Lightweight ,narinder singh kodan india ind summer summer barcelona judo judo mens extralightweight,0
111114,Narinder Singh Kodan,M,27.0,,,India,IND,1996 Summer,1996,Summer,Atlanta,Judo,Judo Men's Extra-Lightweight,,Narinder Singh Kodan M India IND 1996 Summer Summer Atlanta Judo Judo Men's Extra-Lightweight ,narinder singh kodan india ind summer summer atlanta judo judo mens extralightweight,0
111115,Neel Kamal Singh,M,21.0,171.0,61.0,India,IND,1984 Summer,1984,Summer,Los Angeles,Hockey,Hockey Men's Hockey,,Neel Kamal Singh M India IND 1984 Summer Summer Los Angeles Hockey Hockey Men's Hockey ,neel kamal singh india ind summer summer los angeles hockey hockey mens hockey,2
111116,Pala Singh,M,,,,India,IND,1924 Summer,1924,Summer,Paris,Athletics,"Athletics Men's 1,500 metres",,"Pala Singh M India IND 1924 Summer Summer Paris Athletics Athletics Men's 1,500 metres ",pala singh india ind summer summer paris athletics athletics mens metres,1
111116,Pala Singh,M,,,,India,IND,1924 Summer,1924,Summer,Paris,Athletics,"Athletics Men's 5,000 metres",,"Pala Singh M India IND 1924 Summer Summer Paris Athletics Athletics Men's 5,000 metres ",pala singh india ind summer summer paris athletics athletics mens metres,1
111116,Pala Singh,M,,,,India,IND,1924 Summer,1924,Summer,Paris,Athletics,"Athletics Men's 10,000 metres",,"Pala Singh M India IND 1924 Summer Summer Paris Athletics Athletics Men's 10,000 metres ",pala singh india ind summer summer paris athletics athletics mens metres,1
111117,Paramjit Singh,M,27.0,187.0,70.0,India,IND,1980 Summer,1980,Summer,Moskva,Basketball,Basketball Men's Basketball,,Paramjit Singh M India IND 1980 Summer Summer Moskva Basketball Basketball Men's Basketball ,paramjit singh india ind summer summer moskva basketball basketball mens basketball,0
111118,Paramjit Singh,M,29.0,187.0,73.0,India,IND,2000 Summer,2000,Summer,Sydney,Athletics,Athletics Men's 400 metres,,Paramjit Singh M India IND 2000 Summer Summer Sydney Athletics Athletics Men's 400 metres ,paramjit singh india ind summer summer sydney athletics athletics mens metres,1
111118,Paramjit Singh,M,29.0,187.0,73.0,India,IND,2000 Summer,2000,Summer,Sydney,Athletics,Athletics Men's 4 x 400 metres Relay,,Paramjit Singh M India IND 2000 Summer Summer Sydney Athletics Athletics Men's 4 x 400 metres Relay ,paramjit singh india ind summer summer sydney athletics athletics mens x metres relay,1
111119,Pargat Singh Powar,M,23.0,170.0,68.0,India,IND,1988 Summer,1988,Summer,Seoul,Hockey,Hockey Men's Hockey,,Pargat Singh Powar M India IND 1988 Summer Summer Seoul Hockey Hockey Men's Hockey ,pargat singh powar india ind summer summer seoul hockey hockey mens hockey,2
111119,Pargat Singh Powar,M,27.0,170.0,68.0,India,IND,1992 Summer,1992,Summer,Barcelona,Hockey,Hockey Men's Hockey,,Pargat Singh Powar M India IND 1992 Summer Summer Barcelona Hockey Hockey Men's Hockey ,pargat singh powar india ind summer summer barcelona hockey hockey mens hockey,2
111119,Pargat Singh Powar,M,31.0,170.0,68.0,India,IND,1996 Summer,1996,Summer,Atlanta,Hockey,Hockey Men's Hockey,,Pargat Singh Powar M India IND 1996 Summer Summer Atlanta Hockey Hockey Men's Hockey ,pargat singh powar india ind summer summer atlanta hockey hockey mens hockey,2
111120,Prabhjot Singh,M,23.0,177.0,70.0,India,IND,2004 Summer,2004,Summer,Athina,Hockey,Hockey Men's Hockey,,Prabhjot Singh M India IND 2004 Summer Summer Athina Hockey Hockey Men's Hockey ,prabhjot singh india ind summer summer athina hockey hockey mens hockey,2
111121,Pramdiph Singh,M,27.0,186.0,73.0,India,IND,1980 Summer,1980,Summer,Moskva,Basketball,Basketball Men's Basketball,,Pramdiph Singh M India IND 1980 Summer Summer Moskva Basketball Basketball Men's Basketball ,pramdiph singh india ind summer summer moskva basketball basketball mens basketball,0
111122,Pritam Singh,M,,,,India,IND,1956 Summer,1956,Summer,Melbourne,Gymnastics,Gymnastics Men's Individual All-Around,,Pritam Singh M India IND 1956 Summer Summer Melbourne Gymnastics Gymnastics Men's Individual All-Around ,pritam singh india ind summer summer melbourne gymnastics gymnastics mens individual allaround,0
111122,Pritam Singh,M,,,,India,IND,1956 Summer,1956,Summer,Melbourne,Gymnastics,Gymnastics Men's Floor Exercise,,Pritam Singh M India IND 1956 Summer Summer Melbourne Gymnastics Gymnastics Men's Floor Exercise ,pritam singh india ind summer summer melbourne gymnastics gymnastics mens floor exercise,0
111122,Pritam Singh,M,,,,India,IND,1956 Summer,1956,Summer,Melbourne,Gymnastics,Gymnastics Men's Horse Vault,,Pritam Singh M India IND 1956 Summer Summer Melbourne Gymnastics Gymnastics Men's Horse Vault ,pritam singh india ind summer summer melbourne gymnastics gymnastics mens horse vault,0
111122,Pritam Singh,M,,,,India,IND,1956 Summer,1956,Summer,Melbourne,Gymnastics,Gymnastics Men's Parallel Bars,,Pritam Singh M India IND 1956 Summer Summer Melbourne Gymnastics Gymnastics Men's Parallel Bars ,pritam singh india ind summer summer melbourne gymnastics gymnastics mens parallel bars,0
111122,Pritam Singh,M,,,,India,IND,1956 Summer,1956,Summer,Melbourne,Gymnastics,Gymnastics Men's Horizontal Bar,,Pritam Singh M India IND 1956 Summer Summer Melbourne Gymnastics Gymnastics Men's Horizontal Bar ,pritam singh india ind summer summer melbourne gymnastics gymnastics mens horizontal bar,0
111122,Pritam Singh,M,,,,India,IND,1956 Summer,1956,Summer,Melbourne,Gymnastics,Gymnastics Men's Rings,,Pritam Singh M India IND 1956 Summer Summer Melbourne Gymnastics Gymnastics Men's Rings ,pritam singh india ind summer summer melbourne gymnastics gymnastics mens rings,0
111122,Pritam Singh,M,,,,India,IND,1956 Summer,1956,Summer,Melbourne,Gymnastics,Gymnastics Men's Pommelled Horse,,Pritam Singh M India IND 1956 Summer Summer Melbourne Gymnastics Gymnastics Men's Pommelled Horse ,pritam singh india ind summer summer melbourne gymnastics gymnastics mens pommelled horse,0
111123,Prithipal Singh,M,28.0,175.0,71.0,India,IND,1960 Summer,1960,Summer,Roma,Hockey,Hockey Men's Hockey,Silver,Prithipal Singh M India IND 1960 Summer Summer Roma Hockey Hockey Men's Hockey Silver,prithipal singh india ind summer summer roma hockey hockey mens hockey silver,2
111123,Prithipal Singh,M,32.0,175.0,71.0,India,IND,1964 Summer,1964,Summer,Tokyo,Hockey,Hockey Men's Hockey,Gold,Prithipal Singh M India IND 1964 Summer Summer Tokyo Hockey Hockey Men's Hockey Gold,prithipal singh india ind summer summer tokyo hockey hockey mens hockey gold,2
111123,Prithipal Singh,M,36.0,175.0,71.0,India,IND,1968 Summer,1968,Summer,Mexico City,Hockey,Hockey Men's Hockey,Bronze,Prithipal Singh M India IND 1968 Summer Summer Mexico City Hockey Hockey Men's Hockey Bronze,prithipal singh india ind summer summer mexico city hockey hockey mens hockey bronze,2
111124,Rahul Singh,M,21.0,,,India,IND,1996 Summer,1996,Summer,Atlanta,Hockey,Hockey Men's Hockey,,Rahul Singh M India IND 1996 Summer Summer Atlanta Hockey Hockey Men's Hockey ,rahul singh india ind summer summer atlanta hockey hockey mens hockey,2
111125,Rajinder Singh,M,22.0,175.0,67.0,India,IND,1980 Summer,1980,Summer,Moskva,Hockey,Hockey Men's Hockey,Gold,Rajinder Singh M India IND 1980 Summer Summer Moskva Hockey Hockey Men's Hockey Gold,rajinder singh india ind summer summer moskva hockey hockey mens hockey gold,2
111126,Rajinder Singh,M,25.0,175.0,74.0,India,IND,1980 Summer,1980,Summer,Moskva,Wrestling,"Wrestling Men's Welterweight, Freestyle",,"Rajinder Singh M India IND 1980 Summer Summer Moskva Wrestling Wrestling Men's Welterweight, Freestyle ",rajinder singh india ind summer summer moskva wrestling wrestling mens welterweight freestyle,0
111126,Rajinder Singh,M,29.0,175.0,74.0,India,IND,1984 Summer,1984,Summer,Los Angeles,Wrestling,"Wrestling Men's Welterweight, Freestyle",,"Rajinder Singh M India IND 1984 Summer Summer Los Angeles Wrestling Wrestling Men's Welterweight, Freestyle ",rajinder singh india ind summer summer los angeles wrestling wrestling mens welterweight freestyle,0
111127,Rajinder Singh,M,25.0,,,India,IND,1984 Summer,1984,Summer,Los Angeles,Hockey,Hockey Men's Hockey,,Rajinder Singh M India IND 1984 Summer Summer Los Angeles Hockey Hockey Men's Hockey ,rajinder singh india ind summer summer los angeles hockey hockey mens hockey,2
111128,Ramandeep Singh,M,23.0,179.0,70.0,India,IND,2016 Summer,2016,Summer,Rio de Janeiro,Hockey,Hockey Men's Hockey,,Ramandeep Singh M India IND 2016 Summer Summer Rio de Janeiro Hockey Hockey Men's Hockey ,ramandeep singh india ind summer summer rio de janeiro hockey hockey mens hockey,2
111129,Randhir Singh Ji,M,21.0,178.0,68.0,India,IND,1968 Summer,1968,Summer,Mexico City,Shooting,Shooting Mixed Trap,,Randhir Singh Ji M India IND 1968 Summer Summer Mexico City Shooting Shooting Mixed Trap ,randhir singh ji india ind summer summer mexico city shooting shooting mixed trap,0
111129,Randhir Singh Ji,M,25.0,178.0,68.0,India,IND,1972 Summer,1972,Summer,Munich,Shooting,Shooting Mixed Trap,,Randhir Singh Ji M India IND 1972 Summer Summer Munich Shooting Shooting Mixed Trap ,randhir singh ji india ind summer summer munich shooting shooting mixed trap,0
111129,Randhir Singh Ji,M,29.0,178.0,68.0,India,IND,1976 Summer,1976,Summer,Montreal,Shooting,Shooting Mixed Trap,,Randhir Singh Ji M India IND 1976 Summer Summer Montreal Shooting Shooting Mixed Trap ,randhir singh ji india ind summer summer montreal shooting shooting mixed trap,0
111129,Randhir Singh Ji,M,33.0,178.0,68.0,India,IND,1980 Summer,1980,Summer,Moskva,Shooting,Shooting Mixed Trap,,Randhir Singh Ji M India IND 1980 Summer Summer Moskva Shooting Shooting Mixed Trap ,randhir singh ji india ind summer summer moskva shooting shooting mixed trap,0
111129,Randhir Singh Ji,M,37.0,178.0,68.0,India,IND,1984 Summer,1984,Summer,Los Angeles,Shooting,Shooting Mixed Trap,,Randhir Singh Ji M India IND 1984 Summer Summer Los Angeles Shooting Shooting Mixed Trap ,randhir singh ji india ind summer summer los angeles shooting shooting mixed trap,0
111130,Ranjit Singh,M,22.0,168.0,63.0,India,IND,1980 Summer,1980,Summer,Moskva,Athletics,Athletics Men's 20 kilometres Walk,,Ranjit Singh M India IND 1980 Summer Summer Moskva Athletics Athletics Men's 20 kilometres Walk ,ranjit singh india ind summer summer moskva athletics athletics mens kilometres walk,1
111131,Ravinder Pal Singh,M,19.0,168.0,63.0,India,IND,1980 Summer,1980,Summer,Moskva,Hockey,Hockey Men's Hockey,Gold,Ravinder Pal Singh M India IND 1980 Summer Summer Moskva Hockey Hockey Men's Hockey Gold,ravinder pal singh india ind summer summer moskva hockey hockey mens hockey gold,2
111131,Ravinder Pal Singh,M,23.0,168.0,63.0,India,IND,1984 Summer,1984,Summer,Los Angeles,Hockey,Hockey Men's Hockey,,Ravinder Pal Singh M India IND 1984 Summer Summer Los Angeles Hockey Hockey Men's Hockey ,ravinder pal singh india ind summer summer los angeles hockey hockey mens hockey,2
111132,Rohtas Dahiya Singh,M,24.0,168.0,57.0,India,IND,1984 Summer,1984,Summer,Los Angeles,Wrestling,"Wrestling Men's Bantamweight, Freestyle",,"Rohtas Dahiya Singh M India IND 1984 Summer Summer Los Angeles Wrestling Wrestling Men's Bantamweight, Freestyle ",rohtas dahiya singh india ind summer summer los angeles wrestling wrestling mens bantamweight freestyle,0
111133,Roop Singh Bais,M,21.0,170.0,,India,IND,1932 Summer,1932,Summer,Los Angeles,Hockey,Hockey Men's Hockey,Gold,Roop Singh Bais M India IND 1932 Summer Summer Los Angeles Hockey Hockey Men's Hockey Gold,roop singh bais india ind summer summer los angeles hockey hockey mens hockey gold,2
111133,Roop Singh Bais,M,25.0,170.0,,India,IND,1936 Summer,1936,Summer,Berlin,Hockey,Hockey Men's Hockey,Gold,Roop Singh Bais M India IND 1936 Summer Summer Berlin Hockey Hockey Men's Hockey Gold,roop singh bais india ind summer summer berlin hockey hockey mens hockey gold,2
111134,Rupinder Pal Singh,M,25.0,193.0,93.0,India,IND,2016 Summer,2016,Summer,Rio de Janeiro,Hockey,Hockey Men's Hockey,,Rupinder Pal Singh M India IND 2016 Summer Summer Rio de Janeiro Hockey Hockey Men's Hockey ,rupinder pal singh india ind summer summer rio de janeiro hockey hockey mens hockey,2
111135,Sadhu Singh,M,,,,India,IND,1948 Summer,1948,Summer,London,Athletics,Athletics Men's 10 kilometres Walk,,Sadhu Singh M India IND 1948 Summer Summer London Athletics Athletics Men's 10 kilometres Walk ,sadhu singh india ind summer summer london athletics athletics mens kilometres walk,1
111135,Sadhu Singh,M,,,,India,IND,1948 Summer,1948,Summer,London,Athletics,Athletics Men's 50 kilometres Walk,,Sadhu Singh M India IND 1948 Summer Summer London Athletics Athletics Men's 50 kilometres Walk ,sadhu singh india ind summer summer london athletics athletics mens kilometres walk,1
111136,Sajan Singh,M,28.0,180.0,86.0,India,IND,1960 Summer,1960,Summer,Roma,Wrestling,"Wrestling Men's Light-Heavyweight, Freestyle",,"Sajan Singh M India IND 1960 Summer Summer Roma Wrestling Wrestling Men's Light-Heavyweight, Freestyle ",sajan singh india ind summer summer roma wrestling wrestling mens lightheavyweight freestyle,0
111137,Sandeep Singh,M,18.0,185.0,78.0,India,IND,2004 Summer,2004,Summer,Athina,Hockey,Hockey Men's Hockey,,Sandeep Singh M India IND 2004 Summer Summer Athina Hockey Hockey Men's Hockey ,sandeep singh india ind summer summer athina hockey hockey mens hockey,2
111137,Sandeep Singh,M,26.0,185.0,78.0,India,IND,2012 Summer,2012,Summer,London,Hockey,Hockey Men's Hockey,,Sandeep Singh M India IND 2012 Summer Summer London Hockey Hockey Men's Hockey ,sandeep singh india ind summer summer london hockey hockey mens hockey,2
111138,Sanjeev Kumar Singh,M,22.0,174.0,59.0,India,IND,1988 Summer,1988,Summer,Seoul,Archery,Archery Men's Individual,,Sanjeev Kumar Singh M India IND 1988 Summer Summer Seoul Archery Archery Men's Individual ,sanjeev kumar singh india ind summer summer seoul archery archery mens individual,0
111138,Sanjeev Kumar Singh,M,22.0,174.0,59.0,India,IND,1988 Summer,1988,Summer,Seoul,Archery,Archery Men's Team,,Sanjeev Kumar Singh M India IND 1988 Summer Summer Seoul Archery Archery Men's Team ,sanjeev kumar singh india ind summer summer seoul archery archery mens team,0
111139,Sardar Singh,M,26.0,176.0,80.0,India,IND,2012 Summer,2012,Summer,London,Hockey,Hockey Men's Hockey,,Sardar Singh M India IND 2012 Summer Summer London Hockey Hockey Men's Hockey ,sardar singh india ind summer summer london hockey hockey mens hockey,2
111139,Sardar Singh,M,30.0,176.0,80.0,India,IND,2016 Summer,2016,Summer,Rio de Janeiro,Hockey,Hockey Men's Hockey,,Sardar Singh M India IND 2016 Summer Summer Rio de Janeiro Hockey Hockey Men's Hockey ,sardar singh india ind summer summer rio de janeiro hockey hockey mens hockey,2
111140,Satpal Singh,M,17.0,182.0,81.0,India,IND,1972 Summer,1972,Summer,Munich,Wrestling,"Wrestling Men's Featherweight, Freestyle",,"Satpal Singh M India IND 1972 Summer Summer Munich Wrestling Wrestling Men's Featherweight, Freestyle ",satpal singh india ind summer summer munich wrestling wrestling mens featherweight freestyle,0
111140,Satpal Singh,M,25.0,182.0,81.0,India,IND,1980 Summer,1980,Summer,Moskva,Wrestling,"Wrestling Men's Heavyweight, Freestyle",,"Satpal Singh M India IND 1980 Summer Summer Moskva Wrestling Wrestling Men's Heavyweight, Freestyle ",satpal singh india ind summer summer moskva wrestling wrestling mens heavyweight freestyle,0
111142,Sawarn Singh,M,22.0,188.0,80.0,India,IND,2012 Summer,2012,Summer,London,Rowing,Rowing Men's Single Sculls,,Sawarn Singh M India IND 2012 Summer Summer London Rowing Rowing Men's Single Sculls ,sawarn singh india ind summer summer london rowing rowing mens single sculls,0
111143,Shakti Singh,M,34.0,187.0,125.0,India,IND,1996 Summer,1996,Summer,Atlanta,Athletics,Athletics Men's Discus Throw,,Shakti Singh M India IND 1996 Summer Summer Atlanta Athletics Athletics Men's Discus Throw ,shakti singh india ind summer summer atlanta athletics athletics mens discus throw,1
111143,Shakti Singh,M,38.0,187.0,125.0,India,IND,2000 Summer,2000,Summer,Sydney,Athletics,Athletics Men's Shot Put,,Shakti Singh M India IND 2000 Summer Summer Sydney Athletics Athletics Men's Shot Put ,shakti singh india ind summer summer sydney athletics athletics mens shot put,1
111144,Shivendra Singh,M,29.0,,,India,IND,2012 Summer,2012,Summer,London,Hockey,Hockey Men's Hockey,,Shivendra Singh M India IND 2012 Summer Summer London Hockey Hockey Men's Hockey ,shivendra singh india ind summer summer london hockey hockey mens hockey,2
111145,Shivnath Singh,M,30.0,168.0,57.0,India,IND,1976 Summer,1976,Summer,Montreal,Athletics,Athletics Men's Marathon,,Shivnath Singh M India IND 1976 Summer Summer Montreal Athletics Athletics Men's Marathon ,shivnath singh india ind summer summer montreal athletics athletics mens marathon,1
111145,Shivnath Singh,M,34.0,168.0,57.0,India,IND,1980 Summer,1980,Summer,Moskva,Athletics,Athletics Men's Marathon,,Shivnath Singh M India IND 1980 Summer Summer Moskva Athletics Athletics Men's Marathon ,shivnath singh india ind summer summer moskva athletics athletics mens marathon,1
111146,Sohan Singh Dhanoa,M,22.0,,,India,IND,1952 Summer,1952,Summer,Helsinki,Athletics,Athletics Men's 800 metres,,Sohan Singh Dhanoa M India IND 1952 Summer Summer Helsinki Athletics Athletics Men's 800 metres ,sohan singh dhanoa india ind summer summer helsinki athletics athletics mens metres,1
111146,Sohan Singh Dhanoa,M,26.0,,,India,IND,1956 Summer,1956,Summer,Melbourne,Athletics,Athletics Men's 800 metres,,Sohan Singh Dhanoa M India IND 1956 Summer Summer Melbourne Athletics Athletics Men's 800 metres ,sohan singh dhanoa india ind summer summer melbourne athletics athletics mens metres,1
111147,Sohan Singh,M,28.0,164.0,61.0,India,IND,1964 Summer,1964,Summer,Tokyo,Diving,Diving Men's Platform,,Sohan Singh M India IND 1964 Summer Summer Tokyo Diving Diving Men's Platform ,sohan singh india ind summer summer tokyo diving diving mens platform,0
111149,Sri Ram Singh Shekhawat,M,22.0,178.0,63.0,India,IND,1972 Summer,1972,Summer,Munich,Athletics,Athletics Men's 800 metres,,Sri Ram Singh Shekhawat M India IND 1972 Summer Summer Munich Athletics Athletics Men's 800 metres ,sri ram singh shekhawat india ind summer summer munich athletics athletics mens metres,1
111149,Sri Ram Singh Shekhawat,M,26.0,178.0,63.0,India,IND,1976 Summer,1976,Summer,Montreal,Athletics,Athletics Men's 800 metres,,Sri Ram Singh Shekhawat M India IND 1976 Summer Summer Montreal Athletics Athletics Men's 800 metres ,sri ram singh shekhawat india ind summer summer montreal athletics athletics mens metres,1
111149,Sri Ram Singh Shekhawat,M,30.0,178.0,63.0,India,IND,1980 Summer,1980,Summer,Moskva,Athletics,Athletics Men's 800 metres,,Sri Ram Singh Shekhawat M India IND 1980 Summer Summer Moskva Athletics Athletics Men's 800 metres ,sri ram singh shekhawat india ind summer summer moskva athletics athletics mens metres,1
111150,Suchha Singh,M,31.0,,,India,IND,1964 Summer,1964,Summer,Tokyo,Cycling,Cycling Men's Sprint,,Suchha Singh M India IND 1964 Summer Summer Tokyo Cycling Cycling Men's Sprint ,suchha singh india ind summer summer tokyo cycling cycling mens sprint,0
111151,Sudha Singh,F,26.0,158.0,45.0,India,IND,2012 Summer,2012,Summer,London,Athletics,"Athletics Women's 3,000 metres Steeplechase",,"Sudha Singh F India IND 2012 Summer Summer London Athletics Athletics Women's 3,000 metres Steeplechase ",sudha singh f india ind summer summer london athletics athletics womens metres steeplechase,1
111151,Sudha Singh,F,30.0,158.0,45.0,India,IND,2016 Summer,2016,Summer,Rio de Janeiro,Athletics,"Athletics Women's 3,000 metres Steeplechase",,"Sudha Singh F India IND 2016 Summer Summer Rio de Janeiro Athletics Athletics Women's 3,000 metres Steeplechase ",sudha singh f india ind summer summer rio de janeiro athletics athletics womens metres steeplechase,1
111152,Sukhjit Singh,M,22.0,,,India,IND,1992 Summer,1992,Summer,Barcelona,Hockey,Hockey Men's Hockey,,Sukhjit Singh M India IND 1992 Summer Summer Barcelona Hockey Hockey Men's Hockey ,sukhjit singh india ind summer summer barcelona hockey hockey mens hockey,2
111154,Surendra Kumar Singh,M,29.0,162.0,54.0,India,IND,2008 Summer,2008,Summer,Beijing,Athletics,"Athletics Men's 10,000 metres",,"Surendra Kumar Singh M India IND 2008 Summer Summer Beijing Athletics Athletics Men's 10,000 metres ",surendra kumar singh india ind summer summer beijing athletics athletics mens metres,1
111155,Surjit Singh Randhawa,M,24.0,180.0,76.0,India,IND,1976 Summer,1976,Summer,Montreal,Hockey,Hockey Men's Hockey,,Surjit Singh Randhawa M India IND 1976 Summer Summer Montreal Hockey Hockey Men's Hockey ,surjit singh randhawa india ind summer summer montreal hockey hockey mens hockey,2
111156,Tarsem Singh Kular,M,21.0,173.0,66.0,India,IND,1968 Summer,1968,Summer,Mexico City,Hockey,Hockey Men's Hockey,Bronze,Tarsem Singh Kular M India IND 1968 Summer Summer Mexico City Hockey Hockey Men's Hockey Bronze,tarsem singh kular india ind summer summer mexico city hockey hockey mens hockey bronze,2
111157,Thoiba Singh,M,32.0,164.0,63.0,India,IND,1988 Summer,1988,Summer,Seoul,Hockey,Hockey Men's Hockey,,Thoiba Singh M India IND 1988 Summer Summer Seoul Hockey Hockey Men's Hockey ,thoiba singh india ind summer summer seoul hockey hockey mens hockey,2
111158,Trilok Singh,M,31.0,,,India,IND,1964 Summer,1964,Summer,Tokyo,Gymnastics,Gymnastics Men's Individual All-Around,,Trilok Singh M India IND 1964 Summer Summer Tokyo Gymnastics Gymnastics Men's Individual All-Around ,trilok singh india ind summer summer tokyo gymnastics gymnastics mens individual allaround,0
111158,Trilok Singh,M,31.0,,,India,IND,1964 Summer,1964,Summer,Tokyo,Gymnastics,Gymnastics Men's Team All-Around,,Trilok Singh M India IND 1964 Summer Summer Tokyo Gymnastics Gymnastics Men's Team All-Around ,trilok singh india ind summer summer tokyo gymnastics gymnastics mens team allaround,0
111158,Trilok Singh,M,31.0,,,India,IND,1964 Summer,1964,Summer,Tokyo,Gymnastics,Gymnastics Men's Floor Exercise,,Trilok Singh M India IND 1964 Summer Summer Tokyo Gymnastics Gymnastics Men's Floor Exercise ,trilok singh india ind summer summer tokyo gymnastics gymnastics mens floor exercise,0
111158,Trilok Singh,M,31.0,,,India,IND,1964 Summer,1964,Summer,Tokyo,Gymnastics,Gymnastics Men's Horse Vault,,Trilok Singh M India IND 1964 Summer Summer Tokyo Gymnastics Gymnastics Men's Horse Vault ,trilok singh india ind summer summer tokyo gymnastics gymnastics mens horse vault,0
111158,Trilok Singh,M,31.0,,,India,IND,1964 Summer,1964,Summer,Tokyo,Gymnastics,Gymnastics Men's Parallel Bars,,Trilok Singh M India IND 1964 Summer Summer Tokyo Gymnastics Gymnastics Men's Parallel Bars ,trilok singh india ind summer summer tokyo gymnastics gymnastics mens parallel bars,0
111158,Trilok Singh,M,31.0,,,India,IND,1964 Summer,1964,Summer,Tokyo,Gymnastics,Gymnastics Men's Horizontal Bar,,Trilok Singh M India IND 1964 Summer Summer Tokyo Gymnastics Gymnastics Men's Horizontal Bar ,trilok singh india ind summer summer tokyo gymnastics gymnastics mens horizontal bar,0
111158,Trilok Singh,M,31.0,,,India,IND,1964 Summer,1964,Summer,Tokyo,Gymnastics,Gymnastics Men's Rings,,Trilok Singh M India IND 1964 Summer Summer Tokyo Gymnastics Gymnastics Men's Rings ,trilok singh india ind summer summer tokyo gymnastics gymnastics mens rings,0
111158,Trilok Singh,M,31.0,,,India,IND,1964 Summer,1964,Summer,Tokyo,Gymnastics,Gymnastics Men's Pommelled Horse,,Trilok Singh M India IND 1964 Summer Summer Tokyo Gymnastics Gymnastics Men's Pommelled Horse ,trilok singh india ind summer summer tokyo gymnastics gymnastics mens pommelled horse,0
111159,Udham Singh Kular,M,23.0,168.0,58.0,India,IND,1952 Summer,1952,Summer,Helsinki,Hockey,Hockey Men's Hockey,Gold,Udham Singh Kular M India IND 1952 Summer Summer Helsinki Hockey Hockey Men's Hockey Gold,udham singh kular india ind summer summer helsinki hockey hockey mens hockey gold,2
111159,Udham Singh Kular,M,28.0,168.0,58.0,India,IND,1956 Summer,1956,Summer,Melbourne,Hockey,Hockey Men's Hockey,Gold,Udham Singh Kular M India IND 1956 Summer Summer Melbourne Hockey Hockey Men's Hockey Gold,udham singh kular india ind summer summer melbourne hockey hockey mens hockey gold,2
111159,Udham Singh Kular,M,32.0,168.0,58.0,India,IND,1960 Summer,1960,Summer,Roma,Hockey,Hockey Men's Hockey,Silver,Udham Singh Kular M India IND 1960 Summer Summer Roma Hockey Hockey Men's Hockey Silver,udham singh kular india ind summer summer roma hockey hockey mens hockey silver,2
111159,Udham Singh Kular,M,36.0,168.0,58.0,India,IND,1964 Summer,1964,Summer,Tokyo,Hockey,Hockey Men's Hockey,Gold,Udham Singh Kular M India IND 1964 Summer Summer Tokyo Hockey Hockey Men's Hockey Gold,udham singh kular india ind summer summer tokyo hockey hockey mens hockey gold,2
111160,Varinder Singh,M,25.0,160.0,58.0,India,IND,1972 Summer,1972,Summer,Munich,Hockey,Hockey Men's Hockey,Bronze,Varinder Singh M India IND 1972 Summer Summer Munich Hockey Hockey Men's Hockey Bronze,varinder singh india ind summer summer munich hockey hockey mens hockey bronze,2
111160,Varinder Singh,M,29.0,160.0,58.0,India,IND,1976 Summer,1976,Summer,Montreal,Hockey,Hockey Men's Hockey,,Varinder Singh M India IND 1976 Summer Summer Montreal Hockey Hockey Men's Hockey ,varinder singh india ind summer summer montreal hockey hockey mens hockey,2
111161,Vijender Kumar Singh,M,18.0,182.0,75.0,India,IND,2004 Summer,2004,Summer,Athina,Boxing,Boxing Men's Light-Welterweight,,Vijender Kumar Singh M India IND 2004 Summer Summer Athina Boxing Boxing Men's Light-Welterweight ,vijender kumar singh india ind summer summer athina boxing boxing mens lightwelterweight,0
111161,Vijender Kumar Singh,M,22.0,182.0,75.0,India,IND,2008 Summer,2008,Summer,Beijing,Boxing,Boxing Men's Middleweight,Bronze,Vijender Kumar Singh M India IND 2008 Summer Summer Beijing Boxing Boxing Men's Middleweight Bronze,vijender kumar singh india ind summer summer beijing boxing boxing mens middleweight bronze,0
111161,Vijender Kumar Singh,M,26.0,182.0,75.0,India,IND,2012 Summer,2012,Summer,London,Boxing,Boxing Men's Middleweight,,Vijender Kumar Singh M India IND 2012 Summer Summer London Boxing Boxing Men's Middleweight ,vijender kumar singh india ind summer summer london boxing boxing mens middleweight,0
111162,Vir Singh,M,22.0,,,India,IND,1952 Summer,1952,Summer,Helsinki,Gymnastics,Gymnastics Men's Individual All-Around,,Vir Singh M India IND 1952 Summer Summer Helsinki Gymnastics Gymnastics Men's Individual All-Around ,vir singh india ind summer summer helsinki gymnastics gymnastics mens individual allaround,0
111162,Vir Singh,M,22.0,,,India,IND,1952 Summer,1952,Summer,Helsinki,Gymnastics,Gymnastics Men's Floor Exercise,,Vir Singh M India IND 1952 Summer Summer Helsinki Gymnastics Gymnastics Men's Floor Exercise ,vir singh india ind summer summer helsinki gymnastics gymnastics mens floor exercise,0
111162,Vir Singh,M,22.0,,,India,IND,1952 Summer,1952,Summer,Helsinki,Gymnastics,Gymnastics Men's Horse Vault,,Vir Singh M India IND 1952 Summer Summer Helsinki Gymnastics Gymnastics Men's Horse Vault ,vir singh india ind summer summer helsinki gymnastics gymnastics mens horse vault,0
111162,Vir Singh,M,22.0,,,India,IND,1952 Summer,1952,Summer,Helsinki,Gymnastics,Gymnastics Men's Parallel Bars,,Vir Singh M India IND 1952 Summer Summer Helsinki Gymnastics Gymnastics Men's Parallel Bars ,vir singh india ind summer summer helsinki gymnastics gymnastics mens parallel bars,0
111162,Vir Singh,M,22.0,,,India,IND,1952 Summer,1952,Summer,Helsinki,Gymnastics,Gymnastics Men's Horizontal Bar,,Vir Singh M India IND 1952 Summer Summer Helsinki Gymnastics Gymnastics Men's Horizontal Bar ,vir singh india ind summer summer helsinki gymnastics gymnastics mens horizontal bar,0
111162,Vir Singh,M,22.0,,,India,IND,1952 Summer,1952,Summer,Helsinki,Gymnastics,Gymnastics Men's Rings,,Vir Singh M India IND 1952 Summer Summer Helsinki Gymnastics Gymnastics Men's Rings ,vir singh india ind summer summer helsinki gymnastics gymnastics mens rings,0
111162,Vir Singh,M,22.0,,,India,IND,1952 Summer,1952,Summer,Helsinki,Gymnastics,Gymnastics Men's Pommelled Horse,,Vir Singh M India IND 1952 Summer Summer Helsinki Gymnastics Gymnastics Men's Pommelled Horse ,vir singh india ind summer summer helsinki gymnastics gymnastics mens pommelled horse,0
111163,Virsa Singh,M,27.0,179.0,72.0,India,IND,1960 Summer,1960,Summer,Roma,Athletics,Athletics Men's Long Jump,,Virsa Singh M India IND 1960 Summer Summer Roma Athletics Athletics Men's Long Jump ,virsa singh india ind summer summer roma athletics athletics mens long jump,1
111164,Vivek Singh,M,21.0,176.0,59.0,India,IND,1988 Summer,1988,Summer,Seoul,Hockey,Hockey Men's Hockey,,Vivek Singh M India IND 1988 Summer Summer Seoul Hockey Hockey Men's Hockey ,vivek singh india ind summer summer seoul hockey hockey mens hockey,2
111165,Zora Singh,M,31.0,180.0,68.0,India,IND,1960 Summer,1960,Summer,Roma,Athletics,Athletics Men's 20 kilometres Walk,,Zora Singh M India IND 1960 Summer Summer Roma Athletics Athletics Men's 20 kilometres Walk ,zora singh india ind summer summer roma athletics athletics mens kilometres walk,1
111165,Zora Singh,M,31.0,180.0,68.0,India,IND,1960 Summer,1960,Summer,Roma,Athletics,Athletics Men's 50 kilometres Walk,,Zora Singh M India IND 1960 Summer Summer Roma Athletics Athletics Men's 50 kilometres Walk ,zora singh india ind summer summer roma athletics athletics mens kilometres walk,1
111168,Amit Singh Bakshi,M,,,,India,IND,1956 Summer,1956,Summer,Melbourne,Hockey,Hockey Men's Hockey,Gold,Amit Singh Bakshi M India IND 1956 Summer Summer Melbourne Hockey Hockey Men's Hockey Gold,amit singh bakshi india ind summer summer melbourne hockey hockey mens hockey gold,2
111169,Tarlochan Singh Bawa,M,25.0,,,India,IND,1948 Summer,1948,Summer,London,Hockey,Hockey Men's Hockey,Gold,Tarlochan Singh Bawa M India IND 1948 Summer Summer London Hockey Hockey Men's Hockey Gold,tarlochan singh bawa india ind summer summer london hockey hockey mens hockey gold,2
111173,Raghbir Singh Bhola,M,29.0,183.0,67.0,India,IND,1956 Summer,1956,Summer,Melbourne,Hockey,Hockey Men's Hockey,Gold,Raghbir Singh Bhola M India IND 1956 Summer Summer Melbourne Hockey Hockey Men's Hockey Gold,raghbir singh bhola india ind summer summer melbourne hockey hockey mens hockey gold,2
111173,Raghbir Singh Bhola,M,33.0,183.0,67.0,India,IND,1960 Summer,1960,Summer,Roma,Hockey,Hockey Men's Hockey,Silver,Raghbir Singh Bhola M India IND 1960 Summer Summer Roma Hockey Hockey Men's Hockey Silver,raghbir singh bhola india ind summer summer roma hockey hockey mens hockey silver,2
111176,Amar Singh Billing,M,20.0,175.0,62.0,India,IND,1964 Summer,1964,Summer,Tokyo,Cycling,Cycling Men's 100 kilometres Team Time Trial,,Amar Singh Billing M India IND 1964 Summer Summer Tokyo Cycling Cycling Men's 100 kilometres Team Time Trial ,amar singh billing india ind summer summer tokyo cycling cycling mens kilometres team time trial,0
111176,Amar Singh Billing,M,20.0,175.0,62.0,India,IND,1964 Summer,1964,Summer,Tokyo,Cycling,Cycling Men's Sprint,,Amar Singh Billing M India IND 1964 Summer Summer Tokyo Cycling Cycling Men's Sprint ,amar singh billing india ind summer summer tokyo cycling cycling mens sprint,0
111176,Amar Singh Billing,M,20.0,175.0,62.0,India,IND,1964 Summer,1964,Summer,Tokyo,Cycling,"Cycling Men's Team Pursuit, 4,000 metres",,"Amar Singh Billing M India IND 1964 Summer Summer Tokyo Cycling Cycling Men's Team Pursuit, 4,000 metres ",amar singh billing india ind summer summer tokyo cycling cycling mens team pursuit metres,0
111179,Gurvinder Singh Chandi,M,22.0,,,India,IND,2012 Summer,2012,Summer,London,Hockey,Hockey Men's Hockey,,Gurvinder Singh Chandi M India IND 2012 Summer Summer London Hockey Hockey Men's Hockey ,gurvinder singh chandi india ind summer summer london hockey hockey mens hockey,2
111180,Vijay Singh Chauhan,M,23.0,183.0,78.0,India,IND,1972 Summer,1972,Summer,Munich,Athletics,Athletics Men's Decathlon,,Vijay Singh Chauhan M India IND 1972 Summer Summer Munich Athletics Athletics Men's Decathlon ,vijay singh chauhan india ind summer summer munich athletics athletics mens decathlon,1
111181,Palwinder Singh Cheema,M,21.0,195.0,120.0,India,IND,2004 Summer,2004,Summer,Athina,Wrestling,"Wrestling Men's Super-Heavyweight, Freestyle",,"Palwinder Singh Cheema M India IND 2004 Summer Summer Athina Wrestling Wrestling Men's Super-Heavyweight, Freestyle ",palwinder singh cheema india ind summer summer athina wrestling wrestling mens superheavyweight freestyle,0
111183,Dharan Singh Dahiya,M,25.0,,,India,IND,1992 Summer,1992,Summer,Barcelona,Wrestling,"Wrestling Men's Featherweight, Freestyle",,"Dharan Singh Dahiya M India IND 1992 Summer Summer Barcelona Wrestling Wrestling Men's Featherweight, Freestyle ",dharan singh dahiya india ind summer summer barcelona wrestling wrestling mens featherweight freestyle,0
111187,Baljit Singh Dhillon,M,23.0,175.0,72.0,India,IND,1996 Summer,1996,Summer,Atlanta,Hockey,Hockey Men's Hockey,,Baljit Singh Dhillon M India IND 1996 Summer Summer Atlanta Hockey Hockey Men's Hockey ,baljit singh dhillon india ind summer summer atlanta hockey hockey mens hockey,2
111187,Baljit Singh Dhillon,M,27.0,175.0,72.0,India,IND,2000 Summer,2000,Summer,Sydney,Hockey,Hockey Men's Hockey,,Baljit Singh Dhillon M India IND 2000 Summer Summer Sydney Hockey Hockey Men's Hockey ,baljit singh dhillon india ind summer summer sydney hockey hockey mens hockey,2
111187,Baljit Singh Dhillon,M,31.0,175.0,72.0,India,IND,2004 Summer,2004,Summer,Athina,Hockey,Hockey Men's Hockey,,Baljit Singh Dhillon M India IND 2004 Summer Summer Athina Hockey Hockey Men's Hockey ,baljit singh dhillon india ind summer summer athina hockey hockey mens hockey,2
111189,Neelam Jaswant Singh Dogra,F,29.0,167.0,85.0,India,IND,2000 Summer,2000,Summer,Sydney,Athletics,Athletics Women's Discus Throw,,Neelam Jaswant Singh Dogra F India IND 2000 Summer Summer Sydney Athletics Athletics Women's Discus Throw ,neelam jaswant singh dogra f india ind summer summer sydney athletics athletics womens discus throw,1
111189,Neelam Jaswant Singh Dogra,F,33.0,167.0,85.0,India,IND,2004 Summer,2004,Summer,Athina,Athletics,Athletics Women's Discus Throw,,Neelam Jaswant Singh Dogra F India IND 2004 Summer Summer Athina Athletics Athletics Women's Discus Throw ,neelam jaswant singh dogra f india ind summer summer athina athletics athletics womens discus throw,1
111191,Randhir Singh Gentle,M,25.0,,,India,IND,1948 Summer,1948,Summer,London,Hockey,Hockey Men's Hockey,Gold,Randhir Singh Gentle M India IND 1948 Summer Summer London Hockey Hockey Men's Hockey Gold,randhir singh gentle india ind summer summer london hockey hockey mens hockey gold,2
111191,Randhir Singh Gentle,M,29.0,,,India,IND,1952 Summer,1952,Summer,Helsinki,Hockey,Hockey Men's Hockey,Gold,Randhir Singh Gentle M India IND 1952 Summer Summer Helsinki Hockey Hockey Men's Hockey Gold,randhir singh gentle india ind summer summer helsinki hockey hockey mens hockey gold,2
111191,Randhir Singh Gentle,M,34.0,,,India,IND,1956 Summer,1956,Summer,Melbourne,Hockey,Hockey Men's Hockey,Gold,Randhir Singh Gentle M India IND 1956 Summer Summer Melbourne Hockey Hockey Men's Hockey Gold,randhir singh gentle india ind summer summer melbourne hockey hockey mens hockey gold,2
111194,Dalbir Singh Gill,M,27.0,,,India,IND,1964 Summer,1964,Summer,Tokyo,Cycling,Cycling Men's 100 kilometres Team Time Trial,,Dalbir Singh Gill M India IND 1964 Summer Summer Tokyo Cycling Cycling Men's 100 kilometres Team Time Trial ,dalbir singh gill india ind summer summer tokyo cycling cycling mens kilometres team time trial,0
111194,Dalbir Singh Gill,M,27.0,,,India,IND,1964 Summer,1964,Summer,Tokyo,Cycling,"Cycling Men's 1,000 metres Time Trial",,"Dalbir Singh Gill M India IND 1964 Summer Summer Tokyo Cycling Cycling Men's 1,000 metres Time Trial ",dalbir singh gill india ind summer summer tokyo cycling cycling mens metres time trial,0
111194,Dalbir Singh Gill,M,27.0,,,India,IND,1964 Summer,1964,Summer,Tokyo,Cycling,"Cycling Men's Team Pursuit, 4,000 metres",,"Dalbir Singh Gill M India IND 1964 Summer Summer Tokyo Cycling Cycling Men's Team Pursuit, 4,000 metres ",dalbir singh gill india ind summer summer tokyo cycling cycling mens team pursuit metres,0
111195,Dharam Singh Gill,M,33.0,,,India,IND,1952 Summer,1952,Summer,Helsinki,Hockey,Hockey Men's Hockey,Gold,Dharam Singh Gill M India IND 1952 Summer Summer Helsinki Hockey Hockey Men's Hockey Gold,dharam singh gill india ind summer summer helsinki hockey hockey mens hockey gold,2
111196,Mohinder Singh Gill,M,25.0,182.0,75.0,India,IND,1972 Summer,1972,Summer,Munich,Athletics,Athletics Men's Long Jump,,Mohinder Singh Gill M India IND 1972 Summer Summer Munich Athletics Athletics Men's Long Jump ,mohinder singh gill india ind summer summer munich athletics athletics mens long jump,1
111196,Mohinder Singh Gill,M,25.0,182.0,75.0,India,IND,1972 Summer,1972,Summer,Munich,Athletics,Athletics Men's Triple Jump,,Mohinder Singh Gill M India IND 1972 Summer Summer Munich Athletics Athletics Men's Triple Jump ,mohinder singh gill india ind summer summer munich athletics athletics mens triple jump,1
111197,Raunaq Singh Gill,M,26.0,,,India,IND,1936 Summer,1936,Summer,Berlin,Athletics,"Athletics Men's 5,000 metres",,"Raunaq Singh Gill M India IND 1936 Summer Summer Berlin Athletics Athletics Men's 5,000 metres ",raunaq singh gill india ind summer summer berlin athletics athletics mens metres,1
111197,Raunaq Singh Gill,M,26.0,,,India,IND,1936 Summer,1936,Summer,Berlin,Athletics,"Athletics Men's 10,000 metres",,"Raunaq Singh Gill M India IND 1936 Summer Summer Berlin Athletics Athletics Men's 10,000 metres ",raunaq singh gill india ind summer summer berlin athletics athletics mens metres,1
111198,Sukhbir Singh Gill,M,24.0,182.0,74.0,India,IND,2000 Summer,2000,Summer,Sydney,Hockey,Hockey Men's Hockey,,Sukhbir Singh Gill M India IND 2000 Summer Summer Sydney Hockey Hockey Men's Hockey ,sukhbir singh gill india ind summer summer sydney hockey hockey mens hockey,2
111200,Gurcharan Singh Grewal,M,25.0,,,India,IND,1936 Summer,1936,Summer,Berlin,Hockey,Hockey Men's Hockey,Gold,Gurcharan Singh Grewal M India IND 1936 Summer Summer Berlin Hockey Hockey Men's Hockey Gold,gurcharan singh grewal india ind summer summer berlin hockey hockey mens hockey gold,2
111202,Iqbaljit Singh Grewal,M,24.0,174.0,77.0,India,IND,1984 Summer,1984,Summer,Los Angeles,Hockey,Hockey Men's Hockey,,Iqbaljit Singh Grewal M India IND 1984 Summer Summer Los Angeles Hockey Hockey Men's Hockey ,iqbaljit singh grewal india ind summer summer los angeles hockey hockey mens hockey,2
111203,Ramandeep Singh Grewal,M,24.0,182.0,76.0,India,IND,1996 Summer,1996,Summer,Atlanta,Hockey,Hockey Men's Hockey,,Ramandeep Singh Grewal M India IND 1996 Summer Summer Atlanta Hockey Hockey Men's Hockey ,ramandeep singh grewal india ind summer summer atlanta hockey hockey mens hockey,2
111203,Ramandeep Singh Grewal,M,29.0,182.0,76.0,India,IND,2000 Summer,2000,Summer,Sydney,Hockey,Hockey Men's Hockey,,Ramandeep Singh Grewal M India IND 2000 Summer Summer Sydney Hockey Hockey Men's Hockey ,ramandeep singh grewal india ind summer summer sydney hockey hockey mens hockey,2
111204,Sandhu Singh Gurbir,M,25.0,176.0,82.0,India,IND,1976 Summer,1976,Summer,Montreal,Shooting,Shooting Mixed Skeet,,Sandhu Singh Gurbir M India IND 1976 Summer Summer Montreal Shooting Shooting Mixed Skeet ,sandhu singh gurbir india ind summer summer montreal shooting shooting mixed skeet,0
111206,Chetan Singh Hari,M,28.0,,,India,IND,1964 Summer,1964,Summer,Tokyo,Cycling,Cycling Men's 100 kilometres Team Time Trial,,Chetan Singh Hari M India IND 1964 Summer Summer Tokyo Cycling Cycling Men's 100 kilometres Team Time Trial ,chetan singh hari india ind summer summer tokyo cycling cycling mens kilometres team time trial,0
111206,Chetan Singh Hari,M,28.0,,,India,IND,1964 Summer,1964,Summer,Tokyo,Cycling,"Cycling Men's Team Pursuit, 4,000 metres",,"Chetan Singh Hari M India IND 1964 Summer Summer Tokyo Cycling Cycling Men's Team Pursuit, 4,000 metres ",chetan singh hari india ind summer summer tokyo cycling cycling mens team pursuit metres,0
111207,Dhillon Singh Jarnail,M,24.0,178.0,67.0,India,IND,1960 Summer,1960,Summer,Roma,Football,Football Men's Football,,Dhillon Singh Jarnail M India IND 1960 Summer Summer Roma Football Football Men's Football ,dhillon singh jarnail india ind summer summer roma football football mens football,0
111210,Om Prakash Singh Karhana,M,25.0,196.0,125.0,India,IND,2012 Summer,2012,Summer,London,Athletics,Athletics Men's Shot Put,,Om Prakash Singh Karhana M India IND 2012 Summer Summer London Athletics Athletics Men's Shot Put ,om prakash singh karhana india ind summer summer london athletics athletics mens shot put,1
111211,Baljit Singh Kharab,M,28.0,173.0,63.0,India,IND,1984 Summer,1984,Summer,Los Angeles,Shooting,"Shooting Men's Free Pistol, 50 metres",,"Baljit Singh Kharab M India IND 1984 Summer Summer Los Angeles Shooting Shooting Men's Free Pistol, 50 metres ",baljit singh kharab india ind summer summer los angeles shooting shooting mens free pistol metres,0
111219,Devendro Singh Laishram,M,20.0,,,India,IND,2012 Summer,2012,Summer,London,Boxing,Boxing Men's Light-Flyweight,,Devendro Singh Laishram M India IND 2012 Summer Summer London Boxing Boxing Men's Light-Flyweight ,devendro singh laishram india ind summer summer london boxing boxing mens lightflyweight,0
111222,Gulzara Singh Mann,M,28.0,,,India,IND,1952 Summer,1952,Summer,Helsinki,Athletics,"Athletics Men's 3,000 metres Steeplechase",,"Gulzara Singh Mann M India IND 1952 Summer Summer Helsinki Athletics Athletics Men's 3,000 metres Steeplechase ",gulzara singh mann india ind summer summer helsinki athletics athletics mens metres steeplechase,1
111233,Jagdev Singh Rai,M,23.0,,,India,IND,1992 Summer,1992,Summer,Barcelona,Hockey,Hockey Men's Hockey,,Jagdev Singh Rai M India IND 1992 Summer Summer Barcelona Hockey Hockey Men's Hockey ,jagdev singh rai india ind summer summer barcelona hockey hockey mens hockey,2
111234,Gurbachan Singh Randhawa,M,21.0,183.0,71.0,India,IND,1960 Summer,1960,Summer,Roma,Athletics,Athletics Men's High Jump,,Gurbachan Singh Randhawa M India IND 1960 Summer Summer Roma Athletics Athletics Men's High Jump ,gurbachan singh randhawa india ind summer summer roma athletics athletics mens high jump,1
111234,Gurbachan Singh Randhawa,M,21.0,183.0,71.0,India,IND,1960 Summer,1960,Summer,Roma,Athletics,Athletics Men's Decathlon,,Gurbachan Singh Randhawa M India IND 1960 Summer Summer Roma Athletics Athletics Men's Decathlon ,gurbachan singh randhawa india ind summer summer roma athletics athletics mens decathlon,1
111234,Gurbachan Singh Randhawa,M,25.0,183.0,71.0,India,IND,1964 Summer,1964,Summer,Tokyo,Athletics,Athletics Men's 110 metres Hurdles,,Gurbachan Singh Randhawa M India IND 1964 Summer Summer Tokyo Athletics Athletics Men's 110 metres Hurdles ,gurbachan singh randhawa india ind summer summer tokyo athletics athletics mens metres hurdles,1
111236,Chandan Singh Rawat,M,23.0,,,India,IND,1952 Summer,1952,Summer,Helsinki,Football,Football Men's Football,,Chandan Singh Rawat M India IND 1952 Summer Summer Helsinki Football Football Men's Football ,chandan singh rawat india ind summer summer helsinki football football mens football,0
111237,Nitendra Singh Rawat,M,29.0,172.0,58.0,India,IND,2016 Summer,2016,Summer,Rio de Janeiro,Athletics,Athletics Men's Marathon,,Nitendra Singh Rawat M India IND 2016 Summer Summer Rio de Janeiro Athletics Athletics Men's Marathon ,nitendra singh rawat india ind summer summer rio de janeiro athletics athletics mens marathon,1
111238,Rajinder Singh Rawat,M,24.0,165.0,59.0,India,IND,1988 Summer,1988,Summer,Seoul,Hockey,Hockey Men's Hockey,,Rajinder Singh Rawat M India IND 1988 Summer Summer Seoul Hockey Hockey Men's Hockey ,rajinder singh rawat india ind summer summer seoul hockey hockey mens hockey,2
111241,Baljit Singh Saini,M,19.0,176.0,60.0,India,IND,1996 Summer,1996,Summer,Atlanta,Hockey,Hockey Men's Hockey,,Baljit Singh Saini M India IND 1996 Summer Summer Atlanta Hockey Hockey Men's Hockey ,baljit singh saini india ind summer summer atlanta hockey hockey mens hockey,2
111241,Baljit Singh Saini,M,24.0,176.0,60.0,India,IND,2000 Summer,2000,Summer,Sydney,Hockey,Hockey Men's Hockey,,Baljit Singh Saini M India IND 2000 Summer Summer Sydney Hockey Hockey Men's Hockey ,baljit singh saini india ind summer summer sydney hockey hockey mens hockey,2
111244,Harisimran Singh Sandhu,M,34.0,180.0,83.0,India,IND,1984 Summer,1984,Summer,Los Angeles,Shooting,Shooting Mixed Skeet,,Harisimran Singh Sandhu M India IND 1984 Summer Summer Los Angeles Shooting Shooting Mixed Skeet ,harisimran singh sandhu india ind summer summer los angeles shooting shooting mixed skeet,0
111245,Manavjit Singh Sandhu,M,27.0,192.0,90.0,India,IND,2004 Summer,2004,Summer,Athina,Shooting,Shooting Men's Trap,,Manavjit Singh Sandhu M India IND 2004 Summer Summer Athina Shooting Shooting Men's Trap ,manavjit singh sandhu india ind summer summer athina shooting shooting mens trap,0
111245,Manavjit Singh Sandhu,M,31.0,192.0,90.0,India,IND,2008 Summer,2008,Summer,Beijing,Shooting,Shooting Men's Trap,,Manavjit Singh Sandhu M India IND 2008 Summer Summer Beijing Shooting Shooting Men's Trap ,manavjit singh sandhu india ind summer summer beijing shooting shooting mens trap,0
111245,Manavjit Singh Sandhu,M,35.0,192.0,90.0,India,IND,2012 Summer,2012,Summer,London,Shooting,Shooting Men's Trap,,Manavjit Singh Sandhu M India IND 2012 Summer Summer London Shooting Shooting Men's Trap ,manavjit singh sandhu india ind summer summer london shooting shooting mens trap,0
111245,Manavjit Singh Sandhu,M,39.0,192.0,90.0,India,IND,2016 Summer,2016,Summer,Rio de Janeiro,Shooting,Shooting Men's Trap,,Manavjit Singh Sandhu M India IND 2016 Summer Summer Rio de Janeiro Shooting Shooting Men's Trap ,manavjit singh sandhu india ind summer summer rio de janeiro shooting shooting mens trap,0
111248,Tarlok Singh Sandhu,M,25.0,193.0,73.0,India,IND,1980 Summer,1980,Summer,Moskva,Basketball,Basketball Men's Basketball,,Tarlok Singh Sandhu M India IND 1980 Summer Summer Moskva Basketball Basketball Men's Basketball ,tarlok singh sandhu india ind summer summer moskva basketball basketball mens basketball,0
111257,Surinder Singh Sodhi Shokar,M,23.0,178.0,83.0,India,IND,1980 Summer,1980,Summer,Moskva,Hockey,Hockey Men's Hockey,Gold,Surinder Singh Sodhi Shokar M India IND 1980 Summer Summer Moskva Hockey Hockey Men's Hockey Gold,surinder singh sodhi shokar india ind summer summer moskva hockey hockey mens hockey gold,2
111259,Amar Singh Sokhi,M,29.0,,,India,IND,1964 Summer,1964,Summer,Tokyo,Cycling,Cycling Men's 100 kilometres Team Time Trial,,Amar Singh Sokhi M India IND 1964 Summer Summer Tokyo Cycling Cycling Men's 100 kilometres Team Time Trial ,amar singh sokhi india ind summer summer tokyo cycling cycling mens kilometres team time trial,0
111259,Amar Singh Sokhi,M,29.0,,,India,IND,1964 Summer,1964,Summer,Tokyo,Cycling,"Cycling Men's Individual Pursuit, 4,000 metres",,"Amar Singh Sokhi M India IND 1964 Summer Summer Tokyo Cycling Cycling Men's Individual Pursuit, 4,000 metres ",amar singh sokhi india ind summer summer tokyo cycling cycling mens individual pursuit metres,0
111259,Amar Singh Sokhi,M,29.0,,,India,IND,1964 Summer,1964,Summer,Tokyo,Cycling,"Cycling Men's Team Pursuit, 4,000 metres",,"Amar Singh Sokhi M India IND 1964 Summer Summer Tokyo Cycling Cycling Men's Team Pursuit, 4,000 metres ",amar singh sokhi india ind summer summer tokyo cycling cycling mens team pursuit metres,0
111260,Nat Singh Somnath,M,,,,India,IND,1948 Summer,1948,Summer,London,Athletics,Athletics Men's Hammer Throw,,Nat Singh Somnath M India IND 1948 Summer Summer London Athletics Athletics Men's Hammer Throw ,nat singh somnath india ind summer summer london athletics athletics mens hammer throw,1
111263,Birender Singh Thapa,M,27.0,159.0,48.0,India,IND,1980 Summer,1980,Summer,Moskva,Boxing,Boxing Men's Light-Flyweight,,Birender Singh Thapa M India IND 1980 Summer Summer Moskva Boxing Boxing Men's Light-Flyweight ,birender singh thapa india ind summer summer moskva boxing boxing mens lightflyweight,0
111264,Khazan Singh Tokas,M,24.0,183.0,,India,IND,1988 Summer,1988,Summer,Seoul,Swimming,Swimming Men's 200 metres Butterfly,,Khazan Singh Tokas M India IND 1988 Summer Summer Seoul Swimming Swimming Men's 200 metres Butterfly ,khazan singh tokas india ind summer summer seoul swimming swimming mens metres butterfly,0
111267,Ram Singh Yadav,M,31.0,,,India,IND,2012 Summer,2012,Summer,London,Athletics,Athletics Men's Marathon,,Ram Singh Yadav M India IND 2012 Summer Summer London Athletics Athletics Men's Marathon ,ram singh yadav india ind summer summer london athletics athletics mens marathon,1
111268,"Balbir Singh Dosanjh, Sr.",M,23.0,,,India,IND,1948 Summer,1948,Summer,London,Hockey,Hockey Men's Hockey,Gold,"Balbir Singh Dosanjh, Sr. M India IND 1948 Summer Summer London Hockey Hockey Men's Hockey Gold",balbir singh dosanjh sr india ind summer summer london hockey hockey mens hockey gold,2
111268,"Balbir Singh Dosanjh, Sr.",M,27.0,,,India,IND,1952 Summer,1952,Summer,Helsinki,Hockey,Hockey Men's Hockey,Gold,"Balbir Singh Dosanjh, Sr. M India IND 1952 Summer Summer Helsinki Hockey Hockey Men's Hockey Gold",balbir singh dosanjh sr india ind summer summer helsinki hockey hockey mens hockey gold,2
111268,"Balbir Singh Dosanjh, Sr.",M,32.0,,,India,IND,1956 Summer,1956,Summer,Melbourne,Hockey,Hockey Men's Hockey,Gold,"Balbir Singh Dosanjh, Sr. M India IND 1956 Summer Summer Melbourne Hockey Hockey Men's Hockey Gold",balbir singh dosanjh sr india ind summer summer melbourne hockey hockey mens hockey gold,2
111269,Sushmitha Singha Roy,F,24.0,175.0,66.0,India,IND,2008 Summer,2008,Summer,Beijing,Athletics,Athletics Women's Heptathlon,,Sushmitha Singha Roy F India IND 2008 Summer Summer Beijing Athletics Athletics Women's Heptathlon ,sushmitha singha roy f india ind summer summer beijing athletics athletics womens heptathlon,1
111467,Sathish Kumar Sivalingam,M,24.0,175.0,77.0,India,IND,2016 Summer,2016,Summer,Rio de Janeiro,Weightlifting,Weightlifting Men's Middleweight,,Sathish Kumar Sivalingam M India IND 2016 Summer Summer Rio de Janeiro Weightlifting Weightlifting Men's Middleweight ,sathish kumar sivalingam india ind summer summer rio de janeiro weightlifting weightlifting mens middleweight,0
111927,Mohammed Sleem,M,32.0,,,India,IND,1924 Summer,1924,Summer,Paris,Tennis,Tennis Men's Singles,,Mohammed Sleem M India IND 1924 Summer Summer Paris Tennis Tennis Men's Singles ,mohammed sleem india ind summer summer paris tennis tennis mens singles,0
111927,Mohammed Sleem,M,32.0,,,India-1,IND,1924 Summer,1924,Summer,Paris,Tennis,Tennis Men's Doubles,,Mohammed Sleem M India-1 IND 1924 Summer Summer Paris Tennis Tennis Men's Doubles ,mohammed sleem india ind summer summer paris tennis tennis mens doubles,0
112724,Ronjan Sodhi,M,32.0,175.0,87.0,India,IND,2012 Summer,2012,Summer,London,Shooting,Shooting Men's Double Trap,,Ronjan Sodhi M India IND 2012 Summer Summer London Shooting Shooting Men's Double Trap ,ronjan sodhi india ind summer summer london shooting shooting mens double trap,0
113017,Chitra Kulaghummuriyil Soman,F,21.0,172.0,58.0,India,IND,2004 Summer,2004,Summer,Athina,Athletics,Athletics Women's 4 x 400 metres Relay,,Chitra Kulaghummuriyil Soman F India IND 2004 Summer Summer Athina Athletics Athletics Women's 4 x 400 metres Relay ,chitra kulaghummuriyil soman f india ind summer summer athina athletics athletics womens x metres relay,1
113017,Chitra Kulaghummuriyil Soman,F,25.0,172.0,58.0,India,IND,2008 Summer,2008,Summer,Beijing,Athletics,Athletics Women's 4 x 400 metres Relay,,Chitra Kulaghummuriyil Soman F India IND 2008 Summer Summer Beijing Athletics Athletics Women's 4 x 400 metres Relay ,chitra kulaghummuriyil soman f india ind summer summer beijing athletics athletics womens x metres relay,1
113170,Varsha Soni,F,23.0,158.0,,India,IND,1980 Summer,1980,Summer,Moskva,Hockey,Hockey Women's Hockey,,Varsha Soni F India IND 1980 Summer Summer Moskva Hockey Hockey Women's Hockey ,varsha soni f india ind summer summer moskva hockey hockey womens hockey,2
113172,Prema Maya Sonir,F,19.0,153.0,,India,IND,1980 Summer,1980,Summer,Moskva,Hockey,Hockey Women's Hockey,,Prema Maya Sonir F India IND 1980 Summer Summer Moskva Hockey Hockey Women's Hockey ,prema maya sonir f india ind summer summer moskva hockey hockey womens hockey,2
113209,David M. Sopher,M,23.0,,,India,IND,1952 Summer,1952,Summer,Helsinki,Water Polo,Water Polo Men's Water Polo,,David M. Sopher M India IND 1952 Summer Summer Helsinki Water Polo Water Polo Men's Water Polo ,david sopher india ind summer summer helsinki water polo water polo mens water polo,0
114038,Preeja Sreedharan,F,26.0,152.0,47.0,India,IND,2008 Summer,2008,Summer,Beijing,Athletics,"Athletics Women's 10,000 metres",,"Preeja Sreedharan F India IND 2008 Summer Summer Beijing Athletics Athletics Women's 10,000 metres ",preeja sreedharan f india ind summer summer beijing athletics athletics womens metres,1
114048,Anup Sridhar,M,25.0,189.0,83.0,India,IND,2008 Summer,2008,Summer,Beijing,Badminton,Badminton Men's Singles,,Anup Sridhar M India IND 2008 Summer Summer Beijing Badminton Badminton Men's Singles ,anup sridhar india ind summer summer beijing badminton badminton mens singles,0
114974,Charles Stephen,M,26.0,,,India,IND,1956 Summer,1956,Summer,Melbourne,Hockey,Hockey Men's Hockey,Gold,Charles Stephen M India IND 1956 Summer Summer Melbourne Hockey Hockey Men's Hockey Gold,charles stephen india ind summer summer melbourne hockey hockey mens hockey gold,2
116132,Perumal Subramanian,M,24.0,168.0,69.0,India,IND,1980 Summer,1980,Summer,Moskva,Athletics,Athletics Men's 200 metres,,Perumal Subramanian M India IND 1980 Summer Summer Moskva Athletics Athletics Men's 200 metres ,perumal subramanian india ind summer summer moskva athletics athletics mens metres,1
116133,Raman Subramanyan,M,31.0,188.0,72.0,India,IND,2000 Summer,2000,Summer,Sydney,Table Tennis,Table Tennis Men's Doubles,,Raman Subramanyan M India IND 2000 Summer Summer Sydney Table Tennis Table Tennis Men's Doubles ,raman subramanyan india ind summer summer sydney table tennis table tennis mens doubles,0
116377,"William Patrick ""Pat"" Sullivan",M,22.0,173.0,,India,IND,1932 Summer,1932,Summer,Los Angeles,Hockey,Hockey Men's Hockey,Gold,"William Patrick ""Pat"" Sullivan M India IND 1932 Summer Summer Los Angeles Hockey Hockey Men's Hockey Gold",william patrick pat sullivan india ind summer summer los angeles hockey hockey mens hockey gold,2
116387,Anwer Sultan,M,38.0,178.0,77.0,India,IND,2000 Summer,2000,Summer,Sydney,Shooting,Shooting Men's Trap,,Anwer Sultan M India IND 2000 Summer Summer Sydney Shooting Shooting Men's Trap ,anwer sultan india ind summer summer sydney shooting shooting mens trap,0
116414,Adille Sumariwalla,M,21.0,168.0,67.0,India,IND,1980 Summer,1980,Summer,Moskva,Athletics,Athletics Men's 100 metres,,Adille Sumariwalla M India IND 1980 Summer Summer Moskva Athletics Athletics Men's 100 metres ,adille sumariwalla india ind summer summer moskva athletics athletics mens metres,1
116554,Simon Swamidas Sunder Raj,M,22.0,173.0,63.0,India,IND,1960 Summer,1960,Summer,Roma,Football,Football Men's Football,,Simon Swamidas Sunder Raj M India IND 1960 Summer Summer Roma Football Football Men's Football ,simon swamidas sunder raj india ind summer summer roma football football mens football,0
116634,Soubam Suresh Singh,M,20.0,163.0,48.0,India,IND,2000 Summer,2000,Summer,Sydney,Boxing,Boxing Men's Light-Flyweight,,Soubam Suresh Singh M India IND 2000 Summer Summer Sydney Boxing Boxing Men's Light-Flyweight ,soubam suresh singh india ind summer summer sydney boxing boxing mens lightflyweight,0
116652,Sarjarao Bhiku Suryavanshi,M,,,,India,IND,1948 Summer,1948,Summer,London,Wrestling,"Wrestling Men's Featherweight, Freestyle",,"Sarjarao Bhiku Suryavanshi M India IND 1948 Summer Summer London Wrestling Wrestling Men's Featherweight, Freestyle ",sarjarao bhiku suryavanshi india ind summer summer london wrestling wrestling mens featherweight freestyle,0
116740,"Mervyn Ernest ""Bunoo"" Sutton",M,23.0,,,India,IND,1932 Summer,1932,Summer,Los Angeles,Athletics,Athletics Men's 100 metres,,"Mervyn Ernest ""Bunoo"" Sutton M India IND 1932 Summer Summer Los Angeles Athletics Athletics Men's 100 metres ",mervyn ernest bunoo sutton india ind summer summer los angeles athletics athletics mens metres,1
116740,"Mervyn Ernest ""Bunoo"" Sutton",M,23.0,,,India,IND,1932 Summer,1932,Summer,Los Angeles,Athletics,Athletics Men's 110 metres Hurdles,,"Mervyn Ernest ""Bunoo"" Sutton M India IND 1932 Summer Summer Los Angeles Athletics Athletics Men's 110 metres Hurdles ",mervyn ernest bunoo sutton india ind summer summer los angeles athletics athletics mens metres hurdles,1
116740,"Mervyn Ernest ""Bunoo"" Sutton",M,23.0,,,India,IND,1932 Summer,1932,Summer,Los Angeles,Athletics,Athletics Men's 4 x 100 metres Relay,,"Mervyn Ernest ""Bunoo"" Sutton M India IND 1932 Summer Summer Los Angeles Athletics Athletics Men's 4 x 100 metres Relay ",mervyn ernest bunoo sutton india ind summer summer los angeles athletics athletics mens x metres relay,1
117056,Arul C. S. Swami,M,22.0,165.0,54.0,India,IND,1936 Summer,1936,Summer,Berlin,Athletics,Athletics Men's Marathon,,Arul C. S. Swami M India IND 1936 Summer Summer Berlin Athletics Athletics Men's Marathon ,arul c swami india ind summer summer berlin athletics athletics mens marathon,1
117175,Chekrovolu Swuro,F,29.0,171.0,73.0,India,IND,2012 Summer,2012,Summer,London,Archery,Archery Women's Individual,,Chekrovolu Swuro F India IND 2012 Summer Summer London Archery Archery Women's Individual ,chekrovolu swuro f india ind summer summer london archery archery womens individual,0
117175,Chekrovolu Swuro,F,29.0,171.0,73.0,India,IND,2012 Summer,2012,Summer,London,Archery,Archery Women's Team,,Chekrovolu Swuro F India IND 2012 Summer Summer London Archery Archery Women's Team ,chekrovolu swuro f india ind summer summer london archery archery womens team,0
117199,Jalal-ud-Din Syed Rizvi,M,26.0,168.0,65.0,India,IND,1984 Summer,1984,Summer,Los Angeles,Hockey,Hockey Men's Hockey,,Jalal-ud-Din Syed Rizvi M India IND 1984 Summer Summer Los Angeles Hockey Hockey Men's Hockey ,jalaluddin syed rizvi india ind summer summer los angeles hockey hockey mens hockey,2
117232,Dung Dung Sylvanus,M,31.0,160.0,62.0,India,IND,1980 Summer,1980,Summer,Moskva,Hockey,Hockey Men's Hockey,Gold,Dung Dung Sylvanus M India IND 1980 Summer Summer Moskva Hockey Hockey Men's Hockey Gold,dung dung sylvanus india ind summer summer moskva hockey hockey mens hockey gold,2
118055,Bajrang Lal Takhar,M,27.0,185.0,79.0,India,IND,2008 Summer,2008,Summer,Beijing,Rowing,Rowing Men's Single Sculls,,Bajrang Lal Takhar M India IND 2008 Summer Summer Beijing Rowing Rowing Men's Single Sculls ,bajrang lal takhar india ind summer summer beijing rowing rowing mens single sculls,0
118159,Jayanta Talukdar,M,26.0,178.0,85.0,India,IND,2012 Summer,2012,Summer,London,Archery,Archery Men's Individual,,Jayanta Talukdar M India IND 2012 Summer Summer London Archery Archery Men's Individual ,jayanta talukdar india ind summer summer london archery archery mens individual,0
118159,Jayanta Talukdar,M,26.0,178.0,85.0,India,IND,2012 Summer,2012,Summer,London,Archery,Archery Men's Team,,Jayanta Talukdar M India IND 2012 Summer Summer London Archery Archery Men's Team ,jayanta talukdar india ind summer summer london archery archery mens team,0
118400,Shikha Tandon,F,19.0,166.0,60.0,India,IND,2004 Summer,2004,Summer,Athina,Swimming,Swimming Women's 50 metres Freestyle,,Shikha Tandon F India IND 2004 Summer Summer Athina Swimming Swimming Women's 50 metres Freestyle ,shikha tandon f india ind summer summer athina swimming swimming womens metres freestyle,0
118400,Shikha Tandon,F,19.0,166.0,60.0,India,IND,2004 Summer,2004,Summer,Athina,Swimming,Swimming Women's 100 metres Freestyle,,Shikha Tandon F India IND 2004 Summer Summer Athina Swimming Swimming Women's 100 metres Freestyle ,shikha tandon f india ind summer summer athina swimming swimming womens metres freestyle,0
118553,Carlyle Carrol Tapsell,M,23.0,182.0,,India,IND,1932 Summer,1932,Summer,Los Angeles,Hockey,Hockey Men's Hockey,Gold,Carlyle Carrol Tapsell M India IND 1932 Summer Summer Los Angeles Hockey Hockey Men's Hockey Gold,carlyle carrol tapsell india ind summer summer los angeles hockey hockey mens hockey gold,2
118553,Carlyle Carrol Tapsell,M,27.0,182.0,,India,IND,1936 Summer,1936,Summer,Berlin,Hockey,Hockey Men's Hockey,Gold,Carlyle Carrol Tapsell M India IND 1936 Summer Summer Berlin Hockey Hockey Men's Hockey Gold,carlyle carrol tapsell india ind summer summer berlin hockey hockey mens hockey gold,2
118584,Farokh Tarapore,M,23.0,179.0,60.0,India,IND,1984 Summer,1984,Summer,Los Angeles,Sailing,Sailing Mixed Two Person Dinghy,,Farokh Tarapore M India IND 1984 Summer Summer Los Angeles Sailing Sailing Mixed Two Person Dinghy ,farokh tarapore india ind summer summer los angeles sailing sailing mixed two person dinghy,0
118584,Farokh Tarapore,M,28.0,179.0,60.0,India,IND,1988 Summer,1988,Summer,Seoul,Sailing,Sailing Men's Two Person Dinghy,,Farokh Tarapore M India IND 1988 Summer Summer Seoul Sailing Sailing Men's Two Person Dinghy ,farokh tarapore india ind summer summer seoul sailing sailing mens two person dinghy,0
118584,Farokh Tarapore,M,31.0,179.0,60.0,India,IND,1992 Summer,1992,Summer,Barcelona,Sailing,Sailing Men's Two Person Dinghy,,Farokh Tarapore M India IND 1992 Summer Summer Barcelona Sailing Sailing Men's Two Person Dinghy ,farokh tarapore india ind summer summer barcelona sailing sailing mens two person dinghy,0
119430,Divya Tewar,F,24.0,157.0,78.0,India,IND,2008 Summer,2008,Summer,Beijing,Judo,Judo Women's Half-Heavyweight,,Divya Tewar F India IND 2008 Summer Summer Beijing Judo Judo Women's Half-Heavyweight ,divya tewar f india ind summer summer beijing judo judo womens halfheavyweight,0
119470,Deepika Thakur,F,29.0,159.0,61.0,India,IND,2016 Summer,2016,Summer,Rio de Janeiro,Hockey,Hockey Women's Hockey,,Deepika Thakur F India IND 2016 Summer Summer Rio de Janeiro Hockey Hockey Women's Hockey ,deepika thakur f india ind summer summer rio de janeiro hockey hockey womens hockey,2
119471,Himanshu Thakur,M,20.0,167.0,54.0,India,IND,2014 Winter,2014,Winter,Sochi,Alpine Skiing,Alpine Skiing Men's Giant Slalom,,Himanshu Thakur M India IND 2014 Winter Winter Sochi Alpine Skiing Alpine Skiing Men's Giant Slalom ,himanshu thakur india ind winter winter sochi alpine skiing alpine skiing mens giant slalom,0
119472,Nanak Chand Thakur,M,20.0,,,India,IND,1992 Winter,1992,Winter,Albertville,Alpine Skiing,Alpine Skiing Men's Giant Slalom,,Nanak Chand Thakur M India IND 1992 Winter Winter Albertville Alpine Skiing Alpine Skiing Men's Giant Slalom ,nanak chand thakur india ind winter winter albertville alpine skiing alpine skiing mens giant slalom,0
119472,Nanak Chand Thakur,M,20.0,,,India,IND,1992 Winter,1992,Winter,Albertville,Alpine Skiing,Alpine Skiing Men's Slalom,,Nanak Chand Thakur M India IND 1992 Winter Winter Albertville Alpine Skiing Alpine Skiing Men's Slalom ,nanak chand thakur india ind winter winter albertville alpine skiing alpine skiing mens slalom,0
119473,Sunith Thakur,F,25.0,,,India,IND,1996 Summer,1996,Summer,Atlanta,Judo,Judo Women's Half-Lightweight,,Sunith Thakur F India IND 1996 Summer Summer Atlanta Judo Judo Women's Half-Lightweight ,sunith thakur f india ind summer summer atlanta judo judo womens halflightweight,0
119474,Deepak Thakur Sonkhla,M,19.0,174.0,72.0,India,IND,2000 Summer,2000,Summer,Sydney,Hockey,Hockey Men's Hockey,,Deepak Thakur Sonkhla M India IND 2000 Summer Summer Sydney Hockey Hockey Men's Hockey ,deepak thakur sonkhla india ind summer summer sydney hockey hockey mens hockey,2
119474,Deepak Thakur Sonkhla,M,23.0,174.0,72.0,India,IND,2004 Summer,2004,Summer,Athina,Hockey,Hockey Men's Hockey,,Deepak Thakur Sonkhla M India IND 2004 Summer Summer Athina Hockey Hockey Men's Hockey ,deepak thakur sonkhla india ind summer summer athina hockey hockey mens hockey,2
119494,Peter Ramaswamy Thangaraj,M,20.0,190.0,85.0,India,IND,1956 Summer,1956,Summer,Melbourne,Football,Football Men's Football,,Peter Ramaswamy Thangaraj M India IND 1956 Summer Summer Melbourne Football Football Men's Football ,peter ramaswamy thangaraj india ind summer summer melbourne football football mens football,0
119494,Peter Ramaswamy Thangaraj,M,24.0,190.0,85.0,India,IND,1960 Summer,1960,Summer,Roma,Football,Football Men's Football,,Peter Ramaswamy Thangaraj M India IND 1960 Summer Summer Roma Football Football Men's Football ,peter ramaswamy thangaraj india ind summer summer roma football football mens football,0
119509,Debendra (-Dibend) Thapa,M,19.0,162.0,48.0,India,IND,1996 Summer,1996,Summer,Atlanta,Boxing,Boxing Men's Light-Flyweight,,Debendra (-Dibend) Thapa M India IND 1996 Summer Summer Atlanta Boxing Boxing Men's Light-Flyweight ,debendra dibend thapa india ind summer summer atlanta boxing boxing mens lightflyweight,0
119515,Shiva Thapa,M,18.0,169.0,56.0,India,IND,2012 Summer,2012,Summer,London,Boxing,Boxing Men's Bantamweight,,Shiva Thapa M India IND 2012 Summer Summer London Boxing Boxing Men's Bantamweight ,shiva thapa india ind summer summer london boxing boxing mens bantamweight,0
119515,Shiva Thapa,M,22.0,169.0,56.0,India,IND,2016 Summer,2016,Summer,Rio de Janeiro,Boxing,Boxing Men's Bantamweight,,Shiva Thapa M India IND 2016 Summer Summer Rio de Janeiro Boxing Boxing Men's Bantamweight ,shiva thapa india ind summer summer rio de janeiro boxing boxing mens bantamweight,0
119706,Chandanda Nikkin Thimmaiah,M,25.0,171.0,61.0,India,IND,2016 Summer,2016,Summer,Rio de Janeiro,Hockey,Hockey Men's Hockey,,Chandanda Nikkin Thimmaiah M India IND 2016 Summer Summer Rio de Janeiro Hockey Hockey Men's Hockey ,chandanda nikkin thimmaiah india ind summer summer rio de janeiro hockey hockey mens hockey,2
119735,Irfan Kolothum Thodi,M,22.0,170.0,79.0,India,IND,2012 Summer,2012,Summer,London,Athletics,Athletics Men's 20 kilometres Walk,,Irfan Kolothum Thodi M India IND 2012 Summer Summer London Athletics Athletics Men's 20 kilometres Walk ,irfan kolothum thodi india ind summer summer london athletics athletics mens kilometres walk,1
119743,Anuradha Devi Thokchom,F,27.0,162.0,54.0,India,IND,2016 Summer,2016,Summer,Rio de Janeiro,Hockey,Hockey Women's Hockey,,Anuradha Devi Thokchom F India IND 2016 Summer Summer Rio de Janeiro Hockey Hockey Women's Hockey ,anuradha devi thokchom f india ind summer summer rio de janeiro hockey hockey womens hockey,2
119764,Anilda Thomas,F,23.0,,,India,IND,2016 Summer,2016,Summer,Rio de Janeiro,Athletics,Athletics Women's 4 x 400 metres Relay,,Anilda Thomas F India IND 2016 Summer Summer Rio de Janeiro Athletics Athletics Women's 4 x 400 metres Relay ,anilda thomas f india ind summer summer rio de janeiro athletics athletics womens x metres relay,1
119864,Prarthana Gulabrao Thombare,F,22.0,165.0,58.0,India,IND,2016 Summer,2016,Summer,Rio de Janeiro,Tennis,Tennis Women's Doubles,,Prarthana Gulabrao Thombare F India IND 2016 Summer Summer Rio de Janeiro Tennis Tennis Women's Doubles ,prarthana gulabrao thombare f india ind summer summer rio de janeiro tennis tennis womens doubles,0
120032,Shankarrao Ramrao Thorat,M,26.0,,,India,IND,1936 Summer,1936,Summer,Berlin,Wrestling,"Wrestling Men's Bantamweight, Freestyle",,"Shankarrao Ramrao Thorat M India IND 1936 Summer Summer Berlin Wrestling Wrestling Men's Bantamweight, Freestyle ",shankarrao ramrao thorat india ind summer summer berlin wrestling wrestling mens bantamweight freestyle,0
120113,Lijo David Thottan,M,26.0,,,India,IND,2000 Summer,2000,Summer,Sydney,Athletics,Athletics Men's 4 x 400 metres Relay,,Lijo David Thottan M India IND 2000 Summer Summer Sydney Athletics Athletics Men's 4 x 400 metres Relay ,lijo david thottan india ind summer summer sydney athletics athletics mens x metres relay,1
120484,Dilip Kumar Tirkey,M,18.0,170.0,70.0,India,IND,1996 Summer,1996,Summer,Atlanta,Hockey,Hockey Men's Hockey,,Dilip Kumar Tirkey M India IND 1996 Summer Summer Atlanta Hockey Hockey Men's Hockey ,dilip kumar tirkey india ind summer summer atlanta hockey hockey mens hockey,2
120484,Dilip Kumar Tirkey,M,22.0,170.0,70.0,India,IND,2000 Summer,2000,Summer,Sydney,Hockey,Hockey Men's Hockey,,Dilip Kumar Tirkey M India IND 2000 Summer Summer Sydney Hockey Hockey Men's Hockey ,dilip kumar tirkey india ind summer summer sydney hockey hockey mens hockey,2
120484,Dilip Kumar Tirkey,M,26.0,170.0,70.0,India,IND,2004 Summer,2004,Summer,Athina,Hockey,Hockey Men's Hockey,,Dilip Kumar Tirkey M India IND 2004 Summer Summer Athina Hockey Hockey Men's Hockey ,dilip kumar tirkey india ind summer summer athina hockey hockey mens hockey,2
120485,"Ignacious ""Ignace"" Tirkey",M,23.0,172.0,62.0,India,IND,2004 Summer,2004,Summer,Athina,Hockey,Hockey Men's Hockey,,"Ignacious ""Ignace"" Tirkey M India IND 2004 Summer Summer Athina Hockey Hockey Men's Hockey ",ignacious ignace tirkey india ind summer summer athina hockey hockey mens hockey,2
120485,"Ignacious ""Ignace"" Tirkey",M,31.0,172.0,62.0,India,IND,2012 Summer,2012,Summer,London,Hockey,Hockey Men's Hockey,,"Ignacious ""Ignace"" Tirkey M India IND 2012 Summer Summer London Hockey Hockey Men's Hockey ",ignacious ignace tirkey india ind summer summer london hockey hockey mens hockey,2
120871,Sandeep Tomar,M,25.0,168.0,61.0,India,IND,2016 Summer,2016,Summer,Rio de Janeiro,Wrestling,"Wrestling Men's Featherweight, Freestyle",,"Sandeep Tomar M India IND 2016 Summer Summer Rio de Janeiro Wrestling Wrestling Men's Featherweight, Freestyle ",sandeep tomar india ind summer summer rio de janeiro wrestling wrestling mens featherweight freestyle,0
120929,Rajiv Tomer,M,27.0,175.0,120.0,India,IND,2008 Summer,2008,Summer,Beijing,Wrestling,"Wrestling Men's Super-Heavyweight, Freestyle",,"Rajiv Tomer M India IND 2008 Summer Summer Beijing Wrestling Wrestling Men's Super-Heavyweight, Freestyle ",rajiv tomer india ind summer summer beijing wrestling wrestling mens superheavyweight freestyle,0
121110,Manohar Topno,M,26.0,162.0,62.0,India,IND,1984 Summer,1984,Summer,Los Angeles,Hockey,Hockey Men's Hockey,,Manohar Topno M India IND 1984 Summer Summer Los Angeles Hockey Hockey Men's Hockey ,manohar topno india ind summer summer los angeles hockey hockey mens hockey,2
121123,Namita Toppo,F,21.0,163.0,53.0,India,IND,2016 Summer,2016,Summer,Rio de Janeiro,Hockey,Hockey Women's Hockey,,Namita Toppo F India IND 2016 Summer Summer Rio de Janeiro Hockey Hockey Women's Hockey ,namita toppo f india ind summer summer rio de janeiro hockey hockey womens hockey,2
121350,Margaret Toscano,F,23.0,154.0,,India,IND,1980 Summer,1980,Summer,Moskva,Hockey,Hockey Women's Hockey,,Margaret Toscano F India IND 1980 Summer Summer Moskva Hockey Hockey Women's Hockey ,margaret toscano f india ind summer summer moskva hockey hockey womens hockey,2
121950,Vinita Tripathi,F,19.0,165.0,61.0,India,IND,2000 Summer,2000,Summer,Sydney,Athletics,Athletics Women's 4 x 100 metres Relay,,Vinita Tripathi F India IND 2000 Summer Summer Sydney Athletics Athletics Women's 4 x 100 metres Relay ,vinita tripathi f india ind summer summer sydney athletics athletics womens x metres relay,1
122626,Kavita Maheshkumar Tungar (Raut-),F,31.0,157.0,45.0,India,IND,2016 Summer,2016,Summer,Rio de Janeiro,Athletics,Athletics Women's Marathon,,Kavita Maheshkumar Tungar (Raut-) F India IND 2016 Summer Summer Rio de Janeiro Athletics Athletics Women's Marathon ,kavita maheshkumar tungar raut f india ind summer summer rio de janeiro athletics athletics womens marathon,1
123246,Adaveeshaiah Puttaveeraswamy Gagan Ullalmath,M,20.0,,,India,IND,2012 Summer,2012,Summer,London,Swimming,"Swimming Men's 1,500 metres Freestyle",,"Adaveeshaiah Puttaveeraswamy Gagan Ullalmath M India IND 2012 Summer Summer London Swimming Swimming Men's 1,500 metres Freestyle ",adaveeshaiah puttaveeraswamy gagan ullalmath india ind summer summer london swimming swimming mens metres freestyle,0
123551,"Pilavullakandi Thekeparampil ""P. T."" Usha",F,16.0,170.0,57.0,India,IND,1980 Summer,1980,Summer,Moskva,Athletics,Athletics Women's 100 metres,,"Pilavullakandi Thekeparampil ""P. T."" Usha F India IND 1980 Summer Summer Moskva Athletics Athletics Women's 100 metres ",pilavullakandi thekeparampil p usha f india ind summer summer moskva athletics athletics womens metres,1
123551,"Pilavullakandi Thekeparampil ""P. T."" Usha",F,16.0,170.0,57.0,India,IND,1980 Summer,1980,Summer,Moskva,Athletics,Athletics Women's 200 metres,,"Pilavullakandi Thekeparampil ""P. T."" Usha F India IND 1980 Summer Summer Moskva Athletics Athletics Women's 200 metres ",pilavullakandi thekeparampil p usha f india ind summer summer moskva athletics athletics womens metres,1
123551,"Pilavullakandi Thekeparampil ""P. T."" Usha",F,20.0,170.0,57.0,India,IND,1984 Summer,1984,Summer,Los Angeles,Athletics,Athletics Women's 400 metres Hurdles,,"Pilavullakandi Thekeparampil ""P. T."" Usha F India IND 1984 Summer Summer Los Angeles Athletics Athletics Women's 400 metres Hurdles ",pilavullakandi thekeparampil p usha f india ind summer summer los angeles athletics athletics womens metres hurdles,1
123551,"Pilavullakandi Thekeparampil ""P. T."" Usha",F,20.0,170.0,57.0,India,IND,1984 Summer,1984,Summer,Los Angeles,Athletics,Athletics Women's 4 x 400 metres Relay,,"Pilavullakandi Thekeparampil ""P. T."" Usha F India IND 1984 Summer Summer Los Angeles Athletics Athletics Women's 4 x 400 metres Relay ",pilavullakandi thekeparampil p usha f india ind summer summer los angeles athletics athletics womens x metres relay,1
123551,"Pilavullakandi Thekeparampil ""P. T."" Usha",F,24.0,170.0,57.0,India,IND,1988 Summer,1988,Summer,Seoul,Athletics,Athletics Women's 400 metres Hurdles,,"Pilavullakandi Thekeparampil ""P. T."" Usha F India IND 1988 Summer Summer Seoul Athletics Athletics Women's 400 metres Hurdles ",pilavullakandi thekeparampil p usha f india ind summer summer seoul athletics athletics womens metres hurdles,1
123627,"Sannuvanda Kushalappa ""S. K."" Uthappa",M,18.0,183.0,84.0,India,IND,2012 Summer,2012,Summer,London,Hockey,Hockey Men's Hockey,,"Sannuvanda Kushalappa ""S. K."" Uthappa M India IND 2012 Summer Summer London Hockey Hockey Men's Hockey ",sannuvanda kushalappa k uthappa india ind summer summer london hockey hockey mens hockey,2
123627,"Sannuvanda Kushalappa ""S. K."" Uthappa",M,22.0,183.0,84.0,India,IND,2016 Summer,2016,Summer,Rio de Janeiro,Hockey,Hockey Men's Hockey,,"Sannuvanda Kushalappa ""S. K."" Uthappa M India IND 2016 Summer Summer Rio de Janeiro Hockey Hockey Men's Hockey ",sannuvanda kushalappa k uthappa india ind summer summer rio de janeiro hockey hockey mens hockey,2
123786,Nirupama Vaidyanathan (-Sanjeev),F,25.0,170.0,62.0,India,IND,2000 Summer,2000,Summer,Sydney,Tennis,Tennis Women's Doubles,,Nirupama Vaidyanathan (-Sanjeev) F India IND 2000 Summer Summer Sydney Tennis Tennis Women's Doubles ,nirupama vaidyanathan sanjeev f india ind summer summer sydney tennis tennis womens doubles,0
124107,"Manathoor Devasia ""M. D."" Valsamma",F,23.0,157.0,47.0,India,IND,1984 Summer,1984,Summer,Los Angeles,Athletics,Athletics Women's 400 metres Hurdles,,"Manathoor Devasia ""M. D."" Valsamma F India IND 1984 Summer Summer Los Angeles Athletics Athletics Women's 400 metres Hurdles ",manathoor devasia valsamma f india ind summer summer los angeles athletics athletics womens metres hurdles,1
124107,"Manathoor Devasia ""M. D."" Valsamma",F,23.0,157.0,47.0,India,IND,1984 Summer,1984,Summer,Los Angeles,Athletics,Athletics Women's 4 x 400 metres Relay,,"Manathoor Devasia ""M. D."" Valsamma F India IND 1984 Summer Summer Los Angeles Athletics Athletics Women's 4 x 400 metres Relay ",manathoor devasia valsamma f india ind summer summer los angeles athletics athletics womens x metres relay,1
125143,Padamttom Vankatesh,M,,,,India,IND,1952 Summer,1952,Summer,Helsinki,Football,Football Men's Football,,Padamttom Vankatesh M India IND 1952 Summer Summer Helsinki Football Football Men's Football ,padamttom vankatesh india ind summer summer helsinki football football mens football,0
125192,"Kenchappa Varadaiah ""KV"" Varadaraj",M,24.0,,,India,IND,1948 Summer,1948,Summer,London,Football,Football Men's Football,,"Kenchappa Varadaiah ""KV"" Varadaraj M India IND 1948 Summer Summer London Football Football Men's Football ",kenchappa varadaiah kv varadaraj india ind summer summer london football football mens football,0
125220,Pranitha Vardhineni,F,17.0,155.0,67.0,India,IND,2008 Summer,2008,Summer,Beijing,Archery,Archery Women's Individual,,Pranitha Vardhineni F India IND 2008 Summer Summer Beijing Archery Archery Women's Individual ,pranitha vardhineni f india ind summer summer beijing archery archery womens individual,0
125220,Pranitha Vardhineni,F,17.0,155.0,67.0,India,IND,2008 Summer,2008,Summer,Beijing,Archery,Archery Women's Team,,Pranitha Vardhineni F India IND 2008 Summer Summer Beijing Archery Archery Women's Team ,pranitha vardhineni f india ind summer summer beijing archery archery womens team,0
125326,Sabu Varkey,M,25.0,156.0,65.0,India,IND,1996 Summer,1996,Summer,Atlanta,Hockey,Hockey Men's Hockey,,Sabu Varkey M India IND 1996 Summer Summer Atlanta Hockey Hockey Men's Hockey ,sabu varkey india ind summer summer atlanta hockey hockey mens hockey,2
125560,"Max ""Maxie"" Vaz",M,,,,India,IND,1948 Summer,1948,Summer,London,Hockey,Hockey Men's Hockey,Gold,"Max ""Maxie"" Vaz M India IND 1948 Summer Summer London Hockey Hockey Men's Hockey Gold",max maxie vaz india ind summer summer london hockey hockey mens hockey gold,2
125624,Anjali Ramakanta Vedpathak-Bhagwat,F,30.0,165.0,53.0,India,IND,2000 Summer,2000,Summer,Sydney,Shooting,"Shooting Women's Air Rifle, 10 metres",,"Anjali Ramakanta Vedpathak-Bhagwat F India IND 2000 Summer Summer Sydney Shooting Shooting Women's Air Rifle, 10 metres ",anjali ramakanta vedpathakbhagwat f india ind summer summer sydney shooting shooting womens air rifle metres,0
125624,Anjali Ramakanta Vedpathak-Bhagwat,F,30.0,165.0,53.0,India,IND,2000 Summer,2000,Summer,Sydney,Shooting,"Shooting Women's Small-Bore Rifle, Three Positions, 50 metres",,"Anjali Ramakanta Vedpathak-Bhagwat F India IND 2000 Summer Summer Sydney Shooting Shooting Women's Small-Bore Rifle, Three Positions, 50 metres ",anjali ramakanta vedpathakbhagwat f india ind summer summer sydney shooting shooting womens smallbore rifle three positions metres,0
125624,Anjali Ramakanta Vedpathak-Bhagwat,F,34.0,165.0,53.0,India,IND,2004 Summer,2004,Summer,Athina,Shooting,"Shooting Women's Air Rifle, 10 metres",,"Anjali Ramakanta Vedpathak-Bhagwat F India IND 2004 Summer Summer Athina Shooting Shooting Women's Air Rifle, 10 metres ",anjali ramakanta vedpathakbhagwat f india ind summer summer athina shooting shooting womens air rifle metres,0
125624,Anjali Ramakanta Vedpathak-Bhagwat,F,34.0,165.0,53.0,India,IND,2004 Summer,2004,Summer,Athina,Shooting,"Shooting Women's Small-Bore Rifle, Three Positions, 50 metres",,"Anjali Ramakanta Vedpathak-Bhagwat F India IND 2004 Summer Summer Athina Shooting Shooting Women's Small-Bore Rifle, Three Positions, 50 metres ",anjali ramakanta vedpathakbhagwat f india ind summer summer athina shooting shooting womens smallbore rifle three positions metres,0
125624,Anjali Ramakanta Vedpathak-Bhagwat,F,38.0,165.0,53.0,India,IND,2008 Summer,2008,Summer,Beijing,Shooting,"Shooting Women's Air Rifle, 10 metres",,"Anjali Ramakanta Vedpathak-Bhagwat F India IND 2008 Summer Summer Beijing Shooting Shooting Women's Air Rifle, 10 metres ",anjali ramakanta vedpathakbhagwat f india ind summer summer beijing shooting shooting womens air rifle metres,0
125624,Anjali Ramakanta Vedpathak-Bhagwat,F,38.0,165.0,53.0,India,IND,2008 Summer,2008,Summer,Beijing,Shooting,"Shooting Women's Small-Bore Rifle, Three Positions, 50 metres",,"Anjali Ramakanta Vedpathak-Bhagwat F India IND 2008 Summer Summer Beijing Shooting Shooting Women's Small-Bore Rifle, Three Positions, 50 metres ",anjali ramakanta vedpathakbhagwat f india ind summer summer beijing shooting shooting womens smallbore rifle three positions metres,0
125856,Devarajan Venkatesan,M,19.0,176.0,54.0,India,IND,1992 Summer,1992,Summer,Barcelona,Boxing,Boxing Men's Bantamweight,,Devarajan Venkatesan M India IND 1992 Summer Summer Barcelona Boxing Boxing Men's Bantamweight ,devarajan venkatesan india ind summer summer barcelona boxing boxing mens bantamweight,0
125892,Muniswamy Venu,M,26.0,173.0,60.0,India,IND,1972 Summer,1972,Summer,Munich,Boxing,Boxing Men's Lightweight,,Muniswamy Venu M India IND 1972 Summer Summer Munich Boxing Boxing Men's Lightweight ,muniswamy venu india ind summer summer munich boxing boxing mens lightweight,0
126059,Subhash Verma,M,20.0,180.0,90.0,India,IND,1988 Summer,1988,Summer,Seoul,Wrestling,"Wrestling Men's Light-Heavyweight, Freestyle",,"Subhash Verma M India IND 1988 Summer Summer Seoul Wrestling Wrestling Men's Light-Heavyweight, Freestyle ",subhash verma india ind summer summer seoul wrestling wrestling mens lightheavyweight freestyle,0
126059,Subhash Verma,M,24.0,180.0,90.0,India,IND,1992 Summer,1992,Summer,Barcelona,Wrestling,"Wrestling Men's Heavyweight, Freestyle",,"Subhash Verma M India IND 1992 Summer Summer Barcelona Wrestling Wrestling Men's Heavyweight, Freestyle ",subhash verma india ind summer summer barcelona wrestling wrestling mens heavyweight freestyle,0
126099,Ronald Alfred Vernieux,M,21.0,,,India,IND,1932 Summer,1932,Summer,Los Angeles,Athletics,Athletics Men's 100 metres,,Ronald Alfred Vernieux M India IND 1932 Summer Summer Los Angeles Athletics Athletics Men's 100 metres ,ronald alfred vernieux india ind summer summer los angeles athletics athletics mens metres,1
126099,Ronald Alfred Vernieux,M,21.0,,,India,IND,1932 Summer,1932,Summer,Los Angeles,Athletics,Athletics Men's 200 metres,,Ronald Alfred Vernieux M India IND 1932 Summer Summer Los Angeles Athletics Athletics Men's 200 metres ,ronald alfred vernieux india ind summer summer los angeles athletics athletics mens metres,1
126099,Ronald Alfred Vernieux,M,21.0,,,India,IND,1932 Summer,1932,Summer,Los Angeles,Athletics,Athletics Men's 4 x 100 metres Relay,,Ronald Alfred Vernieux M India IND 1932 Summer Summer Los Angeles Athletics Athletics Men's 4 x 100 metres Relay ,ronald alfred vernieux india ind summer summer los angeles athletics athletics mens x metres relay,1
126333,"James Henry ""Jim"" Vickers",M,,,,India,IND,1948 Summer,1948,Summer,London,Athletics,Athletics Men's 110 metres Hurdles,,"James Henry ""Jim"" Vickers M India IND 1948 Summer Summer London Athletics Athletics Men's 110 metres Hurdles ",james henry jim vickers india ind summer summer london athletics athletics mens metres hurdles,1
126823,Jagadeesan Vishnuvardhan,M,24.0,188.0,84.0,India,IND,2012 Summer,2012,Summer,London,Tennis,Tennis Men's Singles,,Jagadeesan Vishnuvardhan M India IND 2012 Summer Summer London Tennis Tennis Men's Singles ,jagadeesan vishnuvardhan india ind summer summer london tennis tennis mens singles,0
126823,Jagadeesan Vishnuvardhan,M,24.0,188.0,84.0,India-2,IND,2012 Summer,2012,Summer,London,Tennis,Tennis Men's Doubles,,Jagadeesan Vishnuvardhan M India-2 IND 2012 Summer Summer London Tennis Tennis Men's Doubles ,jagadeesan vishnuvardhan india ind summer summer london tennis tennis mens doubles,0
126867,Sunil Sowmarpet Vitalacharya,M,23.0,176.0,68.0,India,IND,2012 Summer,2012,Summer,London,Hockey,Hockey Men's Hockey,,Sunil Sowmarpet Vitalacharya M India IND 2012 Summer Summer London Hockey Hockey Men's Hockey ,sunil sowmarpet vitalacharya india ind summer summer london hockey hockey mens hockey,2
126867,Sunil Sowmarpet Vitalacharya,M,27.0,176.0,68.0,India,IND,2016 Summer,2016,Summer,Rio de Janeiro,Hockey,Hockey Men's Hockey,,Sunil Sowmarpet Vitalacharya M India IND 2016 Summer Summer Rio de Janeiro Hockey Hockey Men's Hockey ,sunil sowmarpet vitalacharya india ind summer summer rio de janeiro hockey hockey mens hockey,2
128249,Devindar Sunil Walmiki,M,24.0,178.0,69.0,India,IND,2016 Summer,2016,Summer,Rio de Janeiro,Hockey,Hockey Men's Hockey,,Devindar Sunil Walmiki M India IND 2016 Summer Summer Rio de Janeiro Hockey Hockey Men's Hockey ,devindar sunil walmiki india ind summer summer rio de janeiro hockey hockey mens hockey,2
128726,Oscar Alfred Ward,M,24.0,,,India,IND,1952 Summer,1952,Summer,Helsinki,Boxing,Boxing Men's Light-Heavyweight,,Oscar Alfred Ward M India IND 1952 Summer Summer Helsinki Boxing Boxing Men's Light-Heavyweight ,oscar alfred ward india ind summer summer helsinki boxing boxing mens lightheavyweight,0
129341,U Zaw Weik,M,25.0,,,India,IND,1936 Summer,1936,Summer,Berlin,Weightlifting,Weightlifting Men's Middleweight,,U Zaw Weik M India IND 1936 Summer Summer Berlin Weightlifting Weightlifting Men's Middleweight ,u zaw weik india ind summer summer berlin weightlifting weightlifting mens middleweight,0
130053,Stanley Eric Kenneth Whiteside,M,31.0,,,India,IND,1936 Summer,1936,Summer,Berlin,Athletics,Athletics Men's 100 metres,,Stanley Eric Kenneth Whiteside M India IND 1936 Summer Summer Berlin Athletics Athletics Men's 100 metres ,stanley eric kenneth whiteside india ind summer summer berlin athletics athletics mens metres,1
130053,Stanley Eric Kenneth Whiteside,M,31.0,,,India,IND,1936 Summer,1936,Summer,Berlin,Athletics,Athletics Men's 200 metres,,Stanley Eric Kenneth Whiteside M India IND 1936 Summer Summer Berlin Athletics Athletics Men's 200 metres ,stanley eric kenneth whiteside india ind summer summer berlin athletics athletics mens metres,1
131974,William Xalco,M,20.0,167.0,60.0,India,IND,2004 Summer,2004,Summer,Athina,Hockey,Hockey Men's Hockey,,William Xalco M India IND 2004 Summer Summer Athina Hockey Hockey Men's Hockey ,william xalco india ind summer summer athina hockey hockey mens hockey,2
131984,Sebastian Xavier,M,26.0,,,India,IND,1996 Summer,1996,Summer,Atlanta,Swimming,Swimming Men's 50 metres Freestyle,,Sebastian Xavier M India IND 1996 Summer Summer Atlanta Swimming Swimming Men's 50 metres Freestyle ,sebastian xavier india ind summer summer atlanta swimming swimming mens metres freestyle,0
132140,Dharmendra Yadav,M,19.0,162.0,51.0,India,IND,1992 Summer,1992,Summer,Barcelona,Boxing,Boxing Men's Flyweight,,Dharmendra Yadav M India IND 1992 Summer Summer Barcelona Boxing Boxing Men's Flyweight ,dharmendra yadav india ind summer summer barcelona boxing boxing mens flyweight,0
132141,Narsingh Pancham Yadav,M,22.0,167.0,74.0,India,IND,2012 Summer,2012,Summer,London,Wrestling,"Wrestling Men's Middleweight, Freestyle",,"Narsingh Pancham Yadav M India IND 2012 Summer Summer London Wrestling Wrestling Men's Middleweight, Freestyle ",narsingh pancham yadav india ind summer summer london wrestling wrestling mens middleweight freestyle,0
132142,Renuka Yadav,F,22.0,159.0,53.0,India,IND,2016 Summer,2016,Summer,Rio de Janeiro,Hockey,Hockey Women's Hockey,,Renuka Yadav F India IND 2016 Summer Summer Rio de Janeiro Hockey Hockey Women's Hockey ,renuka yadav f india ind summer summer rio de janeiro hockey hockey womens hockey,2
132143,Vikas Krishan Yadav,M,20.0,177.0,69.0,India,IND,2012 Summer,2012,Summer,London,Boxing,Boxing Men's Welterweight,,Vikas Krishan Yadav M India IND 2012 Summer Summer London Boxing Boxing Men's Welterweight ,vikas krishan yadav india ind summer summer london boxing boxing mens welterweight,0
132143,Vikas Krishan Yadav,M,24.0,177.0,69.0,India,IND,2016 Summer,2016,Summer,Rio de Janeiro,Boxing,Boxing Men's Middleweight,,Vikas Krishan Yadav M India IND 2016 Summer Summer Rio de Janeiro Boxing Boxing Men's Middleweight ,vikas krishan yadav india ind summer summer rio de janeiro boxing boxing mens middleweight,0
132177,Mohammad Anas Yahiya,M,21.0,177.0,69.0,India,IND,2016 Summer,2016,Summer,Rio de Janeiro,Athletics,Athletics Men's 400 metres,,Mohammad Anas Yahiya M India IND 2016 Summer Summer Rio de Janeiro Athletics Athletics Men's 400 metres ,mohammad anas yahiya india ind summer summer rio de janeiro athletics athletics mens metres,1
132177,Mohammad Anas Yahiya,M,21.0,177.0,69.0,India,IND,2016 Summer,2016,Summer,Rio de Janeiro,Athletics,Athletics Men's 4 x 400 metres Relay,,Mohammad Anas Yahiya M India IND 2016 Summer Summer Rio de Janeiro Athletics Athletics Men's 4 x 400 metres Relay ,mohammad anas yahiya india ind summer summer rio de janeiro athletics athletics mens x metres relay,1
133029,"Thyadathuvilla Chandrapillai ""T. C."" Yohannan",M,29.0,174.0,62.0,India,IND,1976 Summer,1976,Summer,Montreal,Athletics,Athletics Men's Long Jump,,"Thyadathuvilla Chandrapillai ""T. C."" Yohannan M India IND 1976 Summer Summer Montreal Athletics Athletics Men's Long Jump ",thyadathuvilla chandrapillai c yohannan india ind summer summer montreal athletics athletics mens long jump,1
133554,Sayed Muhammad Yusuf,M,,,,India,IND,1928 Summer,1928,Summer,Amsterdam,Hockey,Hockey Men's Hockey,Gold,Sayed Muhammad Yusuf M India IND 1928 Summer Summer Amsterdam Hockey Hockey Men's Hockey Gold,sayed muhammad yusuf india ind summer summer amsterdam hockey hockey mens hockey gold,2
135480,Geeta Zutshi,F,23.0,167.0,51.0,India,IND,1980 Summer,1980,Summer,Moskva,Athletics,Athletics Women's 800 metres,,Geeta Zutshi F India IND 1980 Summer Summer Moskva Athletics Athletics Women's 800 metres ,geeta zutshi f india ind summer summer moskva athletics athletics womens metres,1
135480,Geeta Zutshi,F,27.0,167.0,51.0,India,IND,1984 Summer,1984,Summer,Los Angeles,Athletics,"Athletics Women's 3,000 metres",,"Geeta Zutshi F India IND 1984 Summer Summer Los Angeles Athletics Athletics Women's 3,000 metres ",geeta zutshi f india ind summer summer los angeles athletics athletics womens metres,1
