word,level,pos,definition_url,voice_url,clean_text,cluster
a bit,a2,,https://www.oxfordlearnersdictionaries.com/definition/english/bit#bit_sng_1,https://www.oxfordlearnersdictionaries.com/media/english/us_pron_ogg/a/a_b/a_bit/a_bit_1_us_2.ogg,bit,1
a bit more,b1,,https://www.oxfordlearnersdictionaries.com/definition/english/bit#bit_sng_1,https://www.oxfordlearnersdictionaries.com/media/english/us_pron_ogg/a/a_b/a_bit/a_bit_more_1_us_1.ogg,bit,1
a bit of a…,b2,,https://www.oxfordlearnersdictionaries.com/definition/english/bit#bit_sng_15,https://www.oxfordlearnersdictionaries.com/media/english/us_pron_ogg/a/a_b/a_bit/a_bit_of_a_1_us_1.ogg,bit,1
a bit of sth,b1,,https://www.oxfordlearnersdictionaries.com/definition/english/bit#bit_sng_3,https://www.oxfordlearnersdictionaries.com/media/english/us_pron_ogg/a/a_b/a_bit/a_bit_of_sth_1_us_1.ogg,bit sth,3
a couple of sth,a2,,https://www.oxfordlearnersdictionaries.com/definition/english/couple_1#couple_sng_3,https://www.oxfordlearnersdictionaries.com/media/english/us_pron_ogg/a/a_c/a_cou/a_couple_of_sth_1_us_1.ogg,couple sth,3
a few,a1,,https://www.oxfordlearnersdictionaries.com/definition/english/few_1#few_sng_2,https://www.oxfordlearnersdictionaries.com/media/english/us_pron_ogg/a/a_f/a_few/a_few_1_us_1.ogg,,1
a good idea,a1,,https://www.oxfordlearnersdictionaries.com/definition/english/idea#idea_sng_1,https://www.oxfordlearnersdictionaries.com/media/english/us_pron_ogg/a/a_g/a_goo/a_good_idea_1_us_1.ogg,good idea,1
a great deal,b1,,https://www.oxfordlearnersdictionaries.com/definition/english/deal_2#deal_sng_32,https://www.oxfordlearnersdictionaries.com/media/english/us_pron_ogg/a/a_g/a_gre/a_great_deal_1_us_1.ogg,great deal,1
a kind of...,b1,,https://www.oxfordlearnersdictionaries.com/definition/english/kind_1#kind_sng_4,https://www.oxfordlearnersdictionaries.com/media/english/us_pron_ogg/a/a_k/a_kin/a_kind_of_1_us_1.ogg,kind,1
a little,a1,,https://www.oxfordlearnersdictionaries.com/definition/english/little_2#little_sng_9,https://www.oxfordlearnersdictionaries.com/media/english/us_pron_ogg/a/a_l/a_lit/a_little_1_us_1.ogg,little,1
a little bit,b1,,https://www.oxfordlearnersdictionaries.com/definition/english/bit#bit_sng_1,https://www.oxfordlearnersdictionaries.com/media/english/us_pron_ogg/a/a_l/a_lit/a_little_bit_1_us_1.ogg,little bit,1
a little more,b1,,https://www.oxfordlearnersdictionaries.com/definition/english/little_3#little_sng_12,https://www.oxfordlearnersdictionaries.com/media/english/us_pron_ogg/a/a_l/a_lit/a_little_more_1_us_1.ogg,little,1
a long time ago,a2,,https://www.oxfordlearnersdictionaries.com/definition/english/time_1#time_sng_6,https://www.oxfordlearnersdictionaries.com/media/english/us_pron_ogg/a/a_l/a_lon/a_long_time_ago_1_us_1.ogg,long time ago,1
a long way,a2,,https://www.oxfordlearnersdictionaries.com/definition/english/long_1#long_sng_1,https://www.oxfordlearnersdictionaries.com/media/english/us_pron_ogg/a/a_l/a_lon/a_long_way_1_us_1.ogg,long way,1
a lot,a1,,https://www.oxfordlearnersdictionaries.com/definition/english/lot_1#lot_sng_1,https://www.oxfordlearnersdictionaries.com/media/english/us_pron_ogg/a/a_l/a_lot/a_lot_1_us_1.ogg,lot,1
a lot more,b1,,https://www.oxfordlearnersdictionaries.com/definition/english/lot_3#lot_sng_3,https://www.oxfordlearnersdictionaries.com/media/english/us_pron_ogg/a/a_l/a_lot/a_lot_more_1_us_1.ogg,lot,1
a lot of sth,a1,,https://www.oxfordlearnersdictionaries.com/definition/english/lot_2#lot_sng_2,https://www.oxfordlearnersdictionaries.com/media/english/us_pron_ogg/a/a_l/a_lot/a_lot_of_sth_1_us_1.ogg,lot sth,3
a means of sth,b2,,https://www.oxfordlearnersdictionaries.com/definition/english/means#means_sng_1,https://www.oxfordlearnersdictionaries.com/media/english/us_pron_ogg/a/a_m/a_mea/a_means_of_sth_1_us_1.ogg,mean sth,3
a number of sth,a2,,https://www.oxfordlearnersdictionaries.com/definition/english/number_1#number_sng_4,https://www.oxfordlearnersdictionaries.com/media/english/us_pron_ogg/a/a_n/a_num/a_number_of_sth_1_us_1.ogg,number sth,3
a period of time,a1,,https://www.oxfordlearnersdictionaries.com/definition/english/period_1#period_sng_1,https://www.oxfordlearnersdictionaries.com/media/english/us_pron_ogg/a/a_p/a_per/a_period_of_time_1_us_1.ogg,period time,1
a range of sth,b1,,https://www.oxfordlearnersdictionaries.com/definition/english/range_1#range_sng_1,https://www.oxfordlearnersdictionaries.com/media/english/us_pron_ogg/a/a_r/a_ran/a_range_of_sth_1_us_1.ogg,range sth,3
a variety of sth,b1,,https://www.oxfordlearnersdictionaries.com/definition/english/variety_1#variety_sng_1,https://www.oxfordlearnersdictionaries.com/media/english/us_pron_ogg/a/a_v/a_var/a_variety_of_sth_1_us_1.ogg,variety sth,3
able to do sth,a2,,https://www.oxfordlearnersdictionaries.com/definition/english/able_1#able_sng_1,https://www.oxfordlearnersdictionaries.com/media/english/us_pron_ogg/a/abl/able_/able_to_do_sth_1_us_1.ogg,able sth,3
above all,c1,,https://www.oxfordlearnersdictionaries.com/definition/english/above_1#above_sng_6,https://www.oxfordlearnersdictionaries.com/media/english/us_pron_ogg/a/abo/above/above_all_1_us_1.ogg,,1
access to sth,b1,,https://www.oxfordlearnersdictionaries.com/definition/english/access_1#access_sng_2,https://www.oxfordlearnersdictionaries.com/media/english/us_pron_ogg/a/acc/acces/access_to_sth_1_us_1.ogg,access sth,3
account for sth,b2,,https://www.oxfordlearnersdictionaries.com/definition/english/account-for#accountfor2_e,https://www.oxfordlearnersdictionaries.com/media/english/us_pron_ogg/a/acc/accou/account_for_sth_1_us_1.ogg,account sth,3
accused of sth,b2,,https://www.oxfordlearnersdictionaries.com/definition/english/accuse#accuse_e,https://www.oxfordlearnersdictionaries.com/media/english/us_pron_ogg/a/acc/accus/accused_of_sth_1_us_1.ogg,accused sth,3
act as sth,b2,,https://www.oxfordlearnersdictionaries.com/definition/english/act_1#act_sng_18,https://www.oxfordlearnersdictionaries.com/media/english/us_pron_ogg/a/act/act_a/act_as_sth_1_us_1.ogg,act sth,3
add to sth,a2,,https://www.oxfordlearnersdictionaries.com/definition/english/add-to#add_sng_18,https://www.oxfordlearnersdictionaries.com/media/english/us_pron_ogg/a/add/add_t/add_to_sth_1_us_1.ogg,add sth,3
after all,b1,,https://www.oxfordlearnersdictionaries.com/definition/english/after_1#after_sng_12,https://www.oxfordlearnersdictionaries.com/media/english/us_pron_ogg/a/aft/after/after_all_1_us_1.ogg,,1
again and again,a2,,https://www.oxfordlearnersdictionaries.com/definition/english/again#again_sng_1,https://www.oxfordlearnersdictionaries.com/media/english/us_pron_ogg/a/aga/again/again_and_again_1_us_1.ogg,,1
agree with sb,a1,,https://www.oxfordlearnersdictionaries.com/definition/english/agree#agree_sng_1,https://www.oxfordlearnersdictionaries.com/media/english/us_pron_ogg/a/agr/agree/agree_with_sb_1_us_1.ogg,agree sb,1
aim to do sth,b1,,https://www.oxfordlearnersdictionaries.com/definition/english/aim_1#aim_sng_4,https://www.oxfordlearnersdictionaries.com/media/english/us_pron_ogg/a/aim/aim_t/aim_to_do_sth_1_us_1.ogg,aim sth,3
aimed at doing sth,b2,,https://www.oxfordlearnersdictionaries.com/definition/english/aim_1#aim_sng_5,https://www.oxfordlearnersdictionaries.com/media/english/us_pron_ogg/a/aim/aimed/aimed_at_doing_sth_1_us_1.ogg,aimed sth,3
aimed at sb,b2,,https://www.oxfordlearnersdictionaries.com/definition/english/aim_1#aim_sng_7,https://www.oxfordlearnersdictionaries.com/media/english/us_pron_ogg/a/aim/aimed/aimed_at_sb_1_us_1.ogg,aimed sb,1
all about…,a2,,https://www.oxfordlearnersdictionaries.com/definition/english/about_1#about_sng_9,https://www.oxfordlearnersdictionaries.com/media/english/us_pron_ogg/a/all/all_a/all_about_1_us_1.ogg,,1
all but,c1,,https://www.oxfordlearnersdictionaries.com/definition/english/all_3#all_sng_29,https://www.oxfordlearnersdictionaries.com/media/english/us_pron_ogg/a/all/all_b/all_but_1_us_2.ogg,,1
all day,a1,,https://www.oxfordlearnersdictionaries.com/definition/english/day#day_sng_2,https://www.oxfordlearnersdictionaries.com/media/english/us_pron_ogg/a/all/all_d/all_day_1_us_2.ogg,day,0
all kinds of…,a2,,https://www.oxfordlearnersdictionaries.com/definition/english/kind_1#kind_sng_1,https://www.oxfordlearnersdictionaries.com/media/english/us_pron_ogg/a/all/all_k/all_kinds_of_1_us_1.ogg,kind,1
all over the world,a1,,https://www.oxfordlearnersdictionaries.com/definition/english/world#world_sng_1,https://www.oxfordlearnersdictionaries.com/media/english/us_pron_ogg/a/all/all_o/all_over_the_world_1_us_1.ogg,world,1
all over…,a2,,https://www.oxfordlearnersdictionaries.com/definition/english/over_1#over_sng_21,https://www.oxfordlearnersdictionaries.com/media/english/us_pron_ogg/a/all/all_o/all_over_1_us_1.ogg,,1
all sorts of…,a2,,https://www.oxfordlearnersdictionaries.com/definition/english/sort_1#sort_sng_1,https://www.oxfordlearnersdictionaries.com/media/english/us_pron_ogg/a/all/all_s/all_sorts_of_1_us_1.ogg,sort,1
all the more,c1,,https://www.oxfordlearnersdictionaries.com/definition/english/all_3#all_sng_28,https://www.oxfordlearnersdictionaries.com/media/english/us_pron_ogg/a/all/all_t/all_the_more_1_us_1.ogg,,1
all the time,a2,,https://www.oxfordlearnersdictionaries.com/definition/english/time_1#time_sng_17,https://www.oxfordlearnersdictionaries.com/media/english/us_pron_ogg/a/all/all_t/all_the_time_1_us_1.ogg,time,1
all the way,b2,,https://www.oxfordlearnersdictionaries.com/definition/english/way_1#way_sng_15,https://www.oxfordlearnersdictionaries.com/media/english/us_pron_ogg/a/all/all_t/all_the_way_1_us_1.ogg,way,1
along with sb/sth,b1,,https://www.oxfordlearnersdictionaries.com/definition/english/along_2#along_sng_7,https://www.oxfordlearnersdictionaries.com/media/english/us_pron_ogg/a/alo/along/along_with_sb_1_us_1.ogg,along sbsth,4
alternative to sth,b1,,https://www.oxfordlearnersdictionaries.com/definition/english/alternative_1#alternative_sng_1,https://www.oxfordlearnersdictionaries.com/media/english/us_pron_ogg/a/alt/alter/alternative_to_sth_1_us_1.ogg,alternative sth,3
and so on,b1,,https://www.oxfordlearnersdictionaries.com/definition/english/forth_1#so_sng_11,https://www.oxfordlearnersdictionaries.com/media/english/us_pron_ogg/a/and/and_s/and_so_on_1_us_1.ogg,,1
anything else,a1,,https://www.oxfordlearnersdictionaries.com/definition/english/anything#anything_sng_1,https://www.oxfordlearnersdictionaries.com/media/english/us_pron_ogg/a/any/anyth/anything_else_1_us_2.ogg,anything else,1
apart from,b1,,https://www.oxfordlearnersdictionaries.com/definition/english/apart-from#apartfrom_e,https://www.oxfordlearnersdictionaries.com/media/english/us_pron_ogg/a/apa/apart/apart_from_1_us_2.ogg,apart,1
appeal to sb,b2,,https://www.oxfordlearnersdictionaries.com/definition/english/appeal_2#appeal_sng_7,https://www.oxfordlearnersdictionaries.com/media/english/us_pron_ogg/a/app/appea/appeal_to_sb_1_us_1.ogg,appeal sb,1
apply for sth,a2,,https://www.oxfordlearnersdictionaries.com/definition/english/apply#apply_sng_1,https://www.oxfordlearnersdictionaries.com/media/english/us_pron_ogg/a/app/apply/apply_for_sth_1_us_1.ogg,apply sth,3
apply to sb/sth,b2,,https://www.oxfordlearnersdictionaries.com/definition/english/apply#apply_sng_4,https://www.oxfordlearnersdictionaries.com/media/english/us_pron_ogg/a/app/apply/apply_to_sb_1_us_1.ogg,apply sbsth,4
around the world,a1,,https://www.oxfordlearnersdictionaries.com/definition/english/world#world_sng_1,https://www.oxfordlearnersdictionaries.com/media/english/us_pron_ogg/a/aro/aroun/around_the_world_1_us_1.ogg,around world,1
arrive at…,a1,,https://www.oxfordlearnersdictionaries.com/definition/english/arrive#arrive_sng_1,https://www.oxfordlearnersdictionaries.com/media/english/us_pron_ogg/a/arr/arriv/arrive_at_1_us_1.ogg,arrive,1
arrive in…,a1,,https://www.oxfordlearnersdictionaries.com/definition/english/arrive#arrive_sng_1,https://www.oxfordlearnersdictionaries.com/media/english/us_pron_ogg/a/arr/arriv/arrive_in_1_us_1.ogg,arrive,1
art gallery,a2,,https://www.oxfordlearnersdictionaries.com/definition/english/art-gallery#artgallery_e,https://www.oxfordlearnersdictionaries.com/media/english/us_pron_ogg/a/art/art_g/art_gallery_1_us_1.ogg,art gallery,1
as a result,a2,,https://www.oxfordlearnersdictionaries.com/definition/english/result_1#result_sng_1,https://www.oxfordlearnersdictionaries.com/media/english/us_pron_ogg/a/as_/as_a_/as_a_result_1_us_1.ogg,result,1
as a whole,b2,,https://www.oxfordlearnersdictionaries.com/definition/english/whole_2#whole_sng_10,https://www.oxfordlearnersdictionaries.com/media/english/us_pron_ogg/a/as_/as_a_/as_a_whole_1_us_1.ogg,whole,1
as far as i am concerned,b2,,https://www.oxfordlearnersdictionaries.com/definition/english/concerned#far_sng_36,https://www.oxfordlearnersdictionaries.com/media/english/us_pron_ogg/a/as_/as_fa/as_far_as_i_am_concerned_1_us_1.ogg,far concerned,2
as far as sb/sth is concerned,c1,,https://www.oxfordlearnersdictionaries.com/definition/english/concerned#far_sng_36,https://www.oxfordlearnersdictionaries.com/media/english/us_pron_ogg/a/as_/as_fa/as_far_as_sb_is_concerned_1_us_1.ogg,far sbsth concerned,2
as follows…,b2,,https://www.oxfordlearnersdictionaries.com/definition/english/follow#follow_sng_2,https://www.oxfordlearnersdictionaries.com/media/english/us_pron_ogg/a/as_/as_fo/as_follows_1_us_1.ogg,follows,1
as for sb/sth,b2,,https://www.oxfordlearnersdictionaries.com/definition/english/as_3#as_sng_13,https://www.oxfordlearnersdictionaries.com/media/english/us_pron_ogg/a/as_/as_fo/as_for_sb_1_us_1.ogg,sbsth,4
as if…,b1,,https://www.oxfordlearnersdictionaries.com/definition/english/as_3#as_sng_15,https://www.oxfordlearnersdictionaries.com/media/english/us_pron_ogg/a/as_/as_if/as_if_1_us_1.ogg,,1
as long as…,b2,,https://www.oxfordlearnersdictionaries.com/definition/english/long_2#long_sng_33,https://www.oxfordlearnersdictionaries.com/media/english/us_pron_ogg/a/as_/as_lo/as_long_as_1_us_1.ogg,long,1
as much as,b1,,https://www.oxfordlearnersdictionaries.com/definition/english/as_2#as_sng_4,https://www.oxfordlearnersdictionaries.com/media/english/us_pron_ogg/a/as_/as_mu/as_much_as_1_us_1.ogg,much,1
as of…,c1,,https://www.oxfordlearnersdictionaries.com/definition/english/as_3#as_sng_14,https://www.oxfordlearnersdictionaries.com/media/english/us_pron_ogg/a/as_/as_of/as_of_1_us_1.ogg,,1
as opposed to,c1,,https://www.oxfordlearnersdictionaries.com/definition/english/opposed#opposed_sng_3,https://www.oxfordlearnersdictionaries.com/media/english/us_pron_ogg/a/as_/as_op/as_opposed_to_1_us_1.ogg,opposed,1
as part of sth,a2,,https://www.oxfordlearnersdictionaries.com/definition/english/part_1#part_sng_3,https://www.oxfordlearnersdictionaries.com/media/english/us_pron_ogg/a/as_/as_pa/as_part_of_sth_1_us_1.ogg,part sth,3
as soon as,a2,,https://www.oxfordlearnersdictionaries.com/definition/english/soon#soon_sng_2,https://www.oxfordlearnersdictionaries.com/media/english/us_pron_ogg/a/as_/as_so/as_soon_as_1_us_1.ogg,soon,1
as soon as possible,b1,,https://www.oxfordlearnersdictionaries.com/definition/english/possible_1#possible_sng_5,https://www.oxfordlearnersdictionaries.com/media/english/us_pron_ogg/a/as_/as_so/as_soon_as_possible_1_us_1.ogg,soon possible,1
as such,c1,,https://www.oxfordlearnersdictionaries.com/definition/english/such#such_sng_5,https://www.oxfordlearnersdictionaries.com/media/english/us_pron_ogg/a/as_/as_su/as_such_1_us_1.ogg,,1
as though…,b2,,https://www.oxfordlearnersdictionaries.com/definition/english/as_3#as_sng_15,https://www.oxfordlearnersdictionaries.com/media/english/us_pron_ogg/a/as_/as_th/as_though_1_us_1.ogg,though,1
as to,c1,,https://www.oxfordlearnersdictionaries.com/definition/english/as_3#as_sng_18,https://www.oxfordlearnersdictionaries.com/media/english/us_pron_ogg/a/as_/as_to/as_to_1_us_1.ogg,,1
as well,a2,,https://www.oxfordlearnersdictionaries.com/definition/english/well_1#well_sng_7,https://www.oxfordlearnersdictionaries.com/media/english/us_pron_ogg/a/as_/as_we/as_well_1_us_1.ogg,well,1
ask for sth,a1,,https://www.oxfordlearnersdictionaries.com/definition/english/ask_1#ask_sng_3,https://www.oxfordlearnersdictionaries.com/media/english/us_pron_ogg/a/ask/ask_f/ask_for_sth_1_us_1.ogg,ask sth,3
associated with sth,b2,,https://www.oxfordlearnersdictionaries.com/definition/english/associated#associated_sng_1,https://www.oxfordlearnersdictionaries.com/media/english/us_pron_ogg/a/ass/assoc/associated_with_sth_1_us_1.ogg,associated sth,3
at first,a2,,https://www.oxfordlearnersdictionaries.com/definition/english/first_2#first_sng_8,https://www.oxfordlearnersdictionaries.com/media/english/us_pron_ogg/a/at_/at_fi/at_first_1_us_1.ogg,first,1
at home,a1,,https://www.oxfordlearnersdictionaries.com/definition/english/home_1#home_sng_9,https://www.oxfordlearnersdictionaries.com/media/english/us_pron_ogg/a/at_/at_ho/at_home_1_us_2.ogg,home,1
at last,b1,,https://www.oxfordlearnersdictionaries.com/definition/english/last1_3#last_hm1_sng_20,https://www.oxfordlearnersdictionaries.com/media/english/us_pron_ogg/a/at_/at_la/at_last_1_us_1.ogg,last,1
at least,a2,,https://www.oxfordlearnersdictionaries.com/definition/english/least_2#least_sng_5,https://www.oxfordlearnersdictionaries.com/media/english/us_pron_ogg/a/at_/at_le/at_least_1_us_1.ogg,least,1
at once,b2,,https://www.oxfordlearnersdictionaries.com/definition/english/once_1#once_sng_6,https://www.oxfordlearnersdictionaries.com/media/english/us_pron_ogg/a/at_/at_on/at_once_1_us_1.ogg,,1
at present,b2,,https://www.oxfordlearnersdictionaries.com/definition/english/present_2#present_sng_7,https://www.oxfordlearnersdictionaries.com/media/english/us_pron_ogg/a/at_/at_pr/at_present_1_us_1.ogg,present,1
at risk,b1,,https://www.oxfordlearnersdictionaries.com/definition/english/risk_1#risk_sng_4,https://www.oxfordlearnersdictionaries.com/media/english/us_pron_ogg/a/at_/at_ri/at_risk_1_us_1.ogg,risk,1
at school,a1,,https://www.oxfordlearnersdictionaries.com/definition/english/school_1#school_sng_3,https://www.oxfordlearnersdictionaries.com/media/english/us_pron_ogg/a/at_/at_sc/at_school_1_us_1.ogg,school,1
at some point,b2,,https://www.oxfordlearnersdictionaries.com/definition/english/point_1#point_sng_6,https://www.oxfordlearnersdictionaries.com/media/english/us_pron_ogg/a/at_/at_so/at_some_point_1_us_1.ogg,point,1
at the age of…,a2,,https://www.oxfordlearnersdictionaries.com/definition/english/age_1#age_sng_1,https://www.oxfordlearnersdictionaries.com/media/english/us_pron_ogg/a/at_/at_th/at_the_age_of_1_us_1.ogg,age,1
at the beginning of sth,a1,,https://www.oxfordlearnersdictionaries.com/definition/english/beginning#beginning_sng_1,https://www.oxfordlearnersdictionaries.com/media/english/us_pron_ogg/a/at_/at_th/at_the_beginning_of_sth_1_us_1.ogg,beginning sth,3
at the end,a1,,https://www.oxfordlearnersdictionaries.com/definition/english/end_1#end_sng_1,https://www.oxfordlearnersdictionaries.com/media/english/us_pron_ogg/a/at_/at_th/at_the_end_1_us_1.ogg,end,1
at the end of sth,a1,,https://www.oxfordlearnersdictionaries.com/definition/english/end_1#end_sng_1,https://www.oxfordlearnersdictionaries.com/media/english/us_pron_ogg/a/at_/at_th/at_the_end_of_sth_1_us_1.ogg,end sth,3
at the end of the day,b2,,https://www.oxfordlearnersdictionaries.com/definition/english/day#end_sng_43,https://www.oxfordlearnersdictionaries.com/media/english/us_pron_ogg/a/at_/at_th/at_the_end_of_the_day_1_us_1.ogg,end day,0
at the expense of sb/sth,c1,,https://www.oxfordlearnersdictionaries.com/definition/english/expense#expense_sng_7,https://www.oxfordlearnersdictionaries.com/media/english/us_pron_ogg/a/at_/at_th/at_the_expense_of_sb_1_us_1.ogg,expense sbsth,4
at the hands of sb,c1,,https://www.oxfordlearnersdictionaries.com/definition/english/hand_1#hand_sng_15,https://www.oxfordlearnersdictionaries.com/media/english/us_pron_ogg/a/at_/at_th/at_the_hands_of_sb_1_us_1.ogg,hand sb,1
at the moment,a1,,https://www.oxfordlearnersdictionaries.com/definition/english/moment#moment_sng_2,https://www.oxfordlearnersdictionaries.com/media/english/us_pron_ogg/a/at_/at_th/at_the_moment_1_us_1.ogg,moment,1
at the same time,a1,,https://www.oxfordlearnersdictionaries.com/definition/english/time_1#time_sng_21,https://www.oxfordlearnersdictionaries.com/media/english/us_pron_ogg/a/at_/at_th/at_the_same_time_1_us_1.ogg,time,1
at the start of sth,a2,,https://www.oxfordlearnersdictionaries.com/definition/english/start_2#start_sng_28,https://www.oxfordlearnersdictionaries.com/media/english/us_pron_ogg/a/at_/at_th/at_the_start_of_sth_1_us_1.ogg,start sth,3
at the time,a2,,https://www.oxfordlearnersdictionaries.com/definition/english/time_1#time_sng_4,https://www.oxfordlearnersdictionaries.com/media/english/us_pron_ogg/a/at_/at_th/at_the_time_1_us_1.ogg,time,1
at the time of sth,a2,,https://www.oxfordlearnersdictionaries.com/definition/english/time_1#time_sng_7,https://www.oxfordlearnersdictionaries.com/media/english/us_pron_ogg/a/at_/at_th/at_the_time_of_sth_1_us_1.ogg,time sth,3
at the top,a2,,https://www.oxfordlearnersdictionaries.com/definition/english/top_1#top_sng_1,https://www.oxfordlearnersdictionaries.com/media/english/us_pron_ogg/a/at_/at_th/at_the_top_1_us_1.ogg,top,1
at the weekend,a1,,https://www.oxfordlearnersdictionaries.com/definition/english/weekend_1#weekend_sng_1,https://www.oxfordlearnersdictionaries.com/media/english/us_pron_ogg/a/at_/at_th/at_the_weekend_1_us_1.ogg,weekend,1
at this point,b2,,https://www.oxfordlearnersdictionaries.com/definition/english/point_1#point_sng_6,https://www.oxfordlearnersdictionaries.com/media/english/us_pron_ogg/a/at_/at_th/at_this_point_1_us_1.ogg,point,1
at this stage,b2,,https://www.oxfordlearnersdictionaries.com/definition/english/stage_1#stage_sng_1,https://www.oxfordlearnersdictionaries.com/media/english/us_pron_ogg/a/at_/at_th/at_this_stage_1_us_1.ogg,stage,1
at times,b1,,https://www.oxfordlearnersdictionaries.com/definition/english/time_1#time_sng_25,https://www.oxfordlearnersdictionaries.com/media/english/us_pron_ogg/a/at_/at_ti/at_times_1_us_1.ogg,time,1
at university,a1,,https://www.oxfordlearnersdictionaries.com/definition/english/university#university_sng_1,https://www.oxfordlearnersdictionaries.com/media/english/us_pron_ogg/a/at_/at_un/at_university_1_us_1.ogg,university,1
at work,a1,,https://www.oxfordlearnersdictionaries.com/definition/english/work_2#work_sng_43,https://www.oxfordlearnersdictionaries.com/media/english/us_pron_ogg/a/at_/at_wo/at_work_1_us_1.ogg,work,1
attached to sb/sth,b1,,https://www.oxfordlearnersdictionaries.com/definition/english/attached#attached_sng_3,https://www.oxfordlearnersdictionaries.com/media/english/us_pron_ogg/a/att/attac/attached_to_sb_1_us_1.ogg,attached sbsth,4
awareness of sth,b2,,https://www.oxfordlearnersdictionaries.com/definition/english/awareness#awareness_sng_1,https://www.oxfordlearnersdictionaries.com/media/english/us_pron_ogg/a/awa/aware/awareness_of_sth_1_us_1.ogg,awareness sth,3
away from sb/sth,a1,,https://www.oxfordlearnersdictionaries.com/definition/english/away_1#away_sng_1,https://www.oxfordlearnersdictionaries.com/media/english/us_pron_ogg/a/awa/away_/away_from_sb_1_us_1.ogg,away sbsth,4
back and forth,c1,,https://www.oxfordlearnersdictionaries.com/definition/english/back_3#back_sng_41,https://www.oxfordlearnersdictionaries.com/media/english/us_pron_ogg/b/bac/back_/back_and_forth_1_us_1.ogg,back forth,1
back sb/sth up,b2,,https://www.oxfordlearnersdictionaries.com/definition/english/back-up#backup3_e,https://www.oxfordlearnersdictionaries.com/media/english/us_pron_ogg/b/bac/back_/back_sb_up_1_us_1.ogg,back sbsth,4
bad for sb/sth,a1,,https://www.oxfordlearnersdictionaries.com/definition/english/bad_1#bad_sng_8,https://www.oxfordlearnersdictionaries.com/media/english/us_pron_ogg/b/bad/bad_f/bad_for_sb_1_us_1.ogg,bad sbsth,4
bad news,a1,,https://www.oxfordlearnersdictionaries.com/definition/english/bad_1#bad_sng_1,https://www.oxfordlearnersdictionaries.com/media/english/us_pron_ogg/b/bad/bad_n/bad_news_1_us_1.ogg,bad news,1
bad thing,a1,,https://www.oxfordlearnersdictionaries.com/definition/english/bad_1#bad_sng_1,https://www.oxfordlearnersdictionaries.com/media/english/us_pron_ogg/b/bad/bad_t/bad_thing_1_us_1.ogg,bad thing,1
based on sth,a2,,https://www.oxfordlearnersdictionaries.com/definition/english/based#based_sng_1,https://www.oxfordlearnersdictionaries.com/media/english/us_pron_ogg/b/bas/based/based_on_sth_1_us_1.ogg,based sth,3
be about to do sth,b1,,https://www.oxfordlearnersdictionaries.com/definition/english/about_3#about_sng_18,https://www.oxfordlearnersdictionaries.com/media/english/us_pron_ogg/b/be_/be_ab/be_about_to_do_sth_1_us_1.ogg,sth,3
be allowed to do sth,a2,,https://www.oxfordlearnersdictionaries.com/definition/english/allow#allow_sng_1,https://www.oxfordlearnersdictionaries.com/media/english/us_pron_ogg/b/be_/be_al/be_allowed_to_do_sth_1_us_1.ogg,allowed sth,3
be attributed to sb,c1,,https://www.oxfordlearnersdictionaries.com/definition/english/attribute_1#attribute2_e,https://www.oxfordlearnersdictionaries.com/media/english/us_pron_ogg/b/be_/be_at/be_attributed_to_sb_1_us_1.ogg,attributed sb,1
be charged with sth,b2,,https://www.oxfordlearnersdictionaries.com/definition/english/charge_2#charge_sng_16,https://www.oxfordlearnersdictionaries.com/media/english/us_pron_ogg/b/be_/be_ch/be_charged_with_sth_1_us_1.ogg,charged sth,3
be derived from sth,b2,,https://www.oxfordlearnersdictionaries.com/definition/english/be-derived-from#derive_sng_4,https://www.oxfordlearnersdictionaries.com/media/english/us_pron_ogg/b/be_/be_de/be_derived_from_sth_1_us_1.ogg,derived sth,3
be entitled to sth,c1,,https://www.oxfordlearnersdictionaries.com/definition/english/entitle#entitle_sng_1,https://www.oxfordlearnersdictionaries.com/media/english/us_pron_ogg/b/be_/be_en/be_entitled_to_sth_1_us_1.ogg,entitled sth,3
be expected to do sth,b2,,https://www.oxfordlearnersdictionaries.com/definition/english/expect#expect_sng_1,https://www.oxfordlearnersdictionaries.com/media/english/us_pron_ogg/b/be_/be_ex/be_expected_to_do_sth_1_us_1.ogg,expected sth,3
be found to do sth,c1,,https://www.oxfordlearnersdictionaries.com/definition/english/find_1#find_sng_4,https://www.oxfordlearnersdictionaries.com/media/english/us_pron_ogg/b/be_/be_fo/be_found_to_do_sth_1_us_1.ogg,found sth,3
be going on,b1,,https://www.oxfordlearnersdictionaries.com/definition/english/go-on#go_sng_303,https://www.oxfordlearnersdictionaries.com/media/english/us_pron_ogg/b/be_/be_go/be_going_on_1_us_1.ogg,going,1
be going to do sth,a1,,https://www.oxfordlearnersdictionaries.com/definition/english/go_1#go_sng_40,https://www.oxfordlearnersdictionaries.com/media/english/us_pron_ogg/b/be_/be_go/be_going_to_do_sth_1_us_1.ogg,going sth,3
be known as sb/sth,b1,,https://www.oxfordlearnersdictionaries.com/definition/english/know_1#know_sng_5,https://www.oxfordlearnersdictionaries.com/media/english/us_pron_ogg/b/be_/be_kn/be_known_as_sb_1_us_1.ogg,known sbsth,4
be known to do sth,b2,,https://www.oxfordlearnersdictionaries.com/definition/english/know_1#know_sng_5,https://www.oxfordlearnersdictionaries.com/media/english/us_pron_ogg/b/be_/be_kn/be_known_to_do_sth_1_us_1.ogg,known sth,3
be made of sth,a2,,https://www.oxfordlearnersdictionaries.com/definition/english/make_1#make_sng_1,https://www.oxfordlearnersdictionaries.com/media/english/us_pron_ogg/b/be_/be_ma/be_made_of_sth_1_us_1.ogg,made sth,3
be made up of sth,b2,,https://www.oxfordlearnersdictionaries.com/definition/english/make-up_1#make_sng_83,https://www.oxfordlearnersdictionaries.com/media/english/us_pron_ogg/b/be_/be_ma/be_made_up_of_sth_1_us_1.ogg,made sth,3
be meant to do sth,c1,,https://www.oxfordlearnersdictionaries.com/definition/english/mean_1#mean_sng_3,https://www.oxfordlearnersdictionaries.com/media/english/us_pron_ogg/b/be_/be_me/be_meant_to_do_sth_1_us_1.ogg,meant sth,3
be reported to be sth,c1,,https://www.oxfordlearnersdictionaries.com/definition/english/report_2#report_sng_1,https://www.oxfordlearnersdictionaries.com/media/english/us_pron_ogg/b/be_/be_re/be_reported_to_be_sth_1_us_1.ogg,reported sth,3
be said to be sth,c1,,https://www.oxfordlearnersdictionaries.com/definition/english/say_1#say_sng_1,https://www.oxfordlearnersdictionaries.com/media/english/us_pron_ogg/b/be_/be_sa/be_said_to_be_sth_1_us_1.ogg,said sth,3
be supposed to do sth,b1,,https://www.oxfordlearnersdictionaries.com/definition/english/suppose#suppose_sng_4,https://www.oxfordlearnersdictionaries.com/media/english/us_pron_ogg/b/be_/be_su/be_supposed_to_do_sth_1_us_1.ogg,supposed sth,3
be surrounded by sb/sth,b2,,https://www.oxfordlearnersdictionaries.com/definition/english/surround_1#surround_sng_1,https://www.oxfordlearnersdictionaries.com/media/english/us_pron_ogg/b/be_/be_su/be_surrounded_by_sb_1_us_1.ogg,surrounded sbsth,4
be to blame,b2,,https://www.oxfordlearnersdictionaries.com/definition/english/blame_1#blame_sng_2,https://www.oxfordlearnersdictionaries.com/media/english/us_pron_ogg/b/be_/be_to/be_to_blame_1_us_1.ogg,blame,1
bear sb/sth in mind,c1,,https://www.oxfordlearnersdictionaries.com/definition/english/bear_1#mind_sng_60,https://www.oxfordlearnersdictionaries.com/media/english/us_pron_ogg/b/bea/bear_/bear_sb_in_mind_1_us_1.ogg,bear sbsth mind,4
because of,a1,,https://www.oxfordlearnersdictionaries.com/definition/english/because-of#becauseof_e,https://www.oxfordlearnersdictionaries.com/media/english/us_pron_ogg/b/bec/becau/because_of_1_us_2.ogg,,1
begin with sth,a1,,https://www.oxfordlearnersdictionaries.com/definition/english/begin#begin_sng_4,https://www.oxfordlearnersdictionaries.com/media/english/us_pron_ogg/b/beg/begin/begin_with_sth_1_us_1.ogg,begin sth,3
believe in sb/sth,a2,,https://www.oxfordlearnersdictionaries.com/definition/english/believe-in#believein2_e,https://www.oxfordlearnersdictionaries.com/media/english/us_pron_ogg/b/bel/belie/believe_in_sb_1_us_1.ogg,believe sbsth,4
belong to sb,a2,,https://www.oxfordlearnersdictionaries.com/definition/english/belong-to#belong_sng_3,https://www.oxfordlearnersdictionaries.com/media/english/us_pron_ogg/b/bel/belon/belong_to_sb_1_us_1.ogg,belong sb,1
belong to sth,a2,,https://www.oxfordlearnersdictionaries.com/definition/english/belong-to#belong_sng_9,https://www.oxfordlearnersdictionaries.com/media/english/us_pron_ogg/b/bel/belon/belong_to_sth_1_us_1.ogg,belong sth,3
benefit from sth,b1,,https://www.oxfordlearnersdictionaries.com/definition/english/benefit_2#benefit_sng_8,https://www.oxfordlearnersdictionaries.com/media/english/us_pron_ogg/b/ben/benef/benefit_from_sth_1_us_1.ogg,benefit sth,3
best friend,a1,,https://www.oxfordlearnersdictionaries.com/definition/english/friend_1#friend_sng_1,https://www.oxfordlearnersdictionaries.com/media/english/us_pron_ogg/b/bes/best_/best_friend_1_us_1.ogg,best friend,1
black and white,a1,,https://www.oxfordlearnersdictionaries.com/definition/english/black_2#black_sng_16,https://www.oxfordlearnersdictionaries.com/media/english/us_pron_ogg/b/bla/black/black_and_white_1_us_2.ogg,black white,1
both sides,b2,,https://www.oxfordlearnersdictionaries.com/definition/english/side_1#side_sng_13,https://www.oxfordlearnersdictionaries.com/media/english/us_pron_ogg/b/bot/both_/both_sides_1_us_1.ogg,side,1
bound to do sth,b2,,https://www.oxfordlearnersdictionaries.com/definition/english/bound_1#bound_sng_1,https://www.oxfordlearnersdictionaries.com/media/english/us_pron_ogg/b/bou/bound/bound_to_do_sth_1_us_1.ogg,bound sth,3
break up,b1,,https://www.oxfordlearnersdictionaries.com/definition/english/break-up_1#breakup3_e,https://www.oxfordlearnersdictionaries.com/media/english/us_pron_ogg/b/bre/break/break_up_1_us_2.ogg,break,1
bring sb up,b2,,https://www.oxfordlearnersdictionaries.com/definition/english/bring-up#bring_sng_97,https://www.oxfordlearnersdictionaries.com/media/english/us_pron_ogg/b/bri/bring/bring_sb_up_1_us_1.ogg,bring sb,1
bring sth about,c1,,https://www.oxfordlearnersdictionaries.com/definition/english/bring-about#bring_sng_56,https://www.oxfordlearnersdictionaries.com/media/english/us_pron_ogg/b/bri/bring/bring_sth_about_1_us_1.ogg,bring sth,3
bring sth up,c1,,https://www.oxfordlearnersdictionaries.com/definition/english/bring-up#bring_sng_99,https://www.oxfordlearnersdictionaries.com/media/english/us_pron_ogg/b/bri/bring/bring_sth_up_1_us_1.ogg,bring sth,3
by means of sth,c1,,https://www.oxfordlearnersdictionaries.com/definition/english/means#means_sng_4,https://www.oxfordlearnersdictionaries.com/media/english/us_pron_ogg/b/by_/by_me/by_means_of_sth_1_us_1.ogg,mean sth,3
by no means,c1,,https://www.oxfordlearnersdictionaries.com/definition/english/means#means_sng_5,https://www.oxfordlearnersdictionaries.com/media/english/us_pron_ogg/b/by_/by_no/by_no_means_1_us_1.ogg,mean,1
by now,b2,,https://www.oxfordlearnersdictionaries.com/definition/english/now_1#now_sng_1,https://www.oxfordlearnersdictionaries.com/media/english/us_pron_ogg/b/by_/by_no/by_now_1_us_1.ogg,,1
by the end of sth,a2,,https://www.oxfordlearnersdictionaries.com/definition/english/end_1#end_sng_1,https://www.oxfordlearnersdictionaries.com/media/english/us_pron_ogg/b/by_/by_th/by_the_end_of_sth_1_us_1.ogg,end sth,3
by the time (that)…,b1,,https://www.oxfordlearnersdictionaries.com/definition/english/time_1#time_sng_4,https://www.oxfordlearnersdictionaries.com/media/english/us_pron_ogg/b/by_/by_th/by_the_time_that_1_us_1.ogg,time,1
call for sth,b2,,https://www.oxfordlearnersdictionaries.com/definition/english/call-for#call_sng_71,https://www.oxfordlearnersdictionaries.com/media/english/us_pron_ogg/c/cal/call_/call_for_sth_1_us_1.ogg,call sth,3
call on sb,c1,,https://www.oxfordlearnersdictionaries.com/definition/english/call-on#call_sng_79,https://www.oxfordlearnersdictionaries.com/media/english/us_pron_ogg/c/cal/call_/call_on_sb_1_us_1.ogg,call sb,1
can't afford sth,b1,,https://www.oxfordlearnersdictionaries.com/definition/english/afford#afford_e,https://www.oxfordlearnersdictionaries.com/media/english/us_pron_ogg/c/can/can_t/can_t_afford_sth_1_us_1.ogg,cant afford sth,3
car park,a1,,https://www.oxfordlearnersdictionaries.com/definition/english/car-park#carpark_e,https://www.oxfordlearnersdictionaries.com/media/english/us_pron_ogg/c/car/car_p/car_park_1_us_1.ogg,car park,1
care about sth,a2,,https://www.oxfordlearnersdictionaries.com/definition/english/care_2#care_sng_12,https://www.oxfordlearnersdictionaries.com/media/english/us_pron_ogg/c/car/care_/care_about_sth_1_us_1.ogg,care sth,3
care for sb,b1,,https://www.oxfordlearnersdictionaries.com/definition/english/care-for#care_sng_25,https://www.oxfordlearnersdictionaries.com/media/english/us_pron_ogg/c/car/care_/care_for_sb_1_us_1.ogg,care sb,1
carry on,a2,,https://www.oxfordlearnersdictionaries.com/definition/english/carry-on_1#carryon3_e,https://www.oxfordlearnersdictionaries.com/media/english/us_pron_ogg/c/car/carry/carry_on_1_us_4.ogg,carry,1
carry sth out,a2,,https://www.oxfordlearnersdictionaries.com/definition/english/carry-out_1#carry_sng_56,https://www.oxfordlearnersdictionaries.com/media/english/us_pron_ogg/c/car/carry/carry_sth_out_1_us_1.ogg,carry sth,3
case study,b2,,https://www.oxfordlearnersdictionaries.com/definition/english/case-study#casestudy_e,https://www.oxfordlearnersdictionaries.com/media/english/us_pron_ogg/c/cas/case_/case_study_1_us_1.ogg,case study,1
caused by sth,b1,,https://www.oxfordlearnersdictionaries.com/definition/english/cause_2#cause_sng_6,https://www.oxfordlearnersdictionaries.com/media/english/us_pron_ogg/c/cau/cause/caused_by_sth_1_us_1.ogg,caused sth,3
cell phone,a1,,https://www.oxfordlearnersdictionaries.com/definition/english/cell-phone#cellphone_e,https://www.oxfordlearnersdictionaries.com/media/english/us_pron_ogg/c/cel/cellp/cellphone__us_1.ogg,cell phone,1
check in,a2,,https://www.oxfordlearnersdictionaries.com/definition/english/check-in_1#checkin3_e,https://www.oxfordlearnersdictionaries.com/media/english/us_pron_ogg/c/che/check/check_in_1_us_4.ogg,check,1
check out,a2,,https://www.oxfordlearnersdictionaries.com/definition/english/check-out#check_sng_40,https://www.oxfordlearnersdictionaries.com/media/english/us_pron_ogg/c/che/check/check_out_1_us_2.ogg,check,1
check sb/sth out,b1,,https://www.oxfordlearnersdictionaries.com/definition/english/check-out#check_sng_41,https://www.oxfordlearnersdictionaries.com/media/english/us_pron_ogg/c/che/check/check_sb_out_1_us_1.ogg,check sbsth,4
choose to do sth,b1,,https://www.oxfordlearnersdictionaries.com/definition/english/choose#choose_sng_1,https://www.oxfordlearnersdictionaries.com/media/english/us_pron_ogg/c/cho/choos/choose_to_do_sth_1_us_1.ogg,choose sth,3
city centre,a1,,https://www.oxfordlearnersdictionaries.com/definition/english/city#city_sng_1,https://www.oxfordlearnersdictionaries.com/media/english/us_pron_ogg/c/cit/city_/city_centre_1_us_1.ogg,city centre,1
clean up,b1,,https://www.oxfordlearnersdictionaries.com/definition/english/clean-up_1#clean_sng_54,https://www.oxfordlearnersdictionaries.com/media/english/us_pron_ogg/c/cle/clean/clean_up_1_us_2.ogg,clean,1
click on sth,b1,,https://www.oxfordlearnersdictionaries.com/definition/english/click_1#click_sng_2,https://www.oxfordlearnersdictionaries.com/media/english/us_pron_ogg/c/cli/click/click_on_sth_1_us_1.ogg,click sth,3
climate change,a2,,https://www.oxfordlearnersdictionaries.com/definition/english/climate-change#climatechange_e,https://www.oxfordlearnersdictionaries.com/media/english/us_pron_ogg/c/cli/clima/climate_change_1_us_1.ogg,climate change,1
close to sb/sth,a2,,https://www.oxfordlearnersdictionaries.com/definition/english/close2_1#close2_sng_1,https://www.oxfordlearnersdictionaries.com/media/english/us_pron_ogg/c/clo/close/close_to_sb_1_us_1.ogg,close sbsth,4
come across sb/sth,b2,,https://www.oxfordlearnersdictionaries.com/definition/english/come-across#come_sng_167,https://www.oxfordlearnersdictionaries.com/media/english/us_pron_ogg/c/com/come_/come_across_sb_1_us_1.ogg,come across sbsth,4
come back,a2,,https://www.oxfordlearnersdictionaries.com/definition/english/come-back#comeback3_e,https://www.oxfordlearnersdictionaries.com/media/english/us_pron_ogg/c/com/come_/come_back_1_us_3.ogg,come back,1
come from…,a1,,https://www.oxfordlearnersdictionaries.com/definition/english/come-from#come_sng_209,https://www.oxfordlearnersdictionaries.com/media/english/us_pron_ogg/c/com/come_/come_from_1_us_2.ogg,come,1
come into sth,a1,,https://www.oxfordlearnersdictionaries.com/definition/english/come_1#come_sng_1,https://www.oxfordlearnersdictionaries.com/media/english/us_pron_ogg/c/com/come_/come_into_sth_1_us_1.ogg,come sth,3
come on!,a2,,https://www.oxfordlearnersdictionaries.com/definition/english/come-on_1#come_sng_235,https://www.oxfordlearnersdictionaries.com/media/english/us_pron_ogg/c/com/come_/come_on__1_us_1.ogg,come,1
come true,b2,,https://www.oxfordlearnersdictionaries.com/definition/english/true_1#true_sng_8,https://www.oxfordlearnersdictionaries.com/media/english/us_pron_ogg/c/com/come_/come_true_1_us_1.ogg,come true,1
come up with sth,b1,,https://www.oxfordlearnersdictionaries.com/definition/english/come-up-with#come_sng_303,https://www.oxfordlearnersdictionaries.com/media/english/us_pron_ogg/c/com/come_/come_up_with_sth_1_us_1.ogg,come sth,3
compared with sth,b1,,https://www.oxfordlearnersdictionaries.com/definition/english/compare_1#compare_sng_1,https://www.oxfordlearnersdictionaries.com/media/english/us_pron_ogg/c/com/compa/compared_with_sth_1_us_1.ogg,compared sth,3
concentrate on sth,b1,,https://www.oxfordlearnersdictionaries.com/definition/english/concentrate_1#concentrate_sng_1,https://www.oxfordlearnersdictionaries.com/media/english/us_pron_ogg/x/xco/xconc/xconcentrate_on_sth_1_us_1.ogg,concentrate sth,3
concerned about sth,b2,,https://www.oxfordlearnersdictionaries.com/definition/english/concerned#concerned_sng_1,https://www.oxfordlearnersdictionaries.com/media/english/us_pron_ogg/x/xco/xconc/xconcerned_about_sth_1_us_1.ogg,concerned sth,2
concerned with sth,b2,,https://www.oxfordlearnersdictionaries.com/definition/english/concerned#concerned_sng_2,https://www.oxfordlearnersdictionaries.com/media/english/us_pron_ogg/x/xco/xconc/xconcerned_with_sth_1_us_1.ogg,concerned sth,2
confidence in sb/sth,b2,,https://www.oxfordlearnersdictionaries.com/definition/english/confidence#confidence_sng_1,https://www.oxfordlearnersdictionaries.com/media/english/us_pron_ogg/x/xco/xconf/xconfidence_in_sb_1_us_1.ogg,confidence sbsth,4
connected to sth,a2,,https://www.oxfordlearnersdictionaries.com/definition/english/connected#connected_sng_1,https://www.oxfordlearnersdictionaries.com/media/english/us_pron_ogg/x/xco/xconn/xconnected_to_sth_1_us_1.ogg,connected sth,3
connected with sb/sth,a2,,https://www.oxfordlearnersdictionaries.com/definition/english/connected#connected_sng_1,https://www.oxfordlearnersdictionaries.com/media/english/us_pron_ogg/x/xco/xconn/xconnected_with_sb_1_us_1.ogg,connected sbsth,4
consist of sb/sth,b1,,https://www.oxfordlearnersdictionaries.com/definition/english/consist-of#consist_sng_5,https://www.oxfordlearnersdictionaries.com/media/english/us_pron_ogg/x/xco/xcons/xconsist_of_sb_1_us_1.ogg,consist sbsth,4
consistent with sth,c1,,https://www.oxfordlearnersdictionaries.com/definition/english/consistent#consistent_sng_3,https://www.oxfordlearnersdictionaries.com/media/english/us_pron_ogg/x/xco/xcons/xconsistent_with_sth_1_us_1.ogg,consistent sth,3
contribute to sth,b2,,https://www.oxfordlearnersdictionaries.com/definition/english/contribute#contribute_sng_1,https://www.oxfordlearnersdictionaries.com/media/english/us_pron_ogg/x/xco/xcont/xcontribute_to_sth_1_us_1.ogg,contribute sth,3
control over sb/sth,b2,,https://www.oxfordlearnersdictionaries.com/definition/english/control_1#control_sng_1,https://www.oxfordlearnersdictionaries.com/media/english/us_pron_ogg/x/xco/xcont/xcontrol_over_sb_1_us_1.ogg,control sbsth,4
cope with sth,b2,,https://www.oxfordlearnersdictionaries.com/definition/english/cope_1#cope_sng_1,https://www.oxfordlearnersdictionaries.com/media/english/us_pron_ogg/c/cop/cope_/cope_with_sth_1_us_1.ogg,cope sth,3
credit card,a2,,https://www.oxfordlearnersdictionaries.com/definition/english/credit-card#creditcard_e,https://www.oxfordlearnersdictionaries.com/media/english/us_pron_ogg/c/cre/credi/credit_card_1_us_1.ogg,credit card,1
deal with sb,a2,,https://www.oxfordlearnersdictionaries.com/definition/english/deal-with#deal_sng_28,https://www.oxfordlearnersdictionaries.com/media/english/us_pron_ogg/d/dea/deal_/deal_with_sb_1_us_1.ogg,deal sb,1
deal with sth,a2,,https://www.oxfordlearnersdictionaries.com/definition/english/deal-with#deal_sng_30,https://www.oxfordlearnersdictionaries.com/media/english/us_pron_ogg/d/dea/deal_/deal_with_sth_1_us_1.ogg,deal sth,3
decide on sth,b1,,https://www.oxfordlearnersdictionaries.com/definition/english/decide-on#decide_sng_6,https://www.oxfordlearnersdictionaries.com/media/english/us_pron_ogg/d/dec/decid/decide_on_sth_1_us_1.ogg,decide sth,3
decline in sth,b2,,https://www.oxfordlearnersdictionaries.com/definition/english/decline_2#decline_sng_1,https://www.oxfordlearnersdictionaries.com/media/english/us_pron_ogg/d/dec/decli/decline_in_sth_1_us_1.ogg,decline sth,3
dedicated to sth,c1,,https://www.oxfordlearnersdictionaries.com/definition/english/dedicated#dedicated_sng_1,https://www.oxfordlearnersdictionaries.com/media/english/us_pron_ogg/d/ded/dedic/dedicated_to_sth_1_us_1.ogg,dedicated sth,3
depend on sb/sth,a2,,https://www.oxfordlearnersdictionaries.com/definition/english/depend-on#depend_sng_7,https://www.oxfordlearnersdictionaries.com/media/english/us_pron_ogg/d/dep/depen/depend_on_sb_1_us_1.ogg,depend sbsth,4
depend on sth,a2,,https://www.oxfordlearnersdictionaries.com/definition/english/depend-on#depend_sng_10,https://www.oxfordlearnersdictionaries.com/media/english/us_pron_ogg/d/dep/depen/depend_on_sth_1_us_1.ogg,depend sth,3
dependent on sb/sth,b2,,https://www.oxfordlearnersdictionaries.com/definition/english/dependent_1#dependent_sng_1,https://www.oxfordlearnersdictionaries.com/media/english/us_pron_ogg/d/dep/depen/dependent_on_sb_1_us_1.ogg,dependent sbsth,4
depending on,b1,,https://www.oxfordlearnersdictionaries.com/definition/english/depend#depend_sng_1,https://www.oxfordlearnersdictionaries.com/media/english/us_pron_ogg/d/dep/depen/depending_on_1_us_1.ogg,depending,1
deprive sb/sth of sth,c1,,https://www.oxfordlearnersdictionaries.com/definition/english/deprive-of#deprive_sng_2,https://www.oxfordlearnersdictionaries.com/media/english/us_pron_ogg/d/dep/depri/deprive_sb_of_sth_1_us_1.ogg,deprive sbsth sth,4
despite the fact that…,b2,,https://www.oxfordlearnersdictionaries.com/definition/english/fact#fact_sng_1,https://www.oxfordlearnersdictionaries.com/media/english/us_pron_ogg/d/des/despi/despite_the_fact_that_1_us_1.ogg,despite fact,1
developing countries,b1,,https://www.oxfordlearnersdictionaries.com/definition/english/developing#developing_sng_1,https://www.oxfordlearnersdictionaries.com/media/english/us_pron_ogg/d/dev/devel/developing_countries_1_us_1.ogg,developing country,1
differences between a and b,a1,,https://www.oxfordlearnersdictionaries.com/definition/english/difference#difference_sng_1,https://www.oxfordlearnersdictionaries.com/media/english/us_pron_ogg/d/dif/diffe/differences_between_a_and_b_1_us_1.ogg,difference b,1
difficult for sb,a1,,https://www.oxfordlearnersdictionaries.com/definition/english/difficult#difficult_sng_1,https://www.oxfordlearnersdictionaries.com/media/english/us_pron_ogg/d/dif/diffi/difficult_for_sb_1_us_1.ogg,difficult sb,1
dispose of sb/sth,c1,,https://www.oxfordlearnersdictionaries.com/definition/english/dispose-of#dispose_sng_6,https://www.oxfordlearnersdictionaries.com/media/english/us_pron_ogg/d/dis/dispo/dispose_of_sb_1_us_1.ogg,dispose sbsth,4
do well,a2,,https://www.oxfordlearnersdictionaries.com/definition/english/well_1#well_sng_13,https://www.oxfordlearnersdictionaries.com/media/english/us_pron_ogg/d/do_/do_we/do_well_1_us_1.ogg,well,1
draw attention to sb/sth,b2,,https://www.oxfordlearnersdictionaries.com/definition/english/draw_1#draw_sng_52,https://www.oxfordlearnersdictionaries.com/media/english/us_pron_ogg/d/dra/draw_/draw_attention_to_sb_1_us_1.ogg,draw attention sbsth,4
due to sb/sth,b1,,https://www.oxfordlearnersdictionaries.com/definition/english/due_1#due_sng_1,https://www.oxfordlearnersdictionaries.com/media/english/us_pron_ogg/d/due/due_t/due_to_sb_1_us_1.ogg,due sbsth,4
each one,a2,,https://www.oxfordlearnersdictionaries.com/definition/english/each#each_sng_1,https://www.oxfordlearnersdictionaries.com/media/english/us_pron_ogg/e/eac/each_/each_one_1_us_2.ogg,one,1
each other,a1,,https://www.oxfordlearnersdictionaries.com/definition/english/each-other#eachother_e,https://www.oxfordlearnersdictionaries.com/media/english/us_pron_ogg/e/eac/each_/each_other_1_us_1.ogg,,1
economic growth,b1,,https://www.oxfordlearnersdictionaries.com/definition/english/economic#economic_sng_1,https://www.oxfordlearnersdictionaries.com/media/english/us_pron_ogg/e/eco/econo/economic_growth_1_us_1.ogg,economic growth,1
end in sth,a1,,https://www.oxfordlearnersdictionaries.com/definition/english/end-in#end_sng_51,https://www.oxfordlearnersdictionaries.com/media/english/us_pron_ogg/e/end/end_i/end_in_sth_1_us_1.ogg,end sth,3
end up,b1,,https://www.oxfordlearnersdictionaries.com/definition/english/end-up#endup2_e,https://www.oxfordlearnersdictionaries.com/media/english/us_pron_ogg/e/end/end_u/end_up_1_us_1.ogg,end,1
end with sth,a2,,https://www.oxfordlearnersdictionaries.com/definition/english/end_2#end_sng_32,https://www.oxfordlearnersdictionaries.com/media/english/us_pron_ogg/e/end/end_w/end_with_sth_1_us_1.ogg,end sth,3
engage in sth,b2,,https://www.oxfordlearnersdictionaries.com/definition/english/engage-in#engage_sng_7,https://www.oxfordlearnersdictionaries.com/media/english/us_pron_ogg/e/eng/engag/engage_in_sth_1_us_1.ogg,engage sth,3
engaged in sth,b2,,https://www.oxfordlearnersdictionaries.com/definition/english/engaged#engaged_sng_1,https://www.oxfordlearnersdictionaries.com/media/english/us_pron_ogg/e/eng/engag/engaged_in_sth_1_us_1.ogg,engaged sth,3
even if,b1,,https://www.oxfordlearnersdictionaries.com/definition/english/even_1#even_sng_5,https://www.oxfordlearnersdictionaries.com/media/english/us_pron_ogg/e/eve/even_/even_if_1_us_1.ogg,even,1
even more…,a2,,https://www.oxfordlearnersdictionaries.com/definition/english/even_1#even_sng_2,https://www.oxfordlearnersdictionaries.com/media/english/us_pron_ogg/e/eve/even_/even_more_1_us_1.ogg,even,1
even though,b1,,https://www.oxfordlearnersdictionaries.com/definition/english/even_1#even_sng_27,https://www.oxfordlearnersdictionaries.com/media/english/us_pron_ogg/e/eve/even_/even_though_1_us_3.ogg,even though,1
ever since,b2,,https://www.oxfordlearnersdictionaries.com/definition/english/since_2#since_sng_3,https://www.oxfordlearnersdictionaries.com/media/english/us_pron_ogg/e/eve/ever_/ever_since_1_us_1.ogg,ever since,1
every day,a1,,https://www.oxfordlearnersdictionaries.com/definition/english/every#every_sng_1,https://www.oxfordlearnersdictionaries.com/media/english/us_pron_ogg/e/eve/every/every_day_1_us_1.ogg,every day,0
everyone else,a2,,https://www.oxfordlearnersdictionaries.com/definition/english/everyone#everyone_sng_1,https://www.oxfordlearnersdictionaries.com/media/english/us_pron_ogg/e/eve/every/everyone_else_1_us_1.ogg,everyone else,1
exactly the same,b1,,https://www.oxfordlearnersdictionaries.com/definition/english/same_1#same_sng_1,https://www.oxfordlearnersdictionaries.com/media/english/us_pron_ogg/e/exa/exact/exactly_the_same_1_us_1.ogg,exactly,1
except for,a2,,https://www.oxfordlearnersdictionaries.com/definition/english/except_1#except_sng_1,https://www.oxfordlearnersdictionaries.com/media/english/us_pron_ogg/e/exc/excep/except_for_1_us_1.ogg,except,1
excuse me,a1,,https://www.oxfordlearnersdictionaries.com/definition/english/excuse_2#excuse_sng_9,https://www.oxfordlearnersdictionaries.com/media/english/us_pron_ogg/e/exc/excus/excuse_me_1_us_2.ogg,excuse,1
experience in sth,b1,,https://www.oxfordlearnersdictionaries.com/definition/english/experience_1#experience_sng_1,https://www.oxfordlearnersdictionaries.com/media/english/us_pron_ogg/e/exp/exper/experience_in_sth_1_us_1.ogg,experience sth,3
exposure to sth,b2,,https://www.oxfordlearnersdictionaries.com/definition/english/exposure#exposure_sng_1,https://www.oxfordlearnersdictionaries.com/media/english/us_pron_ogg/e/exp/expos/exposure_to_sth_1_us_1.ogg,exposure sth,3
fail to do sth,b1,,https://www.oxfordlearnersdictionaries.com/definition/english/fail_1#fail_sng_2,https://www.oxfordlearnersdictionaries.com/media/english/us_pron_ogg/f/fai/fail_/fail_to_do_sth_1_us_1.ogg,fail sth,3
fall asleep,b1,,https://www.oxfordlearnersdictionaries.com/definition/english/asleep#asleep_sng_1,https://www.oxfordlearnersdictionaries.com/media/english/us_pron_ogg/f/fal/fall_/fall_asleep_1_us_1.ogg,fall asleep,1
fall in love,a2,,https://www.oxfordlearnersdictionaries.com/definition/english/love_1#love_sng_2,https://www.oxfordlearnersdictionaries.com/media/english/us_pron_ogg/f/fal/fall_/fall_in_love_1_us_1.ogg,fall love,1
fall off,a2,,https://www.oxfordlearnersdictionaries.com/definition/english/fall_1#fall_sng_1,https://www.oxfordlearnersdictionaries.com/media/english/us_pron_ogg/f/fal/fall_/fall_off_1_us_2.ogg,fall,1
family member,a1,,https://www.oxfordlearnersdictionaries.com/definition/english/member#member_sng_1,https://www.oxfordlearnersdictionaries.com/media/english/us_pron_ogg/f/fam/famil/family_member_1_us_1.ogg,family member,1
far away,a2,,https://www.oxfordlearnersdictionaries.com/definition/english/far_1#far_sng_1,https://www.oxfordlearnersdictionaries.com/media/english/us_pron_ogg/f/far/far_a/far_away_1_us_1.ogg,far away,2
far from sth,b2,,https://www.oxfordlearnersdictionaries.com/definition/english/far_1#far_sng_17,https://www.oxfordlearnersdictionaries.com/media/english/us_pron_ogg/f/far/far_f/far_from_sth_1_us_1.ogg,far sth,2
far more,b1,,https://www.oxfordlearnersdictionaries.com/definition/english/far_1#far_sng_4,https://www.oxfordlearnersdictionaries.com/media/english/us_pron_ogg/f/far/far_m/far_more_1_us_1.ogg,far,2
far too,b1,,https://www.oxfordlearnersdictionaries.com/definition/english/far_1#far_sng_4,https://www.oxfordlearnersdictionaries.com/media/english/us_pron_ogg/f/far/far_t/far_too_1_us_1.ogg,far,2
fed up,b1,,https://www.oxfordlearnersdictionaries.com/definition/english/fed-up#fedup_e,https://www.oxfordlearnersdictionaries.com/media/english/us_pron_ogg/f/fed/fed_u/fed_up_1_us_1.ogg,fed,1
feel good,a2,,https://www.oxfordlearnersdictionaries.com/definition/english/feel_1#feel_sng_13,https://www.oxfordlearnersdictionaries.com/media/english/us_pron_ogg/f/fee/feel_/feel_good_1_us_3.ogg,feel good,1
feel like sth,a2,,https://www.oxfordlearnersdictionaries.com/definition/english/feel_1#feel_sng_1,https://www.oxfordlearnersdictionaries.com/media/english/us_pron_ogg/f/fee/feel_/feel_like_sth_1_us_1.ogg,feel like sth,3
figure sb/sth out,b2,,https://www.oxfordlearnersdictionaries.com/definition/english/figure-out#figure_sng_26,https://www.oxfordlearnersdictionaries.com/media/english/us_pron_ogg/f/fig/figur/figure_sb_out_1_us_1.ogg,figure sbsth,4
fill sth in,a2,,https://www.oxfordlearnersdictionaries.com/definition/english/fill-in#fill_sng_28,https://www.oxfordlearnersdictionaries.com/media/english/us_pron_ogg/f/fil/fill_/fill_sth_in_1_us_1.ogg,fill sth,3
find it difficult to do sth,a2,,https://www.oxfordlearnersdictionaries.com/definition/english/difficult#difficult_sng_1,https://www.oxfordlearnersdictionaries.com/media/english/us_pron_ogg/f/fin/find_/find_it_difficult_to_do_sth_1_us_1.ogg,find difficult sth,3
find out,a1,,https://www.oxfordlearnersdictionaries.com/definition/english/find-out#findout2_e,https://www.oxfordlearnersdictionaries.com/media/english/us_pron_ogg/f/fin/find_/find_out_1_us_1.ogg,find,1
find yourself doing sth,b2,,https://www.oxfordlearnersdictionaries.com/definition/english/find_1#find_sng_7,https://www.oxfordlearnersdictionaries.com/media/english/us_pron_ogg/f/fin/find_/find_yourself_doing_sth_1_us_1.ogg,find sth,3
first of all,a2,,https://www.oxfordlearnersdictionaries.com/definition/english/first_2#first_sng_13,https://www.oxfordlearnersdictionaries.com/media/english/us_pron_ogg/f/fir/first/first_of_all_1_us_1.ogg,first,1
focus on sb/sth,a2,,https://www.oxfordlearnersdictionaries.com/definition/english/focus_1#focus_sng_1,https://www.oxfordlearnersdictionaries.com/media/english/us_pron_ogg/f/foc/focus/focus_on_sb_1_us_1.ogg,focus sbsth,4
follow sth up,c1,,https://www.oxfordlearnersdictionaries.com/definition/english/follow-up_1#follow_sng_37,https://www.oxfordlearnersdictionaries.com/media/english/us_pron_ogg/f/fol/follo/follow_sth_up_1_us_1.ogg,follow sth,3
followed by sb/sth,a2,,https://www.oxfordlearnersdictionaries.com/definition/english/follow#follow_sng_2,https://www.oxfordlearnersdictionaries.com/media/english/us_pron_ogg/f/fol/follo/followed_by_sb_1_us_1.ogg,followed sbsth,4
for a long time,a1,,https://www.oxfordlearnersdictionaries.com/definition/english/long_1#long_sng_3,https://www.oxfordlearnersdictionaries.com/media/english/us_pron_ogg/f/for/for_a/for_a_long_time_1_us_1.ogg,long time,1
for a moment,a1,,https://www.oxfordlearnersdictionaries.com/definition/english/moment#moment_sng_1,https://www.oxfordlearnersdictionaries.com/media/english/us_pron_ogg/f/for/for_a/for_a_moment_1_us_1.ogg,moment,1
for a while,b1,,https://www.oxfordlearnersdictionaries.com/definition/english/while_2#while_sng_7,https://www.oxfordlearnersdictionaries.com/media/english/us_pron_ogg/f/for/for_a/for_a_while_1_us_1.ogg,,1
for example,a1,,https://www.oxfordlearnersdictionaries.com/definition/english/example#example_sng_5,https://www.oxfordlearnersdictionaries.com/media/english/us_pron_ogg/f/for/for_e/for_example_1_us_1.ogg,example,1
for free,b1,,https://www.oxfordlearnersdictionaries.com/definition/english/free_1#free_sng_5,https://www.oxfordlearnersdictionaries.com/media/english/us_pron_ogg/f/for/for_f/for_free_1_us_1.ogg,free,1
for instance,b1,,https://www.oxfordlearnersdictionaries.com/definition/english/instance_1#instance_sng_2,https://www.oxfordlearnersdictionaries.com/media/english/us_pron_ogg/f/for/for_i/for_instance_1_us_1.ogg,instance,1
for life,b1,,https://www.oxfordlearnersdictionaries.com/definition/english/life_1#life_sng_4,https://www.oxfordlearnersdictionaries.com/media/english/us_pron_ogg/f/for/for_l/for_life_1_us_1.ogg,life,1
for long,b1,,https://www.oxfordlearnersdictionaries.com/definition/english/long_2#long_sng_35,https://www.oxfordlearnersdictionaries.com/media/english/us_pron_ogg/f/for/for_l/for_long_1_us_1.ogg,long,1
for lunch,a1,,https://www.oxfordlearnersdictionaries.com/definition/english/lunch_1#lunch_sng_1,https://www.oxfordlearnersdictionaries.com/media/english/us_pron_ogg/f/for/for_l/for_lunch_1_us_1.ogg,lunch,1
for many years,a1,,https://www.oxfordlearnersdictionaries.com/definition/english/year#year_sng_2,https://www.oxfordlearnersdictionaries.com/media/english/us_pron_ogg/f/for/for_m/for_many_years_1_us_1.ogg,many year,1
for some time,b1,,https://www.oxfordlearnersdictionaries.com/definition/english/time_1#time_sng_5,https://www.oxfordlearnersdictionaries.com/media/english/us_pron_ogg/f/for/for_s/for_some_time_1_us_1.ogg,time,1
for that matter,c1,,https://www.oxfordlearnersdictionaries.com/definition/english/matter_1#matter_sng_23,https://www.oxfordlearnersdictionaries.com/media/english/us_pron_ogg/f/for/for_t/for_that_matter_1_us_1.ogg,matter,1
for the benefit of sb,c1,,https://www.oxfordlearnersdictionaries.com/definition/english/benefit_1#benefit_sng_6,https://www.oxfordlearnersdictionaries.com/media/english/us_pron_ogg/f/for/for_t/for_the_benefit_of_sb_1_us_1.ogg,benefit sb,1
for the first time,a1,,https://www.oxfordlearnersdictionaries.com/definition/english/first_1#first_sng_1,https://www.oxfordlearnersdictionaries.com/media/english/us_pron_ogg/f/for/for_t/for_the_first_time_1_us_1.ogg,first time,1
for the rest of sth,a2,,https://www.oxfordlearnersdictionaries.com/definition/english/rest_1#rest_sng_1,https://www.oxfordlearnersdictionaries.com/media/english/us_pron_ogg/f/for/for_t/for_the_rest_of_sth_1_us_1.ogg,rest sth,3
for the sake of sb/sth,c1,,https://www.oxfordlearnersdictionaries.com/definition/english/sake1#sake1_sng_4,https://www.oxfordlearnersdictionaries.com/media/english/us_pron_ogg/f/for/for_t/for_the_sake_of_sb_1_us_1.ogg,sake sbsth,4
for this reason,a2,,https://www.oxfordlearnersdictionaries.com/definition/english/reason_1#reason_sng_1,https://www.oxfordlearnersdictionaries.com/media/english/us_pron_ogg/f/for/for_t/for_this_reason_1_us_1.ogg,reason,1
get away with sth,c1,,https://www.oxfordlearnersdictionaries.com/definition/english/get-away-with#getawaywith2_e,https://www.oxfordlearnersdictionaries.com/media/english/us_pron_ogg/g/get/get_a/get_away_with_sth_1_us_1.ogg,get away sth,3
get back,a2,,https://www.oxfordlearnersdictionaries.com/definition/english/get-back#getback2_e,https://www.oxfordlearnersdictionaries.com/media/english/us_pron_ogg/g/get/get_b/get_back_1_us_1.ogg,get back,1
get better,a2,,https://www.oxfordlearnersdictionaries.com/definition/english/better_1#better_sng_4,https://www.oxfordlearnersdictionaries.com/media/english/us_pron_ogg/g/get/get_b/get_better_1_us_1.ogg,get better,1
get home,a1,,https://www.oxfordlearnersdictionaries.com/definition/english/home_2#home_sng_24,https://www.oxfordlearnersdictionaries.com/media/english/us_pron_ogg/g/get/get_h/get_home_1_us_1.ogg,get home,1
get in,b2,,https://www.oxfordlearnersdictionaries.com/definition/english/get-in#getin2_e,https://www.oxfordlearnersdictionaries.com/media/english/us_pron_ogg/g/get/get_i/get_in_1_us_1.ogg,get,1
get lost,a2,,https://www.oxfordlearnersdictionaries.com/definition/english/lost_1#lost_sng_1,https://www.oxfordlearnersdictionaries.com/media/english/us_pron_ogg/g/get/get_l/get_lost_1_us_1.ogg,get lost,1
get married,a1,,https://www.oxfordlearnersdictionaries.com/definition/english/married#married_sng_1,https://www.oxfordlearnersdictionaries.com/media/english/us_pron_ogg/g/get/get_m/get_married_1_us_1.ogg,get married,1
get off,a1,,https://www.oxfordlearnersdictionaries.com/definition/english/get#get_sng_18,https://www.oxfordlearnersdictionaries.com/media/english/us_pron_ogg/g/get/get_o/get_off_1_us_3.ogg,get,1
get on,a1,,https://www.oxfordlearnersdictionaries.com/definition/english/get#get_sng_18,https://www.oxfordlearnersdictionaries.com/media/english/us_pron_ogg/g/get/get_o/get_on_1_us_2.ogg,get,1
get on with sb,b1,,https://www.oxfordlearnersdictionaries.com/definition/english/get-on-with#get_sng_225,https://www.oxfordlearnersdictionaries.com/media/english/us_pron_ogg/g/get/get_o/get_on_with_sb_1_us_1.ogg,get sb,1
get out,a2,,https://www.oxfordlearnersdictionaries.com/definition/english/get-out_1#get_sng_230,https://www.oxfordlearnersdictionaries.com/media/english/us_pron_ogg/g/get/get_o/get_out_1_us_5.ogg,get,1
get over sb/sth,b2,,https://www.oxfordlearnersdictionaries.com/definition/english/get-over#get_sng_236,https://www.oxfordlearnersdictionaries.com/media/english/us_pron_ogg/g/get/get_o/get_over_sb_1_us_1.ogg,get sbsth,4
get ready,a1,,https://www.oxfordlearnersdictionaries.com/definition/english/ready_1#ready_sng_1,https://www.oxfordlearnersdictionaries.com/media/english/us_pron_ogg/g/get/get_r/get_ready_1_us_1.ogg,get ready,1
get rid of sb/sth,b2,,https://www.oxfordlearnersdictionaries.com/definition/english/rid#rid_sng_2,https://www.oxfordlearnersdictionaries.com/media/english/us_pron_ogg/g/get/get_r/get_rid_of_sb_1_us_1.ogg,get rid sbsth,4
get there,a1,,https://www.oxfordlearnersdictionaries.com/definition/english/get#get_sng_17,https://www.oxfordlearnersdictionaries.com/media/english/us_pron_ogg/g/get/get_t/get_there_1_us_1.ogg,get,1
get to know sb,b1,,https://www.oxfordlearnersdictionaries.com/definition/english/know_1#know_sng_4,https://www.oxfordlearnersdictionaries.com/media/english/us_pron_ogg/g/get/get_t/get_to_know_sb_1_us_1.ogg,get know sb,1
get to…,a1,,https://www.oxfordlearnersdictionaries.com/definition/english/get#get_sng_17,https://www.oxfordlearnersdictionaries.com/media/english/us_pron_ogg/g/get/get_t/get_to_1_us_1.ogg,get,1
get up,a1,,https://www.oxfordlearnersdictionaries.com/definition/english/get-up_1#getup3_e,https://www.oxfordlearnersdictionaries.com/media/english/us_pron_ogg/g/get/get_u/get_up_1_us_3.ogg,get,1
get used to sth,b1,,https://www.oxfordlearnersdictionaries.com/definition/english/used1#used_e,https://www.oxfordlearnersdictionaries.com/media/english/us_pron_ogg/g/get/get_u/get_used_to_sth_1_us_1.ogg,get used sth,3
give sth up,a2,,https://www.oxfordlearnersdictionaries.com/definition/english/give-up#give_sng_88,https://www.oxfordlearnersdictionaries.com/media/english/us_pron_ogg/g/giv/give_/give_sth_up_1_us_1.ogg,give sth,3
give up,a2,,https://www.oxfordlearnersdictionaries.com/definition/english/give-up#giveup2_e,https://www.oxfordlearnersdictionaries.com/media/english/us_pron_ogg/g/giv/give_/give_up_1_us_1.ogg,give,1
given that…,c1,,https://www.oxfordlearnersdictionaries.com/definition/english/given-that#giventhat_e,https://www.oxfordlearnersdictionaries.com/media/english/us_pron_ogg/g/giv/given/given_that_1_us_1.ogg,given,1
global warming,b1,,https://www.oxfordlearnersdictionaries.com/definition/english/global-warming#globalwarming_e,https://www.oxfordlearnersdictionaries.com/media/english/us_pron_ogg/g/glo/globa/global_warming_1_us_1.ogg,global warming,1
go ahead,b1,,https://www.oxfordlearnersdictionaries.com/definition/english/go-ahead_2#goahead5_e,https://www.oxfordlearnersdictionaries.com/media/english/us_pron_ogg/g/go_/go_ah/go_ahead_1_us_3.ogg,go ahead,1
go and…,a2,,https://www.oxfordlearnersdictionaries.com/definition/english/go_1#go_sng_1,https://www.oxfordlearnersdictionaries.com/media/english/us_pron_ogg/g/go_/go_an/go_and_1_us_1.ogg,go,1
go away,a2,,https://www.oxfordlearnersdictionaries.com/definition/english/go-away#goaway2_e,https://www.oxfordlearnersdictionaries.com/media/english/us_pron_ogg/g/go_/go_aw/go_away_1_us_2.ogg,go away,1
go back,a1,,https://www.oxfordlearnersdictionaries.com/definition/english/go-back#go_sng_241,https://www.oxfordlearnersdictionaries.com/media/english/us_pron_ogg/g/go_/go_ba/go_back_1_us_2.ogg,go back,1
go down,a2,,https://www.oxfordlearnersdictionaries.com/definition/english/go-down#godown3_e,https://www.oxfordlearnersdictionaries.com/media/english/us_pron_ogg/g/go_/go_do/go_down_1_us_1.ogg,go,1
go down sth,a2,,https://www.oxfordlearnersdictionaries.com/definition/english/down_2#down_sng_22,https://www.oxfordlearnersdictionaries.com/media/english/us_pron_ogg/g/go_/go_do/go_down_sth_1_us_1.ogg,go sth,3
go for sth,a2,,https://www.oxfordlearnersdictionaries.com/definition/english/go_1#go_sng_9,https://www.oxfordlearnersdictionaries.com/media/english/us_pron_ogg/g/go_/go_fo/go_for_sth_1_us_1.ogg,go sth,3
go home,a1,,https://www.oxfordlearnersdictionaries.com/definition/english/home_2#home_sng_24,https://www.oxfordlearnersdictionaries.com/media/english/us_pron_ogg/g/go_/go_ho/go_home_1_us_1.ogg,go home,1
go into sth,a1,,https://www.oxfordlearnersdictionaries.com/definition/english/go_1#go_sng_1,https://www.oxfordlearnersdictionaries.com/media/english/us_pron_ogg/g/go_/go_in/go_into_sth_1_us_1.ogg,go sth,3
go off,b2,,https://www.oxfordlearnersdictionaries.com/definition/english/go-off#gooff2_e,https://www.oxfordlearnersdictionaries.com/media/english/us_pron_ogg/g/go_/go_of/go_off_1_us_1.ogg,go,1
go on to do sth,b2,,https://www.oxfordlearnersdictionaries.com/definition/english/go-on-to-do#goontodo2_e,https://www.oxfordlearnersdictionaries.com/media/english/us_pron_ogg/g/go_/go_on/go_on_to_do_sth_1_us_1.ogg,go sth,3
go out,a1,,https://www.oxfordlearnersdictionaries.com/definition/english/go-out#goout2_e,https://www.oxfordlearnersdictionaries.com/media/english/us_pron_ogg/g/go_/go_ou/go_out_1_us_1.ogg,go,1
go through sth,b2,,https://www.oxfordlearnersdictionaries.com/definition/english/go-through#gothrough2_e,https://www.oxfordlearnersdictionaries.com/media/english/us_pron_ogg/g/go_/go_th/go_through_sth_1_us_1.ogg,go sth,3
go to bed,a1,,https://www.oxfordlearnersdictionaries.com/definition/english/bed_1#bed2_e,https://www.oxfordlearnersdictionaries.com/media/english/us_pron_ogg/g/go_/go_to/go_to_bed_1_us_1.ogg,go bed,1
go to school,a1,,https://www.oxfordlearnersdictionaries.com/definition/english/school_1#school_sng_2,https://www.oxfordlearnersdictionaries.com/media/english/us_pron_ogg/g/go_/go_to/go_to_school_1_us_1.ogg,go school,1
go to work,a1,,https://www.oxfordlearnersdictionaries.com/definition/english/work_2#work_sng_43,https://www.oxfordlearnersdictionaries.com/media/english/us_pron_ogg/g/go_/go_to/go_to_work_1_us_1.ogg,go work,1
go up,a2,,https://www.oxfordlearnersdictionaries.com/definition/english/go-up#goup2_e,https://www.oxfordlearnersdictionaries.com/media/english/us_pron_ogg/g/go_/go_up/go_up_1_us_1.ogg,go,1
go wrong,b1,,https://www.oxfordlearnersdictionaries.com/definition/english/wrong_2#wrong_sng_15,https://www.oxfordlearnersdictionaries.com/media/english/us_pron_ogg/g/go_/go_wr/go_wrong_1_us_1.ogg,go wrong,1
good at sth,a1,,https://www.oxfordlearnersdictionaries.com/definition/english/good_1#good_sng_5,https://www.oxfordlearnersdictionaries.com/media/english/us_pron_ogg/g/goo/good_/good_at_sth_1_us_1.ogg,good sth,3
good for sb/sth,a1,,https://www.oxfordlearnersdictionaries.com/definition/english/good_1#good_sng_12,https://www.oxfordlearnersdictionaries.com/media/english/us_pron_ogg/g/goo/good_/good_for_sb_1_us_1.ogg,good sbsth,4
good luck,a2,,https://www.oxfordlearnersdictionaries.com/definition/english/luck_1#luck_sng_2,https://www.oxfordlearnersdictionaries.com/media/english/us_pron_ogg/g/goo/good_/good_luck_1_us_1.ogg,good luck,1
good morning,a1,,https://www.oxfordlearnersdictionaries.com/definition/english/good-morning#goodmorning_e,https://www.oxfordlearnersdictionaries.com/media/english/us_pron_ogg/g/goo/good_/good_morning_1_us_1.ogg,good morning,1
good news,a1,,https://www.oxfordlearnersdictionaries.com/definition/english/news#news_sng_1,https://www.oxfordlearnersdictionaries.com/media/english/us_pron_ogg/g/goo/good_/good_news_1_us_1.ogg,good news,1
good thing,a1,,https://www.oxfordlearnersdictionaries.com/definition/english/thing#thing_sng_45,https://www.oxfordlearnersdictionaries.com/media/english/us_pron_ogg/g/goo/good_/good_thing_1_us_1.ogg,good thing,1
grow up,a1,,https://www.oxfordlearnersdictionaries.com/definition/english/grow-up#growup2_e,https://www.oxfordlearnersdictionaries.com/media/english/us_pron_ogg/g/gro/grow_/grow_up_1_us_1.ogg,grow,1
growth in sth,b1,,https://www.oxfordlearnersdictionaries.com/definition/english/growth#growth_sng_2,https://www.oxfordlearnersdictionaries.com/media/english/us_pron_ogg/g/gro/growt/growth_in_sth_1_us_1.ogg,growth sth,3
guess what…,a1,,https://www.oxfordlearnersdictionaries.com/definition/english/guess_1#guess_sng_4,https://www.oxfordlearnersdictionaries.com/media/english/us_pron_ogg/g/gue/guess/guess_what_1_us_2.ogg,guess,1
had better,b2,,https://www.oxfordlearnersdictionaries.com/definition/english/better_2#better_sng_15,https://www.oxfordlearnersdictionaries.com/media/english/us_pron_ogg/h/had/had_b/had_better_1_us_1.ogg,better,1
half an hour,a1,,https://www.oxfordlearnersdictionaries.com/definition/english/hour#hour_sng_1,https://www.oxfordlearnersdictionaries.com/media/english/us_pron_ogg/h/hal/half_/half_an_hour_1_us_1.ogg,half hour,1
hang on,b2,,https://www.oxfordlearnersdictionaries.com/definition/english/hang-on#hangon2_e,https://www.oxfordlearnersdictionaries.com/media/english/us_pron_ogg/h/han/hang_/hang_on_1_us_1.ogg,hang,1
happen to sb/sth,a2,,https://www.oxfordlearnersdictionaries.com/definition/english/happen-to#happen_sng_15,https://www.oxfordlearnersdictionaries.com/media/english/us_pron_ogg/h/hap/happe/happen_to_sb_1_us_1.ogg,happen sbsth,4
happy with sb/sth,a2,,https://www.oxfordlearnersdictionaries.com/definition/english/happy#happy_sng_4,https://www.oxfordlearnersdictionaries.com/media/english/us_pron_ogg/h/hap/happy/happy_with_sb_1_us_1.ogg,happy sbsth,4
hard work,a1,,https://www.oxfordlearnersdictionaries.com/definition/english/work_2#work_sng_44,https://www.oxfordlearnersdictionaries.com/media/english/us_pron_ogg/h/har/hard_/hard_work_1_us_1.ogg,hard work,1
have a look,a2,,https://www.oxfordlearnersdictionaries.com/definition/english/look_2#look_sng_55,https://www.oxfordlearnersdictionaries.com/media/english/us_pron_ogg/h/hav/have_/have_a_look_1_us_1.ogg,look,1
have fun,a1,,https://www.oxfordlearnersdictionaries.com/definition/english/fun_1#fun_sng_1,https://www.oxfordlearnersdictionaries.com/media/english/us_pron_ogg/h/hav/have_/have_fun_1_us_1.ogg,fun,1
have got,a1,,https://www.oxfordlearnersdictionaries.com/definition/english/have_1#have_sng_1,https://www.oxfordlearnersdictionaries.com/media/english/us_pron_ogg/h/hav/have_/have_got_1_us_2.ogg,got,1
have got to,a2,,https://www.oxfordlearnersdictionaries.com/definition/english/have-to#haveto_sng_1,https://www.oxfordlearnersdictionaries.com/media/english/us_pron_ogg/h/hav/have_/have_got_to_1_us_1.ogg,got,1
have no idea,b1,,https://www.oxfordlearnersdictionaries.com/definition/english/idea#idea_sng_7,https://www.oxfordlearnersdictionaries.com/media/english/us_pron_ogg/h/hav/have_/have_no_idea_1_us_1.ogg,idea,1
have nothing to do with sb/sth,c1,,https://www.oxfordlearnersdictionaries.com/definition/english/nothing#nothing_sng_4,https://www.oxfordlearnersdictionaries.com/media/english/us_pron_ogg/h/hav/have_/have_nothing_to_do_with_sb_1_us_1.ogg,nothing sbsth,4
have sb/sth in mind,c1,,https://www.oxfordlearnersdictionaries.com/definition/english/mind_1#mind_sng_18,https://www.oxfordlearnersdictionaries.com/media/english/us_pron_ogg/h/hav/have_/have_sb_in_mind_1_us_1.ogg,sbsth mind,4
have sth in common,b1,,https://www.oxfordlearnersdictionaries.com/definition/english/common_2#common_sng_10,https://www.oxfordlearnersdictionaries.com/media/english/us_pron_ogg/h/hav/have_/have_sth_in_common_1_us_1.ogg,sth common,3
have time,a1,,https://www.oxfordlearnersdictionaries.com/definition/english/time_1#time_sng_5,https://www.oxfordlearnersdictionaries.com/media/english/us_pron_ogg/h/hav/have_/have_time_1_us_1.ogg,time,1
have you ever…?,a2,,https://www.oxfordlearnersdictionaries.com/definition/english/ever#ever_sng_1,https://www.oxfordlearnersdictionaries.com/media/english/us_pron_ogg/h/hav/have_/have_you_ever_1_us_1.ogg,ever,1
he or she,a1,,https://www.oxfordlearnersdictionaries.com/definition/english/she_1#she_sng_1,https://www.oxfordlearnersdictionaries.com/media/english/us_pron_ogg/h/he_/he_or/he_or_she_1_us_1.ogg,,1
health problems,a2,,https://www.oxfordlearnersdictionaries.com/definition/english/problem_1#problem_sng_1,https://www.oxfordlearnersdictionaries.com/media/english/us_pron_ogg/h/hea/healt/health_problems_1_us_1.ogg,health problem,1
hear about sb/sth,a2,,https://www.oxfordlearnersdictionaries.com/definition/english/hear#hear_sng_3,https://www.oxfordlearnersdictionaries.com/media/english/us_pron_ogg/h/hea/hear_/hear_about_sb_1_us_1.ogg,hear sbsth,4
hear of sb/sth,b1,,https://www.oxfordlearnersdictionaries.com/definition/english/hear-of#hear_sng_21,https://www.oxfordlearnersdictionaries.com/media/english/us_pron_ogg/h/hea/hear_/hear_of_sb_1_us_1.ogg,hear sbsth,4
heart disease,b1,,https://www.oxfordlearnersdictionaries.com/definition/english/heart_1#heart_sng_1,https://www.oxfordlearnersdictionaries.com/media/english/us_pron_ogg/h/hea/heart/heart_disease_1_us_1.ogg,heart disease,1
high school,a1,,https://www.oxfordlearnersdictionaries.com/definition/english/high-school#highschool_e,https://www.oxfordlearnersdictionaries.com/media/english/us_pron_ogg/h/hig/high_/high_school_1_us_1.ogg,high school,1
high street,b1,,https://www.oxfordlearnersdictionaries.com/definition/english/high-street#highstreet_e,https://www.oxfordlearnersdictionaries.com/media/english/us_pron_ogg/h/hig/high_/high_street_1_us_1.ogg,high street,1
higher education,b1,,https://www.oxfordlearnersdictionaries.com/definition/english/higher-education#highereducation_e,https://www.oxfordlearnersdictionaries.com/media/english/us_pron_ogg/h/hig/highe/higher_education_1_us_1.ogg,higher education,1
his or her,a1,,https://www.oxfordlearnersdictionaries.com/definition/english/his_1#his_sng_1,https://www.oxfordlearnersdictionaries.com/media/english/us_pron_ogg/h/his/his_o/his_or_her_1_us_1.ogg,,1
how about…?,a1,,https://www.oxfordlearnersdictionaries.com/definition/english/how#how_sng_7,https://www.oxfordlearnersdictionaries.com/media/english/us_pron_ogg/h/how/how_a/how_about_1_us_1.ogg,,1
how are you?,a1,,https://www.oxfordlearnersdictionaries.com/definition/english/how#how_sng_2,https://www.oxfordlearnersdictionaries.com/media/english/us_pron_ogg/h/how/how_a/how_are_you_1_us_1.ogg,,1
how long…?,a1,,https://www.oxfordlearnersdictionaries.com/definition/english/long_1#long_sng_2,https://www.oxfordlearnersdictionaries.com/media/english/us_pron_ogg/h/how/how_l/how_long_1_us_1.ogg,long,1
how many…?,a1,,https://www.oxfordlearnersdictionaries.com/definition/english/how#how_sng_4,https://www.oxfordlearnersdictionaries.com/media/english/us_pron_ogg/h/how/how_m/how_many_1_us_1.ogg,many,1
how much…?,a1,,https://www.oxfordlearnersdictionaries.com/definition/english/much_1#much_sng_1,https://www.oxfordlearnersdictionaries.com/media/english/us_pron_ogg/h/how/how_m/how_much_1_us_1.ogg,much,1
how often…?,a1,,https://www.oxfordlearnersdictionaries.com/definition/english/often#often_sng_1,https://www.oxfordlearnersdictionaries.com/media/english/us_pron_ogg/h/how/how_o/how_often_1_us_1.ogg,often,1
human being,b2,,https://www.oxfordlearnersdictionaries.com/definition/english/human_2#human_sng_6,https://www.oxfordlearnersdictionaries.com/media/english/us_pron_ogg/h/hum/human/human_being_1_us_1.ogg,human,1
human rights,b2,,https://www.oxfordlearnersdictionaries.com/definition/english/human-right#humanright_e,https://www.oxfordlearnersdictionaries.com/media/english/us_pron_ogg/h/hum/human/human_rights_1_us_1.ogg,human right,1
i don't care,a2,,https://www.oxfordlearnersdictionaries.com/definition/english/care_2#care_sng_12,https://www.oxfordlearnersdictionaries.com/media/english/us_pron_ogg/i/i_d/i_don/i_don_t_care_1_us_1.ogg,dont care,1
i guess,a2,,https://www.oxfordlearnersdictionaries.com/definition/english/guess_1#guess_sng_3,https://www.oxfordlearnersdictionaries.com/media/english/us_pron_ogg/i/i_g/i_gue/i_guess_1_us_1.ogg,guess,1
i have to say…,b2,,https://www.oxfordlearnersdictionaries.com/definition/english/say_1#say_sng_1,https://www.oxfordlearnersdictionaries.com/media/english/us_pron_ogg/i/i_h/i_hav/i_have_to_say_1_us_1.ogg,say,1
i mean,a2,,https://www.oxfordlearnersdictionaries.com/definition/english/mean_1#mean_sng_8,https://www.oxfordlearnersdictionaries.com/media/english/us_pron_ogg/i/i_m/i_mea/i_mean_1_us_1.ogg,mean,1
i think so,a2,,https://www.oxfordlearnersdictionaries.com/definition/english/think_1#think_sng_1,https://www.oxfordlearnersdictionaries.com/media/english/us_pron_ogg/i/i_t/i_thi/i_think_so_1_us_1.ogg,think,1
i wonder if…,b1,,https://www.oxfordlearnersdictionaries.com/definition/english/wonder_1#wonder_sng_2,https://www.oxfordlearnersdictionaries.com/media/english/us_pron_ogg/i/i_w/i_won/i_wonder_if_1_us_1.ogg,wonder,1
i would say…,b2,,https://www.oxfordlearnersdictionaries.com/definition/english/would#would_sng_10,https://www.oxfordlearnersdictionaries.com/media/english/us_pron_ogg/i/i_w/i_wou/i_would_say_1_us_1.ogg,would say,1
i'm afraid…,a2,,https://www.oxfordlearnersdictionaries.com/definition/english/afraid#afraid_sng_4,https://www.oxfordlearnersdictionaries.com/media/english/us_pron_ogg/i/i_m/i_m_a/i_m_afraid_1_us_1.ogg,im afraid,1
i'm sorry,a1,,https://www.oxfordlearnersdictionaries.com/definition/english/sorry_1#sorry_sng_7,https://www.oxfordlearnersdictionaries.com/media/english/us_pron_ogg/i/i_m/i_m_s/i_m_sorry_1_us_1.ogg,im sorry,1
if i were you,b1,,https://www.oxfordlearnersdictionaries.com/definition/english/if_1#if_sng_12,https://www.oxfordlearnersdictionaries.com/media/english/us_pron_ogg/i/if_/if_i_/if_i_were_you_1_us_1.ogg,,1
if necessary,a2,,https://www.oxfordlearnersdictionaries.com/definition/english/necessary#necessary_sng_1,https://www.oxfordlearnersdictionaries.com/media/english/us_pron_ogg/i/if_/if_ne/if_necessary_1_us_1.ogg,necessary,1
if only…,b2,,https://www.oxfordlearnersdictionaries.com/definition/english/if_1#if_sng_16,https://www.oxfordlearnersdictionaries.com/media/english/us_pron_ogg/i/if_/if_on/if_only_1_us_1.ogg,,1
if you want to,a2,,https://www.oxfordlearnersdictionaries.com/definition/english/want_1#want_sng_1,https://www.oxfordlearnersdictionaries.com/media/english/us_pron_ogg/i/if_/if_yo/if_you_want_to_1_us_1.ogg,want,1
important for sb/sth,a1,,https://www.oxfordlearnersdictionaries.com/definition/english/important#important_sng_1,https://www.oxfordlearnersdictionaries.com/media/english/us_pron_ogg/i/imp/impor/important_for_sb_1_us_1.ogg,important sbsth,4
in a position to do sth,c1,,https://www.oxfordlearnersdictionaries.com/definition/english/position_1#position_sng_4,https://www.oxfordlearnersdictionaries.com/media/english/us_pron_ogg/i/in_/in_a_/in_a_position_to_do_sth_1_us_1.ogg,position sth,3
in a way that…,b1,,https://www.oxfordlearnersdictionaries.com/definition/english/way_1#way_sng_1,https://www.oxfordlearnersdictionaries.com/media/english/us_pron_ogg/i/in_/in_a_/in_a_way_that_1_us_1.ogg,way,1
in accordance with sth,c1,,https://www.oxfordlearnersdictionaries.com/definition/english/accordance#accordance_sng_1,https://www.oxfordlearnersdictionaries.com/media/english/us_pron_ogg/i/in_/in_ac/in_accordance_with_sth_1_us_1.ogg,accordance sth,3
in action,b2,,https://www.oxfordlearnersdictionaries.com/definition/english/action_1#action_sng_11,https://www.oxfordlearnersdictionaries.com/media/english/us_pron_ogg/i/in_/in_ac/in_action_1_us_1.ogg,action,1
in addition,b1,,https://www.oxfordlearnersdictionaries.com/definition/english/addition#addition_sng_5,https://www.oxfordlearnersdictionaries.com/media/english/us_pron_ogg/i/in_/in_ad/in_addition_1_us_1.ogg,addition,1
in advance,b2,,https://www.oxfordlearnersdictionaries.com/definition/english/advance_1#advance_sng_6,https://www.oxfordlearnersdictionaries.com/media/english/us_pron_ogg/i/in_/in_ad/in_advance_1_us_1.ogg,advance,1
in an attempt to do sth,b2,,https://www.oxfordlearnersdictionaries.com/definition/english/attempt_1#attempt_sng_1,https://www.oxfordlearnersdictionaries.com/media/english/us_pron_ogg/i/in_/in_an/in_an_attempt_to_do_sth_1_us_1.ogg,attempt sth,3
in any case,c1,,https://www.oxfordlearnersdictionaries.com/definition/english/case_1#case_sng_17,https://www.oxfordlearnersdictionaries.com/media/english/us_pron_ogg/i/in_/in_an/in_any_case_1_us_1.ogg,case,1
in april,a1,,https://www.oxfordlearnersdictionaries.com/definition/english/april#april_sng_1,https://www.oxfordlearnersdictionaries.com/media/english/us_pron_ogg/i/in_/in_ap/in_april_1_us_1.ogg,april,1
in bed,a1,,https://www.oxfordlearnersdictionaries.com/definition/english/bed_1#bed_sng_2,https://www.oxfordlearnersdictionaries.com/media/english/us_pron_ogg/i/in_/in_be/in_bed_1_us_1.ogg,bed,1
in business,a2,,https://www.oxfordlearnersdictionaries.com/definition/english/business#business_sng_1,https://www.oxfordlearnersdictionaries.com/media/english/us_pron_ogg/i/in_/in_bu/in_business_1_us_1.ogg,business,1
in case…,b1,,https://www.oxfordlearnersdictionaries.com/definition/english/case_1#case_sng_18,https://www.oxfordlearnersdictionaries.com/media/english/us_pron_ogg/i/in_/in_ca/in_case_1_us_2.ogg,case,1
in charge of sb/sth,b1,,https://www.oxfordlearnersdictionaries.com/definition/english/charge_1#charge_sng_5,https://www.oxfordlearnersdictionaries.com/media/english/us_pron_ogg/i/in_/in_ch/in_charge_of_sb_1_us_1.ogg,charge sbsth,4
in class,a1,,https://www.oxfordlearnersdictionaries.com/definition/english/class_1#class_sng_2,https://www.oxfordlearnersdictionaries.com/media/english/us_pron_ogg/i/in_/in_cl/in_class_1_us_1.ogg,class,1
in conjunction with sb/sth,c1,,https://www.oxfordlearnersdictionaries.com/definition/english/conjunction#conjunction_sng_4,https://www.oxfordlearnersdictionaries.com/media/english/us_pron_ogg/i/in_/in_co/in_conjunction_with_sb_1_us_1.ogg,conjunction sbsth,4
in connection with sb/sth,c1,,https://www.oxfordlearnersdictionaries.com/definition/english/connection#connection_sng_8,https://www.oxfordlearnersdictionaries.com/media/english/us_pron_ogg/i/in_/in_co/in_connection_with_sb_1_us_1.ogg,connection sbsth,4
in contrast,b1,,https://www.oxfordlearnersdictionaries.com/definition/english/contrast_1#contrast_sng_1,https://www.oxfordlearnersdictionaries.com/media/english/us_pron_ogg/i/in_/in_co/in_contrast_1_us_1.ogg,contrast,1
in danger,a2,,https://www.oxfordlearnersdictionaries.com/definition/english/danger#danger_sng_1,https://www.oxfordlearnersdictionaries.com/media/english/us_pron_ogg/i/in_/in_da/in_danger_1_us_1.ogg,danger,1
in effect,c1,,https://www.oxfordlearnersdictionaries.com/definition/english/effect_1#effect_sng_6,https://www.oxfordlearnersdictionaries.com/media/english/us_pron_ogg/i/in_/in_ef/in_effect_1_us_1.ogg,effect,1
in fact,a1,,https://www.oxfordlearnersdictionaries.com/definition/english/fact#fact_sng_10,https://www.oxfordlearnersdictionaries.com/media/english/us_pron_ogg/i/in_/in_fa/in_fact_1_us_1.ogg,fact,1
in favour of sb/sth,b1,,https://www.oxfordlearnersdictionaries.com/definition/english/favour_1#favour_sng_8,https://www.oxfordlearnersdictionaries.com/media/english/us_pron_ogg/i/in_/in_fa/in_favour_of_sb_1_us_1.ogg,favour sbsth,4
in front of,a1,,https://www.oxfordlearnersdictionaries.com/definition/english/front_1#front_sng_16,https://www.oxfordlearnersdictionaries.com/media/english/us_pron_ogg/i/in_/in_fr/in_front_of_1_us_1.ogg,front,1
in full,c1,,https://www.oxfordlearnersdictionaries.com/definition/english/full_1#full_sng_15,https://www.oxfordlearnersdictionaries.com/media/english/us_pron_ogg/i/in_/in_fu/in_full_1_us_1.ogg,full,1
in general,b1,,https://www.oxfordlearnersdictionaries.com/definition/english/general_1#general_sng_8,https://www.oxfordlearnersdictionaries.com/media/english/us_pron_ogg/i/in_/in_ge/in_general_1_us_1.ogg,general,1
in history,a2,,https://www.oxfordlearnersdictionaries.com/definition/english/history#history_sng_1,https://www.oxfordlearnersdictionaries.com/media/english/us_pron_ogg/i/in_/in_hi/in_history_1_us_1.ogg,history,1
in hospital,a2,,https://www.oxfordlearnersdictionaries.com/definition/english/hospital#hospital_e,https://www.oxfordlearnersdictionaries.com/media/english/us_pron_ogg/i/in_/in_ho/in_hospital_1_us_1.ogg,hospital,1
in line with sth,c1,,https://www.oxfordlearnersdictionaries.com/definition/english/line_1#line_sng_43,https://www.oxfordlearnersdictionaries.com/media/english/us_pron_ogg/i/in_/in_li/in_line_with_sth_1_us_1.ogg,line sth,3
in love,a2,,https://www.oxfordlearnersdictionaries.com/definition/english/love_1#love_sng_2,https://www.oxfordlearnersdictionaries.com/media/english/us_pron_ogg/i/in_/in_lo/in_love_1_us_1.ogg,love,1
in my opinion,a1,,https://www.oxfordlearnersdictionaries.com/definition/english/opinion#opinion_sng_1,https://www.oxfordlearnersdictionaries.com/media/english/us_pron_ogg/i/in_/in_my/in_my_opinion_1_us_1.ogg,opinion,1
in order of sth,b1,,https://www.oxfordlearnersdictionaries.com/definition/english/order_1#order_sng_1,https://www.oxfordlearnersdictionaries.com/media/english/us_pron_ogg/i/in_/in_or/in_order_of_sth_1_us_1.ogg,order sth,3
in order to do sth,b1,,https://www.oxfordlearnersdictionaries.com/definition/english/order_1#order_sng_22,https://www.oxfordlearnersdictionaries.com/media/english/us_pron_ogg/i/in_/in_or/in_order_to_do_sth_1_us_1.ogg,order sth,3
in other words,b1,,https://www.oxfordlearnersdictionaries.com/definition/english/word_1#word_sng_11,https://www.oxfordlearnersdictionaries.com/media/english/us_pron_ogg/i/in_/in_ot/in_other_words_1_us_1.ogg,word,1
in part,b2,,https://www.oxfordlearnersdictionaries.com/definition/english/part_1#part_sng_20,https://www.oxfordlearnersdictionaries.com/media/english/us_pron_ogg/i/in_/in_pa/in_part_1_us_1.ogg,part,1
in particular,b1,,https://www.oxfordlearnersdictionaries.com/definition/english/particular_1#particular_sng_4,https://www.oxfordlearnersdictionaries.com/media/english/us_pron_ogg/i/in_/in_pa/in_particular_1_us_1.ogg,particular,1
in place,b2,,https://www.oxfordlearnersdictionaries.com/definition/english/place_1#place_sng_27,https://www.oxfordlearnersdictionaries.com/media/english/us_pron_ogg/i/in_/in_pl/in_place_1_us_1.ogg,place,1
in practice,c1,,https://www.oxfordlearnersdictionaries.com/definition/english/practice_1#practice_sng_6,https://www.oxfordlearnersdictionaries.com/media/english/us_pron_ogg/i/in_/in_pr/in_practice_1_us_1.ogg,practice,1
in prison,a2,,https://www.oxfordlearnersdictionaries.com/definition/english/prison#prison_sng_1,https://www.oxfordlearnersdictionaries.com/media/english/us_pron_ogg/i/in_/in_pr/in_prison_1_us_1.ogg,prison,1
in public,b1,,https://www.oxfordlearnersdictionaries.com/definition/english/public_2#public_sng_13,https://www.oxfordlearnersdictionaries.com/media/english/us_pron_ogg/i/in_/in_pu/in_public_1_us_1.ogg,public,1
in recent years,b1,,https://www.oxfordlearnersdictionaries.com/definition/english/recent#recent_sng_1,https://www.oxfordlearnersdictionaries.com/media/english/us_pron_ogg/i/in_/in_re/in_recent_years_1_us_1.ogg,recent year,1
in relation to sb/sth,b2,,https://www.oxfordlearnersdictionaries.com/definition/english/relation#relation_sng_2,https://www.oxfordlearnersdictionaries.com/media/english/us_pron_ogg/i/in_/in_re/in_relation_to_sb_1_us_1.ogg,relation sbsth,4
in respect of sth,c1,,https://www.oxfordlearnersdictionaries.com/definition/english/respect_1#respect_sng_4,https://www.oxfordlearnersdictionaries.com/media/english/us_pron_ogg/i/in_/in_re/in_respect_of_sth_1_us_1.ogg,respect sth,3
in response to sth,b1,,https://www.oxfordlearnersdictionaries.com/definition/english/response#response_sng_1,https://www.oxfordlearnersdictionaries.com/media/english/us_pron_ogg/i/in_/in_re/in_response_to_sth_1_us_1.ogg,response sth,3
in school,a1,,https://www.oxfordlearnersdictionaries.com/definition/english/school_1#school_sng_2,https://www.oxfordlearnersdictionaries.com/media/english/us_pron_ogg/i/in_/in_sc/in_school_1_us_2.ogg,school,1
in some cases,a2,,https://www.oxfordlearnersdictionaries.com/definition/english/case_1#case_sng_1,https://www.oxfordlearnersdictionaries.com/media/english/us_pron_ogg/i/in_/in_so/in_some_cases_1_us_1.ogg,case,1
in space,a1,,https://www.oxfordlearnersdictionaries.com/definition/english/space_1#space_sng_6,https://www.oxfordlearnersdictionaries.com/media/english/us_pron_ogg/i/in_/in_sp/in_space_1_us_1.ogg,space,1
in spite of sth,b2,,https://www.oxfordlearnersdictionaries.com/definition/english/spite_1#spite_sng_2,https://www.oxfordlearnersdictionaries.com/media/english/us_pron_ogg/i/in_/in_sp/in_spite_of_sth_1_us_1.ogg,spite sth,3
in such a way (that)…,c1,,https://www.oxfordlearnersdictionaries.com/definition/english/such#such_sng_2,https://www.oxfordlearnersdictionaries.com/media/english/us_pron_ogg/i/in_/in_su/in_such_a_way_that_1_us_1.ogg,way,1
in summer,a1,,https://www.oxfordlearnersdictionaries.com/definition/english/summer_1#summer_sng_1,https://www.oxfordlearnersdictionaries.com/media/english/us_pron_ogg/i/in_/in_su/in_summer_1_us_1.ogg,summer,1
in terms of sth,b1,,https://www.oxfordlearnersdictionaries.com/definition/english/terms#terms_sng_11,https://www.oxfordlearnersdictionaries.com/media/english/us_pron_ogg/i/in_/in_te/in_terms_of_sth_1_us_1.ogg,term sth,3
in the absence of sb/sth,c1,,https://www.oxfordlearnersdictionaries.com/definition/english/absence#absence_sng_2,https://www.oxfordlearnersdictionaries.com/media/english/us_pron_ogg/i/in_/in_th/in_the_absence_of_sb_1_us_1.ogg,absence sbsth,4
in the air,a2,,https://www.oxfordlearnersdictionaries.com/definition/english/air_1#air_sng_2,https://www.oxfordlearnersdictionaries.com/media/english/us_pron_ogg/i/in_/in_th/in_the_air_1_us_1.ogg,air,1
in the case of sth,b1,,https://www.oxfordlearnersdictionaries.com/definition/english/case_1#case_sng_1,https://www.oxfordlearnersdictionaries.com/media/english/us_pron_ogg/i/in_/in_th/in_the_case_of_sth_1_us_1.ogg,case sth,3
in the centre,a1,,https://www.oxfordlearnersdictionaries.com/definition/english/centre_1#centre_sng_2,https://www.oxfordlearnersdictionaries.com/media/english/us_pron_ogg/i/in_/in_th/in_the_centre_1_us_1.ogg,centre,1
in the country,a1,,https://www.oxfordlearnersdictionaries.com/definition/english/country#country_sng_4,https://www.oxfordlearnersdictionaries.com/media/english/us_pron_ogg/i/in_/in_th/in_the_country_1_us_1.ogg,country,1
in the course of…,c1,,https://www.oxfordlearnersdictionaries.com/definition/english/course_1#course_sng_14,https://www.oxfordlearnersdictionaries.com/media/english/us_pron_ogg/i/in_/in_th/in_the_course_of_1_us_1.ogg,course,1
in the end,a2,,https://www.oxfordlearnersdictionaries.com/definition/english/end_1#end_sng_22,https://www.oxfordlearnersdictionaries.com/media/english/us_pron_ogg/i/in_/in_th/in_the_end_1_us_1.ogg,end,1
in the event of sth,c1,,https://www.oxfordlearnersdictionaries.com/definition/english/event#event_sng_7,https://www.oxfordlearnersdictionaries.com/media/english/us_pron_ogg/i/in_/in_th/in_the_event_of_sth_1_us_1.ogg,event sth,3
in the face of sth,c1,,https://www.oxfordlearnersdictionaries.com/definition/english/face_1#face_sng_18,https://www.oxfordlearnersdictionaries.com/media/english/us_pron_ogg/i/in_/in_th/in_the_face_of_sth_1_us_1.ogg,face sth,3
in the first place,b2,,https://www.oxfordlearnersdictionaries.com/definition/english/place_1#place_sng_23,https://www.oxfordlearnersdictionaries.com/media/english/us_pron_ogg/i/in_/in_th/in_the_first_place_1_us_1.ogg,first place,1
in the form of sb/sth,b1,,https://www.oxfordlearnersdictionaries.com/definition/english/form_1#form_sng_2,https://www.oxfordlearnersdictionaries.com/media/english/us_pron_ogg/i/in_/in_th/in_the_form_of_sb_1_us_1.ogg,form sbsth,4
in the future,a1,,https://www.oxfordlearnersdictionaries.com/definition/english/future_1#future_sng_1,https://www.oxfordlearnersdictionaries.com/media/english/us_pron_ogg/i/in_/in_th/in_the_future_1_us_1.ogg,future,1
in the hands of sb,c1,,https://www.oxfordlearnersdictionaries.com/definition/english/hand_1#hand_sng_41,https://www.oxfordlearnersdictionaries.com/media/english/us_pron_ogg/i/in_/in_th/in_the_hands_of_sb_1_us_1.ogg,hand sb,1
in the light of sth,c1,,https://www.oxfordlearnersdictionaries.com/definition/english/light_1#light_sng_15,https://www.oxfordlearnersdictionaries.com/media/english/us_pron_ogg/i/in_/in_th/in_the_light_of_sth_1_us_1.ogg,light sth,3
in the meantime,c1,,https://www.oxfordlearnersdictionaries.com/definition/english/meantime_1#meantime_sng_2,https://www.oxfordlearnersdictionaries.com/media/english/us_pron_ogg/i/in_/in_th/in_the_meantime_1_us_1.ogg,meantime,1
in the middle,a2,,https://www.oxfordlearnersdictionaries.com/definition/english/middle_1#middle_sng_1,https://www.oxfordlearnersdictionaries.com/media/english/us_pron_ogg/i/in_/in_th/in_the_middle_1_us_1.ogg,middle,1
in the midst of sth,c1,,https://www.oxfordlearnersdictionaries.com/definition/english/midst#midst_sng_1,https://www.oxfordlearnersdictionaries.com/media/english/us_pron_ogg/i/in_/in_th/in_the_midst_of_sth_1_us_1.ogg,midst sth,3
in the morning,a1,,https://www.oxfordlearnersdictionaries.com/definition/english/morning_1#morning_sng_5,https://www.oxfordlearnersdictionaries.com/media/english/us_pron_ogg/i/in_/in_th/in_the_morning_1_us_1.ogg,morning,1
in the near future,b2,,https://www.oxfordlearnersdictionaries.com/definition/english/future_1#future_sng_1,https://www.oxfordlearnersdictionaries.com/media/english/us_pron_ogg/i/in_/in_th/in_the_near_future_1_us_1.ogg,near future,1
in the north,a1,,https://www.oxfordlearnersdictionaries.com/definition/english/north_1#north_sng_2,https://www.oxfordlearnersdictionaries.com/media/english/us_pron_ogg/i/in_/in_th/in_the_north_1_us_1.ogg,north,1
in the past,a1,,https://www.oxfordlearnersdictionaries.com/definition/english/past_2#past_sng_5,https://www.oxfordlearnersdictionaries.com/media/english/us_pron_ogg/i/in_/in_th/in_the_past_1_us_1.ogg,past,1
in the presence of sb,c1,,https://www.oxfordlearnersdictionaries.com/definition/english/presence#presence_sng_6,https://www.oxfordlearnersdictionaries.com/media/english/us_pron_ogg/i/in_/in_th/in_the_presence_of_sb_1_us_1.ogg,presence sb,1
in the same way,a2,,https://www.oxfordlearnersdictionaries.com/definition/english/way_1#way_sng_1,https://www.oxfordlearnersdictionaries.com/media/english/us_pron_ogg/i/in_/in_th/in_the_same_way_1_us_1.ogg,way,1
in the street,a1,,https://www.oxfordlearnersdictionaries.com/definition/english/street_1#street_sng_1,https://www.oxfordlearnersdictionaries.com/media/english/us_pron_ogg/i/in_/in_th/in_the_street_1_us_1.ogg,street,1
in the summer,a1,,https://www.oxfordlearnersdictionaries.com/definition/english/summer_1#summer_sng_1,https://www.oxfordlearnersdictionaries.com/media/english/us_pron_ogg/i/in_/in_th/in_the_summer_1_us_1.ogg,summer,1
in the wake of sb/sth,c1,,https://www.oxfordlearnersdictionaries.com/definition/english/wake_2#wake_sng_9,https://www.oxfordlearnersdictionaries.com/media/english/us_pron_ogg/i/in_/in_th/in_the_wake_of_sb_1_us_1.ogg,wake sbsth,4
in the way (that)…,b1,,https://www.oxfordlearnersdictionaries.com/definition/english/way_1#way_sng_1,https://www.oxfordlearnersdictionaries.com/media/english/us_pron_ogg/i/in_/in_th/in_the_way_that_1_us_1.ogg,way,1
in this case,b1,,https://www.oxfordlearnersdictionaries.com/definition/english/case_1#case_sng_3,https://www.oxfordlearnersdictionaries.com/media/english/us_pron_ogg/i/in_/in_th/in_this_case_1_us_1.ogg,case,1
in this way,a2,,https://www.oxfordlearnersdictionaries.com/definition/english/way_1#way_sng_1,https://www.oxfordlearnersdictionaries.com/media/english/us_pron_ogg/i/in_/in_th/in_this_way_1_us_1.ogg,way,1
in time,b1,,https://www.oxfordlearnersdictionaries.com/definition/english/time_1#time_sng_41,https://www.oxfordlearnersdictionaries.com/media/english/us_pron_ogg/i/in_/in_ti/in_time_1_us_1.ogg,time,1
in touch,b1,,https://www.oxfordlearnersdictionaries.com/definition/english/touch_2#touch_sng_32,https://www.oxfordlearnersdictionaries.com/media/english/us_pron_ogg/i/in_/in_to/in_touch_1_us_1.ogg,touch,1
in town,a1,,https://www.oxfordlearnersdictionaries.com/definition/english/town#town_sng_3,https://www.oxfordlearnersdictionaries.com/media/english/us_pron_ogg/i/in_/in_to/in_town_1_us_1.ogg,town,1
in turn,b2,,https://www.oxfordlearnersdictionaries.com/definition/english/turn_2#turn_sng_89,https://www.oxfordlearnersdictionaries.com/media/english/us_pron_ogg/i/in_/in_tu/in_turn_1_us_1.ogg,turn,1
instead of,a2,,https://www.oxfordlearnersdictionaries.com/definition/english/instead-of#insteadof_e,https://www.oxfordlearnersdictionaries.com/media/english/us_pron_ogg/i/ins/inste/instead_of_1_us_1.ogg,instead,1
investment in sth,b2,,https://www.oxfordlearnersdictionaries.com/definition/english/investment#investment_sng_1,https://www.oxfordlearnersdictionaries.com/media/english/us_pron_ogg/i/inv/inves/investment_in_sth_1_us_1.ogg,investment sth,3
involvement in sth,c1,,https://www.oxfordlearnersdictionaries.com/definition/english/involvement#involvement_sng_2,https://www.oxfordlearnersdictionaries.com/media/english/us_pron_ogg/i/inv/invol/involvement_in_sth_1_us_1.ogg,involvement sth,3
it depends,a2,,https://www.oxfordlearnersdictionaries.com/definition/english/depend#depend_sng_2,https://www.oxfordlearnersdictionaries.com/media/english/us_pron_ogg/i/it_/it_de/it_depends_1_us_1.ogg,depends,1
it is important to do sth,a1,,https://www.oxfordlearnersdictionaries.com/definition/english/important#important_sng_1,https://www.oxfordlearnersdictionaries.com/media/english/us_pron_ogg/i/it_/it_is/it_is_important_to_do_sth_1_us_1.ogg,important sth,3
it takes …,a1,,https://www.oxfordlearnersdictionaries.com/definition/english/take_1#take_sng_29,https://www.oxfordlearnersdictionaries.com/media/english/us_pron_ogg/i/it_/it_ta/it_takes_1_us_1.ogg,take,1
kind of sb/sth,a1,,https://www.oxfordlearnersdictionaries.com/definition/english/kind_1#kind_sng_1,https://www.oxfordlearnersdictionaries.com/media/english/us_pron_ogg/k/kin/kind_/kind_of_sb_1_us_1.ogg,kind sbsth,4
know how,a1,,https://www.oxfordlearnersdictionaries.com/definition/english/know_1#know_sng_9,https://www.oxfordlearnersdictionaries.com/media/english/us_pron_ogg/k/kno/know_/know_how_1_us_4.ogg,know,1
last time,a1,,https://www.oxfordlearnersdictionaries.com/definition/english/last1_1#last1_sng_2,https://www.oxfordlearnersdictionaries.com/media/english/us_pron_ogg/l/las/last_/last_time_1_us_1.ogg,last time,1
last year,a1,,https://www.oxfordlearnersdictionaries.com/definition/english/year#year_sng_1,https://www.oxfordlearnersdictionaries.com/media/english/us_pron_ogg/l/las/last_/last_year_1_us_1.ogg,last year,1
lead to sth,a2,,https://www.oxfordlearnersdictionaries.com/definition/english/lead1_1#lead1_sng_4,https://www.oxfordlearnersdictionaries.com/media/english/us_pron_ogg/l/lea/lead_/lead_to_sth_1_us_1.ogg,lead sth,3
learn how to do sth,a1,,https://www.oxfordlearnersdictionaries.com/definition/english/learn#learn_sng_1,https://www.oxfordlearnersdictionaries.com/media/english/us_pron_ogg/l/lea/learn/learn_how_to_do_sth_1_us_1.ogg,learn sth,3
leave sb/sth out,b1,,https://www.oxfordlearnersdictionaries.com/definition/english/leave-out#leave_sng_41,https://www.oxfordlearnersdictionaries.com/media/english/us_pron_ogg/l/lea/leave/leave_sb_out_1_us_1.ogg,leave sbsth,4
less than…,a2,,https://www.oxfordlearnersdictionaries.com/definition/english/less_3#less_sng_6,https://www.oxfordlearnersdictionaries.com/media/english/us_pron_ogg/l/les/less_/less_than_1_us_1.ogg,less,1
let alone,c1,,https://www.oxfordlearnersdictionaries.com/definition/english/alone#alone_sng_9,https://www.oxfordlearnersdictionaries.com/media/english/us_pron_ogg/l/let/let_a/let_alone_1_us_1.ogg,let alone,1
let me know,a2,,https://www.oxfordlearnersdictionaries.com/definition/english/know_1#know_sng_34,https://www.oxfordlearnersdictionaries.com/media/english/us_pron_ogg/l/let/let_m/let_me_know_1_us_1.ogg,let know,1
let me…,a2,,https://www.oxfordlearnersdictionaries.com/definition/english/let_1#let_sng_5,https://www.oxfordlearnersdictionaries.com/media/english/us_pron_ogg/l/let/let_m/let_me_1_us_1.ogg,let,1
likely to do sth,b1,,https://www.oxfordlearnersdictionaries.com/definition/english/likely_1#likely_sng_1,https://www.oxfordlearnersdictionaries.com/media/english/us_pron_ogg/l/lik/likel/likely_to_do_sth_1_us_1.ogg,likely sth,3
listen to sb/sth,a1,,https://www.oxfordlearnersdictionaries.com/definition/english/listen_1#listen_sng_1,https://www.oxfordlearnersdictionaries.com/media/english/us_pron_ogg/l/lis/liste/listen_to_sb_1_us_1.ogg,listen sbsth,4
little more than…,c1,,https://www.oxfordlearnersdictionaries.com/definition/english/more_2#more_sng_4,https://www.oxfordlearnersdictionaries.com/media/english/us_pron_ogg/l/lit/littl/little_more_than_1_us_1.ogg,little,1
live on sth,c1,,https://www.oxfordlearnersdictionaries.com/definition/english/live-on#live_sng_16,https://www.oxfordlearnersdictionaries.com/media/english/us_pron_ogg/l/liv/live_/live_on_sth_1_us_1.ogg,live sth,3
live with sb,a1,,https://www.oxfordlearnersdictionaries.com/definition/english/live-with#live_sng_27,https://www.oxfordlearnersdictionaries.com/media/english/us_pron_ogg/l/liv/live_/live_with_sb_1_us_1.ogg,live sb,1
living room,a1,,https://www.oxfordlearnersdictionaries.com/definition/english/living-room#livingroom_e,https://www.oxfordlearnersdictionaries.com/media/english/us_pron_ogg/l/liv/livin/living_room_1_us_1.ogg,living room,1
loads of sb/sth,b2,,https://www.oxfordlearnersdictionaries.com/definition/english/load_1#load_sng_4,https://www.oxfordlearnersdictionaries.com/media/english/us_pron_ogg/l/loa/loads/loads_of_sb_1_us_1.ogg,load sbsth,4
look after sb/sth/yourself,a2,,https://www.oxfordlearnersdictionaries.com/definition/english/look-after#look_sng_64,https://www.oxfordlearnersdictionaries.com/media/english/us_pron_ogg/l/loo/look_/look_after_sb_1_us_1.ogg,look sbsthyourself,1
look at sb/sth,a1,,https://www.oxfordlearnersdictionaries.com/definition/english/look_1#look_sng_1,https://www.oxfordlearnersdictionaries.com/media/english/us_pron_ogg/l/loo/look_/look_at_sb_1_us_1.ogg,look sbsth,4
look back at sth,a2,,https://www.oxfordlearnersdictionaries.com/definition/english/look-back#look_sng_76,https://www.oxfordlearnersdictionaries.com/media/english/us_pron_ogg/l/loo/look_/look_back_at_sth_1_us_1.ogg,look back sth,3
look for sb/sth,a1,,https://www.oxfordlearnersdictionaries.com/definition/english/look_1#look_sng_2,https://www.oxfordlearnersdictionaries.com/media/english/us_pron_ogg/l/loo/look_/look_for_sb_1_us_1.ogg,look sbsth,4
look forward to sth,b1,,https://www.oxfordlearnersdictionaries.com/definition/english/look-forward-to#look_sng_80,https://www.oxfordlearnersdictionaries.com/media/english/us_pron_ogg/l/loo/look_/look_forward_to_sth_1_us_1.ogg,look forward sth,3
look like sb/sth,a1,,https://www.oxfordlearnersdictionaries.com/definition/english/look_1#look_sng_4,https://www.oxfordlearnersdictionaries.com/media/english/us_pron_ogg/l/loo/look_/look_like_sb_1_us_1.ogg,look like sbsth,4
look out,b1,,https://www.oxfordlearnersdictionaries.com/definition/english/look-out#lookout3_e,https://www.oxfordlearnersdictionaries.com/media/english/us_pron_ogg/l/loo/look_/look_out_1_us_1.ogg,look,1
look sth up,a2,,https://www.oxfordlearnersdictionaries.com/definition/english/look-up#look_sng_103,https://www.oxfordlearnersdictionaries.com/media/english/us_pron_ogg/l/loo/look_/look_sth_up_1_us_1.ogg,look sth,3
lots of…,a1,,https://www.oxfordlearnersdictionaries.com/definition/english/lot_2#lot_sng_2,https://www.oxfordlearnersdictionaries.com/media/english/us_pron_ogg/l/lot/lots_/lots_of_1_us_2.ogg,lot,1
make a difference,b1,,https://www.oxfordlearnersdictionaries.com/definition/english/difference#difference_sng_4,https://www.oxfordlearnersdictionaries.com/media/english/us_pron_ogg/m/mak/make_/make_a_difference_1_us_1.ogg,make difference,1
make a mistake,a2,,https://www.oxfordlearnersdictionaries.com/definition/english/mistake_1#mistake_sng_1,https://www.oxfordlearnersdictionaries.com/media/english/us_pron_ogg/m/mak/make_/make_a_mistake_1_us_1.ogg,make mistake,1
make money,a2,,https://www.oxfordlearnersdictionaries.com/definition/english/money#money_sng_11,https://www.oxfordlearnersdictionaries.com/media/english/us_pron_ogg/m/mak/make_/make_money_1_us_1.ogg,make money,1
make sense,a2,,https://www.oxfordlearnersdictionaries.com/definition/english/sense_1#sense_sng_8,https://www.oxfordlearnersdictionaries.com/media/english/us_pron_ogg/m/mak/make_/make_sense_1_us_1.ogg,make sense,1
make sth up,b1,,https://www.oxfordlearnersdictionaries.com/definition/english/make-up_1#make_sng_83,https://www.oxfordlearnersdictionaries.com/media/english/us_pron_ogg/m/mak/make_/make_sth_up_1_us_1.ogg,make sth,3
make sure,a2,,https://www.oxfordlearnersdictionaries.com/definition/english/sure_1#sure_sng_8,https://www.oxfordlearnersdictionaries.com/media/english/us_pron_ogg/m/mak/make_/make_sure_1_us_1.ogg,make sure,1
manage to do sth,b1,,https://www.oxfordlearnersdictionaries.com/definition/english/manage#manage_sng_1,https://www.oxfordlearnersdictionaries.com/media/english/us_pron_ogg/m/man/manag/manage_to_do_sth_1_us_1.ogg,manage sth,3
may well,c1,,https://www.oxfordlearnersdictionaries.com/definition/english/may_1#may_sng_2,https://www.oxfordlearnersdictionaries.com/media/english/us_pron_ogg/m/may/may_w/may_well_1_us_1.ogg,may well,1
mean to do sth,b1,,https://www.oxfordlearnersdictionaries.com/definition/english/mean_1#mean_sng_3,https://www.oxfordlearnersdictionaries.com/media/english/us_pron_ogg/m/mea/mean_/mean_to_do_sth_1_us_1.ogg,mean sth,3
mental health,b2,,https://www.oxfordlearnersdictionaries.com/definition/english/mental-health#mentalhealth_e,https://www.oxfordlearnersdictionaries.com/media/english/us_pron_ogg/m/men/menta/mental_health_1_us_1.ogg,mental health,1
millions of…,a1,,https://www.oxfordlearnersdictionaries.com/definition/english/million#million_sng_1,https://www.oxfordlearnersdictionaries.com/media/english/us_pron_ogg/m/mil/milli/millions_of_1_us_1.ogg,million,1
mobile phone,a1,,https://www.oxfordlearnersdictionaries.com/definition/english/mobile-phone#mobilephone_e,https://www.oxfordlearnersdictionaries.com/media/english/us_pron_ogg/m/mob/mobil/mobile_phone_1_us_1.ogg,mobile phone,1
more and more,b1,,https://www.oxfordlearnersdictionaries.com/definition/english/more_1#more_sng_2,https://www.oxfordlearnersdictionaries.com/media/english/us_pron_ogg/m/mor/more_/more_and_more_1_us_1.ogg,,1
more or less,b2,,https://www.oxfordlearnersdictionaries.com/definition/english/less_3#more_sng_10,https://www.oxfordlearnersdictionaries.com/media/english/us_pron_ogg/m/mor/more_/more_or_less_1_us_1.ogg,less,1
more than…,a1,,https://www.oxfordlearnersdictionaries.com/definition/english/more_1#more_sng_1,https://www.oxfordlearnersdictionaries.com/media/english/us_pron_ogg/m/mor/more_/more_than_1_us_1.ogg,,1
move on,b1,,https://www.oxfordlearnersdictionaries.com/definition/english/move-on#moveon2_e,https://www.oxfordlearnersdictionaries.com/media/english/us_pron_ogg/m/mov/move_/move_on_1_us_2.ogg,move,1
much better,a2,,https://www.oxfordlearnersdictionaries.com/definition/english/better_1#better_sng_1,https://www.oxfordlearnersdictionaries.com/media/english/us_pron_ogg/m/muc/much_/much_better_1_us_1.ogg,much better,1
next time,a1,,https://www.oxfordlearnersdictionaries.com/definition/english/time_1#time_sng_8,https://www.oxfordlearnersdictionaries.com/media/english/us_pron_ogg/n/nex/next_/next_time_1_us_1.ogg,next time,1
next year,a1,,https://www.oxfordlearnersdictionaries.com/definition/english/year#year_sng_1,https://www.oxfordlearnersdictionaries.com/media/english/us_pron_ogg/n/nex/next_/next_year_1_us_1.ogg,next year,1
no doubt,b2,,https://www.oxfordlearnersdictionaries.com/definition/english/doubt_1#doubt_sng_6,https://www.oxfordlearnersdictionaries.com/media/english/us_pron_ogg/n/no_/no_do/no_doubt_1_us_1.ogg,doubt,1
no longer,b1,,https://www.oxfordlearnersdictionaries.com/definition/english/long_2#long_sng_38,https://www.oxfordlearnersdictionaries.com/media/english/us_pron_ogg/n/no_/no_lo/no_longer_1_us_1.ogg,longer,1
no matter…,b2,,https://www.oxfordlearnersdictionaries.com/definition/english/matter_1#matter_sng_17,https://www.oxfordlearnersdictionaries.com/media/english/us_pron_ogg/n/no_/no_ma/no_matter_1_us_1.ogg,matter,1
no more than…,b1,,https://www.oxfordlearnersdictionaries.com/definition/english/more_1#more_sng_1,https://www.oxfordlearnersdictionaries.com/media/english/us_pron_ogg/n/no_/no_mo/no_more_than_1_us_1.ogg,,1
no problem,a1,,https://www.oxfordlearnersdictionaries.com/definition/english/problem_1#problem_sng_4,https://www.oxfordlearnersdictionaries.com/media/english/us_pron_ogg/n/no_/no_pr/no_problem_1_us_1.ogg,problem,1
no way,a2,,https://www.oxfordlearnersdictionaries.com/definition/english/way_1#way_sng_63,https://www.oxfordlearnersdictionaries.com/media/english/us_pron_ogg/n/no_/no_wa/no_way_1_us_2.ogg,way,1
not at all,a2,,https://www.oxfordlearnersdictionaries.com/definition/english/all_2#all_sng_18,https://www.oxfordlearnersdictionaries.com/media/english/us_pron_ogg/n/not/not_a/not_at_all_1_us_3.ogg,,1
not even,b1,,https://www.oxfordlearnersdictionaries.com/definition/english/even_1#even3_e,https://www.oxfordlearnersdictionaries.com/media/english/us_pron_ogg/n/not/not_e/not_even_1_us_1.ogg,even,1
not necessarily,b1,,https://www.oxfordlearnersdictionaries.com/definition/english/necessarily#necessarily_sng_2,https://www.oxfordlearnersdictionaries.com/media/english/us_pron_ogg/n/not/not_n/not_necessarily_1_us_1.ogg,necessarily,1
not only,b1,,https://www.oxfordlearnersdictionaries.com/definition/english/not#only_sng_12,https://www.oxfordlearnersdictionaries.com/media/english/us_pron_ogg/n/not/not_o/not_only_1_us_1.ogg,,1
not to mention,c1,,https://www.oxfordlearnersdictionaries.com/definition/english/mention_1#mention_sng_3,https://www.oxfordlearnersdictionaries.com/media/english/us_pron_ogg/n/not/not_t/not_to_mention_1_us_1.ogg,mention,1
nothing but,b2,,https://www.oxfordlearnersdictionaries.com/definition/english/nothing#nothing_sng_10,https://www.oxfordlearnersdictionaries.com/media/english/us_pron_ogg/n/not/nothi/nothing_but_1_us_2.ogg,nothing,1
nothing like,c1,,https://www.oxfordlearnersdictionaries.com/definition/english/nothing#nothing_sng_13,https://www.oxfordlearnersdictionaries.com/media/english/us_pron_ogg/n/not/nothi/nothing_like_1_us_1.ogg,nothing like,1
of course,a1,,https://www.oxfordlearnersdictionaries.com/definition/english/course_1#course_sng_17,https://www.oxfordlearnersdictionaries.com/media/english/us_pron_ogg/o/of_/of_co/of_course_1_us_1.ogg,course,1
oh dear,a2,,https://www.oxfordlearnersdictionaries.com/definition/english/dear_2#dear_sng_6,https://www.oxfordlearnersdictionaries.com/media/english/us_pron_ogg/o/oh_/oh_de/oh_dear_1_us_1.ogg,oh dear,1
oh no!,a1,,https://www.oxfordlearnersdictionaries.com/definition/english/no_1#no_sng_2,https://www.oxfordlearnersdictionaries.com/media/english/us_pron_ogg/o/oh_/oh_no/oh_no__1_us_1.ogg,oh,1
oh well,a2,,https://www.oxfordlearnersdictionaries.com/definition/english/well_3#well_sng_32,https://www.oxfordlearnersdictionaries.com/media/english/us_pron_ogg/o/oh_/oh_we/oh_well_1_us_1.ogg,oh well,1
oh yes,a1,,https://www.oxfordlearnersdictionaries.com/definition/english/yes_1#yes_sng_8,https://www.oxfordlearnersdictionaries.com/media/english/us_pron_ogg/o/oh_/oh_ye/oh_yes_1_us_1.ogg,oh yes,1
old friend,a2,,https://www.oxfordlearnersdictionaries.com/definition/english/friend_1#friend_sng_1,https://www.oxfordlearnersdictionaries.com/media/english/us_pron_ogg/o/old/old_f/old_friend_1_us_1.ogg,old friend,1
on a regular basis,b1,,https://www.oxfordlearnersdictionaries.com/definition/english/basis#basis_sng_2,https://www.oxfordlearnersdictionaries.com/media/english/us_pron_ogg/o/on_/on_a_/on_a_regular_basis_1_us_1.ogg,regular basis,1
on behalf of sb,c1,,https://www.oxfordlearnersdictionaries.com/definition/english/behalf#behalf_sng_2,https://www.oxfordlearnersdictionaries.com/media/english/us_pron_ogg/o/on_/on_be/on_behalf_of_sb_1_us_1.ogg,behalf sb,1
on board,b2,,https://www.oxfordlearnersdictionaries.com/definition/english/board_1#board_sng_12,https://www.oxfordlearnersdictionaries.com/media/english/us_pron_ogg/o/on_/on_bo/on_board_1_us_1.ogg,board,1
on earth,a2,,https://www.oxfordlearnersdictionaries.com/definition/english/earth_1#earth_sng_1,https://www.oxfordlearnersdictionaries.com/media/english/us_pron_ogg/o/on_/on_ea/on_earth_1_us_1.ogg,earth,1
on holiday,a1,,https://www.oxfordlearnersdictionaries.com/definition/english/holiday_1#holiday_sng_1,https://www.oxfordlearnersdictionaries.com/media/english/us_pron_ogg/o/on_/on_ho/on_holiday_1_us_1.ogg,holiday,1
on monday,a1,,https://www.oxfordlearnersdictionaries.com/definition/english/monday#monday_sng_1,https://www.oxfordlearnersdictionaries.com/media/english/us_pron_ogg/o/on_/on_mo/on_monday_1_us_1.ogg,monday,1
on my own,b1,,https://www.oxfordlearnersdictionaries.com/definition/english/own_1#own_sng_6,https://www.oxfordlearnersdictionaries.com/media/english/us_pron_ogg/o/on_/on_my/on_my_own_1_us_1.ogg,,1
on television,a1,,https://www.oxfordlearnersdictionaries.com/definition/english/television#television_sng_4,https://www.oxfordlearnersdictionaries.com/media/english/us_pron_ogg/o/on_/on_te/on_television_1_us_1.ogg,television,1
on the basis of sth,b2,,https://www.oxfordlearnersdictionaries.com/definition/english/basis#basis_sng_1,https://www.oxfordlearnersdictionaries.com/media/english/us_pron_ogg/o/on_/on_th/on_the_basis_of_sth_1_us_1.ogg,basis sth,3
on the beach,a1,,https://www.oxfordlearnersdictionaries.com/definition/english/beach_1#beach_sng_1,https://www.oxfordlearnersdictionaries.com/media/english/us_pron_ogg/o/on_/on_th/on_the_beach_1_us_1.ogg,beach,1
on the floor,a1,,https://www.oxfordlearnersdictionaries.com/definition/english/floor_1#floor_sng_1,https://www.oxfordlearnersdictionaries.com/media/english/us_pron_ogg/o/on_/on_th/on_the_floor_1_us_1.ogg,floor,1
on the ground,a2,,https://www.oxfordlearnersdictionaries.com/definition/english/ground_1#ground_sng_1,https://www.oxfordlearnersdictionaries.com/media/english/us_pron_ogg/o/on_/on_th/on_the_ground_1_us_1.ogg,ground,1
on the internet,a1,,https://www.oxfordlearnersdictionaries.com/definition/english/internet#internet_sng_1,https://www.oxfordlearnersdictionaries.com/media/english/us_pron_ogg/o/on_/on_th/on_the_internet_1_us_1.ogg,internet,1
on the left,a1,,https://www.oxfordlearnersdictionaries.com/definition/english/left_3#left_sng_5,https://www.oxfordlearnersdictionaries.com/media/english/us_pron_ogg/o/on_/on_th/on_the_left_1_us_1.ogg,left,1
on the one hand,b2,,https://www.oxfordlearnersdictionaries.com/definition/english/hand_1#hand_sng_51,https://www.oxfordlearnersdictionaries.com/media/english/us_pron_ogg/o/on_/on_th/on_the_one_hand_1_us_1.ogg,one hand,1
on the other hand,b1,,https://www.oxfordlearnersdictionaries.com/definition/english/hand_1#hand_sng_51,https://www.oxfordlearnersdictionaries.com/media/english/us_pron_ogg/o/on_/on_th/on_the_other_hand_1_us_1.ogg,hand,1
on the other side,a2,,https://www.oxfordlearnersdictionaries.com/definition/english/side_1#side_sng_2,https://www.oxfordlearnersdictionaries.com/media/english/us_pron_ogg/o/on_/on_th/on_the_other_side_1_us_1.ogg,side,1
on the part of sb,c1,,https://www.oxfordlearnersdictionaries.com/definition/english/part_1#part_sng_23,https://www.oxfordlearnersdictionaries.com/media/english/us_pron_ogg/o/on_/on_th/on_the_part_of_sb_1_us_1.ogg,part sb,1
on the phone,a1,,https://www.oxfordlearnersdictionaries.com/definition/english/phone_1#phone_sng_1,https://www.oxfordlearnersdictionaries.com/media/english/us_pron_ogg/o/on_/on_th/on_the_phone_1_us_1.ogg,phone,1
on the street,b1,,https://www.oxfordlearnersdictionaries.com/definition/english/street_1#street_sng_3,https://www.oxfordlearnersdictionaries.com/media/english/us_pron_ogg/o/on_/on_th/on_the_street_1_us_1.ogg,street,1
on the wall,a2,,https://www.oxfordlearnersdictionaries.com/definition/english/wall_1#wall_sng_2,https://www.oxfordlearnersdictionaries.com/media/english/us_pron_ogg/o/on_/on_th/on_the_wall_1_us_1.ogg,wall,1
on the way,b1,,https://www.oxfordlearnersdictionaries.com/definition/english/way_1#way_sng_65,https://www.oxfordlearnersdictionaries.com/media/english/us_pron_ogg/o/on_/on_th/on_the_way_1_us_1.ogg,way,1
on time,a2,,https://www.oxfordlearnersdictionaries.com/definition/english/time_1#,https://www.oxfordlearnersdictionaries.com/media/english/us_pron_ogg/o/on_/on_ti/on_time_1_us_1.ogg,time,1
on top of sth/sb,a2,,https://www.oxfordlearnersdictionaries.com/definition/english/top_1#top_sng_22,https://www.oxfordlearnersdictionaries.com/media/english/us_pron_ogg/o/on_/on_to/on_top_of_sth_1_us_1.ogg,top sthsb,1
on tv,a1,,https://www.oxfordlearnersdictionaries.com/definition/english/television#television_sng_4,https://www.oxfordlearnersdictionaries.com/media/english/us_pron_ogg/o/on_/on_tv/on_tv_1_us_1.ogg,tv,1
once a…,a1,,https://www.oxfordlearnersdictionaries.com/definition/english/once_1#once_sng_1,https://www.oxfordlearnersdictionaries.com/media/english/us_pron_ogg/o/onc/once_/once_a_1_us_1.ogg,,1
once again,b2,,https://www.oxfordlearnersdictionaries.com/definition/english/once_1#once_sng_10,https://www.oxfordlearnersdictionaries.com/media/english/us_pron_ogg/o/onc/once_/once_again_1_us_1.ogg,,1
one another,b2,,https://www.oxfordlearnersdictionaries.com/definition/english/one-another#oneanother_e,https://www.oxfordlearnersdictionaries.com/media/english/us_pron_ogg/o/one/one_a/one_another_1_us_1.ogg,one another,1
one day,a1,,https://www.oxfordlearnersdictionaries.com/definition/english/day#day_sng_30,https://www.oxfordlearnersdictionaries.com/media/english/us_pron_ogg/o/one/one_d/one_day_1_us_2.ogg,one day,0
one or two,a2,,https://www.oxfordlearnersdictionaries.com/definition/english/one_1#one_sng_22,https://www.oxfordlearnersdictionaries.com/media/english/us_pron_ogg/o/one/one_o/one_or_two_1_us_1.ogg,one two,1
opposed to sth,b2,,https://www.oxfordlearnersdictionaries.com/definition/english/opposed#opposed_sng_2,https://www.oxfordlearnersdictionaries.com/media/english/us_pron_ogg/o/opp/oppos/opposed_to_sth_1_us_1.ogg,opposed sth,3
or so,b2,,https://www.oxfordlearnersdictionaries.com/definition/english/or_1#or_sng_8,https://www.oxfordlearnersdictionaries.com/media/english/us_pron_ogg/o/or_/or_so/or_so_1_us_1.ogg,,1
or something,b1,,https://www.oxfordlearnersdictionaries.com/definition/english/or_1#or_sng_9,https://www.oxfordlearnersdictionaries.com/media/english/us_pron_ogg/o/or_/or_so/or_something_1_us_1.ogg,something,1
or two,b1,,https://www.oxfordlearnersdictionaries.com/definition/english/two#two_sng_2,https://www.oxfordlearnersdictionaries.com/media/english/us_pron_ogg/o/or_/or_tw/or_two_1_us_1.ogg,two,1
ordinary people,a2,,https://www.oxfordlearnersdictionaries.com/definition/english/ordinary#ordinary_sng_1,https://www.oxfordlearnersdictionaries.com/media/english/us_pron_ogg/o/ord/ordin/ordinary_people_1_us_1.ogg,ordinary people,1
other than,b2,,https://www.oxfordlearnersdictionaries.com/definition/english/other#other_sng_6,https://www.oxfordlearnersdictionaries.com/media/english/us_pron_ogg/o/oth/other/other_than_1_us_2.ogg,,1
ought to,b1,,https://www.oxfordlearnersdictionaries.com/definition/english/ought-to#oughtto_e,https://www.oxfordlearnersdictionaries.com/media/english/us_pron_ogg/o/oug/ought/ought_to_1_us_1.ogg,ought,1
out of sth,a1,,https://www.oxfordlearnersdictionaries.com/definition/english/out_1#out_sng_1,https://www.oxfordlearnersdictionaries.com/media/english/us_pron_ogg/o/out/out_o/out_of_sth_1_us_1.ogg,sth,3
out there,b1,,https://www.oxfordlearnersdictionaries.com/definition/english/there_1#there_sng_3,https://www.oxfordlearnersdictionaries.com/media/english/us_pron_ogg/o/out/out_t/out_there_1_us_2.ogg,,1
over the course of…,c1,,https://www.oxfordlearnersdictionaries.com/definition/english/course_1#course_sng_14,https://www.oxfordlearnersdictionaries.com/media/english/us_pron_ogg/o/ove/over_/over_the_course_of_1_us_1.ogg,course,1
over the years,b1,,https://www.oxfordlearnersdictionaries.com/definition/english/year#year_sng_6,https://www.oxfordlearnersdictionaries.com/media/english/us_pron_ogg/o/ove/over_/over_the_years_1_us_1.ogg,year,1
over there,a1,,https://www.oxfordlearnersdictionaries.com/definition/english/over_2#over_sng_3,https://www.oxfordlearnersdictionaries.com/media/english/us_pron_ogg/o/ove/over_/over_there_1_us_2.ogg,,1
over time,b1,,https://www.oxfordlearnersdictionaries.com/definition/english/time_1#time_sng_1,https://www.oxfordlearnersdictionaries.com/media/english/us_pron_ogg/o/ove/over_/over_time_1_us_1.ogg,time,1
participate in sth,b1,,https://www.oxfordlearnersdictionaries.com/definition/english/participate#participate_sng_1,https://www.oxfordlearnersdictionaries.com/media/english/us_pron_ogg/p/par/parti/participate_in_sth_1_us_1.ogg,participate sth,3
pay attention,a2,,https://www.oxfordlearnersdictionaries.com/definition/english/attention_1#attention_sng_1,https://www.oxfordlearnersdictionaries.com/media/english/us_pron_ogg/p/pay/pay_a/pay_attention_1_us_1.ogg,pay attention,1
pay for sth,a1,,https://www.oxfordlearnersdictionaries.com/definition/english/pay_1#pay_sng_1,https://www.oxfordlearnersdictionaries.com/media/english/us_pron_ogg/p/pay/pay_f/pay_for_sth_1_us_1.ogg,pay sth,3
per hour,a2,,https://www.oxfordlearnersdictionaries.com/definition/english/per#per_sng_1,https://www.oxfordlearnersdictionaries.com/media/english/us_pron_ogg/p/per/per_h/per_hour_1_us_1.ogg,per hour,1
phone call,a1,,https://www.oxfordlearnersdictionaries.com/definition/english/phone-call#phonecall_e,https://www.oxfordlearnersdictionaries.com/media/english/us_pron_ogg/p/pho/phone/phone_call_1_us_1.ogg,phone call,1
phone number,a1,,https://www.oxfordlearnersdictionaries.com/definition/english/phone-number#phonenumber_e,https://www.oxfordlearnersdictionaries.com/media/english/us_pron_ogg/p/pho/phone/phone_number_1_us_1.ogg,phone number,1
pick sb/sth up,a2,,https://www.oxfordlearnersdictionaries.com/definition/english/pick-up#pick_sng_91,https://www.oxfordlearnersdictionaries.com/media/english/us_pron_ogg/p/pic/pick_/pick_sb_up_1_us_1.ogg,pick sbsth,4
plan for sth,a1,,https://www.oxfordlearnersdictionaries.com/definition/english/plan_1#plan_sng_1,https://www.oxfordlearnersdictionaries.com/media/english/us_pron_ogg/p/pla/plan_/plan_for_sth_1_us_1.ogg,plan sth,3
play with sb/sth,a1,,https://www.oxfordlearnersdictionaries.com/definition/english/play_1#play_sng_1,https://www.oxfordlearnersdictionaries.com/media/english/us_pron_ogg/p/pla/play_/play_with_sb_1_us_1.ogg,play sbsth,4
point of view,b1,,https://www.oxfordlearnersdictionaries.com/definition/english/point-of-view#pointofview_e,https://www.oxfordlearnersdictionaries.com/media/english/us_pron_ogg/p/poi/point/point_of_view_1_us_1.ogg,point view,1
point out,b1,,https://www.oxfordlearnersdictionaries.com/definition/english/point-out#point_sng_62,https://www.oxfordlearnersdictionaries.com/media/english/us_pron_ogg/p/poi/point/point_out_1_us_1.ogg,point,1
police officer,a2,,https://www.oxfordlearnersdictionaries.com/definition/english/police-officer#policeofficer_e,https://www.oxfordlearnersdictionaries.com/media/english/us_pron_ogg/p/pol/polic/police_officer_1_us_3.ogg,police officer,1
police station,a2,,https://www.oxfordlearnersdictionaries.com/definition/english/police-station#policestation_e,https://www.oxfordlearnersdictionaries.com/media/english/us_pron_ogg/p/pol/polic/police_station_1_us_1.ogg,police station,1
post office,a1,,https://www.oxfordlearnersdictionaries.com/definition/english/post-office#postoffice_e,https://www.oxfordlearnersdictionaries.com/media/english/us_pron_ogg/p/pos/post_/post_office_1_us_4.ogg,post office,1
potential for sth,b2,,https://www.oxfordlearnersdictionaries.com/definition/english/potential_2#potential_sng_3,https://www.oxfordlearnersdictionaries.com/media/english/us_pron_ogg/p/pot/poten/potential_for_sth_1_us_1.ogg,potential sth,3
prepared to do sth,b1,,https://www.oxfordlearnersdictionaries.com/definition/english/prepared#prepared_sng_2,https://www.oxfordlearnersdictionaries.com/media/english/us_pron_ogg/p/pre/prepa/prepared_to_do_sth_1_us_1.ogg,prepared sth,3
pretty good,a1,,https://www.oxfordlearnersdictionaries.com/definition/english/pretty_1#pretty_sng_1,https://www.oxfordlearnersdictionaries.com/media/english/us_pron_ogg/p/pre/prett/pretty_good_1_us_1.ogg,pretty good,1
pretty much,b2,,https://www.oxfordlearnersdictionaries.com/definition/english/near_3#pretty_sng_13,https://www.oxfordlearnersdictionaries.com/media/english/us_pron_ogg/p/pre/prett/pretty_much_1_us_1.ogg,pretty much,1
primary school,b1,,https://www.oxfordlearnersdictionaries.com/definition/english/primary-school#primaryschool_e,https://www.oxfordlearnersdictionaries.com/media/english/us_pron_ogg/p/pri/prima/primary_school_1_us_1.ogg,primary school,1
prime minister,b1,,https://www.oxfordlearnersdictionaries.com/definition/english/prime-minister#primeminister_e,https://www.oxfordlearnersdictionaries.com/media/english/us_pron_ogg/p/pri/prime/prime_minister_1_us_1.ogg,prime minister,1
prior to,b2,,https://www.oxfordlearnersdictionaries.com/definition/english/prior_1#prior_sng_3,https://www.oxfordlearnersdictionaries.com/media/english/us_pron_ogg/p/pri/prior/prior_to_1_us_1.ogg,prior,1
prove to be sth,b2,,https://www.oxfordlearnersdictionaries.com/definition/english/prove#prove_sng_2,https://www.oxfordlearnersdictionaries.com/media/english/us_pron_ogg/p/pro/prove/prove_to_be_sth_1_us_1.ogg,prove sth,3
public transport,a2,,https://www.oxfordlearnersdictionaries.com/definition/english/public-transport#publictransport_e,https://www.oxfordlearnersdictionaries.com/media/english/us_pron_ogg/p/pub/publi/public_transport_1_us_1.ogg,public transport,1
put it,c1,,https://www.oxfordlearnersdictionaries.com/definition/english/put#put_sng_10,https://www.oxfordlearnersdictionaries.com/media/english/us_pron_ogg/p/put/put_i/put_it_1_us_1.ogg,put,1
put sth forward,b2,,https://www.oxfordlearnersdictionaries.com/definition/english/put-forward#put_sng_168,https://www.oxfordlearnersdictionaries.com/media/english/us_pron_ogg/p/put/put_s/put_sth_forward_1_us_1.ogg,put sth forward,3
put sth on,a2,,https://www.oxfordlearnersdictionaries.com/definition/english/put-on_1#put_sng_193,https://www.oxfordlearnersdictionaries.com/media/english/us_pron_ogg/p/put/put_s/put_sth_on_1_us_1.ogg,put sth,3
put sth together,b2,,https://www.oxfordlearnersdictionaries.com/definition/english/put-together#put_sng_230,https://www.oxfordlearnersdictionaries.com/media/english/us_pron_ogg/p/put/put_s/put_sth_together_1_us_1.ogg,put sth together,3
put sth up,b1,,https://www.oxfordlearnersdictionaries.com/definition/english/put-up#put_sng_236,https://www.oxfordlearnersdictionaries.com/media/english/us_pron_ogg/p/put/put_s/put_sth_up_1_us_1.ogg,put sth,3
quality of life,b2,,https://www.oxfordlearnersdictionaries.com/definition/english/quality-of-life#qualityoflife_e,https://www.oxfordlearnersdictionaries.com/media/english/us_pron_ogg/q/qua/quali/quality_of_life_1_us_1.ogg,quality life,1
quite a lot,a2,,https://www.oxfordlearnersdictionaries.com/definition/english/quite#quite_sng_6,https://www.oxfordlearnersdictionaries.com/media/english/us_pron_ogg/q/qui/quite/quite_a_lot_1_us_1.ogg,quite lot,1
quite a…,b1,,https://www.oxfordlearnersdictionaries.com/definition/english/quite#quite_sng_1,https://www.oxfordlearnersdictionaries.com/media/english/us_pron_ogg/q/qui/quite/quite_a_1_us_1.ogg,quite,1
raise money,b1,,https://www.oxfordlearnersdictionaries.com/definition/english/raise_1#raise_sng_4,https://www.oxfordlearnersdictionaries.com/media/english/us_pron_ogg/r/rai/raise/raise_money_1_us_1.ogg,raise money,1
ranging from,b2,,https://www.oxfordlearnersdictionaries.com/definition/english/range_2#range_sng_14,https://www.oxfordlearnersdictionaries.com/media/english/us_pron_ogg/r/ran/rangi/ranging_from_1_us_1.ogg,ranging,1
rather than,b1,,https://www.oxfordlearnersdictionaries.com/definition/english/rather_1#rather_sng_6,https://www.oxfordlearnersdictionaries.com/media/english/us_pron_ogg/r/rat/rathe/rather_than_1_us_2.ogg,rather,1
reaction to sth,b1,,https://www.oxfordlearnersdictionaries.com/definition/english/reaction#reaction_sng_1,https://www.oxfordlearnersdictionaries.com/media/english/us_pron_ogg/r/rea/react/reaction_to_sth_1_us_1.ogg,reaction sth,3
really enjoy,a1,,https://www.oxfordlearnersdictionaries.com/definition/english/enjoy#enjoy_sng_1,https://www.oxfordlearnersdictionaries.com/media/english/us_pron_ogg/r/rea/reall/really_enjoy_1_us_1.ogg,really enjoy,1
really good,a1,,https://www.oxfordlearnersdictionaries.com/definition/english/really#really_sng_3,https://www.oxfordlearnersdictionaries.com/media/english/us_pron_ogg/r/rea/reall/really_good_1_us_1.ogg,really good,1
really like,a1,,https://www.oxfordlearnersdictionaries.com/definition/english/like_3#like_sng_12,https://www.oxfordlearnersdictionaries.com/media/english/us_pron_ogg/r/rea/reall/really_like_1_us_1.ogg,really like,1
reasons why,a2,,https://www.oxfordlearnersdictionaries.com/definition/english/reason_1#reason2_e,https://www.oxfordlearnersdictionaries.com/media/english/us_pron_ogg/r/rea/reaso/reasons_why_1_us_1.ogg,reason,1
refer to sb/sth,a2,,https://www.oxfordlearnersdictionaries.com/definition/english/refer-to#refer_sng_7,https://www.oxfordlearnersdictionaries.com/media/english/us_pron_ogg/r/ref/refer/refer_to_sb_1_us_1.ogg,refer sbsth,4
regarded as sth,b2,,https://www.oxfordlearnersdictionaries.com/definition/english/regard_1#regard_sng_1,https://www.oxfordlearnersdictionaries.com/media/english/us_pron_ogg/r/reg/regar/regarded_as_sth_1_us_1.ogg,regarded sth,3
relate to sth/sb,b1,,https://www.oxfordlearnersdictionaries.com/definition/english/relate-to#relate_sng_6,https://www.oxfordlearnersdictionaries.com/media/english/us_pron_ogg/r/rel/relat/relate_to_sth_1_us_1.ogg,relate sthsb,1
related to sth/sb,b1,,https://www.oxfordlearnersdictionaries.com/definition/english/related#related_sng_1,https://www.oxfordlearnersdictionaries.com/media/english/us_pron_ogg/r/rel/relat/related_to_sth_1_us_1.ogg,related sthsb,1
relevant to sb/sth,b2,,https://www.oxfordlearnersdictionaries.com/definition/english/relevant#relevant_sng_1,https://www.oxfordlearnersdictionaries.com/media/english/us_pron_ogg/r/rel/relev/relevant_to_sb_1_us_1.ogg,relevant sbsth,4
rely on sb/sth,b2,,https://www.oxfordlearnersdictionaries.com/definition/english/rely-on#rely_sng_3,https://www.oxfordlearnersdictionaries.com/media/english/us_pron_ogg/r/rel/rely_/rely_on_sb_1_us_1.ogg,rely sbsth,4
report on sth,a2,,https://www.oxfordlearnersdictionaries.com/definition/english/report_2#report_sng_1,https://www.oxfordlearnersdictionaries.com/media/english/us_pron_ogg/r/rep/repor/report_on_sth_1_us_1.ogg,report sth,3
respect for sb/sth,b1,,https://www.oxfordlearnersdictionaries.com/definition/english/respect_1#respect_sng_1,https://www.oxfordlearnersdictionaries.com/media/english/us_pron_ogg/r/res/respe/respect_for_sb_1_us_1.ogg,respect sbsth,4
respond to sth/sb,a2,,https://www.oxfordlearnersdictionaries.com/definition/english/respond#respond_sng_1,https://www.oxfordlearnersdictionaries.com/media/english/us_pron_ogg/r/res/respo/respond_to_sth_1_us_1.ogg,respond sthsb,1
result in sth,b1,,https://www.oxfordlearnersdictionaries.com/definition/english/result_2#result_sng_11,https://www.oxfordlearnersdictionaries.com/media/english/us_pron_ogg/r/res/resul/result_in_sth_1_us_1.ogg,result sth,3
right now,a1,,https://www.oxfordlearnersdictionaries.com/definition/english/right_2#right_sng_26,https://www.oxfordlearnersdictionaries.com/media/english/us_pron_ogg/r/rig/right/right_now_1_us_1.ogg,right,1
rise in sth,b1,,https://www.oxfordlearnersdictionaries.com/definition/english/rise_2#rise_sng_1,https://www.oxfordlearnersdictionaries.com/media/english/us_pron_ogg/r/ris/rise_/rise_in_sth_1_us_1.ogg,rise sth,3
role model,b2,,https://www.oxfordlearnersdictionaries.com/definition/english/role-model#rolemodel_e,https://www.oxfordlearnersdictionaries.com/media/english/us_pron_ogg/r/rol/role_/role_model_1_us_1.ogg,role model,1
run out,b1,,https://www.oxfordlearnersdictionaries.com/definition/english/run-out_1#runout3_e,https://www.oxfordlearnersdictionaries.com/media/english/us_pron_ogg/r/run/run_o/run_out_1_us_3.ogg,run,1
run out of sth,b1,,https://www.oxfordlearnersdictionaries.com/definition/english/run-out_1#run_sng_167,https://www.oxfordlearnersdictionaries.com/media/english/us_pron_ogg/r/run/run_o/run_out_of_sth_1_us_1.ogg,run sth,3
save money,a2,,https://www.oxfordlearnersdictionaries.com/definition/english/save_1#save_sng_5,https://www.oxfordlearnersdictionaries.com/media/english/us_pron_ogg/s/sav/save_/save_money_1_us_1.ogg,save money,1
science fiction,a2,,https://www.oxfordlearnersdictionaries.com/definition/english/science-fiction#sciencefiction_e,https://www.oxfordlearnersdictionaries.com/media/english/us_pron_ogg/s/sci/scien/science_fiction_1_us_1.ogg,science fiction,1
search engine,b1,,https://www.oxfordlearnersdictionaries.com/definition/english/search-engine#searchengine_e,https://www.oxfordlearnersdictionaries.com/media/english/us_pron_ogg/s/sea/searc/search_engine_1_us_2.ogg,search engine,1
search for sth/sb,a2,,https://www.oxfordlearnersdictionaries.com/definition/english/search_2#search_sng_3,https://www.oxfordlearnersdictionaries.com/media/english/us_pron_ogg/s/sea/searc/search_for_sth_1_us_1.ogg,search sthsb,1
secondary school,b1,,https://www.oxfordlearnersdictionaries.com/definition/english/secondary-school#secondaryschool_e,https://www.oxfordlearnersdictionaries.com/media/english/us_pron_ogg/s/sec/secon/secondary_school_1_us_1.ogg,secondary school,1
see you,a1,,https://www.oxfordlearnersdictionaries.com/definition/english/see_1#see_sng_25,https://www.oxfordlearnersdictionaries.com/media/english/us_pron_ogg/s/see/see_y/see_you_1_us_1.ogg,see,1
seek to do sth,c1,,https://www.oxfordlearnersdictionaries.com/definition/english/seek#seek_sng_4,https://www.oxfordlearnersdictionaries.com/media/english/us_pron_ogg/s/see/seek_/seek_to_do_sth_1_us_1.ogg,seek sth,3
set out,b2,,https://www.oxfordlearnersdictionaries.com/definition/english/set-out#setout2_e,https://www.oxfordlearnersdictionaries.com/media/english/us_pron_ogg/s/set/set_o/set_out_1_us_1.ogg,set,1
set sth up,b1,,https://www.oxfordlearnersdictionaries.com/definition/english/set-up_1#set_sng_121,https://www.oxfordlearnersdictionaries.com/media/english/us_pron_ogg/s/set/set_s/set_sth_up_1_us_1.ogg,set sth,3
set to do sth,c1,,https://www.oxfordlearnersdictionaries.com/definition/english/set_3#set_sng_79,https://www.oxfordlearnersdictionaries.com/media/english/us_pron_ogg/s/set/set_t/set_to_do_sth_1_us_1.ogg,set sth,3
short of sth,b2,,https://www.oxfordlearnersdictionaries.com/definition/english/short_1#short_sng_5,https://www.oxfordlearnersdictionaries.com/media/english/us_pron_ogg/s/sho/short/short_of_sth_1_us_1.ogg,short sth,3
sit down,a1,,https://www.oxfordlearnersdictionaries.com/definition/english/sit-down_1#sitdown4_e,https://www.oxfordlearnersdictionaries.com/media/english/us_pron_ogg/s/sit/sit_d/sit_down_1_us_3.ogg,sit,1
slow down,b1,,https://www.oxfordlearnersdictionaries.com/definition/english/slow_2#slow_sng_12,https://www.oxfordlearnersdictionaries.com/media/english/us_pron_ogg/s/slo/slow_/slow_down_1_us_1.ogg,slow,1
so as to do sth,b2,,https://www.oxfordlearnersdictionaries.com/definition/english/so_1#so_sng_13,https://www.oxfordlearnersdictionaries.com/media/english/us_pron_ogg/s/so_/so_as/so_as_to_do_sth_1_us_1.ogg,sth,3
so far,b1,,https://www.oxfordlearnersdictionaries.com/definition/english/far_1#far_sng_27,https://www.oxfordlearnersdictionaries.com/media/english/us_pron_ogg/s/so_/so_fa/so_far_1_us_1.ogg,far,2
so that…,a2,,https://www.oxfordlearnersdictionaries.com/definition/english/so_3#so_sng_22,https://www.oxfordlearnersdictionaries.com/media/english/us_pron_ogg/s/so_/so_th/so_that_1_us_1.ogg,,1
solution to sth,a2,,https://www.oxfordlearnersdictionaries.com/definition/english/solution#solution_sng_1,https://www.oxfordlearnersdictionaries.com/media/english/us_pron_ogg/s/sol/solut/solution_to_sth_1_us_1.ogg,solution sth,3
some kind of…,b1,,https://www.oxfordlearnersdictionaries.com/definition/english/some_1#some_sng_5,https://www.oxfordlearnersdictionaries.com/media/english/us_pron_ogg/s/som/some_/some_kind_of_1_us_1.ogg,kind,1
someone else,a1,,https://www.oxfordlearnersdictionaries.com/definition/english/someone#someone_sng_1,https://www.oxfordlearnersdictionaries.com/media/english/us_pron_ogg/s/som/someo/someone_else_1_us_1.ogg,someone else,1
something like…,b2,,https://www.oxfordlearnersdictionaries.com/definition/english/something_1#something_sng_3,https://www.oxfordlearnersdictionaries.com/media/english/us_pron_ogg/s/som/somet/something_like_1_us_1.ogg,something like,1
sort of sth,a2,,https://www.oxfordlearnersdictionaries.com/definition/english/sort_1#sort_sng_1,https://www.oxfordlearnersdictionaries.com/media/english/us_pron_ogg/s/sor/sort_/sort_of_sth_1_us_1.ogg,sort sth,3
sort sb/sth/yourself out,b2,,https://www.oxfordlearnersdictionaries.com/definition/english/sort-out_1#sort_sng_26,https://www.oxfordlearnersdictionaries.com/media/english/us_pron_ogg/s/sor/sort_/sort_sb_out_1_us_1.ogg,sort sbsthyourself,1
sound like sb/sth,a2,,https://www.oxfordlearnersdictionaries.com/definition/english/sound_2#sound_sng_9,https://www.oxfordlearnersdictionaries.com/media/english/us_pron_ogg/s/sou/sound/sound_like_sb_1_us_1.ogg,sound like sbsth,4
speak to sb,a1,,https://www.oxfordlearnersdictionaries.com/definition/english/speak_1#speak_sng_1,https://www.oxfordlearnersdictionaries.com/media/english/us_pron_ogg/s/spe/speak/speak_to_sb_1_us_1.ogg,speak sb,1
spend time,a1,,https://www.oxfordlearnersdictionaries.com/definition/english/spend_1#spend_sng_2,https://www.oxfordlearnersdictionaries.com/media/english/us_pron_ogg/s/spe/spend/spend_time_1_us_1.ogg,spend time,1
stand up,a1,,https://www.oxfordlearnersdictionaries.com/definition/english/stand-up_2#standup5_e,https://www.oxfordlearnersdictionaries.com/media/english/us_pron_ogg/s/sta/stand/stand_up_1_us_1.ogg,stand,1
start with sb/sth,a2,,https://www.oxfordlearnersdictionaries.com/definition/english/start_1#start_sng_8,https://www.oxfordlearnersdictionaries.com/media/english/us_pron_ogg/s/sta/start/start_with_sb_1_us_1.ogg,start sbsth,4
stay in,a1,,https://www.oxfordlearnersdictionaries.com/definition/english/stay_1#stay_sng_1,https://www.oxfordlearnersdictionaries.com/media/english/us_pron_ogg/s/sta/stay_/stay_in_1_us_1.ogg,stay,1
stick to sth,b2,,https://www.oxfordlearnersdictionaries.com/definition/english/stick-to#stick_sng_72,https://www.oxfordlearnersdictionaries.com/media/english/us_pron_ogg/s/sti/stick/stick_to_sth_1_us_1.ogg,stick sth,3
subject to sth,b2,,https://www.oxfordlearnersdictionaries.com/definition/english/subject_2#subject_sng_7,https://www.oxfordlearnersdictionaries.com/media/english/us_pron_ogg/s/sub/subje/subject_to_sth_1_us_1.ogg,subject sth,3
succeed in doing sth,b1,,https://www.oxfordlearnersdictionaries.com/definition/english/succeed#succeed_sng_1,https://www.oxfordlearnersdictionaries.com/media/english/us_pron_ogg/s/suc/succe/succeed_in_doing_sth_1_us_1.ogg,succeed sth,3
such a/an…,a2,,https://www.oxfordlearnersdictionaries.com/definition/english/such#such_sng_3,https://www.oxfordlearnersdictionaries.com/media/english/us_pron_ogg/s/suc/such_/such_a_1_us_1.ogg,aan,1
such as,a1,,https://www.oxfordlearnersdictionaries.com/definition/english/such#such_sng_6,https://www.oxfordlearnersdictionaries.com/media/english/us_pron_ogg/s/suc/such_/such_as_1_us_1.ogg,,1
suffer from sth,b1,,https://www.oxfordlearnersdictionaries.com/definition/english/suffer#suffer_sng_1,https://www.oxfordlearnersdictionaries.com/media/english/us_pron_ogg/s/suf/suffe/suffer_from_sth_1_us_1.ogg,suffer sth,3
sum up,b2,,https://www.oxfordlearnersdictionaries.com/definition/english/sum-up#sumup2_e,https://www.oxfordlearnersdictionaries.com/media/english/us_pron_ogg/s/sum/sum_u/sum_up_1_us_1.ogg,sum,1
sure to do sth,b1,,https://www.oxfordlearnersdictionaries.com/definition/english/sure_1#sure_sng_3,https://www.oxfordlearnersdictionaries.com/media/english/us_pron_ogg/s/sur/sure_/sure_to_do_sth_1_us_1.ogg,sure sth,3
swimming pool,a1,,https://www.oxfordlearnersdictionaries.com/definition/english/swimming-pool#swimmingpool_e,https://www.oxfordlearnersdictionaries.com/media/english/us_pron_ogg/s/swi/swimm/swimming_pool_1_us_1.ogg,swimming pool,1
take advantage of sb/sth,b2,,https://www.oxfordlearnersdictionaries.com/definition/english/advantage_1#advantage_sng_5,https://www.oxfordlearnersdictionaries.com/media/english/us_pron_ogg/t/tak/take_/take_advantage_of_sb_1_us_1.ogg,take advantage sbsth,4
take care of sb/sth/yourself,a2,,https://www.oxfordlearnersdictionaries.com/definition/english/care_1#care_sng_9,https://www.oxfordlearnersdictionaries.com/media/english/us_pron_ogg/t/tak/take_/take_care_of_sb_1_us_1.ogg,take care sbsthyourself,1
take off,a2,,https://www.oxfordlearnersdictionaries.com/definition/english/take-off_1#takeoff3_e,https://www.oxfordlearnersdictionaries.com/media/english/us_pron_ogg/t/tak/take_/take_off_1_us_5.ogg,take,1
take over,b2,,https://www.oxfordlearnersdictionaries.com/definition/english/take-over#take_sng_193,https://www.oxfordlearnersdictionaries.com/media/english/us_pron_ogg/t/tak/take_/take_over_1_us_2.ogg,take,1
take part,a2,,https://www.oxfordlearnersdictionaries.com/definition/english/part_1#part_sng_27,https://www.oxfordlearnersdictionaries.com/media/english/us_pron_ogg/t/tak/take_/take_part_1_us_1.ogg,take part,1
take place,a2,,https://www.oxfordlearnersdictionaries.com/definition/english/place_1#place_sng_36,https://www.oxfordlearnersdictionaries.com/media/english/us_pron_ogg/t/tak/take_/take_place_1_us_1.ogg,take place,1
take sth into account,b2,,https://www.oxfordlearnersdictionaries.com/definition/english/account_1#account_sng_20,https://www.oxfordlearnersdictionaries.com/media/english/us_pron_ogg/t/tak/take_/take_sth_into_account_1_us_1.ogg,take sth account,3
take sth off,a2,,https://www.oxfordlearnersdictionaries.com/definition/english/take-off_1#take_sng_170,https://www.oxfordlearnersdictionaries.com/media/english/us_pron_ogg/t/tak/take_/take_sth_off_1_us_1.ogg,take sth,3
take sth up,b1,,https://www.oxfordlearnersdictionaries.com/definition/english/take-up_1#take_sng_203,https://www.oxfordlearnersdictionaries.com/media/english/us_pron_ogg/t/tak/take_/take_sth_up_1_us_1.ogg,take sth,3
take sth/sb on,b1,,https://www.oxfordlearnersdictionaries.com/definition/english/take-on#take_sng_180,https://www.oxfordlearnersdictionaries.com/media/english/us_pron_ogg/t/tak/take_/take_sth_on_1_us_1.ogg,take sthsb,1
take up sth,b1,,https://www.oxfordlearnersdictionaries.com/definition/english/take-up_1#take_sng_202,https://www.oxfordlearnersdictionaries.com/media/english/us_pron_ogg/t/tak/take_/take_up_sth_1_us_1.ogg,take sth,3
talk about sb/sth,a1,,https://www.oxfordlearnersdictionaries.com/definition/english/talk_1#talk_sng_1,https://www.oxfordlearnersdictionaries.com/media/english/us_pron_ogg/t/tal/talk_/talk_about_sb_1_us_1.ogg,talk sbsth,4
tell the truth,b1,,https://www.oxfordlearnersdictionaries.com/definition/english/truth#truth_sng_1,https://www.oxfordlearnersdictionaries.com/media/english/us_pron_ogg/t/tel/tell_/tell_the_truth_1_us_1.ogg,tell truth,1
tend to do sth,b1,,https://www.oxfordlearnersdictionaries.com/definition/english/tend#tend_sng_1,https://www.oxfordlearnersdictionaries.com/media/english/us_pron_ogg/t/ten/tend_/tend_to_do_sth_1_us_1.ogg,tend sth,3
thank you,a1,,https://www.oxfordlearnersdictionaries.com/definition/english/thank-you_2#thankyou2_e,https://www.oxfordlearnersdictionaries.com/media/english/us_pron_ogg/t/tha/thank/thank_you_1_us_1.ogg,thank,1
thanks to sb/sth,b1,,https://www.oxfordlearnersdictionaries.com/definition/english/thanks_2#thanks_sng_8,https://www.oxfordlearnersdictionaries.com/media/english/us_pron_ogg/t/tha/thank/thanks_to_sb_1_us_1.ogg,thanks sbsth,4
that day,a1,,https://www.oxfordlearnersdictionaries.com/definition/english/day#day_sng_1,https://www.oxfordlearnersdictionaries.com/media/english/us_pron_ogg/t/tha/that_/that_day_1_us_1.ogg,day,0
that is,b2,,https://www.oxfordlearnersdictionaries.com/definition/english/that_2#that_sng_8,https://www.oxfordlearnersdictionaries.com/media/english/us_pron_ogg/t/tha/that_/that_is_1_us_1.ogg,,1
that's it,b1,,https://www.oxfordlearnersdictionaries.com/definition/english/that_2#that_sng_9,https://www.oxfordlearnersdictionaries.com/media/english/us_pron_ogg/t/tha/that_/that_s_it_1_us_1.ogg,thats,1
the 20th century,a1,,https://www.oxfordlearnersdictionaries.com/definition/english/century#century_sng_2,https://www.oxfordlearnersdictionaries.com/media/english/us_pron_ogg/t/the/the_2/the_20th_century_1_us_1.ogg,th century,1
the best thing,a2,,https://www.oxfordlearnersdictionaries.com/definition/english/thing#thing_sng_7,https://www.oxfordlearnersdictionaries.com/media/english/us_pron_ogg/t/the/the_b/the_best_thing_1_us_1.ogg,best thing,1
the case,b1,,https://www.oxfordlearnersdictionaries.com/definition/english/case_1#case_sng_2,https://www.oxfordlearnersdictionaries.com/media/english/us_pron_ogg/t/the/the_c/the_case_1_us_1.ogg,case,1
the extent to which…,c1,,https://www.oxfordlearnersdictionaries.com/definition/english/extent#extent_sng_3,https://www.oxfordlearnersdictionaries.com/media/english/us_pron_ogg/t/the/the_e/the_extent_to_which_1_us_1.ogg,extent,1
the fact that…,b1,,https://www.oxfordlearnersdictionaries.com/definition/english/fact#fact_sng_1,https://www.oxfordlearnersdictionaries.com/media/english/us_pron_ogg/t/the/the_f/the_fact_that_1_us_1.ogg,fact,1
the first thing,a2,,https://www.oxfordlearnersdictionaries.com/definition/english/thing#thing_sng_5,https://www.oxfordlearnersdictionaries.com/media/english/us_pron_ogg/t/the/the_f/the_first_thing_1_us_1.ogg,first thing,1
the following…,a2,,https://www.oxfordlearnersdictionaries.com/definition/english/following_1#following_sng_2,https://www.oxfordlearnersdictionaries.com/media/english/us_pron_ogg/t/the/the_f/the_following_1_us_1.ogg,following,1
the important thing,a2,,https://www.oxfordlearnersdictionaries.com/definition/english/important#important_sng_1,https://www.oxfordlearnersdictionaries.com/media/english/us_pron_ogg/t/the/the_i/the_important_thing_1_us_1.ogg,important thing,1
the next day,a1,,https://www.oxfordlearnersdictionaries.com/definition/english/day#day_sng_1,https://www.oxfordlearnersdictionaries.com/media/english/us_pron_ogg/t/the/the_n/the_next_day_1_us_1.ogg,next day,0
the other side of sth,a2,,https://www.oxfordlearnersdictionaries.com/definition/english/side_1#side_sng_1,https://www.oxfordlearnersdictionaries.com/media/english/us_pron_ogg/t/the/the_o/the_other_side_of_sth_1_us_1.ogg,side sth,3
the rest of sth,a2,,https://www.oxfordlearnersdictionaries.com/definition/english/rest_1#rest_sng_1,https://www.oxfordlearnersdictionaries.com/media/english/us_pron_ogg/t/the/the_r/the_rest_of_sth_1_us_1.ogg,rest sth,3
the vast majority of sth,b2,,https://www.oxfordlearnersdictionaries.com/definition/english/vast#vast_sng_1,https://www.oxfordlearnersdictionaries.com/media/english/us_pron_ogg/t/the/the_v/the_vast_majority_of_sth_1_us_1.ogg,vast majority sth,3
there is,a1,,https://www.oxfordlearnersdictionaries.com/definition/english/there_1#there_sng_1,https://www.oxfordlearnersdictionaries.com/media/english/us_pron_ogg/t/the/there/there_is_1_us_1.ogg,,1
these days,a2,,https://www.oxfordlearnersdictionaries.com/definition/english/day#day_sng_36,https://www.oxfordlearnersdictionaries.com/media/english/us_pron_ogg/t/the/these/these_days_1_us_1.ogg,day,0
they say…,a2,,https://www.oxfordlearnersdictionaries.com/definition/english/they#they_sng_3,https://www.oxfordlearnersdictionaries.com/media/english/us_pron_ogg/t/the/they_/they_say_1_us_1.ogg,say,1
think about sb/sth,a1,,https://www.oxfordlearnersdictionaries.com/definition/english/think-about#think_sng_56,https://www.oxfordlearnersdictionaries.com/media/english/us_pron_ogg/t/thi/think/think_about_sb_1_us_1.ogg,think sbsth,4
think of sb/sth,a1,,https://www.oxfordlearnersdictionaries.com/definition/english/think-of#think_sng_60,https://www.oxfordlearnersdictionaries.com/media/english/us_pron_ogg/t/thi/think/think_of_sb_1_us_1.ogg,think sbsth,4
this is…,a1,,https://www.oxfordlearnersdictionaries.com/definition/english/this_1#this_sng_3,https://www.oxfordlearnersdictionaries.com/media/english/us_pron_ogg/t/thi/this_/this_is_1_us_1.ogg,,1
this kind of…,a1,,https://www.oxfordlearnersdictionaries.com/definition/english/kind_1#kind_sng_1,https://www.oxfordlearnersdictionaries.com/media/english/us_pron_ogg/t/thi/this_/this_kind_of_1_us_1.ogg,kind,1
this morning,a1,,https://www.oxfordlearnersdictionaries.com/definition/english/morning_1#morning_sng_1,https://www.oxfordlearnersdictionaries.com/media/english/us_pron_ogg/t/thi/this_/this_morning_1_us_1.ogg,morning,1
this time,a1,,https://www.oxfordlearnersdictionaries.com/definition/english/time_1#time_sng_8,https://www.oxfordlearnersdictionaries.com/media/english/us_pron_ogg/t/thi/this_/this_time_1_us_1.ogg,time,1
this year,a1,,https://www.oxfordlearnersdictionaries.com/definition/english/year#year_sng_1,https://www.oxfordlearnersdictionaries.com/media/english/us_pron_ogg/t/thi/this_/this_year_1_us_1.ogg,year,1
those who…,b1,,https://www.oxfordlearnersdictionaries.com/definition/english/that_2#that_sng_5,https://www.oxfordlearnersdictionaries.com/media/english/us_pron_ogg/t/tho/those/those_who_1_us_1.ogg,,1
thousands of…,a1,,https://www.oxfordlearnersdictionaries.com/definition/english/thousand#thousand_sng_2,https://www.oxfordlearnersdictionaries.com/media/english/us_pron_ogg/t/tho/thous/thousands_of_1_us_1.ogg,thousand,1
throw sth away,a2,,https://www.oxfordlearnersdictionaries.com/definition/english/throw-away#throw_sng_55,https://www.oxfordlearnersdictionaries.com/media/english/us_pron_ogg/t/thr/throw/throw_sth_away_1_us_1.ogg,throw sth away,3
to date,c1,,https://www.oxfordlearnersdictionaries.com/definition/english/date_1#date_sng_7,https://www.oxfordlearnersdictionaries.com/media/english/us_pron_ogg/t/to_/to_da/to_date_1_us_1.ogg,date,1
to do with sb/sth,b1,,https://www.oxfordlearnersdictionaries.com/definition/english/do1_1#do1_sng_27,https://www.oxfordlearnersdictionaries.com/media/english/us_pron_ogg/t/to_/to_do/to_do_with_sb_1_us_1.ogg,sbsth,4
together with,b1,,https://www.oxfordlearnersdictionaries.com/definition/english/together_1#together_sng_7,https://www.oxfordlearnersdictionaries.com/media/english/us_pron_ogg/t/tog/toget/together_with_1_us_1.ogg,together,1
too bad,b1,,https://www.oxfordlearnersdictionaries.com/definition/english/bad_1#bad_sng_18,https://www.oxfordlearnersdictionaries.com/media/english/us_pron_ogg/t/too/too_b/too_bad_1_us_1.ogg,bad,1
too long,a1,,https://www.oxfordlearnersdictionaries.com/definition/english/long_2#long_sng_30,https://www.oxfordlearnersdictionaries.com/media/english/us_pron_ogg/t/too/too_l/too_long_1_us_1.ogg,long,1
too much,a1,,https://www.oxfordlearnersdictionaries.com/definition/english/much_1#much_sng_1,https://www.oxfordlearnersdictionaries.com/media/english/us_pron_ogg/t/too/too_m/too_much_1_us_1.ogg,much,1
town centre,a1,,https://www.oxfordlearnersdictionaries.com/definition/english/town-centre#towncentre_e,https://www.oxfordlearnersdictionaries.com/media/english/us_pron_ogg/t/tow/town_/town_centre_1_us_1.ogg,town centre,1
try and…,b1,,https://www.oxfordlearnersdictionaries.com/definition/english/try_1#try_sng_1,https://www.oxfordlearnersdictionaries.com/media/english/us_pron_ogg/t/try/try_a/try_and_1_us_1.ogg,try,1
turn into sth,b2,,https://www.oxfordlearnersdictionaries.com/definition/english/turn-into#turn_sng_124,https://www.oxfordlearnersdictionaries.com/media/english/us_pron_ogg/t/tur/turn_/turn_into_sth_1_us_1.ogg,turn sth,3
turn out,b1,,https://www.oxfordlearnersdictionaries.com/definition/english/turn-out#turnout3_e,https://www.oxfordlearnersdictionaries.com/media/english/us_pron_ogg/t/tur/turn_/turn_out_1_us_2.ogg,turn,1
turn sth off,a2,,https://www.oxfordlearnersdictionaries.com/definition/english/turn-off_1#turn_sng_130,https://www.oxfordlearnersdictionaries.com/media/english/us_pron_ogg/t/tur/turn_/turn_sth_off_1_us_1.ogg,turn sth,3
turn sth on,a2,,https://www.oxfordlearnersdictionaries.com/definition/english/turn-on_1#turn_sng_136,https://www.oxfordlearnersdictionaries.com/media/english/us_pron_ogg/t/tur/turn_/turn_sth_on_1_us_1.ogg,turn sth,3
turn sth up,b1,,https://www.oxfordlearnersdictionaries.com/definition/english/turn-up_1#turn_sng_165,https://www.oxfordlearnersdictionaries.com/media/english/us_pron_ogg/t/tur/turn_/turn_sth_up_1_us_1.ogg,turn sth,3
tv show,a1,,https://www.oxfordlearnersdictionaries.com/definition/english/tv#tv_sng_1,https://www.oxfordlearnersdictionaries.com/media/english/us_pron_ogg/t/tv_/tv_sh/tv_show_1_us_1.ogg,tv show,1
unable to do sth,b1,,https://www.oxfordlearnersdictionaries.com/definition/english/unable#unable_sng_1,https://www.oxfordlearnersdictionaries.com/media/english/us_pron_ogg/u/una/unabl/unable_to_do_sth_1_us_1.ogg,unable sth,3
up against sth,c1,,https://www.oxfordlearnersdictionaries.com/definition/english/up_1#up_sng_15,https://www.oxfordlearnersdictionaries.com/media/english/us_pron_ogg/u/up_/up_ag/up_against_sth_1_us_1.ogg,sth,3
up and down,a2,,https://www.oxfordlearnersdictionaries.com/definition/english/up_1#up_sng_16,https://www.oxfordlearnersdictionaries.com/media/english/us_pron_ogg/u/up_/up_an/up_and_down_1_us_2.ogg,,1
up to sb,b2,,https://www.oxfordlearnersdictionaries.com/definition/english/up_1#up_sng_13,https://www.oxfordlearnersdictionaries.com/media/english/us_pron_ogg/u/up_/up_to/up_to_sb_1_us_1.ogg,sb,1
up to sth,b1,,https://www.oxfordlearnersdictionaries.com/definition/english/up_1#up_sng_26,https://www.oxfordlearnersdictionaries.com/media/english/us_pron_ogg/u/up_/up_to/up_to_sth_1_us_1.ogg,sth,3
wait for sb/sth,a1,,https://www.oxfordlearnersdictionaries.com/definition/english/wait_1#wait_sng_1,https://www.oxfordlearnersdictionaries.com/media/english/us_pron_ogg/w/wai/wait_/wait_for_sb_1_us_1.ogg,wait sbsth,4
wake up,a1,,https://www.oxfordlearnersdictionaries.com/definition/english/wake-up#wakeup2_e,https://www.oxfordlearnersdictionaries.com/media/english/us_pron_ogg/w/wak/wake_/wake_up_1_us_2.ogg,wake,1
way of life,b1,,https://www.oxfordlearnersdictionaries.com/definition/english/life_1#way_sng_94,https://www.oxfordlearnersdictionaries.com/media/english/us_pron_ogg/w/way/way_o/way_of_life_1_us_1.ogg,way life,1
welcome to sth,a1,,https://www.oxfordlearnersdictionaries.com/definition/english/welcome_1#welcome_sng_12,https://www.oxfordlearnersdictionaries.com/media/english/us_pron_ogg/w/wel/welco/welcome_to_sth_1_us_1.ogg,welcome sth,3
well known,b1,,https://www.oxfordlearnersdictionaries.com/definition/english/well-known#wellknown_e,https://www.oxfordlearnersdictionaries.com/media/english/us_pron_ogg/w/wel/well_/well_known__us_1.ogg,well known,1
what about…?,a1,,https://www.oxfordlearnersdictionaries.com/definition/english/what#what_sng_11,https://www.oxfordlearnersdictionaries.com/media/english/us_pron_ogg/w/wha/what_/what_about_1_us_2.ogg,,1
when it comes to sth,b2,,https://www.oxfordlearnersdictionaries.com/definition/english/come_1#come_sng_28,https://www.oxfordlearnersdictionaries.com/media/english/us_pron_ogg/w/whe/when_/when_it_comes_to_sth_1_us_1.ogg,come sth,3
whether or not…,b2,,https://www.oxfordlearnersdictionaries.com/definition/english/whether#whether_sng_1,https://www.oxfordlearnersdictionaries.com/media/english/us_pron_ogg/w/whe/wheth/whether_or_not_1_us_1.ogg,whether,1
why not…?,a2,,https://www.oxfordlearnersdictionaries.com/definition/english/why_1#why_sng_5,https://www.oxfordlearnersdictionaries.com/media/english/us_pron_ogg/w/why/why_n/why_not_1_us_1.ogg,,1
with regard to sb/sth,c1,,https://www.oxfordlearnersdictionaries.com/definition/english/regard_2#regard_sng_9,https://www.oxfordlearnersdictionaries.com/media/english/us_pron_ogg/w/wit/with_/with_regard_to_sb_1_us_1.ogg,regard sbsth,4
with respect to sth,c1,,https://www.oxfordlearnersdictionaries.com/definition/english/respect_1#respect_sng_7,https://www.oxfordlearnersdictionaries.com/media/english/us_pron_ogg/w/wit/with_/with_respect_to_sth_1_us_1.ogg,respect sth,3
with the exception of sb/sth,c1,,https://www.oxfordlearnersdictionaries.com/definition/english/exception#exception_sng_6,https://www.oxfordlearnersdictionaries.com/media/english/us_pron_ogg/w/wit/with_/with_the_exception_of_sb_1_us_1.ogg,exception sbsth,4
work as sth,a1,,https://www.oxfordlearnersdictionaries.com/definition/english/work_1#work_sng_2,https://www.oxfordlearnersdictionaries.com/media/english/us_pron_ogg/w/wor/work_/work_as_sth_1_us_1.ogg,work sth,3
work for sb/sth,a1,,https://www.oxfordlearnersdictionaries.com/definition/english/work_1#work_sng_2,https://www.oxfordlearnersdictionaries.com/media/english/us_pron_ogg/w/wor/work_/work_for_sb_1_us_1.ogg,work sbsth,4
work hard,a1,,https://www.oxfordlearnersdictionaries.com/definition/english/work_1#work_sng_1,https://www.oxfordlearnersdictionaries.com/media/english/us_pron_ogg/w/wor/work_/work_hard_1_us_1.ogg,work hard,1
work on sth,b1,,https://www.oxfordlearnersdictionaries.com/definition/english/work-on#work_sng_85,https://www.oxfordlearnersdictionaries.com/media/english/us_pron_ogg/w/wor/work_/work_on_sth_1_us_1.ogg,work sth,3
work out,a2,,https://www.oxfordlearnersdictionaries.com/definition/english/work-out#workout3_e,https://www.oxfordlearnersdictionaries.com/media/english/us_pron_ogg/w/wor/work_/work_out_1_us_1.ogg,work,1
work sth out,b1,,https://www.oxfordlearnersdictionaries.com/definition/english/work-out#work_sng_90,https://www.oxfordlearnersdictionaries.com/media/english/us_pron_ogg/w/wor/work_/work_sth_out_1_us_1.ogg,work sth,3
work together,a1,,https://www.oxfordlearnersdictionaries.com/definition/english/work_1#work_sng_4,https://www.oxfordlearnersdictionaries.com/media/english/us_pron_ogg/w/wor/work_/work_together_1_us_1.ogg,work together,1
work with sb,a1,,https://www.oxfordlearnersdictionaries.com/definition/english/work_1#work_sng_1,https://www.oxfordlearnersdictionaries.com/media/english/us_pron_ogg/w/wor/work_/work_with_sb_1_us_1.ogg,work sb,1
worried about sb/sth,a2,,https://www.oxfordlearnersdictionaries.com/definition/english/worried#worried_sng_1,https://www.oxfordlearnersdictionaries.com/media/english/us_pron_ogg/w/wor/worri/worried_about_sb_1_us_1.ogg,worried sbsth,4
would like,a1,,https://www.oxfordlearnersdictionaries.com/definition/english/like_3#like_sng_16,https://www.oxfordlearnersdictionaries.com/media/english/us_pron_ogg/w/wou/would/would_like_1_us_1.ogg,would like,1
would love to do sth,a2,,https://www.oxfordlearnersdictionaries.com/definition/english/love_2#love_sng_17,https://www.oxfordlearnersdictionaries.com/media/english/us_pron_ogg/w/wou/would/would_love_to_do_sth_1_us_1.ogg,would love sth,3
would rather…,b2,,https://www.oxfordlearnersdictionaries.com/definition/english/rather_1#rather_sng_7,https://www.oxfordlearnersdictionaries.com/media/english/us_pron_ogg/w/wou/would/would_rather_1_us_1.ogg,would rather,1
would you like…?,a1,,https://www.oxfordlearnersdictionaries.com/definition/english/would#would_sng_8,https://www.oxfordlearnersdictionaries.com/media/english/us_pron_ogg/w/wou/would/would_you_like_1_us_1.ogg,would like,1
write sth down,a2,,https://www.oxfordlearnersdictionaries.com/definition/english/write-down_1#write_sng_31,https://www.oxfordlearnersdictionaries.com/media/english/us_pron_ogg/w/wri/write/write_sth_down_1_us_1.ogg,write sth,3
wrong with sb/sth,b1,,https://www.oxfordlearnersdictionaries.com/definition/english/wrong_1#wrong_sng_3,https://www.oxfordlearnersdictionaries.com/media/english/us_pron_ogg/w/wro/wrong/wrong_with_sb_1_us_1.ogg,wrong sbsth,4
x hours a day,a1,,https://www.oxfordlearnersdictionaries.com/definition/english/hour#hour_sng_1,https://www.oxfordlearnersdictionaries.com/media/english/us_pron_ogg/x/x_h/x_hou/x_hours_a_day_1_us_1.ogg,x hour day,0
x times a…,a1,,https://www.oxfordlearnersdictionaries.com/definition/english/time_1#time_sng_8,https://www.oxfordlearnersdictionaries.com/media/english/us_pron_ogg/x/x_t/x_tim/x_times_a_1_us_1.ogg,x time,1
x years ago,a1,,https://www.oxfordlearnersdictionaries.com/definition/english/year#year_sng_2,https://www.oxfordlearnersdictionaries.com/media/english/us_pron_ogg/x/x_y/x_yea/x_years_ago_1_us_1.ogg,x year ago,1
x years later,a1,,https://www.oxfordlearnersdictionaries.com/definition/english/year#year_sng_2,https://www.oxfordlearnersdictionaries.com/media/english/us_pron_ogg/x/x_y/x_yea/x_years_later_1_us_1.ogg,x year later,1
x years old,a1,,https://www.oxfordlearnersdictionaries.com/definition/english/year#year_sng_5,https://www.oxfordlearnersdictionaries.com/media/english/us_pron_ogg/x/x_y/x_yea/x_years_old_1_us_1.ogg,x year old,1
you see,b1,,https://www.oxfordlearnersdictionaries.com/definition/english/see_1#see_sng_26,https://www.oxfordlearnersdictionaries.com/media/english/us_pron_ogg/y/you/you_s/you_see_1_us_1.ogg,see,1
you're welcome,a1,,https://www.oxfordlearnersdictionaries.com/definition/english/welcome_3#welcome_sng_8,https://www.oxfordlearnersdictionaries.com/media/english/us_pron_ogg/y/you/you_r/you_re_welcome_1_us_1.ogg,youre welcome,1
