Unnamed: 0,text,labels
2144,متاسفم که می شنوم حال شما خوب نیستید.آیا اتفاق خاصی رخ داده است که باعث می شود شما اینگونه احساس کنید؟,0
2145,آیا اتفاق خاصی رخ داده است که باعث ناراحتی شما شده است؟با خیال راحت به من باز بگویید.,0
2146,متاسفم که این را شنیدمآیا یک چیز خاص وجود دارد که باعث این احساس شده است؟,0
2147,متشکرم.آیا اتفاق خاصی رخ داده است تا شما را ناراحت کند؟,0
2148,آیا اتفاقی افتاده است که این احساس را به وجود آورد؟,0
2149,خیلی متاسفم که این را می شنوم.آیا می توانید یک رویداد خاص را شناسایی کنید که باعث شده شما چنین احساسی داشته باشید؟,0
2150,آیا روحیه شما ناشی از هر چیز خاصی است؟,0
2151,من درک می کنم.آیا یک رویداد خاص برای تحقق این اتفاق رخ داده است؟,0
2152,متاسفم که این را شنیدمآیا می تواند به دلیل یک رویداد خاص باشد؟اگر چنین است ، امیدوارم که برای شما خیلی دشوار نبود.,0
2153,متاسفم که می شنوم احساس غم و اندوه می کنید.آیا می دانید چه چیزی منجر به چنین احساس غم انگیز شد ، آیا این یک رویداد خاص بود؟,0
2154,اگر به اشتراک گذاری ندارید ، آیا به دلیل یک حادثه خاص اینگونه احساس می کنید؟,0
2155,از شنیدن اینکه غمگین هستید بسیار متاسفم.آیا اتفاقی افتاده است که باعث ناراحتی شما شود؟,0
2156,آیا چیزی خاص این احساس را به همراه داشت؟,0
2157,آیا می توانید به من بگویید که آیا موقعیت های خاصی وجود دارد که باعث می شود شما از این طریق احساس کنید؟,0
2158,آیا اتفاق خاصی وجود داشت که باعث شد شما اینگونه احساس کنید؟,0
2159,متاسفم که می شنوم شما اینگونه احساس می کنید.آیا می توانید به من بگویید که آیا یک رویداد خاص ممکن است باعث آن شده باشد؟,0
2160,آیا اتفاق خاصی رخ داده است که منجر به این امر شد؟,0
2161,آیا در زندگی شخصی شما اتفاقی افتاده است تا این احساسات را ایجاد کند؟,0
2162,لطفاً به من بگویید ، آیا این ناشی از یک رویداد/S خاص بود؟,0
2163,آیا قبل از این احساس اتفاقی افتاده است؟,0
2164,برای اینکه سعی کنید احساس بهتری داشته باشید ، باید درک کنم که آیا اتفاقی افتاده است که باعث این امر شود.آیا یک رویداد خاص باعث غم و اندوه شما شده است؟,0
2165,اوه ، من از شنیدن این موضوع بسیار متاسفم.آیا یک وضعیت خاص باعث این امر شده است؟,0
2166,آیا اتفاقی افتاده است که شما را اینگونه احساس کند؟,0
2167,آیا چیز خاصی وجود داشت که فکر می کنید باعث شده این احساس را داشته باشید؟شما می توانید با من باز باشید.,0
2168,آیا می توانید به یاد داشته باشید که اگر چیزی باعث شده است اینگونه احساس کنید؟,0
2169,آیا می توانید به یک رویداد خاص فکر کنید که باعث شده شما احساس این راه را داشته باشید؟,0
2170,با عرض پوزش از شنیدن این موضوع ، من می توانم ارتباط برقرار کنم.آیا رویدادهایی وجود دارد که منجر به این امر می شود؟,0
2171,آیا چیزی به ویژه وجود داشت که باعث ناراحتی شما شد؟,0
2172,آیا اتفاق خاصی رخ داده است تا شما را اینگونه احساس کند؟,0
2173,آیا این احساس ناشی از یک رویداد خاص است؟,0
2174,آیا این به دلیل خاص است؟,0
2175,آیا می توانید به چیز خاصی فکر کنید که برای این امر اتفاق افتاده است؟,0
2176,از شنیدنش متأسفم.آیا می توانید به من بگویید که آیا ناشی از یک رویداد خاص یا رویدادهایی است که می توانید به اشتراک بگذارید؟,0
2177,آیا اتفاقی افتاده است که باعث این امر شده است؟,0
2178,آیا اتفاقی افتاده است که باعث احساس فعلی شما شده است؟,0
2179,آیا اتفاقی افتاده است که شما را اینگونه احساس کند؟,0
2180,خیلی متاسفم که این را می شنوم.آیا می توانید به هر چیز خاصی فکر کنید که باعث این اتفاق بیفتد؟,0
2181,آیا می توانید به من بگویید که آیا این ناشی از یک رویداد/S خاص بوده است؟,0
2182,متشکرم ، من می فهممآیا چیزی در این مورد باعث این امر شده است؟,0
2183,آیا اتفاقی افتاده است که شما را ناراحت کرده است؟,0
2184,آیا به ویژه چیزی وجود دارد که به نظر می رسد این احساس را ایجاد کرده است؟,0
2185,لطفاً به من بگویید که آیا این احساس ناشی از یک رویداد خاص است؟,0
2186,آیا به طور خاص چیزی وجود دارد که باعث شده است که شما چنین احساسی داشته باشید؟,0
2187,درباره ی آن قضیه متاسفم.آیا این ناشی از یک رویداد/S خاص بود؟,0
2188,متاسفم که چنین احساسی داری.آیا این ناشی از چیز خاصی بود؟,0
2189,آیا احساس می کنید که ممکن است احساسات فعلی شما ناشی از یک رویداد یا رویدادهای خاص باشد؟,0
2190,با تشکر از شما برای به اشتراک گذاشتن احساسات خود با من ، می فهمم که اکنون برخورد با آنها دشوار است.به طوری که من می توانم به شما بهتر کمک کنم ، می توانید به من بگویید که آیا یک رویداد خاص باعث شده است که شما اینگونه احساس کنید؟,0
2191,ممکن است بپرسم ، آیا چیزی خاص وجود دارد؟,0
2192,آیا این ممکن است با یک رویداد خاص ارتباط داشته باشد؟,0
2193,متشکرم که به من اطلاع دادید ، بسیار متاسفم که شما چنین احساسی دارید.آیا می توانم بپرسم که آیا چیز خاصی باعث این احساس شده است؟,0
2194,من می توانم با آن شناسایی کنم.حال ، آیا این احساسات نتیجه رویدادی است که اخیراً یا مدتها پیش اتفاق افتاده است؟,1
2195,آه ، من می بینمآیا می گویید این یک رویداد اخیر یا دور بود؟,1
2196,متشکرم ، من می فهممآیا می توانید به من بگویید که آیا این اتفاقی افتاده است که اخیراً یا چندی پیش اتفاق افتاده است؟امیدوارم از این رویداد زیاد رنج نبرید.,1
2197,آیا می توانید به من بگویید که آیا این رویداد یا وقایع اخیراً اتفاق افتاده است یا در گذشته؟,1
2198,شما باید همین الان صدمه دیده باشید.آیا می توانید به اشتراک بگذارید که آیا این رویداد اخیر بوده است یا بیشتر؟,1
2199,آیا این رویدادی بود که باعث غم و اندوه شما یک رویداد اخیر یا اتفاقی که چندی پیش افتاد؟,1
2200,می بینم ، از اینکه آن را به اشتراک گذاشتید متشکرم.آیا این یک واقعه اخیر یا دور بود؟,1
2201,آیا می توانم بپرسم که آیا این چیزی اخیر بوده است یا در گذشته که این احساس را به وجود آورده است؟,1
2202,آیا رویدادی که باعث ناراحتی شما شده است احساس اخیر یا دور می شود؟,1
2203,آیا این اتفاقی است که اخیراً اتفاق افتاده است یا مدت زمان بیشتری؟,1
2204,آیا این اتفاق به دلیل وضعیت اخیر یا دوردست رخ داده است؟,1
2205,آیا چیزی اخیر یا دوردست باعث ایجاد این احساسات شده است؟,1
2206,آیا احساس می کنید وضعیتی که باعث می شود این احساسات را تجربه کنید اخیر یا دور است؟,1
2207,آیا این اتفاقی است که فقط در گذشته اتفاق افتاده است؟,1
2208,آیا رویدادی که باعث شده است که احساس کنید این راه اخیراً اتفاق افتاده است یا مدتها پیش؟,1
2209,آیا این اتفاقی است که اخیراً افتاده است یا چیزی دورتر است؟,1
2210,می بینم ، متشکرمآیا این ناشی از یک رویداد اخیر یا دور (یا وقایع) بود؟,1
2211,آیا این رویداد اخیراً اتفاق افتاده است یا مدتی برگشت؟,1
2212,این مهم است که بفهمید چه مدت با این موضوع سر و کار داشته اید.آیا می توانم بپرسم که آیا این یک واقعه اخیر یا دور بوده است؟,1
2213,آیا این اتفاق توسط یک واقعه اخیر یا دوردست ایجاد شده است؟,1
2214,آیا این رویداد اخیراً اتفاق افتاده است یا در گذشته؟,1
2215,با تشکر از شما ، من می خواهم بدانم که چه اتفاقی در زندگی شما فکر می کنید این احساس را برانگیخته است.آیا این یک رویداد اخیر بود یا در گذشته دورتر بود؟,1
2216,آیا می توانم بپرسم که آیا اخیراً یا مدتها پیش این اتفاق افتاده است؟,1
2217,آیا این به دلیل یک رویداد یا رویدادهای اخیر یا دورتر بوده است؟,1
2218,خوب است که اینگونه احساس کنید.آیا این رویداد اخیر بود یا چندی پیش اتفاق افتاد؟,1
2219,من میفهمم.آیا این اتفاق اخیراً رخ داده است یا این چیزی است که در گذشته دور اتفاق افتاده است؟,1
2220,متاسفم ، این باید سخت بوده است.آیا اتفاقی که اخیراً افتاد یا مدتها پیش اتفاق افتاد؟,1
2221,آیا این احساس به دلیل یک واقعه اخیر یا دوردست بوجود آمده است؟,1
2222,آیا می توانید در مورد آنچه اتفاق افتاده است بیشتر به من بگویید.آیا این رویداد دور بود یا اخیر؟,1
2223,من می فهمم ، از اینکه به اشتراک گذاشتید متشکرم.آیا می گویید که این یک رویداد اخیر یا دور بود ، تا بتوانم تصویر بهتری بگیرم؟,1
2224,آیا این رویداد اخیراً یا چندی پیش اتفاق افتاده است؟,1
2225,آیا رویدادی که باعث این احساسات اخیر شده بود یا در گذشته های دور بود؟,1
2226,آیا از گذشته دور خود چیزی را به خاطر می آورید یا چیزی جدیدتر بود؟,1
2227,آیا فکر می کنید چیزی اخیر باعث این احساس شده است ، یا چیزی دورتر بود؟,1
2228,ممنون که به من اطلاع دادیدآیا این ناشی از یک رویداد اخیر یا دور (یا وقایع) بود؟,1
2229,اوه می فهمم.آیا این اتفاق اخیراً رخ داده است یا قبل؟,1
2230,آیا این رویداد اخیراً اتفاق افتاده است یا مدتی برگشت؟,1
2231,متاسفم که این را شنیدمآیا به ویژه اتفاقات اخیر وجود دارد که شما می توانید به عنوان علت این امر جدا شوید ، یا این رویدادی است که مدتی اتفاق افتاد؟,1
2232,آیا می گویید این نتیجه یک رویداد از گذشته اخیر یا دور است؟,1
2233,متاسفم که در مورد آن شنیدمآیا این اتفاق اخیراً یا چندی پیش اتفاق افتاده است؟,1
2234,متاسفم که این را شنیدمآیا می توانم بپرسم که آیا ناشی از یک رویداد اخیر یا دوردست (یا وقایع) بوده است؟,1
2235,این اخیراً بود ، یا چندی پیش این اتفاق افتاد؟,1
2236,خیلی ممنون که به من اطلاع دادید.آیا می گویید که این یک رویداد (یا وقایع) اخیر یا دور بود که باعث این احساسات شد؟,1
2237,من می فهمم ، متشکرمو آیا این رویداد اخیر یا دورتر بود؟در هر صورت ، امیدوارم که برای شما خیلی آسیب زا نباشد.,1
2238,آیا آن رویداد اخیر بود یا در گذشته شما دورتر بود؟,1
2239,من میفهمم.آیا این مربوط به اتفاقی است که اخیراً اتفاق افتاده است یا یک رویداد دورتر؟,1
2240,من می فهمم ، متشکرمآیا می گویید این رویداد اخیراً اتفاق افتاده است ، یا چیزی را از گذشته دورتر به یاد می آورید؟,1
2241,با دانستن اینکه احساسات شما برای من مهم است ، باید در مورد تعامل قبلی خود با پروتکل ها از شما بپرسم.آیا اخیراً در هر زمان به پروتکل 6 اقدام کرده اید ، و اگر چنین بود ، احساسات سختی را برای شما به یاد می آورید که این رویداد را به خاطر بسپارید؟,2
2242,برخی از افراد دریافتند که پروتکل 6 لزوماً به آنها کمک نمی کند ، بنابراین من سعی می کنم ارزیابی کنم که آیا این می تواند برای وضعیت فعلی شما مناسب باشد یا خیر.آیا پروتکل 6 را امتحان کرده اید ، و آیا این باعث شده است که احساسات منفی را احساس کنید؟,2
2243,متشکرم ، من می فهممآیا می گویید که این احساسات منفی با تلاش اخیر در پروتکل 6 ایجاد شده است؟,2
2244,آیا می توانید به من اطلاع دهید که آیا اخیراً روی پروتکل 6 کار کرده اید و این احساسات بد را از این رویداد گذشته به وجود آورده است؟,2
2245,آیا پروتکل 6 را امتحان کرده اید و اگر چنین بود ، با نگاهی به این واقعه آسیب زا ، زخمهای قدیمی را که باعث طغیان احساسات شد ، بازگشایی کرد؟,2
2246,من تعجب می کنم ، آیا تلاش پروتکل 6 اخیراً باعث ایجاد احساس بد شده است؟اگر این اتفاق افتاد ، امیدوارم که شما از آن تمرین زیاد رنج نبرید.,2
2247,آیا توانستید پروتکل 6 را امتحان کنید ، و اگر چنین بود ، آیا احساس می کنید پروتکل همان احساسات دشوار را که در گذشته تجربه کرده اید به وجود آورده اید؟,2
2248,آیا شما به هیچ وجه پروتکل 6 را امتحان کرده اید و اگر چنین بود ، این احساسات منفی را از گذشته ایجاد کرده است؟,2
2249,من می فهمم که می تواند دشوار باشد.آیا می توانم از شما بپرسم که آیا شما پروتکل 6 را امتحان کرده اید تا احساساتی را که احساس می کنید بهتر درک کنید ، اما رسیدن به آن خیلی دردناک بود؟,2
2250,آیا اخیراً سعی کرده اید پروتکل 6 را طی کنید و در نتیجه ، احساسات کنترل نشده ای داشته باشید که با اتفاقاتی که در گذشته اتفاق افتاده است ، بازگردانده می شدند؟,2
2251,آیا می توانید به من بگویید که آیا بعد از تلاش برای پروتکل 6 برای تجدید نظر در یک واقعه آسیب زا از گذشته ، این احساس را احساس کردید؟,2
2252,آیا پروتکل 6 را انجام دادید و آیا این باعث شده است که احساس بدتر کنید؟,2
2253,آیا احساس می کنید که احساسات غم انگیز اخیر شما ممکن است به تلاش برای پروتکل 6 نسبت داده شود؟,2
2254,آیا شما سعی کردید پروتکل 6 را تکمیل کنید و منجر به ایجاد مجدد احساسات بد به دلیل اتفاقاتی که در گذشته رخ داده است؟,2
2255,آیا اخیراً پروتکل 6 را امتحان کرده اید و آیا برخی از احساسات سخت از گذشته را بازگرداند؟,2
2256,آیا سعی کردید از پروتکل 6 استفاده کنید ، و اگر چنین است ، آیا این احساسات به دلیل وقایع گذشته باعث ایجاد احساسات دشوار شده است؟,2
2257,آیا اتفاقاً پروتکل 6 را امتحان کردید و فکر می کنید به همین دلیل است که شما این احساسات منفی را دارید؟,2
2258,آیا اخیراً پروتکل 6 را امتحان کرده اید ، و اگر دارید ، آیا این احساسات دشوار از وقایع گذشته به وجود آمده است؟,2
2259,وقایع از گذشته ما ممکن است احساسات بالایی را ایجاد کند.آیا هنگام انجام پروتکل 6 احساسات منفی شدید را تجربه کرده اید؟,2
2260,آیا اخیراً پروتکل 6 را امتحان کرده اید و به دلیل خاطرات قدیمی این احساسات غیرقابل کنترل را کشف کرده اید؟,2
2261,آیا واقعاً احساس ناراحتی در این رویداد منفی گذشته می کنید؟,2
2262,آیا فکر می کنید که فکر کردن به این رویداد اکنون می تواند به شما آسیب برساند؟,2
2263,آیا سعی کرده اید از پروتکل 6 استفاده کنید و آیا احساسات ناراحت کننده را به وجود آورده است؟,2
2264,آیا اخیراً پروتکل 6 را امتحان کرده اید و متوجه شده اید که احساسات غیرقابل کنترل ناشی از وقایع گذشته به زندگی است؟,2
2265,پروتکل 6 می تواند احساساتی را که ممکن است در مدت زمان طولانی احساس نکرده باشید به وجود آورد ، بنابراین نمی دانم که آیا این انتخاب مناسبی برای شما خواهد بود.آیا این امکان وجود دارد که اخیراً به پروتکل 6 اقدام کرده باشید و این مجدداً این احساسات منفی را مجدداً مجدداً انجام داده است؟,2
2266,آیا سعی کردید پروتکل 6 را دنبال کنید و اگر چنین بود شما را ناراحت کرد؟,2
2267,با تشکر از شما برای باز بودن ، من سعی می کنم بهترین راه برای کمک به شما را تعیین کنم و بدانم که تجدید نظر در مورد تروما چقدر سخت است.من کنجکاو هستم اگر پروتکل 6 برای شما خیلی دردناک باشد؟,2
2268,آیا سعی کردید پروتکل 6 را انجام دهید ، و اگر چنین بود باعث ایجاد احساسات ناراحت کننده شد؟,2
2269,آیا اخیراً به پروتکل 6 اقدام کرده اید و در نتیجه وقایع آسیب زا را زنده کرده است؟,2
2270,آیا پروتکل 6 را امتحان کرده اید و شاید دریافتید که این به روشی که امیدوار بودید کمکی نمی کند؟,2
2271,من فکر می کنم پروتکل 6 ممکن است کمک کند ، اما من می خواهم قبل از پیشنهاد آن کمی بیشتر تحقیق کنم.اگر اخیراً پروتکل 6 را امتحان کرده اید ، می توانید به من بگویید که آیا این احساسات غیرقابل کنترل را به دلیل وقایع قدیمی به وجود آورده است؟,2
2272,آیا اخیراً سعی کرده اید در مورد این رویداد فکر کنید اما آن را خیلی دردناک دیدید؟,2
2273,آیا پروتکل 6 را امتحان کرده اید و اگر چنین است ، آیا در مورد گذشته افکار منفی داشتید که باعث شده ذهن شما در آن جهت سرگردان شود؟,2
2274,آیا استفاده از پروتکل 6 پس از این اتفاق ، احساسات شما را بر اساس این وضعیت گذشته غیرقابل کنترل تر کرد؟,2
2275,قبل از اینکه بیشتر پیش برویم ، می خواهم به سنجش بپردازم که کدام پروتکل می تواند به بهترین وجه مناسب شما باشد.آیا قبلاً پروتکل 6 را پشت سر گذاشته اید و دریافتید که این امر بر شما تأثیر منفی گذاشته است؟,2
2276,آیا می توانید به من اطلاع دهید که آیا اخیراً به پروتکل 6 اقدام کرده اید و این احساسات غیرقابل کنترل را در نتیجه وقایع قدیمی پیدا کرده اید؟,2
2277,باشه ، از این بابت متشکرمآیا اخیراً پروتکل 6 را امتحان کرده اید ، و آیا باعث شده احساسات سخت از بین بروند؟,2
2278,آیا پروتکل 6 را امتحان کردید ، و اگر چنین است ، آیا این باعث شده است که احساس بدتر کنید؟,2
2279,این مایه تاسف استآیا پروتکل 6 را امتحان کرده اید و آیا همان احساسات دشواری را که نسبت به این رویداد احساس کرده اید ، برانگیخته است؟,2
2280,آیا به دلیل وقایع گذشته ، متوجه شدید که آیا احساسات غیرقابل تحمل وجود دارد که از تلاش برای پروتکل 6 (اگر این کار را انجام داده اید) وجود داشته است؟,2
2281,آیا این احساسی است که نتیجه شما در حال انجام پروتکل 6 است؟,2
2282,بسیار متاسفم که شما این کار را می کنید.آیا اخیراً به پروتکل 6 اقدام کرده اید و این احساسات غیرقابل کنترل را در نتیجه وقایع قدیمی پیدا کرده اید؟,2
2283,تمرینات موجود در پروتکل 6 برای برخی می تواند دشوار باشد ، بنابراین من می خواهم بدانم که آیا آنها می توانند انتخاب مناسبی برای شما باشند.آیا تمرینات موجود در پروتکل 6 را انجام داده اید و آنها را دشوار یا آسیب زا می دانید؟,2
2284,با تشکر از شما برای به اشتراک گذاشتن این با من ، می فهمم که می تواند دشوار باشد.من می خواهم از شما بپرسم که آیا اخیراً به پروتکل 6 اقدام کرده اید و اگر چنین است ، اگر در نتیجه آن احساس مضرات بیشتری کرده اید.,2
2285,آیا می توانم بپرسم که آیا قبلاً پروتکل 6 را پشت سر گذاشته اید و دریافتم که احساسات دشوار را به وجود آورده است؟,2
2286,آیا با تلاش برای پروتکل 6 سعی کرده اید به آن واقعه فکر کنید ، و اگر چنین بود ، آیا این احساسات دشوار را به وجود آورد؟,2
2287,آیا اخیراً در تلاش بودید با پروتکل 6 به جلو بروید و آیا ترومای که مورد بررسی مجدد قرار گرفتید ، مقابله با آن بسیار دشوار شد؟,2
2288,با تشکر از شما برای آن ، شاید پروتکل 6 بتواند به شما در مقابله با این رویداد کمک کند ، اما قبل از اینکه بتوانم آن را توصیه کنم می خواهم اطمینان حاصل کنم که در گذشته تجربه بدی با آن نداشته اید.آیا قبلاً به پروتکل 6 اقدام کرده اید و اگر چنین است ، آیا احساسات دشوار یا آسیب زا را برانگیخته است؟,2
2289,با دانستن اینکه احساسات شما برای من مهم است ، باید در مورد تعامل قبلی خود با پروتکل ها از شما بپرسم.آیا اخیراً در هر زمان به پروتکل 11 اقدام کرده اید ، و در این صورت احساسات سختی را برای شما به یاد می آورید که این رویداد را به خاطر بسپارید؟,3
2290,برخی از مردم دریافتند که پروتکل 11 لزوماً به آنها کمک نمی کند ، بنابراین من سعی می کنم ارزیابی کنم که آیا این می تواند برای وضعیت فعلی شما مناسب باشد یا خیر.آیا پروتکل 11 را امتحان کرده اید ، و آیا این باعث شده است که احساسات منفی را احساس کنید؟,3
2291,متشکرم ، من می فهممآیا می گویید که این احساسات منفی با تلاش اخیر در پروتکل 11 ایجاد شده است؟,3
2292,آیا می توانید به من اطلاع دهید که آیا اخیراً روی پروتکل 11 کار کرده اید و این احساسات بدی از این رویداد اخیر به وجود آورده است؟,3
2293,آیا پروتکل 11 را امتحان کرده اید و اگر چنین بود ، با نگاهی به این رویداد اخیر ، زخمهای خود را دوباره به وجود آورد که باعث طغیان احساسات شد؟,3
2294,من تعجب می کنم ، آیا تلاش پروتکل 6 اخیراً باعث ایجاد احساس بد شده است؟اگر این اتفاق افتاد ، امیدوارم که شما از آن تمرین زیاد رنج نبرید.,3
2295,آیا توانستید پروتکل 11 را امتحان کنید ، و اگر چنین بود ، آیا احساس می کنید پروتکل همان احساسات دشوار را که در طول این رویداد تجربه کرده اید به وجود آورده اید؟,3
2296,آیا شما به هیچ وجه پروتکل 11 را امتحان کرده اید و اگر چنین بود ، این احساسات منفی از گذشته اخیر را ایجاد کرده است؟,3
2297,من می فهمم که می تواند دشوار باشد.آیا می توانم بپرسم که آیا شما پروتکل 11 را امتحان کرده اید تا احساساتی را که احساس می کنید بهتر درک کنید ، اما رسیدن به آن خیلی دردناک بود؟,3
2298,آیا اخیراً سعی کرده اید پروتکل 11 را طی کنید و در نتیجه ، احساسات کنترل نشده ای داشته باشید که توسط اتفاقاتی که در گذشته اخیر اتفاق افتاده است ، دوباره بازگردانده شده اند؟,3
2299,آیا می توانید به من بگویید که آیا بعد از تلاش برای پروتکل 11 برای تجدید نظر در این رویداد از گذشته اخیر ، احساس این راه را کردید؟,3
2300,آیا پروتکل 11 را انجام دادید و آیا این باعث شده است که احساس بدتر کنید؟,3
2301,آیا احساس می کنید که احساسات غم انگیز اخیر شما ممکن است به تلاش برای پروتکل 11 نسبت داده شود؟,3
2302,آیا سعی کردید پروتکل 11 را تکمیل کنید و این امر به دلیل اتفاقاتی که در گذشته اخیر رخ داده است ، باعث ایجاد مجدد احساسات بد شد؟,3
2303,آیا اخیراً پروتکل 11 را امتحان کرده اید و آیا برخی از احساسات سخت از گذشته اخیر را بازگرداند؟,3
2304,آیا سعی کردید از پروتکل 11 استفاده کنید ، و اگر چنین است ، آیا این احساسات به دلیل وقایع اخیر باعث ایجاد احساسات دشوار شده است؟,3
2305,آیا اتفاقاً پروتکل 11 را امتحان کردید و فکر می کنید به همین دلیل است که شما این احساسات منفی را دارید؟,3
2306,آیا اخیراً پروتکل 11 را امتحان کرده اید ، و اگر دارید ، احساسات سختی را از وقایع اخیر به وجود آورد؟,3
2307,وقایع از گذشته اخیر ما ممکن است باعث افزایش احساسات شود.آیا هنگام انجام پروتکل 11 احساسات منفی شدید را تجربه کرده اید؟,3
2308,آیا اخیراً پروتکل 11 را امتحان کرده اید و به دلیل خاطرات اخیر این احساسات غیرقابل کنترل را کشف کرده اید؟,3
2309,آیا واقعاً احساس ناراحتی می کنید که این رویداد منفی اخیر را از بین ببرید؟,3
2310,آیا فکر می کنید که فکر کردن به این رویداد اکنون می تواند به شما آسیب برساند؟,3
2311,آیا سعی کرده اید از پروتکل 11 استفاده کنید و آیا احساسات ناراحت کننده را به وجود آورده است؟,3
2312,آیا اخیراً پروتکل 11 را امتحان کرده اید و متوجه شده اید که احساسات غیرقابل کنترل ناشی از وقایع اخیر به زندگی است؟,3
2313,پروتکل 11 می تواند احساساتی را که ممکن است در مدتی احساس نکرده باشید به وجود آورد ، بنابراین نمی دانم که آیا این انتخاب مناسب برای شما خواهد بود.آیا این امکان وجود دارد که اخیراً به پروتکل 11 اقدام کرده باشید و این احساسات منفی را به خود جلب کرده است؟,3
2314,آیا سعی کردید پروتکل 11 را دنبال کنید و اگر چنین بود شما را ناراحت کرد؟,3
2315,با تشکر از شما برای باز بودن ، من سعی می کنم بهترین راه برای کمک به شما را تعیین کنم و بدانم که تجدید نظر در مورد تروما چقدر سخت است.من کنجکاو هستم اگر پروتکل 11 برای شما خیلی دردناک باشد؟,3
2316,آیا سعی کردید پروتکل 11 را انجام دهید ، و اگر چنین بود باعث ایجاد احساسات ناراحت کننده شد؟,3
2317,آیا اخیراً به پروتکل 11 اقدام کرده اید و در نتیجه وقایع آسیب زا را زنده کرده است؟,3
2318,آیا پروتکل 11 را امتحان کرده اید و شاید دریافتید که این به روشی که امیدوار بودید کمکی نمی کند؟,3
2319,من فکر می کنم پروتکل 11 ممکن است کمک کند ، اما من می خواهم قبل از پیشنهاد آن کمی بیشتر تحقیق کنم.اگر اخیراً پروتکل 11 را امتحان کرده اید ، می توانید به من بگویید که آیا این احساسات غیرقابل کنترل را به دلیل وقایع اخیر به وجود آورده است؟,3
2320,آیا اخیراً سعی کرده اید در مورد این رویداد فکر کنید اما آن را خیلی دردناک دیدید؟,3
2321,آیا پروتکل 11 را امتحان کرده اید و اگر چنین است ، آیا در مورد گذشته اخیر که باعث شده ذهن شما در آن جهت سرگردان باشد ، افکار منفی داشتید؟,3
2322,آیا استفاده از پروتکل 11 پس از این اتفاق ، احساسات شما را بر اساس این وضعیت اخیر غیرقابل کنترل تر کرد؟,3
2323,قبل از اینکه بیشتر پیش برویم ، می خواهم به سنجش بپردازم که کدام پروتکل می تواند به بهترین وجه مناسب شما باشد.آیا قبلاً پروتکل 11 را پشت سر گذاشته اید و دریافتید که این امر بر شما تأثیر منفی گذاشته است؟,3
2324,آیا می توانید به من اطلاع دهید که آیا اخیراً به پروتکل 11 اقدام کرده اید و این احساسات غیرقابل کنترل را در نتیجه وقایع اخیر پیدا کرده اید؟,3
2325,باشه ، از این بابت متشکرمآیا اخیراً پروتکل 11 را امتحان کرده اید ، و آیا باعث شده احساسات سخت از بین بروند؟,3
2326,آیا پروتکل 11 را امتحان کردید ، و اگر چنین است ، آیا این باعث شده است که احساس بدتر کنید؟,3
2327,این مایه تاسف استآیا پروتکل 11 را امتحان کرده اید و آیا همان احساسات دشواری را که نسبت به این رویداد احساس کرده اید ، برانگیخته است؟,3
2328,آیا به دلیل وقایع اخیر ، متوجه شده اید که آیا احساسات غیرقابل تحمل وجود دارد که از تلاش برای پروتکل 11 (اگر این کار را انجام داده اید) به وجود آمده است؟,3
2329,آیا این احساسی است که نتیجه شما در حال انجام پروتکل 11 است؟,3
2330,بسیار متاسفم که شما این کار را می کنید.آیا اخیراً به پروتکل 11 اقدام کرده اید و این احساسات غیرقابل کنترل را در نتیجه وقایع اخیر پیدا کرده اید؟,3
2331,تمرینات موجود در پروتکل 11 برای برخی می تواند دشوار باشد ، بنابراین من می خواهم بدانم که آیا آنها می توانند انتخاب مناسبی برای شما باشند.آیا تمرینات موجود در پروتکل 11 را انجام داده اید و آنها را دشوار یا آسیب زا می دانید؟,3
2332,با تشکر از شما برای به اشتراک گذاشتن این با من ، می فهمم که می تواند دشوار باشد.من می خواهم از شما بپرسم که آیا اخیراً به پروتکل 11 اقدام کرده اید و اگر چنین است ، اگر در نتیجه آن احساس مضرات بیشتری کرده اید.,3
2333,آیا می توانم بپرسم که آیا شما قبلاً پروتکل 11 را پشت سر گذاشته اید و دریافتم که این احساسات دشوار را به وجود آورده است؟,3
2334,آیا سعی کرده اید با تلاش برای پروتکل 11 به آن رویداد فکر کنید ، و اگر چنین بود ، آیا این احساسات دشوار را به وجود آورد؟,3
2335,آیا اخیراً در تلاش بودید با پروتکل 11 به جلو بروید و آیا ترومای که مورد بررسی مجدد قرار گرفتید ، مقابله با آن بسیار دشوار شد؟,3
2336,با تشکر از شما برای آن ، شاید پروتکل 11 بتواند به شما در مقابله با این رویداد کمک کند ، اما قبل از اینکه بتوانم آن را توصیه کنم می خواهم اطمینان حاصل کنم که در گذشته تجربه بدی با آن نداشته اید.آیا قبلاً به پروتکل 11 اقدام کرده اید و اگر چنین است ، آیا احساسات دشوار یا آسیب زا را برانگیخته است؟,3
2337,با تشکر از شما که تاکنون بسیار مفید و صبور هستید.اگر مهم نیست ، من چند سوال دیگر دارم که به من کمک می کند تا وضعیت را درک کنم.,4
2338,از اینکه این را با من به اشتراک گذاشتید متشکرممن قصد دارم سؤالاتی از شما بپرسم تا بتوانیم به آنچه شما را نگران می کند برسیم.,4
2339,ممنون که صبر کردید.اکنون برای کمک به درک وضعیت شما چند سوال از شما می پرسم.,4
2340,ممنون که به من گفتیاکنون چند سؤال از شما می پرسم تا کمی بیشتر در مورد وضعیت شما بیاموزید.,4
2341,متشکرم ، من از آن قدردانی می کنم.من قصد دارم با پرسیدن چند سؤال دیگر ، سعی کنم و به پایین این برسم.,4
2342,من از تلاشهای شما قدردانی می کنم ، حتی اگر باید برای شما سخت باشد.من الان چند سوال دارم که به درک وضعیت شما کمک می کنم.,4
2343,از اینکه احساسات خود را به اشتراک گذاشتید متشکرممن چند سوال دارم که به من در درک وضعیت شما کمک می کنم.,4
2344,من با احساسات شما هماهنگ هستم و خواهیم فهمید که چگونه می توان بر آن غلبه کرد.من می خواهم چند سؤال دیگر از شما بپرسم تا بهتر درک کنید که چرا چنین احساسی دارید.,4
2345,با تشکر از به اشتراک گذاشتن آناگر با شما مشکلی نداشته باشد ، من سوالات بیشتری دارم.,4
2346,با تشکر از شما برای به اشتراک گذاشتن همه اینها با من ، تصور می کنم باید دشوار باشد.من می خواهم بهتر درک کنم که با چند سوال دیگر چه می گذرانید.,4
2347,خیلی ممنونم که این موضوع را با من به اشتراک گذاشتید ، می توانم با این احساس ارتباط برقرار کنم.من فقط باید چند سؤال بپرسم تا درک بهتری از آنچه در حال حاضر با آنها سر و کار دارید ، بدست آورم.,4
2348,با تشکر از پاسخ های شما تاکنوناگر اشکالی نداشته باشد ، من برای درک بهتر سؤالات بیشتری خواهم پرسید.,4
2349,من می فهمم که شما احساس کم شدن می کنید ، و از شنیدن آن متاسفم.چگونه در مورد ما چند سؤال را طی می کنیم و به برخی از رویکردها نگاه می کنیم که ممکن است به شما در احساس بهتر کمک کند.,4
2350,با تشکر از شما ، امیدوارم که بتوانیم درک بهتری از مشکلات اخیر شما بدست آوریم.من امروز چند سوال دیگر برای شما دارم ، اگر اشکالی ندارد.,4
2351,متشکرم که به من اطلاع دادید ، من از آن قدردانی می کنم.کاری که اکنون می خواهم انجام دهم این است که چند سؤال در مورد آنچه اتفاق می افتد بپرسم تا بتوانم بهتر بفهمم چه اتفاقی می افتد.,4
2352,با تشکر از اشتراک گذاریلطفا اجازه دهید چند سوال از شما بپرسم تا بهتر بفهمم چگونه می توانم کمک کنم.,4
2353,از پاسخ های شما تاکنون متشکرمسؤالات بعدی به درک بهتر آنچه تجربه می کنید کمک می کند.,4
2354,با تشکر از به اشتراک گذاشتن آناگر احساس می کنید چند سوال دیگر دارم.,4
2355,از اینکه این را با من به اشتراک گذاشتید متشکرماکنون می خواهم چند سؤال از شما بپرسم تا بتوانم وضعیت شما را بهتر درک کنم.,4
2356,من از اشتراک گذاری شما قدردانی می کنمبیایید در مورد این موضوع بیشتر صحبت کنیم.,4
2357,من قدردانی می کنم که این را با من به اشتراک گذاشتید.من می خواهم که اگر همه چیز با شما باشد ، اکنون اطلاعات بیشتری را در اختیار من قرار دهید.,4
2358,با عرض پوزش از شنیدن مشکلات شمااکنون می خواهم چند سؤال بپرسم تا وضعیت شما را درک کنم.,4
2359,متشکرم که این را برای من توضیح دادید.من می خواهم برخی از سوالات پیگیری را بپرسم.,4
2360,برای درک دلیل اینکه شما این روش را با جزئیات احساس می کنید ، اکنون می خواهم اگر ممکن است سؤالاتی از شما بپرسم.,4
2361,من از صراحت شما قدردانی می کنممن چند چیز دیگر دارم که می خواهم درک کنم.,4
2362,خیلی ممنون.حال اگر خوب باشد ، من سعی می کنم درک بهتری از وضعیت شما داشته باشم.,4
2363,من می فهمم که شما چه می گذرد.اکنون می خواهم چند سؤال بپرسم تا بیشتر معضل شما را درک کند.,4
2364,از اینکه به اشتراک گذاشتید متشکرم ، من اینجا هستم تا گوش کنم.لطفا اجازه دهید چند سوال دیگر از شما بپرسم.,4
2365,از اینکه خیلی باز بودید متشکرم و می دانم این چقدر سخت است.من چند سوال دیگر دارم که سعی می کنم بهتر درک کنم که در کجا هستید و چگونه می توانید کمک کنید.,4
2366,من می فهمم که شما غمگین هستید و در این وضعیت پیچیده کاملاً منطقی است.من چند سوال دارم که اکنون از شما می پرسم ، تا به من کمک کنم تا بفهمم چه اتفاقی می افتد.,4
2367,متشکرم.اکنون برای درک بهتر وضعیت شما چند سوال از شما می پرسم.,4
2368,از اینکه امروز این را با من به اشتراک گذاشتید متشکرممن چیزهای دیگری دارم که می خواهم از آنها بخواهم برای درک بهتر وضعیت شما کمک کنم.,4
2369,خیلی ممنون که با من صحبت کردممن می خواهم چند سؤال از شما بپرسم تا بتوانم وضعیت شما را بهتر بدانم.,4
2370,با تشکر از شما برای به اشتراک گذاری این.حالا من می خواهم وضعیت شما را بهتر درک کنم ، بنابراین اگر این اشکالی ندارد ، چند سؤال از شما می پرسم.,4
2371,اگر اشکالی ندارد ، می خواهم چند سوال از شما بپرسم تا وضعیت خود را بهتر درک کنم.,4
2372,با تشکر از شما برای به اشتراک گذاشتن آنمن می خواهم با پرسیدن برخی از سؤالات پیگیری ، بهتر بفهمم چه اتفاقی افتاده است.,4
2373,با تشکر از شما برای به اشتراک گذاری.اگر اشکالی ندارد ، من می خواهم چند سؤال بپرسم تا درک بهتری از آنچه می گذرانید ، بدست آورم.,4
2374,متشکرم.من می خواهم برای درک بهتر وضعیتی که تجربه می کنید ، از شما سؤالاتی بپرسم.,4
2375,باشه ، از این بابت متشکرملطفاً با چند سوال دیگر وضعیت شما را بهتر درک کنم.,4
2376,خوب ، متشکرم ، بیایید ببینیم آیا می توانیم به پایین این برسیم.اگر فکر نمی کنید می خواهم چند سوال دیگر از شما بپرسم.,4
2377,متشکرم ، متاسفم که شما در حال حاضر در حال تلاش هستید و می خواهید کمک کنید.بیایید به سؤالات بعدی برویم و سعی کنیم این وضعیت را حل کنیم.,4
2378,بسیار از شما متشکرم.اکنون می خواهم با پرسیدن برخی از سؤالات اضافی ، بیشتر در درک معضل شما بپردازم.,4
2379,متاسفم که شما صدمه دیده اید ، لطفاً با من همراه باشید در حالی که من سعی می کنم این موضوع را بیشتر بررسی کنم.من می خواهم چند سؤال دیگر از شما بپرسم تا بتوانم اوضاع را کمی بهتر درک کنم.,4
2380,با تشکر از اینکه این را با من به اشتراک گذاشتید ، می خواهم به نوعی به شما کمک کنم.حالا من چند سؤال خواهم پرسید تا وضعیت شما را بفهمم.,4
2381,ممنون که این را به من گفتیآیا اگر من در مورد این احساسات از شما سؤال می کردم ، فکر می کنید؟,4
2382,از اینکه احساسات خود را با من به اشتراک گذاشتید متشکرم ، من از اعتماد شما قدردانی می کنم.اگر مهم نیست ، اکنون چند سؤال از شما می پرسم تا وضعیت را بهتر درک کنم.,4
2383,با تشکر از شما برای به اشتراک گذاشتن ، متاسفم که شما این کار را می کنید.من فقط می خواهم چند سؤال دیگر بپرسم تا اکنون چه احساسی را درک می کنید.,4
2384,متشکرم.من می خواهم چند سؤال دیگر از شما بپرسم که ممکن است به من در درک کمک کند.,4
2385,متشکرم ، من قدردانی می کنم که با من به اشتراک گذاشتید ، می دانم که این می تواند دشوار باشد.من می خواهم چند سوال دیگر بپرسم تا وضعیت خود را بهتر بشناسم.,4
2386,با تشکر از شما برای باز کردن من ، می فهمم که می تواند دشوار باشد و از صداقت شما قدردانی می کنم.من می خواهم چند سوال دیگر از شما بپرسم تا بتوانم به شما بهتر کمک کنم ، اگر با شما خوب است.,4
2387,من می فهمم که ممکن است دشوار باشد ، اما اگر بتوانید این موضوع را با من به اشتراک بگذارید ، بسیار قدردانی می کنم.ممکن است بپرسم که آیا شما هر یک از این احساسات قوی نسبت به کسی را بیان کرده اید یا احساس کرده اید:,5
2388,آیا هیچ یک از احساسات قوی زیر را نسبت به شخص دیگری داشته اید یا ابراز کرده اید:,5
2389,با تشکر ، من از صبر شما قدردانی می کنم.آیا می گویید که به شدت احساس کرده اید یا احساسات زیر را نسبت به کسی بیان کرده اید:,5
2390,آیا می توانید به من بگویید که آیا اخیراً هیچ یک از احساسات زیر را تجربه کرده اید یا اینکه این احساسات را به شخص دیگری نشان داده اید:,5
2391,آیا می توانید به زمانی فکر کنید که به شدت احساس کرده اید یا این احساسات را به شخص دیگری نشان داده اید:,5
2392,اگر با شما اشکالی ندارد ، می توانید به من اطلاع دهید که آیا شما نسبت به هر کسی هیچ یک از این احساسات قوی داشته اید:,5
2393,آیا خود را احساس کرده اید و یا هر یک از احساسات زیر را نسبت به شخص دیگری بیان کرده اید:,5
2394,ممکن است بپرسم که آیا اخیراً هیچ یک از این احساسات را احساس کرده اید یا نشان داده اید:,5
2395,اگر ممکن است ، آیا شما در شرکت کسی احساس یا ابراز احساسات شدید از احساسات زیر داشته اید:,5
2396,در این زمان دشوار ، احساس هر یک از احساسات قوی زیر را داشته اید:,5
2397,آیا خود را به شدت احساس کرده اید یا هر یک از احساسات زیر را نسبت به کسی بیان کرده اید:,5
2398,اگر مشکلی نیست ، آیا می توانید به من بگویید که آیا هر یک از این احساسات را نسبت به کسی ابراز کرده اید:,5
2399,آیا اخیراً هیچ یک از این احساسات شما را آزار داده است:,5
2400,آیا می توانید به من بگویید اگر در بیان یا احساس شدید هر یک از این احساسات ذکر شده مشکل داشته اید:,5
2401,آیا شما هیچ یک از احساسات قدرتمند زیر را در مورد شخصی به طور خاص تجربه کرده اید ، و یا آنها را به آن شخص ارتباط برقرار کرده اید:,5
2402,آیا با کسی بحث کرده اید یا هیچ یک از این احساسات قوی را احساس کرده اید:,5
2403,آیا با احساس هر یک از این احساسات نسبت به شخص دیگری زحمت کشیده اید:,5
2404,آیا هیچ یک از این احساسات را با هر کسی در زندگی خود احساس کرده اید یا به اشتراک گذاشته اید:,5
2405,اکنون می خواهم لیستی از احساسات را به شما نشان دهم.لطفاً به من بگویید که آیا به شدت احساس کرده اید یا هر یک از این احساسات را نسبت به کسی بیان کرده اید:,5
2406,آیا در مورد احساس هر یک از این احساسات احساس کرده اید یا با هر کس دیگری صحبت کرده اید:,5
2407,آیا خودتان هیچ یک از این احساسات منفی را تجربه کرده اید و/یا آنها را نسبت به شخص دیگری نشان داده اید:,5
2408,آیا احساسات زیر را نسبت به کسی احساس کرده اید یا ابراز کرده اید:,5
2409,آیا هیچ یک از احساسات شدید زیر را نسبت به افراد دیگر احساس کرده اید:,5
2410,من از احساساتی که به اشتراک گذاشتید سپاسگزارم.ممکن است بپرسم که آیا شما هیچ یک از این احساسات را تجربه کرده اید:,5
2411,اخیراً احساس عمیق هر یک از احساسات زیر نسبت به شخص دیگری کرده اید:,5
2412,آیا شما هیچ یک از این احساسات را نسبت به هر کسی تجربه کرده اید یا نشان داده اید:,5
2413,موقعیت های دشوار می تواند احساسات ما را در لبه احساس کند.آیا شما هیچ یک از این احساسات قوی را داشته اید و یا آنها را نسبت به دیگری ابراز کرده اید:,5
2414,آیا اخیراً هیچ یک از احساسات زیر را تجربه کرده اید:,5
2415,من قصد دارم لیستی از احساسات ناسالم را به شما نشان دهم که با این وجود در بعضی مواقع احساس یا ابراز نسبت به دیگران می کنند.لطفاً به من اطلاع دهید که آیا شما هر یک از احساسات زیر را نسبت به افراد زندگی خود به شدت تجربه کرده اید:,5
2416,آیا یا هیچ یک از این احساسات را نسبت به شخص دیگری احساس کرده اید یا عمل کرده اید:,5
2417,آیا اخیراً هیچ یک از این احساسات را نسبت به هر کسی احساس کرده اید:,5
2418,برخی از احساسات وجود دارد که من می خواهم بدانم که آیا آنها اخیراً در زندگی شما حضور داشته اند.آیا با هر یک از این احساسات شناسایی می کنید:,5
2419,احساس راحتی کنید که آیا شما هر یک از احساسات را نسبت به هر کسی احساس کرده اید یا ابراز کرده اید:,5
2420,آیا به یاد می آورید که هر یک از این احساسات منفی شدید را نسبت به کسی داشته باشید یا بیان کنید:,5
2421,من می خواهم بدانم که آیا شما هر یک از این احساسات را نسبت به کسی احساس کرده اید:,5
2422,آیا بعضی از این احساسات خاص را نسبت به شخص دیگری احساس کرده اید یا نشان داده اید:,5
2423,شرایط دشوار می تواند بر احساسات و رفتارهای ما تأثیر بگذارد.آیا خود را احساس کرده اید یا هر یک از احساسات زیر را نسبت به دیگران بیان کرده اید:,5
2424,آیا می توانید به من اطلاع دهید که آیا شما به شدت احساس کرده اید یا احساسات زیر را نسبت به کسی بیان کرده اید:,5
2425,آیا می گویید که شما به شدت احساس کرده اید یا هر یک از این احساسات را به دیگران بیان کرده اید:,5
2426,آیا وضعیت فعلی باعث می شود هر یک از این موارد را احساس کنید:,5
2427,اگر به یاد داشته باشید ، می توانید به من بگویید که آیا هر یک از این احساسات قوی نسبت به شخص دیگری احساس کرده اید:,5
2428,آیا شما اصرار جدی برای بیان احساسات زیر نسبت به افراد دیگر داشته اید یا خودتان را به شدت احساس کرده اید:,5
2429,آیا شما هیچ یک از این احساسات قوی نسبت به کسی داشتید ، خواه در مورد آن به آنها گفته باشید یا نه:,5
2430,من با احساسات شما هماهنگ هستم و خواهیم فهمید که بر آن غلبه کنیم.آیا شما به شدت احساس کرده اید یا احساسات زیر را نسبت به کسی بیان کرده اید:,5
2431,من می خواهم بدانم که آیا شما هر یک از احساسات زیر را به شدت احساس کرده اید یا بیان کرده اید:,5
2432,با تشکر از شما ، من می خواهم بدانید که حتی اگر بتوانیم آنها را درک کنیم و از آنها یاد بگیریم ، حتی احساسات منفی می توانند به رشد ما کمک کنند.آیا اخیراً هر یک از احساسات زیر را نسبت به هر کسی که می شناسید تجربه کرده اید:,5
2433,با تشکر از شما برای اعتماد به من ، اکنون می خواهم بدانم که اخیراً با چه احساسی روبرو شده اید.آیا می توانید به من بگویید که آیا هر یک از احساسات زیر را احساس کرده اید:,5
2434,ما ممکن است بعضی اوقات احساسات دشوار را تجربه کنیم که ممکن است از پذیرش خجالت بکشیم ، اما آنها کاملاً طبیعی هستند و مهم است که ما آنها را بشناسیم و با آنها برخورد کنیم.آیا می توانید به من بگویید که آیا شما هر یک از احساسات زیر را احساس کرده اید یا ابراز کرده اید:,5
2435,آیا فکر می کنید هر یک از احساسات زیر به طور مناسب توصیف کرده اید که اخیراً احساس کرده اید یا بیان کرده اید:,5
2436,من می خواهم در مورد احساسات منفی که ممکن است احساس کرده باشید از شما بپرسم.این کاملاً طبیعی است که بعضی اوقات آنها را احساس کنیم ، اما مهم است که یاد بگیریم قبل از زندگی ما آنها را بشناسیم.آیا به گذشته اخیر خود فکر می کنید ، آیا ممکن است در بعضی مواقع هر یک از احساسات زیر را نسبت به کسی احساس کرده باشید:,5
2437,آیا احساس می کنید همیشه باید برای کسی در آنجا باشید؟,6
2438,آیا احساس می کنید که منجی کسی بودن مسئولیت شماست؟,6
2439,آیا احساس می کنید باید شخص دیگری را نجات دهید؟,6
2440,آیا شما اعتقاد دارید که باید شخصی را نجات دهید؟,6
2441,آیا احساس می کنید در این شرایط باید به شخص دیگری کمک کنید؟,6
2442,آیا احساس می کنید که باید به کسی کمک کنید؟,6
2443,آیا ممکن است احساس کنید که باید ناجی شخص دیگری باشید؟,6
2444,آیا احساس می کنید که باید ناجی شخص دیگری باشید؟,6
2445,آیا فکر می کنید وظیفه شماست که شخص دیگری را نجات دهید؟,6
2446,آیا در موقعیتی که نمی توانید به شخص دیگری کمک کنید دشوار است؟,6
2447,آیا فکر می کنید همیشه باید افراد را از دردسر نجات دهید ، حتی اگر خودشان آن را ایجاد کنند؟,6
2448,آیا برای نجات دیگران احساس وزنی روی شانه های خود می کنید؟,6
2449,آیا احساس می کنید کسی را رها کرده اید؟,6
2450,آیا شما احساس می کنید یا به هر چیزی فکر می کنید که به شما بخواهد شخص دیگری را نجات دهید؟,6
2451,آیا فکر می کنید باید ناجی شخص دیگری باشید؟,6
2452,آیا شما اعتقاد دارید که نجات زندگی شخصی باعث می شود احساس بهتری نسبت به خود داشته باشید؟,6
2453,من می خواهم بهتر درک کنم که چرا در حال حاضر این احساس منفی را تجربه می کنید.آیا احساس می کنید که باید شخص دیگری را نجات دهید؟,6
2454,فکر می کنید این مأموریت شما برای نجات شخص دیگری است؟,6
2455,فکر می کنید باید خود را برای دیگران فدا کنید؟,6
2456,آیا می گویید که مستعد تلاش برای کمک به دیگران هستید ، احتمالاً حتی با هزینه خوشبختی خود؟,6
2457,اگر ممکن است ، فکر می کنید شاید شما سعی کنید ناجی شخص دیگری باشید؟,6
2458,آیا نگرانی فعلی شما در مورد شخصی که سعی در کمک به آن دارید می چرخد؟,6
2459,آیا ممکن است این باشد که شما سعی می کنید شخص دیگری را در اینجا نجات دهید؟,6
2460,آیا فکر می کنید ممکن است در جایی در ذهن شما اتفاق بیفتد و باعث شود احساس کنید که باید به عنوان یک شخص ناجی برای برخی از افراد دیگر در زندگی خود عمل کنید؟,6
2461,آیا ناجی بودن شخص دیگری برای شما مهم است و آیا شما خوب است؟,6
2462,آیا خود را ناجی شخص دیگری می دانید؟,6
2463,آیا فکر می کنید مشکل شخص دیگری باید مشکل شما برای حل باشد؟,6
2464,آیا احساس می کنید کسی به کمک شما احتیاج دارد؟,6
2465,وفاداری و مفید بودن همیشه فضیلت های زیبایی وجود دارد ، با این حال ، اگر شروع به فراموش کردن رفاه خود کنیم ، می توانند ناسالم شوند.آیا فکر می کنید برای شما مهمتر از این است که به دیگران کمک کنید تا رشد و تمرکز روی خود؟,6
2466,آیا شما اعتقاد دارید که می توانید حتی به هزینه خوشبختی خود به شخص دیگری نیز کمک کنید؟,6
2467,آیا فکر می کنید ، شاید ، کمک به خود به خودتان نیز ممکن است به شخص دیگری کمک کند؟,6
2468,آیا مسئولیت نتیجه سرنوشت شخص دیگری را بر عهده دارید؟,6
2469,آیا احساس می کنید که از شما انتظار می رود دیگران را نجات دهید؟,6
2470,آیا شما اعتقاد دارید شخصی وجود دارد که سزاوار نجات توسط شما باشد؟,6
2471,آیا احساس می کنید کاری وجود دارد که می توانید انجام دهید که شخص دیگری را بهتر کند؟,6
2472,آیا احساس می کنید که اقدامات شما در تلاش است تا کارها را برطرف کند ، کمک کند یا برای کسی درست شود؟,6
2473,آیا می توانم بپرسم آیا شما اعتقاد دارید که این مسئولیت خود شماست که شخص دیگری را از مشکلات آنها نجات دهید؟,6
2474,از همکاری شما تاکنون متشکرمآیا می توانم بپرسم آیا شما احساس می کنید که افراد دیگر در زندگی خود را از مشکلات خود نجات می دهید؟,6
2475,آیا احساس می کنید که باید ناجی شخص دیگری باشید؟,6
2476,متشکرم ، اکنون می خواهم یک سوال ساده از شما بپرسم تا بتوانم بهتر درک کنم.آیا نجات دیگران شما را خوشحال می کند؟,6
2477,آیا احساس می کنید باید از دیگران مراقبت کنید؟,6
2478,آیا روحیه فعلی شما می تواند به این واقعیت بستگی داشته باشد که شما قادر به کمک به یک عزیز نبودید ، آیا به همین دلیل احساس گناه می کنید؟,6
2479,من می خواهم کمی در مورد چگونگی مشاهده نقش خود در حلقه اجتماعی خود بدانم.آیا اغلب احساس می کنید که وظیفه شماست که دیگران را نجات دهید ، یا اینکه افراد دیگر از شما انتظار دارند اینگونه باشید؟,6
2480,آیا این امکان وجود دارد که غم و اندوه شما با عدم توانایی نجات شخصی در زندگی خود که احساس می کنید نیاز به پس انداز دارد ، ایجاد شود؟,6
2481,آیا شما اعتقاد دارید که می توانید با کمک به دیگران به خود کمک کنید؟,6
2482,لطفاً قبل از پاسخ به سؤال زیر سعی کنید با دقت در مورد گذشته اخیر خود فکر کنید.آیا اخیراً احساس کرده اید که برای نجات دیگران در اطراف خود ، به شما کمک می کند ، به آنها کمک کنید تا با هزینه خود بر مشکلات خود غلبه کنند؟,6
2483,آیا شما اغلب خود را در نقش یک سامری خوب ، جایی که سعی می کنید به دیگران کمک کنید یا حتی دیگران را به نفع خودشان اصلاح کنید ، پیدا می کنید؟,6
2484,آیا احساس می کنید که نسبت به دیگران مفیدتر است می تواند وضعیت خود را بهبود بخشد؟,6
2485,آیا می گویید که تمایل دارید دیگران را به خاطر هر چیزی که اشتباه می کند سرزنش کنید؟,7
2486,می بینم ، متشکرمآیا تا به حال خود را به عنوان قربانی احساسات منفی که دارید می بینید؟,7
2487,آیا احساس کرده اید که شاید توسط شخص دیگری قربانی شده اید؟,7
2488,آیا می گویید در این شرایط قربانی هستید؟آیا دیگران را به خاطر این احساس مقصر می دانید؟,7
2489,من می خواهم بدانم که در مورد نقش خود در این امر چه احساسی دارید.آیا در وضعیت فعلی خود احساس قربانی می کنید و به دنبال این هستید که احساسات منفی خود را بر روی شخص دیگری بگذارید؟,7
2490,آیا احساس می کنید به هر طریقی قربانی می شوید؟,7
2491,آیا احساس می کنید شخص دیگری مقصر منفی بودن شما است؟,7
2492,آیا می گویید شخص دیگری باعث ایجاد احساسات منفی شما می شود؟,7
2493,آیا احساس می کنید شخص دیگری مقصر غم و اندوه شما است؟,7
2494,آیا احساس می کنید احساسات شما علت اقدامات دیگران است؟,7
2495,آیا فکر می کنید ، شاید ، شما مسئولیت کاملی را نسبت به روشی که احساس می کنید به عهده نمی گیرید ، و این باعث می شود که شما به دیگران ضربه بزنید؟,7
2496,اگر ممکن است بپرسم ، آیا دیگران را به خاطر امروز احساس می کنید؟,7
2497,آیا احساس می کنید شخص دیگری در تلاش است تا شما را آزار دهد؟,7
2498,آیا می گویید دلیل این که شما این احساسات را احساس می کنید کاملاً به دلیل شخص دیگری است؟,7
2499,آیا احساس می کنید در این شرایط قربانی هستید و شخص دیگری را به خاطر احساس خود سرزنش می کنید؟,7
2500,آیا کسی مقصر بیماری هایی است که شما احساس کرده اید؟,7
2501,آیا کسی را به خاطر احساسات فعلی خود مقصر می دانید؟,7
2502,آیا افراد دیگر مقصر هستند که احساس بدی می کنند؟,7
2503,متشکرم ، من می فهمماگر ممکن است این را بپرسم ، آیا احساس می کنید که همه در حال حاضر شما را به دست می آورند؟,7
2504,آیا به نظر می رسد که مقصر بودن مشکلات و احساسات خود را بر دیگران آسان یا طبیعی می دانید؟,7
2505,می فهمم ، متشکرم ، پس می خواهم کمی عمیق تر حفر کنم.آیا احساس می کنید در این وضعیت پشیمان قربانی هستید؟,7
2506,آیا احساس می کنید کسی به هر طریقی کاری انجام داده است تا به شما آسیب برساند؟,7
2507,آیا شخص دیگری را به خاطر این احساسات منفی که با آنها سر و کار دارید مقصر می دانید؟,7
2508,من می فهمم ، متشکرمآیا شما ناراضی هستید زیرا شخص دیگری باعث شده است که احساس بدی داشته باشید ، مثل اینکه به آنها آسیب رسانده اید و قربانی هستید؟,7
2509,متشکرم ، بیایید کمی بیشتر در مورد این احساس شما تأمل کنیم.آیا می گویید که قربانی هستید و آیا کسی را مقصر می دانید که چه احساسی منفی دارید؟,7
2510,می بینم ، متشکرمآیا خود را قربانی شخص دیگری می دانید؟,7
2511,آیا فکر می کنید این تقصیر شخص دیگری است ، آیا شخصی وجود دارد که باعث می شود احساس بدی داشته باشید؟,7
2512,آیا احساس می کنید که این شرایط تقصیر اقدامات شخص دیگری است؟,7
2513,آیا فکر می کنید شخص دیگری باعث می شود کاری انجام دهید ، یا به نوعی به شما آسیب می رساند؟,7
2514,من می خواهم بدانم که آیا شما توسط دیگران در اطراف خود احساس درک کرده اید یا مخالف هستید.این برای من مهم است که بتوانم به شما کمک کنم.آیا فکر می کنید دیگران در اطراف شما شما را درک می کنند یا آنها واقعاً بخشی از مشکل هستند؟,7
2515,آیا احساس می کنید کسی تا حدودی مقصر احساسات منفی شما است؟,7
2516,آیا وضعیت شما باعث می شود احساس کنید که شخص دیگری مقصر بوده است؟,7
2517,آیا احساس می کنید به شما آسیب رسانده اید و این تقصیر شخص دیگری است؟,7
2518,آیا می توانم از شما بپرسم که آیا الان احساس قربانی می کنید ، و شخص دیگری مسئول غم و اندوه شما است؟,7
2519,آیا فکر می کنید کسی مسئول احساس منفی شما است؟,7
2520,آیا احساس می کنید هیچ مسئولیتی در قبال این امر به اشتراک نمی گذارید ، و دیگران مقصر هستند که به شما آسیب می رسانند؟,7
2521,آیا شخص دیگری باعث غم و اندوه شما می شود؟,7
2522,از پاسخ شما بسیار متشکرم.اکنون دوست دارم از شما بپرسم که آیا خود را قربانی اوضاع می بینید ، و شخص دیگری مقصر احساسات دردناک شما است.,7
2523,من می فهمم ، متشکرمآیا احساس می کنید قربانی رفتار دیگران هستید؟,7
2524,با تشکر از شما برای به اشتراک گذاری این.آیا می توانید به من بگویید که اگر خود را قربانی می بینید ، شخص دیگری را مقصر می دانید که چه احساسی منفی دارید؟,7
2525,آیا ممکن است احساس کنید که جهان در حال حاضر علیه شما است؟,7
2526,من میفهمم.آیا افراد دیگر در این شرایط مشکل هستند ، شاید روشی که شخصی نزدیک شما با شما رفتار کرده است؟,7
2527,اشکالی ندارد ، متشکرم که به من اطلاع دادید.آیا به ویژه کسی وجود دارد که شما را به خاطر غم و اندوه خود سرزنش می کنید؟,7
2528,من با احساس غم و اندوه ای که در حال حاضر تجربه می کنید همدردی می کنم.من تعجب می کنم ، آیا کسی در زندگی شما وجود دارد که احساس می کنید مقصر غم و اندوه شما است؟,7
2529,آیا این احساس را دارید که شخص دیگری مسئول احساس شما در حال حاضر است؟,7
2530,از پاسخ شما متشکرم ، بیایید ببینیم چیز دیگری وجود دارد که شما را آزار می دهد یا خیر.آیا احساس می کنید کسی اخیراً از شما سوءاستفاده کرده است یا قربانی شما است؟,7
2531,آیا می فهمید که دیگران اغلب مقصر چیزهایی هستند که در اطراف شما اشتباه می شوند؟,7
2532,آیا شما اعتقاد دارید که این تقصیر شخص دیگری است که احساس کمتری دارید؟,7
2533,آیا می گویید شما نوع شخصی هستید که همیشه باید کنترل داشته باشید؟,8
2534,احساسات منفی می تواند باعث شود ما بخواهیم شخص دیگری را کنترل کنیم.آیا احساس می کنید که سعی در کنترل یا تسلط بر دیگران دارید؟,8
2535,آیا احساس می کنید که سعی در غلبه بر شخصی دارید؟,8
2536,آیا احساس می کنید سعی می کنید کسی را کنترل کنید ، یا آنها را وادار کنید تا کاری را که می خواهید انجام دهند؟,8
2537,آیا احساس می کنید توانایی تأثیرگذاری بر شخص دیگری در زندگی خود را دارید؟,8
2538,آیا این احساس را دارید که شخص دیگری را کنترل می کنید یا حداقل سعی در آن دارید؟,8
2539,آیا ممکن است ، شاید این باشد که شما نوعی رفتار کنترل کننده را نشان می دهید؟,8
2540,در اعماق آیا این احساس دارید که سعی در کنترل شخص دیگری دارید؟,8
2541,آیا خود را در تلاش برای کنترل نحوه رفتار شخص دیگری پیدا می کنید؟,8
2542,آیا می خواهید اوضاع یا شخص دیگری را کنترل کنید؟,8
2543,آیا این امکان وجود دارد که شما فقط سعی در کنترل همه افکار و اقدامات شخص دیگری دارید؟,8
2544,آیا در حال حاضر با تلاش برای کنترل کسی یا چیزی که نمی توانید کنترل کنید ، ناامید شده اید؟,8
2545,آیا تا به حال نگران این هستید که ممکن است احساسات منفی خود را بر روی شخص دیگری بیرون بیاورید؟,8
2546,آیا فکر می کنید که می توانید شخص دیگری را کنترل کنید یا سعی در کنترل آنها دارید؟,8
2547,با تمام صداقت ، آیا فکر می کنید کنترل کسی خوب است ، یا هرگز این کار را انجام می دهید؟,8
2548,در اعماق پایین ، آیا می گویید وقتی می توانید شخص دیگری را کنترل کنید یا شخص دیگری را در انجام آنچه می خواهید کنترل کنید یا دستکاری کنید؟,8
2549,آیا ممکن است این باشد که شما در حال حاضر می خواهید مسئولیت شخص دیگری را بر عهده بگیرید؟,8
2550,آیا احساس می کنید که افراد دیگری را کنترل می کنند؟,8
2551,اگر ممکن است بپرسم ، آیا خود را به عنوان نوع شخصی که همیشه می خواهد مسئول باشد ، می دانید؟,8
2552,آیا تا به حال احساس می کنید که باید اقدامات دیگران را به عنوان راهی برای مقابله کنترل کنید؟,8
2553,از پاسخ شما متشکرم ، این مفید است.آیا سعی می کنید از بیرون به خود نگاه کنید ، آیا احساس می کنید کنترل می کنید یا سعی در کنترل رفتار شخص دیگری دارید؟,8
2554,آیا احساس می کنید کسی اقتدار شما را نمی پذیرد ، اما باید؟,8
2555,اگر باید با خود صادق باشید ، آیا احساس می کنید که می توانید یا می خواهید کسی را کنترل کنید؟,8
2556,متشکرم ، می بینمآیا این امکان وجود دارد که شما در تلاش برای کنترل شخص دیگری باشید؟,8
2557,لطفاً قبل از پاسخ دادن به سوال بعدی ، سعی کنید به روابط خود با دیگران نگاه کنید.آیا احساس می کنید سعی در کنترل کسی دارید؟,8
2558,آیا تا به حال احساس می کنید که سعی در کنترل کسی دارید؟,8
2559,فکر می کنید ممکن است بیش از حد درگیر شوید ، سعی می کنید کسی را کنترل کنید که لازم نیست؟,8
2560,آیا احساس می کنید سعی می کنید مسئول اقدامات شخص دیگری باشید؟,8
2561,همیشه عینی ماندن در هنگام درگیر شدن احساسات دشوار است ، اما من دوست دارم اگر می توانید امتحان کنید.آیا احساس می کنید همیشه بیشتر از کاری که با زندگی انجام می دهید بیشتر روی آنچه دیگران در زندگی انجام می دهند تمرکز می کنید؟,8
2562,آیا در کنترل دیگران راحتی پیدا می کنید؟,8
2563,آیا شما حتی بدون این که متوجه شوید ، سعی می کنید افراد اطراف خود را کنترل کنید؟,8
2564,آیا این امکان وجود دارد که شما به زور بر تصمیمات و رفتار شخص دیگری تأثیر بگذارد؟,8
2565,آیا تا به حال خود را در حال سرزنش یا کنترل دیگران در اطراف خود می دانید؟,8
2566,اگر به آن فکر می کنید ، آیا می خواهید اکنون قدرت کنترل شخصی را در زندگی خود داشته باشید؟,8
2567,آیا یک مبارزه قدرت درگیر است ، جایی که شخصی باید برنده شود؟,8
2568,آیا احساس می کنید می توانید در تلاش برای تأثیرگذاری یا تغییر رفتار شخص دیگری باشید؟,8
2569,باز هم متشکرم ، درک من برای من مفید است.آیا ممکن است این باشد که شما سعی می کنید شخص دیگری را در انجام کاری که می خواهید انجام دهند ، کنترل یا دستکاری کنید؟,8
2570,متشکرم.آیا می گویید که شاید شما سعی در کنترل شخص دیگری دارید ، آنها را وادار کنید که آنچه را که می خواهید انجام دهند انجام دهند یا آنچه را که می خواهید بشنوید بگویید؟,8
2571,متشکرم که این را به من اطلاع دادید.آیا می توانید به من بگویید اگر احساس می کنید سعی می کنید کسی را کنترل کنید ، شاید؟,8
2572,سوال زیر ممکن است کمی مستقیم باشد ، اما لطفاً سعی کنید تا آنجا که می توانید صادقانه پاسخ دهید.آیا می گویید که در حال حاضر نیاز به کنترل کسی یا چیزی را احساس می کنید؟,8
2573,من می بینم ، شاید غم و اندوه شما به دلیل عدم توانایی به دست آوردن آنچه شما نیاز دارید یا از دیگران انتظار دارید ، ایجاد شود.آیا ممکن است این باشد که شما سعی در کنترل کسی دارید اما نمی توانید ، و این باعث ناامیدی شما می شود؟,8
2574,آیا ممکن است برای رفع وضعیت خود و احساس بهتر ، شما سعی می کنید دیگران را در زندگی خود کنترل کنید؟,8
2575,آیا غم و اندوه شما باعث می شود که شما نسبت به کسی دستکاری شوید؟آیا ممکن است این باشد که شما سعی می کنید کسی را انجام دهد یا چیزی بگوید تا احساس بهتری داشته باشد؟,8
2576,آیا فکر می کنید ممکن است قدرت تأثیرگذاری بر شخص دیگری داشته باشید یا بخواهید؟,8
2577,از پاسخ شما متشکرم ، من همیشه اینجا هستم که به شما درک و کمک کنم ، هرگز قضاوت نکنید.آیا این امکان وجود دارد که شما در تلاش باشید تا مسئولیت زندگی شخص دیگری را بر عهده بگیرید؟,8
2578,آیا می دانید انرژی زیادی را صرف تلاش برای تغییر اقدامات و رفتار اطرافیان می کنید؟,8
2579,آیا احساس می کنید اگر دیگران شیوه رفتار خود را تغییر دهند ، زندگی شما را آسان تر می کند؟,8
2580,من نمی دانم که آیا همیشه احساس می کنید مشکل ایجاد کرده اید ، حتی اگر واقعاً تقصیر شما نباشد؟,9
2581,آیا همیشه وقتی همه چیز اشتباه می شود یا خود را به خاطر اتفاقاتی که اتفاق می افتد متهم می کنید؟,9
2582,آیا همیشه سعی می کنید خود را به دلیل موقعیت ها و وقایع منفی سرزنش کنید؟,9
2583,آیا احساس می کنید که اگر مشکلی پیش بیاید ، سرزنش و اتهام همیشه به خود می افتد؟,9
2584,آیا همیشه وقتی چیزی پیش می رود عذرخواهی می کنید و احساس می کنید تقصیر شماست؟,9
2585,آیا همیشه اگر مشکلی پیش آمد ، از خود انتقاد می کنید؟,9
2586,آیا همیشه وقتی چیزی پیش می رود ، خود را سرزنش می کنید؟,9
2587,وقتی همه چیز برای شما اشتباه می شود ، آیا همیشه سرزنش خود را بر عهده می گیرید؟آیا همیشه خود را به اشتباه متهم می کنید؟,9
2588,وقتی چیزی پیش می رود ، آیا همیشه به خودتان سرزنش می کنید؟,9
2589,اگر ممکن است این را بپرسم ، آیا همیشه خود را به خاطر هر اتفاقی که می افتد مقصر می بینید؟,9
2590,آیا شما همیشه مسئولیت هر اتفاق منفی را که در زندگی شما اتفاق می افتد ، حتی اگر مسئولیت پذیر نیستید ، بر عهده می گیرید؟,9
2591,آیا می گویید که اغلب به خودتان خیلی سخت هستید؟,9
2592,طبیعی است که خودمان را به خاطر مشکلات خود مقصر بدانیم ، اما باید مراقب باشیم که این کار را به یک عادت مخرب تبدیل نکنیم.آیا متوجه می شوید که همیشه خود را به خاطر هر چیزی که اشتباه می شود سرزنش می کنید؟,9
2593,آیا می گویید احساس می کنید که سرزنش همیشه به شما تعلق دارد وقتی که مشکلی پیش می آید؟,9
2594,آیا شما همیشه و به طور مداوم خود را مقصر می دانید و خود را متهم می کنید و وقتی چیزی اشتباه پیش می رود ، حتی اگر در اعماق شما می توانید تشخیص دهید که این تقصیر شما نبوده است؟,9
2595,آیا می توانم بپرسم آیا همیشه خود را به خاطر هر آنچه در زندگی شما اشتباه می کند سرزنش می کنید؟,9
2596,آیا همیشه احساس می کنید که دلیل همه چیز اشتباه است؟,9
2597,من می خواهم بدانم که آیا فکر می کنید وقتی اشتباه می شود همیشه خود را سرزنش می کنید.,9
2598,اگر ممکن است بپرسم ، آیا همیشه احساس می کنید که به نوعی اشتباه کرده اید؟,9
2599,آیا متوجه می شوید که همیشه به نظر می رسد خود را به خاطر چیزهایی که اشتباه می شوند ، سرزنش می کنید ، حتی اگر هیچ کنترلی بر آنها نداشته باشید؟,9
2600,آیا می توانم بپرسم آیا همیشه اعتقاد دارید که دلیل اصلی مشکلات خود هستید؟,9
2601,آیا احساس می کنید وقتی اشتباه می شود همیشه مقصر هستید؟,9
2602,وقتی چیزی پیش می رود ، آیا همیشه بدون توجه به اینکه واقعاً اشتباه کرده اید ، خود را سرزنش می کنید؟,9
2603,با تشکر از پاسخ به آنآیا احساس می کنید همیشه وقتی همه چیز پیش نرفته است ، خود را مقصر و متهم می کنید؟,9
2604,من می خواهم که شما برای یک ثانیه مکث کنید و در نظر بگیرید که آیا همیشه وقتی چیزی اشتباه پیش می رود ، خود را سرزنش می کنید؟,9
2605,آیا می گویید ، شاید ، همیشه وقتی خود را اشتباه می کند ، خود را سرزنش می کنید؟,9
2606,آیا همیشه احساس می کنید که مشکلات تقصیر شما هستند؟,9
2607,آیا احساس می کنید نسبت به خود قضاوت می کنید و همیشه خود را در مواجهه با ناسازگاری سرزنش می کنید؟,9
2608,آیا شما تمایل دارید هنگام مواجهه با یک وضعیت چالش برانگیز یا مقابله ، همه چیز را به شخصه بپردازید ، همیشه تمام سرزنش های خود را بر روی خود قرار می دهید؟,9
2609,وقتی پایین می آیید ، آیا همیشه خود را مقصر می دانید که در زندگی شما اشتباه کرده است؟,9
2610,آیا شما حتی اگر ناعادلانه تمایل داشته باشید همیشه خود را به خاطر همه چیز بدی که در زندگی شما اتفاق می افتد سرزنش کنید؟,9
2611,آیا همیشه به طور ناعادلانه خود را برای آنچه اتفاق می افتد پاسخگو هستید؟,9
2612,آیا در مورد آن فکر می کنید ، آیا می گویید که همیشه در هنگام بروز مشکلات ، همیشه خود را سرزنش می کنید؟,9
2613,آیا وقتی همه چیز اشتباه می شود ، خود را همیشه سرزنش می کنید؟,9
2614,آیا فکر می کنید وقتی چیزی در زندگی شما اشتباه پیش می رود ، همیشه تقصیر شماست؟,9
2615,آیا همیشه احساس می کنید که کسی تقصیر هستید ، حتی اگر شاید نباید؟,9
2616,لطفا به من بگویید ، آیا همیشه وقتی همه چیز اشتباه می شود ، خود را مقصر می دانید؟,9
2617,من می فهمم ، از شما متشکرم که وقت خود را برای پاسخ دادن به آن اختصاص دادید.آیا می توانم بپرسم که آیا احساس می کنید تمایل دارید همیشه خود را به خاطر مشکلات خود سرزنش کنید؟,9
2618,متشکرم ، من می فهممآیا احساس می کنید همیشه خود را به خاطر مشکلاتی که با آن روبرو هستید سرزنش می کنید؟,9
2619,با تشکر از شما برای به اشتراک گذاری این.آیا می توانید به من بگویید اگر احساس می کنید همیشه در هنگام اشتباه کردن چیزی خود را مقصر و متهم می کنید؟,9
2620,آیا شما همیشه از وقایع منفی غافل می شوید و تعجب می کنید که اگر اتفاقات متفاوتی پیش می رفت چه اتفاقی می افتاد؟,9
2621,آیا در مورد احساسات گذشته خود نسبت به خود فکر می کنید ، آیا می گویید که احساس می کنید همه چیز همیشه تقصیر شماست؟,9
2622,آیا همیشه تمایل دارید که وقتی نمی توانید به اهداف خود برسید ، خود را سرزنش کنید ، حتی اگر سرزنش واقعاً به شخص دیگری بیفتد؟,9
2623,ممنون که به من اطلاع دادیدآیا می گویید که مستعد سرزنش خود هستید و اغلب خود را به خاطر مواردی که اشتباه می شوند متهم می کنید؟,9
2624,هوم ، می بینم ، از شما متشکرم که وقت خود را برای پاسخ به همه این سؤالات اختصاص داده اید ، من هنوز هم سعی می کنم بهترین راه برای کمک به آن را پیدا کنم.آیا می گویید که وقتی مشکلی پیش می آید ، تمایل دارید انگشت خود را به سمت خود نشان دهید؟,9
2625,آیا همیشه وقتی مشکلی پیش می آید احساس مسئولیت می کنید؟,9
2626,مشکلی نیست ، متشکرمآیا فکر می کنید که شاید شما همیشه خود را به خاطر چیزی مقصر بدانید؟,9
2627,آیا وقتی اشتباهات اتفاق می افتد یا وقتی اتفاقات طبق برنامه پیش نمی روند ، آن را به خودتان می گیرید؟,9
2628,آیا همیشه احساس می کنید برای جلوگیری از وقوع وضعیت بد باید کارهای بیشتری انجام داده اید؟,9
2629,آیا خود را به عنوان کسی می بینید که خوشحال است به دیدگاه دیگران گوش کند؟,10
2630,آیا شما ، با تمام صداقت ، سعی کرده اید خود را در کفش دیگران قرار دهید یا اوضاع را با نور دیگری گرفته اید؟,10
2631,آیا تا به حال در مورد دیدگاه های دیگر ، هنگامی که اینها به شما ارائه شده اند ، تأمل کرده اید؟,10
2632,ممکن است در مورد آن صحبت کرده باشید و دیدگاه های مختلفی را در نظر گرفته اید.آیا واقعاً در مورد دیدگاه ها و دیدگاه های دیگر فکر کرده اید ، وقتی این موارد به شما ارائه شده است؟,10
2633,آیا می گویید که همیشه دیدگاه ها و استدلال های دیگران را که ممکن است در بحث های قبلی به شما ارائه شده باشد ، با دقت در نظر گرفته اید؟,10
2634,آیا در مورد موقعیت های کم و بیش اخیر فکر می کنید ، آیا تا به حال خود را در طول مکالمه در کفش شخص دیگری قرار داده اید؟,10
2635,آیا توانسته اید در مکالمات قبلی خود دیدگاه های دیگران را در نظر بگیرید؟,10
2636,در مکالمات گذشته ، آیا واقعاً تلاش کرده اید که دیدگاه دیگران را درک کنید؟,10
2637,آیا فکر کردید که چگونه دیگران ممکن است اوضاع را ببینند؟,10
2638,آیا می گویید که تاکنون توانسته اید واقعاً از خود خارج شوید و از دیدگاه دیگری به وضعیتی فکر کنید؟,10
2639,آیا می توانم بپرسم آیا شما احساس می کنید دیدگاه دیگران را در نظر بگیرید؟,10
2640,آیا تا به حال تصور می کنید که به غیر از خود نظر خود را داشته باشید؟,10
2641,آیا تا به حال به دیدگاه دیگران فکر کرده اید و آیا وقت خود را برای کشف آنها در نظر گرفته اید؟,10
2642,در مکالمات قبلی که داشته اید ، آیا احساس می کنید همیشه توانسته اید دیدگاه های مختلفی را در نظر بگیرید؟,10
2643,آیا به منظور حل یا کاهش مشکلات خود در مورد دیدگاه های دیگران که ممکن است در مکالمات قبلی به شما ارائه شده باشد ، فکر کرده اید؟,10
2644,آیا می گویید شما فردی هستید که در هنگام مکالمه راحت دیدگاه دیگران را در نظر می گیرید؟,10
2645,آیا می توانید با اطمینان بگویید که همیشه می توانید دیدگاه های دیگران را در نظر بگیرید؟,10
2646,آیا به آنچه دیگران فکر می کنند فکر می کنید و نظرات خود را در هیئت مدیره می گیرید؟,10
2647,آیا شما می توانید واقعاً دیدگاه های افرادی را که با آنها صحبت می کنید در نظر بگیرید؟,10
2648,ممنون که به من اطلاع دادیدآیا شما اعتقاد دارید که همه گزینه های خود را ، از جمله مواردی که ممکن است توسط افراد دیگر به شما پیشنهاد شده باشد ، کاوش کرده اید؟,10
2649,افراد دیگری که با آنها ارتباط برقرار کرده اید ممکن است چند پیشنهاد ارائه داده باشد.آیا هیچ یک از پیشنهادات دیگران برای شما مفید بوده است؟,10
2650,آیا در مورد آن فکر می کنید ، آیا واقعاً دیدگاه ها و دیدگاه های دیگری را در گذشته در نظر گرفته اید؟,10
2651,در مکالمات دیگری که با مردم داشته اید ، آیا نکاتی را که آنها سعی کرده اند بیان کرده اند کاملاً در نظر گرفته اید؟,10
2652,در مکالمات قبلی ، آیا شما به گوش دادن و فکر کردن در مورد سایر نظرات ارائه شده متوقف شده اید؟,10
2653,در حین مکالمه ، آیا شما معمولاً دیدگاه دیگران را در نظر می گیرید؟,10
2654,آیا یک قدم عقب برداشته اید و همه زوایا را در نظر گرفته اید ، از دیدگاه دیگران به وضعیت خود نگاه می کنید؟,10
2655,آیا فکر می کنید روش دیگری وجود دارد که بتوانید این وضعیت را مشاهده کنید ، و آیا توصیه های دیگران به شما در یافتن آن کمک می کند؟,10
2656,آیا فکر کرده اید به موقعیت ها و مکالمات قبلی با دیگران ، آیا تا به حال از روند فکر خود قدم برداشته اید و دیدگاه های اندیشه ای را که ممکن است شما را به چالش بکشد ، اندیشیده اید؟,10
2657,در گذشته ، هنگام مکالمه با دیگران ، خود را در کفش آنها قرار داده اید؟,10
2658,آیا سعی کرده اید نگاه دقیق تری به دیدگاه دیگران بیندازید ، هر زمان که این موارد به شما ارائه شده باشد؟,10
2659,آیا دیدگاه های کسانی را که در گذشته با آنها صحبت کرده اید کاملاً در نظر گرفته اید؟,10
2660,آیا صادقانه می گویید که به دیدگاه دیگران باز هستید؟,10
2661,آیا احساس می کنید در مکالمات قبلی به سایر نقاط دیدگاه توجه کامل داده اید؟,10
2662,آیا معمولاً می توانید خود را در کفش شخص دیگر قرار دهید؟,10
2663,ممنون که به آن پاسخ دادیدآیا توانسته اید نظرات و نظرات متناوب را که در مکالمات قبلی به شما ارائه شده است در نظر بگیرید؟,10
2664,آیا می گویید که در مکالمات قبلی شما همیشه به دیدگاه دیگران گوش داده اید و وقت خود را برای بررسی دقیق دیدگاه خود می گیرید؟,10
2665,از اعتماد شما متشکرم ، لطفا به من کمک کنید تا بهتر درک کنم.آیا می گویید که در مکالمات قبلی ، همیشه مایل به گوش دادن به نظرات و نظرات افراد دیگر بوده اید؟,10
2666,آیا می توانید به من بگویید اگر احساس می کنید معمولاً می توانید از دیدگاه افراد دیگر در نظر بگیرید و درس بگیرید؟,10
2667,آیا خود را فردی با ذهنیت آزاد می دانید که دوست دارد نظرات دیگران را بشنود؟,10
2668,آیا می گویید که از دیدگاه های مختلف در مشاهده وضعیتی خوب هستید؟,10
2669,آیا تا به حال سعی کرده اید از خارج به خود نگاه کنید و از طریق یک لنز گسترده تر ، مستقل از هرگونه تعصب شما ، به دنیای اطراف خود نگاه کنید؟,10
2670,آیا خود را به عنوان کسی توصیف می کنید که به راحتی می توان به دیدگاه ها و نظرات دیگران گوش داد؟,10
2671,متشکرم.اگر مهم نیستید ، من می خواهم بدانم که آیا خود را یک فرد با ذهنیت آزاد می دانید ، قادر به گوش دادن به دیگران بدون قضاوت است.,10
2672,در مکالمات گذشته ، آیا شما همیشه نظرات دیگران را در نظر گرفته اید ، حتی اگر آنها از راه شما برای درک جهان و خودتان دور بودند؟,10
2673,بعضی اوقات افراد دیگر ممکن است بتوانند به ما کمک کنند تا وضعیتی را کشف کنیم و قوی تر شویم ، تا زمانی که بتوانیم گوش کنیم.آیا خود را شنونده خوبی می دانید؟,10
2674,آیا هنگام صحبت با دیگران ، آیا احساس می کنید که به خودتان اجازه می دهید هنگام شکل گیری خود ، نظرات و نظرات متناوب را در نظر بگیرید؟,10
2675,آیا نظرات افراد دیگر برای شما ارزشمند است؟,10
2676,آیا فکر می کنید ممکن است دچار یک بحران شخصی شوید ، جایی که دیگر با شبکه پشتیبانی خود در تماس نیستید؟,11
2677,آیا مسائل اساسی در زندگی شخصی شما در جریان است که می تواند به غم و اندوه شما کمک کند؟,11
2678,آیا در حال حاضر با وقایع زندگی مشکل دارید؟,11
2679,آیا شاید با عزیزان با مشکل روبرو شوید؟,11
2680,آیا با دوستان یا خانواده ای که باعث ایجاد این احساسات منفی شده است ، مسائل مهم اخیر داشته اید؟,11
2681,اگر ممکن است بپرسم ، آیا در امور شخصی خود مشکلی دارید؟,11
2682,آیا چیزی شخصی وجود دارد که در حال حاضر از آن عبور می کنید؟,11
2683,آیا احساس می کنید بحران شخصی دارید ، به عنوان مثال ، یک زمان دشوار با خانواده یا دوستان یا سایر عزیزان؟,11
2684,آیا مانند مشکلات مربوط به اعضای خانواده یا دوستان در وسط برخی از آسیب های شخصی هستید؟,11
2685,آیا می توانم از شما بپرسم در خانه ، محل کار یا با دوستان مشکل دارید؟,11
2686,آیا در زندگی شخصی شما اتفاق می افتد که باعث می شود شما اینگونه احساس کنید؟,11
2687,امیدوارم که از من س asking ال کنید ، اما آیا با یک زمان دشوار روبرو هستید؟,11
2688,آیا در حال حاضر در روابط خود با دیگران مشکلات یا چالش های اساسی را تجربه می کنید؟,11
2689,من می خواهم بدانم که آیا در حال حاضر اتفاق می افتد که احساس بزرگتر از حد معمول کند.آیا احساس می کنید با یک بحران شخصی روبرو هستید؟,11
2690,متشکرم.آیا می گویید که در زندگی شخصی خود با او سخت روبرو هستید؟,11
2691,آیا با افراد خاصی ، به عنوان مثال همکاران ، دوستان یا اعضای خانواده با مشکلات شخصی روبرو شده اید؟آیا نمی توانید انتظارات خود را برآورده کنید یا دیگران؟,11
2692,آیا نگران هرگونه مسائل شخصی بین شما و افراد نزدیک به خود هستید؟,11
2693,آیا در حال حاضر با افراد دیگر لحظات ظریف و دشوار را پشت سر می گذارید؟,11
2694,آیا می گویید زندگی شما در حال حاضر بیش از حد هرج و مرج است ، و این بسیار زیاد می شود؟,11
2695,آیا احساس می کنید در حال حاضر مشکلات شخصی شدید ، احتمالاً با عزیزان یا دوستان خود را تجربه می کنید؟,11
2696,متاسفم که شما احساس غم و اندوه می کنید و برای کمک به شما می خواهم کمی عمیق تر حفر کنم.اگر از من سؤال نمی کنید ، آیا یک بحران شخصی خشن را پشت سر می گذارید؟,11
2697,آیا می گویید که در رابطه با مشکلات با دوستان یا خانواده خود مشکل دارید؟,11
2698,آیا احساس می کنید دچار مشکل شده اید و هیچ کس نمی تواند به شما کمک کند؟,11
2699,در قلب قلب شما ، آیا این یک بحران شخصی است که شما تجربه می کنید؟آیا از طرف عزیزان یا دوستان خود احساس صدمه می کنید؟,11
2700,با نگاهی به زندگی شخصی خود ، آیا احساس می کنید که یک بحران شخصی را پشت سر می گذارید (به عنوان مثال با عزیزان مشکل دارید)؟,11
2701,آیا با عزیزان خود مشکلی را تجربه می کنید؟,11
2702,آیا در حال حاضر مشکلات اساسی شخصی در زندگی شما وجود دارد؟,11
2703,آیا در حال حاضر اوقات سختی را تجربه می کنید ، آیا با دوستان یا عزیزان کنار گذاشته اید؟,11
2704,آیا مشکلی را تجربه می کنید یا در زندگی شخصی خود با بحران روبرو هستید؟,11
2705,آیا احساس می کنید در زندگی روزمره خود با افراد نزدیک به شما مشکل دارید؟,11
2706,در حال حاضر ، آیا چیزی وجود دارد که شما را در حلقه دوستان یا خانواده شما تحت تأثیر قرار دهد؟,11
2707,آیا از اطرافیان خود جدا شده اید یا اینکه ایمنی شما به نوعی در معرض خطر است؟,11
2708,آیا در روابط شخصی خود مشکل دارید (به عنوان مثال با یک دوست با یک دوست)؟,11
2709,اگر از این سوال که از من سؤال نمی کنید ، آیا با خانواده ، دوستان مشکلی وجود دارد؟,11
2710,آیا شما در حال عبور از یک وصله خشن یا یک بحران شخصی هستید؟اگر چنین است ، می توانید به من بگویید.,11
2711,آیا می توانم بپرسم آیا اخیراً تحت فشار یا استرس زیادی قرار گرفته اید؟,11
2712,آیا در حال حاضر در زندگی شخصی خود چیزی به خصوص دشوار است؟,11
2713,از پاسخ های شما تاکنون متشکرمآیا می توانم از شما بپرسم که آیا احساس می کنید که در حال حاضر دچار یک بحران شخصی شده اید ، یا اگر مشکلات بین فردی غیرقابل کنترل را با اطرافیان خود تجربه می کنید؟,11
2714,متشکرم.من می خواهم بدانم که آیا ممکن است به دلیل مشکلات دوستان یا خانواده ، لحظه ای به خصوص دشوار را پشت سر بگذارید.,11
2715,از صبر شما متشکرم ، من واقعاً از آن قدردانی می کنم.آیا می توانید به من بگویید اگر احساس می کنید در این لحظه از زندگی خود دچار یک بحران شخصی شده اید ، با مشکلات شدید در محل کار یا خانه روبرو هستید؟,11
2716,اگر یک گرز جادویی داشتید ، آیا افرادی وجود دارند که اکنون از زندگی خود حذف می کنید ، تا احساس بهتری داشته باشید؟,11
2717,از اینکه خیلی صبور و تعاونی هستید متشکرم.اگر مهم نیستید ، دوست دارم اگر احساس می کنید در حال حاضر دست و پنجه نرم می کنید به من بگویید.,11
2718,من می فهمم که می تواند سخت باشد ، بنابراین از شما برای پاسخ دادن به همه چیز با صبر و حوصله متشکرم.آیا اخیراً استرس عاطفی شدید را تجربه کرده اید ، یا از طرف دوستان یا عزیزان خود احساس سوء تفاهم کرده اید؟,11
2719,من نمی دانم که آیا غم و اندوه شما می تواند در یک مسئله گسترده تر مسیریابی شود.آیا در زندگی خود مشکلات اساسی را تجربه کرده اید ، آیا به عنوان مثال با یک دوست عزیز کنار گذاشته اید؟,11
2720,آیا می توان غم و اندوه شما را با برخی از مشکلات بزرگتر ، مانند یک بحران بین المللی بین شما و عزیزانتان مرتبط کرد؟,11
2721,آیا این لحظه از زندگی خود را به عنوان یک زمان شدید و پیچیده توصیف می کنید که در آن شما ، روابط و محبت های خود به شدت مورد چالش قرار می گیرید؟,11
2722,آیا این امکان وجود دارد که شما در حال حاضر در حال کار به خصوص دشوار باشید ، یعنی تأثیر فاجعه بار بر زندگی شما؟,11
2723,آیا چیزی دشوار یا آسیب زا است که اکنون در زندگی شخصی خود از آن عبور می کنید؟,11
2724,آیا این روزها در رابطه با دوستان یا خانواده خود مشکل دارید؟,11
2725,اگر بتوانید کمی بیشتر به من بگویید می توانم به شما بهتر کمک کنم.آیا یک رویداد خاص باعث شده است که شما اینگونه احساس کنید؟,0
2726,آیا یک وضعیت خاص باعث این امر شده است؟,0
2727,متشکرم ، من می فهمم که الان ناراحت هستید ، اما اگر می توانستید به من بگویید اما بیشتر از آن قدردانی می کنم.آیا یک رویداد خاص باعث عصبانیت شما شد؟,0
2728,آیا می توانید به من بگویید که آیا عصبانیت شما ناشی از یک رویداد خاص بوده است؟,0
2729,می فهمم ، متشکرم که به من باز شد.آیا اتفاقی برای ایجاد این اتفاق افتاده است؟,0
2730,آیا احساس می کنید این ممکن است نتیجه یک حادثه واحد بوده است؟,0
2731,من از شنیدن آن متاسفم ، این چیزی است که همه ما در بعضی مواقع تجربه می کنیم.آیا می توانید به من بگویید که آیا این احساسات از یک رویداد خاص ناشی می شود؟,0
2732,آیا به دلیل اتفاق خاصی که اتفاق افتاده است این را احساس می کنید؟,0
2733,من می توانم درک کنم که شما چه احساسی دارید.آیا این احساسات ناشی از چیز خاصی بود؟,0
2734,آیا این احساسات را به دلیل خاص بودن احساس می کنید؟,0
2735,از شنیدنش متأسفم.آیا یک رویداد خاص در ذهن دارید که باعث شده این احساس را داشته باشید؟,0
2736,لطفاً می توانید به من بگویید ، آیا شما در مورد یک حادثه خاص که اتفاق افتاده است اینگونه احساس می کنید؟,0
2737,من شما را می شنومآیا می توانم از شما بپرسم که آیا یک رویداد شما را از این طریق شروع کرده است؟,0
2738,آیا این به دلیل اتفاق خاصی رخ داده است؟,0
2739,آیا چیزی این را خاموش کرد؟,0
2740,آیا علت ناراحتی شما یک رویداد خاص (یا وقایع) بود؟,0
2741,متاسفم که شما چنین احساسی دارید و دوست دارم درباره آنچه اتفاق افتاده است بیشتر بدانم.آیا این ناشی از یک حادثه خاص بود؟,0
2742,اوه ، من متاسفم که آن را شنیدم ، دوست دارم در مورد آنچه باعث شده شما چنین احساسی داشته باشید ، بیشتر بدانم.آیا به دلیل یک رویداد خاص است؟,0
2743,آیا این وضعیت خاص به وجود آمده است؟,0
2744,آیا کسی یا چیزی شما را عصبانی کرده است؟,0
2745,متشکرم ، من دوست دارم بهتر با آنچه اتفاق می افتد ارتباط داشته باشم.لطفا به من بگویید ، آیا این ناشی از یک رویداد خاص بود؟,0
2746,آیا یک چیز خاص باعث شده است که شما اینگونه احساس کنید؟,0
2747,آیا یک رویداد خاص وجود داشت که منجر به این امر شد؟,0
2748,آیا اتفاق خاصی رخ داده است تا عصبانیت شما را تحریک کند؟,0
2749,می بینم ، ممنون که به اشتراک گذاشتید.آیا اتفاق خاصی رخ داده است که باعث شده شما اینگونه احساس کنید؟,0
2750,آیا یک رویداد یا رویدادهای خاصی اتفاق افتاده است که این امر را برای شما ایجاد کرده است؟,0
2751,من می فهمم ، از شما متشکرم که احساسات خود را با من به اشتراک گذاشتید ، می خواهم درباره آنچه اتفاق افتاده است بیشتر بدانم.آیا این ناشی از چیز خاصی بود؟,0
2752,آیا می توانید به من بگویید که آیا وضعیت خاصی وجود دارد که باعث این امر شده است؟,0
2753,می فهمم.آیا می گویید این ناشی از چیز خاصی بوده است؟,0
2754,آیا بعد از اینکه اتفاق خاصی افتاد ، این احساسات را داشتید؟,0
2755,من می توانم ببینم که شما ناراحت هستید.آیا می توانید به هر واقعه خاصی فکر کنید که باعث ایجاد این احساسات شود؟,0
2756,من می فهمم ، و متاسفم که شما اینگونه احساس می کنید.آیا این ناشی از یک رویداد/S خاص بود؟,0
2757,این باید برای شما سخت باشد که چنین احساسی داشته باشید.آیا این کار توسط چیز خاصی ایجاد شده است؟,0
2758,آیا چیزی خاص باعث شده است که شما اینگونه احساس کنید؟,0
2759,درباره ی آن قضیه متاسفم.آیا به ویژه چیزی وجود دارد که باعث شده شما اینگونه احساس کنید؟,0
2760,متشکرم ، من واقعاً از آن قدردانی می کنم اگر می توانستید کمی در مورد این که احساس عصبانیت می کنید کمی توضیح دهید.آیا این یک رویداد خاص بود که باعث آن شد؟,0
2761,اشکالی ندارد ، من اینجا هستم تا کمک کنم.آیا چیزی به ویژه وجود دارد که باعث شده شما اینگونه احساس کنید؟,0
2762,اشکالی ندارد که چنین احساسی داشته باشید.آیا می توانم بپرسم که آیا این ناشی از یک رویداد/S خاص بوده است؟,0
2763,آیا اتفاق خاصی رخ داده است که باعث این امر شده است؟,0
2764,آیا می گویید که این احساس که در حال حاضر تجربه می کنید ناشی از یک رویداد یا رویدادهای خاص بوده است؟,0
2765,از اینکه احساسات خود را با من به اشتراک گذاشتید متشکرم ، حتی اگر ممکن است در حال حاضر برای شما دشوار باشد.فکر می کنید احساسات شما ممکن است ناشی از چیز خاصی باشد؟,0
2766,آیا می گویید که چیز خاصی باعث شده است که شما اینگونه احساس کنید؟,0
2767,اوه ، این خوب نیستآیا چیزی وجود داشت که این احساس را ایجاد کند؟,0
2768,متشکرم ، من می فهمم که اکنون برخورد با این احساس چقدر سخت است و امیدوارم که بتوانم به شما کمک کنم احساس بهتری داشته باشید.آیا می توانید لطفاً به من بگویید که آیا یک رویداد خاص باعث شده است که شما اینگونه احساس کنید؟,0
2769,آیا می توانید به من بگویید که آیا این احساسات خاص ناشی از رویدادی است که اخیراً اتفاق افتاده است یا مدت زمان طولانی تری؟,1
2770,آیا فکر می کنید این اتفاق توسط اتفاقی افتاده است که تازه اتفاق افتاده است یا شاید در گذشته شما چیزی دورتر باشد؟,1
2771,آیا ماشه چیزی اخیر یا بیشتر پیش بود؟,1
2772,رویدادی که باعث عصبانیت شما شد ، آیا شما آن را اخیر می دانید یا مدتی اتفاق افتاده است؟,1
2773,من می توانم این را درک کنم.آیا یک رویداد اخیر یا دوردست باعث این امر شده است؟,1
2774,آیا ممکن است علت اخیر این عصبانیت وجود داشته باشد ، یا به دلیل اتفاقی که در گذشته های دور افتاده است؟,1
2775,می بینم ، از این بابت متشکرمآیا این ناشی از اتفاقی است که اخیراً رخ داده است ، یا این یک رویداد دور بود که مدتی در حال تولید است؟,1
2776,آیا این اتفاق به دلیل اتفاقی که اخیراً یا مدتها پیش اتفاق افتاده است رخ داده است؟,1
2777,از ورودی شما متشکرم ، متاسفم که شما باید با این کار مقابله کنید.آیا می توانید به من اطلاع دهید که آیا این ناشی از چیز اخیر یا دور بوده است؟,1
2778,لطفا به من بگویید ، آیا این اتفاق اخیراً یا چندی پیش اتفاق افتاده است؟,1
2779,من می خواهم به شما کمک کنم این وضعیت را درک کنید.آیا می توانید به من بگویید که آیا این رویداد در گذشته اخیر بوده است یا بیشتر؟,1
2780,آیا این رویدادی است که شما به شدت نسبت به اتفاقی که اخیراً یا بیشتر پیش از آن رخ داده است احساس می کنید؟,1
2781,آیا این عصبانیت از مدتی به عقب است یا اتفاق جدیدی برای شروع آن رخ داده است؟,1
2782,آیا این اتفاق اخیراً رخ داده است یا به دلیل وقایع از گذشته دور است؟,1
2783,متاسفم که این را شنیدماین اخیراً بود ، یا مدتی برگشت؟,1
2784,می بینم.آیا این یک رویداد اخیر یا دور (یا وقایع) بود که شما را ناراحت کرد؟,1
2785,آیا این اتفاق اخیراً یا مدتی پیش اتفاق افتاده است؟,1
2786,آیا یک حادثه اخیر یا مدتها پیش دلیل این راه است؟,1
2787,آیا این وضعیت اخیر یا دوردست به وجود آمده است؟,1
2788,آیا این رویداد اخیراً یا مدتها پیش اتفاق افتاده است؟,1
2789,آیا این واقعه و احساساتی که احساس می کنید چیزی که اخیراً اتفاق افتاده است ، یا این امر در گذشته های دوردست ادامه داشته و ناشی از آن بوده است؟,1
2790,آیا به دلیل اتفاقی که اخیراً اتفاق افتاده است ، احساس این راه را کردید ، یا این چیزی بود که از گذشته دورتر که مجدداً به آن رسیده است؟,1
2791,آیا می گویید یک واقعه اخیر یا دوردست باعث این امر شده است؟,1
2792,آیا ماشه یک واقعه اخیر بود یا یک اتفاق دور؟,1
2793,فهمیدم.چند سال پیش ، اخیراً یا چند وقت پیش بود؟,1
2794,آیا این اتفاق اخیراً برای شما رخ داده است یا چیزی از گذشته دورتر شما است؟,1
2795,با تشکر از شما برای به اشتراک گذاری.آیا این اتفاقی بود که اخیراً اتفاق افتاده است یا چند بار دیگر؟,1
2796,من می خواهم در مورد زمان این اتفاق بیشتر بدانم.آیا خیلی اخیر بود یا مدتی پیش اتفاق افتاد؟,1
2797,من کاملاً می فهمم که چرا ممکن است اینگونه احساس کنید.برای کمک به شما ، باید بدانم که آیا این اتفاق اخیراً یا مدتی اتفاق افتاده است.,1
2798,آیا این اتفاق چندی پیش رخ داده است یا اخیراً اتفاق افتاده است؟,1
2799,آیا این رویداد خاص در گذشته اخیر یا دور اتفاق افتاده است؟,1
2800,از پاسخ شما متشکرم ، من واقعاً دوست دارم کمک کنم.آیا می توانید به من بگویید که آیا این ناشی از یک رویداد اخیر یا یک دور از راه دور بوده است؟,1
2801,خوب ، من می توانم این را درک کنم.آیا به دلیل چیزی که در گذشته اخیر یا دورتر است ، اینگونه احساس می کنید؟,1
2802,آیا این اتفاق مدت ها پیش اتفاق افتاده است ، یا اخیراً؟,1
2803,شاید شما بتوانید به من بگویید که آیا این یک رویداد اخیر بود که باعث شده شما اینگونه احساس کنید یا یک راه دور؟,1
2804,آیا می توانید به من بگویید که آیا این رویداد ناراحت کننده از مدتی پیش بوده است یا اخیراً اتفاق افتاده است؟,1
2805,آیا این اتفاق اخیراً رخ داده است ، یا شما چیزی را از گذشته دورتر به یاد می آورید؟,1
2806,اشکالی ندارد که از این طریق عبور کنید.آیا این ناشی از یک رویداد اخیر یا دور (یا وقایع) بود؟,1
2807,آیا این یک رویداد اخیر بود یا یک اتفاق دور که چندی پیش اتفاق افتاد؟,1
2808,از پاسخ شما متشکرم ، من می توانم ارتباط برقرار کنم.و آیا می گویید که این رویداد یا رویدادهایی که باعث عصبانیت شما در گذشته اخیر یا دور شده است؟,1
2809,می بینم ، متشکرمو آیا این رویداد یا وقایع ، دور یا اخیر بود؟,1
2810,آیا این اتفاق اخیراً رخ داده است یا مدتی برگشت؟,1
2811,با عرض پوزش از شنیدن این موضوعآیا این یک واقعه اخیر یا دورتر بود که باعث این امر شد؟,1
2812,می فهمم ، متشکرم که به من اطلاع دادید.ممکن است بپرسم ، آیا این واقعه که باعث عصبانیت شما از راه دور یا اخیر شد؟,1
2813,اگر بتوانید این را با من به اشتراک بگذارید ، به من کمک می کند.آیا اخیراً پروتکل 6 را امتحان کرده اید ، و در این صورت باعث شده است که احساس سختی برای مدیریت احساسات داشته باشید؟,2
2814,آیا اخیراً به پروتکل 6 اقدام کرده اید و اگر چنین است ، آیا به فکر برخی از وضعیت آسیب زای از گذشته خود بوده اید که می توانست این زخم ها را باز کرده و این احساسات را به وجود آورد؟,2
2815,من تعجب می کنم ، اگر فرصتی برای امتحان کردن داشتید ، احساس می کنید که عصبانیت شما ناشی از پروتکل 6 است؟,2
2816,آیا اخیراً توانسته اید روی پروتکل 6 کار کنید و در صورت وجود ، متوجه شدید که احساسات منفی مشابهی را مانند این رویداد احساس کرده اید؟,2
2817,آیا شما در پروتکل 6 تلاش کرده اید و آیا ممکن است در گذشته برخی از احساسات پرتنش از چیزی به وجود آمده باشد؟,2
2818,من می فهمم که فکر کردن در مورد گذشته می تواند در بعضی مواقع ناراحت کننده باشد.آیا سعی کرده اید از طریق پروتکل 6 کار کنید؟اگر چنین است ، آیا احساس کرده اید که قادر به مقابله با عواطف ناشی از آن نیستید؟,2
2819,من می توانم درک کنم که شما چه احساسی دارید.آیا پروتکل 6 را امتحان کرده اید و خود را احساس می کنید که در نتیجه وقایع گذشته به راحتی نمی توانید مدیریت کنید؟,2
2820,این واقعاً مفید است ، متشکرمبه دانش شما ، آیا انجام پروتکل 6 باعث شده است که احساس عصبانیت یا ناراحت کنید؟,2
2821,آیا سعی کردید از پروتکل 6 استفاده کنید و آیا باعث شده است که احساس اضطراب بیشتری داشته باشید؟,2
2822,آیا احساس می کنید این عصبانیت فعلی می تواند مربوط به تلاش برای پروتکل 6 باشد؟,2
2823,به هر حال ، آیا شما از طریق پروتکل 6 کار کرده اید و آیا این احساسات بد مربوط به چیزها از گذشته را به وجود آورد؟,2
2824,آیا توانستید پروتکل 6 را امتحان کنید و آیا این باعث می شود احساس بدتر کنید؟,2
2825,آیا پروتکل 6 را امتحان کردید و متوجه شدید که به دلیل وقایع گذشته احساسات منفی شدید را برانگیخته است؟,2
2826,آیا توانستید پروتکل 6 را امتحان کنید و آیا احساس کردید که این امر بر احساسات شما تأثیر منفی گذاشته است؟,2
2827,آیا پروتکل 6 را امتحان کرده اید و اگر دارید ، آیا متوجه شدید که از گذشته احساسات دشوار به وجود آمده است؟,2
2828,متشکرم ، من می توانم درک کنمآیا تکمیل پروتکل 6 باعث شد تا احساسات این رویداد ناراحت کننده را زنده کنید؟,2
2829,آیا شما از اواخر پروتکل 6 را امتحان کرده اید و کشف کرده اید که احساسات منفی را از موقعیت های قدیمی به وجود آورده است؟,2
2830,اگر پروتکل 6 را امتحان کرده اید ، آیا این یک تجربه دشوار بود؟,2
2831,آیا فکر می کنید تلاش برای پروتکل 6 ، اگر اخیراً این کار را کرده اید ، در اینجا تأثیر منفی داشته است؟,2
2832,آیا سعی کرده اید به پروتکل 6 بروید و آیا به نظر شما باعث شده احساسات غیرقابل کنترل از گذشته شما باشد؟,2
2833,آیا اخیراً به پروتکل 6 اقدام کرده اید و احساسات مجدداً با تجربه که نتوانسته اید مدیریت کنید ناشی از وقایع گذشته است؟,2
2834,آیا در صورت داشتن پروتکل 6 ، آیا احساسات ناخوشایندی را برانگیخته اید؟,2
2835,پروتکل 6 یکی از تمرینات سخت تر است و برای هر موقعیتی مناسب نیست.من سعی می کنم تعیین کنم که آیا این برای شما مناسب است یا خیر.آیا پروتکل 6 را امتحان کردید و متوجه شدید که خیلی دشوار بود؟,2
2836,آیا پروتکل 6 را امتحان کردید و آیا این باعث شده است که احساس غرق شدن کنید؟,2
2837,اگر پروتکل 6 را امتحان کرده اید ، چگونه پیش رفت ، آیا این خاطرات بد را به وجود آورد؟,2
2838,آیا سعی کرده اید این رویداد را در ذهن خود دوباره زنده کنید اما آن را خیلی سخت پیدا کرده اید؟,2
2839,آیا تلاش برای پروتکل 6 در گذشته ، در صورت داشتن ، احساسات دشوار را برانگیخته است؟,2
2840,آیا پروتکل 6 را پیدا کرده اید که موقعیت هایی را به همراه دارد و باعث می شود که به طور غیرقابل کنترل احساساتی شوید؟,2
2841,قبل از اینکه فراتر برویم ، می خواهم درک کنم که آیا پروتکل 6 می تواند گزینه ای برای شما باشد یا خیر.آیا می توانید به من بگویید که آیا قبلاً پروتکل 6 را امتحان کرده اید و آیا این احساس عصبانیت ایجاد کرده است؟,2
2842,ازشما برای این اطلاعات متشکرم.آیا می توانید به من بگویید که آیا اخیراً به پروتکل 6 اقدام کرده اید و این احساسات غیرقابل کنترل را در نتیجه وقایع قدیمی پیدا کرده اید؟,2
2843,می بینم ، خیلی ممنون که به اشتراک گذاشتید.آیا تلاش اخیر پروتکل 6 باعث شده است که احساسات گذشته شعله ور شود؟,2
2844,آیا اخیراً سعی کرده اید از پروتکل 6 استفاده کنید و اگر چنین است ، آیا باعث افزایش احساسات شما شده است؟,2
2845,آیا از پروتکل 6 برای کمک استفاده کرده اید و آیا احساسات شما از کنترل خارج شده است؟,2
2846,آیا اخیراً سعی کرده اید از طریق پروتکل 6 بروید و دریافتید که این احساسات منفی را از بازدید از رویدادهای گذشته به وجود می آورد؟,2
2847,آیا این احساسات منفی ناشی از تلاش شما برای پروتکل 6 به هیچ وجه بود؟,2
2848,من می فهمم و متاسفم که این اتفاق افتاد.آیا اخیراً به پروتکل 6 اقدام کرده اید و این احساسات غیرقابل کنترل را در نتیجه وقایع قدیمی پیدا کرده اید؟,2
2849,ممکن است بپرسم ، آیا شما تمرین را در پروتکل 6 امتحان کرده اید و آیا این کار دشوار یا دردناک بود؟,2
2850,ممنون که به من کمک کردید تا بهتر درک کنم.من می خواهم بدانم که آیا شما اخیراً به پروتکل 6 اقدام کرده اید و اگر چنین است ، آیا متوجه شدید که این آسیب بیش از خوب است؟,2
2851,من می خواهم درک کنم که آیا پروتکل 6 برای شما مناسب است ، با توجه به اینکه می تواند کاملاً شدید باشد.آیا می توانم از شما بپرسم که آیا اخیراً به پروتکل 6 اقدام کرده اید ، و متوجه شده اید که این احساسات منفی را از گذشته باز می گرداند؟,2
2852,آیا قبلاً سعی کرده اید با انجام پروتکل 6 دوباره به این فکر کنید ، و اگر چنین بود ، آیا این احساسات ناراحت کننده بود؟,2
2853,آیا هنگام تلاش برای تجدید نظر در مورد تروما ، همانطور که در پروتکل 6 درخواست شده است ، آیا متوجه شدید که از نظر عاطفی ناراحت کننده هستید و در ادامه کار مشکل دارید؟,2
2854,بابت آن تشکر می کنم؛من فکر می کنم که پروتکل 6 می تواند به شما در مقابله با این رویداد کمک کند ، اما برخی از افراد گزارش داده اند که این پروتکل می تواند بسیار شدید باشد.آیا قبلاً پروتکل 6 را امتحان کرده اید ، و اگر چنین بود احساسات دشوار یا آسیب زا را برانگیخت؟,2
2855,اگر بتوانید این را با من به اشتراک بگذارید ، به من کمک می کند.آیا اخیراً پروتکل 11 را امتحان کرده اید ، و در این صورت باعث شده است که احساس سختی برای مدیریت احساسات داشته باشید؟,3
2856,آیا اخیراً به پروتکل 11 اقدام کرده اید و اگر چنین است ، آیا به فکر برخی از وضعیت آسیب زای از گذشته خود بوده اید که می توانست این زخم ها را باز کرده و این احساسات را به وجود آورد؟,3
2857,من تعجب می کنم ، آیا اگر فرصتی برای امتحان کردن داشتید ، احساس می کنید که عصبانیت شما ناشی از پروتکل 11 است؟,3
2858,آیا اخیراً توانسته اید روی پروتکل 11 کار کنید و در صورت وجود ، آیا متوجه شدید که احساس منفی مشابهی را که در طول این رویداد انجام داده اید احساس کرده اید؟,3
2859,آیا شما در پروتکل 11 تلاش کرده اید و آیا ممکن است این امر در گذشته احساسات پرتنش را از چیزی به وجود آورد؟,3
2860,من می فهمم که فکر کردن در مورد گذشته می تواند در بعضی مواقع ناراحت کننده باشد.آیا سعی کرده اید از طریق پروتکل 11 کار کنید؟اگر چنین است ، آیا احساس کرده اید که قادر به مقابله با عواطف ناشی از آن نیستید؟,3
2861,من می توانم درک کنم که شما چه احساسی دارید.آیا پروتکل 11 را امتحان کرده اید و خود را احساس می کنید که در نتیجه وقایع گذشته به راحتی نمی توانید مدیریت کنید؟,3
2862,این واقعاً مفید است ، متشکرمبه دانش خود ، آیا انجام پروتکل 11 باعث شده است که احساس عصبانیت یا ناراحت کنید؟,3
2863,آیا سعی کردید از پروتکل 11 استفاده کنید و آیا این باعث شده است که احساس اضطراب بیشتری داشته باشید؟,3
2864,آیا احساس می کنید این عصبانیت فعلی می تواند مربوط به تلاش برای پروتکل 11 باشد؟,3
2865,به هر حال ، آیا شما از طریق پروتکل 11 کار کرده اید و آیا این احساسات بد مربوط به چیزها از گذشته را به وجود آورد؟,3
2866,آیا توانستید پروتکل 11 را امتحان کنید و آیا این باعث می شود احساس بدتر کنید؟,3
2867,آیا پروتکل 11 را امتحان کردید و متوجه شدید که به دلیل وقایع گذشته احساسات منفی شدید را برانگیخته است؟,3
2868,آیا توانستید پروتکل 11 را امتحان کنید و آیا احساس کردید که این امر بر احساسات شما تأثیر منفی گذاشته است؟,3
2869,آیا پروتکل 11 را امتحان کرده اید و اگر دارید ، آیا متوجه شدید که این احساسات دشوار از گذشته به وجود آمده است؟,3
2870,متشکرم ، من می توانم درک کنمآیا تکمیل پروتکل 11 باعث شد تا احساسات این رویداد ناراحت کننده را زنده کنید؟,3
2871,آیا شما از اواخر پروتکل 11 را امتحان کرده اید و کشف کرده اید که احساسات منفی را از موقعیت های قدیمی به وجود آورده است؟,3
2872,اگر پروتکل 11 را امتحان کرده اید ، آیا این یک تجربه دشوار بود؟,3
2873,آیا فکر می کنید تلاش برای پروتکل 11 ، اگر اخیراً این کار را کرده اید ، در اینجا تأثیر منفی داشته است؟,3
2874,آیا سعی کرده اید به پروتکل 11 بروید و آیا متوجه شدید که باعث شده احساسات غیرقابل کنترل از گذشته شما باشد؟,3
2875,آیا اخیراً به پروتکل 11 اقدام کرده اید و احساسات مجدداً با تجربه که نتوانستید از گذشته را مدیریت کنید ، مدیریت کرده اید؟,3
2876,آیا در صورت داشتن پروتکل 11 ، در صورت وجود ، هرگونه احساس ناخوشایندی را برانگیخت؟,3
2877,پروتکل 11 یکی از تمرینات سخت تر است و برای هر موقعیتی مناسب نیست.من سعی می کنم تعیین کنم که آیا این برای شما مناسب است یا خیر.آیا پروتکل 11 را امتحان کردید و متوجه شدید که خیلی سخت بود؟,3
2878,آیا پروتکل 11 را امتحان کردید و آیا این باعث شده است که احساس غرق شدن کنید؟,3
2879,اگر پروتکل 11 را امتحان کرده اید ، چگونه پیش رفت ، آیا این خاطرات بد را به وجود آورد؟,3
2880,آیا سعی کرده اید این رویداد را در ذهن خود دوباره زنده کنید اما آن را خیلی سخت پیدا کرده اید؟,3
2881,آیا تلاش برای پروتکل 11 در گذشته ، در صورت داشتن ، احساسات دشوار را برانگیخته است؟,3
2882,آیا پروتکل 11 را پیدا کردید که موقعیت هایی را به وجود آورد که باعث می شود شما به طور غیرقابل کنترل احساساتی شوید؟,3
2883,قبل از اینکه فراتر برویم ، می خواهم درک کنم که آیا پروتکل 11 می تواند گزینه ای برای شما باشد یا خیر.آیا می توانید به من بگویید که آیا قبلاً پروتکل 6 را امتحان کرده اید و آیا این احساس عصبانیت ایجاد کرده است؟,3
2884,ازشما برای این اطلاعات متشکرم.آیا می توانید به من بگویید که آیا اخیراً به پروتکل 11 اقدام کرده اید و این احساسات غیرقابل کنترل را در نتیجه وقایع قدیمی پیدا کرده اید؟,3
2885,می بینم ، خیلی ممنون که به اشتراک گذاشتید.آیا تلاش اخیر پروتکل 11 باعث شده احساسات گذشته شعله ور شود؟,3
2886,آیا سعی کردید از پروتکل 11 استفاده کنید و اگر چنین است ، آیا باعث افزایش احساسات شما شد؟,3
2887,آیا از پروتکل 11 برای کمک به شما استفاده کرده اید و آیا احساسات شما از کنترل خارج شده است؟,3
2888,آیا اخیراً سعی کرده اید از پروتکل 11 عبور کنید و احساس کنید که این احساسات منفی را از بازدید از رویدادهای گذشته به وجود می آورد؟,3
2889,آیا این احساسات منفی ناشی از تلاش شما برای پروتکل 11 به هر فرصتی بود؟,3
2890,من می فهمم و متاسفم که این اتفاق افتاد.آیا اخیراً به پروتکل 11 اقدام کرده اید و این احساسات غیرقابل کنترل را در نتیجه وقایع قدیمی پیدا کرده اید؟,3
2891,ممکن است بپرسم ، آیا شما تمرین را در پروتکل 11 امتحان کرده اید و آیا این کار دشوار یا دردناک بود؟,3
2892,ممنون که به من کمک کردید تا بهتر درک کنم.من همچنین می خواهم بدانم که آیا شما اخیراً به پروتکل 11 اقدام کرده اید و اگر چنین است ، آیا متوجه شدید که این آسیب بیشتر از خوب است؟,3
2893,من می خواهم درک کنم که آیا پروتکل 11 برای شما مناسب است ، با توجه به اینکه می تواند کاملاً شدید باشد.آیا می توانم از شما بپرسم که آیا اخیراً به پروتکل 11 اقدام کرده اید ، و متوجه شده اید که این احساسات منفی را از گذشته به وجود آورده است؟,3
2894,آیا قبلاً با انجام پروتکل 11 دوباره فکر کرده اید که دوباره به این فکر کنید ، و اگر چنین بود ، آیا این احساسات ناراحت کننده را مجدداً مجدداً مورد توجه قرار داد؟,3
2895,آیا هنگام تلاش برای تجدید نظر در مورد آسیب های خود ، همانطور که در پروتکل 11 درخواست شده است ، آیا متوجه شدید که از نظر عاطفی ناراحت کننده هستید و در ادامه کار مشکل دارید؟,3
2896,بابت آن تشکر می کنم؛من فکر می کنم که پروتکل 11 می تواند به شما در مقابله با این رویداد کمک کند ، اما برخی از افراد گزارش داده اند که این پروتکل می تواند بسیار شدید باشد.آیا قبلاً پروتکل 11 را امتحان کرده اید ، و اگر چنین بود احساسات دشوار یا آسیب زا را برانگیخت؟,3
2897,از همکاری شما بسیار سپاسگزارم ، من از آن بسیار قدردانی می کنم.من فقط چند سوال دیگر دارم تا به من کمک کنم تا بهتر بفهمم چه چیزی را تجربه می کنید.,4
2898,خوشحالم که شما باز هستید و احساسات خود را به اشتراک می گذارید.من می خواهم برای درک بهتر اوضاع چند سوال دیگر از شما بپرسم.,4
2899,با تشکر.من قصد دارم با پرسیدن چند سؤال عمیق تر حفر کنم تا بتوانیم این مسئله را برطرف کنیم.,4
2900,من قدردانی می کنم که شما سعی می کنید عصبانیت خود را برطرف کنید.بیایید به برخی از سؤالات پاسخ دهیم تا بتوانیم وضعیت شما را بهتر درک کنیم.,4
2901,من قدردانی می کنم که این را با من به اشتراک گذاشتید.من می خواهم چند سوال دیگر بپرسم تا به من در درک وضعیت شما کمک کند.,4
2902,متاسفم که می شنوم این همه را پشت سر می گذارید.اکنون من سؤالات بیشتری از شما می پرسم تا بفهمم چه اتفاقی می افتد ، امیدوارم که خوب باشد.,4
2903,من قدردانی می کنم که این را با من به اشتراک گذاشتید.من فقط چند سوال دیگر دارم.,4
2904,من می خواهم کمک کنملطفاً با پاسخ دادن به چند سؤال دیگر به من کمک کنید تا وضعیت خود را بهتر درک کنم.,4
2905,با تشکر از شما برای به اشتراک گذاشتن این موضوع با من ، می دانم که صادق بودن در مورد چنین چیزهایی می تواند سخت باشد.اکنون چند سوال از شما می پرسم تا از وضعیت فعلی خود ایده بهتری داشته باشید.,4
2906,همه اینها واقعاً ارزشمند است ، متشکرم که تاکنون جواب دادید.اگر خوب است ، می خواهم در مورد احساس شما سؤال بیشتری بپرسم.,4
2907,خیلی ممنون.اگر خوب است ، بیایید چند سؤال ساده را طی کنیم تا درک بهتری از اوضاع داشته باشیم.,4
2908,این بسیار مفید استمن امروز فقط چند سوال دیگر برای شما دارم.,4
2909,خوشحالم که می توانید به من اطلاع دهید ، متشکرم.حال اگر با شما اشکالی ندارد ، می خواهم مواردی از شما بپرسم تا با اطمینان بدانم که اکنون چه خبر است.,4
2910,با تشکر.من امیدوارم که شما مهم نیست که من از چند چیز دیگر بپرسید تا بتوانم بهتر درک کنم.,4
2911,با تشکر از شما برای پاسخ دهی.در مرحله بعد ، سؤالاتی وجود خواهد داشت تا بتوانیم درک بهتری از وضعیت شما داشته باشیم.,4
2912,با تشکر از شما برای به اشتراک گذاری.اگر مهم نیست من می خواهم بیشتر از شما بپرسم.,4
2913,آنچه شما تجربه می کنید به نظر می رسد دشوار است.بنابراین من می توانم وضعیت شما را بهتر درک کنم ، اکنون می خواهم چند سؤال دیگر از شما بپرسم.,4
2914,من می توانم درک کنم که چه احساسی دارد که عصبانی شود و می خواهم کمک کنم.اگر مهم نیستید ، بیایید در مورد این موضوع کمی بیشتر صحبت کنیم.,4
2915,من می خواهم اکنون اطلاعات بیشتری کسب کنم تا بهتر به شما کمک کنم.,4
2916,اکنون من برای درک بهتر این وضعیت سؤال می کنم.,4
2917,من می خواهم از شما برای باز بودن تشکر کنم.اگر مهم نیست اکنون سؤالات بیشتری از شما می پرسم.,4
2918,خیلی خوب ، از صراحت و صداقت شما متشکرم.من می خواهم چند سؤال بپرسم تا درک بهتری از وضعیت شما داشته باشم.,4
2919,امیدوارم امروز بتوانیم کارها را انجام دهیم و احساس بهتری داشته باشیم.من چند سوال دیگر دارم که می پرسم آیا این اشکالی ندارد یا خیر.,4
2920,با تشکر از همکاری شما تاکنوناگر موافق باشید ، من می خواهم به سؤالات دیگری بپردازم ، بنابراین می توانم وضعیت شما را بهتر درک کنم.,4
2921,آنچه در حال حاضر احساس می کنید یک احساس معتبر است.من می خواهم چند سؤال بپرسم تا بفهمم از کجا می آیید.,4
2922,با تشکر از همه صبر شما تا کنون.من چند سوال دیگر برای تعیین بهتر نحوه کمک دارم.,4
2923,شما قوی هستید ، من مطمئن هستم که اگر ما با هم کار کنیم این همه می گذرد و احساس بهتری خواهید داشت.من دوست دارم اکنون چند سؤال دیگر بپرسم تا بتوانم درک کنم.,4
2924,از اینکه این را با من به اشتراک گذاشتید متشکرممن چند سوال دیگر برای کمک به من در درک اوضاع دارم.,4
2925,من از به اشتراک گذاشتن آن قدردانی می کنمآیا اکنون می توانم چند سوال بپرسم تا مطمئن شوم که همه چیز را درک می کنم؟,4
2926,با تشکر ، من می خواهم به شما کمک کنم.برای درک بهتر وضعیت شما باید چند سؤال بپرسم.,4
2927,ممنون که این را به من گفتیاکنون برخی از سؤالات می توانند ما را به درک بهتری از آنچه اتفاق افتاده است سوق دهد.,4
2928,از صداقت شما متشکرم ، می دانم که می تواند مشکل باشد.من فقط می خواهم چند سوال بپرسم تا از وضعیت خاص شما تصویر بهتری بگیرم.,4
2929,متشکرم.من می خواهم اکنون سوالات دیگری از شما بپرسم تا بتوانم وضعیت شما را بهتر درک کنم.,4
2930,ممنون که به من اطلاع دادیدمن می خواهم برای درک بهتر این سؤال چند سؤال را طی کنم.,4
2931,با تشکر از شما برای به اشتراک گذاشتن آن با من ، بیایید کمی بیشتر به آن شیرجه بزنیم.اکنون می خواهم سؤالات دیگری از شما بپرسم تا بتوانم کمک کنم.,4
2932,من واقعاً امیدوارم که با کمک من بتوانید احساس بهتری داشته باشید.بیایید به جزئیات بپردازیم و به ریشه این مسئله برسیم.,4
2933,از پاسخ های شما بسیار متشکریم.آیا می توانم اطلاعات اضافی را پیدا کنم که به من کمک می کند تا بتوانم نگرانی های شما را کاملاً درک کنم؟,4
2934,با تشکر از شما برای به اشتراک گذاشتن آن ، واقعاً مفید است.اگر این با شما خوب باشد ، می خواهم چند سؤال دیگر در این باره بپرسم.,4
2935,اکنون برای درک وضعیت شما چند سوال از شما می پرسم.,4
2936,متشکرم.من می خواهم وضعیت شما را بهتر درک کنم و باید چند سؤال بپرسم ، خوب است؟,4
2937,با تشکر از شما برای به اشتراک گذاشتن ، این یک احساس کاملاً عادی و معتبر است که شما تجربه می کنید.اکنون ، من می خواهم سؤالات بیشتری از شما بپرسم تا اوضاع را بهتر درک کنید ، اگر فکر نمی کنید.,4
2938,متاسفم که شما باید همین حالا با این کار مقابله کنید.لطفا اجازه دهید چند سؤال از شما بپرسم تا بتوانم تعیین کنم بهترین روش عمل برای بهتر شدن احساس شما چیست.,4
2939,متشکرم.من می خواهم سؤالاتی از شما بپرسم که ممکن است به من کمک کند تا از آن استفاده کنم.,4
2940,با تشکر از شما برای به اشتراک گذاشتن آنمن می خواهم اکنون چند سوال از شما بپرسم تا به من اجازه دهم کمی بهتر درک کنم.,4
2941,از اینکه با صبر و حوصله پاسخ دادید متشکرم ، می فهمم که می تواند دشوار باشد.من می خواهم چند سؤال دیگر بپرسم تا در صورت خوب بودن بتوانم بهترین دوره عمل را پیشنهاد کنم.,4
2942,اگر می توانستید درباره احساسات خود بیشتر بگویید ، قدردانی می کنم.یک سؤال که من دارم این است که آیا شما هیچ یک از این احساسات را نسبت به شخص دیگری بیان کرده اید یا از نظر ظاهری بیان کرده اید:,5
2943,آیا احساس کرده اید یا هر یک از این احساسات را به افراد دیگر ابراز کرده اید:,5
2944,من می فهمم که شما عصبانی شده اید.آیا می توانید به من بگویید که آیا علاوه بر این عصبانیت ، شما همچنین هر یک از این احساسات قوی را نسبت به هر کسی تجربه کرده اید:,5
2945,آیا خود را احساس کرده اید که هیچ یک از این احساسات را احساس کرده اید ، یا آنها را نسبت به شخص دیگری ابراز کرده اید:,5
2946,اکنون می خواهم برخی از احساسات را لیست کنم.آیا می توانید به من بگویید که آیا شما هر یک از این احساسات را نسبت به کسی احساس کرده اید:,5
2947,بعضی اوقات ما در سناریوهای خاص احساس بسیار قوی می کنیم.آیا هیچ یک از این احساسات را نسبت به کسی در زندگی خود احساس کرده اید:,5
2948,آیا می گویید که به شدت احساس کرده اید یا هر یک از احساسات زیر را نسبت به شخص دیگری بیان کرده اید:,5
2949,آیا آنقدر ناراحت شده اید که هیچ یک از این احساسات را نسبت به افراد دیگر ابراز کرده اید:,5
2950,آیا اخیراً هیچ یک از این احساسات شما را آزار داده است:,5
2951,آیا احساس می کنید که با تنظیم عاطفی نسبت به دیگران یا خودتان دست و پنجه نرم کرده اید و هر یک از موارد زیر را تجربه کرده اید:,5
2952,آیا می توانید به من بگویید لطفا اگر هیچ یک از این احساسات قوی را در مورد یک فرد داشته اید و یا اگر به این شخص اجازه داده اید که چه احساسی داشته باشید ، بداند:,5
2953,آیا می گویید که هر یک از این احساسات منفی را به دیگران احساس کرده اید یا نشان داده اید:,5
2954,آیا احساسات محکمی داشته اید یا هر یک از موارد زیر را به شخص دیگری بیان کرده اید:,5
2955,آیا این امکان وجود دارد که شما در زندگی خود احساس یا نشان دادن هر یک از این احساسات قوی نسبت به دیگران داشته باشید:,5
2956,اکنون قصد دارم لیستی از احساسات را به شما نشان دهم.لطفاً به من بگویید که آیا به شدت احساس کرده اید یا هر یک از این احساسات را نسبت به کسی بیان کرده اید:,5
2957,متاسفم که شما احساس بدی کرده اید و می خواهید با تحقیق بیشتر کمک کنید.آیا هر یک از این احساسات منفی را بیان کرده یا تجربه کرده اید:,5
2958,آیا به طور واضح احساس می کنید یا احساسات زیر را نسبت به کسی بیان کرده اید:,5
2959,آیا هیچ یک از احساسات زیر را نسبت به افراد دیگر در زندگی خود احساس کرده اید:,5
2960,آیا شما هیچ یک از این احساسات قوی را داشته اید و/یا با هر کسی به طور خاص در مورد آنها صحبت کرده اید:,5
2961,آیا واقعاً بر روی هر یک از احساسات زیر نسبت به یک انسان دیگر احساس کرده اید یا عمل کرده اید:,5
2962,آیا شما هیچ یک از این احساسات را نسبت به هر کسی تجربه کرده اید یا به نمایش گذاشته اید:,5
2963,اگر ممکن است بپرسم ، آیا اخیراً هیچ یک از این احساسات را ابراز کرده اید:,5
2964,احساسات خاصی وجود دارد که همه ما احساس می کنیم اما اگر بر روی آنها تثبیت کنیم یا از آنها عمل کنیم ، می تواند ناسالم باشد.آیا در روزهای اخیر هیچ یک از احساسات زیر را به شدت احساس کرده اید یا آنها را نسبت به دیگران بیان کرده اید:,5
2965,آیا هیچ یک از این احساسات را به شدت نسبت به دیگران در زندگی خود احساس کرده اید:,5
2966,آیا می گویید که اخیراً هر یک از احساسات زیر را نسبت به هر کسی احساس کرده اید یا بیان کرده اید:,5
2967,آیا می توانید به من بگویید که آیا احساس منفی زیر را نسبت به کسی احساس کرده اید یا ابراز کرده اید:,5
2968,مطمئناً این یک وضعیت ایده آل برای حضور در آن نیست و من می خواهم اگر این خوب باشد ، وضعیت عاطفی شما را کمی بیشتر بررسی کنم.آیا شما هیچ یک از این احساسات قوی نسبت به هر کس خاص را احساس کرده اید:,5
2969,در مواردی وجود داشت که احساس می کردید یا از این احساسات قدرتمند عمل می کردید:,5
2970,درک احساسات ما می تواند دشوار باشد.آیا می گویید که احساس یا ابراز احساسات شدیدی از احساسات زیر داشته اید:,5
2971,آیا می توانید به من بگویید که آیا شما به شدت احساس کرده اید یا احساسات زیر را نسبت به کسی بیان کرده اید:,5
2972,آیا اخیراً هیچ یک از این احساسات به شدت احساس شده است یا به هر کسی بیان شده است:,5
2973,آیا این وضعیت دشوار باعث شده است که شما هر یک از این احساسات را داشته باشید و یا روی آنها عمل کنید:,5
2974,من می دانم که این ممکن است دشوار باشد ، اما می توانید کمی بیشتر در مورد احساسات خود به من بگویید.من می خواهم بدانم که آیا شما هیچ یک از این احساسات را نسبت به شخص دیگری احساس کرده اید:,5
2975,آیا می توانید به من اطلاع دهید که آیا هر یک از احساسات زیر را تجربه کرده اید یا می خواهید آنها را نسبت به شخص دیگری بیان کنید:,5
2976,آیا هیچ یک از احساسات قوی زیر را داشته اید و یا آنها را نسبت به کسی ابراز کرده اید:,5
2977,ما گاهی اوقات احساساتی را احساس می کنیم که فکر می کنیم بد است ، اما این واقعیت که می دانیم آنها بد هستند ، ما را آگاه می کند ، بنابراین خوب است که آن احساسات را احساس کنیم ، همه ما روزی احساس می کنیم.آیا شما به شدت احساس کرده اید یا احساسات زیر را نسبت به کسی بیان کرده اید:,5
2978,آیا فکر می کنید ممکن است هر یک از احساسات زیر را به شدت بیان کرده یا احساس کرده باشید:,5
2979,در بعضی مواقع ممکن است احساساتی را احساس کنیم که به آنها افتخار نمی کنیم ، اما تشخیص آنها ، قبول آنها و درک آنها هنوز هم مهم است.ممکن است از شما بپرسم که آیا شما هر یک از احساسات زیر را نسبت به شخص دیگری احساس کرده اید:,5
2980,لحظاتی در زندگی وجود دارد که ممکن است احساساتی را تجربه کنیم که به آنها افتخار نمی کنیم ، اما این خوب است ، تا زمانی که آماده یادگیری از آنها باشیم.آیا می گویید که اخیراً هیچ یک از احساسات زیر را احساس کرده اید:,5
2981,ممکن است بپرسم آیا شما هر یک از احساسات زیر را احساس کرده اید یا ابراز کرده اید:,5
2982,لطفاً سعی کنید اکنون به وضعیت عاطفی خود صریح و روشن نگاه کنید.آیا فکر می کنید که ممکن است اخیراً هر یک از احساسات زیر را به شدت احساس کرده باشید:,5
2983,متشکرم ، سوال بعدی در مورد احساسات منفی است که می تواند بر زندگی و روابط ما تأثیر بگذارد ، و به همین ترتیب مهم است که ما یاد بگیریم که آنها را بشناسیم.آیا در مورد گذشته اخیر خود فکر می کنید ، آیا ممکن است در بعضی مواقع هر یک از احساسات زیر را نسبت به کسی احساس کرده باشید:,5
2984,آیا می گویید که تمایل به نجات مردم دارید؟,6
2985,آیا احساس می کنید وظیفه شماست که دیگران را نجات دهید یا مسائل آنها را به عهده بگیرید؟,6
2986,آیا ممکن است این باشد که شما سعی در نجات شخصی دارید؟,6
2987,من بسیار متاسفم که شما با احساسات دشوار سر و کار دارید.آیا شاید احساس می کنید که باید شخص دیگری را در زندگی خود نجات دهید؟,6
2988,آیا با فکر کردن به وقایع اخیر و نه چندان تازه ، آیا این تصور را دارید که دوست دارید شخص دیگری را نجات دهید؟,6
2989,آیا همیشه احساس می کنید که باید مردم را در زندگی خود نجات دهید؟,6
2990,آیا شما سعی می کنید ناجی شخص دیگری باشید؟,6
2991,آیا احساس نیاز به ناجی شخص دیگری در زندگی خود را دارید؟,6
2992,آیا شما احساس می کنید مسئولیت نجات شخص دیگری ، یک دوست عزیز را دارید؟,6
2993,آیا با عینیت به خود نگاه می کنید ، آیا احساس می کنید که همیشه باید قهرمان داستان خود باشید و همه را از موقعیت های منفی وثیقه کنید؟,6
2994,اگر ممکن است این را از شما بپرسم ، آیا احساس می کنید وظیفه شماست که دیگران را نجات دهید؟,6
2995,بعضی اوقات وقتی عصبانی می شویم ، به این دلیل است که ما می خواهیم به مردم کمک کنیم ، اما احساس می کنیم نمی توانیم یا آنها اجازه نمی دهیم.آیا احساس می کنید کسی در زندگی شما وجود دارد که می خواهید نجات یا نجات دهید؟,6
2996,با این احساس ، آیا فکر می کنید که باید شخص دیگری را نجات دهید؟,6
2997,آیا شما اعتقاد دارید که کمک یا صرفه جویی در کسی باعث آرامش شما می شود؟,6
2998,آیا می توانید از اینکه به دیگران کمک نمی کنید احساس عصبانیت کنید؟,6
2999,آیا شما اعتقاد دارید که وظیفه شماست که شخص دیگری را نجات دهید؟,6
3000,آیا احساس نیاز به فداکاری خود را برای دیگران احساس می کنید؟,6
3001,آیا فکر می کنید وظیفه شماست که به افراد اطراف خود نجات یا کمک کنید؟,6
3002,از اعتماد شما متشکریم ، خوب است که روشی را که احساس می کنید احساس کنید.آیا شما اعتقاد دارید که می توانید - یا باید - ناجی شخص دیگری باشید؟,6
3003,آیا می توانم بپرسم آیا این احساس را دارید که باید ناجی شخص دیگری باشید؟,6
3004,آیا به خودتان نگاه می کنید ، آیا شما اعتقاد دارید که احساسات فعلی شما ناشی از تمایل شما به ناجی شخص دیگری است؟,6
3005,آیا خود را ناجی شخص دیگری می دانید یا احساس می کنید بیش از حد مسئولیت کسی در زندگی خود را دارید؟,6
3006,آیا احساس می کنید که سعی در نجات شخصی دارید ، در رفتار آنها مداخله می کنید؟,6
3007,آیا شما سعی می کنید کاری انجام دهید تا به شخص دیگری کمک کنید ، شاید به هزینه خوشبختی خود؟,6
3008,آیا فکر می کنید در این لحظه از زندگی باید روی نجات شخص دیگری تمرکز کنید؟,6
3009,آیا تا به حال احساس می کنید که همیشه سعی می کنید به جای خودتان به دنبال دیگران باشید؟,6
3010,آیا احساس مسئولیت رفع مشکلات شخص دیگری می کنید؟,6
3011,آیا خودتان را باور دارید که باید دیگران را نجات دهید؟,6
3012,آیا شما شخص دیگری را با هزینه خود امن می کنید؟,6
3013,آیا تا به حال احساس می کنید بیش از نیاز خود به دنبال نیازهای دیگران هستید؟,6
3014,آیا فکر می کنید ممکن است احساسات شما از تلاش برای کمک به ، ذخیره یا بازخرید شخص دیگری با اقدامات شما ناشی شود؟,6
3015,اگر ممکن است بپرسم ، آیا احساس می کنید در این شرایط سعی در نجات یا نجات افراد دیگر دارید؟,6
3016,آیا می توانم فقط با پرسیدن از شما شروع کنم که آیا شما مسئولیت نجات شخص دیگری در زندگی خود را دارید؟,6
3017,متشکرم ، شما عالی کار می کنید.اگر ممکن است بپرسم ، آیا خودتان را در تلاش برای نجات اطرافیان خود پیدا می کنید؟,6
3018,آیا می توانید به من بگویید اگر احساس می کنید می خواهید شخص دیگری ، یک دوست یا یک عزیز را نجات دهید؟,6
3019,من می خواهم از شما بپرسم که آیا به طور طبیعی به شما کمک می کند تا به دیگران کمک کنید ، حتی با هزینه خودتان؟,6
3020,آیا معمولاً مسئولیت احساسات دیگران را احساس می کنید؟,6
3021,بیایید سعی کنیم درک کنیم که آیا چیزی عمیق تر باعث شده است که این عصبانیت را احساس کنید.آیا اخیراً اتفاقی افتاده است ، آیا ممکن است نسبت به کسی احساس گناه کنید ... کسی که شما قادر به کمک نبودید؟,6
3022,از اینکه این را با من به اشتراک گذاشتید متشکرمبه طوری که من می توانم به شما بهتر کمک کنم ، آیا می توانید به من بگویید که آیا این احساس را دارید که باید بیش از حد معمول به دیگران در زندگی خود کمک کنید ، یا اینکه این وظیفه شماست که آنها را نجات دهید؟,6
3023,بیایید سعی کنیم اگر دلایل عمیق تری وجود داشته باشد ، احساس عصبانیت کنید.آیا ممکن است این باشد که شما ناامید شده اید زیرا قادر به نجات شخصی در زندگی خود از مشکلات خود نیستید؟,6
3024,اگر با چه احساسی در حال حاضر ارتباط دارید ، آیا نیاز به احساس مفید برای کسی وجود دارد؟,6
3025,لطفاً قبل از پاسخ به این موضوع ، سعی کنید با دقت در مورد گذشته اخیر خود فکر کنید.آیا اخیراً احساس کرده اید که برای نجات دیگران در اطراف خود ، به شما کمک می کند ، به آنها کمک کنید تا با هزینه خود بر مشکلات خود غلبه کنند؟,6
3026,آیا فکر می کنید اقدامات شما ناشی از تمایل به نجات یا کمک به کسی است؟,6
3027,آیا احساس می کنید حضور در آنجا برای دیگران و حمایت از آنها ، حتی وقتی اشتباه می کنند ، برای شما بسیار مهم است؟,6
3028,به طور کلی ، آیا احساس می کنید دیگران مقصر مشکلات شما هستند؟,7
3029,آیا احساس می کنید دیگران مقصر احساسات منفی شما هستند؟,7
3030,آیا احساس می کنید دیگران مسئول احساسات منفی شما هستند؟,7
3031,آیا خود را قربانی می بینید ، یا شخص دیگری را به خاطر احساسات خود سرزنش می کنید؟,7
3032,آیا می توانم از شما بپرسم که آیا الان احساس قربانی می کنید و احساسات خود را به دیگران سرزنش می کنید؟,7
3033,اگر از من سؤال نمی کنید ، می خواهم بدانم که آیا دیگران را به خاطر این احساسات منفی که تجربه می کنید سرزنش می کنید.,7
3034,آیا شخص دیگری مقصر است که شما را قربانی کند؟,7
3035,آیا احساس قربانی شدن دارید و احساس می کنید شخص دیگری در اطراف شما باعث می شود این احساس را داشته باشید؟,7
3036,لطفا به من بگویید ، آیا احساس می کنید که این تقصیر شخص دیگری است که شما اینگونه احساس می کنید؟,7
3037,آیا ممکن است این باشد که شما از مسئولیت اقدامات خود اجتناب می کنید و فقط شخص دیگری را برای احساسات خود سرزنش می کنید؟,7
3038,متشکرم که این را به من اطلاع دادید.آیا احساس می کنید دیگران باعث این احساس شده اید؟,7
3039,آیا احساس می کنید کسی است یا سعی در صدمه زدن به شما دارد؟,7
3040,خوب ، و در مورد احساسات شما نسبت به اطرافیان چیست.آیا می گویید شما کسی هستید که در این شرایط دچار مشکل شده اید و این تقصیر شخص دیگری است؟,7
3041,اگر ممکن است بپرسم ، فکر می کنید این تقصیر شخص دیگری است که شما این عصبانیت را احساس می کنید؟,7
3042,آیا ممکن است کسی را مقصر بدانید که احساس اذیت می کنید؟,7
3043,آیا احساس می کنید یا اعتقاد دارید که افراد دیگر ممکن است به شما آسیب رسانده باشند؟,7
3044,آیا احساس می کنید که همه چیز و همه در حال حاضر مخالف شما هستند؟,7
3045,آیا می گویید روشی که احساس می کنید می توانید به شخص دیگری نسبت داده شود؟,7
3046,خوب است که روشی را که احساس می کنید احساس کنید.آیا شما اعتقاد دارید که قربانی هستید که احساس می کنید اینقدر احساس کمبود می کنید؟,7
3047,ممنون که به آن پاسخ دادیدآیا شخص دیگری را به خاطر احساسات منفی که الان احساس می کنید سرزنش می کنید؟,7
3048,آیا فکر می کنید احساس شما سرچشمه می گیرد زیرا دیگران را مقصر می دانید که احساس منفی می کنید؟,7
3049,آیا خود را قربانی اقدامات شخص دیگری می دانید؟,7
3050,آیا کسی برای احساس شما مقصر است؟,7
3051,آیا می گویید شخص دیگری باعث شده است که شما اینگونه احساس کنید؟,7
3052,بعضی اوقات دیگران باعث رنج ما می شوند ، اما در موارد دیگر ممکن است این باشد که ما از مسئولیت اقدامات و انتخاب های خود جلوگیری می کنیم.آیا احساس می کنید به دلیل افراد دیگر رنج برده اید؟,7
3053,من می فهمم که شما عصبانی هستید و صدمه دیده اید.آیا فکر می کنید اطرافیان شما احساسات منفی را که تجربه می کنید ایجاد می کنند؟,7
3054,آیا احساس می کنید که ممکن است احساسات منفی شما توسط شخص دیگری ایجاد شده باشد؟,7
3055,آیا احساس می کنید تحت تأثیر منفی شخص دیگری قرار گرفته اید؟,7
3056,اگر ممکن است بپرسم ، آیا تا به حال خود را به خاطر روشی که احساس می کنید ، مقصر دیگران هستید؟,7
3057,آیا در حال حاضر به دلیل شخص دیگری احساس بدی می کنید؟,7
3058,آیا ممکن است این باشد که ، گاهی اوقات ، شما مسئولیت اشتباهاتی را که انجام می دهید به دیگران نسبت می دهید یا تمایل به کاهش گناه دارید؟,7
3059,مشکلی نیست ، متشکرم که به من اطلاع دادید.آیا احساس می کنید که ممکن است کسی یا چیز دیگری باعث ایجاد احساسات منفی شما شود؟,7
3060,از پاسختان ممنونم.اکنون دوست دارم از شما بپرسم که آیا احساس می کنید قربانی هستید ، و شخص دیگری مقصر است که شما را به این احساس احساس می کند.,7
3061,من می فهمم ، متشکرمآیا ممکن است این باشد که خود را در این شرایط قربانی می بینید؟,7
3062,می بینم چیزی شما را آزار می دهد.آیا احساس می کنید کسی به شما آسیب می رساند؟,7
3063,آیا می توانید به من بگویید اگر خود را قربانی می بینید ، شخص دیگری را مقصر می دانید که چه احساسی منفی دارید؟,7
3064,با تشکر از شما ، پس ما باید در جای دیگری به دنبال علت احساسات منفی شما باشیم.آیا این افراد دیگری است که باعث شده این احساس را داشته باشید ، به عنوان مثال شخصی در خانواده یا محل کار خود را؟,7
3065,خوب ، متشکرم که این را به من اطلاع دادید.شاید شما به یک ذهنیت رسیده باشید که خود را قربانی می بینید و شخص دیگری مرتکب است؟,7
3066,من می بینم ، و چه در مورد احساس قربانی شدن ، این موارد گاهی اوقات می توانند ما را از جهان عصبانی کنند.آیا احساس می کنید شخص دیگری به شما آسیب می رساند یا از شما استفاده می کند؟,7
3067,فکر می کنید ممکن است کسی مسئول احساس شما باشد؟,7
3068,از پاسخ شما متشکرم ، بیایید ببینیم چیز دیگری وجود دارد که شما را آزار می دهد یا خیر.آیا احساس می کنید کسی اخیراً از شما سوءاستفاده کرده است یا قربانی شما است؟,7
3069,آیا احساسات شما نتیجه اقدامات شخص دیگری است؟آیا خود را در این شرایط قربانی می کنید؟,7
3070,آیا احساس می کنید که افراد دیگر غالباً رفتار بدی دارند یا نسبت به شما بی احترامی می کنند؟,7
3071,آیا کاملاً صادقانه با خود هستید ، آیا می گویید که همیشه نیاز به کنترل دارید؟,8
3072,متشکرم.در نتیجه احساسات فعلی خود ، آیا احساس نیاز به کنترل دیگران دارید؟,8
3073,اگر ممکن است بپرسم ، آیا احساس می کنید که می خواهید کسی را در زندگی خود کنترل کنید؟,8
3074,آیا ممکن است این باشد که شما در حال تلاش برای کنترل کسی هستید ، شاید؟,8
3075,آیا دوست دارید خود را تصور کنید که قدرت و کنترل دیگران را گاهی اوقات انجام می دهید؟,8
3076,فکر می کنید ممکن است رفتار کنترل کننده نسبت به شخص دیگری را نشان دهید؟,8
3077,آیا فکر می کنید که ممکن است به روشی کنترل کننده عمل کنید؟,8
3078,آیا کسی در اطراف شما یا در زندگی شما وجود دارد که می خواهید کنترل کنید؟,8
3079,آیا احساس می کنید می خواهید یا نیاز به کنترل رفتار شخص دیگری در زندگی خود دارید؟,8
3080,آیا فکر می کنید این امکان وجود دارد که شما فقط سعی کنید هر حرکتی را که شخص دیگری انجام می دهد کنترل کنید؟,8
3081,آیا سعی می کنید کسی را کنترل کنید که غیر فعال باشد؟,8
3082,آیا نگران این هستید که ممکن است این احساسات عصبانیت را بر روی کسی بیرون بیاورید ، سعی کنید آنها را کنترل کنید؟,8
3083,خوب ، و سپس در مورد نحوه رفتار شما چیست.آیا در حال حاضر خواستار تلاش و کنترل کسی در زندگی شما وجود دارد؟,8
3084,آیا فکر می کنید ممکن است نیاز به کنترل کسی داشته باشید ، آنها را وادار کنید که چه کاری می خواهید ، برای عصبانیت کمتری؟,8
3085,در حالی که شما تحریک شده اید ، آیا اغلب خود را می بینید که سعی در کنترل افراد دیگر دارید؟,8
3086,آیا احساس می کنید که نگرش دیگران را کنترل می کنید؟,8
3087,آیا احساس می کنید یا دوست دارید در کنترل دیگران باشید؟,8
3088,آیا فکر می کنید اخیراً در روابط خود نیاز به کنترل دارید؟,8
3089,می بینم ، متشکرمآیا احساس می کنید شاید سعی کنید شخص دیگری را کنترل کنید؟,8
3090,فکر می کنید الان می توانید سعی کنید شخص دیگری را کنترل کنید؟,8
3091,آیا تا به حال متوقف شده اید که فکر کنید اگر این را احساس می کنید زیرا سعی در کنترل کسی دارید و دریافتید که واقعاً هستید؟,8
3092,آیا تا به حال احساس می کنید که سعی دارید کسی را تحت کنترل خود نگه دارید؟,8
3093,آیا فکر می کنید این وضعیت و افراد موجود در آن چیزی هستند که می خواهید بر آن تسلط داشته باشید؟,8
3094,آیا احساس می کنید اخیراً باید مسئولیت رفتار شخص دیگری را بر عهده داشته باشید؟,8
3095,به نظر صادقانه ، آیا فکر می کنید وقت و انرژی خود را بر کنترل آنچه دیگران انجام می دهند تمرکز می کنید؟,8
3096,اگر ممکن است این را از شما بپرسم ، آیا احساس می کنید نیاز به کنترل دارید؟,8
3097,آیا کسی در زندگی شما وجود دارد که نظر شما می خواهید تغییر دهید؟,8
3098,آیا فکر می کنید کسی آزادی را که شایسته آن هستید به شما نمی دهد و باید آنها را متقاعد کنید؟,8
3099,آیا اغلب خود را در تلاش برای کنترل دیگران می بینید؟,8
3100,آیا می گویید که ممکن است سعی در کنترل کسی داشته باشید؟,8
3101,آیا فکر می کنید که اقدامات شما می تواند به عنوان کنترل دیگران درک شود؟,8
3102,باز هم متشکرم که به من در درک وضعیت کمک کردید.آیا فرصتی وجود دارد که ممکن است سعی کنید شخص دیگری را در زندگی خود کنترل یا دستکاری کنید؟,8
3103,می بینم ، متشکرمدر مورد کنترل رفتارها چطور؟آیا شاید هیچ یک از این افراد را نسبت به افراد دیگر به نمایش گذاشته اید؟,8
3104,باز هم از همکاری شما متشکرمآیا می توانم بپرسم آیا شما آنقدر مسئول کسی هستید که ممکن است سعی در کنترل آنها داشته باشید؟,8
3105,آیا می توانید به درون خود نگاه کنید و به من بگویید اگر احساس می کنید سعی دارید کسی را کنترل کنید؟,8
3106,بعضی اوقات پشیمان می شویم که همیشه زندگی خود را تحت کنترل نداریم و سعی می کنیم دیگران را در نتیجه کنترل کنیم.آیا احساس می کنید ممکن است سعی در کنترل کسی داشته باشید؟,8
3107,من نمی دانم که آیا عصبانیت شما می تواند تا حدی به دلیل عدم کنترل و تمایل به آن ایجاد شود.آیا احساس نمی کنید ، اما دوست دارید کنترل خود را بر روی یک عزیز یا شخصی در محل کار انجام دهید؟,8
3108,کنترل چیزی است که ممکن است وقتی احساس می کنیم در زندگی خودمان کمی یا هیچ کس نداریم ، بخواهیم.آیا ممکن است این باشد که شما امیدوار هستید یا سعی می کنید کسی را در زندگی خود کنترل کنید؟,8
3109,خوب ، متشکرم ، پس ما باید به جایی دیگر نگاه کنیم تا بفهمیم چرا اینطور احساس می کنید.آیا ممکن است این باشد که شما تمایل به کنترل کلمات یا اقدامات شخصی که می شناسید ، دارید ، اما این تمایل باعث ناامیدی شما می شود؟,8
3110,با تشکر از شما ، و در مورد توانایی شما در کنترل یا تأثیرگذاری بر دیگران.آیا احساس می کنید که یا نیاز به تأثیرگذاری بر شخص دیگری دارید یا نیاز دارید؟,8
3111,من میفهمم.آیا این امکان وجود دارد که شما در تلاش باشید تا مسئولیت زندگی شخص دیگری را بر عهده بگیرید؟شما می توانید صادقانه به من بگویید ، من اینجا هستم تا کمک کنم ، نه قضاوت.,8
3112,آیا این امکان وجود دارد که شما سعی در تغییر یا تأثیرگذاری بر رفتار شخص دیگری دارید؟,8
3113,آیا احساس می کنید در تلاش برای تغییر نحوه رفتار دیگران تلاش زیادی می کنید؟,8
3114,من می خواهم بدانم که آیا همیشه وقتی اتفاق بدی رخ می دهد احساس مسئولیت می کنید.,9
3115,وقتی به وضعیت خود نگاه می کنید ، آیا همیشه خود را مقصر می دانید و خود را به خاطر آنچه اتفاق می افتد متهم می کنید؟,9
3116,آیا همیشه سعی می کنید نسبت به خود انتقاد کنید؟,9
3117,آیا می گویید که همیشه هر زمان که مشکلی پیش بیاید ، خود را سرزنش و متهم می کنید؟,9
3118,آیا وقتی چیزی درست نیست یا اشتباه می شود ، تمایل دارید که همیشه سرزنش و متهم کنید؟,9
3119,آیا متوجه شده اید که اخیراً همیشه خود را مقصر یا متهم می کنید؟,9
3120,آیا همیشه احساس می کنید که وقتی همه چیز اشتباه می شود مقصر هستید؟,9
3121,آیا احساس می کنید همیشه تقصیر شماست؟وقتی چیزی به نتیجه نرسد ، آیا به شدت سرزنش می کنید و خود را متهم می کنید؟,9
3122,وقتی همه چیز اشتباه می شود ، آیا همیشه فکر می کنید مقصر هستید؟,9
3123,فکر می کنید همیشه مقصر چیزهایی هستید که تقصیر شما نیستند؟,9
3124,آیا وقتی اتفاق بدی رخ می دهد همیشه از خودتان عصبانی هستید؟,9
3125,طبیعی است که خودمان را مقصر بدانیم وقتی اتفاقی می افتد که به ما آسیب می رساند ، اما اگر همیشه این کار را انجام دهیم ، می تواند به احساسات بسیار عصبانی تبدیل شود.آیا فکر می کنید همیشه تمایل دارید که خود را به خاطر هر اشتباهی سرزنش کنید؟,9
3126,مسئولیت آنچه در زندگی شما اتفاق می افتد چگونه است.آیا احساس می کنید همیشه کسی هستید که مقصر چیزهایی هستید که اشتباه می شود؟,9
3127,آیا همیشه به خاطر اتفاقات منفی که برای شما اتفاق می افتد احساس گناه یا عصبانی می کنید؟,9
3128,آیا همیشه از کارهای بدی که برای شما اتفاق می افتد از خود عصبانی هستید؟,9
3129,آیا همیشه خود را به خاطر اشتباهات خود مقصر می دانید؟,9
3130,آیا همیشه احساس اشتباه می کنید ، هر اتفاقی می افتد؟,9
3131,آیا تمایل دارید به سمت داخل نگاه کنید و خود را برای هر موضوعی که بوجود می آید سرزنش کنید؟,9
3132,متشکرم ، می بینمآیا شما اعتقاد دارید که دلیل اصلی همه مشکلات خود هستید؟,9
3133,آیا می گویید که همیشه وقتی اشتباه پیش می رود ، خود را سرزنش می کنید؟,9
3134,آیا تا به حال فکر کرده اید که آیا این احساس بد به این دلیل است که شما همیشه خود را مقصر می دانید و خود را متهم می کنید وقتی مشکلی پیش می آید؟,9
3135,وقتی مشکلی پیش آمد ، آیا دائماً خود را سرزنش می کنید؟,9
3136,وقتی همه چیز اشتباه می شود ، آیا احساس می کنید همیشه تقصیر شماست؟,9
3137,آیا همیشه هنگام وقوع یک واقعه منفی ، همیشه مقصر دیگری را به خود اختصاص می دهید؟,9
3138,آیا احساس می کنید همیشه وقتی مشکلی پیش می آید ، تمام عواقب را به دست می آورید؟,9
3139,آیا همیشه احساس می کنید کسی که باعث ایجاد مشکلات شما می شود؟,9
3140,آیا احساس می کنید همیشه مقصر موقعیت های تصادفی هستید؟,9
3141,آیا همیشه وقتی همه چیز طبق برنامه پیش نمی رود ، احساس بدی می کنید؟,9
3142,آیا می بینید که وقتی همه چیز خراب است ، همیشه سرزنش می کنید؟,9
3143,آیا احساس می کنید ، در اعماق درون ، همیشه برای هر اتفاق بدی که اتفاق می افتد به خودتان فریاد می زنید؟,9
3144,آیا معمولاً کاری وجود دارد که احساس می کنید باید متفاوت انجام داده اید ، آیا تمایل دارید همیشه اقدامات خود را زیر سوال ببرید؟,9
3145,آیا همیشه احساس می کنید که وقتی مشکلی پیش می آید مقصر هستید؟,9
3146,من می فهمم ، از صبر شما متشکرم.من می خواهم در صورت امکان بدانم که آیا شما فکر می کنید ممکن است تمایل داشته باشید همیشه خود را سرزنش کنید هر زمان که اتفاق بدی رخ دهد.,9
3147,من می فهمم ، از پاسخ های شما تاکنون متشکرم.اگر ممکن است بپرسم ، آیا فکر می کنید شما فردی هستید که همیشه خود را مقصر می دانید هر زمان که مشکلی پیش بیاید؟,9
3148,آیا همیشه احساس می کنید که همه چیز را لمس می کنید ، و آیا همیشه خود را بیش از حد مقصر می دانید؟,9
3149,آیا احساس می کنید همیشه وقتی اشتباه پیش می رود ، خود را مقصر و متهم می کنید؟,9
3150,اگر می خواهم به شما بگویم که ممکن است خودتان خیلی سخت باشید ، موافقید؟,9
3151,بابت آن تشکر می کنم.آیا احساس می کنید وقتی همه چیز اشتباه می شود ، همیشه تقصیر شماست؟,9
3152,آیا همیشه احساس مسئولیت هر اتفاقی که در اطراف شما می افتد ، حتی اگر عواقب آن به طور مستقیم به اقدامات شخصی شما بستگی نداشته باشد ، احساس مسئولیت می کنید؟,9
3153,خوب ، متشکرم که به آن پاسخ دادید ، و هرگونه احساس گناه یا مقصر بودن چیست.آیا تمایل دارید هر زمان که مشکلی پیش بیاید ، احساس تقصیر کنید؟,9
3154,هوم ، پس شاید شما احساس عمیق کنید که باعث این امر می شوید.آیا شما همیشه خود را به خاطر اشتباهات یا شکست های خود متهم می کنید ، صرف نظر از اینکه واقعاً برای آنها مسئولیت پذیر هستید؟,9
3155,آیا همیشه احساس می کنید که شما شخص اصلی مسئول مشکلات یا مشکلاتی هستید که برای شما اتفاق می افتد؟,9
3156,مشکلی نیست ، متشکرمآیا فکر می کنید که شاید شما همیشه خود را به خاطر چیزی مقصر بدانید؟,9
3157,وقتی اوضاع در اطراف شما اشتباه می شود ، آیا می فهمید که همیشه یا اغلب خود را به عنوان کسی که مقصر است قرار می دهید؟,9
3158,آیا همیشه احساس می کنید وقتی مشکلی پیش می رود می توانستید بیشتر یا متفاوت انجام دهید؟,9
3159,با تمام صداقت ، آیا فکر می کنید همیشه در دسترس هستید تا گزینه های دیدگاه خود را در نظر بگیرید؟,10
3160,آیا آنچه را که در زندگی خود اتفاق می افتد گرفته اید و از دیدگاه های مختلف به آن نگاه می کنید؟,10
3161,آیا فکر می کنید ممکن است دیدگاههای دیگری وجود داشته باشد که در وضعیت فعلی شما قابل توجه باشد؟,10
3162,متاسفم که شما الان این منفی را تجربه می کنید.اگر ممکن است بپرسم ، و لطفاً صادق باشید ، آیا می گویید که همیشه وقتی این موارد به شما ارائه می شود ، به دیدگاه دیگران توجه کرده اید؟,10
3163,شما ممکن است در گذشته مکالمات دیگری داشته باشید که در مورد دیدگاه ها و دیدگاه های دیگر صحبت کرده اید.آیا تا به حال توصیه یا دیدگاه جدیدی را که در زندگی خود به شما ارائه شده است ، انجام داده اید؟,10
3164,من می خواهم در صورت امکان بدانم ، اگر احساس می کنید همیشه به دیدگاه های مختلف که در گذشته به شما ارائه می شد ، توجه کامل و دقیق داده اید.,10
3165,آیا سعی کرده اید از دیدگاه شخص دیگری به چیزها نگاه کنید ، و آیا این کمک کرده است؟,10
3166,آیا می گویید که وقتی در مکالمات قبلی بوجود آمد ، واقعاً می توانید دیدگاه های دیگری را در نظر بگیرید؟,10
3167,آیا تا به حال سعی کرده اید که چگونه شخص دیگری ممکن است در وضعیت شما فکر کند یا احساس کند؟,10
3168,آیا خود را کسی می دانید که وقتی صحبت از مکالمات شما می شود ، به سایر نقاط دیدنی گوش می دهد؟,10
3169,آیا می گویید که به طور کلی به ورودی دیگران گوش می دهید؟,10
3170,وقتی اتفاقی می افتد که شما را عصبانی می کند ، آیا هرگز سعی می کنید به کفش شخص دیگر بروید؟,10
3171,با فکر کردن به گفتگوی قبلی که اخیراً داشته اید ، آیا به یاد دارید که افکار دیگران چیست و آیا در مورد آنها بیشتر فکر کرده اید؟,10
3172,آیا در مورد دیدگاه ها و دیدگاه های مختلف فکر کرده اید که می تواند دیدگاه شما را در مورد وضعیت فعلی شما تغییر دهد؟,10
3173,آیا قبل از نتیجه گیری تمایل دارید دیدگاه دیگران را نیز در بر بگیرید؟,10
3174,آیا سعی کرده اید از دیدگاه دیگر به این وضعیت و احساسات فعلی خود نگاه کنید؟,10
3175,آیا شما به طور معمول افکار دیگران را در نظر می گیرید ، و آیا برای آنها ارزش قائل هستید؟,10
3176,وقتی با دیگران صحبت می کنید ، آیا می توانید با دقت گوش دهید و دیدگاه های آنها را صادقانه در نظر بگیرید؟,10
3177,ممنون که به من اطلاع دادیدآیا شما اعتقاد دارید که تمام گزینه های خود را در نظر گرفته اید ، هر دیدگاهی که از آن می توانید وضعیت فعلی خود را مشاهده کنید؟,10
3178,آیا می توانید با اطمینان بگویید که همیشه دیدگاه های دیگری را که در گذشته توسط دوستان یا خانواده ارائه شده است با دقت در نظر گرفته اید؟,10
3179,آیا صادقانه احساس می کنید که وقتی آنها را به شما ارائه می دهند ، همیشه به نظرات دیگران توجه می کنید و به آنها اعتبار می دهید؟,10
3180,آیا در طول بحث های قبلی با افراد در زندگی خود ، هیچ دیدگاهی را که متفاوت از خود شما بود ، بررسی کرده اید و از آن استفاده کرده اید؟,10
3181,آیا در کفش شخص دیگر قدم زده اید ، از دیدگاه آنها به این وضعیت نگاه کرده اید؟,10
3182,فکر می کنید راه دیگری برای دیدن این وضعیت وجود دارد؟,10
3183,آیا مدتی را صرف کرده اید که در مورد دیدگاه های دیگر از شما فکر کنید؟,10
3184,آیا از دیدگاه دیگران به اوضاع نگاه کرده اید ، و آیا آن را مفید دانستید؟,10
3185,آیا فکر می کنید که می توانید دید خود را در دیدگاه دیگری قرار دهید؟,10
3186,آیا به این فکر کرده اید که چگونه دیگران ممکن است در مکالمات قبلی که با آنها داشته اید ببینند؟,10
3187,آیا برای شما آسان است که دیدگاه دیگران را در نظر بگیرید؟,10
3188,آیا می توانید بدون اینکه بلافاصله قضاوت کنید یا بحث کنید ، به دیدگاه های دیگر نگاه کنید؟,10
3189,آیا واقعاً احساس می کنید که همیشه در مکالمات قبلی که داشته اید ، می توانید دیدگاه های دیگری را در نظر بگیرید؟,10
3190,آیا می گویید که همیشه در مکالمات قبلی که داشته اید ، دیدگاه های دیگری را در نظر گرفته اید ، به جای اینکه آنها را خاموش کنید ، نظرات و توصیه های دیگران را به طور کامل در هیئت مدیره قرار داده اید؟,10
3191,امروز دوباره از صبر شما متشکرممن می خواهم بدانم که آیا به تمام صداقت اعتقاد دارید که همیشه در بحث های قبلی دیدگاه دیگران را با دقت در نظر گرفته اید.,10
3192,آیا می توانم بپرسم که آیا در زندگی روزمره شما با دقت به دوستان خود گوش می دهید ، بدون اینکه همیشه اصرار به مطرح کردن دیدگاه خود را داشته باشید؟,10
3193,آیا می توانید به من بگویید اگر با تمام صداقت احساس می کنید که وقتی این موارد در مکالمات قبلی به شما ارائه می شد ، دیدگاه ها و دیدگاه های دیگری را در نظر گرفتید؟,10
3194,آیا خود را کسی می دانید که واقعاً می تواند به افراد دیگر گوش کند؟,10
3195,من نمی دانم که آیا این مفید است که از منظر دیگری به این موضوع نگاه کنیم ، و آیا شما امتحان کرده اید؟,10
3196,به عنوان یک عادت ، آیا می گویید که شما می خواهید سایر نقاط دیدگاه خود را جدا از خود در نظر بگیرید؟,10
3197,متشکرم ، این به من کمک می کند تا شما را بهتر درک کنم.آیا شما اعتقاد دارید که شما کسی هستید که قادر به گوش دادن به توصیه های دیگران است و آن را عملی می کنید؟,10
3198,آیا احساس می کنید معمولاً قادر به بیرون رفتن از خود هستید و با چشمان تازه به وضعیتی نگاه می کنید؟,10
3199,آیا دیدگاه دیگری را که در مکالمات قبلی به شما پیشنهاد شده است ، در نظر گرفته اید و مورد توجه قرار داده اید؟,10
3200,بعضی اوقات افراد دیگر ممکن است بتوانند به ما کمک کنند تا وضعیتی را کشف کنیم و قوی تر شویم ، تا زمانی که بتوانیم گوش کنیم.آیا خود را شنونده خوبی می دانید؟,10
3201,در تعاملات روزمره خود ، آیا اغلب متوجه می شوید که هنگام ارائه دیدگاه های جایگزین ، ذهن خود را تغییر می دهید؟,10
3202,من می فهمم ، متشکرمآیا به طور کلی هنگام گفتگو در مکالمه ، نظرات و بازخورد دیگران را می خواهید؟,10
3203,آیا اخیراً اتفاقی افتاده است که باعث شده است که از شبکه پشتیبانی دوستان و خانواده خود احساس بیگانه کنید؟,11
3204,آیا در زندگی شخصی شما اتفاق می افتد که می تواند ناراحت کننده باشد ، آیا با کسی نزدیک به خود افتاده اید؟,11
3205,آیا در نتیجه نبرد با افراد در زندگی خود احساسات منفی شدید را تجربه می کنید؟,11
3206,با عرض پوزش از شنیدن مشکلات شما ، من همیشه برای کمک به اینجا هستم.آیا در حال حاضر با هر یک از عزیزانتان مشکل دارید؟,11
3207,آیا اخیراً با دوستان یا عزیزان مشکل شخصی داشته اید ، شاید در حال سقوط باشد ، یا مشکلات خانوادگی داشته اید؟,11
3208,آیا ممکن است این باشد که شما در حال حاضر یک بحران شخصی را تجربه می کنید ، در نتیجه حوادث پریشانی مانند مشکلات رابطه با دوستان یا عزیزان؟,11
3209,آیا شما از طریق چیزی دردناک کار می کنید ، مانند سقوط با شخصی که برای شما عزیز بود؟,11
3210,آیا احساس می کنید به دلیل مشکلات در رابطه با کسی که نزدیک شما است ، یک بحران شخصی را پشت سر می گذارید؟,11
3211,آیا این احساس مشکل بزرگتری را برای شما و عزیزانتان ایجاد کرده است؟آیا منجر به یک بحران شخصی شده است؟,11
3212,آیا احساس می کنید زندگی شخصی شما در حال حاضر ناپایدار است؟آیا روابط شما با خانواده یا دوستان در صخره ها است؟,11
3213,اگر ممکن است بپرسم ، آیا شما در حال حاضر با مسائل شخصی دست و پنجه نرم می کنید؟,11
3214,متاسفم که شما عصبانی هستید ، و من نمی دانم که آیا این ممکن است نشانه چیز بزرگتر باشد.آیا اخیراً مشکلات عمده دیگری در زندگی شما رخ داده است؟,11
3215,آیا در حال حاضر مانند هرگونه بحران شخصی احساس می شود که اتفاقات بزرگی رخ می دهد؟,11
3216,آیا با برخی از افراد ، خانواده یا دوستان خود مشکلات شخصی اساسی داشته اید؟,11
3217,آیا به دلیل پریشانی امور شخصی عصبانی هستید؟آیا با افراد در محل کار یا در خانه می جنگید؟,11
3218,آیا با افراد در محیط خود مشکلی دارید که به نظر نمی رسد آن را حل کنید؟,11
3219,آیا در حال حاضر واقعاً استرس دارید ، در آستانه بحران؟,11
3220,آیا می گویید که در حال حاضر یک آسیب شخصی را تجربه می کنید ، احتمالاً عزیزان یا دوستان خود را درگیر می کنید؟,11
3221,با تشکر از شما برای پاسخاگر از من سؤال نمی کنید ، آیا در حال حاضر یک بحران شخصی را پشت سر می گذارید؟آیا روابط شما یا موارد دیگر به خصوص دشوار بوده است؟,11
3222,آیا می گویید که ممکن است در حال حاضر کمی بحران را پشت سر بگذارید؟,11
3223,اگر از من سؤال نمی کنید ، آیا شما یک بحران شخصی را پشت سر می گذارید ، یا با عزیزان مشکل دارید؟,11
3224,آیا می توانم بپرسم که آیا در این لحظه با عزیزانتان مسائل مهمی دارید یا نگرانی های مهم دیگر؟,11
3225,آیا می توانم بپرسم که آیا در حال حاضر مشکلات اساسی در زندگی شما وجود دارد؟,11
3226,من می خواهم بدانم که آیا شما در حال حاضر یک زمان به خصوص سخت را تجربه کرده اید یا خیر.,11
3227,آیا شاید با یک بحران شخصی روبرو باشید یا با خانواده ، دوستان یا عزیزان کنار گذاشته اید؟,11
3228,آیا می گویید که بیشتر مشکلات شما در حال حاضر حول موارد نزدیک به شما می چرخد؟,11
3229,آیا شما ممکن است در روابط شخصی خود درام را تجربه کنید (به عنوان مثال با یک دوست یا دوست عزیز همراه نیستید)؟,11
3230,آیا در حال حاضر خود را تحت فشار زیادی قرار می دهید و با همکاران ، دوستان یا خانواده مشکل دارید؟,11
3231,من می خواهم بدانم که به طور کلی اوضاع در زندگی شما چگونه پیش رفته است.آیا اخیراً هیچ رویدادهای مهم و پریشانی وجود داشته است؟,11
3232,آیا می توانم بپرسم ، آیا شما در حال حاضر دچار مشکلات شخصی یا عاطفی خاصی شده اید؟,11
3233,اگر ممکن است بپرسم ، آیا احساس می کنید با دوستان ، خانواده یا عزیزان خود مشکلات غیرقابل کنترل را تجربه می کنید؟,11
3234,با تشکر از شما برای باز کردن من ، من می خواهم به شما کمک کنم تا افکار منفی خود را رها کنید.آیا می تواند به دلیل مشکلات مربوط به خانواده یا عزیزان ، در حال حاضر دوره ای از رنج های استثنایی را پشت سر بگذارید؟,11
3235,من می فهمم که این لحظه خوبی برای شما نیست و شاید اتفاق بزرگی در جریان باشد.آیا شما یک بحران شخصی را تجربه می کنید ، با مسائل غیرقابل کنترل که افراد دیگر در زندگی شما را درگیر می کند ، روبرو هستید؟,11
3236,آیا احساس می کنید که ممکن است در حال حاضر دچار یک بحران شخصی شوید؟,11
3237,آیا احساس می کنید در حال حاضر مشکلات غیرممکن در زندگی خود دارید؟,11
3238,روابط شما با دوستان و عزیزان چگونه است ، آیا اخیراً ارتباط با آنها را دشوار کرده اید؟,11
3239,می دانید ، من نمی دانم که آیا این عصبانیت ریشه های عمیق تری دارد یا خیر.آیا در زندگی شما ، یک بحران یا یک سقوط عمده با شخصی که به آن اهمیت می دهید ، اتفاق اساسی رخ می دهد؟,11
3240,من نمی دانم که آیا عصبانیت شما می تواند ناشی از چیزی بزرگتر باشد که زیر سطح آن می شود.آیا اخیراً در زندگی شخصی یا حرفه ای خود با مشکلات خارق العاده ای روبرو شده اید؟,11
3241,آیا فکر می کنید ممکن است در روابط خود مشکل داشته باشید و برای تبادل محبت یا عشق با دیگران تلاش کنید؟,11
3242,آیا این امکان وجود دارد که شما در حال حاضر در حال کار به خصوص دشوار باشید ، یعنی تأثیر فاجعه بار بر زندگی شما؟,11
3243,آیا در حال حاضر در زندگی شخصی خود (به عنوان مثال در زندگی عاشقانه خود یا با دوستان یا خانواده) هیچ مشکلی یا درام تجربه کرده اید؟,11
3244,آیا این روزها دوران سختی را تجربه می کنید یا در رابطه با دیگران مشکل دارید؟,11
3245,متاسفم که این را شنیدمآیا اتفاقی افتاده است که شما را چنین احساسی کرده است؟,0
3246,به عنوان دوست شما ، همیشه می توانید هر چیزی را به من بگویید و من سعی می کنم به بهترین توانایی های خود کمک کنم.آیا می توانید به من بگویید که آیا اتفاقی افتاده است که باعث می شود چنین احساسی داشته باشید؟,0
3247,من می فهمم که شما احساس اضطراب می کنید.لطفا می توانید کمی بیشتر در این مورد به من بگویید؟آیا اضطراب ناشی از یک رویداد خاص یا وقایع است؟,0
3248,من می شنوم که شما چه احساسی دارید.برای حمایت از شما ، می توانید به من بگویید که آیا یک رویداد خاص وجود دارد که باعث احساس شما شده است؟,0
3249,من می فهمم که ممکن است احساس اضطراب کنید ، اگر می توانستید جزئیات بیشتری به من بدهید ، می خواهم به شما کمک کنم.آیا فکر می کنید این می تواند با هر رویداد خاص مرتبط باشد؟,0
3250,از شنیدنش متاسفم.آیا یک رویداد خاص وجود دارد که ممکن است باعث شده است که شما اینگونه احساس کنید؟,0
3251,این کاملاً طبیعی است که احساس کنید چه احساسی دارید ، من می فهمم و می خواهم کمک کنم.فکر می کنید این امر به دلیل هر چیز خاصی ایجاد شده است؟,0
3252,آیا اضطراب فعلی شما ناشی از چیزی است که شما از آن آگاه هستید؟,0
3253,متاسفم که این را شنیدمآیا به طور خاص چیزی وجود دارد که باعث شده شما چنین احساسی داشته باشید؟,0
3254,من می توانم ببینم که شما احساس اضطراب می کنید.آیا اتفاقی افتاده است که شما اینگونه احساس کرده اید؟,0
3255,من می فهمم که احساس اضطراب می تواند وحشتناک باشد.آیا چیزی به ویژه وجود دارد که باعث می شود شما اینگونه احساس کنید؟,0
3256,من می فهمم که شما در حال حاضر بهترین احساس را ندارید.آیا فکر می کنید روشی که احساس می کنید هر حادثه خاصی در ارتباط است؟,0
3257,من می شنوم که شما احساس اضطراب می کنید.آیا اتفاقی افتاده است که ممکن است باعث شود شما اینگونه احساس کنید؟,0
3258,خیلی متاسفم که اینگونه احساس کردیمن می دانم که صحبت کردن در مورد این ممکن است دشوار باشد ، اما آیا یک رویداد خاص وجود دارد که باعث این امر شده است؟,0
3259,آیا به ویژه چیزی وجود دارد که بتوانید به یاد بیاورید که ممکن است به شما کمک کند از این طریق؟,0
3260,اوه نه ، با عرض پوزش از شنیدن آنآیا این اتفاقی است که باعث ایجاد این احساسات شده است؟,0
3261,این می تواند خشن باشد.فکر می کنید ممکن است با اتفاقی که افتاده است مرتبط باشد؟,0
3262,متاسفم که می شنوم احساس اضطراب می کنید.آیا اتفاقی برای ایجاد این احساسات اضطراب رخ داده است؟,0
3263,این مایه تاسف استآیا اتفاق خاصی رخ داده است تا شما را اینگونه احساس کند؟,0
3264,آیا چیزی به ویژه وجود دارد که باعث می شود شما اینگونه احساس کنید؟,0
3265,اگر احساس راحتی می کنید ، می توانید به من بگویید که آیا این احساس ناشی از اتفاق خاصی است که اتفاق افتاده است؟,0
3266,امیدوارم بتوانید کنار بیایید.آیا اگر از شما بپرسم که آیا یک رویداد خاص یا مسئله باعث اضطراب شما شده است ، فکر می کنید؟,0
3267,اوه ، این خوب نیستآیا این مربوط به هر رویداد خاصی است که رخ داده است؟,0
3268,متاسفم که شما احساس خوبی ندارید.آیا اتفاقی افتاده است که شما را اینگونه احساس کند؟,0
3269,آیا اتفاقی برای شما افتاده است؟,0
3270,آیا این به دلیل اتفاقی است که افتاده است؟,0
3271,من فکر می کنم اگر در مورد آنچه باعث شده شما چنین احساسی داشته باشید ، ممکن است کمک کند.آیا این یک رویداد خاص بود که شما را ناراحت کرد؟,0
3272,چه چیزی باعث شده است که شما مانند این احساس کنید ، اگر به من بگویید که به من بگویید ، آیا این یک رویداد خاص بود؟,0
3273,من می توانم ببینم که شما احساس اضطراب می کنید ، و دوست دارم کمک کنم.آیا چیز خاصی وجود دارد که باعث این احساس شود؟,0
3274,آیا اتفاقی افتاده است که باعث شد شما اینگونه احساس کنید؟,0
3275,متاسفم که الان این کار را می کنید.آیا یک رویداد خاص باعث این امر شده است؟امیدوارم کاری وجود داشته باشد که بتوانم برای کمک به آنها انجام دهم.,0
3276,با عرض پوزش از شنیدن این که احساس می کنید ، خوب است که چنین احساسی داشته باشید ، تنها نیستید.آیا چیز خاصی وجود دارد که باعث می شود امروز چنین احساسی داشته باشید؟,0
3277,متاسفم که می شنوم امروز احساس خوبی ندارید.آیا این چیز خاصی است که باعث شده است که شما اینگونه احساس کنید؟,0
3278,اوه ، متاسفم که می شنوم شما احساس اضطراب می کنید.آیا این احساس ناشی از چیزی فراتر از کنترل شما بود؟,0
3279,من می دانم که شما از چیزی مضطرب هستید و دوست دارید کمک کنید.آیا فکر می کنید چیز خاصی وجود دارد ، اتفاقی که افتاده است که باعث این احساس می شود؟,0
3280,با عرض پوزش از شنیدن اینکه امروز احساس اضطراب می کنید ، این باید برای شما دشوار باشد.آیا دلیل خاصی وجود دارد که امروز چنین احساسی دارید ، آیا اتفاقی افتاده است؟,0
3281,از شنیدن این موضوع متاسفم ، می توانم ارتباط برقرار کنم.آیا به ویژه چیزی وجود داشت که باعث شد شما اینگونه احساس کنید؟,0
3282,بنابراین من می توانم به شما کمک کنم اضطراب خود را کاهش دهید ، آیا می توانید به یک رویداد خاص فکر کنید که ممکن است باعث آن شود؟,0
3283,اوه این کار سخت است ، همه ما آنجا بوده ایم بنابراین می فهمم.آیا چیزی به ویژه وجود دارد که باعث احساس شما شده است؟نگران نباشید ، ما سعی خواهیم کرد و آن را کار خواهیم کرد.,0
3284,آیا اتفاقی برای شما افتاده است تا این احساس را به شما بدهد؟,0
3285,متاسفم که در حال حاضر احساس اضطراب می کنید ، می خواهم به هر شکلی که می توانم کمک کنم.من امیدوارم که شما از من س asking ال کنید ، اما آیا به طور خاص اتفاقی افتاده است؟,0
3286,آیا چیزی وجود دارد که شما را به این روش احساس می کند؟,0
3287,من می توانم درک کنم که شما چه احساسی دارید.آیا اتفاقی در زندگی شما افتاده است که باعث این احساس شده است؟,0
3288,از شنیدن آن متاسفمآیا این چیزی به ویژه بود که باعث شد شما اینگونه احساس کنید؟,0
3289,متشکرم که به من اطلاع دادید که چه احساسی دارید ، من می خواهم به شما کمک کنم تا بر این امر غلبه کنید و احساس بهتری داشته باشید.ممکن است بپرسم ، آیا احساس فعلی شما ناشی از یک رویداد خاص (یا رویدادها) بود؟,0
3290,شنیدن این بسیار ناراحت کننده است ، اما خوب است که چنین احساسی داشته باشید.آیا چیز خاصی وجود دارد که منجر به این احساس شود؟,0
3291,متاسفم که این را شنیدمچی شد؟آیا کاری خاص شما را ناراحت کرده است؟,0
3292,متاسفم که می شنوم که شما چنین احساسی دارید.من می خواهم از شما بپرسم که آیا این امر به دلیل چیز خاصی ایجاد شده است ، اگر فکر نمی کنید.,0
3293,خوب ، من نمی دانم چه چیزی باعث می شود شما چنین احساسی داشته باشید.آیا اتفاقی افتاده است که باعث شد احساس اضطراب کنید؟,0
3294,این سخت استاین اخیر بود یا چندی پیش اتفاق افتاد؟در هر صورت احساسات شما کاملاً معتبر است.,1
3295,من میفهمم.آیا می توانید زمان این رویداد را به من بگویید تا بتوانم بیشتر بفهمم چه چیزی شما را مضطرب می کند ، آیا اخیر بود یا دور؟,1
3296,می بینم.و آیا فکر می کنید به من بگویید که آیا این اتفاق اخیراً رخ داده است یا در گذشته؟,1
3297,خوب ، متشکرمآیا می توانید به من اطلاع دهید آیا این اتفاقی است که اخیراً اتفاق افتاده است یا چندی پیش بود؟,1
3298,متشکرم ، ممکن است به من کمک کند تا بدانم چه موقع این اتفاق افتاده است.آیا می توانید به من بگویید ، آیا این یک واقعه اخیر یا دور بود؟,1
3299,با تشکر از شما برای به اشتراک گذاری این.بدون اینکه به جزئیات بیش از حد بپردازیم ، آیا این رویداد اخیر بود یا مدتی است که اینگونه بوده است؟,1
3300,متاسفم که این اتفاق برای شما افتاد.آیا این اتفاق اخیراً یا چندی پیش اتفاق افتاده است؟,1
3301,می بینم.آیا می توانید به من بگویید که آیا علت این اضطراب اتفاقی است که چندی پیش اتفاق افتاده است یا اینکه اخیراً اتفاق افتاده است؟,1
3302,آیا فکر می کنید چه زمانی این اتفاق افتاد ، آیا اخیر بود یا دور؟,1
3303,آیا این اتفاق اخیراً رخ داده است یا مدتی پیش بود؟,1
3304,آیا این احساسات ناشی از یک واقعه اخیر است یا به دلیل یک واقعه دورتر ، قبلاً اینگونه احساس کرده اید؟,1
3305,من می دانم که صحبت کردن در مورد این موارد دشوار است ، بنابراین از شما برای باز کردن من متشکرم.آیا می خواهید کمی بیشتر در مورد اینکه این حادثه اتفاق افتاد ، به من بگویید ، آیا این یک حادثه اخیر یا چیزی در گذشته بود؟,1
3306,متاسفم که این را شنیدم ، امیدوارم که وقتی این اتفاق افتاد با من به اشتراک نگذارید.اخیر بود یا دور؟,1
3307,آیا اخیراً این اتفاق افتاده است ، یا این یک رویداد گذشته است که هنوز هم شما را تحت تأثیر قرار داده است؟,1
3308,آیا این رویداد مدتها پیش بود؟یا شاید اتفاقی که اخیراً برای شما افتاده است؟,1
3309,علت این اضطراب ، آیا این ممکن است اتفاقی باشد که در چند روز گذشته اتفاق افتاده است یا احساس دورتر می کند؟,1
3310,آه ، من می بینمآیا این اتفاقی است که اخیراً اتفاق افتاده است یا چندی پیش؟,1
3311,آیا می خواهید به من بگویید که چه اتفاقی باعث این احساسات شده است ، آیا این یک مورد اخیر یا یک دور از گذشته بود؟,1
3312,آیا این اتفاق اخیراً رخ داده است یا در گذشته چیزی است؟,1
3313,آیا این اتفاقی است که اخیراً اتفاق افتاده است یا در گذشته؟,1
3314,آیا این اتفاقی است که اخیراً اتفاق افتاده است ، یا چیزی از گذشته که هنوز در ذهن شماست؟,1
3315,آیا این رویداد اخیراً اتفاق افتاده است یا این چیزی است که مدتی در ذهن شما بوده است؟,1
3316,خوب من می بینم ، لطفا در مورد آن بیشتر به من بگویید.چه زمانی این اتفاق افتاد ، اخیراً یا چندی پیش؟,1
3317,چند سال پیش اتفاق افتاد ، اخیر بود یا دور؟,1
3318,متاسفم که آن را شنیدمچه زمانی این اتفاق افتاد ، اخیراً یا مدتی برگشت؟,1
3319,چه زمانی این اتفاق افتاد ، اخیراً یا چندی پیش بود؟,1
3320,باشه ممنون ، خوشحالم که راحت در این مورد صحبت کردی.آیا این واقعه که باعث اضطراب شما اخیر یا چندی پیش شد؟,1
3321,آیا این اتفاق اخیراً رخ داده است ، یا این یک خاطره از گذشته دور است؟,1
3322,متاسفم که این را شنیدم ، امیدوارم که شما کمی بیشتر توضیح ندهید.آیا این اتفاق اخیراً رخ داده است یا در گذشته دورتر بود؟,1
3323,آیا این اتفاق اخیراً رخ داده است یا مدتها پیش؟,1
3324,من می فهمم که این ممکن است برای شما دشوار باشد.آیا می توانم فقط بپرسم ، آیا این اتفاقی است که اخیراً افتاده است یا مدتی؟,1
3325,می بینم ، دوست دارم درباره آنچه اتفاق افتاده است بیشتر بدانم.آیا این اخیر یا اتفاقی بود که مدتی پیش افتاد؟,1
3326,لطفا به من کمک کنید تا بیشتر درک کنمآیا این یک رویداد اخیر است که اتفاق افتاده است یا چیزی از گذشته دور است؟,1
3327,آیا دلیل این احساس چیزی است که در روزهای جوانی شما اتفاق افتاده است یا اخیراً؟,1
3328,خوب ، گفتن این حرف با صدای بلند اولین قدم خوب است.آیا می توانید فکر کنید که آیا رویدادی که باعث می شود این احساس را داشته باشید اخیراً اتفاق افتاده است یا در گذشته؟,1
3329,با تشکر از شما برای به اشتراک گذاری.آیا می توانید لطفاً به من بگویید که آیا این واقعه که اتفاق افتاده است و باعث اضطراب شما در گذشته اخیر یا دوردست شده است؟هرچه بیشتر درک کنم ، بیشتر می توانم از شما حمایت کنم.,1
3330,این چیزی که باعث می شود احساس اضطراب کنید - آیا اخیراً این اتفاق افتاده است یا مدتی پیش بود؟,1
3331,این عالی است که شما توانستید آن را شناسایی کنید.آیا این یک رویداد اخیر بود یا اتفاقی که مدتی پیش افتاد؟,1
3332,آیا این چیزی است که شما مدتی نگران آن بوده اید ، یا چیز جدیدی است که در ذهن شماست؟,1
3333,اوه نه ، این باید دشوار بود.این اخیر بود یا دور؟,1
3334,آیا این یک واقعه اخیر یا دور بود؟,1
3335,خوب ، این منطقی است ، متشکرم که به من گفتید.آیا این رویداد چیزی است که چندی پیش اتفاق افتاده است یا اخیراً؟,1
3336,آیا این به دلیل اتفاقی است که اخیراً اتفاق افتاده است ، یا از گذشته های دورتر چیزی را به خاطر می آورید؟,1
3337,متاسفم که برای شما اتفاق افتاد ، سخت است که از طریق چیزی ناراحت کننده باشید.آیا این اتفاق اخیراً رخ داده است یا مدتی برگشت؟,1
3338,امیدوارم با صحبت کردن در مورد آن مشکلی نداشته باشید.آیا این چیزی است که باعث اضطراب شما اخیر شده است یا در گذشته چیزی دور بود؟,1
3339,می بینم ، متشکرم که این موضوع را روشن کردید.من می خواهم بدانم ، آیا این رویداد کاملاً اخیر بود یا در گذشته دورتر بود؟,1
3340,من اینجا با تو هستم.چه زمانی این اتفاق افتاد ، اخیراً یا در گذشته های دورتر؟,1
3341,آیا این اتفاق اخیراً رخ داده است ، یا این چیزی است که مدتی در ذهن شما طعنه زده است؟,1
3342,من می فهمم ، و از شنیدن این موضوع متاسفم.آیا می توانم بپرسم که آیا این احساس می کند که اخیراً اتفاق افتاده است یا اینکه در گذشته خاطره ای از چیزی دورتر است؟,1
3343,آیا این اتفاق اخیراً یا چندی پیش اتفاق افتاده است؟,1
3344,من تعجب می کنم ، آیا فکر می کنید پروتکل 6 برای تجدید نظر در این رویداد ، اگر این کار را کرده اید ، ممکن است در این احساس نقش داشته باشد؟,2
3345,من می دانم که این رویداد برای شما ناراحت کننده بوده است.آیا اخیراً در تلاش برای یافتن بسته شدن در آن ، این رویداد را دوباره مورد بررسی قرار داده اید ، اما تمام کاری که انجام داده است این است که احساسات غیرقابل تحمل را که در طول این رویداد داشتید بازگرداند؟,2
3346,همانطور که ممکن است بدانید ، از پروتکل 6 می توان برای بررسی وقایع مانند این استفاده کرد.آیا تجربه ای با پروتکل 6 داشته اید؟و اگر چنین است ، آیا متوجه شدید که احساسات دشواری را به سطحی که با وقایع گذشته همراه بود ، به ارمغان آورد؟,2
3347,آیا اخیراً تروما این رویداد را از طریق پروتکل 6 دوباره مرور کرده اید ، و به همین دلیل است که اکنون احساس اضطراب می کنید؟,2
3348,بعضی اوقات می تواند به رفع اضطراب که از گذشته با یک واقعه آسیب زا در ارتباط است از طریق پروتکل 6. کمک کند.,2
3349,آیا اخیراً این رویداد را از طریق پروتکل 6 مجدداً مورد بررسی قرار داده اید و دریافتید که این احساسات و احساسات اضطراب آور را به وجود آورده است؟,2
3350,اشکالی ندارد که احساس اضطراب و کاملاً قابل درک کنید.فقط باید بدانم که آیا اخیراً سعی کرده اید این رویداد گذشته را به خاطر بسپارید و آن را ناراحت کننده دانستید؟,2
3351,آیا اخیراً پروتکل 6 را گرفته اید و احساس کرده اید که این باعث ایجاد احساس اضطراب شده است؟,2
3352,بعضی اوقات افراد می توانند در هنگام آزمایش پروتکل 6 تحت تأثیر منفی قرار بگیرند. آیا اخیراً سعی کرده اید از پروتکل 6 استفاده کنید و تجربه را ناراحت کننده دانستید؟,2
3353,آیا اخیراً پروتکل 6 را امتحان کرده اید و احساساتی را که کشف کرده اید سخت است؟,2
3354,من می فهمم که وقایع در گذشته شما می تواند احساسات محکمی به وجود آورد.آیا این احساسات به دلیل تلاش برای پروتکل 6 مجدداً مورد توجه قرار گرفته است؟,2
3355,در بعضی موارد ، پروتکل 6 می تواند مفید باشد که به یک واقعه مخصوصاً آسیب زا نگاه کنیم ، اما این گاهی اوقات می تواند یک واکنش عاطفی مشکل ساز ایجاد کند.آیا قبلاً از پروتکل 6 استفاده کرده اید ، و آیا این باعث شده است که احساسات غیرقابل کنترل داشته باشید؟,2
3356,من نمی دانم که آیا ممکن است چیزی دوباره این احساس را به وجود آورد.آیا سعی کرده اید این رویداد را به خاطر بسپارید یا تجدید نظر کنید و در نتیجه احساس اضطراب کرده اید؟,2
3357,تجدید نظر در حوادث آسیب زا با تلاش برای پروتکل 6 می تواند احساسات منفی و غیرقابل کنترل را به وجود آورد.آیا با گرفتن پروتکل 6 سعی در تجدید نظر در این رویداد دارید و در نتیجه احساس بدی دارید؟,2
3358,آیا به پروتکل 6 سعی کرده اید به این رویداد فکر کنید ، و اگر دارید ، آیا به یاد آوردن این رویداد از نظر عاطفی تخلیه شده است؟,2
3359,به هر حال ، اگر ممکن است بپرسم ، تلاش اخیر در پروتکل 6 محرک این احساسات بود؟,2
3360,بعضی اوقات ممکن است احساسات بد برگردد زیرا اتفاقی می افتد که دوباره آنها را مطرح کند.آیا اخیراً پروتکل 6 را امتحان کرده اید و در فاصله گرفتن از احساسات منفی که در مورد گذشته به وجود آمده است ، مشکل دارید؟,2
3361,از اینکه این را با من به اشتراک گذاشتید متشکرمآیا می توانم بپرسم ، آیا اخیراً در مورد این رویداد گذشته بحث کرده اید یا سعی کرده اید آن را زنده کنید و ممکن است این باعث ناراحتی شما شده یا احساسات منفی ایجاد کرده است؟,2
3362,آیا قبلاً سعی کرده اید این رویداد را مجدداً مورد بررسی قرار دهید تا انجام این کار احساسات منفی شدید را به وجود آورد؟,2
3363,من می توانم ببینم که چرا ممکن است احساس اضطراب کنید.آیا فکر می کنید تلاش برای پروتکل 6 می تواند دوباره این احساسات غیرقابل کنترل را مجدداً مجدداً مجدداً مجدداً انجام دهد؟,2
3364,آیا اخیراً پروتکل 6 را امتحان کرده اید و دریافتید که این همه احساسات بد را به وجود آورده است؟,2
3365,من قدردانی می کنم که غلبه بر افکار منفی از گذشته دشوار است.آیا امتحان کردن پروتکل 6 اخیراً حافظه خود را به هم ریخته و با یادآوری این رویداد باعث اضطراب شما شده است؟,2
3366,پروتکل 6 می تواند کمک بزرگی کند اما می دانم که گاهی اوقات می تواند باعث استرس ناخواسته شود.آیا اخیراً به پروتکل 6 داده اید و بعد از گرفتن آن ، خود را بیش از حد پریشان کرده اید؟,2
3367,پروتکل 6 در بعضی مواقع می تواند اثرات منفی بر روی افراد داشته باشد.آیا به پروتکل 6 اقدام کرده اید و آیا این امر شما را تحت تأثیر منفی قرار داده است؟,2
3368,من می دانم که این سخت است ، بنابراین از شما برای به اشتراک گذاشتن با من متشکرم.آیا سعی در پروتکل 6 داشت ، اگر داشته باشید ، این احساس بد را برای شما مجدداً مجدداً مجدداً مورد توجه قرار دهید؟,2
3369,آیا پروتکل 6 را امتحان کرده اید و آیا احساس شدید زیادی کرده است؟,2
3370,برخورد با آسیب های گذشته می تواند واقعاً سخت باشد ، من از شجاعت شما قدردانی می کنم.آیا می توانم بپرسم که آیا شما به پروتکل 6 اقدام کرده اید ، اما آن را خیلی سخت یافتید؟,2
3371,آیا پروتکل 6 را امتحان کرده اید و دریافتید که نتیجه خوبی ندارد؟,2
3372,من می دانم که پروتکل 6 اغلب می تواند محرک احساس اضطراب در مورد یک واقعه آسیب زا گذشته باشد ، بنابراین قبل از اینکه توصیه کنم می خواهم بدانم که آیا این اتفاق برای شما افتاده است یا خیر.آیا پروتکل 6 چیزی است که اخیراً امتحان کرده اید و باعث شده است که احساس اضطراب کنید؟,2
3373,آیا پروتکل 6 را امتحان کرده اید و آیا هنگام یادآوری چیزها از گذشته ، احساسات بدی به شما داده است؟,2
3374,بعضی اوقات وقتی پروتکل های خاصی را طی می کنیم و می فهمیم که ، همانطور که انجام می دهیم ، این موارد می توانند احساسات و تجربیات منفی را کشف کنند.آیا تا به حال پروتکل 6 را امتحان کرده اید اما آن را بیش از حد ناراحت کننده دانستید؟,2
3375,پروتکل 6 واقعاً می تواند خاطرات را به وجود آورد و بسته به وضعیت می تواند خوب یا بد باشد.آیا پروتکل 6 را امتحان کرده اید ، و آیا این امر بر شما تأثیر منفی گذاشته است؟,2
3376,آیا قبلاً به پروتکل 6 اقدام کرده اید اما دریافتید که به جای اینکه اضطراب خود را کاهش دهید ، آن را بدتر کرده است؟,2
3377,آیا این احساسات به دلیل تلاش برای پروتکل 6 به هر فرصتی مجدداً مورد توجه قرار گرفته است؟,2
3378,خیلی خوب ، من مطمئن هستم که شما با پروتکل 6. آشنا هستید. آیا اخیراً برای پروتکل 6 تلاش کرده اید و اگر دارید ، آیا احساس می کنید وقتی فکر می کنید این وقایع گذشته با آنها دشوار است ، با آنها مشکل ایجاد کرده است.؟,2
3379,مقابله با آنچه در گذشته اتفاق افتاده دشوار است.آیا قبلاً پروتکل 6 را امتحان کرده اید تا دوباره این رویداد را بررسی کنید اما آن را خیلی سخت و دردناک یافتید؟,2
3380,آیا اخیراً در مورد این رویداد فکر کرده اید و آیا احساسات ناراحت کننده ای برای شما ایجاد کرده است؟,2
3381,آیا اخیراً پروتکل 6 را امتحان کرده اید و آیا متوجه شده اید که آن را برانگیخته است که برخورد با آنها دشوار است؟,2
3382,آیا پروتکل 6 را امتحان کرده اید ، و اگر چنین است ، آیا احساس می کنید این احساسات دشوار را برای شما ایجاد کرده است؟,2
3383,آیا قبلاً پروتکل 6 را امتحان کرده اید و اگر چنین است ، متوجه شده اید که باعث ایجاد احساسات آسیب زا یا ناراحت کننده شده است؟,2
3384,گاهی اوقات تجدید نظر در حوادث آسیب زا می تواند دردناک تر از آنچه ارزشش را دارد باشد.آیا اخیراً سعی کردید این رویداد را مجدداً مورد بررسی قرار دهید ، اما آن را خیلی سخت یافتید؟,2
3385,آیا قبلاً سعی کرده اید به این رویداد فکر کنید و اگر چنین است ، آیا باعث شده است که احساس بدتر کنید؟,2
3386,پروتکل 6 شناخته شده است که بر برخی افراد تأثیر منفی می گذارد ، و من نمی دانم اگر اخیراً این کار را انجام داده اید ، می تواند باعث ایجاد احساسات فعلی شما شود.آیا با پروتکل 6 آشنا هستید ، و اگر چنین است فکر می کنید ممکن است به اضطراب شما کمک کرده باشد؟,2
3387,با تشکر از شما ، من به پروتکل 6 به عنوان یک توصیه احتمالی برای شما فکر می کردم ، اما می دانم که بعضی اوقات و در شرایط خاص می تواند ناخوشایند باشد.آیا پروتکل 6 را امتحان کرده اید و آیا برای شما ناخوشایند بود؟,2
3388,من احساس می کنم که می توانم پروتکل 6 را به شما پیشنهاد کنم تا با این رویداد گذشته مقابله کنید ، اما می خواهم مطمئن شوم که این برای شما مناسب است.آیا در گذشته به پروتکل 6 اقدام کرده اید و دریافتید که احساسات ناراحت کننده را به خود جلب کرده است؟,2
3389,آیا می توانم بپرسم آیا فکر کردن در مورد آنچه اتفاق افتاده است برای شما خیلی دردناک است؟,2
3390,پروتکل 6 گاهی اوقات می تواند مردم را ناراحت کند ، بنابراین من نمی دانم که آیا این اتفاق برای شما افتاده است یا خیر.آیا پروتکل 6 چیزی است که شما امتحان کرده اید و خود را در نتیجه آن ناراحت کرده اید؟,2
3391,پروتکل 6 می تواند در وضعیت شما کمک کند ، اما برای همه مناسب نیست ، بنابراین من می خواهم درک کنم که آیا این انتخاب مناسب برای شما است یا خیر.آیا قبلاً پروتکل 6 را در گذشته انجام داده اید و دریافتید که به دلیل وقایع قدیمی ، احساسات غیرقابل کنترل را به خود جلب کرده است؟,2
3392,آیا اخیراً پروتکل 6 را امتحان کرده اید؟آیا این خاطرات ناراحت کننده را به وجود آورده و باعث شده است که احساس غرق شدن کنید؟,2
3393,من تعجب می کنم ، فکر می کنید امتحان کردن پروتکل 11 برای تجدید نظر در این رویداد ، اگر این کار را کرده اید ، ممکن است در این احساس نقش داشته باشد؟,3
3394,من می دانم که این رویداد برای شما ناراحت کننده بوده است.آیا اخیراً در تلاش برای یافتن بسته شدن در آن ، این رویداد را دوباره مورد بررسی قرار داده اید ، اما تمام کاری که انجام داده است این است که احساسات غیرقابل تحمل را که در طول این رویداد داشتید بازگرداند؟,3
3395,همانطور که ممکن است بدانید ، از پروتکل 11 می توان برای بررسی وقایع مانند این استفاده کرد.آیا تجربه ای با پروتکل 6 داشته اید؟و اگر چنین است ، آیا متوجه شدید که احساسات دشواری را به سطحی که با وقایع گذشته همراه بود ، به ارمغان آورد؟,3
3396,آیا اخیراً تروما این رویداد را از طریق پروتکل 11 دوباره مرور کرده اید ، و به همین دلیل است که اکنون احساس اضطراب می کنید؟,3
3397,بعضی اوقات می تواند به رفع اضطراب که از گذشته با یک واقعه آسیب زا در ارتباط است از طریق پروتکل 11. کمک کند.,3
3398,آیا اخیراً این رویداد را از طریق پروتکل 11 مجدداً مورد بررسی قرار داده اید و دریافتید که این احساسات و احساسات اضطراب را به وجود آورده است؟,3
3399,اشکالی ندارد که احساس اضطراب و کاملاً قابل درک کنید.فقط باید بدانم که آیا اخیراً سعی کرده اید این رویداد گذشته را به خاطر بسپارید و آن را ناراحت کننده دانستید؟,3
3400,آیا اخیراً پروتکل 11 را گرفته اید و احساس کرده اید که این باعث ایجاد احساس اضطراب شده است؟,3
3401,بعضی اوقات افراد می توانند هنگام آزمایش پروتکل 11 تحت تأثیر منفی قرار بگیرند. آیا اخیراً سعی کرده اید از پروتکل 6 استفاده کنید و تجربه را ناراحت کننده دانستید؟,3
3402,آیا اخیراً پروتکل 11 را امتحان کرده اید و احساساتی را که کشف کرده اید سخت است؟,3
3403,من می فهمم که وقایع در گذشته شما می تواند احساسات محکمی به وجود آورد.آیا این احساسات به دلیل تلاش برای پروتکل 11 مجدداً مورد توجه قرار گرفته است؟,3
3404,در بعضی موارد ، پروتکل 11 می تواند مفید باشد تا به یک واقعه مخصوصاً آسیب زا نگاه کنیم ، اما این گاهی اوقات می تواند یک واکنش عاطفی مشکل ساز ایجاد کند.آیا قبلاً از پروتکل 11 استفاده کرده اید ، و آیا این باعث شده است که احساسات غیرقابل کنترل داشته باشید؟,3
3405,من نمی دانم که آیا ممکن است چیزی دوباره این احساس را به وجود آورد.آیا سعی کرده اید این رویداد را به خاطر بسپارید یا تجدید نظر کنید و در نتیجه احساس اضطراب کرده اید؟,3
3406,تجدید نظر در حوادث آسیب زا با تلاش برای پروتکل 11 می تواند احساسات منفی و غیرقابل کنترل را به وجود آورد.آیا با گرفتن پروتکل 11 سعی در تجدید نظر در این رویداد دارید و در نتیجه احساس بدی دارید؟,3
3407,آیا سعی کرده اید پروتکل 11 را به فکر این Avent برگردانید ، و اگر دارید ، آیا به یاد آوردن این رویداد از نظر عاطفی تخلیه شده است؟,3
3408,به هر حال ، اگر ممکن است بپرسم ، تلاش اخیر در پروتکل 11 محرک این احساسات بود؟,3
3409,بعضی اوقات ممکن است احساسات بد برگردد زیرا اتفاقی می افتد که دوباره آنها را مطرح کند.آیا اخیراً پروتکل 11 را امتحان کرده اید و در فاصله گرفتن از احساسات منفی که در مورد گذشته به وجود آمده است ، مشکل دارید؟,3
3410,از اینکه این را با من به اشتراک گذاشتید متشکرمآیا می توانم بپرسم ، آیا اخیراً در مورد این رویداد گذشته بحث کرده اید یا سعی کرده اید آن را زنده کنید و ممکن است این باعث ناراحتی شما شده یا احساسات منفی ایجاد کرده است؟,3
3411,آیا قبلاً سعی کرده اید این رویداد را مجدداً مورد بررسی قرار دهید تا انجام این کار احساسات منفی شدید را به وجود آورد؟,3
3412,من می توانم ببینم که چرا ممکن است احساس اضطراب کنید.آیا فکر می کنید تلاش برای پروتکل 11 می تواند دوباره این احساسات غیرقابل کنترل را مجدداً مجدداً مجدداً مجدداً انجام دهد؟,3
3413,آیا اخیراً پروتکل 11 را امتحان کرده اید و دریافتید که این همه احساسات بد را به وجود آورده است؟,3
3414,من قدردانی می کنم که غلبه بر افکار منفی از گذشته دشوار است.آیا امتحان کردن پروتکل 11 اخیراً حافظه شما را دوست دارد و با یادآوری این رویداد باعث اضطراب شما شده است؟,3
3415,پروتکل 11 می تواند کمک بزرگی کند اما می دانم که گاهی اوقات می تواند باعث استرس ناخواسته شود.آیا اخیراً به پروتکل 11 داده اید و بعد از گرفتن آن ، خود را بیش از حد پریشان کرده اید؟,3
3416,پروتکل 11 در بعضی مواقع می تواند تأثیرات منفی بر روی افراد داشته باشد.آیا به پروتکل 11 اقدام کرده اید و آیا این امر شما را تحت تأثیر منفی قرار داده است؟,3
3417,من می دانم که این سخت است ، بنابراین از شما برای به اشتراک گذاشتن با من متشکرم.آیا امتحان کردن پروتکل 11 ، اگر داشته باشید ، این احساس بد را برای شما مجدداً مجدداً مجدداً مورد توجه قرار دهید؟,3
3418,آیا پروتکل 11 را امتحان کرده اید و آیا این احساس بیش از حد شدید است؟,3
3419,برخورد با آسیب های گذشته می تواند واقعاً سخت باشد ، من از شجاعت شما قدردانی می کنم.آیا می توانم بپرسم که آیا شما به پروتکل 11 اقدام کرده اید ، اما آن را خیلی سخت یافتید؟,3
3420,آیا پروتکل 11 را امتحان کرده اید و دریافتید که نتیجه خوبی ندارد؟,3
3421,من می دانم که پروتکل 11 اغلب می تواند محرک احساس اضطراب در مورد یک واقعه آسیب زا گذشته باشد ، بنابراین قبل از اینکه توصیه کنم می خواهم بدانم که آیا این اتفاق برای شما افتاده است یا خیر.آیا پروتکل 11 چیزی است که اخیراً امتحان کرده اید و باعث شده است که احساس اضطراب کنید؟,3
3422,آیا پروتکل 11 را امتحان کرده اید و آیا هنگام یادآوری چیزها از گذشته احساسات بدی به شما داده است؟,3
3423,بعضی اوقات وقتی پروتکل های خاصی را طی می کنیم و می فهمیم که ، همانطور که انجام می دهیم ، این موارد می توانند احساسات و تجربیات منفی را کشف کنند.آیا تاکنون پروتکل 11 را امتحان کرده اید اما آن را بیش از حد ناراحت کننده دانستید؟,3
3424,پروتکل 11 واقعاً می تواند خاطرات را به وجود آورد ، و بسته به وضعیت می تواند خوب یا بد باشد.آیا پروتکل 11 را امتحان کرده اید ، و آیا این امر منفی شما را تحت تأثیر قرار داده است؟,3
3425,آیا قبلاً به پروتکل 11 اقدام کرده اید اما دریافتید که به جای کاهش اضطراب ، باعث بدتر شدن آن شده است؟,3
3426,آیا این احساسات به دلیل تلاش برای پروتکل 11 به هر فرصتی مجدداً مجدداً مورد توجه قرار گرفته است؟,3
3427,خیلی خوب ، من مطمئن هستم که شما با پروتکل 11 آشنا هستید. آیا اخیراً در پروتکل 11 تلاش کرده اید و اگر دارید ، آیا احساس می کنید وقتی فکر می کنید این وقایع گذشته با آنها دشوار است ، با آنها دشوار بود؟,3
3428,مقابله با آنچه در گذشته اتفاق افتاده دشوار است.آیا قبلاً پروتکل 11 را امتحان کرده اید تا دوباره این رویداد را بررسی کنید اما آن را خیلی سخت و دردناک یافتید؟,3
3429,آیا اخیراً در مورد این رویداد فکر کرده اید و آیا احساسات ناراحت کننده ای برای شما ایجاد کرده است؟,3
3430,آیا اخیراً پروتکل 11 را امتحان کرده اید و آیا متوجه شده اید که آن را برانگیخته است که برخورد با آنها دشوار است؟,3
3431,آیا پروتکل 11 را امتحان کرده اید ، و اگر چنین است ، آیا احساس می کنید این احساسات دشوار را برای شما ایجاد کرده است؟,3
3432,آیا قبلاً پروتکل 11 را امتحان کرده اید و اگر چنین است ، آیا متوجه شده اید که باعث ایجاد احساسات آسیب زا یا ناراحت کننده شده است؟,3
3433,گاهی اوقات تجدید نظر در حوادث آسیب زا می تواند دردناک تر از آنچه ارزشش را دارد باشد.آیا اخیراً سعی کردید این رویداد را مجدداً مورد بررسی قرار دهید ، اما آن را خیلی سخت یافتید؟,3
3434,آیا قبلاً سعی کرده اید به این رویداد فکر کنید و اگر چنین است ، آیا باعث شده است که احساس بدتر کنید؟,3
3435,پروتکل 11 شناخته شده است که بر برخی افراد تأثیر منفی می گذارد ، و من نمی دانم اگر اخیراً این کار را انجام داده اید ، می تواند باعث ایجاد احساسات فعلی شما شود.آیا با پروتکل 11 آشنا هستید و اگر چنین است فکر می کنید ممکن است به اضطراب شما کمک کرده باشد؟,3
3436,با تشکر از شما ، من به پروتکل 11 به عنوان یک توصیه احتمالی برای شما فکر می کردم ، اما می دانم که بعضی اوقات و در شرایط خاص می تواند ناخوشایند باشد.آیا پروتکل 11 را امتحان کرده اید و آیا برای شما ناخوشایند بود؟,3
3437,احساس می کنم می توانم پروتکل 11 را به شما پیشنهاد کنم تا با این رویداد گذشته مقابله کنید ، اما می خواهم مطمئن شوم که این برای شما مناسب است.آیا در گذشته پروتکل 11 را امتحان کرده اید و دریافتید که احساسات ناراحت کننده را به خود جلب کرده است؟,3
3438,آیا می توانم بپرسم آیا فکر کردن در مورد آنچه اتفاق افتاده است برای شما خیلی دردناک است؟,3
3439,پروتکل 11 گاهی اوقات می تواند مردم را ناراحت کند ، بنابراین من نمی دانم که آیا این اتفاق برای شما افتاده است یا خیر.آیا پروتکل 6 چیزی است که شما امتحان کرده اید و خود را در نتیجه آن ناراحت کرده اید؟,3
3440,پروتکل 11 می تواند در وضعیت شما کمک کند ، اما برای همه مناسب نیست ، بنابراین من می خواهم درک کنم که آیا این انتخاب مناسب برای شما است یا خیر.آیا قبلاً پروتکل 11 را در گذشته انجام داده اید و دریافتید که به دلیل وقایع قدیمی ، احساسات غیرقابل کنترل را به خود جلب کرده است؟,3
3441,آیا اخیراً پروتکل 11 را امتحان کرده اید؟آیا این خاطرات ناراحت کننده را به وجود آورده و باعث شده است که احساس غرق شدن کنید؟,3
3442,من قدردانی می کنم که شما به اندازه کافی احساس راحتی کردید که آن را با من به اشتراک بگذارید.آیا احساس می کنید بیشتر به اشتراک گذاری می کنید تا بتوانم کمک کنم؟,4
3443,متشکرم ، وضعیت سلامتی شما برای من بسیار مهم است.اکنون به امید کاهش این پریشانی در مورد خود سؤالاتی خواهم پرسید.,4
3444,بسیار متشکرم که این موضوع را با من به اشتراک گذاشتید ، می دانم که انجام این کار آسان نیست.اگر به آن احساس می کنید ، می خواهم سؤالات بیشتری از شما بپرسم تا بتوانم درک بهتری از وضعیت شما داشته باشم.,4
3445,متشکرم ، شما تاکنون واقعاً شجاع بوده اید.من می خواهم ببینم که آیا می توانم با درک احساس شما و دلایل آن احساسات با پرسیدن چند سؤال دیگر از شما پشتیبانی کنم ، آیا این با شما خوب است؟,4
3446,من می دانم که این ممکن است بحث برای شما دشوار باشد اما اطلاعات شما بسیار مفید بوده است ، متشکرم.خوب است اگر من همچنان سؤالات دیگری از شما بپرسم تا بتوانم درک واضح تری از وضعیت شما داشته باشم؟,4
3447,با تشکر از شما برای به اشتراک گذاشتن این جزئیات ، می دانم که این باید برای شما دشوار باشد.اکنون می خواهم چند سؤال بپرسم تا وضعیت شما را بهتر درک کند.,4
3448,شما واقعاً خوب کار می کنید ، من می خواهم به شما کمک کنم احساس بهتری داشته باشید و سعی کنید وضعیت خود را درک کنید.اشکالی ندارد که چند سوال دیگر بپرسید؟,4
3449,من واقعاً از پاسخ شما به سوالاتم تا به امروز قدردانی می کنم.من قصد دارم برخی از سؤالاتی را که باید کاملاً از وضعیت شما آگاه باشم ، اجرا کنم.,4
3450,متشکرم.من می دانم که همیشه آسان نیست ، اما هر چیزی که می توانید به من بگویید به من کمک می کند تا وضعیت شما را بهتر درک کنم.آیا اگر چند سوال دیگر از شما بپرسم ، فکر می کنید؟,4
3451,از اینکه همه اینها را با من به اشتراک گذاشتید متشکرماگر مهم نیست اکنون می خواهم چند سؤال از شما بپرسم تا بتوانم وضعیت شما را بیشتر درک کنم.,4
3452,از اینکه احساسات خود را با من به اشتراک گذاشتید متشکرمبرای درک وضعیت شما ، اکنون با اجازه شما دوست دارم تا از شما سؤالاتی بپرسم.,4
3453,با تشکر از شما برای به اشتراک گذاشتن ، من می دانم که گاهی اوقات می تواند دشوار باشد.آیا می توانیم کمی بیشتر در مورد شرایط شخصی فعلی شما صحبت کنیم؟,4
3454,با تشکر از شما برای به اشتراک گذاری.من می خواهم چند سؤال از شما بپرسم تا بتوانم کمی بیشتر درک کنم.,4
3455,ممنون که با من به اشتراک گذاشتید ، خوب کار می کنید.آیا فکر می کنید اگر من از شما سؤال دیگری بپرسم تا بتوانم وضعیت شما را بهتر درک کنم؟,4
3456,پاسخ های شما برای درک من بسیار مفید بوده است.من خیلی دوست دارم که بیشتر درک کنم ، بنابراین اگر این با شما خوب است چند سوال دیگر دارم؟,4
3457,خوشحالم که شما توانستید به سمت من باز شوید.امیدوارم که بتوانیم بیشتر به این موضوع بپردازیم.,4
3458,من بسیار خوشحالم که شما این را با من به اشتراک گذاشتید ، واقعاً به من کمک می کند تا بهتر درک کنم.من می خواهم اکنون سؤال دیگری بپرسم تا آن سفر را انجام دهم.,4
3459,من واقعاً قدردانی می کنم که احساسات خود را با من به اشتراک می گذارید.اگر احساس راحتی می کنید ادامه دهید ، می خواهم چند سؤال از شما بپرسم تا وضعیت خود را کمی بیشتر درک کنید.,4
3460,با تشکر از شما برای به اشتراک گذاشتن این موضوع با من ، من می دانم که مواردی از این دست برای باز کردن دشوار است.من می خواهم کمک کنم ، و برای انجام این کار ، باید در مورد وضعیت شما سؤالاتی بپرسم.,4
3461,من واقعاً دوست دارم کمک کنم.اگر مهم نیستید ، می خواهم چند سؤال دیگر بپرسم.,4
3462,با تشکر از شما برای به اشتراک گذاشتن ، من می دانم که نمی تواند برای شما آسان باشد.اگر خوب است ، من می خواهم کمی بیشتر در مورد وضعیت شما صحبت کنم تا بتوانم درک کنم که از کجا می آیید.,4
3463,من بیش از این خوشحالم که به نگرانی های شما گوش می دهم و احساسات شما را با من به اشتراک می گذارم.آیا دوست دارید برخی دیگر صحبت کنید تا بتوانم پیشنهادات مفیدی را به شما ارائه دهم؟,4
3464,ممنون که همه اینها را با من به اشتراک گذاشتیدآیا اگر ما با هم حرکت کنیم و از طریق این کار کار کنیم ، فکر می کنید؟,4
3465,خیلی ممنون که به من گفتیاگر مهم نیست ، من چند سوال از شما می پرسم تا بتوانم بهتر بفهمم چه اتفاقی می افتد.,4
3466,من برای شما اینجا هستم ، متشکرم که با من به اشتراک گذاشتید.آیا اگر من از شما سؤال دیگری بپرسم ، مهم است؟,4
3467,متشکرم.من می خواهم اکنون چند سؤال بپرسم تا وضعیت شما را درک کنم.,4
3468,من واقعاً قدردانی می کنم که با من باز هستید.اگر شما مهم نیستید هنوز چند سوال دارم.,4
3469,با تشکر.اگر به من اجازه دهید می خواهم اکنون سؤال دیگری از شما بپرسم.,4
3470,متشکرم که به من اعتماد کردید و چه احساسی با من به اشتراک گذاشتید.آیا این برای من خوب است که از شما چند سال بپرسم؟من می خواهم بهتر درک کنم تا به شما کمک کنم.,4
3471,بسیار از شما متشکرم.من می خواهم اکنون سؤالات بیشتری از شما بپرسم تا به من کمک کند تا بفهمم چه می گذرد.,4
3472,با تشکر از شما برای به اشتراک گذاشتن این احساسات ، می فهمم که ممکن است این یک روند دشوار برای شما باشد.اگر با شما خوب است ، می خواهم چند سؤال دیگر از شما بپرسم تا به من در درک بهتر وضعیت شما کمک کنم.,4
3473,شما تاکنون شگفت انگیز بوده اید و احساسات شما کاملاً معتبر است ، می دانم که می تواند تجدید نظر در مورد تجدید نظر یا پرداختن به اضطراب یا وقایع گذشته باشد.آیا برای درک وضعیت خود چند سؤال خوب است؟,4
3474,خوب است که احساس خود را به اشتراک گذاشتید.آیا باید بیشتر صحبت کنیم تا به من کمک کنیم تا بفهمم چگونه می توانم در وضعیت شما از شما پشتیبانی کنم؟,4
3475,متشکرم.برای درک واضح تر وضعیت شما می خواهم سوالات دیگری از شما بپرسم.,4
3476,با تشکر از پاسخ به این سؤالات ، می فهمم که شاید برای شما دشوار بوده است.اکنون می خواهم حرکت کنم و سؤالات بیشتری از شما بپرسم تا در حال حاضر احساسات خود را بهتر بشناسید.,4
3477,متشکرم که تصمیم گرفتید احساسات خود را با من به اشتراک بگذارید.اگر راحت هستید ، آیا می توانم از شما سؤال کنم تا ببینم چگونه می توانم از شما بهتر پشتیبانی کنم؟,4
3478,از اینکه تاکنون با من به اشتراک گذاشتید متشکرماگر ممکن است ، می خواهم سؤال دیگری از شما بپرسم ، اگر این با شما خوب است.,4
3479,متشکرم ، شما خیلی خوب این کار را با من به اشتراک گذاشتید.اگر با شما خوب است ، می خواهم چند سؤال دیگر بپرسم تا واقعاً بفهمم چه می گذرانید.,4
3480,باشه ممنون.بنابراین اگر اشکالی ندارد ، بگذارید چند سؤال بپرسم تا کمی بیشتر چیزها را درک کنم.,4
3481,این شجاعانه برای شما شجاع بود.من می خواهم اکنون چند سؤال دیگر بپرسم تا اوضاع را کمی بهتر درک کنم.,4
3482,از اینکه این را با من به اشتراک گذاشتید متشکرماکنون ، به طوری که من می توانم درک بهتری داشته باشم ، می خواهم سؤال دیگری بپرسم.,4
3483,باز هم متشکرم که این را با من به اشتراک گذاشتید.اگر با شما خوب است ، من می خواهم به برخی از سؤالات دیگر بروم تا بفهمم چه اتفاقی می افتد.,4
3484,ممنون برای درمیان گذاشتن این موضوع با من.آیا می توانم سؤالات دیگری از شما بپرسم ، تا امیدوارم بتوانم به شما در مقابله با این احساس منفی کمک کنم؟,4
3485,با تشکر از شما برای به اشتراک گذاشتن با من ، من از اعتماد به من قدردانی می کنم.من می خواهم چند سوال دیگر در مورد وضعیت خود از شما بپرسم ، اگر این برای شما اشکالی ندارد.,4
3486,از اینکه احساسات خود را با من به اشتراک گذاشتید متشکرممن می خواهم با استفاده از برخی از سؤالات ، احساسات شما را کمی بیشتر درک کنم و درک کنم.,4
3487,با تشکر از شما برای همه چیزهایی که تاکنون به اشتراک گذاشته اید ، من واقعاً از آن قدردانی می کنم.من می خواهم اکنون چند سؤال دیگر بپرسم تا اوضاع را بهتر بفهمم.,4
3488,با تشکر از شما برای به اشتراک گذاری و اعتماد به من با این اطلاعات.شاید بتوانید اکنون به من کمک کنید تا وضعیت واضح تر را درک کنم.,4
3489,با تشکر از شما برای به اشتراک گذاشتن ، این به من کمک می کند تا درک کنم که چه چیزی را پشت سر گذاشته اید.من فقط می خواهم چند سؤال دیگر بپرسم تا بفهمم بهترین راه برای کمک به شما در این زمینه چیست.,4
3490,از صراحت شما تا کنون متشکرممن اکنون دوست دارم با سؤالات دیگری ادامه دهم تا بتوانم بهتر درک کنم و به شما کمک کنم.,4
3491,با تشکر از اینکه این را با من به اشتراک گذاشتید ، من قدردانی می کنم که برای شما سخت و ناراحت کننده است.آیا می توانم چند سوال بپرسم تا به من کمک کند تا بفهمم چه خبر است؟,4
3492,آیا فکر می کنید شاید اخیراً هیچ یک از این احساسات را احساس کرده باشید:,5
3493,من می فهمم که شما لحظه ای دشوار را پشت سر می گذارید و معتقدم که غواصی به ماهیت این احساسات به من کمک می کند تا بهترین روش را برای استفاده در جهت خلاص شدن از شر پریشانی خود درک کنم.آیا تا به حال احساس کرده اید یا احساسات زیر را نسبت به شخص یا افراد ابراز کرده اید:,5
3494,شما با من به اشتراک گذاشته اید که احساس اضطراب کرده اید ، و من اکنون دوست دارم به طور کلی درباره وضعیت عاطفی خود سؤال کنم.چگونه در مورد احساسات زیر ، آیا تاکنون به شدت احساس کرده اید یا آنها را نسبت به شخص دیگری ابراز کرده اید:,5
3495,به منظور کمک به شما ، آیا می توانید نشان دهید که آیا هر یک از احساسات زیر را نسبت به شخص دیگری احساس کرده اید:,5
3496,من قصد دارم لیستی از احساسات را به شما ارائه دهم.من دوست دارم که آنها را در نظر بگیرید و سپس به من بگویید که آیا شما به شدت احساس کرده اید یا به طور خاص هیچ یک از آنها را نسبت به کسی بیان کرده اید:,5
3497,من می فهمم که شما احساس اضطراب می کنید.علاوه بر این احساس ، آیا اخیراً هیچ یک از احساسات زیر را نسبت به کسی احساس کرده اید:,5
3498,من کاملاً می فهمم که شما چه احساسی دارید و باید خیلی سخت باشد.اگر ممکن است بپرسم ، آیا احساس می کنید هر یک از این احساسات را به کسی ابراز کرده اید:,5
3499,اخیراً اضطراب شما باعث شده است که شما هر یک از احساسات ناخواسته زیر را نسبت به هر کس دیگری داشته باشید:,5
3500,همه ما احساسات احساس می کنیم و گاهی اوقات آنها را نسبت به افراد دیگر بیان می کنیم و گاهی اوقات این احساسات می تواند کاملاً قوی باشد.آیا فکر می کنید که به شدت احساس کرده اید یا هر یک از این احساسات را نسبت به کسی بیان کرده اید:,5
3501,آیا می توانید به من بگویید که آیا تا به حال این احساسات را نسبت به هر کس دیگری احساس کرده اید یا به شدت نشان داده اید:,5
3502,آیا احساس می کنید این احساس اضطراب می تواند توسط هر احساسات دیگری نسبت به کسی ایجاد شود ، به عنوان مثال:,5
3503,وقتی خودمان را احساس نمی کنیم گاهی می توانیم آن را بر روی افراد اطراف خود بیرون بیاوریم.آیا به شدت احساس کرده اید یا احساسات زیر را نسبت به هر کسی در زندگی خود بیان کرده اید:,5
3504,آیا می توانید با من به اشتراک بگذارید که آیا شما به شدت احساس احساسات زیر را احساس کرده اید:,5
3505,احساس احساسات قوی نسبت به دیگران کاملاً طبیعی است ، من اینجا نیستم که شما را در مورد آن قضاوت کنم.آیا احساسات زیر را نسبت به دیگران احساس کرده اید یا ابراز کرده اید:,5
3506,آیا شما به شدت احساس کرده اید یا احساسات زیر را نسبت به شخص دیگری که از آن آگاه هستید ابراز کرده اید:,5
3507,به غیر از آنچه شما ذکر کردید ، هر یک از این احساسات نیز در آنچه اخیراً تجربه کرده اید درگیر است:,5
3508,احساس اضطراب می تواند با احساسات دیگر نیز مخلوط شود ، و من می خواهم ببینم که آیا شما هر یک از موارد موجود در این لیست را می شناسید یا اینکه به نظر شما آشنا است.آیا قبلاً هیچ یک از احساسات زیر را به شدت تجربه کرده اید:,5
3509,آیا در گذشته هیچ یک از این احساسات منفی نسبت به خود یا دیگران را بیان کرده اید یا احساس کرده اید:,5
3510,ممنون که در این مورد با من ماندید.در گذشته ، آیا تا به حال بر روی هر یک از احساسات زیر نسبت به کسی احساس کرده اید یا عمل کرده اید:,5
3511,آیا به یاد دارید که اگر اخیراً هر یک از احساسات زیر را نسبت به کسی احساس کرده اید یا ابراز کرده اید:,5
3512,من انتظار دارم که در نتیجه وضعیت خود احساسات شدید زیادی داشته باشید.آیا هیچ یک از احساسات زیر را احساس کرده اید ، چه در داخل ، یا آنها را به سمت شخص دیگری بیان کرده اید:,5
3513,گاهی اوقات اضطراب ممکن است باعث عدم اعتماد به مردم ، عصبانیت نسبت به دیگران یا مایل به انتقام شود.آیا احساس می کنید اضطراب شما ممکن است باعث شده است که شما هر یک از این احساسات دیگر را احساس کنید:,5
3514,آیا اخیراً هیچ یک از این احساسات یا احساسات شدید را نسبت به هر کسی تجربه کرده اید:,5
3515,من قصد دارم در مورد برخی از احساسات منفی دیگر از شما بپرسم.آیا می توانید به من بگویید که آیا اخیراً هیچ یک از این احساسات را نسبت به کسی احساس کرده اید:,5
3516,آیا چیزی شبیه به موارد زیر نسبت به شخص دیگری احساس کرده اید:,5
3517,آیا هیچ یک از این احساسات را به شدت نسبت به کسی احساس کرده اید:,5
3518,همه با احساسات زیادی در طول روز سر و کار دارند و همه آنها مثبت نیستند.من می خواهم از شما بپرسم که آیا اخیراً هیچ یک از این احساسات را به ویژه احساس کرده اید:,5
3519,آیا در مورد یک یا چند نفر موارد زیر را احساس کرده اید:,5
3520,بعضی اوقات می توانیم احساس حسادت ، حرص و آز ، حسادت ، نفرت یا سوء رفتار را بر دیگران منعکس کنیم و بی اعتمادی گذشته می تواند به افکار انتقام جویی منجر شود ، اما اطمینان حاصل شود که همه این احساسات کاملاً طبیعی هستند.آیا فکر می کنید ممکن است هر یک از این احساسات را احساس کنید:,5
3521,آیا تا به حال هیچ یک از این احساسات را نسبت به شخص دیگری تجربه کرده اید:,5
3522,شما گفتید که احساس اضطراب دارید ، تعجب می کنم که آیا می توانید به خاطر داشته باشید که آیا احساسات قوی دیگری نسبت به شخص دیگری احساس کرده اید.آیا احساس می کنید که هر یک از این موارد ممکن است در مورد آنچه اخیراً احساس کرده اید صدق کند:,5
3523,بعضی اوقات می توانیم با احساسات منفی غرق شویم.آیا تجربه ای از این احساسات نسبت به کسی داشته اید:,5
3524,خوب است که شما تشخیص داده اید که در حال حاضر چه احساسی دارید ، بیایید ببینیم آیا می توانیم احساسات منفی دیگری را که شما را آزار داده اند شناسایی کنیم.آیا اخیراً هیچ یک از موارد زیر را نسبت به هر کسی احساس کرده اید یا ابراز کرده اید:,5
3525,آیا شما در هر زمان هر یک از احساسات زیر را نسبت به کسی بیان کرده یا احساس کرده اید:,5
3526,من فکر می کنم گاهی اوقات اضطراب ممکن است احساسات قوی دیگری را به وجود آورد.آیا می توانید به من بگویید که آیا احساس کرده اید یا هر یک از این احساسات را نسبت به کسی ابراز کرده اید:,5
3527,تشخیص احساسات اغلب دشوار است ، فکر می کنم شما کار بزرگی انجام می دهید.مهم این است که ما درک می کنیم که احساسات ما به کجا شکل می گیرد ، بنابراین می خواهم از شما بپرسم که آیا اخیراً هیچ یک از این موارد را احساس کرده اید:,5
3528,ممکن است بپرسم که آیا شما هر یک از این احساسات را نسبت به کسی احساس کرده اید یا ابراز کرده اید:,5
3529,در یک لحظه می خواهم برخی از احساسات را ذکر کنم.آیا هیچ یک از این احساسات را به شدت در مورد کسی احساس کرده اید یا حتی روی آنها عمل کرده اید:,5
3530,من می دانم وقتی اضطراب یا ترسیده ام ، بعضی اوقات می توانم بدون فکر کردن به یک روش منفی واکنش نشان دهم.نمی دانم که آیا همین اتفاق برای شما نیز افتاده است.آیا می گویید ، اگر ممکن است بپرسم که شما به شدت احساس کرده اید یا احساسات زیر را نسبت به کسی بیان کرده اید:,5
3531,آیا هیچ یک از این احساسات منفی را نسبت به شخص دیگری احساس کرده اید:,5
3532,آیا به هر فرصتی ، شما اخیراً هیچ یک از این احساسات شدید را نسبت به هر کسی احساس کرده اید:,5
3533,من می دانم که شما گفتید که امروز احساس اضطراب کرده اید ، بنابراین می خواهم بدانم که آیا احساسات منفی دیگری را احساس کرده اید یا خیر.آیا هر یک از این احساسات چیزهایی است که در گذشته یا حال خود احساس کرده اید:,5
3534,آیا این وضعیت باعث می شود احساسات به خصوص منفی مانند موارد ذکر شده در زیر احساس کنید:,5
3535,بعضی اوقات احساسات محکمی را احساس می کنیم که از ما نمی شوند.خوب است که آنها را احساس کنید ، اما ارزش آن را دارد که بر آنها تأمل کنید.آیا فکر می کنید ممکن است اخیراً هر یک از احساسات منفی زیر را نسبت به شخصی ابراز کرده باشید:,5
3536,آیا می دانید که به شدت احساسات منفی نسبت به افراد زندگی خود احساس کرده اید؟اینها می تواند شامل موارد زیر باشد:,5
3537,من می خواهم در صورت امکان بدانم که آیا شما اخیراً هیچ احساسی منفی و سخت را تجربه کرده اید.آیا می توانید به من بگویید ، آیا شما به شدت احساس کرده اید یا احساسات زیر را نسبت به هر کسی که می شناسید بیان کرده اید:,5
3538,آیا هیچ یک از این احساسات نسبت به هر کسی به وجود آمده است:,5
3539,من می خواهم از شما در مورد احساساتی که به آنها افتخار نمی کنیم بپرسم ، اما وقتی احساس خوبی نداریم ، گاهی اوقات احساسات منفی نسبت به افراد دیگر می توانند در جلوی ذهن ما بچسبند.هر یک از این احساسات را که اخیراً شما را ناراحت کرده است داشته باشید:,5
3540,ممکن است بپرسم که آیا در روزهای اخیر ، هر یک از احساسات قوی زیر را نسبت به کسی در زندگی خود احساس کرده اید یا ابراز کرده اید:,5
3541,آیا می گویید که تاکنون هیچ یک از احساسات زیر را نسبت به کسی احساس کرده اید ، و یا آنها را بیان کرده اید:,5
3542,آیا فکر می کنید شما مسئول نجات شخصی غیر از خودتان هستید؟,6
3543,من می خواهم کمی تحقیق کنم تا منشأ اضطراب شما را بفهمم.آیا شما معمولاً خود را به عنوان یک نجات دهنده می بینید ، وظیفه دارید دیگران را از مشکلات و بدبختی های خود نجات دهید؟,6
3544,با تشکر از شما ، من واقعاً از همکاری شما قدردانی می کنم ، فکر می کنم باید کمی وقت خود را صرف دیدن آنچه باعث می شود چنین احساسی داشته باشیم.آیا می توانم بپرسم ، در زندگی شما احساس می کنید وظیفه شما این است که به نوعی شخص دیگری را نجات دهد؟,6
3545,بعضی اوقات آرزو می کنیم که بتوانیم به همه افراد اطراف خود کمک کنیم یا نجات دهیم ، حتی به قیمت خوشبختی خودمان.آیا اخیراً احساس کرده اید که به خصوص تمایل به نجات یا نجات شخصی دارید؟,6
3546,من می خواهم کمی تحقیق کنم تا منشأ اضطراب شما را بفهمم.آیا شما معمولاً خود را به عنوان یک نجات دهنده می بینید ، وظیفه دارید دیگران را از مشکلات و بدبختی های خود نجات دهید؟,6
3547,آیا خود را تنها امید شخص دیگری می بینید؟,6
3548,آیا شما اعتقاد دارید که می توانید افراد مشکلات آنها را سهولت دهید؟,6
3549,آیا این امر به دلیل داشتن احساس مسئولیت بهزیستی شخص دیگری به جای خودتان است؟,6
3550,بعضی اوقات ممکن است احساس کنیم که وظیفه ما این است که همه چیز را برطرف کنیم و به همه کمک کنیم.فکر می کنید مسئولیت خوشبختی شخص دیگری را بر عهده دارید؟,6
3551,آیا معمولاً دیگران را پیش روی خود قرار می دهید؟,6
3552,متشکرم.آیا شما به هر فرصتی فکر می کنید که تأثیر کافی بر کسی دارید که می توانید یا باید آنها را نجات دهید؟,6
3553,آیا احساس می کنید کاملاً مسئول شخص دیگری یا افراد دیگر هستید؟,6
3554,بابت آن تشکر می کنم.آیا احساس می کنید اگر بتوانید شخص دیگری را نجات دهید یا به آنها کمک کنید تا از مشکلاتشان فرار کنید ، در زندگی خود شادتر خواهید بود؟,6
3555,بابت آن تشکر می کنم.اگر ممکن است بپرسم ، آیا احساس می کنید همیشه باید به شخص دیگری کمک کنید؟,6
3556,آیا شاید فکر کنید باید بتوانید شخص دیگری را در وضعیت فعلی خود نجات دهید؟,6
3557,من می فهمم که شما احساس اضطراب می کنید.آیا فکر می کنید اضطراب شما می تواند نتیجه شما برای نجات شخصی باشد که ممکن است نیازی به پس انداز نداشته باشد؟,6
3558,شاید شما برای کمک به دیگران فشار زیادی به خودتان وارد کرده اید.آیا فکر می کنید دیگران بیش از حد به شما اعتماد می کنند؟,6
3559,من می خواهم کمی بیشتر تحقیق کنم که ممکن است این احساس را ایجاد کرده باشد.آیا شما اعتقاد دارید که باید ناجی شخص دیگری باشید؟,6
3560,با عرض پوزش از شنیدن مشکلات خود ، بیایید سعی کنیم به پایین آن برسیم.آیا شما اعتقاد دارید که کسی را رها می کنید؟,6
3561,فکر می کنید اگر می خواهید به شخص دیگری کمک کنید ، برای شما مفید خواهد بود؟,6
3562,من می دانم که شما در حال حاضر لحظه ای دشوار را پشت سر می گذارید ، اما لطفاً به من اجازه دهید کمی تحقیق کنم تا دریابم که آیا دلیل عمیق تری وجود دارد یا خیر.فکر می کنید ممکن است تمایل به نجات افراد دیگر داشته باشید؟,6
3563,متاسفم که شما احساس اضطراب می کنید و آرزو می کنم اگر عوامل دیگری در بازی وجود داشته باشد ، سعی کنم کمی بهتر درک کنم.ممکن است احساس فعلی شما با این اعتقاد که شما باید به کسی کمک کنید هر زمان که نیاز داشته باشد ، ایجاد شود؟,6
3564,به نظر شما این وظیفه شماست که به دیگران کمک کنید؟,6
3565,آیا فکر می کنید گاهی اوقات مشکلات دیگران را در اولویت قرار می دهید و سعی می کنید آنها را به عنوان راهی برای عدم برخورد با مسائل خود نجات دهید؟,6
3566,آیا احساس می کنید وظیفه دارید به شخص دیگری کمک کنید؟,6
3567,آیا خود را به عنوان یک همدلی می دانید ، و آیا برای شما مهم است که همیشه برای دیگران در آنجا باشید؟,6
3568,متاسفم که می شنوم احساس اضطراب می کنید ، و می خواهم سعی کنم دریابم که چرا اینطور احساس می کنید.آیا این احساس را دارید که ممکن است بیشتر اوقات افراد دیگر را در مقابل خود قرار دهید؟,6
3569,من می خواهم که شما بدانید که من کاملاً می فهمم که چه احساسی دارد از این طریق ، و سوالات بعدی من ممکن است به من کمک کند تا درک کنم که در زیر سطح چه می گذرد.آیا فکر می کنید می توانید سعی کنید نجات دهنده شخص دیگری باشید؟,6
3570,من می فهمم که شما الان کمی ناآرام و اضطراب دارید.آیا می توانید کمی بیشتر در مورد احساس خود به من بگویید؟آیا احساس نیاز به کمک به شخص دیگری در زندگی خود را دارید تا خود را بهتر کنید؟,6
3571,آیا احساس می کنید اخیراً تمایل زیادی به کمک به دیگران دارید و ممکن است کمی خود را گسترش دهید ، تا جایی که این امر بر زندگی خود تأثیر می گذارد؟,6
3572,آیا شما اعتقاد دارید که در همه زمان ها قادر به نجات همه هستید؟,6
3573,آیا نگران و مضطرب هستید که این وظیفه شماست که شخص دیگری را شادتر کنید؟,6
3574,آیا فکر می کنید ممکن است حداقل برخی از اضطراب شما ناشی از بار احساس مسئولیت نجات شخص دیگری باشد؟,6
3575,آیا فکر می کنید به جای تمرکز روی خود ، ممکن است به دنبال تغییر شخصی باشید؟,6
3576,من می توانم با آنچه در حال حاضر احساس می کنید ارتباط داشته باشم و دوست دارم ببینم آیا در اینجا عوامل عمیق تری وجود دارد یا خیر.آیا خود را به عنوان نوع شخصی که می خواهد یا نیاز دارد ، برای نجات دیگران می بینید؟,6
3577,متشکرم.آیا احساس می کنید دیگران برای پشتیبانی بیش از حد به شما اعتماد می کنند؟,6
3578,آیا ممکن است این باشد که شما نیاز به تلاش برای نجات دیگران دارید و این ممکن است منبع اضطرابی باشد که احساس می کنید؟,6
3579,آیا بعضی اوقات احساس می کنید که سعی در نجات همه دارید؟,6
3580,آیا احساس می کنید باید ناجی دیگران باشید یا اینکه دیگران همیشه از کمک شما انتظار دارند؟,6
3581,فکر می کنید چیز مهمی برای ارائه شخص دیگری دارید؟,6
3582,آیا احساس می کنید می خواهید دیگران را نجات دهید و احساس بهتری داشته باشید؟,6
3583,آیا همیشه احساس می کنید که باید دیگران را قبل از خود قرار دهید؟,6
3584,من می فهمم که شما امروز احساس خوبی ندارید و دوست دارم بیشتر آنچه را که شما را آزار می دهد تحقیق کنید.آیا این احساس را دارید زیرا سعی می کنید به کسی که از آن مراقبت می کنید کمک کنید؟,6
3585,من واقعاً دوست دارم در مورد آنچه در حال حاضر در زندگی شما اتفاق می افتد بیشتر بفهمم.آیا این است که همیشه احساس می کنید باید فکر کنید یا شخص دیگری را نجات دهید؟,6
3586,اول از همه ، بگذارید به شما بگویم که من کاملاً می فهمم که از کجا می آیید و داشتن این احساسات چگونه است.من تعجب می کنم ، در قلب قلب شما ، فکر می کنید منطقی یا سالم است که همیشه دیگران را در اولویت قرار دهید؟,6
3587,فکر می کنید شخص دیگری ممکن است از کمک شما بهره مند شود؟,6
3588,آیا فکر می کنید گاهی اوقات ممکن است احساس نیاز به نجات شخصی را احساس کنید؟,6
3589,آیا کسی در زندگی شما وجود دارد که احساس می کنید ممکن است به کمک شما احتیاج داشته باشد؟,6
3590,آیا شما اعتقاد دارید که همیشه باید به دیگران کمک کنید؟,6
3591,آیا خود را کسی می دانید که نیازهای دیگران را پیش روی خود قرار دهد؟,6
3592,آیا عوامل خارجی وجود دارد که فکر می کنید ممکن است در احساس شما مانند اقدامات ، کلمات یا رفتار افراد دیگر نقش داشته باشد؟,7
3593,من می فهمم که متشکرم ، پس شاید ما باید در جای دیگری به دنبال منشأ این اضطراب باشیم.آیا می گویید که کسی در حال حاضر شما را قربانی می کند و شما را مجبور می کند کاری را انجام دهید که نمی خواهید یا باعث رنج شما می شود؟,7
3594,متشکرم ، آنچه اکنون می خواهم روی آن تمرکز کنم این است که شما در مورد این اضطراب چه احساسی دارید.آیا هرگز احساس می کنید دلیلی که احساس می کنید این به دلیل کاری است که شخص دیگری انجام داده است؟,7
3595,آیا احساس می کنید که اوضاع تقصیر شما نیست ، که تا آنجا که می توانید انجام داده اید و مقصر نیستید ، اما شخص دیگری است؟,7
3596,آیا می گویید کسی مسئول احساس شما است؟,7
3597,آیا کسی برای احساس شما مقصر است؟,7
3598,آیا فکر می کنید کسی می تواند به خاطر روشی که احساس می کنید مقصر باشد؟,7
3599,در این حالت ، آیا این احساس اشتباه توسط شخص دیگری است که باعث این افکار منفی می شود؟,7
3600,آیا فکر می کنید نگرش و/یا رفتار شخص دیگری به احساس شما کمک می کند؟,7
3601,ممنون که به من اطلاع دادیدآیا کسی کاری با شما انجام داده است؟,7
3602,با تشکر از پاسخ به آنآیا احساس می کنید که توسط کسی تحت فشار غیرقانونی قرار گرفته اید؟,7
3603,متشکرم ، من می فهممبه نظر شما ، آیا فکر می کنید افراد دیگر را به خاطر احساس خود سرزنش می کنید؟,7
3604,با تشکر از شما ، من می خواهم یک سوال پیگیری بپرسم ، اگر این خوب است.آیا می توانم بپرسم که آیا احساس می کنید افراد دیگر ممکن است علت احساسات منفی شما باشند ، بیش از اعمال یا رفتارهای خودتان؟,7
3605,آیا وقتی احساس کم می کنید خود را سرزنش می کنید و افراد دیگر را مقصر می دانید؟,7
3606,آیا شاید احساس قربانی کنید ، آیا احساس می کنید کسی پشت اضطراب شما وجود دارد؟,7
3607,آیا ممکن است شما چنین احساسی داشته باشید زیرا خود را قربانی می بینید؟,7
3608,خوب در این حالت ، من نمی دانم که آیا ، شاید ، شما احساس می کنید که بیش از حد به تأیید دیگران اعتماد دارید.آیا فکر می کنید احساسات منفی شما تا حدودی توسط دیگران ایجاد می شود؟,7
3609,خوب ، اگر می توانستید برخی دیگر را با من به اشتراک بگذارید ، سپاسگزارم.آیا شاید خود را قربانی می بینید؟آیا می توانید شخص دیگری را مقصر بدانید که احساس منفی می کنید؟,7
3610,فکر می کنید کارهای بد برای شما انجام می شود؟,7
3611,من نمی دانم که آیا احساس می کنید که اقدامات شخص دیگری باعث شده است که شما چنین احساسی داشته باشید.آیا دیگران را مقصر می دانید که الان چه احساسی دارید؟,7
3612,مشکلی نیست ، متشکرمآیا کسی را به خاطر آنچه برای شما اتفاق می افتد سرزنش می کنید و آیا خود را در این همه قربانی می بینید؟,7
3613,من میفهمم.آیا شاید احساس کنید که شخص دیگری مقصر است ، انگار که آنها را به شما احساس می کنند؟,7
3614,فکر می کنید مردم نسبت به شما ناعادلانه هستند؟,7
3615,آیا فکر می کنید ممکن است ناخواسته خود را به عنوان منبع منفی خود به سمت افراد دیگر بیابید و احساس کنید که در نتیجه قربانی هستید؟,7
3616,آیا احساس می کنید که تحت تأثیر اقدامات شخص دیگری قرار گرفته اید؟,7
3617,آیا می گویید که به خاطر شخص دیگری روشی را که انجام می دهید احساس می کنید؟,7
3618,خوب ، این قابل درک است.آیا احساس می کنید شخص دیگری دلیل این احساس شما است؟,7
3619,خوب ، بیایید کمی بیشتر بررسی کنیم.آیا فکر می کنید ممکن است دیگران را مسئول احساس خود در مورد خود باشید ، احتمالاً خود را قربانی می بینید؟,7
3620,خوب است ، ممنون که جواب دادید.من می خواهم بپرسم ، اگر فکر نمی کنید ، آیا احساس می کنید قربانی شده اید و یا اینکه شخص دیگری مسئول احساس منفی بودن شما است؟,7
3621,آیا احساس می کنید ممکن است کسی مسئول احساس شما در حال حاضر باشد؟,7
3622,آیا شما اعتقاد دارید که شخص دیگری به خاطر احساسات منفی که احساس می کنید مقصر است؟,7
3623,آیا این امکان وجود دارد که احساس کنید که اقدامات شخص دیگری شما را ناراضی کرده است ، بدون هیچ تقصیری از خود شما؟,7
3624,خوب ، ممنون از جواب شماآیا فکر می کنید احساسات منفی شما ناشی از اقدامات شخص دیگری نسبت به شما است؟,7
3625,بعضی اوقات ممکن است احساس کنیم که دیگران مسئول احساسات ما هستند.آیا شما اعتقاد دارید که کسی در حال حاضر اضطراب شما را ایجاد می کند؟,7
3626,آیا احساس می کنید که در حال حاضر مقصر نیستید که احساس می کنید و کسی یا چیز دیگری دلیل آن است؟,7
3627,ممنون که به من اطلاع دادیدفکر می کنید رفتار شخص دیگری باعث شده است که شما اینگونه احساس کنید؟,7
3628,آیا ممکن است این باشد که شاید احساس کنید شخص دیگری ممکن است مقصر احساسات منفی شما باشد و این به اضطراب شما کمک می کند؟,7
3629,آیا دیگران را به هیچ وجه به خاطر روشی که احساس می کنید سرزنش می کنید؟,7
3630,آیا احساس می کنید که شخص دیگری باعث ایجاد احساسات منفی شما می شود؟,7
3631,آیا از کاری که احساس می کنید شخص دیگری با شما انجام داده است صدمه می زنید؟,7
3632,آیا احساس می کنید دیگران عمداً به گونه ای رفتار می کنند که باعث می شود احساس بدی کنید؟,7
3633,"آیا اخیراً احساس می کنید ، مانند مردم ""برای گرفتن شما"" هستند؟",7
3634,آیا کسی شما را آزار داده است ، یا شما را نگران کرده است ، و آیا از آنها ناراحت هستید زیرا آنها اینقدر مشکل ایجاد کرده اند؟,7
3635,خوب ، من می بینمآیا شما توسط شخص دیگری در زندگی خود احساس فشار کرده اید یا به هیچ وجه قربانی شده اید؟,7
3636,آیا این عادلانه است که بگوییم افراد دیگر غالباً مسئول احساسات و افکار منفی شما هستند ، که شما نسبت به این موضوع ناتوان هستید؟,7
3637,آیا شخص دیگری می تواند مسئول نحوه احساس شما باشد؟,7
3638,آیا بعضی اوقات احساس می کنید که اقدامات شخص دیگری علت احساس شما است؟,7
3639,آیا کسی به شما سخت می دهد؟,7
3640,آیا خود را می بینید که اخیراً دیگران را به خاطر مشکلات خود سرزنش می کنید؟,7
3641,آیا شما شخصاً خود را تحت تأثیر روحیه و اقدامات دیگران در اطراف خود می دانید؟,7
3642,آیا فکر می کنید ممکن است سعی کنید مسئولیت شخص دیگری را بر عهده بگیرید؟,8
3643,مشکلی نیست ، ممنون که به من اطلاع دادید.آیا ممکن است این باشد که شما کسی هستید که سعی در کنترل دیگران دارید؟بعضی اوقات ممکن است این کار را انجام دهیم وقتی خودمان درد می کنیم.,8
3644,با تشکر ، اشکالی ندارد که فقط بگوییم نه یا بله ، زیرا به من کمک می کند تا احساسات شما را با وضوح بیشتری انجام دهم.آیا در زندگی شما رابطه ای وجود دارد که ممکن است سعی کنید کمی کنترل بیش از حد بر آنها داشته باشید؟,8
3645,بعضی اوقات آرزو می کنیم که بتوانیم 24/7 برای کسی در آنجا باشیم ، اما این نیز می تواند به رفتار کنترل کننده تبدیل شود.آیا فکر می کنید ممکن است رفتار کنترل کننده نسبت به کسی را نشان داده اید ، یا سعی کرده اید جنبه ای از زندگی آنها را به عهده بگیرید؟,8
3646,آیا نگران این هستید که نتوانید بدانید یا کنترل کنید که شخص دیگری قصد دارد انجام دهد؟,8
3647,آیا احساس می کنید برای کمک به آرامش اضطراب شما باید کنترل چیزها یا افراد را کنترل کنید؟,8
3648,آیا احساس می کنید می توانید به عنوان کنترل کننده یا حتی ارعاب دیده شوید؟,8
3649,آیا فکر می کنید که سعی می کنید بر کسی یا چیزی خارج از کنترل خود تأثیر بگذارد؟,8
3650,آیا فکر می کنید شاید شما سعی کنید راه خود را برای شخص دیگری مجبور کنید؟,8
3651,بابت آن تشکر می کنم.آیا کسی به روشی که دوست دارید کاری انجام نمی دهد؟,8
3652,متشکرم.آیا شاید شما اعتقاد داشته باشید که برای دریافت نتایج مورد نیاز خود ، فشار ناخواسته ای را بر روی شخص وارد می کنید؟,8
3653,آیا فکر می کنید به نوعی ممکن است کنترل شخص دیگری را داشته باشید یا سعی در داشتن آن دارید؟,8
3654,می فهمم ، متشکرم ، من یک سوال دیگر دارم که می خواهم بپرسم.آیا تا به حال احساس می کنید که چیزهایی یا افرادی در زندگی شما وجود دارند که بسیار غیرقابل پیش بینی هستند و آرزو می کنید که بتوانید کنترل بیشتری بر روی آنها داشته باشید؟,8
3655,آیا تا به حال احساس می کنید که سعی در کنترل شخص دیگری دارید؟,8
3656,آیا شما به هیچ وجه فکر می کنید که ممکن است بخواهید کنترل بیشتری بر یک فرد خاص داشته باشید؟,8
3657,من می توانم درک کنم که چه چیزی احساس اضطراب می کند ، و گاهی اوقات اضطراب می تواند باعث شود احساس کنیم کسی همانطور که باید عمل نمی کند.آیا ممکن است این باشد که شما سعی می کنید کسی را کنترل کنید ، بدون اینکه حتی آن را متوجه شوید؟,8
3658,آیا به هر طریقی احساس مسئولیت شخص دیگری می کنید؟آیا می گویید سعی می کنید کمی بیش از حد زندگی آنها را تحت تأثیر قرار دهید؟,8
3659,می بینم ، متشکرم ، بیایید به سوال بعدی بروید تا سعی کنیم به ریشه احساسات خود برسیم.آیا احساس می کنید ، شاید مثل اینکه سعی در کنترل کسی دارید؟,8
3660,آیا سعی می کنید چیزی خاص از کسی بدست آورید؟,8
3661,آیا امیدوار هستید که بتوانید روی کسی یا چیز دیگری تأثیر بگذارید؟,8
3662,من از شما برای باز کردن من قدردانی می کنم.در همه اینها ، آیا خود را می بینید که سعی در تأثیرگذاری یا کنترل اقدامات شخص دیگری دارید؟,8
3663,من میفهمم.شاید کسی در زندگی شما همانطور که احساس می کنید رفتار نمی کند ، و ممکن است شما آنها را ترغیب به تغییر راه های خود کنید؟,8
3664,آیا واقعاً اذیت می شوید وقتی کسی کاری را انجام می دهد که امیدوار بود؟,8
3665,آیا فکر می کنید این امکان وجود دارد که در مدیریت احساسات منفی خود ، شما ممکن است رفتارهای کنترل کننده نسبت به کسی را در زندگی خود نشان دهید؟,8
3666,آیا فکر می کنید که می توانید سعی کنید شخص دیگری را کنترل کنید ، خواه قصد دارید یا نه؟,8
3667,آیا احساس نیاز به کنترل کسی در این مرحله از زندگی خود دارید؟,8
3668,باشه ، از این بابت متشکرمآیا فکر می کنید اغلب افراد یا چیزهایی را در زندگی خود بر عهده دارید؟,8
3669,ممنون که در این مورد با من صحبت کردیداحتمال دیگر این است که شما ممکن است سعی کنید شخص دیگری را کنترل کنید تا احساس اضطراب کمتری داشته باشید ، فکر می کنید این مورد ممکن است باشد؟,8
3670,به یک دلیل یا دلیل دیگر ، بسیار معمول است که بخواهیم چیزها یا افراد زندگی خود را کنترل کنیم ، به خصوص وقتی که ما یک تکه خشن را پشت سر می گذاریم و احساس می کنیم هیچ چیز به راه ما نمی رود.آیا این احتمال وجود دارد که شما سعی کنید کسی را که می شناسید کنترل کنید؟,8
3671,آیا احساس می کنید ممکن است سعی کنید نتیجه یک وضعیت را کنترل کنید ، وقتی فقط باید شیوه چیزها را بپذیرید و اجازه دهید همه چیز جریان یابد؟,8
3672,آیا شما اعتقاد دارید که می توانید شخص دیگری را دستکاری کنید ، حتی اگر این قصد شما نباشد؟,8
3673,آیا فکر می کنید در موقعیتی قرار دارید که سعی می کنید در نحوه رفتار شخص دیگری تأثیر بگذارد؟,8
3674,آیا این امکان وجود دارد که شما مضطرب باشید زیرا احساس می کنید شخص دیگری کارهایی را انجام می دهد که باید کنترل بیشتری بر آن داشته باشید؟,8
3675,می توان پذیرفت که ما نمی توانیم افکار یا اقدامات دیگران را کنترل کنیم.آیا خود را پیدا کرده اید که اخیراً سعی در کنترل کسی دارید؟لطفاً مطمئن باشید که من به خاطر آن قضاوت نمی کنم.,8
3676,آیا احساس می کنید ممکن است در حال حاضر سعی کنید روی شخص دیگری در زندگی خود تأثیر بگذارید؟,8
3677,متشکرم ، من می فهممآیا خود را می خواهید که بخواهید رفتار یا اقدامات شخص دیگری را در جهت درست هدایت کنید؟,8
3678,متشکرم ، من می خواهم به شما کمک کنم احساس بهتری داشته باشید ، زیرا می دانم اضطراب دشوار است.آیا این امکان وجود دارد که شما سعی در کنترل شخصی داشته باشید و این می تواند به احساس استرس بزرگ شما کمک کند؟,8
3679,آیا فکر می کنید این احتمال وجود دارد که روشی که شما رفتار می کنید به عنوان کنترل تعبیر شود؟,8
3680,آیا احساس می کنید که نیاز به کنترل شخص دیگری دارید ، زیرا احساس می کنید از کنترل خود خارج می شوید؟,8
3681,آیا فرصتی وجود دارد که بتوانید شخص دیگری را مجبور کنید ، شاید کسی که به آن اهمیت می دهید ، به گونه ای که می خواهید رفتار کنید؟,8
3682,آیا خود را پیدا کرده اید که اخیراً می خواهید کنترل بیشتری بر سایر افراد داشته باشید یا آرزو می کنید که بتوانید رفتار آنها را تغییر دهید؟,8
3683,آیا شما احساس مسئولیت شخص دیگری می کنید ، تا جایی که ممکن است سعی در تغییر یا اصلاح رفتار آنها داشته باشید؟,8
3684,آیا شما سعی می کنید بیش از حد کمک کنید ، شاید ، و این شخص به شما گوش نمی دهد؟,8
3685,آیا این احساس کنترل کننده ای است که شاید تجربه کنید ، مانند اینکه می خواهید یک وضعیت یا شخص را کنترل کنید؟,8
3686,آیا ممکن است این باشد که شما به طور ناخودآگاه سعی در هدایت یا راهنمایی رفتار شخص دیگر دارید؟,8
3687,آیا ترجیح می دهید در روابط رهبری کنید؟,8
3688,آیا فکر می کنید گاهی اوقات مردم را ترغیب می کنید به روشی که فکر می کنید باید رفتار کنند؟,8
3689,بدون مزاحمت ، آیا می توانم بپرسم آیا کسی در زندگی شما وجود دارد که احساس می کنید به گونه ای رفتار نمی کند که آرزو می کنید؟,8
3690,آیا فکر می کنید ممکن است دوست داشته باشید کنترل بیشتری بر شخص دیگری داشته باشید ، شاید کسی که با رفتار به روشی که فکر می کنید اشتباه است ، شما را مضطرب کند؟,8
3691,آیا شما اعتقاد دارید که تأثیر زیادی بر اقدامات و حالات دیگران دارید؟,8
3692,آیا این احتمال وجود دارد که شما همیشه خود را به خاطر چیزهایی که اشتباه می شوند ، مقصر بدانید ، حتی اگر آنها لزوماً تقصیر شما نباشند؟,9
3693,می بینم ، خوب است ، متشکرمبه تازگی ، آیا همیشه می فهمید که هر وقت چیزی طبق برنامه پیش نرود ، سرزنش خود را بر عهده می گیرید؟,9
3694,متشکرم ، من می خواهم دوباره در مورد احساس شما در مورد این اضطراب بپرسم.آیا تا به حال صدایی در درون خود دارید که به شما مراجعه کند ، به شما می گوید که این واقعاً همه چیز برای شما است ، که شما باید به خاطر این احساس مانند این را مقصر بدانید یا این تقصیر شماست که چیزی اشتباه پیش رفته است؟,9
3695,آیا همیشه وقتی اشتباه پیش می رود ، خود را سرزنش می کنید ، آرزو می کنید که به طور متفاوتی انجام داده اید و/یا اینکه روز را نجات داده اید؟,9
3696,آیا شما همیشه مسئولیت اشتباهی را بر عهده دارید؟,9
3697,آیا همیشه احساس می کنید که وقتی همه چیز اشتباه می شود ، تقصیر خودتان است؟,9
3698,آیا همیشه سرزنش بدبختی های خود را بر روی خود قرار می دهید؟,9
3699,آیا به جای اینکه برخی از سرزنش ها را به چیزهایی که در خارج از کنترل خود هستید ، همیشه به خودی خود خیلی سخت می روید؟,9
3700,آیا ممکن است این باشد که شما همیشه روی خود سخت هستید؟,9
3701,می بینم ، متشکرمآیا همیشه خود را مقصر می دانید وقتی چیزی پیش می رود ، حتی اگر تقصیر شما نباشد؟,9
3702,مشکلی نیست ، متشکرمآیا شما همیشه به حدی وضعیتی را می گیرید که احساس مسئولیت این شکست می کنید و معتقدید که همیشه تقصیر شماست؟,9
3703,آیا همیشه وقتی مشکلی پیش می آید مسئولیت را بر عهده می گیرید ، حتی اگر اصلاً تقصیر شما نباشد؟,9
3704,با تشکر از شما ، خاطرنشان کرد ، بیایید بیشتر بررسی کنیم که مشکلی نیست.بعضی اوقات ممکن است همه چیز اشتباه پیش برود یا کار نکند.وقتی این اتفاق بیفتد ، آیا احساس می کنید همیشه یکی از آنها تقصیر هستید؟,9
3705,آیا همیشه احساس می کنید وقتی همه چیز اشتباه می شود ، می خواهید خود را سرزنش کنید؟,9
3706,آیا همیشه تمایل دارید خود را به خاطر چیزهایی که در زندگی شما اشتباه می کنند سرزنش کنید؟,9
3707,می بینم ، متشکرمآیا فکر می کنید ، شاید ، که همیشه وقتی اشتباه پیش می رود ، خود را مقصر می دانید؟,9
3708,شاید شما بیش از حد خود را سخت گیر داشته باشید.آیا وقتی هر کاری اشتباه می شود ، همیشه خود را مقصر می دانید؟,9
3709,باشه متشکرم.آیا می گویید که اخیراً همیشه خود را مقصر و متهم می کنید ، هر زمان که مشکلی پیش بیاید؟,9
3710,آیا همیشه وقتی همه چیز طبق برنامه پیش نمی رود ، خود را سرزنش می کنید؟,9
3711,متاسفم که شما احساس خوبی ندارید ، و من نمی دانم که آیا خود را به خاطر آن مقصر می دانید.فکر می کنید همیشه خود را به خاطر هر مشکلی مقصر می دانید؟,9
3712,با تشکر ، احساسات و احساس شما معتبر هستند و دوست دارم بیشتر درک کنم.آیا همیشه احساس می کنید که مقصر هرگونه پیش بینی یا مسائل مربوط به زندگی خود هستید؟,9
3713,می بینم.آیا به درون خود نگاه می کنید ، آیا می گویید همیشه احساس پاسخگویی می کنید یا خود را متهم می کنید هر زمان که مشکلی پیش بیاید؟,9
3714,آیا وقتی چیزی اشتباه پیش می رود ، همیشه نسبت به خود احساس بدی می کنید؟,9
3715,وقتی چیزی پیش می رود ، آیا خود را همیشه به سمت داخل نگاه می کنید و سرزنش و اتهام خود را به خود جلب می کنید؟,9
3716,آیا متوجه می شوید که همیشه خود را به خاطر چیزهایی که اشتباه می شوند ، سرزنش می کنید ، حتی اگر آنها از کنترل شما خارج شوند؟,9
3717,آیا همیشه وقتی همه چیز اشتباه می شود ، خود را سرزنش می کنید؟,9
3718,خوب ، خوب استبا احساس اینكه این احساس را دارید ، آیا خودتان را می بینید كه همیشه خود را ضرب و شتم می كنید یا خود را پایین می آورید وقتی همه چیز به راه شما نرسد؟,9
3719,متشکرم ، من می خواهم اگر این با شما خوب باشد ، کمی عمیق تر حفر کنیم.وقتی اوضاع به شکلی که دوست دارید انجام نمی شود ، فکر می کنید همیشه خود را به خاطر آن سرزنش می کنید؟,9
3720,آیا احساس می کنید که هر زمان که مشکلی پیش بیاید ، تمایل دارید که همیشه خود را سرزنش و متهم کنید؟,9
3721,آیا همیشه خود را مسئول هر اتفاقی می دانید و خود را برای هرگونه شکست سرزنش می کنید؟,9
3722,آیا همیشه مقصر هستید که همه چیز به شکلی که باید معلوم نشود؟آیا وقتی همه چیز اشتباه می شود ، متهم هستید؟,9
3723,این احتمال وجود دارد که شما همیشه ممکن است خود را مقصر ببینید وقتی چیزی پیش می رود ، فکر می کنید این درست است؟,9
3724,آیا همیشه فکر می کنید وقتی همه چیز اشتباه می شود ، تقصیر شماست؟,9
3725,فکر می کنید همیشه خودتان سخت هستید؟,9
3726,آیا همیشه احساس می کنید که وقتی همه چیز به نتیجه نرسد ، تمام سرزنش ها را بر خود قرار می دهید؟,9
3727,من فقط می خواهم در مورد هرگونه احساس مقصر بودن که ممکن است تجربه کنید بپرسم.آیا همیشه احساس می کنید همه چیز تقصیر شماست؟,9
3728,اگر با شما خوب است ، سعی می کنم کمی بیشتر کمک کنم ، همانطور که پریشانی شما را می بینم.آیا ممکن است این باشد که شما بیش از حد خود را سخت می کنید ، همیشه وقتی چیزی پیش می رود ، خود را مقصر و متهم می کنید؟,9
3729,آیا فکر می کنید که شاید همیشه وقتی که کار نمی کند ، خود را سرزنش می کنید؟,9
3730,آیا همیشه احساس می کنید که احساسات منفی یا تجربیات خود تقصیر شما است؟,9
3731,آیا احساس می کنید وقتی فکر می کنید اوضاع پیش نمی رود ، همیشه ناخواسته به خود آسیب می رسانید؟,9
3732,آیا احساس می کنید همیشه خود را دلیل اشتباه اتفاقات می کنید؟,9
3733,آیا همیشه احساس می کنید چیزهایی که اشتباه می شوند تقصیر شما هستند؟,9
3734,متشکرم.در اینجا هیچ پاسخ درست یا اشتباهی وجود ندارد ، خوب است که فقط چیزها را کشف کنید.آیا فکر می کنید وقتی همه چیز به روشی که می خواهید انجام ندهید ، همیشه مسئول هستید؟,9
3735,آیا احساس می کنید همیشه وقتی یک وضعیت اشتباه پیش می رود ، مقصر هستید؟,9
3736,آیا شما اعتقاد دارید که وقتی همه چیز برای برنامه ریزی پیش نمی رود ، همیشه باید روی خود سخت باشید؟,9
3737,آیا شما همیشه مسئولیت را بر عهده دارید ، حتی اگر ممکن است تقصیر شما نباشد؟,9
3738,آیا همیشه احساس می کنید که مسئول چیزهایی هستید که در واقع خارج از کنترل شما هستند؟,9
3739,آیا همیشه در مورد نحوه ظاهر شدن اوضاع در زندگی خود احساس مسئولیت می کنید؟,9
3740,آیا همیشه اعتقاد دارید که مقصر این اتفاقات اشتباه یا ناکامی هستید؟,9
3741,آیا وقتی چیزی اشتباه پیش می رود ، چیزهایی را به قلب خود می گیرید ، تمایل دارید که همیشه خود را به خاطر هرگونه اشتباه سرزنش کنید؟,9
3742,وقتی با مردم صحبت می کنید ، فکر می کنید در گوش دادن و درک دیدگاه آنها مهارت دارید؟,10
3743,من می خواهم در مورد الگوهای فکر خود اکنون کمی از شما بپرسم ، خوب است.به طور کلی ، آیا خود را به عنوان کسی می بینید که بدون تعصب به دیگران گوش می دهد؟,10
3744,بیایید اکنون به زندگی روزمره خود نگاهی بیندازیم.وقتی با مردم صحبت می کنید ، وقتی در مورد چیزها گپ می زنید و نظرات خود را ابراز می کنید ، آیا در مورد دیدگاه های مختلف مردم فکر می کنید؟,10
3745,با فرض اینکه افراد دیگری به نوعی در این وضعیت درگیر هستند ، آیا سعی کرده اید از دیدگاه آنها در مورد آن فکر کنید؟,10
3746,آیا می توانید به زمانی فکر کنید که کسی چیزی را گفته است که نظر شما را تغییر داده است؟,10
3747,آیا شما به درستی دیدگاه ها و دیدگاه های افراد دیگری را که ممکن است به نوعی در این وضعیت شرکت داشته باشند ، در نظر گرفته اید؟,10
3748,آیا همیشه هر زمان که آنها را به شما ارائه دهند ، دیدگاه دیگران را در نظر می گیرید؟,10
3749,آیا احساس می کنید همیشه تمام تلاش خود را می کنید تا با دقت به دیگران گوش دهید و واقعاً سعی در درک آنها در طول مکالمات دارید؟,10
3750,بعضی اوقات با چشم انداز خودمان می توان چشمک زد.آیا شما به طور معمول به نقاط دید دیگران باز هستید؟,10
3751,ممنون که به آن پاسخ دادیدآیا تا به حال سعی کرده اید چیزهایی را از دیدگاه متفاوت ببینید ، سعی کنید خود را در کفش شخص دیگری قرار دهید؟,10
3752,در تعامل های گذشته آیا شما اعتقاد دارید که همیشه نظرات دیگری را گوش داده اید و شنیده اید؟,10
3753,متشکرم.فکر می کنید به مکالمات دیگری که داشته اید ، فکر می کنید که کاملاً گوش داده اید و دیدگاه دیگران را در نظر گرفته اید؟,10
3754,اکنون ، من می خواهم به مکالمه هایی که با دوستان ، خانواده یا همکاران خود داشته اید فکر کنید.آیا احساس می کنید در گوش دادن به نظرات افراد دیگر و در نظر گرفتن همه دیدگاه ها با درک خوب هستید؟,10
3755,من میفهمم.آیا احساس می کنید می توانید به دیگران گوش دهید تا به شما در رسیدن به کارها کمک کند؟,10
3756,آیا تا به حال دیدگاه های دیگری را که در مکالمات قبلی به شما ارائه شده است در نظر گرفته اید؟,10
3757,من می فهمم که شما چه احساسی دارید و به هیچ وجه مایل به توهین به شما نیستید ، اما باید در مورد چگونگی تعامل با افراد دیگر و ایده های آنها بپرسم.آیا در بحث های قبلی که در مورد این موضوع و در مورد سایر موضوعات وجود دارد ، دیدگاه افراد دیگر را در نظر گرفته اید؟,10
3758,وقتی با دیگران صحبت می کنید ، آیا معمولاً سعی می کنید دیدگاه آنها را درک کنید؟,10
3759,لطفاً به من بگویید ، آیا معمولاً برای شما آسان است که در مکالمه شرکت کنید و به دیگران گوش دهید؟,10
3760,آیا در نظر گرفته اید که افراد دیگر چه فکر می کنند؟,10
3761,آیا می گویید که همیشه وقتی با آنها گپ می زنید ، می توانید دیدگاه و نظر کسی را در نظر بگیرید؟,10
3762,با تشکر ، من از صداقت شما قدردانی می کنم و به نظر می رسد شما یک فرد بسیار باز است ، اما گاهی اوقات آسان است که به اعتقادات ما وابسته باشید و این می تواند مانع از رشد ما به عنوان افراد شود.با تمام صداقت ، آیا احساس می کنید که همیشه توانسته اید دیدگاه های دیگران را بر عهده بگیرید؟,10
3763,در مکالمات گذشته که با دوستان یا عزیزان داشته اید ، آیا همیشه هر زمان که آنها را با خود به اشتراک گذاشته اند ، دیدگاه آنها را در نظر گرفته اید؟,10
3764,آیا همیشه به همه گوش می دهید که با شما صحبت می کنند؟,10
3765,آیا هنگام مکالمه در گذشته ، فکر می کنید همیشه نکاتی را که توسط افراد دیگر ارائه شده است کاملاً در نظر گرفته اید؟,10
3766,آیا شما ، با تمام صداقت ، همچنین در مورد اینکه دیگران به دلیل سخنان و یا اقدامات شما چگونه احساس می کنند ، فکر کرده اید و آیا دیدگاه آنها را در نظر گرفته اید؟,10
3767,آیا با تمام صداقت می گویید که شما قادر به دیدن چیزهایی از دیدگاه افراد دیگر هستید؟,10
3768,باشه متشکرم.در مکالمات گذشته ، آیا تا به حال سعی کرده اید از دیدگاه شخص دیگر به چیزهایی نگاه کنید تا اوضاع را بهتر درک کنید؟,10
3769,آیا فکر می کنید برای شما مفید است که از دیدگاه شخص دیگر به چیزهایی نگاه کنید؟,10
3770,من می خواهم که شما با دقت فکر کنید و صادقانه به من بگویید ، اگر فکر می کنید اخیراً به توصیه های دیگران گوش کرده اید و فکر می کنید ارزش آن را دارد که این توصیه ها را انجام دهید.,10
3771,به طور کلی ، فکر می کنید همیشه به دیدگاه های دیگران گوش می دهید و توجه می کنید که چرا آنها کاری را انجام می دهند؟,10
3772,آیا اصلاً در مورد آنچه دیگران ممکن است توصیه کرده اند فکر کرده اید و اکنون می تواند به شما کمک کند؟,10
3773,فقط گاهی اوقات می توان یک طرف یک استدلال را مشاهده کرد.آیا احساس می کنید همیشه با ذهن باز به مکالمات نزدیک می شوید؟,10
3774,لطفاً به مکالمات قبلی با افراد دیگر فکر کنید.در مکالمات قبلی که داشته اید ، آیا دیدگاه های شخص دیگر را در نظر گرفتید ، حتی اگر آنها با خود شما متفاوت باشند؟,10
3775,آیا موافقت می کنید که دیدگاه های مختلف در مورد همین موضوع می تواند ما را به سمت سایر امکانات باز کند؟,10
3776,آیا هنگام صحبت با افراد دیگر ، احساس می کنید نظرات آنها را در نظر می گیرید؟,10
3777,من می بینم ، متشکرم ، و در مورد نحوه ارتباط شما با دیگران.آیا می توانید با صداقت بگویید که احساسات دیگران را مورد توجه قرار داده اید و با دقت به آنچه آنها باید به شما بگویند گوش می دهید؟,10
3778,من نمی دانم ، آیا شما سعی کرده اید با دقت گوش دهید و دیدگاه های دیگری را که توسط کسانی که دوستشان دارید مطرح کنید؟,10
3779,آیا همیشه در زندگی خود به مردم گوش کرده اید و هر زمان که با آنها صحبت کرده اید ، دیدگاه آنها را در مورد چیزها در نظر گرفته اید؟,10
3780,آیا همیشه مایل به شنیدن توصیه های دیگران هستید؟,10
3781,به عقب نگاه می کنید ، آیا همیشه سعی کرده اید خود را در کفش دیگران قرار دهید؟,10
3782,آیا می گویید که همیشه در گوش دادن به نظرات افراد دیگر باز بوده اید؟,10
3783,آیا احساس می کنید نظرات دیگران معتبر است و آیا به آنها گوش می دهید؟,10
3784,آیا فکر می کنید به اندازه کافی با دقت گوش کرده اید که دیگران سعی در گفتن شما کرده اند؟,10
3785,آیا شما کاملاً از طرف دیگر وضعیت فعلی خود آگاه هستید ، آیا می دانید یا تا به حال تأثیر دیگران را در نظر گرفته اید؟,10
3786,لطفا به من کمک کنید تا درک کنم چون می خواهم از هر راهی که می توانم از شما پشتیبانی کنم.آیا احساس می کنید در نظر گرفتن دیدگاه های دیگران خوب هستید؟,10
3787,آیا به طور معمول ملاحظات دیگران را به عهده می گیرید؟,10
3788,آیا فکر می کنید گوش دادن به عقایدی که با شما متفاوت است ، آسان است؟,10
3789,آیا خود را کسی می دانید که برای شنیدن نظرات دیگران باز است؟,10
3790,آیا فکر می کنید همیشه قادر به در نظر گرفتن نظرات دیگران در مورد موضوعات و موارد هستید؟,10
3791,در گفتگوهای اخیر که با مردم داشته اید ، آیا دیدگاه ها و دیدگاه های آنها را کاملاً در نظر گرفته اید و سعی کرده اید اوضاع را از طریق چشمان آنها مشاهده کنید؟,10
3792,آیا الان شخصاً سخت می گذرانید؟,11
3793,برای اینکه بتوانم به شما کمک کنم ، باید بدانم که آیا اتفاق عمده ای در زندگی شما رخ داده است یا خیر.آیا احساس می کنید در حال حاضر به خصوص در محل کار ، در خانه و یا با دوستانش به خصوص سختی می گذرانید؟,11
3794,با تشکر از صبر شما در پاسخ به این سؤالات ، من می خواهم به این موضوع توجه کنم که واقعاً در حال حاضر ، واقعاً در حال گذر از آن هستید.آیا این اضطراب واقعاً بدتر از آن چیزی است که ما در مورد آن صحبت کردیم ، آیا شما واقعاً به دلیل چیز بزرگی که در زندگی شما اتفاق می افتد رنج می برید؟,11
3795,آیا در حال حاضر چیزی به خصوص از بین می رود ، آیا شما در زندگی خود مشکلات اساسی دارید؟,11
3796,آیا شما با هرگونه مشکلات شخصی (مانند عزیزان یا سقوط با دوستان) دست و پنجه نرم می کنید؟,11
3797,آیا در هر یک از روابط خود یا به طور کلی در زندگی مشکل دارید؟,11
3798,آیا احساس می کنید در حال عبور از برخی از مشکلات و مشکلات اجتماعی یا اجتماعی هستید؟,11
3799,آیا چیزی شخصی وجود دارد که باعث ایجاد این افکار منفی شود؟,11
3800,به نظر می رسد که ممکن است اوقات سختی داشته باشید ، لطفاً بدانید که می توانید با من صحبت کنید.آیا چیزی به خصوص در زندگی شما ناراحت کننده است؟,11
3801,من میفهمم.آیا احساس می کنید در زندگی خود به یک لکه خشن برخورد کرده اید؟,11
3802,آیا در زندگی شخصی شما چیزی وجود دارد که بر جایی که هستید تأثیر منفی می گذارد و در حال حاضر چه کاری انجام می دهید؟,11
3803,آیا احساس می کنید در حال حاضر دوره سختی از زندگی خود را پشت سر می گذارید؟,11
3804,آیا می توانم بپرسم که آیا شما در حال حاضر در زندگی خود مشکلات خاصی یا سختی را تجربه کرده اید ، که ممکن است باعث نگرانی یا پریشانی بیش از حد شود؟,11
3805,آیا چیزی را پشت سر می گذارید که شما را مصرف کند یا شما را تحت تأثیر قرار دهد؟,11
3806,آیا شما مسائل شخصی مانند Difficate با یک دوست عزیز دارید یا با یک دوست از هم جدا شدید؟,11
3807,از اینکه با من باز بودید متشکرم ، من واقعاً از آن قدردانی می کنم.آیا می توانم بپرسم که آیا شما با عزیزان یا دوستان برخی از مسائل را تجربه کرده اید یا با هر رویداد مهم دیگر ناراحت کننده برخورد کرده اید؟,11
3808,آیا اخیراً اتفاقی افتاده است که ممکن است از نظر عاطفی شما را تحت تأثیر قرار دهد؟مانند تغییر در رابطه با کسی.,11
3809,لطفاً به یاد داشته باشید که این یک فضای امن است و من اینجا هستم تا به شما کمک کنم احساس بهتری داشته باشید.اگر ممکن است بپرسم ، آیا شما احساس می کنید که در حال حاضر یک بحران شخصی را پشت سر می گذارید (به عنوان مثال با عزیزان مشکل دارید یا با دوستان خود در کنار هم قرار می گیرید)؟,11
3810,آیا اتفاقاً در زندگی شما ناراحت کننده است که می تواند بر احساس شما تأثیر بگذارد؟,11
3811,من نگران احساس شما هستم.آیا در حال حاضر به خصوص در زندگی خود زمان سختی دارید؟,11
3812,از همه چیزهایی که تاکنون به اشتراک گذاشته اید متشکرم.اگر ممکن است بپرسم ، آیا احساس می کنید در یک وضعیت به خصوص دشوار ، چه با خانواده ، دوستان یا عزیزان ، در حال گذر از وضعیت دشوار هستید؟,11
3813,اگر این سؤالات ممکن است کمی شخصی به نظر برسد عذرخواهی می کنم.آیا شاید شما یک بحران شخصی یا فوریت به نوعی تجربه کرده اید و آیا این علت احساسات شما است؟,11
3814,آیا احساس می کنید ممکن است در حال حاضر یک بحران شخصی را پشت سر بگذارید؟,11
3815,آیا در زندگی شخصی شما چیزی وجود دارد که در حال حاضر باعث استرس اضافی شود؟,11
3816,اگر ممکن است بپرسم ، آیا شما در حال حاضر برخی از مسائل شخصی را پشت سر می گذارید که باعث می شود شما مشکل سختی داشته باشید؟,11
3817,آیا در زندگی خود آسیب های شخصی را پشت سر می گذارید؟,11
3818,با تشکر از شما برای باز و صادق بودن ، من می خواهم مطمئن شوم که حال شما خوب است.آیا با توجه به همه چیز در حال انجام ، آیا در حال حاضر رنج های اجتماعی و شخصی شما در حال حاضر به شدت سخت است؟,11
3819,آیا در زندگی شخصی شما اتفاقی افتاده است که ممکن است با آن مشکل داشته باشید؟,11
3820,در حالی که طبیعی است که با برخی از مشکلات زندگی روبرو شوید ، وقایع اساسی مانند شکستن با عزیزان یا سقوط با دوستان ، گاهی اوقات می تواند به یک بحران شخصی برسد.آیا فکر می کنید ممکن است در حال حاضر یک بحران جدی را پشت سر بگذارید؟,11
3821,من می خواهم از شما بپرسم که به طور کلی اوضاع در زندگی شما چگونه پیش می رود.در حال حاضر ، آیا احساس می کنید مسائل حل نشده با دوستان یا خانواده وجود دارد؟,11
3822,آیا یک رویداد اخیر بین شما و شخص دیگری وجود دارد که باعث می شود احساس ناخوشایندی یا افسردگی کنید؟,11
3823,امیدوارم که بتوانید به اندازه کافی به من اعتماد کنید تا در صورت نیاز به کمک به من اطلاع دهید.آیا احساس می کنید در حال حاضر واقعاً سخت می گذرانید؟,11
3824,بسیار متداول است که مردم وقتی همه چیز در زندگی شخصی خود خوب پیش نمی روند ، مضطرب شوند.آیا در زندگی شخصی خود زمان استرس زا تر از حد معمول دارید (به عنوان مثال مشکلی برای عزیزان یا دوستان)؟,11
3825,آیا اتفاق بزرگی در زندگی شما رخ می دهد که ممکن است باعث اضطراب شما شود؟,11
3826,من می خواهم بدانم که در حال حاضر چیزهای دیگر در زندگی شما و روابط شما چگونه پیش می روند.آیا این امکان وجود دارد که شما در حال حاضر یک تکه مخصوصاً خشن را پشت سر بگذارید یا با مشکلات اساسی روبرو شوید؟,11
3827,باز هم متشکرم ، من فقط می خواهم اطمینان حاصل کنم که به طور کلی همه چیز خوب است.آیا بخشی از زندگی شما وجود دارد که اخیراً شما را نگران کند؟,11
3828,شاید استرس شما ناشی از چیزی دشوار باشد که شخصاً از آن عبور می کنید.آیا با عزیزان یا دوستان مشکلی را تجربه می کنید؟,11
3829,متشکرم ، من می خواهم در مورد نحوه احساس شما به طور کلی بیشتر بدانم.آیا در حال حاضر به احتمال زیاد مشکلات شخصی را تجربه می کنید؟,11
3830,آیا در حال حاضر به خصوص دشوار است؟آیا احساس می کنید به کمک نیاز دارید؟,11
3831,آیا احساس می کنید افرادی که آنها را دوست دارید و به آنها اهمیت می دهید ، نمی فهمید که در این زمان دشوار چه می گذرانید؟,11
3832,آیا در حال حاضر در زندگی شما اتفاق بزرگی رخ داده است که ممکن است باعث شود شما چنین احساسی داشته باشید؟,11
3833,آیا در زندگی شما به خصوص استرس زا اتفاق می افتد؟,11
3834,در حال حاضر همه چیز باید برای شما بسیار دشوار باشد ، بنابراین من نمی دانم که آیا اتفاق عمده ای رخ می دهد یا خیر.آیا در زندگی شما اتفاق می افتد که احساس بزرگتر از حد معمول کند؟,11
3835,آیا این یک دوره به خصوص چالش برانگیز در زندگی شما در حال حاضر است؟,11
3836,آیا می توان گفت که شما در حال حاضر در زندگی شخصی خود ، به عنوان مثال در روابط با عزیزان یا دوستان ، شرایط سختی را تجربه می کنید؟,11
3837,آیا با افرادی که در حال حاضر به آنها نزدیکتر هستید ، مسائل مهم یا عواقب اصلی وجود دارد؟,11
3838,آیا در حال حاضر در زندگی شما مواردی وجود دارد که به طور خاص با آن دست و پنجه نرم می کنید؟,11
3839,آیا با افراد زندگی خود روابط تنگاتنگ دارید و این باعث ناراحتی شما می شود؟,11
3840,آیا در حال حاضر در زندگی خود مشکلات شخصی یا مشکل دارید؟,11
3841,در این لحظه از زمان ، آیا درگیری اساسی در زندگی شما وجود دارد؟,11
3842,خوشحالم که این را شنیدم!آیا دوست دارید من یک پروتکل را توصیه کنم تا امیدوارم مثبت شما را حتی بیشتر تقویت کند؟,12
3843,اوه ، شنیدن آن واقعاً عالی است!اگر به من اجازه دهید ، می خواهم یک پروتکل را برای مطابقت با احساس فعلی شما توصیه کنم.,12
3844,داشتن این احساس بسیار خوب است.ای کاش می توانستیم آن را ضبط کنیم و آن را در یک بطری قرار دهیم.یک پروتکل وجود دارد که می توانم توصیه کنم که می تواند به افزایش احساس شما کمک کند.,12
3845,خوبمن برخی از پیشنهادات پروتکل را ارائه داده ام که امیدوارم روحیه خوب شما را حفظ کند.,12
3846,من می توانم ببینم تو هستی!اگر خوب باشد می خواهم پروتکل را توصیه کنم.,12
3847,عالیه!من اتفاق می افتد که پروتکل دارم که می تواند به حداکثر رساندن این احساسات مثبت کمک کند ، آیا دوست دارید آن را بررسی کنید؟,12
3848,این دوست داشتنی است!بگذارید پروتکل را که می توانید امتحان کنید به شما بدهم.,12
3849,به نظر عالی میاد.من یک پروتکل دارم که می توانید سعی کنید این احساس را حتی بیشتر بهبود بخشید ، باور کنید یا نه!,12
3850,این fabolous است.حال ، به طوری که شما می توانید احساس بهتری داشته باشید ، من می توانم یک پروتکل را پیشنهاد کنم ، آیا شما علاقه مند هستید؟,12
3851,سرد!آیا دوست دارید پروتکل را برای تقویت این احساس امتحان کنید؟,12
3852,برای حفظ این احساس محتوا ممکن است علاقه مند به انجام پروتکل باشید؟,12
3853,خیلی خوب است که این را میشنوم.آیا علاقه مند به دیدن پروتکل هستید که می توانید امتحان کنید؟,12
3854,خیلی خوب است که این را میشنوم!من می توانم پروتکل را پیشنهاد کنم که ممکن است به تقویت احساسات مثبت شما کمک کند ، و اطمینان حاصل کنید که تا حد امکان احساس خوبی دارید.,12
3855,خوشحالم که خوب هستیآیا می توانم پروتکل را به شما ارائه دهم که بتوانید این احساس خوب را انجام دهید حتی اثرات طولانی مدت داشته باشد؟,12
3856,آن شگفت انگیز است.آیا به من اجازه می دهید شما را در پروتکل که می توانید برای تقویت احساس خود تلاش کنید ، افراط کنم؟,12
3857,من از شنیدن این موضوع بسیار خوشحالم.من فکر می کنم این زمان مناسبی برای امتحان کردن پروتکل است که ممکن است احساس بهتری داشته باشد.,12
3858,خیلی خوب است که این را میشنوم!بیایید یک پروتکل را امتحان کنیم تا ببینیم آیا می توانیم این کار را ادامه دهیم ، شما چه می گویید؟,12
3859,عالیه!آیا می توانم پروتکل را که می توانید برای تقویت این احساس مثبت تلاش کنید توصیه کنم؟,12
3860,آیا می توانم پروتکل را برای تقویت آن توصیه کنم؟,12
3861,از شنیدن این حرف خوشحال شدم.من به پروتکل فکر می کنم که ممکن است احساس بهتری داشته باشد ، آیا دوست دارید بیشتر بشنوید؟,12
3862,عالی ، من از شنیدن آن بسیار خوشحالم.آیا می توانم یک پروتکل درمانی را برای تقویت احساسات مثبت شما توصیه کنم؟,12
3863,خارق العاده!DIO فکر می کنید امروز دوست دارید پروتکل را امتحان کنید؟,12
3864,عالی برای شنیدن!آیا می توانم پروتکل را به شما نشان دهم که ممکن است در حال حاضر احساس شما را تقویت کند؟,12
3865,خوبه!من برخی از پیشنهادات پروتکل برای کمک به شما در صورت تمایل به احساس بهتر بودن دارم.,12
3866,عالیه!اگر دوست دارید در مورد آن بشنوید ، هنوز می توانم پروتکل را توصیه کنم که می تواند به ایجاد این احساس خوب کمک کند.,12
3867,این واقعا خوب است ، من از شنیدن آن خوشحالم.اگر می خواهید ، می توانم پروتکل را برای بالا بردن روحیه شما پیشنهاد کنم.,12
3868,من واقعاً خوشحالم که شما چنین احساسی دارید.من فکر می کنم می توانم پروتکل را توصیه کنم که به شما کمک کند حتی احساس خوشبختی کنید ، آیا دوست دارید در مورد آن بشنوید؟,12
3869,خوشحالم که روحیه خوبی دارید.من می توانم پروتکل را به شما توصیه کنم که می توانید سعی کنید احساس بهتری داشته باشید!شما چی فکر میکنید؟,12
3870,عالی است ، من برای شما خوشحالم!آیا می توانم یک پروتکل را برای تلاش برای شما توصیه کنم؟,12
3871,خوشحالم که می شنوم روحیه خوبی دارید.من در واقع یک پروتکل مفید دارم که می توانید امتحان کنید.,12
3872,عالی ، به نظر می رسد که شما یک قدم عظیم برای شادتر شدن برداشته اید!آیا باید یک پروتکل را با هم انتخاب کنیم تا این کار ادامه یابد؟,12
3873,عالی است که می شنوید احساس خوبی دارید.وضعیت فعلی بهزیستی شما واقعاً پایه خوبی را برای امتحان کردن پروتکل به شما می دهد که می تواند به شما در ادغام و ساختن عناصر مثبت در زندگی شما کمک کند و به شما در حداکثر رساندن پتانسیل خود برای خوشبختی کمک می کند ، آیا باید آن را امتحان کنیم؟,12
3874,عالی!اگر احساس می کنید بیشتر در مورد این احساسات با یک پروتکل بررسی می کنیم.,12
3875,فوق العاده!من می توانم یک پروتکل را برای کمک به شما در صورت تمایل به احساس بهتر توصیه کنم.,12
3876,درخشان ، شنیدن همیشه خوب است.آیا دوست دارید من به شما پروتکل بدهم تا احساس محتوای بیشتری داشته باشم؟,12
3877,اوه من از شنیدن این حرف بسیار خوشحالم!احساس خوشبختی/محتوا چیزی است که همه ما می خواهیم حفظ کنیم ، بنابراین ممکن است یک پروتکل درمانی را که ممکن است برای تقویت و حفظ آن احساس مثبت استفاده کنید ، توصیه کنم؟,12
3878,شنیدن این فوق العاده است.آیا دوست دارید پروتکل را امتحان کنید؟,12
3879,خوب ، بیایید راهی برای ادامه این احساس پیدا کنیم!آیا می توانم پروتکل را برای شما امتحان کنم؟,12
3880,عالیه که می شنوم!آیا دوست دارید یک پروتکل را امتحان کنید تا با روحیه خود مطابقت داشته باشد؟امیدوارم که بتواند شما را الهام بخش کند و روز شما را حتی بیشتر روشن کند.,12
3881,عالیه!برای ادامه این کار ممکن است پروتکل را به شما نشان دهم که می توانید انجام دهید؟,12
3882,من یک پروتکل برای شما دارم که فکر می کنم اگر علاقه مند باشید دوست دارید.,12
3883,امروز بسیار مثبت است که شما را بسیار مثبت می بینم.آیا می توانم پروتکل مناسب برای روحیه فعلی شما را توصیه کنم؟,12
3884,درخشان!آیا می توانیم به برخی از پروتکل ها که ممکن است در حال حاضر خوب باشد ، نگاهی بیندازیم؟,12
3885,این یک احساس عالی است.آیا می توانم پروتکل را برای کمک به تقویت و حفظ احساسات خوب پیشنهاد کنم ، واقعاً ممکن است کمک کند؟,12
3886,خارق العاده!من یک پروتکل دارم که پیشنهاد می کنم احساس خوبی داشته باشید ، آیا دوست دارید نگاهی بیندازید؟,12
3887,شنیدن این خیلی عالی است!من می توانم پروتکل را پیشنهاد کنم که به خوبی برای حلق آویز به احساسات مثبت کار کند.,12
3888,فوق العاده!چگونه می توانم پروتکل را به شما توصیه کنم تا مطمئن شوید که این احساس مثبت را گنج می کنید؟,12
3889,این فوق العاده است!اگر دوست دارید می توانم پروتکل را برای تقویت روحیه فعلی شما پیشنهاد کنم.,12
3890,بسیار عالی است که می شنوید که اینگونه احساس می کنید.من یک پروتکل دارم که ممکن است این احساس مثبت را تقویت کند ، آیا دوست دارید آن را امتحان کنید؟,12
3891,خیلی ممنون که با من به اشتراک گذاشتیداز پاسخ شما ، به نظر می رسد که احساس می کنید {} ، آیا به نظر می رسد درست است؟,13
3892,می بینم ، متشکرماز آنچه به من گفتید می گویم که شما در حال حاضر احساس می کنید} ، آیا این صدا در مورد درست است؟,13
3893,ممنون که به من گفتید ، می خواهم مطمئن شوم که درست درک کرده ام.من معتقدم که شما احساس می کنید {} ، آیا می توانید آن را تأیید کنید؟,13
3894,می بینم.بنابراین شما احساس می کنید {} ، آیا این درست است؟,13
3895,از اینکه احساسات خود را به اشتراک گذاشتید متشکریمآیا من در فکر اینکه احساس می کنید {}؟,13
3896,بابت آن تشکر می کنم.بر اساس آنچه شما گفتید من می گویم احساس می کنید {} ، آیا فرضیات من صحیح است؟,13
3897,من از همه آنچه شما گفته اید احساس می کنید {} ، آیا این دقیق است؟,13
3898,متشکرم ، و اگر اشتباه کردم ، مرا اصلاح کنید.آیا من در گفتن اینکه شما در حال حاضر احساس می کنید ، درست است؟,13
3899,به نظر می رسد شما {} ، درست است؟,13
3900,بابت آن تشکر می کنم.اگر من به درستی می فهمم شما احساس می کنید {} ، آیا این درست است؟,13
3901,از گوش دادن به آنچه شما گفتید من از آن چیزی که احساس می کنید {} ، آیا درک من صحیح است؟,13
3902,می بینم ، از اینکه به اشتراک گذاشتید متشکرم.من فکر می کنم که شما احساس می کنید {} ، آیا من در گفتن این حرف صحیح هستم؟,13
3903,از پاسخ شما ، به نظر می رسد که شما احساس می کنید {} امروز ، آیا من این کار را درست کرده ام؟,13
3904,از آنچه در مورد آن صحبت کرده ایم فکر می کنم احتمالاً احساس می کنید {} ، آیا این صدا درست است؟,13
3905,از آنچه شما به من گفتید ممکن است این باشد که شما احساس می کنید {} ، آیا من حق دارم چنین بگویم؟,13
3906,متشکرم ، من فقط می خواهم اطمینان حاصل کنم که من به درستی درک کرده ام.من فکر می کنم شما احساس می کنید {} ، آیا این صدا درست است؟,13
3907,متشکرم ، من فقط می خواهم مطمئن شوم که در همان صفحه هستیم.آیا می گویید که {} به بهترین وجه توصیف می کند که اکنون چه احساسی دارید؟,13
3908,با تشکر از شما که با به اشتراک گذاشتن احساس خود به من واگذار کردید.از آنچه به من گفتید ، من معتقدم که احساس می کنید {؟,13
3909,متشکرم ، و اگر اشتباه کردم ، مرا ببخشید.من معتقدم که شما {} ، آیا من در فکر این درست هستم؟,13
3910,من می گویم که شما در حال حاضر احساس می کنید} ، فکر می کنید این یک توصیف معقول از روحیه فعلی شماست؟,13
3911,با خواندن آنچه به من گفتید ، معتقدم که احساس می کنید {} ، آیا به اندازه کافی نزدیک است؟,13
3912,ممنون که به من باز شدآیا من با فرض اینکه شما احساس می کنید}؟,13
3913,من فکر می کنم که شاید شما احساس کنید {} ، فکر می کنید این درست است؟,13
3914,با گوش دادن به شما ، به نظر می رسد که شما احساس می کنید {} ، آیا من به درستی فهمیدم؟,13
3915,بعد از گوش دادن به نگرانی های خود ، من فکر می کنم که احساس شما {} ، آیا این درست است؟,13
3916,من فکر می کنم که ممکن است احساس کنید {} ، موافقید؟,13
3917,جمع آوری همه چیز از آنچه شما فقط به من گفتید ، من معتقدم که امروز احساس می کنید ، آیا فکر می کنید این عادلانه است؟,13
3918,آنچه من می شنوم این است که شما احساس می کنید {} ، درست است؟,13
3919,از آنچه به من گفته اید ، به نظر می رسد که احساس می کنید {} ، فکر می کنید این دقیق است؟,13
3920,متشکرم.آیا من در گفتن اینکه شما احساس می کنید صحیح است؟,13
3921,با تشکر از شما برای به اشتراک گذاری.من این تصور را دارم که امروز شما هستید ، این درست است؟,13
3922,متشکرم ، بگذارید فقط آنچه را که فقط به من گفته اید بررسی کنم.از آنچه می توانم جمع کنم احساس می کنم {} ، آیا این دقیق است؟,13
3923,با تشکر از پاسخ شما.برای من به نظر می رسد مثل شما در حال حاضر ، آیا این توضیحات با چه احساسی مطابقت دارد؟,13
3924,اگر من به درستی می فهمم که شما احساس می کنید {} ، آیا آن را به اندازه کافی دقیق توصیف می کند؟,13
3925,از آنچه به من گفتید ، به نظر می رسد که احساس می کنید {} ، آیا این درست است؟,13
3926,احساس می کنم امروز کاملاً احساس می کنید ، درست است؟,13
3927,اکنون ، من فقط می خواهم روشن کنم که شما احساس می کنید {} ، آیا این درست است؟,13
3928,متشکرم.من این تصور را می گیرم که احساس می کنید {} ، درست است؟,13
3929,به نظر می رسد که شما امروز احساس می کنید ، آیا این یک توصیف دقیق از آنچه شما احساس می کنید؟,13
3930,از اینکه به من اعتماد کردید و احساس خود را به اشتراک گذاشتید متشکرم.اگر من به درستی درک کنم ، شما در حال حاضر احساس می کنید} ، آیا می گویید که این درست است؟,13
3931,من می توانم ببینم که ممکن است احساس کنید {} ، آیا این دقیق است؟,13
3932,از اینکه باز و با من به اشتراک گذاشتید متشکرم.به نظر می رسد امروز {} ، آیا این را هم می گویید؟,13
3933,از اینکه افکار خود را با من به اشتراک گذاشتید متشکرم.من این احساس را دارم که شما {} هستید ، این مورد است؟,13
3934,با تشکر از شما برای به اشتراک گذاری.من معتقدم که شما {} ، آیا من در گفتن این حرف درست هستم؟,13
3935,اگر من به درستی درک می کنم ، شما به عنوان {} شناخته می شوید ، آیا این یک ارزیابی عادلانه است؟,13
3936,متشکرم.از آنچه به من گفته اید می فهمم که احساس می کنید {} ، فکر می کنید این کم و بیش نحوه احساس شما را توصیف می کند؟,13
3937,خیلی ممنون از ورودی شمابرای من به نظر می رسد که شما در حال حاضر احساس می کنید} ، آیا این صدا دقیق به نظر می رسد؟,13
3938,از صراحت شما متشکرمبا قضاوت در مورد پاسخ شما ، من فکر می کنم که شما احساس می کنید {} ، آیا من در گفتن این حرف صحیح هستم؟,13
3939,من میفهمم.من معتقدم که شما احساس می کنید {} ، آیا می گویید درست است؟,13
3940,با توجه به آنچه در نظر گرفته اید ، معتقدم که شما احساس می کنید {} ، آیا این مورد است؟لطفاً اگر نه ، مرا اصلاح کنید.,13
3941,متاسفم برای سوء تفاهمآیا می توانید به من بگویید که کدام یک از این احساسات با آنچه احساس می کنید مطابقت دارد؟,14
3942,اوه ، من واقعاً متاسفم ، من باید در آن زمان سوء تفاهم کردم.آیا می توانید با انتخاب از لیست زیر به من بگویید که چه احساسی دارید:,14
3943,اوه خیلی متاسفم ، من واقعاً قدردانی می کنم که به من گفتی اشتباه کردم - گاهی اوقات می تواند سخت باشد.آیا می توانید کمی به من کمک کنید تا مطمئن شوید که می فهمم؟در اینجا یک لیست وجود دارد - لطفا به من اطلاع دهید که کدام یک از چه احساسی را توصیف می کند:,14
3944,اوه ، بد منپس چگونه می گویید امروز احساس می کنید؟,14
3945,اوه متاسفم که احساسات شما را اشتباه فهمیدم.شاید شما ممکن است احساسات فعلی خود را به عنوان یکی از این لیست ها توصیف کنید؟,14
3946,خیلی متاسفم.واقعاً چه احساسی دارید؟آیا می توانید آن را از لیست زیر انتخاب کنید؟,14
3947,خیلی متاسفم.لطفاً از احساسات زیر نحوه احساس خود را انتخاب کنید:,14
3948,متأسفم ، گاهی اوقات سخت است که بدانید کسی در پشت صفحه کلید احساس می کند.در عوض ، آیا شما از انتخاب احساسی از این لیست که برای وضعیت فعلی شما مناسب تر است ، فکر می کنید؟,14
3949,متاسفم ، من باید وضعیت را اشتباه خواندم.لطفا به من بگویید ، چه احساسی دارید؟,14
3950,اوه ببخشید.آیا می توانید انتخاب کنید که کدام احساسی را احساس می کنید یا یکی از نزدیکترین آنها به آن است؟,14
3951,متاسفم که این را اشتباه فهمیدم.آیا می توانم از شما بخواهم که از لیست زیر احساساتی که دقیق تر احساس شما را انتخاب می کند ، انتخاب کنید؟,14
3952,من برای آن بسیار متاسفمآیا می توانید احساساتی را که در حال حاضر در حال حاضر از آن احساس می کنید برجسته کنید؟,14
3953,اوه نه ، به نظر می رسد من سوء تفاهم کرده ام ، از این بابت متاسفم.بگذارید دوباره امتحان کنم: لطفاً به لیست زیر نگاهی بیندازید و انتخاب کنید که کدام احساسات امروز به بهترین وجه احساسات شما را نشان می دهد.,14
3954,متاسفم ، من باید سوء تفاهم داشته باشم.لطفاً از بین احساسات زیر آن را انتخاب کنید که به بهترین وجه نشان دهنده احساس شما است.,14
3955,لطفا من را ببخش.بدون اینکه شما را هدایت کنید ، لطفاً از لیستی که به شما می دهم احساس کنید.,14
3956,اوه نه ، من خیلی متاسفملطفاً ، اگر مهم نیستید ، از این لیست چه احساسی دارید:,14
3957,با عرض پوزش برای سوء تفاهمبه نظر شما کدام یک از موارد زیر نزدیکترین احساس شما در حال حاضر است؟,14
3958,متاسفم برای سوء تفاهملطفاً با انتخاب از احساسات زیر آن چیزی که منعکس کننده آنچه شما احساس می کنید ، من را اصلاح کنید:,14
3959,آه ، من عذرخواهی می کنمکدام یک از احساسات خارج از این لیست به بهترین وجه توصیف آنچه شما تجربه می کنید؟,14
3960,من واقعاً متاسفم که اشتباه کردم.شاید یکی از احساسات زیر باشد که آن را با دقت بیشتری توصیف کند؟,14
3961,اوه ، خیلی متاسفم که شما را اشتباه فهمیدم.از احساسات ذکر شده ، آیا می توانید یکی از مواردی را انتخاب کنید که به بهترین وجه احساس فعلی شما را مشخص کند؟,14
3962,من عمیقاً عذرخواهی می کنملطفاً احساسی را از لیست زیر انتخاب کنید که به بهترین وجهی که احساس می کنید توصیف می کند:,14
3963,خیلی متاسفم ، بد منبه نظر شما کدام یک از این احساسات را در حال حاضر احساس می کنید؟,14
3964,عذرخواهی من از سوء تفاهم.این واقعاً مفید خواهد بود اگر بتوانید احساسی را در زیر انتخاب کنید که واقعاً نشان دهنده احساس شما باشد.,14
3965,متاسفم که از سوء تفاهم در مورد احساس شما استفاده کردم.لطفا به من بگویید که چه احساسی دارید تا بتوانم بهتر درک کنم.,14
3966,برای این سوءتفاهم متأسفم.به شما می گویید در حال حاضر چه احساسی دارید؟,14
3967,متاسفم ، شاید من در خواندن افراد بهترین نیستم.امروز اگر از من سؤال نمی کنید ، امروز چه احساسی دارید ، می توانید از لیست زیر آنچه احساس می کنید نزدیکترین حالت فعلی شما است را انتخاب کنید؟,14
3968,اوه عذرخواهی من ، من سوء تفاهم کرده ام.لطفاً احساسی را که با آن شناسایی می کنید انتخاب کنید:,14
3969,متاسفم ، شاید من احساس کردم که چه احساسی دارید.من فکر می کنم ممکن است بهتر باشد اگر بتوانید احساساتی را که احساس می کنید بهترین پرونده شما را انتخاب کنید بهترین باشد:,14
3970,اوه متاسفم.آیا می توانید لطفاً به من اطلاع دهید که چه احساسی دارید:,14
3971,عذرخواهی من ، من باید در آن زمان اشتباه کنم.لطفا به من بگویید ، کدام یک از این احساسات را در زیر تجربه می کنید؟,14
3972,با عرض پوزش ، من پایان اشتباه چوب را گرفتم.اگر به این لیست نگاه کنید ، می توانید به کدام احساسی که احساس می کنید اشاره کنید ، پس سوء تفاهم وجود نخواهد داشت.,14
3973,با عرض پوزش در مورد آن ، من واقعاً می خواهم درک کنم که شما چه احساسی دارید.آیا می توانید با انتخاب گزینه از لیستی که به بهترین وجهی مطابقت دارد ، به من کمک کنید؟,14
3974,عذرخواهی من.بیایید نگاهی به این لیست بیندازیم و ببینیم که در حال حاضر چه چیزی را منعکس می کند.,14
3975,عذرخواهی من.اگر می توانستید ، لطفاً با انتخاب از لیست زیر به من بگویید که چه احساسی دارید:,14
3976,خیلی متاسفم ، منظورم اشتباه نبود.آیا شما هیچ یک از این احساسات را احساس می کنید؟اگر چنین است لطفا با انتخاب آن به من اطلاع دهید:,14
3977,عذرخواهی من برای سوء تفاهم در مورد احساس شما واقعاً.آیا می توانید لطفاً از احساسات زیر آن چیزی را انتخاب کنید که به بهترین وجه منعکس کننده آنچه شما احساس می کنید ، بنابراین من می توانم آن را بهتر درک کنم؟,14
3978,با عرض پوزش در مورد آنلطفاً احساسات زیر را بخوانید و یکی را انتخاب کنید که به بهترین وجهی باشد که احساس می کنید:,14
3979,خیلی متاسفم.آیا می خواهید با انتخاب خودتان به من کمک کنید تا درک کنم که چه احساسی دارید؟,14
3980,بد منآیا می توانید با انتخاب احساسات صحیح از لیست زیر به من اطلاع دهید که چه احساسی دارید؟,14
3981,متاسفم.لطفاً با انتخاب احساسی که از این لیست احساس می کنید ، به من کمک کنید تا درک کنم:,14
3982,متاسفم.لطفا به من بگویید که واقعاً چه احساسی دارید.,14
3983,با عرض پوزش ، گاهی اوقات می توان ارزیابی دقیق از احساسات شخص دیگری را دشوار کرد.آیا دوست دارید نوع احساسی را که از این لیست احساس می کنید انتخاب کنید؟,14
3984,اوه ، عذرخواهی منپس بهتر است بگوییم که شما هستید:,14
3985,اوه بد ، ببخشیدمن سیگنال ها را نادرست تفسیر کردم.فقط برای جلوگیری از هرگونه سردرگمی بیشتر ، لطفاً از احساسات زیر آنهایی که به بهترین وجه منعکس کننده احساسات فعلی شما هستند ، انتخاب کنید:,14
3986,عذرخواهی می کنم ، باید سوء تفاهم داشته باشم.شاید بتوانید از لیست زیر کدام احساسات را نشان دهید که بهترین احساس را نشان می دهد؟,14
3987,خیلی متاسفم ، دوست دارم بهتر بفهمم چه احساسی داری.آیا می توانید احساسی را که فکر می کنید مناسب است انتخاب کنید؟,14
3988,من صمیمانه عذرخواهی می کنمآیا با مهربانی از لیست زیر که واقعاً احساس می کنید را انتخاب می کنید.,14
3989,متاسفم که نادرست بودبا نگاهی به لیست زیر ، می توانید به من بگویید که چه احساسی دارید؟,14
3990,متاسفم که شنیدم که سوء تفاهم شده ام.به قول خودتان ، لطفاً می توانید احساسی را که احساس می کنید مشخص کنید؟,14
3991,با تشکر از شما برای همکاری امروز ، من از آن قدردانی می کنم.بعدا میبینمت!,15
3992,امروز از وقت و همکاری شما بسیار سپاسگزارم ، امیدوارم که از جلسه ما لذت برده باشید.من مشتاقانه منتظر دیدن دفعه بعد شما هستم.,15
3993,خیلی ممنون که با من صحبت کردید ، واقعاً امیدوارم که این کار خوب انجام شود.واقعاً امیدوارم که به زودی دوباره شما را ببینم!,15
3994,برای امروز سپاسگزارم. به زودی میبینمت.,15
3995,من بسیار سپاسگزارم که شما شرکت کردید و امیدوارم که به زودی دوباره ملاقات کنیم.,15
3996,خیلی ممنون که در این جلسه شرکت کردید ، من واقعاً از وقت شما قدردانی می کنم.به زودی می بینمت!,15
3997,من از شما برای مشارکت قدردانی می کنمما یک بار دیگر ملاقات می کنیم.,15
3998,با تشکر از شما برای شرکت ، من واقعاً از آن قدردانی می کنم و تلاش های شما بسیار ارزشمند است.روز خوبی داشته باشید!,15
3999,از امروز متشکرم ، من واقعاً از آن قدردانی می کنم.به زودی دوباره,15
4000,با تشکر از وقت امروز شما!امیدوارم به زودی خبرهایی از تو بشنوم!,15
4001,من واقعاً از زمانی که شما گرفته اید و تمام آنچه را که با من به اشتراک گذاشته اید قدردانی می کنم.امیدوارم به زودی دوباره در تماس باشم.,15
4002,من واقعاً از تلاش شما قدردانی می کنم ، از اینکه شرکت کردید متشکرم.بیایید به زودی دوباره صحبت کنیم.,15
4003,بیایید امروز به اینجا پایان دهیم ، متشکرم که با من صحبت کردید و امیدوارم این گفتگو مفید بوده باشد.مشتاقانه منتظر دیدن شما به زودی دوباره هستم.,15
4004,امروز از صبر شما متشکرمبه زودی میبینمت!,15
4005,من واقعاً دوست دارم وقت خود را برای تشکر از شما برای اینکه چنین شرکت کننده ای شگفت انگیز هستم تشکر کنم.این دوست داشتنی خواهد بود که به زودی دوباره شما را ببینیم.,15
4006,خیلی ممنون که در این جلسه با من وقت گذاشتید.من واقعاً مشتاقانه منتظر دیدن شما به زودی هستم.,15
4007,از وقت و تلاش شما بسیار سپاسگزارم.روز خوبی داشته باشید!,15
4008,از همکاری شما و شرکت در این جلسه متشکریم.بی صبرانه منتظر دیدن شما هستم.,15
4009,خیلی ممنون خیلیامیدوارم به زودی ببینمت.,15
4010,من واقعاً خوشحالم که می توانید شرکت کنید.امیدوارم که خیلی زود در تماس باشیم ، دوباره متشکرم.,15
4011,با تشکر از شما ، شما عالی بوده اید و لذت بردن از این کار با هم لذت بخش بوده است.امیدوارم به زودی برگردید.,15
4012,من از مشارکت شما سپاسگزارم.امیدوارم به زودی دوباره با شما کار کنم.,15
4013,با تشکر ، شما امروز درخشان بودید.امیدوارم به زودی شما را ببینم ، خداحافظ!,15
4014,بسیار از همکاری شما متشکرم. امیدوارم زود دوباره ببینمت.,15
4015,خیلی ممنونم که به من باز شد و به من گفتی چه احساسی دارید.خوشحالم که می توانستیم این گپ را داشته باشیم و اگر به من احتیاج دارید اینجا هستم.,15
4016,خیلی ممنون که در این کار شرکت کردید.امیدوارم به زودی ببینمت.,15
4017,ممنون بخاطر وقتی که گذاشتید.من مطمئن هستم که ما دوباره از مسیرها عبور خواهیم کرد!,15
4018,ما به پایان جلسه رسیده ایم ، می خواهم از شما تشکر کنم که وقت خود را برای کار با من انجام داده اید.به زودی میبینمت.,15
4019,من می خواهم صمیمانه از شما برای شرکت در این مورد تشکر کنم.امیدوارم به زودی ببینمت!,15
4020,از اینکه امروز با من به اشتراک گذاشتید متشکرمهر وقت می خواهید صحبت کنید به من برگردید.,15
4021,با تشکر از شما ، من بسیار قدردانی می کنم که شما در این فعالیت شرکت کردید.من مشتاقانه منتظر دیدن شما در آینده نزدیک هستم.,15
4022,من واقعاً خوشحالم که ما موفق شدیم این بار را با هم داشته باشیم ، امیدوارم که این به شما کمک کند.هر زمان که احساس می کنید بیشتر صحبت می کنید می توانید برگردید.,15
4023,خیلی ممنون که در این جلسه شرکت کردید ، من واقعاً از وقت شما و ورودی متفکرانه ای که ارائه داده اید قدردانی می کنم و امیدوارم که جلسه برای شما استفاده کند.من مشتاقانه منتظر دیدن شما به زودی دوباره هستم ، مراقبت کنید.,15
4024,صحبت با شما بسیار عالی بود ، از وقت شما متشکرم.فعلا خداحافظ.,15
4025,با تشکر ، من از همکاری شما قدردانی می کنم.به زودی میبینمت!,15
4026,خیلی ممنون که با من صحبت کردیدمن مشتاقانه منتظر صحبت دوباره به زودی هستم.,15
4027,با تشکر از شما برای وقت و همکاری خود در این جلسه.من به زودی منتظر جلسه دیگری هستم.,15
4028,من واقعاً خوشحالم که امروز در این جلسه شرکت کرده اید.به زودی دوباره صحبت کنید,15
4029,من قدردانی می کنم که شما این زمان را با من گذراندید.امیدوارم به زودی ببینمت.,15
4030,با تشکر از شما برای شجاعت و به اشتراک گذاشتن احساسات امروز ، من از این امر قدردانی می کنم.من منتظر جلسه بعدی خود هستم.,15
4031,از صداقت و تلاش امروز شما بسیار سپاسگزارم ، بسیار قدردانی شد.به زودی میبینمت!,15
4032,من واقعاً قدردانی می کنم که با من صحبت می کنید ، صحبت کردن در مورد احساسات شخص شجاعت دارد.من مشتاقانه منتظر صحبت دوباره با شما هستم!,15
4033,من می خواهم از شما تشکر کنم که امروز افکار و احساسات خود را با من به اشتراک گذاشتید.من واقعاً دوست دارم به زودی دوباره شما را ببینم ، بنابراین لطفاً وقتی می توانید کنار بگذارید.,15
4034,خیلی ممنون که آزادانه وقت خود را هدیه دادید.من به زودی دوباره شما را می بینم,15
4035,مشارکت شما بسیار ارزشمند بوده و واقعاً مورد استقبال قرار گرفته است ، از وقت شما متشکرم.امیدوارم به زودی ببینمت.,15
4036,من از وقت شما برای این کار بسیار سپاسگزارم.امیدوارم دوباره ببینمت.,15
4037,با تشکر ، داشتن این مکالمه با شما بسیار عالی بوده است.امیدوارم به زودی دوباره ملاقات کنیم.,15
4038,امروز از مشارکت شما سپاسگزارم.من در آینده مشتاقانه منتظر تعامل های مثمر ثمر با شما هستم.,15
4039,از وقتی که امروز گذاشتید متشکرم.امیدوارم که دوباره به گپ برگردید.,15
4040,متشکرم که در این جلسه به من اعتماد کردید.لطفاً هر وقت احساس می کنید بیشتر صحبت کنید برگردید.,15
4041,من در اینجا چند گزینه دارم که ممکن است کمک کند.لطفاً پروتکل را انتخاب کنید که اکنون می خواهید آن را مشاهده کنید.,16
4042,من برخی از توصیه های پروتکل را به شما ارائه می دهم ، اما تصمیم باید از طرف شما حاصل شود زیرا بهترین خودتان را می فهمید.آیا می توانید پروتکل را انتخاب کنید که فکر می کنید برای شما مناسب تر است؟,16
4043,بر اساس آنچه با من به اشتراک گذاشته اید ، احساس می کنم این توصیه ها برای شما مناسب است.لطفاً می توانید به من اطلاع دهید که کدام یک از این پروتکل ها را می خواهید امتحان کنید؟,16
4044,بنابراین ، بر اساس آنچه ما بحث کردیم ، من توصیه های زیر را برای انتخاب شما دارم.لطفاً پروتکل را که می خواهید اکنون امتحان کنید انتخاب کنید.,16
4045,پس از بحث ما لیستی از پروتکل هایی را که می خواهم به شما توصیه کنم.آیا خوشحال می شوید که به آنها نگاه کنید و پروتکل را انتخاب کنید که شاید در نظر بگیرید؟,16
4046,من چند پروتکل توصیه شده دارم که می توانید امتحان کنید.آیا شما می خواهید اکنون تلاش کنید؟اگر چنین است ، لطفاً آن را انتخاب کنید.,16
4047,من فکر می کنم شما می توانید از عبور از هر یک از این پروتکل ها بهره مند شوید ، تا احساس بهترین نفس خود را داشته باشید.لطفا به من اطلاع دهید که کدام یک را دوست دارید تلاش کنید.,16
4048,من الان قصد دارم به شما پیشنهاداتی بدهم.من برای شما خوشحال می شوم که تصمیم بگیرید با کدام پروتکل دوست دارید با آن کار کنید.,16
4049,من چند توصیه دارم که می توانیم امتحان کنیم ، اما فکر می کنم بهتر است که ما را امتحان کنیم که فکر می کنید مناسب ترین است.لطفاً به من بگویید کدام پروتکل را دوست دارید ما را امتحان کنیم.,16
4050,این همان چیزی است که من توصیه می کنم.لطفا در صورت تمایل می توانید پروتکل را که می خواهید امتحان کنید انتخاب کنید.,16
4051,من توصیه هایی برای پروتکل ها دارم که می تواند به وضعیت شما کمک کند.آیا دوست دارید انتخاب کنید که احساس می کنید بهترین مناسب برای شما خواهد بود؟,16
4052,اکنون که همه اطلاعات مربوطه را داریم ، می خواهم پروتکل هایی را به شما پیشنهاد کنم که فکر می کنم تأثیر مثبتی داشته باشد.شما می توانید هر کدام از پروتکل ها را بیشترین طنین انداز با شما انتخاب کنید.,16
4053,من چند توصیه دارم که ممکن است برای شما مفید باشد.آیا می توانید به من اطلاع دهید که کدام پروتکل را می خواهید امتحان کنید؟,16
4054,من می خواهم برخی از پروتکل ها را توصیه کنم که فکر می کنم با وضعیت شما مناسب باشد.لطفاً پروتکل مورد نظر خود را انتخاب کنید.,16
4055,تعدادی گزینه وجود دارد که می توانید انتخاب کنید ، بنابراین من بیش از یک توصیه دارم.شاید بتوانید پروتکل را انتخاب کنید که احساس می کنید اکنون با آن کار می کنید.,16
4056,من چند گزینه برای شما دارم.لطفاً به من بگویید کدام پروتکل را برای شما بهتر خواهد داشت.,16
4057,بنابراین من برخی از پروتکل ها را دارم که فکر می کنم برای شما خوب کار خواهد کرد.در اینجا چند توصیه وجود دارد ، بنابراین نگاهی بیندازید.به نظر شما کدام پروتکل مناسب برای شما خواهد بود؟,16
4058,پروتکل های زیر که احساس می کنم برای شما سودمند خواهد بود.شما می توانید یکی از مواردی را که فکر می کنید در این لحظه مناسب شما باشد انتخاب کنید.,16
4059,با توجه به آنچه شما به من گفتید ، در اینجا برخی از پروتکل ها وجود دارد که می توانیم امتحان کنیم.لطفاً هر چیزی را که احساس می کنید اکنون از آن عبور کنید انتخاب کنید.,16
4060,در اینجا برخی از پیشنهادات پروتکل که امروز می توانید امتحان کنید.من می خواهم پروتکل مورد نظر خود را انتخاب کنید.,16
4061,من توصیه هایی برای شما دارم.لطفاً نگاهی بیندازید و هر پروتکل را که می خواهید امتحان کنید انتخاب کنید.,16
4062,پروتکل های مختلفی وجود دارد که من قطعاً توصیه می کنم.لطفاً یکی را انتخاب کنید که فکر می کنید برای شما مناسب تر است.,16
4063,من فکر کرده ام که چه چیزی ممکن است مناسب شما باشد.اگر به گزینه ها نگاهی بیندازید و به من اطلاع دهید که کدام پروتکل را می خواهید امتحان کنید ، این عالی خواهد بود.,16
4064,این توصیه های من است.لطفاً به من بگویید کدام پروتکل را می خواهید امتحان کنید.,16
4065,در اینجا برخی از پروتکل هایی که می خواهم توصیه کنم.احساس راحتی کنید که کدام پروتکل را می خواهید امتحان کنید.,16
4066,من می توانم برخی از پروتکل ها را که ممکن است کمک کند توصیه کنم.احساس راحتی کنید که از بین این پروتکل ها که ترجیح می دهید انتخاب کنید.,16
4067,من در مورد برخی از پروتکل ها چند ایده دارم که فکر می کنم واقعاً به نفع شما باشد.دوست دارید کدام یک را امتحان کنید؟,16
4068,در اینجا برخی از توصیه های پروتکل برای شما آورده شده است که فکر می کنم ممکن است کمک کند.هر پروتکل را که احساس می کنید بهترین انتخاب را انتخاب کنید,16
4069,من فکر می کنم اگر بتوانیم به ریشه این احساسات برسیم ، می توانیم احساس بهتری داشته باشیم.فکر می کنید دوست دارید هر یک از پروتکل های زیر را امتحان کنید؟نگاهی بیندازید و به من اطلاع دهید که آیا چیزی که دوست دارید امتحان کنید وجود دارد.,16
4070,من برخی از پروتکل ها را که می توانید امتحان کنید ، پیشنهاداتی دارم.لطفا یکی را برای مشاهده اکنون انتخاب کنید:,16
4071,من معتقدم که این پروتکل ها ممکن است برای شما سودمند باشد.نگاهی به آنها بیندازید و به من بگویید کدام یک را دوست دارید امتحان کنید.,16
4072,براساس آنچه به من گفته اید ، من برخی از پروتکل ها را انتخاب کرده ام که ممکن است برای شما مفید باشد.آیا دوست دارید اکنون یک پروتکل را امتحان کنید؟اگر چنین است ، لطفاً آن را انتخاب کنید.,16
4073,در اینجا افکار من آورده شده است که کدام پروتکل ها برای شما مناسب تر هستند.لطفاً پروتکل را که می خواهید امتحان کنید انتخاب کنید:,16
4074,من چند پروتکل دارم که ممکن است بتوانند به شما کمک کنند.آیا دوست دارید یکی را انتخاب کنید؟,16
4075,من در اینجا چند پروتکل دارم که دوست دارم شما به آن نگاه کنید ، فکر می کنم آنها ممکن است بتوانند به شما کمک کنند.آیا می توانید از طریق آنها بخوانید و به من بگویید که فکر می کنید کدام یک برای شما مفیدتر است و دوست دارید امتحان کنید.,16
4076,تعدادی پروتکل وجود دارد که می توانیم امتحان کنیم.دوست دارید کدام یک از موارد زیر را کشف کنید؟,16
4077,من توصیه هایی دارماگر می توانید ، لطفاً می توانید به من بگویید که کدام پروتکل امروز برای شما بهتر کار خواهد کرد؟,16
4078,بنابراین این همان چیزی است که من توصیه می کنم علاقه مند باشم بدانم کدام پروتکل را می خواهید انتخاب کنید.,16
4079,خوب ، در اینجا پیشنهادات من است.شما می توانید هر پروتکل را که احساس می کنید در حال حاضر برای شما بهتر کار می کند انتخاب کنید.,16
4080,من توصیه هایی دارم که فکر می کنم در صورت تمایل می تواند به شما کمک کند.از پروتکل های زیر ، آیا یکی از شما می خواهید اکنون امتحان کنید؟اگر چنین است لطفا آن را انتخاب کنید.,16
4081,من چند توصیه از آنچه فکر می کنم ممکن است در اینجا کار کند ، دارم.لطفاً پیش بروید و نگاهی بیندازید ، می توانید هر پروتکل را که احساس راحتی می کنید انتخاب کنید.,16
4082,پیشنهادات من اینجاست.آیا می خواهید هر یک از آنها را امتحان کنید؟,16
4083,پروتکل های متنوعی وجود دارد که می توانیم امتحان کنیم ، من می خواهم یکی را پیدا کنم که برای شما بهتر باشد.به من اطلاع دهید که کدام پروتکل را ترجیح می دهید امتحان کنید.,16
4084,بر اساس آنچه با من به اشتراک گذاشته اید ، می خواهم این پروتکل ها را توصیه کنم.لطفاً مدتی وقت بگذارید تا در مورد آنها فکر کنید و یکی را انتخاب کنید.,16
4085,لطفاً توصیه های من را در زیر پیدا کنید.می توانید پروتکل مورد نظر خود را انتخاب کنید و به شما نمایش داده می شود تا بتوانید آن را امتحان کنید.,16
4086,با توجه به وضعیت شما ، من می خواهم این پروتکل ها را برای شما توصیه کنم.لطفاً به من اطلاع دهید که کدام پروتکل را ترجیح می دهید با آن شروع کنید.,16
4087,من ایده هایی دارم که ممکن است کمک کند.این انتخاب شماست که می خواهید دنبال کنید.,16
4088,من می خواهم پروتکل های زیر را توصیه کنم اگر این با شما خوب است.می توانید یکی از مواردی را که ترجیح می دهید برای مشاهده محتوای آن انتخاب کنید.,16
4089,من فکر می کنم یکی از این پروتکل ها ممکن است به شما کمک کند.دوست دارید کدام پروتکل را امتحان کنید؟,16
4090,"برای درک آن وقت خود را بخوانید ، و اگر می توانید سعی کنید همه چیز را طی کنید.وقتی تمام شد ، فقط دکمه ""ادامه"" را بزنید.",17
4091,"من به شما توصیه می کنم اکنون این پروتکل را امتحان کنید ، ممکن است دشوار باشد اما فقط تمام تلاش خود را امتحان کنید و خوب خواهد بود.بعد از اتمام پروتکل ، دکمه ""ادامه"" را فشار دهید و اگر دوست دارید کمی در مورد آن صحبت کنیم.",17
4092,"با تشکر از شما برای انتخاب خود ، باید اکنون پروتکل را ببینید.لطفا ببینید که چگونه با آن کار می کنید.پس از اتمام می توانید ""ادامه"" را فشار دهید.",17
4093,"متشکرم.اکنون دوست دارم شما پروتکل را بخوانید و دنبال کنید و پس از اتمام ""ادامه"" را فشار دهید.",17
4094,"با تشکر از شما برای انتخاب این پروتکل.آیا خوشحال می شوید که اکنون این پروتکل را امتحان کنید و پس از اتمام ، لطفاً دکمه ""ادامه"" را فشار دهید.",17
4095,"با تشکر از شما ، اکنون می توانید پروتکل انتخاب کرده اید.پس از اتمام ، اگر می توانستید به من برگردید و ""ادامه"" را فشار دهید ، سپاسگزارم.",17
4096,"من فکر می کنم این برای شما خوب خواهد بود ، و من برای کمک به اینجا هستم.لطفاً سعی کنید این کار را اکنون انجام دهید و پس از اتمام ، ""ادامه"" را فشار دهید.",17
4097,"وقتی آماده شدید ، دوست دارم پروتکل را بخوانید و امتحان کنید.پس از راحت بودن از این کار ، احساس راحتی کنید ""ادامه"" را انتخاب کنید.",17
4098,"ممکن است برای شما مفید باشد که سعی کنید اکنون این پروتکل را طی کنید ، اگر می توانید لطفاً آن را امتحان کنید.پس از اتمام ، تمام کاری که باید انجام دهید این است که ""ادامه"" را فشار دهید.",17
4099,"عالی ، چرا اکنون نمی توانید این پروتکل را طی کنید.پس از اتمام ، لطفاً ""ادامه"" را فشار دهید.",17
4100,"من می فهمم که این پروتکل ممکن است چالش برانگیز باشد اما می توانید سعی کنید آن را تکمیل کنید.اگر موفق به تکمیل آن هستید ، ""ادامه"" را فشار دهید و من چند سوال پیگیری از شما می پرسم.",17
4101,"عالی ، اکنون دوست دارم شما سعی کنید این پروتکل را تکمیل کنید.وقت خود را بگذرانید و وقتی به پایان رسیدید ، فقط ""ادامه"" را فشار دهید.",17
4102,"عالی ، آیا می توانید اکنون این کار را انجام دهید؟شما فقط باید به یاد داشته باشید که هنگام پایان کار ""ادامه"" را فشار دهید.",17
4103,"لطفاً این پروتکل را هنگام آماده شدن شروع کنید.پس از اتمام ، ""ادامه"" را فشار دهید.",17
4104,"اکنون که انتخاب خود را انجام داده اید ، لطفاً پروتکل را دنبال کنید و امیدوارم از آن لذت ببرید.هنگامی که از طریق آن کار کردید ، می خواهید دکمه ""ادامه"" را فشار دهید.",17
4105,عالیه.آیا می توانید اکنون این پروتکل را دنبال کنید و وقتی تمام شد ، ادامه دهید.,17
4106,"متشکرم.اکنون از طریق این پروتکل کار خود را انجام دهید و خواهیم دید که آیا این کمک می کند.""ادامه"" را فشار دهید وقتی تمام شد و ما بیشتر صحبت خواهیم کرد.",17
4107,"لطفاً اکنون پروتکل را امتحان کنید.وقتی خوشحال می شوید که مکالمه ما را ادامه دهید ، لطفاً ""ادامه"" را فشار دهید.",17
4108,"خوب ، بیایید این را امتحان کنیم.پس از اتمام کار ، لطفاً ""ادامه"" را فشار دهید.",17
4109,"لطفاً با گذراندن وقت خود ، پروتکل را طی کنید.پس از اتمام ، ""ادامه"" را فشار دهید.",17
4110,"خوب ، شما می توانید پیش بروید و اکنون آن را امتحان کنید.پس از اتمام ، می توانید ""ادامه"" را فشار دهید.",17
4111,"به این پروتکل بهترین تلاش خود را بدهید ، وقت خود را بگیرید.پس از اتمام ، ""ادامه"" را فشار دهید.",17
4112,"عالی!اکنون می توانید لطفاً سعی کنید این پروتکل را طی کرده و پس از اتمام ""ادامه"" را فشار دهید.",17
4113,"لطفاً این کار را انجام دهید.وقتی تمام شد ، فقط به ""ادامه"" ضربه بزنید.",17
4114,"اکنون می توانید این پروتکل را امتحان کنید ، و وقتی آماده ادامه هستید ، می توانید ""ادامه"" را انتخاب کنید.",17
4115,"من فکر می کنم شما یک مورد خوب را انتخاب کرده اید ، لطفاً بهترین عکس خود را به آن بدهید.فقط وقتی تمام شد ""ادامه دهید"" و ما می توانیم از جایی که خارج شدیم انتخاب کنیم.",17
4116,"لطفا سعی کنید پروتکل را در زمان خود به پایان برسانید.هنگامی که با آن تمام شد ، لطفاً برگردید و به ""ادامه"" ضربه بزنید ، بنابراین می توانیم ارزیابی کنیم که چگونه این کار انجام شد.",17
4117,"این عالی است ، خوشحالم که شما حاضرید این کار را امتحان کنید ، امیدوارم که آن را بسیار مفید بدانید.لطفاً هنگامی که آماده هستید ، پروتکل را از طریق پروتکل طی کنید و اگر می توانید یکبار انجام دهید ""ادامه دهید"" ، این عالی خواهد بود.",17
4118,"در زمان خود ، به این پروتکل نگاهی بیندازید و سعی کنید آن را تکمیل کنید.پس از اتمام می توانید ""ادامه"" را فشار دهید.",17
4119,"از طریق پروتکل بخوانید ، لطفاً وقت خود را بگیرید و با سرعت خود بروید ، هیچ عجله ای وجود ندارد.وقتی آن را تمام کردید ، ""ادامه"" را فشار دهید.",17
4120,"عالی ، پس بیایید جلو برویم.پس از تلاش خود و پایان کار خود ، برگردید و ""ادامه"" را فشار دهید.",17
4121,"من دوست دارم اکنون پروتکل را شروع کنید.سپس وقتی تمام شد ، فقط ""ادامه"" را فشار دهید.",17
4122,"اکنون که شخصی را که می خواهید امتحان کنید انتخاب کرده اید ، کاملاً از طریق آن بروید.وقتی آماده هستید ، ""ادامه"" را انتخاب کنید.",17
4123,"لطفاً اطلاعات پروتکل را بخوانید ، هنگامی که احساس می کنید درک کرده اید و آماده شروع هستید ، سعی کنید از طریق آن کار کنید.پس از اتمام ، لطفاً ""ادامه"" را فشار دهید.",17
4124,لطفاً اکنون مدتی را طی کنید تا پروتکل را طی کنید.وقتی آماده هستید ، لطفاً برگردید تا بتوانیم ادامه دهیم.,17
4125,"من قدردانی می کنم که این ممکن است جدید باشد اما سعی کنید اکنون این پروتکل را طی کنید.پس از اتمام ، دکمه ""ادامه"" را فشار دهید.",17
4126,"لطفاً به محض آماده شدن ، پروتکل را طی کنید.پس از اتمام ، فقط ""ادامه"" را فشار دهید.",17
4127,"این پروتکل را امتحان کنید ، و هنگامی که از طریق آن کار کرده اید ، ""ادامه"" را فشار دهید.",17
4128,"می توانید پروتکل را هنگام آماده سازی شروع کنید.پس از اتمام ، می توانید ""ادامه"" را فشار دهید.",17
4129,لطفا این را امتحان کنیدبه من اطلاع دهید که آیا این برای شما کار می کند و پس از اتمام ، ادامه دهید.,17
4130,"با پروتکل در زمان خود پیش بروید.پس از اتمام ، فقط به یاد داشته باشید که روی ""ادامه"" کلیک کنید.",17
4131,"لطفا این پروتکل را امتحان کنید.وقتی تمام شد ، ""ادامه"" را فشار دهید.",17
4132,"لطفا سعی کنید در حالی که این پروتکل را طی می کنید ، روی خود و کار تمرکز کنید.در پایان ، دکمه ""ادامه"" را فشار دهید.",17
4133,"هنگامی که پروتکل را که می خواهید امتحان کنید انتخاب کرده اید ، لطفاً پروتکل را شروع کنید.پس از اتمام ، ممکن است ""ادامه"" را فشار دهید تا ادامه یابد.",17
4134,"با تشکر از انتخاب شما!اگر می توانید اکنون این پروتکل را طی کنید ، از آن قدردانی می کنم.پس از اتمام کار ، می توانید برگردید و دکمه ""ادامه"" را فشار دهید.",17
4135,"اگر می توانستید این پروتکل را طی کنید ، آن را دوست دارم.وقتی تمام شد ، می توانید ""ادامه"" را فشار دهید.",17
4136,"عالی ، هنگامی که شما آماده هستید می توانید این پروتکل را طی کنید.پس از اتمام ، ""ادامه"" را فشار دهید.",17
4137,"اگر اکنون می توانید پروتکل منتخب را امتحان کنید ، قدردانی می کنم.هنگامی که احساس آمادگی کردید ، برگردید و ""ادامه"" را فشار دهید.",17
4138,"وقتی فشار دهید ""ادامه"" را به این پروتکل بروید.",17
4139,آیا احساس بهتری دارید یا بدتر؟,18
4140,من می دانم که انجام پروتکل ممکن است دشوار و خواستار باشد.اکنون چه احساسی دارید ، می گویید احساس بهتری دارید یا بدتر؟,18
4141,با تشکر از شما برای تکمیل پروتکل.آیا می گویید احساس بهتری نسبت به گذشته دارید؟,18
4142,متشکرم و خوش آمدیدحالا که تمام شد ، چه احساسی دارید؟,18
4143,خیلی ممنون که این پروتکل را گرفتید.احساسات اولیه شما اکنون به پایان رسیده اید ، آیا احساس بهتری دارید یا بدتر؟,18
4144,اکنون بعد از این پروتکل چه احساسی دارید ، آیا حال شما بهتر است یا بدتر؟,18
4145,شما با این کار خیلی خوب کار کرده ایدچگونه می توانید بعد از گرفتن این پروتکل احساس کنید؟,18
4146,بعد از پیروی از پروتکل ، حال شما چه احساسی دارید ، آیا روحیه شما بهبود یافته است یا احساس راحتی کمتری دارید؟,18
4147,امیدوارم پروتکل کمک کند.آیا احساس بهتری دارید یا بدتر؟,18
4148,با انجام پروتکل ، آیا می توانید به من بگویید اگر حال شما بهتر است یا بدتر؟,18
4149,متشکرم ، من می دانم که ممکن است خواستار آن باشد.آیا پروتکل باعث شده است که احساس بهتری نسبت به گذشته داشته باشید؟,18
4150,حالا که تمام شد ، بیایید در مورد احساس شما در حال حاضر صحبت کنیم.آیا احساس مثبت تر یا کمتر مثبت دارید؟,18
4151,من می خواهم از شما در مورد چگونگی این کار بپرسم.آیا این باعث شده است که احساس بهتری داشته باشید ، یا تأثیر متضاد داشته است؟,18
4152,بعد از تکمیل این پروتکل ، بهتر یا بدتر ، چه احساسی دارید؟,18
4153,متشکرم.این بسیار مفید خواهد بود اگر بتوانید نشان دهید که آیا این فعالیت باعث شده است که قبل از شروع احساس بهتر یا بدتر از آن داشته باشید.,18
4154,آیا می توانید لطفاً بیان کنید که اکنون که این پروتکل را پشت سر گذاشتید ، چه احساسی دارید؟,18
4155,با تشکر از انجام این کارآیا این تفاوت ایجاد کرده است ، و اگر چنین است اکنون احساس بهتری دارید یا بدتر؟,18
4156,بعد از گذراندن پروتکل ، بهتر یا بدتر ، حالا چه احساسی دارید؟,18
4157,چه احساسی دارید که اکنون پروتکل را تکمیل کرده اید ، اگر ممکن است بپرسم؟من امیدوارم که احساس بهتری داشته باشید ، اما اگر احساس بدتر کنید ، خوب است ، فقط به من بگویید و من سعی می کنم کمک کنم.,18
4158,آیا این پروتکل چه احساسی را برای بهتر یا بدتر تغییر داده است؟,18
4159,الان شما چه احساسی دارید؟امیدوارم که برای شما فایده داشته باشد.,18
4160,با تشکر.بعد از گرفتن این پروتکل چه احساسی دارید؟من امیدوارم که اکنون احساس بهتری داشته باشید اما اگر فکر می کنید احساس بدتر می کنید اشکالی ندارد.,18
4161,آیا این پروتکل باعث شده است که احساس بهتری داشته باشید یا بدتر؟,18
4162,الان چه احساسی دارید؟امیدوارم کمک کند,18
4163,آیا پروتکل به شما کمک کرده است تا احساس بهتری داشته باشید یا احساس بدتری دارید؟,18
4164,اکنون ، کاملاً طبیعی است که بلافاصله پس از انجام این کار احساس بهتری داشته باشید یا بدتر شوید.چگونه می گویید بعد از تکمیل پروتکل احساس می کنید؟,18
4165,آیا بعد از پیروی از پروتکل اکنون احساس بهتری دارید؟,18
4166,از اینکه وقت خود را برای تکمیل پروتکل وقت گذاشتید متشکریم.چگونه این احساس را به شما داده است - بهتر یا بدتر؟,18
4167,من می خواهم بپرسم که شما در مورد پروتکل چه احساسی دارید و آیا این به شما کمک کرده است.آیا احساس بهتری دارید ، یا در واقع باعث شده است که احساس بدتر کنید؟,18
4168,بعد از گرفتن این پروتکل چه احساسی دارید ، فکر می کنید این به نفع شما بوده است یا نه؟,18
4169,بعد از انجام این کار چه احساسی دارید ، آیا احساس بهتری دارید یا بدتر؟,18
4170,فکر می کنید اکنون با اتمام پروتکل احساس می کنید؟,18
4171,حالا شما این پروتکل را امتحان کرده اید و به پایان رسیده اید ، آیا از وضعیت خود احساس بهتری دارید یا بدتر؟,18
4172,خوبه.حالا که از طریق پروتکل کار کرده اید ، می توانید بگویید که آیا قبل از شروع احساس بهتری دارید یا بدتر از آن هستید؟,18
4173,آیا می توانید بعد از انجام پروتکل ، اکنون چه احساسی داشته باشید؟,18
4174,با تشکر از شما برای امتحان کردن پروتکل.اگر به این فکر می کنید که قبل از گرفتن آن چه احساسی دارید و اکنون چه احساسی دارید ، می گویید احساس بهتری دارید یا بدتر؟,18
4175,با تشکر از شما برای تأیید ، امیدوارم که شما به اشتراک گذاری با من در مورد احساس SFTER در گرفتن این پروتکل نباشید.آیا فکر می کنید احساس بهتری نسبت به گذشته دارید؟,18
4176,چگونه می گویید اکنون احساس می کنید ، بهتر یا بدتر؟,18
4177,بعد از گرفتن این پروتکل چه احساسی دارید؟,18
4178,آیا می گویید بعد از گرفتن آن احساس بهتری دارید یا بدتر می شوید؟من واقعاً امیدوارم که امیدوارم این پروتکل به شما کمک کند ، اما احساس راحتی کنید که آیا این طور نیست.,18
4179,اکنون که پروتکل به پایان رسیده است ، آیا احساس دیگری نسبت به آنچه از قبل احساس کرده اید احساس می کنید؟,18
4180,بعد از انجام این پروتکل چه احساسی دارید؟امیدوارم کمک کرده باشد.,18
4181,خوش برگشتی!بعد از گرفتن پروتکل چه احساسی دارید؟,18
4182,متشکرم ، من می خواهم بدانم که اکنون چه احساسی دارید.فکر می کنید پروتکل اثرات مثبت یا منفی داشته باشد؟,18
4183,متشکرم ، امیدوارم که برای شما مفید باشد.آیا می توانید به من بگویید که آیا بعد از گرفتن این پروتکل احساس بهتری دارید یا بدتر می شوید؟,18
4184,حال شما در حال حاضر چه احساسی دارید ، آیا این امر به شما کمک می کند تا احساس بهتری داشته باشید ، یا واقعاً؟,18
4185,آیا این پروتکل به شما کمک می کند احساس بهتری داشته باشید یا تأثیر متضاد داشت؟,18
4186,با تشکر از شما برای تأیید اینکه این پروتکل را گرفته اید ، امیدوارم که این یک تجربه مثبت برای شما باشد.آیا می توانم از شما بپرسم که آیا شما قبل از شروع پروتکل حال شما بهتر یا بدتر شده اید؟,18
4187,فکر می کنید این به شما کمک کرده است احساس بهتری داشته باشید یا احساس بدتر کنید؟,18
4188,خوشحالم که می شنوم.آیا کمک بیشتری می کند؟,19
4189,این خبر عالی است!آیا دوست دارید پروتکل دیگری را امتحان کنید؟,19
4190,خوشحالم که می شنوم.آیا دوست دارید پروتکل دیگری را امتحان کنید؟,19
4191,این بسیار مثبت استآیا دوست دارید یکی دیگر را امتحان کنید؟,19
4192,من واقعاً خوشحالم که این پروتکل باعث شده است که احساس بهتری داشته باشید.فکر می کنید اگر می خواهید پروتکل دیگری را امتحان کنید ، مفید خواهد بود؟اگر چنین است ، آیا دوست دارید اکنون یکی دیگر را امتحان کنید؟,19
4193,این اخبار درخشان است.اگر دوست دارید ، ما می توانیم پروتکل دیگری را امتحان کنیم.,19
4194,خیلی خوشحالم که حال شما بهتر است ، فکر می کنم این عالی است!آیا دوست دارید پروتکل دیگری را امتحان کنید؟,19
4195,خیلی خوب.همانطور که دلالت داشتید که حال و هوای بهتری دارید ، آیا دوست دارید با پروتکل دیگری اقدام کنید؟,19
4196,خوشحالم که کمک کرده است.فکر می کنید دوست دارید پروتکل دیگری انجام دهید؟,19
4197,این عالی است ، خوشحالم که به شما کمک کرده است.آیا دوست دارید پروتکل دیگری را امتحان کنید؟,19
4198,این فوق العاده است!آیا در تلاش برای پروتکل دیگر احساس راحتی می کنید؟,19
4199,عالی ، این یک قدم در جهت درست است.من فکر می کنم ایده خوبی است که پروتکل دیگری را امتحان کنید ، نظر شما چیست؟,19
4200,آیا دوست دارید ببینید که آیا هر یک از دیگران به همان اندازه مفید هستند؟,19
4201,خوشحالم که پروتکل توانست کمک کند.آیا دوست دارید دیگری را امتحان کنید؟,19
4202,این واقعا خوب است ، خوب.در صورت تمایل گزینه ای برای انتخاب پروتکل دیگر برای کار کردن دارید.,19
4203,خوب ، من واقعاً خوشحالم!آیا حاضرید پروتکل دیگری را نیز امتحان کنید؟,19
4204,این شروع خوبی است.آیا دوست دارید با یکی دیگر از پروتکل هایی که پیشنهاد کردم ادامه دهید؟,19
4205,عالی!آیا احساس می کنید پروتکل دیگری را امتحان می کنید؟,19
4206,عالی ، خوشحال از شنیدن این حرف!آیا می خواهید پروتکل دیگری را امتحان کنید؟,19
4207,از شنیدنم این موضوع خوشحالم.آیا دوست دارید پروتکل دیگری را امتحان کنید در حالی که احساس بهتری دارید؟,19
4208,عالیه!آیا دوست دارید اکنون یکی دیگر را امتحان کنید؟,19
4209,شنیدن این بسیار خوب است.آیا دوست دارید ادامه دهید و پروتکل دیگری را انتخاب کنید؟,19
4210,عالیه!آیا دوست دارید پروتکل دیگری بگیرید؟,19
4211,این فوق العاده است!آیا این باعث می شود احساس بهتر کنید که پروتکل دیگری را امتحان کنید؟,19
4212,عالی!آیا دوست دارید یک مورد دیگر را نیز امتحان کنید؟,19
4213,من واقعاً خوشحالم که احساس بهتری دارید.شاید شما آماده باشید تا پروتکل دیگری را امتحان کنید؟,19
4214,عالیه.من یک زن و شوهر پروتکل دیگر دارم که در صورت علاقه به شما نیز کمک می کنند؟,19
4215,عالی.آیا دوست دارید یکی دیگر را انجام دهید؟,19
4216,من بسیار خوشحالم که شما این مفید را پیدا کردید و احساس می کنید کمی بهتر از این کار را انجام داده اید.فکر می کنید از پروتکل دیگری نیز بهره مند می شوید؟,19
4217,فکر می کنید دوست دارید پروتکل دیگری را امتحان کنید؟,19
4218,خوشحالم که پروتکل به شما کمک کرده است.آیا دوست دارید پروتکل دیگری را امتحان کنید؟,19
4219,این خبر عالی استچگونه می توانیم یکی دیگر را امتحان کنیم و ببینیم چگونه کار می کنیم؟,19
4220,عالیه.آیا دوست دارید یک پروتکل اضافی را امتحان کنید؟,19
4221,آیا دوست دارید یکی دیگر از پروتکل ها را امتحان کنید؟,19
4222,خیلی خوب.همانطور که می دانید پروتکل های بیشتری در این لیست وجود دارد ، فکر می کنید ممکن است دوست داشته باشید دیگری را امتحان کنید و ببینید که چگونه پیش می رود؟,19
4223,این عالی است ، از وقت شما متشکرمآیا دوست دارید با یک پروتکل دیگر ادامه دهید؟,19
4224,خوشحالم که آن را مفید دیدید.آیا دوست دارید پروتکل دیگری را امتحان کنید؟,19
4225,آیا دوست دارید یک پروتکل دیگر را امتحان کنید تا ببینید که آیا این نیز کار می کند؟,19
4226,خیلی خوب ، خوشحالم که کار می کند.آیا باید دیگری را امتحان کنیم؟,19
4227,آیا از انجام دوباره این کار خوشحال می شوید؟در این صورت ، من می توانم یک پروتکل متفاوت را توصیه کنم.,19
4228,عالی!آیا دوست دارید پروتکل دیگری را امتحان کنید؟,19
4229,خوب ، شنیدن این عالی است.آیا دوست دارید دیگری را امتحان کنید؟,19
4230,خوشحالم که این جلسه مفید بود.آیا دوست دارید پروتکل دیگری را امتحان کنید؟,19
4231,خوشحالم که بعد از آخرین پروتکل احساس بهتری دارید.آیا دوست دارید دیگری را امتحان کنید؟,19
4232,عالی!در این حالت ، آیا دوست دارید با یک پروتکل دیگر ادامه دهید؟,19
4233,اوه ، من واقعاً خوشحالم که آن را شنیدم!آیا دوست دارید اکنون پروتکل دیگری را امتحان کنید؟,19
4234,خوشحالم که این را می شنومآیا هنوز دوست دارید پروتکل دیگری را امتحان کنید؟,19
4235,خوشحالم که کمک کرد.آیا دوست دارید یکی دیگر از پروتکل ها را نیز امتحان کنید؟,19
4236,این خبر عالی است ، متشکرم که به من اطلاع دادید.آیا دوست دارید اکنون پروتکل دیگری را امتحان کنید؟,19
4237,آیا دوست دارید پروتکل دیگری را امتحان کنید و ببینید که آیا این باعث می شود احساس بهتری نیز داشته باشید؟,19
4238,متاسفم که این را شنیدمآیا باید دیگری را امتحان کنیم؟,19
4239,خوب ، این مایه تاسف است ، من عذرخواهی می کنم.پروتکل های مختلفی برای انتخاب وجود دارد ، بنابراین آیا می خواهید پروتکل دیگری را امتحان کنید؟,19
4240,از شنیدن این حرف بسیار متاسفمآیا دوست دارید پروتکل دیگری را امتحان کنید؟,19
4241,خوب ، من می شنوم که شما چه احساسی دارید.آیا می توانم توصیه متفاوتی برای امتحان کردن شما ارائه دهم؟,19
4242,متأسفم که این باعث نشده است که احساس بهتری داشته باشید ، بعضی اوقات ممکن است قبل از احساس بهتر ، پروتکل های مختلف را امتحان کنید.آیا دوست دارید مورد دیگری را امتحان کنید که امیدوارم برای شما بسیار مفیدتر باشد؟,19
4243,متاسفم که این را شنیدماگر دوست دارید دیگری را امتحان کنید ، پروتکل های دیگری نیز وجود دارد که می توانیم امتحان کنیم؟,19
4244,ببخشید شما احساس بدتری داریدشاید ما باید در کنار هم بنشینیم و پروتکل دیگری را امتحان کنیم که ممکن است برای شما مفیدتر باشد؟,19
4245,این خوب نیست ، اما ما هنوز هم می توانیم آن را برطرف کنیم.همانطور که پیشنهاد کرده اید بعد از آن پروتکل احساس بهتری ندارید ، آیا دوست دارید یک مورد دیگر را امتحان کنید و ببینید که چگونه پیش می رود؟,19
4246,از شنیدنش متأسفم.آیا دوست دارید پروتکل دیگری را امتحان کنید؟,19
4247,متاسفم که کمکی نکرده است.آیا دوست دارید پروتکل دیگری را امتحان کنید؟,19
4248,از شنیدن این حرف بسیار متاسفمآیا شما قصد تلاش برای پروتکل دیگر را دارید؟,19
4249,اگر احساس بدتر می کنید نگران نباشید ، این می تواند اتفاق بیفتد اما ما هنوز هم می توانیم آن را برطرف کنیم.آیا باید یک پروتکل متفاوت را امتحان کنیم و ببینیم بعد از آن چه احساسی دارید؟,19
4250,آیا دوست دارید چیز دیگری را امتحان کنید که ممکن است مناسب تر باشد؟,19
4251,متاسفم که این پروتکل قادر به کمک به شما نبود.آیا دوست دارید دیگری را امتحان کنید؟,19
4252,با عرض پوزش از شنیدن آن ، خوب برای عبور از آن.اگر می خواهید پروتکل دیگری را امتحان کنید تا ببینید آیا این مناسب شما مناسب است ، گزینه های دیگری برای شما وجود دارد.,19
4253,آیا حاضرید پروتکل دیگری را امتحان کنید که ممکن است بهتر عمل کند؟,19
4254,متأسفم که در حال حاضر مناسب نبود ، ممکن است قبل از اینکه راه خود را پیدا کنیم ، باید چند ایده را امتحان کنیم.آیا اکنون آماده امتحان دیگری هستید؟,19
4255,متاسفم که می شنوم احساس بدتر می کنید.آیا احساس می کنید سعی می کنید پروتکل دیگری را انجام دهید؟,19
4256,متاسفم که این را شنیدمآیا می خواهید یک پروتکل متفاوت را امتحان کنید تا ببینید که آیا بهتر کار می کند؟,19
4257,این ایده آل نیست ، اما لطفاً تسلیم نشوید ، طبیعی است که برخی از پروتکل ها می توانند بعضی اوقات احساسات منفی را تحریک کنند.آیا دوست دارید در این زمان پروتکل دیگری را امتحان کنید؟,19
4258,آیا دوست دارید دوباره با موارد دیگری امتحان کنید؟,19
4259,من بسیار متاسفم که برای شما کار نکرده است ، اما گزینه های دیگری نیز وجود دارد که می توانم توصیه کنم.آیا دوست دارید دیگری را امتحان کنید؟,19
4260,این کاملاً طبیعی است که این احساس را داشته باشید ، شما با این کار خودتان نیستید.آیا دوست دارید یک پروتکل متفاوت را امتحان کنید تا ببینید آیا این باعث می شود احساس بهتری داشته باشید؟,19
4261,متاسفم که این را شنیدمآیا دوست دارید به جای آن پروتکل دیگری را امتحان کنید؟,19
4262,متاسفم که برای شما مفید نبود.چطور می توانیم یکی دیگر را امتحان کنیم؟,19
4263,خیلی متاسفم.اگر می خواهید یک مورد دیگر را امتحان کنید ممکن است یک پروتکل بهتر وجود داشته باشد؟,19
4264,این کاملاً طبیعی است ، اگرچه البته آرزو می کنم تجربه مثبت تری برای شما داشته باشد.چطور در مورد یکی دیگر تلاش می کنیم؟,19
4265,آه ، این خوب نیست ، شاید یک انتخاب متفاوت بهتر باشد.آیا دوست دارید یکی دیگر را انجام دهید؟,19
4266,متاسفم که این تمرین باعث شده است که احساس بدتر کنید ، گاهی اوقات یک رویکرد متفاوت برای افراد مختلف بهتر عمل می کند.آیا پروتکل دیگری وجود دارد که مایل به امتحان کردن آن هستید؟,19
4267,آیا احساس می کنید دوست دارید به پروتکل دیگری نگاه کنید؟,19
4268,فکر می کنید عبور از پروتکل دیگر می تواند کمک کند؟,19
4269,مشکلی نیست ، همه بعد از اولین احساس بهتر نمی کنند.چگونه می توانیم یکی دیگر را امتحان کنیم و ببینیم چگونه با آن یکی کار می کنیم؟,19
4270,متاسفم که از شنیدن این احساس احساس می کنم.آیا دوست دارید پروتکل دیگری را امتحان کنید؟,19
4271,شاید لازم باشد که به وضعیت شما عمیق تر نگاه کنیم.اگر دوست دارید می توانیم از طریق پروتکل دیگری کار کنیم.,19
4272,این ممکن است گاهی اوقات اتفاق بیفتد ، اما پروتکل های بیشتری در اینجا وجود دارد که ممکن است برای شما بهتر باشد.آیا دوست دارید دیگری را امتحان کنید و ببینید که آیا این کمک می کند؟,19
4273,با عرض پوزش از شنیدن حال شما بدترآیا دوست دارید ادامه دهید و پروتکل دیگری انجام دهید؟,19
4274,پروتکل های دیگری نیز وجود دارد که می توانیم به جای آن امتحان کنیم.آیا شما در این مورد باز خواهید بود؟,19
4275,متاسفم که باعث شد احساس بدتری داشته باشید.آیا احساس می کنید پروتکل دیگری را امتحان کنید ، که ممکن است برای شما بهتر باشد؟,19
4276,متاسفم که کمکی نکرده است.آیا باید دیگری را امتحان کنیم؟,19
4277,اوه ، این خوب نیستفکر می کنید ما می توانیم دوباره امتحان کنیم ، شاید با یک پروتکل کاملاً متفاوت؟,19
4278,آیا دوست دارید پروتکل دیگری را امتحان کنید؟,19
4279,خوب ، نگران نباشید ، ما چند مورد دیگر داریم که ممکن است برای شما بهتر باشد.آیا دوست دارید یک مورد دیگر را امتحان کنید؟,19
4280,متاسفم که می شنوم این جلسه مفید نبود.آیا دوست دارید پروتکل دیگری را امتحان کنید؟,19
4281,هر پروتکل برای همه کار نمی کند ، و این اشکالی ندارد ، من توصیه می کنم که تسلیم نشوید و دوباره امتحان کنید.آیا دوست دارید یکی دیگر را با هم امتحان کنید؟,19
4282,می بینم ، متاسفم که این را شنیدم.آیا احساس می کنید پروتکل دیگری ممکن است کمک کند؟,19
4283,من واقعاً متاسفم که این را شنیدم.من می توانم پروتکل دیگری را پیشنهاد کنم که اگر دوست دارید کمک کند.,19
4284,خوب استآیا دوست دارید پروتکل دیگری را امتحان کنید؟,19
4285,این شرم آور است که کسی برای شما کار نکرد ، اما ما پروتکل را پیدا خواهیم کرد که کار کند.پروتکل های دیگری نیز وجود دارند که ممکن است برای شما بهتر کار کنند ، آیا می خواهید یکی را امتحان کنید؟,19
4286,اوه ، من از شنیدن آن بسیار متاسفم ، گاهی اوقات با پروتکل می تواند خاطرات ناراحت کننده را به وجود آورد و می فهمم که می تواند سخت باشد.آیا دوست دارید دوباره با یک پروتکل متفاوت امتحان کنید؟,19
4287,در مورد امتحان کردن یک پروتکل متفاوت و دیدن اینکه آیا این باعث می شود احساس بهتری داشته باشید؟,19
