species,model,dataset,threshold,scaling_factor,season_start,season_end,mean_in_season,mean_out_season,ratio_mean,kendall_corr
Alnus,2025-Beta-1,Basel,0,"4,3974",02.02.2024,08.03.2024,"33,6151","1,327","0,0395","0,7018"
Alnus,2025-Beta-1,Basel,"0,2","4,3974",02.02.2024,08.03.2024,"33,6151","1,327","0,0395","0,7018"
Alnus,2025-Beta-1,Basel,"0,4","4,4039",02.02.2024,08.03.2024,"33,5596","1,2931","0,0385","0,703"
Alnus,2025-Beta-1,Basel,"0,6","4,5461",02.02.2024,08.03.2024,"32,4795","1,0885","0,0335","0,7078"
Alnus,2025-Beta-1,Basel,"0,75","4,7722",02.02.2024,08.03.2024,"30,9239","0,8946","0,0289","0,7166"
Alnus,2025-Beta-1,Basel,"0,8","4,8801",02.02.2024,08.03.2024,"30,2317","0,8218","0,0272","0,7179"
Alnus,2025-Beta-1,Basel,"0,85","5,0114",02.02.2024,08.03.2024,"29,4202","0,7434","0,0253","0,716"
Alnus,2025-Beta-1,Basel,"0,9","5,2004",02.02.2024,08.03.2024,"28,3254","0,6474","0,0229","0,7223"
Alnus,2025-Beta-1,Basel,"0,91","5,2471",02.02.2024,08.03.2024,"28,0635","0,6278","0,0224","0,7208"
Alnus,2025-Beta-1,Basel,"0,92","5,3043",02.02.2024,08.03.2024,"27,758","0,6085","0,0219","0,721"
Alnus,2025-Beta-1,Basel,"0,93","5,3616",02.02.2024,08.03.2024,"27,4547","0,5855","0,0213","0,7249"
Alnus,2025-Beta-1,Basel,"0,94","5,4397",02.02.2024,08.03.2024,"27,0664","0,5651","0,0209","0,7251"
Alnus,2025-Beta-1,Basel,"0,95","5,5347",02.02.2024,08.03.2024,"26,6128","0,5372","0,0202","0,7272"
Alnus,2025-Beta-1,Basel,"0,96","5,6479",02.02.2024,08.03.2024,"26,0721","0,5017","0,0192","0,7277"
Alnus,2025-Beta-1,Basel,"0,97","5,8108",02.02.2024,08.03.2024,"25,3624","0,4643","0,0183","0,7302"
Alnus,2025-Beta-1,Basel,"0,98","6,0446",02.02.2024,08.03.2024,"24,3891","0,4152","0,017","0,7278"
Alnus,2025-Beta-1,Basel,"0,99","6,4916",02.02.2024,08.03.2024,"22,6896","0,3413","0,015","0,7318"
Alnus,2025-Beta-1,Basel,"0,999","8,6284",02.02.2024,08.03.2024,"17,0918","0,189","0,0111","0,7421"
Alnus,2025-Beta-1,Basel,"0,9999","12,5848",02.02.2024,08.03.2024,"11,7745","0,1107","0,0094","0,731"
Alnus,2025-Beta-1,Basel,1,"20,7239",02.02.2024,08.03.2024,"7,1641","0,0636","0,0089","0,7577"
Alnus,2025-Beta-1,Basel,1,"40,6074",02.02.2024,08.03.2024,"3,6581","0,0333","0,0091","0,7652"
Alnus,2025-Beta-1,Basel,1,"79,4109",02.02.2024,08.03.2024,"1,8851","0,0168","0,0089","0,7454"
Betula,2025-Beta-1,Basel,0,"1,5862",20.03.2024,18.04.2024,"45,2812","4,1894","0,0925","0,5309"
Betula,2025-Beta-1,Basel,"0,2","1,5862",20.03.2024,18.04.2024,"45,2812","4,1894","0,0925","0,5309"
Betula,2025-Beta-1,Basel,"0,4","1,5976",20.03.2024,18.04.2024,"44,9448","4,1105","0,0915","0,5314"
Betula,2025-Beta-1,Basel,"0,6","1,6976",20.03.2024,18.04.2024,"42,1092","3,5502","0,0843","0,539"
Betula,2025-Beta-1,Basel,"0,75","1,8372",20.03.2024,18.04.2024,"38,6472","2,9799","0,0771","0,549"
Betula,2025-Beta-1,Basel,"0,8","1,8987",20.03.2024,18.04.2024,"37,2791","2,7769","0,0745","0,5481"
Betula,2025-Beta-1,Basel,"0,85","1,981",20.03.2024,18.04.2024,"35,6007","2,5455","0,0715","0,5495"
Betula,2025-Beta-1,Basel,"0,9","2,096",20.03.2024,18.04.2024,"33,4891","2,2603","0,0675","0,5549"
Betula,2025-Beta-1,Basel,"0,91","2,1271",20.03.2024,18.04.2024,"32,9777","2,1911","0,0664","0,5566"
Betula,2025-Beta-1,Basel,"0,92","2,1619",20.03.2024,18.04.2024,"32,4022","2,116","0,0653","0,5581"
Betula,2025-Beta-1,Basel,"0,93","2,2016",20.03.2024,18.04.2024,"31,7621","2,036","0,0641","0,5609"
Betula,2025-Beta-1,Basel,"0,94","2,2458",20.03.2024,18.04.2024,"31,0521","1,9505","0,0628","0,5629"
Betula,2025-Beta-1,Basel,"0,95","2,3032",20.03.2024,18.04.2024,"30,2134","1,8491","0,0612","0,565"
Betula,2025-Beta-1,Basel,"0,96","2,37",20.03.2024,18.04.2024,"29,2772","1,7372","0,0593","0,5674"
Betula,2025-Beta-1,Basel,"0,97","2,4676",20.03.2024,18.04.2024,"28,0391","1,6071","0,0573","0,5696"
Betula,2025-Beta-1,Basel,"0,98","2,6166",20.03.2024,18.04.2024,"26,3167","1,4269","0,0542","0,5721"
Betula,2025-Beta-1,Basel,"0,99","2,9012",20.03.2024,18.04.2024,"23,607","1,159","0,0491","0,5774"
Betula,2025-Beta-1,Basel,"0,999","4,2306",20.03.2024,18.04.2024,"15,8389","0,5805","0,0367","0,5976"
Betula,2025-Beta-1,Basel,"0,9999","6,7771",20.03.2024,18.04.2024,"9,7409","0,2703","0,0277","0,6037"
Betula,2025-Beta-1,Basel,1,"12,5006",20.03.2024,18.04.2024,"5,2899","0,1159","0,0219","0,6284"
Betula,2025-Beta-1,Basel,1,"27,1988",20.03.2024,18.04.2024,"2,4607","0,0469","0,0191","0,6135"
Betula,2025-Beta-1,Basel,1,"52,7898",20.03.2024,18.04.2024,"1,2667","0,0239","0,0189","0,6342"
Corylus,2025-Beta-1,Basel,0,"4,505",26.01.2024,19.02.2024,"9,446","2,2205","0,2351","0,4929"
Corylus,2025-Beta-1,Basel,"0,2","4,505",26.01.2024,19.02.2024,"9,446","2,2205","0,2351","0,4929"
Corylus,2025-Beta-1,Basel,"0,4","4,5314",26.01.2024,19.02.2024,"9,4048","2,1857","0,2324","0,4937"
Corylus,2025-Beta-1,Basel,"0,6","4,9995",26.01.2024,19.02.2024,"8,6629","1,8517","0,2137","0,5152"
Corylus,2025-Beta-1,Basel,"0,75","5,6868",26.01.2024,19.02.2024,"7,754","1,5069","0,1943","0,5318"
Corylus,2025-Beta-1,Basel,"0,8","5,9766",26.01.2024,19.02.2024,"7,4244","1,3811","0,186","0,5392"
Corylus,2025-Beta-1,Basel,"0,85","6,3531",26.01.2024,19.02.2024,"7,032","1,2413","0,1765","0,5472"
Corylus,2025-Beta-1,Basel,"0,9","6,8878",26.01.2024,19.02.2024,"6,5406","1,075","0,1644","0,5544"
Corylus,2025-Beta-1,Basel,"0,91","7,0326",26.01.2024,19.02.2024,"6,4114","1,0367","0,1617","0,5572"
Corylus,2025-Beta-1,Basel,"0,92","7,1888",26.01.2024,19.02.2024,"6,2725","0,9891","0,1577","0,5578"
Corylus,2025-Beta-1,Basel,"0,93","7,3609",26.01.2024,19.02.2024,"6,1309","0,9447","0,1541","0,5606"
Corylus,2025-Beta-1,Basel,"0,94","7,5915",26.01.2024,19.02.2024,"5,9579","0,8964","0,1505","0,5654"
Corylus,2025-Beta-1,Basel,"0,95","7,8389",26.01.2024,19.02.2024,"5,7663","0,8362","0,145","0,5671"
Corylus,2025-Beta-1,Basel,"0,96","8,1852",26.01.2024,19.02.2024,"5,535","0,7768","0,1403","0,5742"
Corylus,2025-Beta-1,Basel,"0,97","8,6162",26.01.2024,19.02.2024,"5,2655","0,7021","0,1333","0,5812"
Corylus,2025-Beta-1,Basel,"0,98","9,2961",26.01.2024,19.02.2024,"4,8839","0,5981","0,1225","0,5966"
Corylus,2025-Beta-1,Basel,"0,99","10,692",26.01.2024,19.02.2024,"4,2771","0,4741","0,1109","0,6065"
Corylus,2025-Beta-1,Basel,"0,999","17,7362",26.01.2024,19.02.2024,"2,6045","0,2266","0,087","0,6318"
Corylus,2025-Beta-1,Basel,"0,9999","31,3689",26.01.2024,19.02.2024,"1,4601","0,1051","0,072","0,6668"
Corylus,2025-Beta-1,Basel,1,"63,2118",26.01.2024,19.02.2024,"0,7125","0,0442","0,0621","0,6899"
Corylus,2025-Beta-1,Basel,1,"142,2586",26.01.2024,19.02.2024,"0,3028","0,0187","0,0618","0,6784"
Corylus,2025-Beta-1,Basel,1,"338,7303",26.01.2024,19.02.2024,"0,1229","0,0072","0,0587","0,666"
Cupressaceae,2025-Beta-1,Basel,0,"13,2759",11.02.2024,01.03.2024,"3,2153","3,8722","1,2043","0,3422"
Cupressaceae,2025-Beta-1,Basel,"0,2","13,2759",11.02.2024,01.03.2024,"3,2153","3,8722","1,2043","0,3422"
Cupressaceae,2025-Beta-1,Basel,"0,4","13,6596",11.02.2024,01.03.2024,"3,143","3,778","1,202","0,3431"
Cupressaceae,2025-Beta-1,Basel,"0,6","16,4794",11.02.2024,01.03.2024,"2,6397","3,2636","1,2364","0,3321"
Cupressaceae,2025-Beta-1,Basel,"0,75","20,7368",11.02.2024,01.03.2024,"2,1687","2,7797","1,2817","0,3248"
Cupressaceae,2025-Beta-1,Basel,"0,8","22,3134",11.02.2024,01.03.2024,"2,0281","2,6007","1,2823","0,3197"
Cupressaceae,2025-Beta-1,Basel,"0,85","24,7409",11.02.2024,01.03.2024,"1,8358","2,394","1,3041","0,312"
Cupressaceae,2025-Beta-1,Basel,"0,9","28,3785",11.02.2024,01.03.2024,"1,5959","2,1448","1,3439","0,3047"
Cupressaceae,2025-Beta-1,Basel,"0,91","29,0599",11.02.2024,01.03.2024,"1,5621","2,0826","1,3332","0,3083"
Cupressaceae,2025-Beta-1,Basel,"0,92","29,9913",11.02.2024,01.03.2024,"1,5108","2,0135","1,3327","0,3041"
Cupressaceae,2025-Beta-1,Basel,"0,93","30,7709",11.02.2024,01.03.2024,"1,457","1,942","1,3329","0,2934"
Cupressaceae,2025-Beta-1,Basel,"0,94","31,9546",11.02.2024,01.03.2024,"1,3997","1,867","1,3339","0,2915"
Cupressaceae,2025-Beta-1,Basel,"0,95","33,7298",11.02.2024,01.03.2024,"1,3248","1,7761","1,3407","0,2903"
Cupressaceae,2025-Beta-1,Basel,"0,96","36,2145",11.02.2024,01.03.2024,"1,2423","1,6714","1,3454","0,2915"
Cupressaceae,2025-Beta-1,Basel,"0,97","39,0645",11.02.2024,01.03.2024,"1,1428","1,5594","1,3646","0,2928"
Cupressaceae,2025-Beta-1,Basel,"0,98","42,8301",11.02.2024,01.03.2024,"1,0343","1,3924","1,3462","0,2841"
Cupressaceae,2025-Beta-1,Basel,"0,99","51,4318",11.02.2024,01.03.2024,"0,8704","1,1416","1,3116","0,2816"
Cupressaceae,2025-Beta-1,Basel,"0,999","99,7428",11.02.2024,01.03.2024,"0,4417","0,5637","1,2762","0,264"
Cupressaceae,2025-Beta-1,Basel,"0,9999","191,2122",11.02.2024,01.03.2024,"0,2269","0,2425","1,0689","0,2601"
Cupressaceae,2025-Beta-1,Basel,1,"398,1508",11.02.2024,01.03.2024,"0,1029","0,0862","0,8375","0,2522"
Cupressaceae,2025-Beta-1,Basel,1,"726,7258",11.02.2024,01.03.2024,"0,0391","0,023","0,5891","0,1535"
Cupressaceae,2025-Beta-1,Basel,1,1000,11.02.2024,01.03.2024,"0,013","0,0076","0,5831","0,1748"
Fagus,2025-Beta-1,Basel,0,"7,6525",06.04.2024,05.05.2024,"0,766","0,0327","0,0427","0,5663"
Fagus,2025-Beta-1,Basel,"0,2","7,6525",06.04.2024,05.05.2024,"0,766","0,0327","0,0427","0,5663"
Fagus,2025-Beta-1,Basel,"0,4","7,7006",06.04.2024,05.05.2024,"0,7589","0,0302","0,0398","0,562"
Fagus,2025-Beta-1,Basel,"0,6","8,1539",06.04.2024,05.05.2024,"0,7153","0,0241","0,0337","0,5804"
Fagus,2025-Beta-1,Basel,"0,75","8,5945",06.04.2024,05.05.2024,"0,6644","0,0163","0,0246","0,5931"
Fagus,2025-Beta-1,Basel,"0,8","8,7749",06.04.2024,05.05.2024,"0,6491","0,0153","0,0236","0,6005"
Fagus,2025-Beta-1,Basel,"0,85","9,0529",06.04.2024,05.05.2024,"0,63","0,0127","0,0201","0,6145"
Fagus,2025-Beta-1,Basel,"0,9","9,4368",06.04.2024,05.05.2024,"0,6034","0,011","0,0183","0,6339"
Fagus,2025-Beta-1,Basel,"0,91","9,4608",06.04.2024,05.05.2024,"0,5992","0,0108","0,0181","0,6347"
Fagus,2025-Beta-1,Basel,"0,92","9,5623",06.04.2024,05.05.2024,"0,5944","0,0102","0,0172","0,6433"
Fagus,2025-Beta-1,Basel,"0,93","9,6209",06.04.2024,05.05.2024,"0,5896","0,009","0,0152","0,6588"
Fagus,2025-Beta-1,Basel,"0,94","9,6967",06.04.2024,05.05.2024,"0,5841","0,0082","0,014","0,6662"
Fagus,2025-Beta-1,Basel,"0,95","9,8354",06.04.2024,05.05.2024,"0,5763","0,0078","0,0135","0,6659"
Fagus,2025-Beta-1,Basel,"0,96","9,8647",06.04.2024,05.05.2024,"0,5703","0,0072","0,0125","0,6659"
Fagus,2025-Beta-1,Basel,"0,97","10,2373",06.04.2024,05.05.2024,"0,5516","0,0065","0,0119","0,6666"
Fagus,2025-Beta-1,Basel,"0,98","10,465",06.04.2024,05.05.2024,"0,5388","0,0061","0,0114","0,6714"
Fagus,2025-Beta-1,Basel,"0,99","11,009",06.04.2024,05.05.2024,"0,5097","0,0047","0,0092","0,6813"
Fagus,2025-Beta-1,Basel,"0,999","12,7827",06.04.2024,05.05.2024,"0,4324","0,0027","0,0061","0,7335"
Fagus,2025-Beta-1,Basel,"0,9999","14,7927",06.04.2024,05.05.2024,"0,3649","0,001","0,0028","0,7886"
Fagus,2025-Beta-1,Basel,1,"18,806",06.04.2024,05.05.2024,"0,2808","0,0006","0,0022","0,8093"
Fagus,2025-Beta-1,Basel,1,"25,9214",06.04.2024,05.05.2024,"0,1994","0,0004","0,002","0,8166"
Fagus,2025-Beta-1,Basel,1,"37,2517",06.04.2024,05.05.2024,"0,1356","0,0002","0,0015","0,7644"
Fraxinus,2025-Beta-1,Basel,0,"0,6546",15.03.2024,11.04.2024,"67,7734","12,639","0,1865","0,5711"
Fraxinus,2025-Beta-1,Basel,"0,2","0,6546",15.03.2024,11.04.2024,"67,7727","12,639","0,1865","0,5711"
Fraxinus,2025-Beta-1,Basel,"0,4","0,6618",15.03.2024,11.04.2024,"67,2057","12,5078","0,1861","0,5731"
Fraxinus,2025-Beta-1,Basel,"0,6","0,7159",15.03.2024,11.04.2024,"63,0262","10,9665","0,174","0,5853"
Fraxinus,2025-Beta-1,Basel,"0,75","0,7872",15.03.2024,11.04.2024,"58,4169","9,3382","0,1599","0,5964"
Fraxinus,2025-Beta-1,Basel,"0,8","0,8204",15.03.2024,11.04.2024,"56,5325","8,75","0,1548","0,6021"
Fraxinus,2025-Beta-1,Basel,"0,85","0,8618",15.03.2024,11.04.2024,"54,3343","8,09","0,1489","0,609"
Fraxinus,2025-Beta-1,Basel,"0,9","0,9226",15.03.2024,11.04.2024,"51,4331","7,3215","0,1423","0,6163"
Fraxinus,2025-Beta-1,Basel,"0,91","0,9385",15.03.2024,11.04.2024,"50,7383","7,1371","0,1407","0,6178"
Fraxinus,2025-Beta-1,Basel,"0,92","0,9558",15.03.2024,11.04.2024,"50,0058","6,9457","0,1389","0,6216"
Fraxinus,2025-Beta-1,Basel,"0,93","0,9759",15.03.2024,11.04.2024,"49,1636","6,7339","0,137","0,6239"
Fraxinus,2025-Beta-1,Basel,"0,94","1,0001",15.03.2024,11.04.2024,"48,2115","6,4991","0,1348","0,6282"
Fraxinus,2025-Beta-1,Basel,"0,95","1,0309",15.03.2024,11.04.2024,"47,076","6,2447","0,1327","0,6332"
Fraxinus,2025-Beta-1,Basel,"0,96","1,0664",15.03.2024,11.04.2024,"45,7999","5,9474","0,1299","0,6406"
Fraxinus,2025-Beta-1,Basel,"0,97","1,116",15.03.2024,11.04.2024,"44,1637","5,5708","0,1261","0,6453"
Fraxinus,2025-Beta-1,Basel,"0,98","1,1856",15.03.2024,11.04.2024,"42,0282","5,106","0,1215","0,6522"
Fraxinus,2025-Beta-1,Basel,"0,99","1,3211",15.03.2024,11.04.2024,"38,4166","4,4159","0,1149","0,6626"
Fraxinus,2025-Beta-1,Basel,"0,999","1,8123",15.03.2024,11.04.2024,"28,9537","2,732","0,0944","0,6987"
Fraxinus,2025-Beta-1,Basel,"0,9999","2,3491",15.03.2024,11.04.2024,"22,3508","1,7067","0,0764","0,7198"
Fraxinus,2025-Beta-1,Basel,1,"3,0226",15.03.2024,11.04.2024,"17,2938","1,0885","0,0629","0,7288"
Fraxinus,2025-Beta-1,Basel,1,"4,065",15.03.2024,11.04.2024,"12,7815","0,7136","0,0558","0,7349"
Fraxinus,2025-Beta-1,Basel,1,"5,2884",15.03.2024,11.04.2024,"9,7663","0,4992","0,0511","0,73"
Pinaceae,2025-Beta-1,Basel,0,"3,1481",09.04.2024,18.04.2024,"7,1894","2,9722","0,4134","0,6088"
Pinaceae,2025-Beta-1,Basel,"0,2","3,1481",09.04.2024,18.04.2024,"7,1894","2,9722","0,4134","0,6088"
Pinaceae,2025-Beta-1,Basel,"0,4","3,1598",09.04.2024,18.04.2024,"7,1389","2,9334","0,4109","0,6142"
Pinaceae,2025-Beta-1,Basel,"0,6","3,2517",09.04.2024,18.04.2024,"6,8293","2,7588","0,404","0,6191"
Pinaceae,2025-Beta-1,Basel,"0,75","3,348",09.04.2024,18.04.2024,"6,5601","2,5927","0,3952","0,6245"
Pinaceae,2025-Beta-1,Basel,"0,8","3,3892",09.04.2024,18.04.2024,"6,4488","2,5242","0,3914","0,6286"
Pinaceae,2025-Beta-1,Basel,"0,85","3,4308",09.04.2024,18.04.2024,"6,3412","2,4548","0,3871","0,6336"
Pinaceae,2025-Beta-1,Basel,"0,9","3,4905",09.04.2024,18.04.2024,"6,2108","2,3685","0,3814","0,6377"
Pinaceae,2025-Beta-1,Basel,"0,91","3,5002",09.04.2024,18.04.2024,"6,183","2,3439","0,3791","0,638"
Pinaceae,2025-Beta-1,Basel,"0,92","3,5139",09.04.2024,18.04.2024,"6,1465","2,3185","0,3772","0,6379"
Pinaceae,2025-Beta-1,Basel,"0,93","3,5235",09.04.2024,18.04.2024,"6,1099","2,291","0,375","0,6391"
Pinaceae,2025-Beta-1,Basel,"0,94","3,5459",09.04.2024,18.04.2024,"6,0734","2,2605","0,3722","0,6401"
Pinaceae,2025-Beta-1,Basel,"0,95","3,5606",09.04.2024,18.04.2024,"6,0418","2,2266","0,3685","0,6416"
Pinaceae,2025-Beta-1,Basel,"0,96","3,5894",09.04.2024,18.04.2024,"5,9915","2,1854","0,3648","0,6414"
Pinaceae,2025-Beta-1,Basel,"0,97","3,6122",09.04.2024,18.04.2024,"5,9237","2,1346","0,3603","0,6443"
Pinaceae,2025-Beta-1,Basel,"0,98","3,6479",09.04.2024,18.04.2024,"5,8193","2,0667","0,3552","0,6433"
Pinaceae,2025-Beta-1,Basel,"0,99","3,7004",09.04.2024,18.04.2024,"5,6977","1,9395","0,3404","0,6436"
Pinaceae,2025-Beta-1,Basel,"0,999","3,9526",09.04.2024,18.04.2024,"5,3052","1,5892","0,2996","0,6513"
Pinaceae,2025-Beta-1,Basel,"0,9999","4,2556",09.04.2024,18.04.2024,"4,9423","1,3337","0,2698","0,6671"
Pinaceae,2025-Beta-1,Basel,1,"4,6934",09.04.2024,18.04.2024,"4,5359","1,1455","0,2525","0,685"
Pinaceae,2025-Beta-1,Basel,1,"5,174",09.04.2024,18.04.2024,"4,0844","0,962","0,2355","0,6905"
Pinaceae,2025-Beta-1,Basel,1,"5,5928",09.04.2024,18.04.2024,"3,7578","0,8336","0,2218","0,6941"
Platanus,2025-Beta-1,Basel,0,"273,4749",24.03.2024,18.04.2024,"0,557","0,0092","0,0166","0,6572"
Platanus,2025-Beta-1,Basel,"0,2","273,4749",24.03.2024,18.04.2024,"0,557","0,0092","0,0166","0,6572"
Platanus,2025-Beta-1,Basel,"0,4","304,179",24.03.2024,18.04.2024,"0,5036","0,0078","0,0156","0,6532"
Platanus,2025-Beta-1,Basel,"0,6","379,6093",24.03.2024,18.04.2024,"0,4027","0,0043","0,0107","0,6984"
Platanus,2025-Beta-1,Basel,"0,75","510,4748",24.03.2024,18.04.2024,"0,2972","0,0026","0,0087","0,7613"
Platanus,2025-Beta-1,Basel,"0,8","555,5959",24.03.2024,18.04.2024,"0,2671","0,0024","0,0089","0,7483"
Platanus,2025-Beta-1,Basel,"0,85","625,7616",24.03.2024,18.04.2024,"0,2331","0,0022","0,0094","0,7604"
Platanus,2025-Beta-1,Basel,"0,9","707,6197",24.03.2024,18.04.2024,"0,199","0,0014","0,0069","0,7285"
Platanus,2025-Beta-1,Basel,"0,91","738,343",24.03.2024,18.04.2024,"0,1917","0,0012","0,0062","0,7453"
Platanus,2025-Beta-1,Basel,"0,92","765,1005",24.03.2024,18.04.2024,"0,1817","0,0012","0,0065","0,7405"
Platanus,2025-Beta-1,Basel,"0,93","815,4858",24.03.2024,18.04.2024,"0,1703","0,0012","0,007","0,741"
Platanus,2025-Beta-1,Basel,"0,94","844,4661",24.03.2024,18.04.2024,"0,161","0,0012","0,0074","0,7393"
Platanus,2025-Beta-1,Basel,"0,95","930,7611",24.03.2024,18.04.2024,"0,1483","0,0012","0,008","0,7394"
Platanus,2025-Beta-1,Basel,"0,96","989,0995",24.03.2024,18.04.2024,"0,1389","0,0006","0,0043","0,723"
Platanus,2025-Beta-1,Basel,"0,97",1000,24.03.2024,18.04.2024,"0,1276","0,0004","0,0031","0,7457"
Platanus,2025-Beta-1,Basel,"0,98",1000,24.03.2024,18.04.2024,"0,1075","0,0004","0,0037","0,7268"
Platanus,2025-Beta-1,Basel,"0,99",1000,24.03.2024,18.04.2024,"0,0761","0,0004","0,0052","0,7034"
Platanus,2025-Beta-1,Basel,"0,999",1000,24.03.2024,18.04.2024,"0,0281","0,0002","0,007","0,5958"
Platanus,2025-Beta-1,Basel,"0,9999",1000,24.03.2024,18.04.2024,"0,014",0,0,"0,5592"
Platanus,2025-Beta-1,Basel,1,1000,24.03.2024,18.04.2024,"0,006",0,0,"0,4335"
Platanus,2025-Beta-1,Basel,1,1000,24.03.2024,18.04.2024,"0,0013",0,0,"0,2575"
Populus,2025-Beta-1,Basel,0,"4,6988",15.02.2024,24.02.2024,"2,3605","1,4301","0,6058","0,4153"
Populus,2025-Beta-1,Basel,"0,2","4,6988",15.02.2024,24.02.2024,"2,3605","1,4299","0,6058","0,4153"
Populus,2025-Beta-1,Basel,"0,4","4,7916",15.02.2024,24.02.2024,"2,3119","1,3705","0,5928","0,419"
Populus,2025-Beta-1,Basel,"0,6","6,2034",15.02.2024,24.02.2024,"1,7968","1,0639","0,5921","0,4071"
Populus,2025-Beta-1,Basel,"0,75","8,5746",15.02.2024,24.02.2024,"1,3159","0,8118","0,6169","0,4142"
Populus,2025-Beta-1,Basel,"0,8","9,6029",15.02.2024,24.02.2024,"1,1764","0,7202","0,6122","0,4145"
Populus,2025-Beta-1,Basel,"0,85","11,6318",15.02.2024,24.02.2024,"0,9931","0,6276","0,6319","0,414"
Populus,2025-Beta-1,Basel,"0,9","14,4053",15.02.2024,24.02.2024,"0,8104","0,5221","0,6442","0,4121"
Populus,2025-Beta-1,Basel,"0,91","14,9336",15.02.2024,24.02.2024,"0,7791","0,4959","0,6365","0,408"
Populus,2025-Beta-1,Basel,"0,92","15,7822",15.02.2024,24.02.2024,"0,7427","0,4666","0,6282","0,4092"
Populus,2025-Beta-1,Basel,"0,93","16,5362",15.02.2024,24.02.2024,"0,708","0,4369","0,6171","0,411"
Populus,2025-Beta-1,Basel,"0,94","17,4665",15.02.2024,24.02.2024,"0,6708","0,4056","0,6046","0,4021"
Populus,2025-Beta-1,Basel,"0,95","18,8101",15.02.2024,24.02.2024,"0,6247","0,3714","0,5945","0,4076"
Populus,2025-Beta-1,Basel,"0,96","19,9475",15.02.2024,24.02.2024,"0,5813","0,3349","0,5761","0,4129"
Populus,2025-Beta-1,Basel,"0,97","22,3751",15.02.2024,24.02.2024,"0,5217","0,299","0,5731","0,3984"
Populus,2025-Beta-1,Basel,"0,98","25,9421",15.02.2024,24.02.2024,"0,447","0,2478","0,5544","0,3969"
Populus,2025-Beta-1,Basel,"0,99","36,4632",15.02.2024,24.02.2024,"0,3425","0,1856","0,5417","0,3904"
Populus,2025-Beta-1,Basel,"0,999","87,9256",15.02.2024,24.02.2024,"0,1196","0,0658","0,5497","0,3512"
Populus,2025-Beta-1,Basel,"0,9999","209,4104",15.02.2024,24.02.2024,"0,0398","0,0196","0,493","0,3218"
Populus,2025-Beta-1,Basel,1,"391,68",15.02.2024,24.02.2024,"0,0052","0,0054","1,037","0,1573"
Populus,2025-Beta-1,Basel,1,"201,6",15.02.2024,24.02.2024,"0,0035","0,0013","0,3846","0,0427"
Populus,2025-Beta-1,Basel,1,"403,2",15.02.2024,24.02.2024,"0,0017","0,0008","0,4808","-0,0054"
Quercus,2025-Beta-1,Basel,0,"2,7278",03.04.2024,05.05.2024,"43,4294","7,2395","0,1667","0,4287"
Quercus,2025-Beta-1,Basel,"0,2","2,7279",03.04.2024,05.05.2024,"43,4289","7,2391","0,1667","0,4287"
Quercus,2025-Beta-1,Basel,"0,4","2,7512",03.04.2024,05.05.2024,"43,1295","7,1616","0,166","0,43"
Quercus,2025-Beta-1,Basel,"0,6","2,9512",03.04.2024,05.05.2024,"40,6266","6,4235","0,1581","0,4383"
Quercus,2025-Beta-1,Basel,"0,75","3,2112",03.04.2024,05.05.2024,"37,6871","5,6432","0,1497","0,4464"
Quercus,2025-Beta-1,Basel,"0,8","3,3215",03.04.2024,05.05.2024,"36,5741","5,3469","0,1462","0,4495"
Quercus,2025-Beta-1,Basel,"0,85","3,4668",03.04.2024,05.05.2024,"35,2161","4,988","0,1416","0,4544"
Quercus,2025-Beta-1,Basel,"0,9","3,6646",03.04.2024,05.05.2024,"33,4509","4,5472","0,1359","0,4603"
Quercus,2025-Beta-1,Basel,"0,91","3,7153",03.04.2024,05.05.2024,"33,0271","4,4384","0,1344","0,462"
Quercus,2025-Beta-1,Basel,"0,92","3,7712",03.04.2024,05.05.2024,"32,5487","4,3159","0,1326","0,4624"
Quercus,2025-Beta-1,Basel,"0,93","3,8338",03.04.2024,05.05.2024,"32,0332","4,1825","0,1306","0,4658"
Quercus,2025-Beta-1,Basel,"0,94","3,9117",03.04.2024,05.05.2024,"31,4238","4,0445","0,1287","0,4671"
Quercus,2025-Beta-1,Basel,"0,95","4,0011",03.04.2024,05.05.2024,"30,7466","3,8768","0,1261","0,4698"
Quercus,2025-Beta-1,Basel,"0,96","4,1123",03.04.2024,05.05.2024,"29,9368","3,7004","0,1236","0,4723"
Quercus,2025-Beta-1,Basel,"0,97","4,2543",03.04.2024,05.05.2024,"28,9568","3,4815","0,1202","0,4755"
Quercus,2025-Beta-1,Basel,"0,98","4,4699",03.04.2024,05.05.2024,"27,5978","3,1877","0,1155","0,485"
Quercus,2025-Beta-1,Basel,"0,99","4,8503",03.04.2024,05.05.2024,"25,4259","2,7315","0,1074","0,4911"
Quercus,2025-Beta-1,Basel,"0,999","6,3693",03.04.2024,05.05.2024,"19,0813","1,5853","0,0831","0,5138"
Quercus,2025-Beta-1,Basel,"0,9999","8,567",03.04.2024,05.05.2024,"13,8823","0,8549","0,0616","0,5451"
Quercus,2025-Beta-1,Basel,1,"12,3048",03.04.2024,05.05.2024,"9,4921","0,4091","0,0431","0,5694"
Quercus,2025-Beta-1,Basel,1,"19,2733",03.04.2024,05.05.2024,"5,9316","0,1702","0,0287","0,5847"
Quercus,2025-Beta-1,Basel,1,"30,3773",03.04.2024,05.05.2024,"3,733","0,0792","0,0212","0,5916"
Taxus,2025-Beta-1,Basel,0,"2,8483",03.02.2024,18.03.2024,"130,6044","8,7253","0,0668","0,6502"
Taxus,2025-Beta-1,Basel,"0,2","2,8483",03.02.2024,18.03.2024,"130,6044","8,7253","0,0668","0,6502"
Taxus,2025-Beta-1,Basel,"0,4","2,8507",03.02.2024,18.03.2024,"130,4085","8,4871","0,0651","0,6503"
Taxus,2025-Beta-1,Basel,"0,6","2,9051",03.02.2024,18.03.2024,"127,4867","7,1613","0,0562","0,6614"
Taxus,2025-Beta-1,Basel,"0,75","2,9923",03.02.2024,18.03.2024,"123,249","5,9261","0,0481","0,669"
Taxus,2025-Beta-1,Basel,"0,8","3,0358",03.02.2024,18.03.2024,"121,2654","5,4688","0,0451","0,6746"
Taxus,2025-Beta-1,Basel,"0,85","3,0933",03.02.2024,18.03.2024,"118,7497","4,935","0,0416","0,6802"
Taxus,2025-Beta-1,Basel,"0,9","3,179",03.02.2024,18.03.2024,"115,1913","4,3166","0,0375","0,6867"
Taxus,2025-Beta-1,Basel,"0,91","3,2031",03.02.2024,18.03.2024,"114,2463","4,1675","0,0365","0,6876"
Taxus,2025-Beta-1,Basel,"0,92","3,2298",03.02.2024,18.03.2024,"113,1754","4,0128","0,0355","0,6902"
Taxus,2025-Beta-1,Basel,"0,93","3,2602",03.02.2024,18.03.2024,"112,0275","3,8334","0,0342","0,6905"
Taxus,2025-Beta-1,Basel,"0,94","3,2978",03.02.2024,18.03.2024,"110,6222","3,6547","0,033","0,6914"
Taxus,2025-Beta-1,Basel,"0,95","3,3444",03.02.2024,18.03.2024,"108,9189","3,4466","0,0316","0,6929"
Taxus,2025-Beta-1,Basel,"0,96","3,4056",03.02.2024,18.03.2024,"106,8004","3,2077","0,03","0,6966"
Taxus,2025-Beta-1,Basel,"0,97","3,4891",03.02.2024,18.03.2024,"103,9813","2,9213","0,0281","0,6973"
Taxus,2025-Beta-1,Basel,"0,98","3,6183",03.02.2024,18.03.2024,"99,8708","2,58","0,0258","0,6981"
Taxus,2025-Beta-1,Basel,"0,99","3,8778",03.02.2024,18.03.2024,"92,4819","2,0547","0,0222","0,7047"
Taxus,2025-Beta-1,Basel,"0,999","5,2601",03.02.2024,18.03.2024,"66,681","0,9089","0,0136","0,7142"
Taxus,2025-Beta-1,Basel,"0,9999","8,2062",03.02.2024,18.03.2024,"42,1863","0,3478","0,0082","0,7193"
Taxus,2025-Beta-1,Basel,1,"15,5278",03.02.2024,18.03.2024,"22,2302","0,1228","0,0055","0,7201"
Taxus,2025-Beta-1,Basel,1,"38,7417",03.02.2024,18.03.2024,"8,9296","0,0406","0,0045","0,7366"
Taxus,2025-Beta-1,Basel,1,"98,9116",03.02.2024,18.03.2024,"3,5192","0,0155","0,0044","0,7089"
Alnus,2025-Beta-1,Neuchatel,0,1000,03.02.2024,26.02.2024,"0,0336","0,0084","0,251","0,2946"
Alnus,2025-Beta-1,Neuchatel,"0,2",1000,03.02.2024,26.02.2024,"0,0336","0,0084","0,251","0,2946"
Alnus,2025-Beta-1,Neuchatel,"0,4",1000,03.02.2024,26.02.2024,"0,0336","0,0084","0,251","0,2946"
Alnus,2025-Beta-1,Neuchatel,"0,6",1000,03.02.2024,26.02.2024,"0,0329","0,0077","0,2344","0,3363"
Alnus,2025-Beta-1,Neuchatel,"0,75",1000,03.02.2024,26.02.2024,"0,03","0,0072","0,2401","0,3378"
Alnus,2025-Beta-1,Neuchatel,"0,8",1000,03.02.2024,26.02.2024,"0,0271","0,0065","0,2385","0,332"
Alnus,2025-Beta-1,Neuchatel,"0,85",1000,03.02.2024,26.02.2024,"0,0257","0,006","0,234","0,3209"
Alnus,2025-Beta-1,Neuchatel,"0,9",1000,03.02.2024,26.02.2024,"0,0235","0,0052","0,2223","0,3309"
Alnus,2025-Beta-1,Neuchatel,"0,91",1000,03.02.2024,26.02.2024,"0,0221","0,0052","0,2368","0,3297"
Alnus,2025-Beta-1,Neuchatel,"0,92",1000,03.02.2024,26.02.2024,"0,0221","0,0051","0,2302","0,3257"
Alnus,2025-Beta-1,Neuchatel,"0,93",1000,03.02.2024,26.02.2024,"0,0221","0,0051","0,2302","0,3257"
Alnus,2025-Beta-1,Neuchatel,"0,94",1000,03.02.2024,26.02.2024,"0,0214","0,0045","0,2108","0,3815"
Alnus,2025-Beta-1,Neuchatel,"0,95",1000,03.02.2024,26.02.2024,"0,0214","0,0045","0,2108","0,3815"
Alnus,2025-Beta-1,Neuchatel,"0,96",1000,03.02.2024,26.02.2024,"0,0206","0,0044","0,2112","0,3794"
Alnus,2025-Beta-1,Neuchatel,"0,97",1000,03.02.2024,26.02.2024,"0,0185","0,0044","0,236","0,3527"
Alnus,2025-Beta-1,Neuchatel,"0,98",1000,03.02.2024,26.02.2024,"0,0177","0,0007","0,0411","0,3459"
Alnus,2025-Beta-1,Neuchatel,"0,99",1000,03.02.2024,26.02.2024,"0,0163","0,0006","0,0358","0,3482"
Alnus,2025-Beta-1,Neuchatel,"0,999",1000,03.02.2024,26.02.2024,"0,0094","0,0003","0,031","0,2893"
Alnus,2025-Beta-1,Neuchatel,"0,9999",1000,03.02.2024,26.02.2024,"0,0036","0,0001","0,0403","0,2474"
Alnus,2025-Beta-1,Neuchatel,1,1000,03.02.2024,26.02.2024,"0,0022","0,0001","0,0672","0,1994"
Alnus,2025-Beta-1,Neuchatel,1,1000,03.02.2024,26.02.2024,"0,0007",0,0,"0,1585"
Betula,2025-Beta-1,Neuchatel,0,"486,3035",22.03.2024,18.04.2024,"0,155","0,0361","0,2326","0,398"
Betula,2025-Beta-1,Neuchatel,"0,2","486,3035",22.03.2024,18.04.2024,"0,155","0,0361","0,2326","0,398"
Betula,2025-Beta-1,Neuchatel,"0,4","491,4398",22.03.2024,18.04.2024,"0,1519","0,0353","0,2324","0,3938"
Betula,2025-Beta-1,Neuchatel,"0,6","543,4926",22.03.2024,18.04.2024,"0,1377","0,0287","0,2082","0,4162"
Betula,2025-Beta-1,Neuchatel,"0,75","672,0336",22.03.2024,18.04.2024,"0,1135","0,0209","0,1841","0,4065"
Betula,2025-Beta-1,Neuchatel,"0,8","696,7733",22.03.2024,18.04.2024,"0,1091","0,0194","0,1776","0,4112"
Betula,2025-Beta-1,Neuchatel,"0,85","738,1288",22.03.2024,18.04.2024,"0,1017","0,0157","0,1542","0,436"
Betula,2025-Beta-1,Neuchatel,"0,9","801,5395",22.03.2024,18.04.2024,"0,0918","0,0125","0,1362","0,4814"
Betula,2025-Beta-1,Neuchatel,"0,91","807,2056",22.03.2024,18.04.2024,"0,0911","0,0122","0,1338","0,4849"
Betula,2025-Beta-1,Neuchatel,"0,92","816,8619",22.03.2024,18.04.2024,"0,0868","0,0118","0,1361","0,4835"
Betula,2025-Beta-1,Neuchatel,"0,93","830,0557",22.03.2024,18.04.2024,"0,0856","0,0117","0,1363","0,4887"
Betula,2025-Beta-1,Neuchatel,"0,94","864,3915",22.03.2024,18.04.2024,"0,0831","0,0112","0,1349","0,4947"
Betula,2025-Beta-1,Neuchatel,"0,95","864,7982",22.03.2024,18.04.2024,"0,0825","0,0109","0,1322","0,508"
Betula,2025-Beta-1,Neuchatel,"0,96","885,7405",22.03.2024,18.04.2024,"0,0775","0,0105","0,1349","0,4953"
Betula,2025-Beta-1,Neuchatel,"0,97","921,1388",22.03.2024,18.04.2024,"0,0744","0,0089","0,1196","0,5276"
Betula,2025-Beta-1,Neuchatel,"0,98","924,3454",22.03.2024,18.04.2024,"0,0688","0,0084","0,1228","0,519"
Betula,2025-Beta-1,Neuchatel,"0,99",1000,22.03.2024,18.04.2024,"0,0527","0,0057","0,1077","0,5486"
Betula,2025-Beta-1,Neuchatel,"0,999",1000,22.03.2024,18.04.2024,"0,0304","0,0023","0,0748","0,537"
Betula,2025-Beta-1,Neuchatel,"0,9999",1000,22.03.2024,18.04.2024,"0,018","0,0015","0,0844","0,4957"
Betula,2025-Beta-1,Neuchatel,1,1000,22.03.2024,18.04.2024,"0,0112","0,0006","0,0541","0,5147"
Betula,2025-Beta-1,Neuchatel,1,1000,22.03.2024,18.04.2024,"0,005",0,0,"0,4308"
Betula,2025-Beta-1,Neuchatel,1,1000,22.03.2024,18.04.2024,"0,0043",0,0,"0,4017"
Corylus,2025-Beta-1,Neuchatel,0,"346,0373",30.01.2024,19.02.2024,"0,0646","0,0159","0,2458","0,2134"
Corylus,2025-Beta-1,Neuchatel,"0,2","346,0373",30.01.2024,19.02.2024,"0,0646","0,0159","0,2458","0,2134"
Corylus,2025-Beta-1,Neuchatel,"0,4","346,0373",30.01.2024,19.02.2024,"0,0646","0,0159","0,2458","0,2134"
Corylus,2025-Beta-1,Neuchatel,"0,6","342,0085",30.01.2024,19.02.2024,"0,058","0,013","0,2246","0,2659"
Corylus,2025-Beta-1,Neuchatel,"0,75","374,5941",30.01.2024,19.02.2024,"0,0494","0,0073","0,1481","0,3026"
Corylus,2025-Beta-1,Neuchatel,"0,8","446,8166",30.01.2024,19.02.2024,"0,0441","0,0069","0,1564","0,2962"
Corylus,2025-Beta-1,Neuchatel,"0,85","580,371",30.01.2024,19.02.2024,"0,0356","0,0063","0,1778","0,2838"
Corylus,2025-Beta-1,Neuchatel,"0,9","692,9357",30.01.2024,19.02.2024,"0,0315","0,0056","0,1786","0,2832"
Corylus,2025-Beta-1,Neuchatel,"0,91","710,6012",30.01.2024,19.02.2024,"0,0298","0,0053","0,1789","0,2702"
Corylus,2025-Beta-1,Neuchatel,"0,92","701,7299",30.01.2024,19.02.2024,"0,0273","0,0053","0,1952","0,2686"
Corylus,2025-Beta-1,Neuchatel,"0,93","701,7299",30.01.2024,19.02.2024,"0,0273","0,0053","0,1952","0,2686"
Corylus,2025-Beta-1,Neuchatel,"0,94","677,4069",30.01.2024,19.02.2024,"0,0248","0,0053","0,2147","0,2473"
Corylus,2025-Beta-1,Neuchatel,"0,95","637,1727",30.01.2024,19.02.2024,"0,024","0,0048","0,1985","0,2583"
Corylus,2025-Beta-1,Neuchatel,"0,96","637,1727",30.01.2024,19.02.2024,"0,024","0,0045","0,1866","0,2603"
Corylus,2025-Beta-1,Neuchatel,"0,97","581,0491",30.01.2024,19.02.2024,"0,0224","0,0039","0,175","0,2555"
Corylus,2025-Beta-1,Neuchatel,"0,98","581,0491",30.01.2024,19.02.2024,"0,0224","0,0035","0,1559","0,2745"
Corylus,2025-Beta-1,Neuchatel,"0,99","801,7757",30.01.2024,19.02.2024,"0,0172","0,0031","0,1774","0,2807"
Corylus,2025-Beta-1,Neuchatel,"0,999","689,2838",30.01.2024,19.02.2024,"0,0043","0,0024","0,556","0,0699"
Corylus,2025-Beta-1,Neuchatel,"0,9999","689,2838",30.01.2024,19.02.2024,"0,0043","0,0004","0,0984","0,1293"
Corylus,2025-Beta-1,Neuchatel,1,1000,30.01.2024,19.02.2024,"0,0017","0,0001","0,0861","0,1276"
Corylus,2025-Beta-1,Neuchatel,1,1000,30.01.2024,19.02.2024,"0,0008",0,0,"0,1465"
Corylus,2025-Beta-1,Neuchatel,1,1000,30.01.2024,19.02.2024,"0,0008",0,0,"0,1465"
Cupressaceae,2025-Beta-1,Neuchatel,0,"2,2628",02.04.2024,11.04.2024,"5,7832","1,522","0,2632","0,4318"
Cupressaceae,2025-Beta-1,Neuchatel,"0,2","2,2628",02.04.2024,11.04.2024,"5,7832","1,522","0,2632","0,4318"
Cupressaceae,2025-Beta-1,Neuchatel,"0,4","2,2717",02.04.2024,11.04.2024,"5,7415","1,511","0,2632","0,4318"
Cupressaceae,2025-Beta-1,Neuchatel,"0,6","2,5354",02.04.2024,11.04.2024,"5,0539","1,3396","0,2651","0,4292"
Cupressaceae,2025-Beta-1,Neuchatel,"0,75","2,9502",02.04.2024,11.04.2024,"4,3004","1,1451","0,2663","0,4133"
Cupressaceae,2025-Beta-1,Neuchatel,"0,8","3,2074",02.04.2024,11.04.2024,"3,9844","1,0731","0,2693","0,412"
Cupressaceae,2025-Beta-1,Neuchatel,"0,85","3,5347",02.04.2024,11.04.2024,"3,6858","0,9889","0,2683","0,4113"
Cupressaceae,2025-Beta-1,Neuchatel,"0,9","4,0188",02.04.2024,11.04.2024,"3,2535","0,8892","0,2733","0,4038"
Cupressaceae,2025-Beta-1,Neuchatel,"0,91","4,0796",02.04.2024,11.04.2024,"3,1858","0,8598","0,2699","0,4026"
Cupressaceae,2025-Beta-1,Neuchatel,"0,92","4,1693",02.04.2024,11.04.2024,"3,099","0,833","0,2688","0,4051"
Cupressaceae,2025-Beta-1,Neuchatel,"0,93","4,2991",02.04.2024,11.04.2024,"2,9965","0,8092","0,27","0,4029"
Cupressaceae,2025-Beta-1,Neuchatel,"0,94","4,5266",02.04.2024,11.04.2024,"2,8559","0,779","0,2728","0,3991"
Cupressaceae,2025-Beta-1,Neuchatel,"0,95","4,7017",02.04.2024,11.04.2024,"2,7188","0,7412","0,2726","0,4048"
Cupressaceae,2025-Beta-1,Neuchatel,"0,96","4,9797",02.04.2024,11.04.2024,"2,566","0,6951","0,2709","0,4053"
Cupressaceae,2025-Beta-1,Neuchatel,"0,97","5,2302",02.04.2024,11.04.2024,"2,3924","0,6465","0,2702","0,3948"
Cupressaceae,2025-Beta-1,Neuchatel,"0,98","5,9435",02.04.2024,11.04.2024,"2,1215","0,5839","0,2752","0,3906"
Cupressaceae,2025-Beta-1,Neuchatel,"0,99","7,4327",02.04.2024,11.04.2024,"1,7344","0,4872","0,2809","0,3722"
Cupressaceae,2025-Beta-1,Neuchatel,"0,999","14,5468",02.04.2024,11.04.2024,"0,8733","0,2473","0,2832","0,3313"
Cupressaceae,2025-Beta-1,Neuchatel,"0,9999","33,3351",02.04.2024,11.04.2024,"0,4271","0,127","0,2974","0,3039"
Cupressaceae,2025-Beta-1,Neuchatel,1,"63,818",02.04.2024,11.04.2024,"0,2257","0,0624","0,2764","0,2337"
Cupressaceae,2025-Beta-1,Neuchatel,1,"135,0784",02.04.2024,11.04.2024,"0,0955","0,0286","0,2999","0,279"
Cupressaceae,2025-Beta-1,Neuchatel,1,"320,9526",02.04.2024,11.04.2024,"0,0538","0,0175","0,325","0,2905"
Fraxinus,2025-Beta-1,Neuchatel,0,"0,5227",20.03.2024,11.04.2024,"116,3484","52,022","0,4471","0,4324"
Fraxinus,2025-Beta-1,Neuchatel,"0,2","0,5227",20.03.2024,11.04.2024,"116,3484","52,022","0,4471","0,4324"
Fraxinus,2025-Beta-1,Neuchatel,"0,4","0,523",20.03.2024,11.04.2024,"116,3016","51,9996","0,4471","0,4322"
Fraxinus,2025-Beta-1,Neuchatel,"0,6","0,5303",20.03.2024,11.04.2024,"114,961","51,412","0,4472","0,4336"
Fraxinus,2025-Beta-1,Neuchatel,"0,75","0,5414",20.03.2024,11.04.2024,"112,9481","50,5473","0,4475","0,4358"
Fraxinus,2025-Beta-1,Neuchatel,"0,8","0,546",20.03.2024,11.04.2024,"112,114","50,1655","0,4475","0,4348"
Fraxinus,2025-Beta-1,Neuchatel,"0,85","0,5522",20.03.2024,11.04.2024,"111,0527","49,7082","0,4476","0,434"
Fraxinus,2025-Beta-1,Neuchatel,"0,9","0,5602",20.03.2024,11.04.2024,"109,6375","49,0821","0,4477","0,4357"
Fraxinus,2025-Beta-1,Neuchatel,"0,91","0,5626",20.03.2024,11.04.2024,"109,2359","48,921","0,4478","0,4347"
Fraxinus,2025-Beta-1,Neuchatel,"0,92","0,5651",20.03.2024,11.04.2024,"108,829","48,738","0,4478","0,4348"
Fraxinus,2025-Beta-1,Neuchatel,"0,93","0,5679",20.03.2024,11.04.2024,"108,3467","48,5249","0,4479","0,4349"
Fraxinus,2025-Beta-1,Neuchatel,"0,94","0,5714",20.03.2024,11.04.2024,"107,7707","48,2821","0,448","0,4351"
Fraxinus,2025-Beta-1,Neuchatel,"0,95","0,5755",20.03.2024,11.04.2024,"107,1094","47,9975","0,4481","0,4347"
Fraxinus,2025-Beta-1,Neuchatel,"0,96","0,5802",20.03.2024,11.04.2024,"106,3681","47,6551","0,448","0,4345"
Fraxinus,2025-Beta-1,Neuchatel,"0,97","0,5864",20.03.2024,11.04.2024,"105,331","47,1917","0,448","0,4337"
Fraxinus,2025-Beta-1,Neuchatel,"0,98","0,596",20.03.2024,11.04.2024,"103,8256","46,5429","0,4483","0,4329"
Fraxinus,2025-Beta-1,Neuchatel,"0,99","0,6136",20.03.2024,11.04.2024,"101,2251","45,3428","0,4479","0,4336"
Fraxinus,2025-Beta-1,Neuchatel,"0,999","0,6806",20.03.2024,11.04.2024,"92,1679","40,8225","0,4429","0,4383"
Fraxinus,2025-Beta-1,Neuchatel,"0,9999","0,7692",20.03.2024,11.04.2024,"82,3801","35,0558","0,4255","0,4454"
Fraxinus,2025-Beta-1,Neuchatel,1,"0,879",20.03.2024,11.04.2024,"72,551","27,882","0,3843","0,4599"
Fraxinus,2025-Beta-1,Neuchatel,1,"1,0206",20.03.2024,11.04.2024,"62,9339","19,7539","0,3139","0,4776"
Fraxinus,2025-Beta-1,Neuchatel,1,"1,1571",20.03.2024,11.04.2024,"55,8181","13,9606","0,2501","0,5034"
Platanus,2025-Beta-1,Neuchatel,0,"174,2901",02.04.2024,18.04.2024,"0,3074","0,0526","0,1712","0,4527"
Platanus,2025-Beta-1,Neuchatel,"0,2","174,2901",02.04.2024,18.04.2024,"0,3074","0,0526","0,1712","0,4527"
Platanus,2025-Beta-1,Neuchatel,"0,4","174,2626",02.04.2024,18.04.2024,"0,3064","0,0522","0,1705","0,4549"
Platanus,2025-Beta-1,Neuchatel,"0,6","184,8464",02.04.2024,18.04.2024,"0,2819","0,0442","0,1568","0,4608"
Platanus,2025-Beta-1,Neuchatel,"0,75","210,8049",02.04.2024,18.04.2024,"0,2502","0,0395","0,1579","0,4249"
Platanus,2025-Beta-1,Neuchatel,"0,8","224,3312",02.04.2024,18.04.2024,"0,2369","0,0369","0,1557","0,4318"
Platanus,2025-Beta-1,Neuchatel,"0,85","258,2055",02.04.2024,18.04.2024,"0,2094","0,0319","0,1522","0,4286"
Platanus,2025-Beta-1,Neuchatel,"0,9","282,9946",02.04.2024,18.04.2024,"0,191","0,0251","0,1314","0,4438"
Platanus,2025-Beta-1,Neuchatel,"0,91","285,1782",02.04.2024,18.04.2024,"0,1889","0,0247","0,1306","0,435"
Platanus,2025-Beta-1,Neuchatel,"0,92","288,5964",02.04.2024,18.04.2024,"0,1859","0,0241","0,1298","0,4416"
Platanus,2025-Beta-1,Neuchatel,"0,93","289,4924",02.04.2024,18.04.2024,"0,1828","0,0233","0,1275","0,4445"
Platanus,2025-Beta-1,Neuchatel,"0,94","302,9233",02.04.2024,18.04.2024,"0,1736","0,0217","0,125","0,4421"
Platanus,2025-Beta-1,Neuchatel,"0,95","313,5508",02.04.2024,18.04.2024,"0,1665","0,0206","0,1238","0,4512"
Platanus,2025-Beta-1,Neuchatel,"0,96","340,9898",02.04.2024,18.04.2024,"0,1542","0,0202","0,1309","0,4547"
Platanus,2025-Beta-1,Neuchatel,"0,97","373,3942",02.04.2024,18.04.2024,"0,1409","0,0195","0,1384","0,4495"
Platanus,2025-Beta-1,Neuchatel,"0,98","400,1423",02.04.2024,18.04.2024,"0,1287","0,018","0,1398","0,4539"
Platanus,2025-Beta-1,Neuchatel,"0,99","461,9479",02.04.2024,18.04.2024,"0,1093","0,0155","0,1419","0,4598"
Platanus,2025-Beta-1,Neuchatel,"0,999","848,8608",02.04.2024,18.04.2024,"0,0562","0,0094","0,1677","0,4427"
Platanus,2025-Beta-1,Neuchatel,"0,9999",1000,02.04.2024,18.04.2024,"0,0266","0,0059","0,2238","0,4473"
Platanus,2025-Beta-1,Neuchatel,1,1000,02.04.2024,18.04.2024,"0,0071","0,0012","0,1735","0,325"
Platanus,2025-Beta-1,Neuchatel,1,1000,02.04.2024,18.04.2024,"0,0031","0,0006","0,1799","0,2004"
Platanus,2025-Beta-1,Neuchatel,1,"57,6",02.04.2024,18.04.2024,"0,001","0,0003","0,2698",0
Quercus,2025-Beta-1,Neuchatel,0,"14,4528",21.04.2024,03.05.2024,"10,8721","1,0218","0,094","0,4334"
Quercus,2025-Beta-1,Neuchatel,"0,2","14,4528",21.04.2024,03.05.2024,"10,8721","1,0218","0,094","0,4334"
Quercus,2025-Beta-1,Neuchatel,"0,4","14,4689",21.04.2024,03.05.2024,"10,8534","1,0175","0,0938","0,4349"
Quercus,2025-Beta-1,Neuchatel,"0,6","15,1491",21.04.2024,03.05.2024,"10,3833","0,9419","0,0907","0,4405"
Quercus,2025-Beta-1,Neuchatel,"0,75","16,0527",21.04.2024,03.05.2024,"9,7716","0,8582","0,0878","0,4374"
Quercus,2025-Beta-1,Neuchatel,"0,8","16,466",21.04.2024,03.05.2024,"9,5286","0,8233","0,0864","0,4437"
Quercus,2025-Beta-1,Neuchatel,"0,85","16,9535",21.04.2024,03.05.2024,"9,2388","0,7794","0,0844","0,453"
Quercus,2025-Beta-1,Neuchatel,"0,9","17,6468",21.04.2024,03.05.2024,"8,8462","0,7318","0,0827","0,4574"
Quercus,2025-Beta-1,Neuchatel,"0,91","17,8439",21.04.2024,03.05.2024,"8,7447","0,719","0,0822","0,457"
Quercus,2025-Beta-1,Neuchatel,"0,92","17,9862",21.04.2024,03.05.2024,"8,6512","0,7063","0,0816","0,4602"
Quercus,2025-Beta-1,Neuchatel,"0,93","18,257",21.04.2024,03.05.2024,"8,5323","0,6903","0,0809","0,4589"
Quercus,2025-Beta-1,Neuchatel,"0,94","18,475",21.04.2024,03.05.2024,"8,4028","0,6771","0,0806","0,4573"
Quercus,2025-Beta-1,Neuchatel,"0,95","18,778",21.04.2024,03.05.2024,"8,2519","0,6573","0,0797","0,4584"
Quercus,2025-Beta-1,Neuchatel,"0,96","19,2121",21.04.2024,03.05.2024,"8,0596","0,6378","0,0791","0,4601"
Quercus,2025-Beta-1,Neuchatel,"0,97","19,8079",21.04.2024,03.05.2024,"7,8259","0,6092","0,0778","0,4544"
Quercus,2025-Beta-1,Neuchatel,"0,98","20,5701",21.04.2024,03.05.2024,"7,5521","0,5736","0,076","0,4512"
Quercus,2025-Beta-1,Neuchatel,"0,99","22,1581",21.04.2024,03.05.2024,"7,0259","0,5202","0,074","0,4626"
Quercus,2025-Beta-1,Neuchatel,"0,999","27,9695",21.04.2024,03.05.2024,"5,4688","0,3635","0,0665","0,457"
Quercus,2025-Beta-1,Neuchatel,"0,9999","37,7687",21.04.2024,03.05.2024,"4,0505","0,2436","0,0601","0,4971"
Quercus,2025-Beta-1,Neuchatel,1,"53,21",21.04.2024,03.05.2024,"2,8646","0,1573","0,0549","0,4882"
Quercus,2025-Beta-1,Neuchatel,1,"81,5758",21.04.2024,03.05.2024,"1,887","0,0935","0,0495","0,5163"
Quercus,2025-Beta-1,Neuchatel,1,"114,4232",21.04.2024,03.05.2024,"1,3154","0,0586","0,0446","0,5343"
Taxus,2025-Beta-1,Neuchatel,0,"355,5704",08.02.2024,08.03.2024,"0,5235","0,0416","0,0794","0,4299"
Taxus,2025-Beta-1,Neuchatel,"0,2","355,5704",08.02.2024,08.03.2024,"0,5235","0,0416","0,0794","0,4299"
Taxus,2025-Beta-1,Neuchatel,"0,4","353,5941",08.02.2024,08.03.2024,"0,52","0,0411","0,0791","0,4279"
Taxus,2025-Beta-1,Neuchatel,"0,6","411,7553",08.02.2024,08.03.2024,"0,4508","0,0316","0,0701","0,4598"
Taxus,2025-Beta-1,Neuchatel,"0,75","475,9662",08.02.2024,08.03.2024,"0,3787","0,0185","0,0489","0,4375"
Taxus,2025-Beta-1,Neuchatel,"0,8","521,7083",08.02.2024,08.03.2024,"0,351","0,0165","0,047","0,4275"
Taxus,2025-Beta-1,Neuchatel,"0,85","558,8155",08.02.2024,08.03.2024,"0,3277","0,0137","0,0419","0,4196"
Taxus,2025-Beta-1,Neuchatel,"0,9","659,8928",08.02.2024,08.03.2024,"0,2901","0,0112","0,0385","0,453"
Taxus,2025-Beta-1,Neuchatel,"0,91","684,0398",08.02.2024,08.03.2024,"0,2791","0,011","0,0395","0,4599"
Taxus,2025-Beta-1,Neuchatel,"0,92","684,4354",08.02.2024,08.03.2024,"0,2681","0,0104","0,039","0,4583"
Taxus,2025-Beta-1,Neuchatel,"0,93","732,0444",08.02.2024,08.03.2024,"0,2548","0,0093","0,0367","0,4591"
Taxus,2025-Beta-1,Neuchatel,"0,94","754,2665",08.02.2024,08.03.2024,"0,2466","0,0084","0,0341","0,4812"
Taxus,2025-Beta-1,Neuchatel,"0,95","811,3234",08.02.2024,08.03.2024,"0,2339","0,0078","0,0334","0,4948"
Taxus,2025-Beta-1,Neuchatel,"0,96","874,9777",08.02.2024,08.03.2024,"0,2223","0,007","0,0314","0,5032"
Taxus,2025-Beta-1,Neuchatel,"0,97","934,2009",08.02.2024,08.03.2024,"0,2055","0,0065","0,0317","0,5085"
Taxus,2025-Beta-1,Neuchatel,"0,98",1000,08.02.2024,08.03.2024,"0,1852","0,0059","0,0318","0,4989"
Taxus,2025-Beta-1,Neuchatel,"0,99",1000,08.02.2024,08.03.2024,"0,1567","0,004","0,0253","0,5508"
Taxus,2025-Beta-1,Neuchatel,"0,999",1000,08.02.2024,08.03.2024,"0,0825","0,0017","0,0211","0,532"
Taxus,2025-Beta-1,Neuchatel,"0,9999",1000,08.02.2024,08.03.2024,"0,0388","0,0003","0,0079","0,5981"
Taxus,2025-Beta-1,Neuchatel,1,1000,08.02.2024,08.03.2024,"0,0168","0,0002","0,0092","0,5082"
Taxus,2025-Beta-1,Neuchatel,1,1000,08.02.2024,08.03.2024,"0,0098","0,0002","0,0156","0,4591"
Taxus,2025-Beta-1,Neuchatel,1,1000,08.02.2024,08.03.2024,"0,0046","0,0002","0,0332","0,2292"
Alnus,2025-Beta-1,Buchs,0,"5,9953",26.01.2024,24.02.2024,"13,5083","0,8303","0,0615","0,4571"
Alnus,2025-Beta-1,Buchs,"0,2","5,9953",26.01.2024,24.02.2024,"13,5083","0,8303","0,0615","0,4571"
Alnus,2025-Beta-1,Buchs,"0,4","6,0029",26.01.2024,24.02.2024,"13,4869","0,8206","0,0608","0,4584"
Alnus,2025-Beta-1,Buchs,"0,6","6,171",26.01.2024,24.02.2024,"13,047","0,7425","0,0569","0,4639"
Alnus,2025-Beta-1,Buchs,"0,75","6,4573",26.01.2024,24.02.2024,"12,386","0,6599","0,0533","0,4678"
Alnus,2025-Beta-1,Buchs,"0,8","6,582",26.01.2024,24.02.2024,"12,1215","0,6255","0,0516","0,4679"
Alnus,2025-Beta-1,Buchs,"0,85","6,7358",26.01.2024,24.02.2024,"11,8112","0,5864","0,0496","0,4658"
Alnus,2025-Beta-1,Buchs,"0,9","6,9436",26.01.2024,24.02.2024,"11,3944","0,5414","0,0475","0,4703"
Alnus,2025-Beta-1,Buchs,"0,91","7,0023",26.01.2024,24.02.2024,"11,2838","0,5316","0,0471","0,4702"
Alnus,2025-Beta-1,Buchs,"0,92","7,0575",26.01.2024,24.02.2024,"11,1813","0,5201","0,0465","0,4708"
Alnus,2025-Beta-1,Buchs,"0,93","7,1222",26.01.2024,24.02.2024,"11,0615","0,5079","0,0459","0,4723"
Alnus,2025-Beta-1,Buchs,"0,94","7,2006",26.01.2024,24.02.2024,"10,9128","0,4927","0,0451","0,4741"
Alnus,2025-Beta-1,Buchs,"0,95","7,2952",26.01.2024,24.02.2024,"10,7333","0,4753","0,0443","0,4774"
Alnus,2025-Beta-1,Buchs,"0,96","7,411",26.01.2024,24.02.2024,"10,5411","0,4557","0,0432","0,477"
Alnus,2025-Beta-1,Buchs,"0,97","7,5558",26.01.2024,24.02.2024,"10,3055","0,4301","0,0417","0,4815"
Alnus,2025-Beta-1,Buchs,"0,98","7,7934",26.01.2024,24.02.2024,"9,9251","0,3991","0,0402","0,4829"
Alnus,2025-Beta-1,Buchs,"0,99","8,1918",26.01.2024,24.02.2024,"9,3224","0,3514","0,0377","0,4869"
Alnus,2025-Beta-1,Buchs,"0,999","9,8705",26.01.2024,24.02.2024,"7,4944","0,2215","0,0296","0,5126"
Alnus,2025-Beta-1,Buchs,"0,9999","12,2779",26.01.2024,24.02.2024,"5,7615","0,1388","0,0241","0,5152"
Alnus,2025-Beta-1,Buchs,1,"16,0573",26.01.2024,24.02.2024,"4,1396","0,082","0,0198","0,5158"
Alnus,2025-Beta-1,Buchs,1,"22,8758",26.01.2024,24.02.2024,"2,7181","0,0471","0,0173","0,5416"
Alnus,2025-Beta-1,Buchs,1,"33,0213",26.01.2024,24.02.2024,"1,7873","0,027","0,0151","0,5357"
Betula,2025-Beta-1,Buchs,0,"5,306",17.03.2024,18.04.2024,"33,7247","3,2826","0,0973","0,3417"
Betula,2025-Beta-1,Buchs,"0,2","5,306",17.03.2024,18.04.2024,"33,7247","3,2826","0,0973","0,3417"
Betula,2025-Beta-1,Buchs,"0,4","5,3294",17.03.2024,18.04.2024,"33,572","3,2372","0,0964","0,3425"
Betula,2025-Beta-1,Buchs,"0,6","5,6091",17.03.2024,18.04.2024,"31,8512","2,8903","0,0907","0,3484"
Betula,2025-Beta-1,Buchs,"0,75","5,9953",17.03.2024,18.04.2024,"29,7021","2,5361","0,0854","0,3504"
Betula,2025-Beta-1,Buchs,"0,8","6,1706",17.03.2024,18.04.2024,"28,8284","2,3991","0,0832","0,3507"
Betula,2025-Beta-1,Buchs,"0,85","6,3919",17.03.2024,18.04.2024,"27,756","2,2433","0,0808","0,3524"
Betula,2025-Beta-1,Buchs,"0,9","6,6999",17.03.2024,18.04.2024,"26,4305","2,0459","0,0774","0,3561"
Betula,2025-Beta-1,Buchs,"0,91","6,7856",17.03.2024,18.04.2024,"26,1001","2,0009","0,0767","0,3551"
Betula,2025-Beta-1,Buchs,"0,92","6,8793",17.03.2024,18.04.2024,"25,7455","1,9548","0,0759","0,3559"
Betula,2025-Beta-1,Buchs,"0,93","6,9785",17.03.2024,18.04.2024,"25,3552","1,8979","0,0749","0,3557"
Betula,2025-Beta-1,Buchs,"0,94","7,0976",17.03.2024,18.04.2024,"24,9163","1,8379","0,0738","0,3566"
Betula,2025-Beta-1,Buchs,"0,95","7,2525",17.03.2024,18.04.2024,"24,3643","1,7647","0,0724","0,3574"
Betula,2025-Beta-1,Buchs,"0,96","7,4376",17.03.2024,18.04.2024,"23,7366","1,6849","0,071","0,3593"
Betula,2025-Beta-1,Buchs,"0,97","7,6898",17.03.2024,18.04.2024,"22,9131","1,5846","0,0692","0,358"
Betula,2025-Beta-1,Buchs,"0,98","8,0733",17.03.2024,18.04.2024,"21,7887","1,453","0,0667","0,3626"
Betula,2025-Beta-1,Buchs,"0,99","8,7642",17.03.2024,18.04.2024,"20,0064","1,2481","0,0624","0,3682"
Betula,2025-Beta-1,Buchs,"0,999","11,8069",17.03.2024,18.04.2024,"14,6853","0,739","0,0503","0,3783"
Betula,2025-Beta-1,Buchs,"0,9999","16,7516",17.03.2024,18.04.2024,"10,2307","0,4166","0,0407","0,3802"
Betula,2025-Beta-1,Buchs,1,"25,5021",17.03.2024,18.04.2024,"6,6596","0,2236","0,0336","0,3951"
Betula,2025-Beta-1,Buchs,1,"42,9603",17.03.2024,18.04.2024,"3,9124","0,1113","0,0284","0,3968"
Betula,2025-Beta-1,Buchs,1,"68,9547",17.03.2024,18.04.2024,"2,4103","0,061","0,0253","0,423"
Corylus,2025-Beta-1,Buchs,0,"6,3551",23.01.2024,16.03.2024,"8,8837","1,3283","0,1495","0,3618"
Corylus,2025-Beta-1,Buchs,"0,2","6,3551",23.01.2024,16.03.2024,"8,8837","1,3283","0,1495","0,3618"
Corylus,2025-Beta-1,Buchs,"0,4","6,3692",23.01.2024,16.03.2024,"8,8596","1,3102","0,1479","0,3628"
Corylus,2025-Beta-1,Buchs,"0,6","6,6944",23.01.2024,16.03.2024,"8,3986","1,146","0,1364","0,374"
Corylus,2025-Beta-1,Buchs,"0,75","7,1805",23.01.2024,16.03.2024,"7,8034","0,9716","0,1245","0,3838"
Corylus,2025-Beta-1,Buchs,"0,8","7,3977",23.01.2024,16.03.2024,"7,5607","0,906","0,1198","0,3885"
Corylus,2025-Beta-1,Buchs,"0,85","7,6748",23.01.2024,16.03.2024,"7,2723","0,8366","0,115","0,3956"
Corylus,2025-Beta-1,Buchs,"0,9","8,0678",23.01.2024,16.03.2024,"6,9096","0,7457","0,1079","0,4005"
Corylus,2025-Beta-1,Buchs,"0,91","8,1676",23.01.2024,16.03.2024,"6,8221","0,7228","0,106","0,4023"
Corylus,2025-Beta-1,Buchs,"0,92","8,295",23.01.2024,16.03.2024,"6,7195","0,6996","0,1041","0,4034"
Corylus,2025-Beta-1,Buchs,"0,93","8,4399",23.01.2024,16.03.2024,"6,6025","0,6763","0,1024","0,4045"
Corylus,2025-Beta-1,Buchs,"0,94","8,5873",23.01.2024,16.03.2024,"6,4832","0,6481","0,1","0,4098"
Corylus,2025-Beta-1,Buchs,"0,95","8,8046",23.01.2024,16.03.2024,"6,3176","0,6185","0,0979","0,4095"
Corylus,2025-Beta-1,Buchs,"0,96","9,0442",23.01.2024,16.03.2024,"6,1392","0,5844","0,0952","0,4129"
Corylus,2025-Beta-1,Buchs,"0,97","9,3808",23.01.2024,16.03.2024,"5,9073","0,545","0,0923","0,4169"
Corylus,2025-Beta-1,Buchs,"0,98","9,9195",23.01.2024,16.03.2024,"5,581","0,4871","0,0873","0,4177"
Corylus,2025-Beta-1,Buchs,"0,99","10,845",23.01.2024,16.03.2024,"5,0707","0,3981","0,0785","0,4275"
Corylus,2025-Beta-1,Buchs,"0,999","15,589",23.01.2024,16.03.2024,"3,5035","0,1997","0,057","0,4606"
Corylus,2025-Beta-1,Buchs,"0,9999","24,1236",23.01.2024,16.03.2024,"2,2317","0,0901","0,0404","0,4932"
Corylus,2025-Beta-1,Buchs,1,"43,4127",23.01.2024,16.03.2024,"1,224","0,0344","0,0281","0,541"
Corylus,2025-Beta-1,Buchs,1,"93,6823",23.01.2024,16.03.2024,"0,5627","0,0104","0,0185","0,616"
Corylus,2025-Beta-1,Buchs,1,"197,1981",23.01.2024,16.03.2024,"0,254","0,0035","0,0139","0,6581"
Cupressaceae,2025-Beta-1,Buchs,0,"0,9013",03.04.2024,12.04.2024,"11,4289","5,1109","0,4472","0,1777"
Cupressaceae,2025-Beta-1,Buchs,"0,2","0,9013",03.04.2024,12.04.2024,"11,4289","5,1109","0,4472","0,1777"
Cupressaceae,2025-Beta-1,Buchs,"0,4","0,9111",03.04.2024,12.04.2024,"11,2917","5,0571","0,4479","0,1765"
Cupressaceae,2025-Beta-1,Buchs,"0,6","0,9943",03.04.2024,12.04.2024,"10,1581","4,5833","0,4512","0,1704"
Cupressaceae,2025-Beta-1,Buchs,"0,75","1,0996",03.04.2024,12.04.2024,"9,0105","4,0776","0,4525","0,1678"
Cupressaceae,2025-Beta-1,Buchs,"0,8","1,1506",03.04.2024,12.04.2024,"8,5678","3,8805","0,4529","0,1669"
Cupressaceae,2025-Beta-1,Buchs,"0,85","1,2132",03.04.2024,12.04.2024,"8,0713","3,6608","0,4536","0,1627"
Cupressaceae,2025-Beta-1,Buchs,"0,9","1,3152",03.04.2024,12.04.2024,"7,3595","3,3635","0,457","0,1634"
Cupressaceae,2025-Beta-1,Buchs,"0,91","1,3418",03.04.2024,12.04.2024,"7,2015","3,2924","0,4572","0,1623"
Cupressaceae,2025-Beta-1,Buchs,"0,92","1,3736",03.04.2024,12.04.2024,"7,0244","3,215","0,4577","0,163"
Cupressaceae,2025-Beta-1,Buchs,"0,93","1,4035",03.04.2024,12.04.2024,"6,8317","3,1292","0,458","0,1625"
Cupressaceae,2025-Beta-1,Buchs,"0,94","1,4391",03.04.2024,12.04.2024,"6,6372","3,0379","0,4577","0,1619"
Cupressaceae,2025-Beta-1,Buchs,"0,95","1,474",03.04.2024,12.04.2024,"6,4341","2,931","0,4555","0,1613"
Cupressaceae,2025-Beta-1,Buchs,"0,96","1,5363",03.04.2024,12.04.2024,"6,1476","2,8081","0,4568","0,1598"
Cupressaceae,2025-Beta-1,Buchs,"0,97","1,6345",03.04.2024,12.04.2024,"5,7518","2,6524","0,4611","0,1622"
Cupressaceae,2025-Beta-1,Buchs,"0,98","1,772",03.04.2024,12.04.2024,"5,3143","2,4488","0,4608","0,1595"
Cupressaceae,2025-Beta-1,Buchs,"0,99","1,9917",03.04.2024,12.04.2024,"4,6059","2,1405","0,4647","0,1567"
Cupressaceae,2025-Beta-1,Buchs,"0,999","3,1781",03.04.2024,12.04.2024,"2,7257","1,3127","0,4816","0,1408"
Cupressaceae,2025-Beta-1,Buchs,"0,9999","5,5689",03.04.2024,12.04.2024,"1,5139","0,7605","0,5023","0,123"
Cupressaceae,2025-Beta-1,Buchs,1,"11,6945",03.04.2024,12.04.2024,"0,7483","0,4113","0,5496","0,099"
Cupressaceae,2025-Beta-1,Buchs,1,"29,5379",03.04.2024,12.04.2024,"0,3125","0,2028","0,6491","0,0707"
Cupressaceae,2025-Beta-1,Buchs,1,"85,6376",03.04.2024,12.04.2024,"0,1562","0,1098","0,7028","0,0776"
Fagus,2025-Beta-1,Buchs,0,"6,5491",05.04.2024,19.05.2024,"3,262","0,7459","0,2286","0,3837"
Fagus,2025-Beta-1,Buchs,"0,2","6,5491",05.04.2024,19.05.2024,"3,262","0,7459","0,2286","0,3837"
Fagus,2025-Beta-1,Buchs,"0,4","6,6074",05.04.2024,19.05.2024,"3,2354","0,7313","0,226","0,3863"
Fagus,2025-Beta-1,Buchs,"0,6","7,0603",05.04.2024,19.05.2024,"3,0209","0,6214","0,2057","0,3969"
Fagus,2025-Beta-1,Buchs,"0,75","7,6117",05.04.2024,19.05.2024,"2,7956","0,5147","0,1841","0,4106"
Fagus,2025-Beta-1,Buchs,"0,8","7,8085",05.04.2024,19.05.2024,"2,7177","0,4746","0,1746","0,4172"
Fagus,2025-Beta-1,Buchs,"0,85","8,1013",05.04.2024,19.05.2024,"2,6232","0,4283","0,1633","0,4232"
Fagus,2025-Beta-1,Buchs,"0,9","8,4346",05.04.2024,19.05.2024,"2,509","0,3721","0,1483","0,4305"
Fagus,2025-Beta-1,Buchs,"0,91","8,5004",05.04.2024,19.05.2024,"2,4862","0,3594","0,1446","0,4327"
Fagus,2025-Beta-1,Buchs,"0,92","8,58",05.04.2024,19.05.2024,"2,4603","0,3464","0,1408","0,4356"
Fagus,2025-Beta-1,Buchs,"0,93","8,6774",05.04.2024,19.05.2024,"2,4303","0,3307","0,1361","0,4406"
Fagus,2025-Beta-1,Buchs,"0,94","8,7858",05.04.2024,19.05.2024,"2,3998","0,3151","0,1313","0,4418"
Fagus,2025-Beta-1,Buchs,"0,95","8,9398",05.04.2024,19.05.2024,"2,3596","0,2983","0,1264","0,4449"
Fagus,2025-Beta-1,Buchs,"0,96","9,1331",05.04.2024,19.05.2024,"2,3161","0,278","0,12","0,4488"
Fagus,2025-Beta-1,Buchs,"0,97","9,3338",05.04.2024,19.05.2024,"2,2659","0,2534","0,1118","0,4549"
Fagus,2025-Beta-1,Buchs,"0,98","9,5649",05.04.2024,19.05.2024,"2,2041","0,2241","0,1017","0,4635"
Fagus,2025-Beta-1,Buchs,"0,99","9,8908",05.04.2024,19.05.2024,"2,1139","0,1809","0,0856","0,477"
Fagus,2025-Beta-1,Buchs,"0,999","11,1501",05.04.2024,19.05.2024,"1,8739","0,0878","0,0469","0,5243"
Fagus,2025-Beta-1,Buchs,"0,9999","12,0821",05.04.2024,19.05.2024,"1,6945","0,039","0,023","0,5739"
Fagus,2025-Beta-1,Buchs,1,"12,7908",05.04.2024,19.05.2024,"1,5706","0,0181","0,0115","0,6093"
Fagus,2025-Beta-1,Buchs,1,"13,7229",05.04.2024,19.05.2024,"1,4445","0,0092","0,0064","0,6782"
Fagus,2025-Beta-1,Buchs,1,"14,7392",05.04.2024,19.05.2024,"1,3276","0,0049","0,0037","0,7292"
Fraxinus,2025-Beta-1,Buchs,0,"1,4423",11.03.2024,12.04.2024,"55,6139","12,3096","0,2213","0,3522"
Fraxinus,2025-Beta-1,Buchs,"0,2","1,4423",11.03.2024,12.04.2024,"55,6139","12,3096","0,2213","0,3522"
Fraxinus,2025-Beta-1,Buchs,"0,4","1,4478",11.03.2024,12.04.2024,"55,436","12,2262","0,2205","0,3531"
Fraxinus,2025-Beta-1,Buchs,"0,6","1,5103",11.03.2024,12.04.2024,"53,5571","11,3485","0,2119","0,3573"
Fraxinus,2025-Beta-1,Buchs,"0,75","1,5882",11.03.2024,12.04.2024,"51,3486","10,3093","0,2008","0,3643"
Fraxinus,2025-Beta-1,Buchs,"0,8","1,6201",11.03.2024,12.04.2024,"50,4762","9,9027","0,1962","0,367"
Fraxinus,2025-Beta-1,Buchs,"0,85","1,6601",11.03.2024,12.04.2024,"49,4346","9,4252","0,1907","0,3701"
Fraxinus,2025-Beta-1,Buchs,"0,9","1,7125",11.03.2024,12.04.2024,"48,0933","8,8197","0,1834","0,3765"
Fraxinus,2025-Beta-1,Buchs,"0,91","1,7251",11.03.2024,12.04.2024,"47,7855","8,6718","0,1815","0,3775"
Fraxinus,2025-Beta-1,Buchs,"0,92","1,7398",11.03.2024,12.04.2024,"47,4286","8,5115","0,1795","0,3787"
Fraxinus,2025-Beta-1,Buchs,"0,93","1,7562",11.03.2024,12.04.2024,"47,0481","8,3337","0,1771","0,3808"
Fraxinus,2025-Beta-1,Buchs,"0,94","1,776",11.03.2024,12.04.2024,"46,5765","8,1356","0,1747","0,3825"
Fraxinus,2025-Beta-1,Buchs,"0,95","1,7987",11.03.2024,12.04.2024,"46,063","7,9104","0,1717","0,3832"
Fraxinus,2025-Beta-1,Buchs,"0,96","1,8256",11.03.2024,12.04.2024,"45,474","7,6519","0,1683","0,3857"
Fraxinus,2025-Beta-1,Buchs,"0,97","1,8592",11.03.2024,12.04.2024,"44,72","7,3177","0,1636","0,3902"
Fraxinus,2025-Beta-1,Buchs,"0,98","1,9063",11.03.2024,12.04.2024,"43,7181","6,8771","0,1573","0,3942"
Fraxinus,2025-Beta-1,Buchs,"0,99","1,9871",11.03.2024,12.04.2024,"42,0833","6,1668","0,1465","0,4014"
Fraxinus,2025-Beta-1,Buchs,"0,999","2,251",11.03.2024,12.04.2024,"37,3491","4,2771","0,1145","0,4263"
Fraxinus,2025-Beta-1,Buchs,"0,9999","2,5184",11.03.2024,12.04.2024,"33,424","2,9186","0,0873","0,4503"
Fraxinus,2025-Beta-1,Buchs,1,"2,792",11.03.2024,12.04.2024,"30,0864","1,9254","0,064","0,4781"
Fraxinus,2025-Beta-1,Buchs,1,"3,0978",11.03.2024,12.04.2024,"26,9696","1,2262","0,0455","0,5033"
Fraxinus,2025-Beta-1,Buchs,1,"3,3542",11.03.2024,12.04.2024,"24,7805","0,8384","0,0338","0,5137"
Pinaceae,2025-Beta-1,Buchs,0,"2,2572",06.04.2024,22.04.2024,"14,5147","4,0433","0,2786","0,6577"
Pinaceae,2025-Beta-1,Buchs,"0,2","2,2572",06.04.2024,22.04.2024,"14,5147","4,0433","0,2786","0,6577"
Pinaceae,2025-Beta-1,Buchs,"0,4","2,2583",06.04.2024,22.04.2024,"14,5004","4,0299","0,2779","0,6587"
Pinaceae,2025-Beta-1,Buchs,"0,6","2,269",06.04.2024,22.04.2024,"14,386","3,91","0,2718","0,6619"
Pinaceae,2025-Beta-1,Buchs,"0,75","2,2824",06.04.2024,22.04.2024,"14,2564","3,7564","0,2635","0,6654"
Pinaceae,2025-Beta-1,Buchs,"0,8","2,2862",06.04.2024,22.04.2024,"14,2135","3,7026","0,2605","0,6668"
Pinaceae,2025-Beta-1,Buchs,"0,85","2,2932",06.04.2024,22.04.2024,"14,1491","3,6345","0,2569","0,6676"
Pinaceae,2025-Beta-1,Buchs,"0,9","2,3013",06.04.2024,22.04.2024,"14,0787","3,5446","0,2518","0,669"
Pinaceae,2025-Beta-1,Buchs,"0,91","2,3034",06.04.2024,22.04.2024,"14,0644","3,5205","0,2503","0,67"
Pinaceae,2025-Beta-1,Buchs,"0,92","2,3053",06.04.2024,22.04.2024,"14,046","3,4984","0,2491","0,6706"
Pinaceae,2025-Beta-1,Buchs,"0,93","2,307",06.04.2024,22.04.2024,"14,0215","3,4735","0,2477","0,6713"
Pinaceae,2025-Beta-1,Buchs,"0,94","2,3088",06.04.2024,22.04.2024,"14,0051","3,4427","0,2458","0,6717"
Pinaceae,2025-Beta-1,Buchs,"0,95","2,3126",06.04.2024,22.04.2024,"13,9714","3,4081","0,2439","0,6721"
Pinaceae,2025-Beta-1,Buchs,"0,96","2,3173",06.04.2024,22.04.2024,"13,9387","3,369","0,2417","0,6725"
Pinaceae,2025-Beta-1,Buchs,"0,97","2,3237",06.04.2024,22.04.2024,"13,8907","3,3114","0,2384","0,673"
Pinaceae,2025-Beta-1,Buchs,"0,98","2,3354",06.04.2024,22.04.2024,"13,8274","3,2427","0,2345","0,6777"
Pinaceae,2025-Beta-1,Buchs,"0,99","2,3518",06.04.2024,22.04.2024,"13,7182","3,1299","0,2282","0,6798"
Pinaceae,2025-Beta-1,Buchs,"0,999","2,4055",06.04.2024,22.04.2024,"13,4036","2,8041","0,2092","0,6926"
Pinaceae,2025-Beta-1,Buchs,"0,9999","2,4932",06.04.2024,22.04.2024,"12,9961","2,5469","0,196","0,6986"
Pinaceae,2025-Beta-1,Buchs,1,"2,6192",06.04.2024,22.04.2024,"12,4457","2,3106","0,1857","0,696"
Pinaceae,2025-Beta-1,Buchs,1,"2,8315",06.04.2024,22.04.2024,"11,6634","2,0486","0,1756","0,7061"
Pinaceae,2025-Beta-1,Buchs,1,"3,0467",06.04.2024,22.04.2024,"10,9547","1,8047","0,1647","0,7035"
Poaceae,2025-Beta-1,Buchs,0,"11,4961",24.04.2024,03.08.2024,"10,968","1,4365","0,131","0,8082"
Poaceae,2025-Beta-1,Buchs,"0,2","11,4961",24.04.2024,03.08.2024,"10,968","1,4365","0,131","0,8082"
Poaceae,2025-Beta-1,Buchs,"0,4","11,534",24.04.2024,03.08.2024,"10,9318","1,4296","0,1308","0,8075"
Poaceae,2025-Beta-1,Buchs,"0,6","11,9511",24.04.2024,03.08.2024,"10,5599","1,3604","0,1288","0,8092"
Poaceae,2025-Beta-1,Buchs,"0,75","12,5135",24.04.2024,03.08.2024,"10,0889","1,2762","0,1265","0,8096"
Poaceae,2025-Beta-1,Buchs,"0,8","12,7598",24.04.2024,03.08.2024,"9,8983","1,2516","0,1264","0,8098"
Poaceae,2025-Beta-1,Buchs,"0,85","13,0812",24.04.2024,03.08.2024,"9,665","1,2159","0,1258","0,8101"
Poaceae,2025-Beta-1,Buchs,"0,9","13,5103",24.04.2024,03.08.2024,"9,3577","1,166","0,1246","0,8105"
Poaceae,2025-Beta-1,Buchs,"0,91","13,6215",24.04.2024,03.08.2024,"9,2833","1,1541","0,1243","0,8103"
Poaceae,2025-Beta-1,Buchs,"0,92","13,7376",24.04.2024,03.08.2024,"9,206","1,1426","0,1241","0,8108"
Poaceae,2025-Beta-1,Buchs,"0,93","13,8832",24.04.2024,03.08.2024,"9,1107","1,1311","0,1242","0,8113"
Poaceae,2025-Beta-1,Buchs,"0,94","14,0496",24.04.2024,03.08.2024,"9,0033","1,1127","0,1236","0,8109"
Poaceae,2025-Beta-1,Buchs,"0,95","14,264",24.04.2024,03.08.2024,"8,871","1,0906","0,1229","0,8115"
Poaceae,2025-Beta-1,Buchs,"0,96","14,508",24.04.2024,03.08.2024,"8,7189","1,0667","0,1223","0,8121"
Poaceae,2025-Beta-1,Buchs,"0,97","14,8484",24.04.2024,03.08.2024,"8,5167","1,0355","0,1216","0,8119"
Poaceae,2025-Beta-1,Buchs,"0,98","15,3332",24.04.2024,03.08.2024,"8,248","0,9926","0,1203","0,813"
Poaceae,2025-Beta-1,Buchs,"0,99","16,1815",24.04.2024,03.08.2024,"7,8064","0,9354","0,1198","0,8105"
Poaceae,2025-Beta-1,Buchs,"0,999","19,6751",24.04.2024,03.08.2024,"6,3912","0,7533","0,1179","0,8115"
Poaceae,2025-Beta-1,Buchs,"0,9999","24,1596",24.04.2024,03.08.2024,"5,1627","0,5862","0,1135","0,8051"
Poaceae,2025-Beta-1,Buchs,1,"29,7503",24.04.2024,03.08.2024,"4,1388","0,4468","0,1079","0,8012"
Poaceae,2025-Beta-1,Buchs,1,"38,0831",24.04.2024,03.08.2024,"3,1999","0,3387","0,1058","0,8016"
Poaceae,2025-Beta-1,Buchs,1,"47,4083",24.04.2024,03.08.2024,"2,5503","0,2616","0,1026","0,7998"
Populus,2025-Beta-1,Buchs,0,"2,4119",15.02.2024,24.02.2024,"5,7917","4,4298","0,7648","0,0483"
Populus,2025-Beta-1,Buchs,"0,2","2,4119",15.02.2024,24.02.2024,"5,7917","4,4298","0,7648","0,0483"
Populus,2025-Beta-1,Buchs,"0,4","2,442",15.02.2024,24.02.2024,"5,7292","4,3766","0,7639","0,0491"
Populus,2025-Beta-1,Buchs,"0,6","2,7955",15.02.2024,24.02.2024,"5,0417","3,8853","0,7706","0,0459"
Populus,2025-Beta-1,Buchs,"0,75","3,261",15.02.2024,24.02.2024,"4,323","3,3691","0,7793","0,0428"
Populus,2025-Beta-1,Buchs,"0,8","3,4771",15.02.2024,24.02.2024,"4,0504","3,1768","0,7843","0,043"
Populus,2025-Beta-1,Buchs,"0,85","3,7789",15.02.2024,24.02.2024,"3,7222","2,9545","0,7938","0,0407"
Populus,2025-Beta-1,Buchs,"0,9","4,2245",15.02.2024,24.02.2024,"3,3264","2,6828","0,8065","0,0382"
Populus,2025-Beta-1,Buchs,"0,91","4,3309",15.02.2024,24.02.2024,"3,2413","2,6136","0,8063","0,0368"
Populus,2025-Beta-1,Buchs,"0,92","4,4397",15.02.2024,24.02.2024,"3,1545","2,546","0,8071","0,0348"
Populus,2025-Beta-1,Buchs,"0,93","4,5985",15.02.2024,24.02.2024,"3,0295","2,4658","0,8139","0,0352"
Populus,2025-Beta-1,Buchs,"0,94","4,7944",15.02.2024,24.02.2024,"2,9028","2,3814","0,8204","0,035"
Populus,2025-Beta-1,Buchs,"0,95","4,9535",15.02.2024,24.02.2024,"2,8073","2,2834","0,8134","0,0315"
Populus,2025-Beta-1,Buchs,"0,96","5,2957",15.02.2024,24.02.2024,"2,6406","2,1705","0,822","0,0295"
Populus,2025-Beta-1,Buchs,"0,97","5,696",15.02.2024,24.02.2024,"2,4583","2,0407","0,8301","0,0259"
Populus,2025-Beta-1,Buchs,"0,98","6,3195",15.02.2024,24.02.2024,"2,217","1,8594","0,8387","0,023"
Populus,2025-Beta-1,Buchs,"0,99","7,5177",15.02.2024,24.02.2024,"1,8577","1,5976","0,86","0,0218"
Populus,2025-Beta-1,Buchs,"0,999","13,3169",15.02.2024,24.02.2024,"1,0469","0,9569","0,914","0,0027"
Populus,2025-Beta-1,Buchs,"0,9999","24,4578",15.02.2024,24.02.2024,"0,5608","0,5652","1,008","-0,027"
Populus,2025-Beta-1,Buchs,1,"50,0157",15.02.2024,24.02.2024,"0,2865","0,3268","1,1407","-0,047"
Populus,2025-Beta-1,Buchs,1,"95,8549",15.02.2024,24.02.2024,"0,1302","0,181","1,3898","-0,1031"
Populus,2025-Beta-1,Buchs,1,"155,8971",15.02.2024,24.02.2024,"0,0781","0,1126","1,4418","-0,1226"
Quercus,2025-Beta-1,Buchs,0,"4,8538",05.04.2024,17.05.2024,"8,5115","0,746","0,0876","0,3336"
Quercus,2025-Beta-1,Buchs,"0,2","4,8538",05.04.2024,17.05.2024,"8,5115","0,746","0,0876","0,3336"
Quercus,2025-Beta-1,Buchs,"0,4","4,8786",05.04.2024,17.05.2024,"8,4545","0,7295","0,0863","0,3362"
Quercus,2025-Beta-1,Buchs,"0,6","5,0799",05.04.2024,17.05.2024,"7,989","0,6173","0,0773","0,3445"
Quercus,2025-Beta-1,Buchs,"0,75","5,3293",05.04.2024,17.05.2024,"7,4876","0,5131","0,0685","0,3537"
Quercus,2025-Beta-1,Buchs,"0,8","5,4272",05.04.2024,17.05.2024,"7,3103","0,4736","0,0648","0,359"
Quercus,2025-Beta-1,Buchs,"0,85","5,5486",05.04.2024,17.05.2024,"7,0988","0,4291","0,0604","0,3622"
Quercus,2025-Beta-1,Buchs,"0,9","5,702",05.04.2024,17.05.2024,"6,8291","0,3758","0,055","0,3716"
Quercus,2025-Beta-1,Buchs,"0,91","5,7423",05.04.2024,17.05.2024,"6,7641","0,3633","0,0537","0,3743"
Quercus,2025-Beta-1,Buchs,"0,92","5,7923",05.04.2024,17.05.2024,"6,6869","0,3516","0,0526","0,3762"
Quercus,2025-Beta-1,Buchs,"0,93","5,8373",05.04.2024,17.05.2024,"6,6062","0,3387","0,0513","0,3769"
Quercus,2025-Beta-1,Buchs,"0,94","5,8878",05.04.2024,17.05.2024,"6,5214","0,324","0,0497","0,3775"
Quercus,2025-Beta-1,Buchs,"0,95","5,9567",05.04.2024,17.05.2024,"6,418","0,3078","0,048","0,3792"
Quercus,2025-Beta-1,Buchs,"0,96","6,0392",05.04.2024,17.05.2024,"6,2965","0,2901","0,0461","0,3835"
Quercus,2025-Beta-1,Buchs,"0,97","6,1445",05.04.2024,17.05.2024,"6,1536","0,2667","0,0433","0,3888"
Quercus,2025-Beta-1,Buchs,"0,98","6,3214",05.04.2024,17.05.2024,"5,9376","0,2386","0,0402","0,3818"
Quercus,2025-Beta-1,Buchs,"0,99","6,6483",05.04.2024,17.05.2024,"5,5932","0,1934","0,0346","0,3946"
Quercus,2025-Beta-1,Buchs,"0,999","7,8756",05.04.2024,17.05.2024,"4,5587","0,1034","0,0227","0,4194"
Quercus,2025-Beta-1,Buchs,"0,9999","9,6056",05.04.2024,17.05.2024,"3,6127","0,0568","0,0157","0,4322"
Quercus,2025-Beta-1,Buchs,1,"12,455",05.04.2024,17.05.2024,"2,7418","0,0282","0,0103","0,4489"
Quercus,2025-Beta-1,Buchs,1,"18,0251",05.04.2024,17.05.2024,"1,8564","0,0135","0,0073","0,4076"
Quercus,2025-Beta-1,Buchs,1,"25,5782",05.04.2024,17.05.2024,"1,2807","0,0083","0,0064","0,4672"
Taxus,2025-Beta-1,Buchs,0,"4,6389",09.02.2024,07.03.2024,"24,6105","1,4062","0,0571","0,3419"
Taxus,2025-Beta-1,Buchs,"0,2","4,6389",09.02.2024,07.03.2024,"24,6105","1,4062","0,0571","0,3419"
Taxus,2025-Beta-1,Buchs,"0,4","4,6447",09.02.2024,07.03.2024,"24,5609","1,3672","0,0557","0,3438"
Taxus,2025-Beta-1,Buchs,"0,6","4,8188",09.02.2024,07.03.2024,"23,5638","1,1186","0,0475","0,3514"
Taxus,2025-Beta-1,Buchs,"0,75","5,0965",09.02.2024,07.03.2024,"22,1681","0,8885","0,0401","0,362"
Taxus,2025-Beta-1,Buchs,"0,8","5,2228",09.02.2024,07.03.2024,"21,6057","0,8108","0,0375","0,3669"
Taxus,2025-Beta-1,Buchs,"0,85","5,4047",09.02.2024,07.03.2024,"20,8629","0,7219","0,0346","0,3712"
Taxus,2025-Beta-1,Buchs,"0,9","5,6488",09.02.2024,07.03.2024,"19,8981","0,623","0,0313","0,386"
Taxus,2025-Beta-1,Buchs,"0,91","5,7149",09.02.2024,07.03.2024,"19,6705","0,5986","0,0304","0,3896"
Taxus,2025-Beta-1,Buchs,"0,92","5,7875",09.02.2024,07.03.2024,"19,4082","0,5759","0,0297","0,3919"
Taxus,2025-Beta-1,Buchs,"0,93","5,8823",09.02.2024,07.03.2024,"19,0827","0,5486","0,0287","0,3939"
Taxus,2025-Beta-1,Buchs,"0,94","5,9773",09.02.2024,07.03.2024,"18,7578","0,5213","0,0278","0,3968"
Taxus,2025-Beta-1,Buchs,"0,95","6,0831",09.02.2024,07.03.2024,"18,4056","0,4887","0,0265","0,4026"
Taxus,2025-Beta-1,Buchs,"0,96","6,229",09.02.2024,07.03.2024,"17,9529","0,4536","0,0253","0,4016"
Taxus,2025-Beta-1,Buchs,"0,97","6,4506",09.02.2024,07.03.2024,"17,3273","0,4136","0,0239","0,4073"
Taxus,2025-Beta-1,Buchs,"0,98","6,7634",09.02.2024,07.03.2024,"16,5212","0,3651","0,0221","0,4067"
Taxus,2025-Beta-1,Buchs,"0,99","7,3576",09.02.2024,07.03.2024,"15,1522","0,2944","0,0194","0,4137"
Taxus,2025-Beta-1,Buchs,"0,999","10,3424",09.02.2024,07.03.2024,"10,6448","0,1402","0,0132","0,4336"
Taxus,2025-Beta-1,Buchs,"0,9999","15,7511",09.02.2024,07.03.2024,"6,8879","0,067","0,0097","0,4454"
Taxus,2025-Beta-1,Buchs,1,"27,2198",09.02.2024,07.03.2024,"3,9338","0,0284","0,0072","0,4523"
Taxus,2025-Beta-1,Buchs,1,"55,3152",09.02.2024,07.03.2024,"1,8937","0,01","0,0053","0,485"
Taxus,2025-Beta-1,Buchs,1,"110,4128",09.02.2024,07.03.2024,"0,9438","0,0037","0,0039","0,5086"
Alnus,2025-Beta-1,Luzern,0,"10,5898",07.02.2024,02.03.2024,"5,0931","0,1565","0,0307","0,6228"
Alnus,2025-Beta-1,Luzern,"0,2","10,5898",07.02.2024,02.03.2024,"5,0931","0,1565","0,0307","0,6228"
Alnus,2025-Beta-1,Luzern,"0,4","10,6018",07.02.2024,02.03.2024,"5,0834","0,1541","0,0303","0,626"
Alnus,2025-Beta-1,Luzern,"0,6","11,2495",07.02.2024,02.03.2024,"4,7722","0,1325","0,0278","0,6216"
Alnus,2025-Beta-1,Luzern,"0,75","12,2113",07.02.2024,02.03.2024,"4,3285","0,1143","0,0264","0,6199"
Alnus,2025-Beta-1,Luzern,"0,8","12,6596",07.02.2024,02.03.2024,"4,1563","0,1052","0,0253","0,6201"
Alnus,2025-Beta-1,Luzern,"0,85","13,3001",07.02.2024,02.03.2024,"3,9486","0,0959","0,0243","0,6169"
Alnus,2025-Beta-1,Luzern,"0,9","14,107",07.02.2024,02.03.2024,"3,6917","0,0832","0,0225","0,6109"
Alnus,2025-Beta-1,Luzern,"0,91","14,2772",07.02.2024,02.03.2024,"3,6327","0,0807","0,0222","0,6169"
Alnus,2025-Beta-1,Luzern,"0,92","14,5348",07.02.2024,02.03.2024,"3,5632","0,0775","0,0218","0,6209"
Alnus,2025-Beta-1,Luzern,"0,93","14,8164",07.02.2024,02.03.2024,"3,4806","0,0741","0,0213","0,6328"
Alnus,2025-Beta-1,Luzern,"0,94","15,1101",07.02.2024,02.03.2024,"3,3972","0,0717","0,0211","0,6321"
Alnus,2025-Beta-1,Luzern,"0,95","15,5046",07.02.2024,02.03.2024,"3,3028","0,0673","0,0204","0,6382"
Alnus,2025-Beta-1,Luzern,"0,96","15,9302",07.02.2024,02.03.2024,"3,1861","0,0639","0,0201","0,6408"
Alnus,2025-Beta-1,Luzern,"0,97","16,644",07.02.2024,02.03.2024,"3,0438","0,059","0,0194","0,6368"
Alnus,2025-Beta-1,Luzern,"0,98","17,7939",07.02.2024,02.03.2024,"2,8403","0,0517","0,0182","0,6277"
Alnus,2025-Beta-1,Luzern,"0,99","19,768",07.02.2024,02.03.2024,"2,5174","0,043","0,0171","0,6408"
Alnus,2025-Beta-1,Luzern,"0,999","29,2169",07.02.2024,02.03.2024,"1,6347","0,0238","0,0145","0,6658"
Alnus,2025-Beta-1,Luzern,"0,9999","45,2481",07.02.2024,02.03.2024,"1,0097","0,0127","0,0125","0,6291"
Alnus,2025-Beta-1,Luzern,1,"76,3019",07.02.2024,02.03.2024,"0,5375","0,0053","0,0098","0,6493"
Alnus,2025-Beta-1,Luzern,1,"170,6686",07.02.2024,02.03.2024,"0,2333","0,002","0,0085","0,5588"
Alnus,2025-Beta-1,Luzern,1,"397,7492",07.02.2024,02.03.2024,"0,1049","0,0009","0,0081","0,5016"
Betula,2025-Beta-1,Luzern,0,"45,5342",25.03.2024,19.04.2024,"6,4688","0,2849","0,044","0,5769"
Betula,2025-Beta-1,Luzern,"0,2","45,5342",25.03.2024,19.04.2024,"6,4688","0,2849","0,044","0,5769"
Betula,2025-Beta-1,Luzern,"0,4","45,9425",25.03.2024,19.04.2024,"6,3973","0,2796","0,0437","0,5767"
Betula,2025-Beta-1,Luzern,"0,6","51,8401",25.03.2024,19.04.2024,"5,6487","0,2337","0,0414","0,5898"
Betula,2025-Beta-1,Luzern,"0,75","60,5076",25.03.2024,19.04.2024,"4,8467","0,1912","0,0394","0,5788"
Betula,2025-Beta-1,Luzern,"0,8","64,1549",25.03.2024,19.04.2024,"4,5429","0,1751","0,0385","0,5751"
Betula,2025-Beta-1,Luzern,"0,85","69,0509",25.03.2024,19.04.2024,"4,201","0,1579","0,0376","0,5724"
Betula,2025-Beta-1,Luzern,"0,9","76,5815",25.03.2024,19.04.2024,"3,7569","0,137","0,0365","0,5762"
Betula,2025-Beta-1,Luzern,"0,91","78,3083",25.03.2024,19.04.2024,"3,6721","0,1323","0,036","0,5793"
Betula,2025-Beta-1,Luzern,"0,92","81,0789",25.03.2024,19.04.2024,"3,5519","0,1266","0,0356","0,5764"
Betula,2025-Beta-1,Luzern,"0,93","83,4593",25.03.2024,19.04.2024,"3,4324","0,1213","0,0353","0,5741"
Betula,2025-Beta-1,Luzern,"0,94","86,0852",25.03.2024,19.04.2024,"3,3169","0,1154","0,0348","0,5661"
Betula,2025-Beta-1,Luzern,"0,95","90,51",25.03.2024,19.04.2024,"3,1519","0,1088","0,0345","0,5616"
Betula,2025-Beta-1,Luzern,"0,96","95,4127",25.03.2024,19.04.2024,"2,9823","0,1006","0,0337","0,5603"
Betula,2025-Beta-1,Luzern,"0,97","102,1503",25.03.2024,19.04.2024,"2,7619","0,091","0,033","0,5603"
Betula,2025-Beta-1,Luzern,"0,98","113,4079",25.03.2024,19.04.2024,"2,4955","0,0794","0,0318","0,5507"
Betula,2025-Beta-1,Luzern,"0,99","135,1327",25.03.2024,19.04.2024,"2,0855","0,0635","0,0304","0,5734"
Betula,2025-Beta-1,Luzern,"0,999","232,7492",25.03.2024,19.04.2024,"1,172","0,0314","0,0268","0,5943"
Betula,2025-Beta-1,Luzern,"0,9999","431,9568",25.03.2024,19.04.2024,"0,6103","0,0141","0,0231","0,5358"
Betula,2025-Beta-1,Luzern,1,"863,5122",25.03.2024,19.04.2024,"0,3005","0,0052","0,0172","0,5705"
Betula,2025-Beta-1,Luzern,1,1000,25.03.2024,19.04.2024,"0,1289","0,0027","0,0211","0,529"
Betula,2025-Beta-1,Luzern,1,1000,25.03.2024,19.04.2024,"0,0708","0,0017","0,0243","0,503"
Corylus,2025-Beta-1,Luzern,0,"26,2119",21.01.2024,24.02.2024,"3,2047","0,5654","0,1764","0,5026"
Corylus,2025-Beta-1,Luzern,"0,2","26,2119",21.01.2024,24.02.2024,"3,2047","0,5654","0,1764","0,5026"
Corylus,2025-Beta-1,Luzern,"0,4","26,354",21.01.2024,24.02.2024,"3,1843","0,5554","0,1744","0,504"
Corylus,2025-Beta-1,Luzern,"0,6","29,2763",21.01.2024,24.02.2024,"2,8415","0,472","0,1661","0,5074"
Corylus,2025-Beta-1,Luzern,"0,75","33,6213",21.01.2024,24.02.2024,"2,4347","0,3855","0,1583","0,5141"
Corylus,2025-Beta-1,Luzern,"0,8","35,9306",21.01.2024,24.02.2024,"2,275","0,3545","0,1558","0,5119"
Corylus,2025-Beta-1,Luzern,"0,85","38,8399",21.01.2024,24.02.2024,"2,1025","0,3208","0,1526","0,5141"
Corylus,2025-Beta-1,Luzern,"0,9","43,1472",21.01.2024,24.02.2024,"1,8753","0,2822","0,1505","0,5165"
Corylus,2025-Beta-1,Luzern,"0,91","44,2548",21.01.2024,24.02.2024,"1,8221","0,2714","0,1489","0,5166"
Corylus,2025-Beta-1,Luzern,"0,92","45,5527",21.01.2024,24.02.2024,"1,7686","0,2615","0,1478","0,5222"
Corylus,2025-Beta-1,Luzern,"0,93","47,0174",21.01.2024,24.02.2024,"1,7115","0,2511","0,1467","0,524"
Corylus,2025-Beta-1,Luzern,"0,94","49,0281",21.01.2024,24.02.2024,"1,6341","0,2377","0,1455","0,5144"
Corylus,2025-Beta-1,Luzern,"0,95","51,4062",21.01.2024,24.02.2024,"1,5558","0,2244","0,1442","0,5097"
Corylus,2025-Beta-1,Luzern,"0,96","54,5081",21.01.2024,24.02.2024,"1,4641","0,2089","0,1427","0,5118"
Corylus,2025-Beta-1,Luzern,"0,97","58,9245",21.01.2024,24.02.2024,"1,349","0,1915","0,142","0,5135"
Corylus,2025-Beta-1,Luzern,"0,98","66,1893",21.01.2024,24.02.2024,"1,1972","0,1689","0,1411","0,5077"
Corylus,2025-Beta-1,Luzern,"0,99","80,0524",21.01.2024,24.02.2024,"0,9833","0,1353","0,1376","0,5118"
Corylus,2025-Beta-1,Luzern,"0,999","155,8351",21.01.2024,24.02.2024,"0,4559","0,0614","0,1347","0,5207"
Corylus,2025-Beta-1,Luzern,"0,9999","347,909",21.01.2024,24.02.2024,"0,192","0,0268","0,1397","0,4901"
Corylus,2025-Beta-1,Luzern,1,"774,202",21.01.2024,24.02.2024,"0,0709","0,0096","0,1355","0,4997"
Corylus,2025-Beta-1,Luzern,1,1000,21.01.2024,24.02.2024,"0,0203","0,0023","0,1143","0,3846"
Corylus,2025-Beta-1,Luzern,1,1000,21.01.2024,24.02.2024,"0,0055","0,0008","0,142","0,3309"
Cupressaceae,2025-Beta-1,Luzern,0,"0,8337",15.02.2024,08.03.2024,"9,5274","7,7936","0,818","0,4362"
Cupressaceae,2025-Beta-1,Luzern,"0,2","0,8337",15.02.2024,08.03.2024,"9,5274","7,7936","0,818","0,4362"
Cupressaceae,2025-Beta-1,Luzern,"0,4","0,8366",15.02.2024,08.03.2024,"9,4813","7,7629","0,8188","0,4365"
Cupressaceae,2025-Beta-1,Luzern,"0,6","0,9152",15.02.2024,08.03.2024,"8,6248","7,2286","0,8381","0,4328"
Cupressaceae,2025-Beta-1,Luzern,"0,75","1,0289",15.02.2024,08.03.2024,"7,6214","6,5836","0,8638","0,4354"
Cupressaceae,2025-Beta-1,Luzern,"0,8","1,0815",15.02.2024,08.03.2024,"7,224","6,3262","0,8757","0,434"
Cupressaceae,2025-Beta-1,Luzern,"0,85","1,14",15.02.2024,08.03.2024,"6,7952","6,0249","0,8866","0,4352"
Cupressaceae,2025-Beta-1,Luzern,"0,9","1,2314",15.02.2024,08.03.2024,"6,2685","5,6471","0,9009","0,4353"
Cupressaceae,2025-Beta-1,Luzern,"0,91","1,2579",15.02.2024,08.03.2024,"6,1422","5,5518","0,9039","0,4373"
Cupressaceae,2025-Beta-1,Luzern,"0,92","1,2771",15.02.2024,08.03.2024,"5,9859","5,4473","0,91","0,4365"
Cupressaceae,2025-Beta-1,Luzern,"0,93","1,3125",15.02.2024,08.03.2024,"5,8228","5,3437","0,9177","0,4355"
Cupressaceae,2025-Beta-1,Luzern,"0,94","1,3443",15.02.2024,08.03.2024,"5,6531","5,2194","0,9233","0,4343"
Cupressaceae,2025-Beta-1,Luzern,"0,95","1,3925",15.02.2024,08.03.2024,"5,4419","5,0595","0,9297","0,4369"
Cupressaceae,2025-Beta-1,Luzern,"0,96","1,4481",15.02.2024,08.03.2024,"5,2044","4,8919","0,94","0,4387"
Cupressaceae,2025-Beta-1,Luzern,"0,97","1,526",15.02.2024,08.03.2024,"4,92","4,6866","0,9526","0,436"
Cupressaceae,2025-Beta-1,Luzern,"0,98","1,6518",15.02.2024,08.03.2024,"4,5144","4,3929","0,9731","0,4329"
Cupressaceae,2025-Beta-1,Luzern,"0,99","1,8676",15.02.2024,08.03.2024,"3,9254","3,9293","1,001","0,4299"
Cupressaceae,2025-Beta-1,Luzern,"0,999","2,8019",15.02.2024,08.03.2024,"2,417","2,6951","1,1151","0,4272"
Cupressaceae,2025-Beta-1,Luzern,"0,9999","4,035",15.02.2024,08.03.2024,"1,469","1,7733","1,2071","0,4148"
Cupressaceae,2025-Beta-1,Luzern,1,"6,055",15.02.2024,08.03.2024,"0,8715","1,1343","1,3014","0,4134"
Cupressaceae,2025-Beta-1,Luzern,1,"8,1394",15.02.2024,08.03.2024,"0,4984","0,7008","1,4061","0,398"
Cupressaceae,2025-Beta-1,Luzern,1,"10,6724",15.02.2024,08.03.2024,"0,3126","0,4854","1,5525","0,3668"
Fagus,2025-Beta-1,Luzern,0,"3,2754",06.04.2024,16.05.2024,"2,4194","0,3363","0,139","0,4909"
Fagus,2025-Beta-1,Luzern,"0,2","3,2754",06.04.2024,16.05.2024,"2,4194","0,3363","0,139","0,4909"
Fagus,2025-Beta-1,Luzern,"0,4","3,3392",06.04.2024,16.05.2024,"2,3868","0,3314","0,1388","0,491"
Fagus,2025-Beta-1,Luzern,"0,6","3,9094",06.04.2024,16.05.2024,"2,1242","0,2777","0,1307","0,5062"
Fagus,2025-Beta-1,Luzern,"0,75","4,5936",06.04.2024,16.05.2024,"1,8701","0,2226","0,119","0,521"
Fagus,2025-Beta-1,Luzern,"0,8","4,9596",06.04.2024,16.05.2024,"1,7639","0,202","0,1145","0,5244"
Fagus,2025-Beta-1,Luzern,"0,85","5,4263",06.04.2024,16.05.2024,"1,6533","0,1848","0,1118","0,5331"
Fagus,2025-Beta-1,Luzern,"0,9","6,0066",06.04.2024,16.05.2024,"1,5267","0,1571","0,1029","0,5471"
Fagus,2025-Beta-1,Luzern,"0,91","6,1063",06.04.2024,16.05.2024,"1,5077","0,1514","0,1004","0,5503"
Fagus,2025-Beta-1,Luzern,"0,92","6,2482",06.04.2024,16.05.2024,"1,4776","0,1463","0,099","0,5517"
Fagus,2025-Beta-1,Luzern,"0,93","6,4614",06.04.2024,16.05.2024,"1,4378","0,1396","0,0971","0,5518"
Fagus,2025-Beta-1,Luzern,"0,94","6,6948",06.04.2024,16.05.2024,"1,3976","0,1322","0,0946","0,5555"
Fagus,2025-Beta-1,Luzern,"0,95","6,9132",06.04.2024,16.05.2024,"1,3599","0,1265","0,093","0,5575"
Fagus,2025-Beta-1,Luzern,"0,96","7,2228",06.04.2024,16.05.2024,"1,3167","0,1193","0,0906","0,5619"
Fagus,2025-Beta-1,Luzern,"0,97","7,6855",06.04.2024,16.05.2024,"1,2489","0,1106","0,0885","0,5675"
Fagus,2025-Beta-1,Luzern,"0,98","8,29",06.04.2024,16.05.2024,"1,1702","0,0974","0,0833","0,5815"
Fagus,2025-Beta-1,Luzern,"0,99","9,2695",06.04.2024,16.05.2024,"1,0618","0,0796","0,0749","0,5982"
Fagus,2025-Beta-1,Luzern,"0,999","11,8055",06.04.2024,16.05.2024,"0,8322","0,0432","0,052","0,645"
Fagus,2025-Beta-1,Luzern,"0,9999","13,9181",06.04.2024,16.05.2024,"0,6822","0,0234","0,0343","0,7026"
Fagus,2025-Beta-1,Luzern,1,"15,8559",06.04.2024,16.05.2024,"0,5975","0,0141","0,0236","0,7366"
Fagus,2025-Beta-1,Luzern,1,"17,9271",06.04.2024,16.05.2024,"0,5149","0,0077","0,015","0,7811"
Fagus,2025-Beta-1,Luzern,1,"20,1313",06.04.2024,16.05.2024,"0,4505","0,0051","0,0113","0,8016"
Fraxinus,2025-Beta-1,Luzern,0,"0,6784",22.03.2024,12.04.2024,"108,1521","27,9558","0,2585","0,4079"
Fraxinus,2025-Beta-1,Luzern,"0,2","0,6784",22.03.2024,12.04.2024,"108,1521","27,9558","0,2585","0,4079"
Fraxinus,2025-Beta-1,Luzern,"0,4","0,6792",22.03.2024,12.04.2024,"108,014","27,9025","0,2583","0,4076"
Fraxinus,2025-Beta-1,Luzern,"0,6","0,6955",22.03.2024,12.04.2024,"105,4806","26,7081","0,2532","0,4085"
Fraxinus,2025-Beta-1,Luzern,"0,75","0,7176",22.03.2024,12.04.2024,"102,1705","25,1277","0,2459","0,4121"
Fraxinus,2025-Beta-1,Luzern,"0,8","0,7266",22.03.2024,12.04.2024,"100,8124","24,4896","0,2429","0,4136"
Fraxinus,2025-Beta-1,Luzern,"0,85","0,7379",22.03.2024,12.04.2024,"99,2088","23,7074","0,239","0,4152"
Fraxinus,2025-Beta-1,Luzern,"0,9","0,7536",22.03.2024,12.04.2024,"97,0697","22,6916","0,2338","0,4182"
Fraxinus,2025-Beta-1,Luzern,"0,91","0,7578",22.03.2024,12.04.2024,"96,522","22,4393","0,2325","0,4193"
Fraxinus,2025-Beta-1,Luzern,"0,92","0,7626",22.03.2024,12.04.2024,"95,8993","22,1535","0,231","0,4193"
Fraxinus,2025-Beta-1,Luzern,"0,93","0,7679",22.03.2024,12.04.2024,"95,1914","21,8335","0,2294","0,42"
Fraxinus,2025-Beta-1,Luzern,"0,94","0,774",22.03.2024,12.04.2024,"94,4306","21,4784","0,2275","0,4208"
Fraxinus,2025-Beta-1,Luzern,"0,95","0,7808",22.03.2024,12.04.2024,"93,5775","21,0568","0,225","0,422"
Fraxinus,2025-Beta-1,Luzern,"0,96","0,7898",22.03.2024,12.04.2024,"92,4726","20,5511","0,2222","0,4244"
Fraxinus,2025-Beta-1,Luzern,"0,97","0,8012",22.03.2024,12.04.2024,"91,0805","19,9234","0,2187","0,4256"
Fraxinus,2025-Beta-1,Luzern,"0,98","0,8173",22.03.2024,12.04.2024,"89,2031","19,0262","0,2133","0,4271"
Fraxinus,2025-Beta-1,Luzern,"0,99","0,8463",22.03.2024,12.04.2024,"86,0749","17,5719","0,2041","0,4308"
Fraxinus,2025-Beta-1,Luzern,"0,999","0,9527",22.03.2024,12.04.2024,"76,1736","13,1803","0,173","0,444"
Fraxinus,2025-Beta-1,Luzern,"0,9999","1,0817",22.03.2024,12.04.2024,"66,9115","9,5141","0,1422","0,4607"
Fraxinus,2025-Beta-1,Luzern,1,"1,2435",22.03.2024,12.04.2024,"58,2073","6,5272","0,1121","0,4762"
Fraxinus,2025-Beta-1,Luzern,1,"1,4481",22.03.2024,12.04.2024,"50,1159","4,2975","0,0858","0,4968"
Fraxinus,2025-Beta-1,Luzern,1,"1,635",22.03.2024,12.04.2024,"44,5594","3,0315","0,068","0,5168"
Pinaceae,2025-Beta-1,Luzern,0,"5,2285",06.04.2024,22.04.2024,"11,6046","2,6376","0,2273","0,7186"
Pinaceae,2025-Beta-1,Luzern,"0,2","5,2285",06.04.2024,22.04.2024,"11,6046","2,6376","0,2273","0,7186"
Pinaceae,2025-Beta-1,Luzern,"0,4","5,2318",06.04.2024,22.04.2024,"11,5893","2,6343","0,2273","0,7196"
Pinaceae,2025-Beta-1,Luzern,"0,6","5,2808",06.04.2024,22.04.2024,"11,4331","2,5948","0,227","0,7259"
Pinaceae,2025-Beta-1,Luzern,"0,75","5,3306",06.04.2024,22.04.2024,"11,2748","2,5453","0,2258","0,7282"
Pinaceae,2025-Beta-1,Luzern,"0,8","5,3516",06.04.2024,22.04.2024,"11,2012","2,5267","0,2256","0,7287"
Pinaceae,2025-Beta-1,Luzern,"0,85","5,3758",06.04.2024,22.04.2024,"11,1441","2,5056","0,2248","0,7316"
Pinaceae,2025-Beta-1,Luzern,"0,9","5,3978",06.04.2024,22.04.2024,"11,0777","2,476","0,2235","0,732"
Pinaceae,2025-Beta-1,Luzern,"0,91","5,4066",06.04.2024,22.04.2024,"11,0573","2,4679","0,2232","0,7334"
Pinaceae,2025-Beta-1,Luzern,"0,92","5,4187",06.04.2024,22.04.2024,"11,0327","2,4592","0,2229","0,735"
Pinaceae,2025-Beta-1,Luzern,"0,93","5,4243",06.04.2024,22.04.2024,"11,0154","2,4505","0,2225","0,7358"
Pinaceae,2025-Beta-1,Luzern,"0,94","5,4304",06.04.2024,22.04.2024,"10,996","2,4414","0,222","0,7364"
Pinaceae,2025-Beta-1,Luzern,"0,95","5,4377",06.04.2024,22.04.2024,"10,9684","2,43","0,2215","0,7377"
Pinaceae,2025-Beta-1,Luzern,"0,96","5,4442",06.04.2024,22.04.2024,"10,947","2,4166","0,2208","0,7398"
Pinaceae,2025-Beta-1,Luzern,"0,97","5,4527",06.04.2024,22.04.2024,"10,9153","2,399","0,2198","0,743"
Pinaceae,2025-Beta-1,Luzern,"0,98","5,4683",06.04.2024,22.04.2024,"10,8704","2,3752","0,2185","0,7444"
Pinaceae,2025-Beta-1,Luzern,"0,99","5,4904",06.04.2024,22.04.2024,"10,8009","2,3345","0,2161","0,7456"
Pinaceae,2025-Beta-1,Luzern,"0,999","5,5397",06.04.2024,22.04.2024,"10,6457","2,2009","0,2067","0,7529"
Pinaceae,2025-Beta-1,Luzern,"0,9999","5,5727",06.04.2024,22.04.2024,"10,5456","2,0597","0,1953","0,7581"
Pinaceae,2025-Beta-1,Luzern,1,"5,5945",06.04.2024,22.04.2024,"10,4823","1,9032","0,1816","0,7623"
Pinaceae,2025-Beta-1,Luzern,1,"5,6226",06.04.2024,22.04.2024,"10,4108","1,7189","0,1651","0,7771"
Pinaceae,2025-Beta-1,Luzern,1,"5,6539",06.04.2024,22.04.2024,"10,3414","1,5456","0,1495","0,786"
Platanus,2025-Beta-1,Luzern,0,"7,5932",06.04.2024,18.04.2024,"4,3646","0,2669","0,0611","0,3664"
Platanus,2025-Beta-1,Luzern,"0,2","7,5932",06.04.2024,18.04.2024,"4,3646","0,2669","0,0611","0,3664"
Platanus,2025-Beta-1,Luzern,"0,4","7,6465",06.04.2024,18.04.2024,"4,3366","0,2645","0,061","0,3662"
Platanus,2025-Beta-1,Luzern,"0,6","8,3561",06.04.2024,18.04.2024,"3,9907","0,2349","0,0589","0,369"
Platanus,2025-Beta-1,Luzern,"0,75","9,1974",06.04.2024,18.04.2024,"3,6221","0,2051","0,0566","0,3732"
Platanus,2025-Beta-1,Luzern,"0,8","9,5295",06.04.2024,18.04.2024,"3,4872","0,1931","0,0554","0,3721"
Platanus,2025-Beta-1,Luzern,"0,85","9,9586",06.04.2024,18.04.2024,"3,331","0,178","0,0534","0,3738"
Platanus,2025-Beta-1,Luzern,"0,9","10,5959",06.04.2024,18.04.2024,"3,1253","0,1607","0,0514","0,3721"
Platanus,2025-Beta-1,Luzern,"0,91","10,7466",06.04.2024,18.04.2024,"3,0812","0,1572","0,051","0,3731"
Platanus,2025-Beta-1,Luzern,"0,92","10,9095",06.04.2024,18.04.2024,"3,0318","0,152","0,0501","0,3749"
Platanus,2025-Beta-1,Luzern,"0,93","11,1621",06.04.2024,18.04.2024,"2,9637","0,1473","0,0497","0,366"
Platanus,2025-Beta-1,Luzern,"0,94","11,3528",06.04.2024,18.04.2024,"2,9103","0,1416","0,0486","0,3632"
Platanus,2025-Beta-1,Luzern,"0,95","11,638",06.04.2024,18.04.2024,"2,8382","0,1328","0,0468","0,3678"
Platanus,2025-Beta-1,Luzern,"0,96","11,9586",06.04.2024,18.04.2024,"2,7474","0,1256","0,0457","0,3705"
Platanus,2025-Beta-1,Luzern,"0,97","12,5129",06.04.2024,18.04.2024,"2,6192","0,1156","0,0441","0,3728"
Platanus,2025-Beta-1,Luzern,"0,98","13,2392",06.04.2024,18.04.2024,"2,4749","0,1046","0,0423","0,3663"
Platanus,2025-Beta-1,Luzern,"0,99","14,8428",06.04.2024,18.04.2024,"2,2131","0,09","0,0407","0,372"
Platanus,2025-Beta-1,Luzern,"0,999","21,3667",06.04.2024,18.04.2024,"1,4917","0,054","0,0362","0,3415"
Platanus,2025-Beta-1,Luzern,"0,9999","31,854",06.04.2024,18.04.2024,"0,9842","0,0308","0,0313","0,386"
Platanus,2025-Beta-1,Luzern,1,"52,2507",06.04.2024,18.04.2024,"0,5769","0,0118","0,0204","0,4549"
Platanus,2025-Beta-1,Luzern,1,"87,9435",06.04.2024,18.04.2024,"0,3232","0,0049","0,0152","0,5476"
Platanus,2025-Beta-1,Luzern,1,"155,1186",06.04.2024,18.04.2024,"0,1643","0,0026","0,0158","0,5174"
Poaceae,2025-Beta-1,Luzern,0,"7,7321",05.04.2024,10.06.2024,"8,5839","2,7396","0,3192","0,5504"
Poaceae,2025-Beta-1,Luzern,"0,2","7,7321",05.04.2024,10.06.2024,"8,5839","2,7396","0,3192","0,5504"
Poaceae,2025-Beta-1,Luzern,"0,4","7,7387",05.04.2024,10.06.2024,"8,5756","2,7333","0,3187","0,5504"
Poaceae,2025-Beta-1,Luzern,"0,6","7,9452",05.04.2024,10.06.2024,"8,3459","2,6325","0,3154","0,5544"
Poaceae,2025-Beta-1,Luzern,"0,75","8,2492",05.04.2024,10.06.2024,"8,0374","2,5071","0,3119","0,5554"
Poaceae,2025-Beta-1,Luzern,"0,8","8,3758",05.04.2024,10.06.2024,"7,9187","2,4588","0,3105","0,5574"
Poaceae,2025-Beta-1,Luzern,"0,85","8,5351",05.04.2024,10.06.2024,"7,7686","2,4004","0,309","0,5564"
Poaceae,2025-Beta-1,Luzern,"0,9","8,7368",05.04.2024,10.06.2024,"7,5846","2,3187","0,3057","0,5593"
Poaceae,2025-Beta-1,Luzern,"0,91","8,7895",05.04.2024,10.06.2024,"7,5369","2,3029","0,3055","0,5595"
Poaceae,2025-Beta-1,Luzern,"0,92","8,8466",05.04.2024,10.06.2024,"7,4869","2,2843","0,3051","0,5589"
Poaceae,2025-Beta-1,Luzern,"0,93","8,9184",05.04.2024,10.06.2024,"7,4237","2,2611","0,3046","0,5595"
Poaceae,2025-Beta-1,Luzern,"0,94","9,0154",05.04.2024,10.06.2024,"7,3467","2,2354","0,3043","0,5597"
Poaceae,2025-Beta-1,Luzern,"0,95","9,0989",05.04.2024,10.06.2024,"7,2788","2,2075","0,3033","0,5601"
Poaceae,2025-Beta-1,Luzern,"0,96","9,2179",05.04.2024,10.06.2024,"7,1821","2,1773","0,3032","0,5611"
Poaceae,2025-Beta-1,Luzern,"0,97","9,3649",05.04.2024,10.06.2024,"7,0691","2,1322","0,3016","0,5623"
Poaceae,2025-Beta-1,Luzern,"0,98","9,5735",05.04.2024,10.06.2024,"6,9144","2,0755","0,3002","0,5663"
Poaceae,2025-Beta-1,Luzern,"0,99","9,9485",05.04.2024,10.06.2024,"6,6523","1,9887","0,2989","0,5677"
Poaceae,2025-Beta-1,Luzern,"0,999","11,3212",05.04.2024,10.06.2024,"5,827","1,7227","0,2956","0,5723"
Poaceae,2025-Beta-1,Luzern,"0,9999","13,0725",05.04.2024,10.06.2024,"5,0368","1,4725","0,2923","0,5741"
Poaceae,2025-Beta-1,Luzern,1,"15,2586",05.04.2024,10.06.2024,"4,319","1,2515","0,2898","0,5735"
Poaceae,2025-Beta-1,Luzern,1,"18,1218",05.04.2024,10.06.2024,"3,6216","1,0206","0,2818","0,5757"
Poaceae,2025-Beta-1,Luzern,1,"20,9979",05.04.2024,10.06.2024,"3,1114","0,85","0,2732","0,5729"
Quercus,2025-Beta-1,Luzern,0,"13,3487",07.04.2024,08.05.2024,"0,7812","1,4357","1,8377","0,2476"
Quercus,2025-Beta-1,Luzern,"0,2","13,3487",07.04.2024,08.05.2024,"0,7812","1,4357","1,8377","0,2476"
Quercus,2025-Beta-1,Luzern,"0,4","13,4239",07.04.2024,08.05.2024,"0,7791","1,4242","1,8281","0,2474"
Quercus,2025-Beta-1,Luzern,"0,6","13,9566",07.04.2024,08.05.2024,"0,7487","1,2988","1,7348","0,2529"
Quercus,2025-Beta-1,Luzern,"0,75","16,1446",07.04.2024,08.05.2024,"0,6576","1,1645","1,771","0,2575"
Quercus,2025-Beta-1,Luzern,"0,8","16,5591",07.04.2024,08.05.2024,"0,6424","1,1136","1,7336","0,2607"
Quercus,2025-Beta-1,Luzern,"0,85","17,06",07.04.2024,08.05.2024,"0,6098","1,0526","1,7262","0,2585"
Quercus,2025-Beta-1,Luzern,"0,9","18,0768",07.04.2024,08.05.2024,"0,5751","0,9708","1,6881","0,2556"
Quercus,2025-Beta-1,Luzern,"0,91","18,4055",07.04.2024,08.05.2024,"0,5664","0,952","1,6807","0,2518"
Quercus,2025-Beta-1,Luzern,"0,92","18,8793",07.04.2024,08.05.2024,"0,5556","0,9329","1,6791","0,2544"
Quercus,2025-Beta-1,Luzern,"0,93","18,9892",07.04.2024,08.05.2024,"0,5447","0,9087","1,6683","0,2519"
Quercus,2025-Beta-1,Luzern,"0,94","19,3154",07.04.2024,08.05.2024,"0,5382","0,8862","1,6467","0,2511"
Quercus,2025-Beta-1,Luzern,"0,95","20,002",07.04.2024,08.05.2024,"0,5252","0,8586","1,6348","0,2514"
Quercus,2025-Beta-1,Luzern,"0,96","20,8699",07.04.2024,08.05.2024,"0,497","0,8247","1,6595","0,2569"
Quercus,2025-Beta-1,Luzern,"0,97","22,1381",07.04.2024,08.05.2024,"0,4753","0,7906","1,6634","0,258"
Quercus,2025-Beta-1,Luzern,"0,98","24,4277",07.04.2024,08.05.2024,"0,4384","0,7381","1,6836","0,2653"
Quercus,2025-Beta-1,Luzern,"0,99","25,626",07.04.2024,08.05.2024,"0,4145","0,6607","1,5941","0,2772"
Quercus,2025-Beta-1,Luzern,"0,999","37,1148",07.04.2024,08.05.2024,"0,2821","0,45","1,5951","0,2907"
Quercus,2025-Beta-1,Luzern,"0,9999","58,219",07.04.2024,08.05.2024,"0,1845","0,2871","1,5567","0,3229"
Quercus,2025-Beta-1,Luzern,1,"101,0872",07.04.2024,08.05.2024,"0,1063","0,1747","1,6432","0,3551"
Quercus,2025-Beta-1,Luzern,1,"186,7806",07.04.2024,08.05.2024,"0,0521","0,0979","1,8801","0,3679"
Quercus,2025-Beta-1,Luzern,1,"312,9081",07.04.2024,08.05.2024,"0,0304","0,056","1,8417","0,4071"
Taxus,2025-Beta-1,Luzern,0,"14,5837",10.02.2024,13.03.2024,"15,277","0,2395","0,0157","0,5694"
Taxus,2025-Beta-1,Luzern,"0,2","14,5837",10.02.2024,13.03.2024,"15,277","0,2395","0,0157","0,5694"
Taxus,2025-Beta-1,Luzern,"0,4","14,6393",10.02.2024,13.03.2024,"15,2146","0,2358","0,0155","0,5705"
Taxus,2025-Beta-1,Luzern,"0,6","16,3857",10.02.2024,13.03.2024,"13,5419","0,1939","0,0143","0,57"
Taxus,2025-Beta-1,Luzern,"0,75","19,3745",10.02.2024,13.03.2024,"11,362","0,1563","0,0138","0,5671"
Taxus,2025-Beta-1,Luzern,"0,8","20,848",10.02.2024,13.03.2024,"10,5415","0,1419","0,0135","0,5748"
Taxus,2025-Beta-1,Luzern,"0,85","22,797",10.02.2024,13.03.2024,"9,6092","0,1261","0,0131","0,5711"
Taxus,2025-Beta-1,Luzern,"0,9","25,7218",10.02.2024,13.03.2024,"8,5073","0,1071","0,0126","0,5641"
Taxus,2025-Beta-1,Luzern,"0,91","26,5498",10.02.2024,13.03.2024,"8,229","0,1021","0,0124","0,5664"
Taxus,2025-Beta-1,Luzern,"0,92","27,4472",10.02.2024,13.03.2024,"7,9557","0,0972","0,0122","0,5708"
Taxus,2025-Beta-1,Luzern,"0,93","28,5995",10.02.2024,13.03.2024,"7,6388","0,0937","0,0123","0,5727"
Taxus,2025-Beta-1,Luzern,"0,94","29,921",10.02.2024,13.03.2024,"7,2915","0,0882","0,0121","0,5732"
Taxus,2025-Beta-1,Luzern,"0,95","31,515",10.02.2024,13.03.2024,"6,9023","0,0833","0,0121","0,5819"
Taxus,2025-Beta-1,Luzern,"0,96","33,5632",10.02.2024,13.03.2024,"6,4504","0,0776","0,012","0,5808"
Taxus,2025-Beta-1,Luzern,"0,97","36,5173",10.02.2024,13.03.2024,"5,9109","0,0641","0,0108","0,5785"
Taxus,2025-Beta-1,Luzern,"0,98","41,5776",10.02.2024,13.03.2024,"5,1852","0,0558","0,0108","0,573"
Taxus,2025-Beta-1,Luzern,"0,99","51,7867",10.02.2024,13.03.2024,"4,1577","0,0448","0,0108","0,5684"
Taxus,2025-Beta-1,Luzern,"0,999","113,5396",10.02.2024,13.03.2024,"1,8681","0,0166","0,0089","0,5719"
Taxus,2025-Beta-1,Luzern,"0,9999","280,7518",10.02.2024,13.03.2024,"0,7612","0,0064","0,0084","0,5805"
Taxus,2025-Beta-1,Luzern,1,"741,6149",10.02.2024,13.03.2024,"0,2886","0,0024","0,0084","0,6101"
Taxus,2025-Beta-1,Luzern,1,1000,10.02.2024,13.03.2024,"0,092","0,0005","0,005","0,5869"
Taxus,2025-Beta-1,Luzern,1,1000,10.02.2024,13.03.2024,"0,0377",0,0,"0,5894"
Pinaceae,2025-Beta-1,Payerne,0,"3,248",04.05.2024,22.05.2024,"12,797","2,0322","0,1588","0,6895"
Pinaceae,2025-Beta-1,Payerne,"0,2","3,248",04.05.2024,22.05.2024,"12,797","2,0322","0,1588","0,6895"
Pinaceae,2025-Beta-1,Payerne,"0,4","3,2486",04.05.2024,22.05.2024,"12,7915","2,0297","0,1587","0,6902"
Pinaceae,2025-Beta-1,Payerne,"0,6","3,2719",04.05.2024,22.05.2024,"12,6992","1,9716","0,1553","0,6921"
Pinaceae,2025-Beta-1,Payerne,"0,75","3,3031",04.05.2024,22.05.2024,"12,5841","1,9147","0,1521","0,6993"
Pinaceae,2025-Beta-1,Payerne,"0,8","3,3162",04.05.2024,22.05.2024,"12,5302","1,8917","0,151","0,7006"
Pinaceae,2025-Beta-1,Payerne,"0,85","3,3407",04.05.2024,22.05.2024,"12,4507","1,8667","0,1499","0,7024"
Pinaceae,2025-Beta-1,Payerne,"0,9","3,3661",04.05.2024,22.05.2024,"12,3611","1,836","0,1485","0,709"
Pinaceae,2025-Beta-1,Payerne,"0,91","3,369",04.05.2024,22.05.2024,"12,3456","1,8292","0,1482","0,7086"
Pinaceae,2025-Beta-1,Payerne,"0,92","3,3749",04.05.2024,22.05.2024,"12,3228","1,8203","0,1477","0,7075"
Pinaceae,2025-Beta-1,Payerne,"0,93","3,3783",04.05.2024,22.05.2024,"12,3008","1,8122","0,1473","0,7077"
Pinaceae,2025-Beta-1,Payerne,"0,94","3,3866",04.05.2024,22.05.2024,"12,2725","1,8012","0,1468","0,7098"
Pinaceae,2025-Beta-1,Payerne,"0,95","3,394",04.05.2024,22.05.2024,"12,2442","1,7872","0,146","0,7099"
Pinaceae,2025-Beta-1,Payerne,"0,96","3,4069",04.05.2024,22.05.2024,"12,2012","1,7738","0,1454","0,7073"
Pinaceae,2025-Beta-1,Payerne,"0,97","3,4233",04.05.2024,22.05.2024,"12,1409","1,7541","0,1445","0,7112"
Pinaceae,2025-Beta-1,Payerne,"0,98","3,446",04.05.2024,22.05.2024,"12,066","1,7262","0,1431","0,7136"
Pinaceae,2025-Beta-1,Payerne,"0,99","3,4875",04.05.2024,22.05.2024,"11,9244","1,6856","0,1414","0,7138"
Pinaceae,2025-Beta-1,Payerne,"0,999","3,6647",04.05.2024,22.05.2024,"11,3661","1,5734","0,1384","0,7146"
Pinaceae,2025-Beta-1,Payerne,"0,9999","3,8984",04.05.2024,22.05.2024,"10,7456","1,4587","0,1357","0,7155"
Pinaceae,2025-Beta-1,Payerne,1,"4,2606",04.05.2024,22.05.2024,"9,8767","1,34","0,1357","0,7136"
Pinaceae,2025-Beta-1,Payerne,1,"4,8279",04.05.2024,22.05.2024,"8,7939","1,1999","0,1364","0,7224"
Pinaceae,2025-Beta-1,Payerne,1,"5,5104",04.05.2024,22.05.2024,"7,7239","1,0621","0,1375","0,7247"
Poaceae,2025-Beta-1,Payerne,0,"5,4861",06.05.2024,04.08.2024,"15,2711","3,6696","0,2403","0,789"
Poaceae,2025-Beta-1,Payerne,"0,2","5,4861",06.05.2024,04.08.2024,"15,2711","3,6696","0,2403","0,789"
Poaceae,2025-Beta-1,Payerne,"0,4","5,4902",06.05.2024,04.08.2024,"15,2587","3,6625","0,24","0,7896"
Poaceae,2025-Beta-1,Payerne,"0,6","5,5909",06.05.2024,04.08.2024,"14,9773","3,5757","0,2387","0,7893"
Poaceae,2025-Beta-1,Payerne,"0,75","5,7352",06.05.2024,04.08.2024,"14,5867","3,4392","0,2358","0,7888"
Poaceae,2025-Beta-1,Payerne,"0,8","5,8043",06.05.2024,04.08.2024,"14,4123","3,3942","0,2355","0,7874"
Poaceae,2025-Beta-1,Payerne,"0,85","5,88",06.05.2024,04.08.2024,"14,2241","3,3366","0,2346","0,7864"
Poaceae,2025-Beta-1,Payerne,"0,9","5,9924",06.05.2024,04.08.2024,"13,9581","3,2506","0,2329","0,7855"
Poaceae,2025-Beta-1,Payerne,"0,91","6,0198",06.05.2024,04.08.2024,"13,8942","3,2324","0,2326","0,7852"
Poaceae,2025-Beta-1,Payerne,"0,92","6,052",06.05.2024,04.08.2024,"13,8212","3,2087","0,2322","0,783"
Poaceae,2025-Beta-1,Payerne,"0,93","6,0861",06.05.2024,04.08.2024,"13,7411","3,1906","0,2322","0,7835"
Poaceae,2025-Beta-1,Payerne,"0,94","6,1271",06.05.2024,04.08.2024,"13,6489","3,1732","0,2325","0,7819"
Poaceae,2025-Beta-1,Payerne,"0,95","6,178",06.05.2024,04.08.2024,"13,535","3,1448","0,2323","0,782"
Poaceae,2025-Beta-1,Payerne,"0,96","6,2406",06.05.2024,04.08.2024,"13,401","3,103","0,2315","0,7801"
Poaceae,2025-Beta-1,Payerne,"0,97","6,3158",06.05.2024,04.08.2024,"13,237","3,0683","0,2318","0,7787"
Poaceae,2025-Beta-1,Payerne,"0,98","6,4218",06.05.2024,04.08.2024,"13,0121","3,0043","0,2309","0,7768"
Poaceae,2025-Beta-1,Payerne,"0,99","6,611",06.05.2024,04.08.2024,"12,633","2,8954","0,2292","0,7745"
Poaceae,2025-Beta-1,Payerne,"0,999","7,3407",06.05.2024,04.08.2024,"11,3677","2,5711","0,2262","0,7708"
Poaceae,2025-Beta-1,Payerne,"0,9999","8,2371",06.05.2024,04.08.2024,"10,1159","2,2569","0,2231","0,7641"
Poaceae,2025-Beta-1,Payerne,1,"9,3616",06.05.2024,04.08.2024,"8,896","1,9421","0,2183","0,7591"
Poaceae,2025-Beta-1,Payerne,1,"10,8846",06.05.2024,04.08.2024,"7,6354","1,6162","0,2117","0,755"
Poaceae,2025-Beta-1,Payerne,1,"12,4472",06.05.2024,04.08.2024,"6,6782","1,4007","0,2097","0,7583"
Quercus,2025-Beta-1,Payerne,0,"17,1608",03.05.2024,18.06.2024,"0,2057","0,0115","0,056","0,4222"
Quercus,2025-Beta-1,Payerne,"0,2","17,1608",03.05.2024,18.06.2024,"0,2057","0,0115","0,056","0,4222"
Quercus,2025-Beta-1,Payerne,"0,4","17,2279",03.05.2024,18.06.2024,"0,2046","0,0113","0,055","0,402"
Quercus,2025-Beta-1,Payerne,"0,6","18,2834",03.05.2024,18.06.2024,"0,1876","0,0087","0,0465","0,4077"
Quercus,2025-Beta-1,Payerne,"0,75","19,487",03.05.2024,18.06.2024,"0,1707","0,0062","0,0364","0,4271"
Quercus,2025-Beta-1,Payerne,"0,8","20,1489",03.05.2024,18.06.2024,"0,1651","0,0057","0,0342","0,4502"
Quercus,2025-Beta-1,Payerne,"0,85","21,1541",03.05.2024,18.06.2024,"0,1544","0,0053","0,0345","0,4534"
Quercus,2025-Beta-1,Payerne,"0,9","23,2328",03.05.2024,18.06.2024,"0,1407","0,0053","0,0378","0,4269"
Quercus,2025-Beta-1,Payerne,"0,91","23,4852",03.05.2024,18.06.2024,"0,137","0,0053","0,0388","0,4296"
Quercus,2025-Beta-1,Payerne,"0,92","23,6213",03.05.2024,18.06.2024,"0,1345","0,0048","0,0354","0,4139"
Quercus,2025-Beta-1,Payerne,"0,93","24,0026",03.05.2024,18.06.2024,"0,1322","0,0042","0,0318","0,4361"
Quercus,2025-Beta-1,Payerne,"0,94","24,5437",03.05.2024,18.06.2024,"0,1289","0,0039","0,0304","0,4405"
Quercus,2025-Beta-1,Payerne,"0,95","25,345",03.05.2024,18.06.2024,"0,1245","0,0034","0,027","0,4545"
Quercus,2025-Beta-1,Payerne,"0,96","26,4317",03.05.2024,18.06.2024,"0,1208","0,0028","0,0232","0,4468"
Quercus,2025-Beta-1,Payerne,"0,97","27,7501",03.05.2024,18.06.2024,"0,1141","0,0028","0,0245","0,459"
Quercus,2025-Beta-1,Payerne,"0,98","29,9257",03.05.2024,18.06.2024,"0,1082","0,0028","0,0259","0,425"
Quercus,2025-Beta-1,Payerne,"0,99","32,8095",03.05.2024,18.06.2024,"0,0971","0,0025","0,0259","0,4125"
Quercus,2025-Beta-1,Payerne,"0,999","47,4579",03.05.2024,18.06.2024,"0,0635","0,0011","0,0176","0,5119"
Quercus,2025-Beta-1,Payerne,"0,9999","71,056",03.05.2024,18.06.2024,"0,0362","0,0008","0,0232","0,5477"
Quercus,2025-Beta-1,Payerne,1,"111,9315",03.05.2024,18.06.2024,"0,0199","0,0003","0,014","0,4274"
Quercus,2025-Beta-1,Payerne,1,"244,5283",03.05.2024,18.06.2024,"0,0089",0,0,"0,4657"
Quercus,2025-Beta-1,Payerne,1,"369,3913",03.05.2024,18.06.2024,"0,0052",0,0,"0,4034"
Alnus,2025-Gamma-1,Buchs,0,"7,9725",26.01.2024,24.02.2024,"9,9125","1,0171","0,1026","0,3976"
Alnus,2025-Gamma-1,Buchs,"0,2","7,9725",26.01.2024,24.02.2024,"9,9125","1,0171","0,1026","0,3976"
Alnus,2025-Gamma-1,Buchs,"0,4","7,9925",26.01.2024,24.02.2024,"9,879","1,0049","0,1017","0,3986"
Alnus,2025-Gamma-1,Buchs,"0,6","8,3838",26.01.2024,24.02.2024,"9,3783","0,9108","0,0971","0,4079"
Alnus,2025-Gamma-1,Buchs,"0,75","8,9588",26.01.2024,24.02.2024,"8,7236","0,8107","0,0929","0,4108"
Alnus,2025-Gamma-1,Buchs,"0,8","9,2305",26.01.2024,24.02.2024,"8,4527","0,7721","0,0913","0,414"
Alnus,2025-Gamma-1,Buchs,"0,85","9,5529",26.01.2024,24.02.2024,"8,1534","0,7262","0,0891","0,4175"
Alnus,2025-Gamma-1,Buchs,"0,9","9,9998",26.01.2024,24.02.2024,"7,7441","0,6689","0,0864","0,4179"
Alnus,2025-Gamma-1,Buchs,"0,91","10,1077",26.01.2024,24.02.2024,"7,6509","0,6539","0,0855","0,4199"
Alnus,2025-Gamma-1,Buchs,"0,92","10,2671",26.01.2024,24.02.2024,"7,5218","0,6413","0,0853","0,4211"
Alnus,2025-Gamma-1,Buchs,"0,93","10,4303",26.01.2024,24.02.2024,"7,4055","0,627","0,0847","0,422"
Alnus,2025-Gamma-1,Buchs,"0,94","10,6241",26.01.2024,24.02.2024,"7,2631","0,6087","0,0838","0,426"
Alnus,2025-Gamma-1,Buchs,"0,95","10,8269",26.01.2024,24.02.2024,"7,1132","0,5864","0,0824","0,4281"
Alnus,2025-Gamma-1,Buchs,"0,96","11,0889",26.01.2024,24.02.2024,"6,9244","0,5605","0,081","0,4244"
Alnus,2025-Gamma-1,Buchs,"0,97","11,4074",26.01.2024,24.02.2024,"6,7021","0,5312","0,0793","0,4284"
Alnus,2025-Gamma-1,Buchs,"0,98","11,9431",26.01.2024,24.02.2024,"6,3734","0,4929","0,0773","0,4244"
Alnus,2025-Gamma-1,Buchs,"0,99","12,9588",26.01.2024,24.02.2024,"5,8246","0,4347","0,0746","0,4356"
Alnus,2025-Gamma-1,Buchs,"0,999","17,6069",26.01.2024,24.02.2024,"4,1687","0,2669","0,064","0,4547"
Alnus,2025-Gamma-1,Buchs,"0,9999","25,2953",26.01.2024,24.02.2024,"2,7968","0,1605","0,0574","0,4555"
Alnus,2025-Gamma-1,Buchs,1,"38,7286",26.01.2024,24.02.2024,"1,6994","0,0873","0,0513","0,4708"
Alnus,2025-Gamma-1,Buchs,1,"72,0895",26.01.2024,24.02.2024,"0,8618","0,0398","0,0462","0,5264"
Alnus,2025-Gamma-1,Buchs,1,"119,6681",26.01.2024,24.02.2024,"0,4735","0,0219","0,0462","0,5006"
Betula,2025-Gamma-1,Buchs,0,"4,0408",17.03.2024,18.04.2024,"45,0885","4,9031","0,1087","0,3331"
Betula,2025-Gamma-1,Buchs,"0,2","4,0408",17.03.2024,18.04.2024,"45,0885","4,9031","0,1087","0,3331"
Betula,2025-Gamma-1,Buchs,"0,4","4,0572",17.03.2024,18.04.2024,"44,8991","4,8406","0,1078","0,334"
Betula,2025-Gamma-1,Buchs,"0,6","4,2482",17.03.2024,18.04.2024,"42,8465","4,3179","0,1008","0,3376"
Betula,2025-Gamma-1,Buchs,"0,75","4,4957",17.03.2024,18.04.2024,"40,4108","3,7846","0,0937","0,3434"
Betula,2025-Gamma-1,Buchs,"0,8","4,6049",17.03.2024,18.04.2024,"39,4067","3,5743","0,0907","0,3442"
Betula,2025-Gamma-1,Buchs,"0,85","4,7473",17.03.2024,18.04.2024,"38,1987","3,33","0,0872","0,3458"
Betula,2025-Gamma-1,Buchs,"0,9","4,9501",17.03.2024,18.04.2024,"36,5704","3,0263","0,0828","0,351"
Betula,2025-Gamma-1,Buchs,"0,91","5,0068",17.03.2024,18.04.2024,"36,1578","2,9512","0,0816","0,3515"
Betula,2025-Gamma-1,Buchs,"0,92","5,0669",17.03.2024,18.04.2024,"35,7179","2,8723","0,0804","0,3534"
Betula,2025-Gamma-1,Buchs,"0,93","5,1377",17.03.2024,18.04.2024,"35,2154","2,7823","0,079","0,3548"
Betula,2025-Gamma-1,Buchs,"0,94","5,2166",17.03.2024,18.04.2024,"34,6419","2,6884","0,0776","0,3557"
Betula,2025-Gamma-1,Buchs,"0,95","5,3081",17.03.2024,18.04.2024,"33,9962","2,5853","0,076","0,3581"
Betula,2025-Gamma-1,Buchs,"0,96","5,4301",17.03.2024,18.04.2024,"33,217","2,4586","0,074","0,3618"
Betula,2025-Gamma-1,Buchs,"0,97","5,5837",17.03.2024,18.04.2024,"32,2614","2,2976","0,0712","0,3664"
Betula,2025-Gamma-1,Buchs,"0,98","5,8207",17.03.2024,18.04.2024,"30,8903","2,0866","0,0675","0,3698"
Betula,2025-Gamma-1,Buchs,"0,99","6,2729",17.03.2024,18.04.2024,"28,6019","1,7601","0,0615","0,3827"
Betula,2025-Gamma-1,Buchs,"0,999","8,2667",17.03.2024,18.04.2024,"21,5484","0,9725","0,0451","0,4013"
Betula,2025-Gamma-1,Buchs,"0,9999","11,7114",17.03.2024,18.04.2024,"15,0657","0,492","0,0327","0,405"
Betula,2025-Gamma-1,Buchs,1,"18,3234",17.03.2024,18.04.2024,"9,5731","0,2264","0,0236","0,4327"
Betula,2025-Gamma-1,Buchs,1,"33,5337",17.03.2024,18.04.2024,"5,2535","0,0907","0,0173","0,4778"
Betula,2025-Gamma-1,Buchs,1,"57,8879",17.03.2024,18.04.2024,"3,0247","0,0419","0,0139","0,4809"
Corylus,2025-Gamma-1,Buchs,0,"5,9585",23.01.2024,16.03.2024,"9,3463","0,8732","0,0934","0,4413"
Corylus,2025-Gamma-1,Buchs,"0,2","5,9585",23.01.2024,16.03.2024,"9,3463","0,8732","0,0934","0,4413"
Corylus,2025-Gamma-1,Buchs,"0,4","5,978",23.01.2024,16.03.2024,"9,3122","0,8577","0,0921","0,4419"
Corylus,2025-Gamma-1,Buchs,"0,6","6,3073",23.01.2024,16.03.2024,"8,8209","0,7359","0,0834","0,4534"
Corylus,2025-Gamma-1,Buchs,"0,75","6,7753",23.01.2024,16.03.2024,"8,2008","0,6116","0,0746","0,466"
Corylus,2025-Gamma-1,Buchs,"0,8","7,003",23.01.2024,16.03.2024,"7,9345","0,5625","0,0709","0,473"
Corylus,2025-Gamma-1,Buchs,"0,85","7,2655",23.01.2024,16.03.2024,"7,6382","0,5138","0,0673","0,481"
Corylus,2025-Gamma-1,Buchs,"0,9","7,6581",23.01.2024,16.03.2024,"7,2527","0,458","0,0632","0,4905"
Corylus,2025-Gamma-1,Buchs,"0,91","7,7617",23.01.2024,16.03.2024,"7,1534","0,4438","0,062","0,4918"
Corylus,2025-Gamma-1,Buchs,"0,92","7,8791",23.01.2024,16.03.2024,"7,0521","0,4273","0,0606","0,4942"
Corylus,2025-Gamma-1,Buchs,"0,93","8,0035",23.01.2024,16.03.2024,"6,9402","0,41","0,0591","0,4976"
Corylus,2025-Gamma-1,Buchs,"0,94","8,1605",23.01.2024,16.03.2024,"6,8051","0,3935","0,0578","0,4987"
Corylus,2025-Gamma-1,Buchs,"0,95","8,3301",23.01.2024,16.03.2024,"6,6585","0,3726","0,056","0,4993"
Corylus,2025-Gamma-1,Buchs,"0,96","8,5716",23.01.2024,16.03.2024,"6,4736","0,349","0,0539","0,5054"
Corylus,2025-Gamma-1,Buchs,"0,97","8,9061",23.01.2024,16.03.2024,"6,2241","0,3231","0,0519","0,5105"
Corylus,2025-Gamma-1,Buchs,"0,98","9,3821",23.01.2024,16.03.2024,"5,9029","0,2914","0,0494","0,5157"
Corylus,2025-Gamma-1,Buchs,"0,99","10,2525",23.01.2024,16.03.2024,"5,3861","0,2412","0,0448","0,5231"
Corylus,2025-Gamma-1,Buchs,"0,999","14,108",23.01.2024,16.03.2024,"3,8827","0,1185","0,0305","0,554"
Corylus,2025-Gamma-1,Buchs,"0,9999","21,0035",23.01.2024,16.03.2024,"2,5788","0,0532","0,0206","0,5734"
Corylus,2025-Gamma-1,Buchs,1,"35,0899",23.01.2024,16.03.2024,"1,5365","0,0187","0,0122","0,6069"
Corylus,2025-Gamma-1,Buchs,1,"71,3215",23.01.2024,16.03.2024,"0,743","0,0042","0,0057","0,7193"
Corylus,2025-Gamma-1,Buchs,1,"145,7422",23.01.2024,16.03.2024,"0,3517","0,0019","0,0053","0,6904"
Cupressaceae,2025-Gamma-1,Buchs,0,"0,9176",03.04.2024,12.04.2024,"11,8785","4,4743","0,3767","0,2178"
Cupressaceae,2025-Gamma-1,Buchs,"0,2","0,9176",03.04.2024,12.04.2024,"11,8785","4,4743","0,3767","0,2178"
Cupressaceae,2025-Gamma-1,Buchs,"0,4","0,926",03.04.2024,12.04.2024,"11,7553","4,4367","0,3774","0,217"
Cupressaceae,2025-Gamma-1,Buchs,"0,6","0,9991",03.04.2024,12.04.2024,"10,8351","4,1108","0,3794","0,2144"
Cupressaceae,2025-Gamma-1,Buchs,"0,75","1,0794",03.04.2024,12.04.2024,"9,8751","3,7488","0,3796","0,2108"
Cupressaceae,2025-Gamma-1,Buchs,"0,8","1,116",03.04.2024,12.04.2024,"9,481","3,6095","0,3807","0,2081"
Cupressaceae,2025-Gamma-1,Buchs,"0,85","1,1598",03.04.2024,12.04.2024,"8,9809","3,4396","0,383","0,205"
Cupressaceae,2025-Gamma-1,Buchs,"0,9","1,2241",03.04.2024,12.04.2024,"8,4184","3,225","0,3831","0,2025"
Cupressaceae,2025-Gamma-1,Buchs,"0,91","1,2348",03.04.2024,12.04.2024,"8,2882","3,1727","0,3828","0,2019"
Cupressaceae,2025-Gamma-1,Buchs,"0,92","1,2578",03.04.2024,12.04.2024,"8,1354","3,1173","0,3832","0,2008"
Cupressaceae,2025-Gamma-1,Buchs,"0,93","1,2849",03.04.2024,12.04.2024,"7,9462","3,0577","0,3848","0,2008"
Cupressaceae,2025-Gamma-1,Buchs,"0,94","1,304",03.04.2024,12.04.2024,"7,7448","2,9874","0,3857","0,2003"
Cupressaceae,2025-Gamma-1,Buchs,"0,95","1,3334",03.04.2024,12.04.2024,"7,5382","2,9031","0,3851","0,2005"
Cupressaceae,2025-Gamma-1,Buchs,"0,96","1,3624",03.04.2024,12.04.2024,"7,2604","2,8005","0,3857","0,198"
Cupressaceae,2025-Gamma-1,Buchs,"0,97","1,4176",03.04.2024,12.04.2024,"6,9688","2,6798","0,3846","0,1958"
Cupressaceae,2025-Gamma-1,Buchs,"0,98","1,5137",03.04.2024,12.04.2024,"6,4792","2,5171","0,3885","0,1957"
Cupressaceae,2025-Gamma-1,Buchs,"0,99","1,6853",03.04.2024,12.04.2024,"5,7569","2,2616","0,3928","0,1961"
Cupressaceae,2025-Gamma-1,Buchs,"0,999","2,4938",03.04.2024,12.04.2024,"3,8056","1,5465","0,4064","0,1872"
Cupressaceae,2025-Gamma-1,Buchs,"0,9999","3,815",03.04.2024,12.04.2024,"2,3455","0,9966","0,4249","0,1711"
Cupressaceae,2025-Gamma-1,Buchs,1,"7,0087",03.04.2024,12.04.2024,"1,2778","0,5999","0,4695","0,1619"
Cupressaceae,2025-Gamma-1,Buchs,1,"13,806",03.04.2024,12.04.2024,"0,651","0,324","0,4977","0,1332"
Cupressaceae,2025-Gamma-1,Buchs,1,"22,8282",03.04.2024,12.04.2024,"0,375","0,1888","0,5036","0,1317"
Fagus,2025-Gamma-1,Buchs,0,"4,9312",05.04.2024,19.05.2024,"4,1667","0,8808","0,2114","0,405"
Fagus,2025-Gamma-1,Buchs,"0,2","4,9312",05.04.2024,19.05.2024,"4,1667","0,8808","0,2114","0,405"
Fagus,2025-Gamma-1,Buchs,"0,4","4,9707",05.04.2024,19.05.2024,"4,1223","0,8645","0,2097","0,406"
Fagus,2025-Gamma-1,Buchs,"0,6","5,4125",05.04.2024,19.05.2024,"3,7605","0,7229","0,1922","0,4134"
Fagus,2025-Gamma-1,Buchs,"0,75","6,0013",05.04.2024,19.05.2024,"3,3966","0,5892","0,1735","0,4254"
Fagus,2025-Gamma-1,Buchs,"0,8","6,2571",05.04.2024,19.05.2024,"3,2516","0,5405","0,1662","0,4303"
Fagus,2025-Gamma-1,Buchs,"0,85","6,605",05.04.2024,19.05.2024,"3,0753","0,4885","0,1589","0,4376"
Fagus,2025-Gamma-1,Buchs,"0,9","7,0419",05.04.2024,19.05.2024,"2,8908","0,4211","0,1457","0,4418"
Fagus,2025-Gamma-1,Buchs,"0,91","7,1207",05.04.2024,19.05.2024,"2,8523","0,4081","0,1431","0,4443"
Fagus,2025-Gamma-1,Buchs,"0,92","7,2183",05.04.2024,19.05.2024,"2,8087","0,394","0,1403","0,447"
Fagus,2025-Gamma-1,Buchs,"0,93","7,3619",05.04.2024,19.05.2024,"2,7581","0,3769","0,1366","0,4501"
Fagus,2025-Gamma-1,Buchs,"0,94","7,5248",05.04.2024,19.05.2024,"2,7045","0,3598","0,133","0,4522"
Fagus,2025-Gamma-1,Buchs,"0,95","7,6771",05.04.2024,19.05.2024,"2,6501","0,3371","0,1272","0,4564"
Fagus,2025-Gamma-1,Buchs,"0,96","7,8753",05.04.2024,19.05.2024,"2,5868","0,311","0,1202","0,4608"
Fagus,2025-Gamma-1,Buchs,"0,97","8,1023",05.04.2024,19.05.2024,"2,5135","0,281","0,1118","0,4671"
Fagus,2025-Gamma-1,Buchs,"0,98","8,4849",05.04.2024,19.05.2024,"2,4009","0,246","0,1025","0,4737"
Fagus,2025-Gamma-1,Buchs,"0,99","9,0716",05.04.2024,19.05.2024,"2,2462","0,1947","0,0867","0,4841"
Fagus,2025-Gamma-1,Buchs,"0,999","10,8247",05.04.2024,19.05.2024,"1,8642","0,0854","0,0458","0,5318"
Fagus,2025-Gamma-1,Buchs,"0,9999","12,5081",05.04.2024,19.05.2024,"1,6023","0,0371","0,0231","0,5786"
Fagus,2025-Gamma-1,Buchs,1,"14,2233",05.04.2024,19.05.2024,"1,3959","0,0178","0,0128","0,6291"
Fagus,2025-Gamma-1,Buchs,1,"16,5867",05.04.2024,19.05.2024,"1,1829","0,0077","0,0065","0,7051"
Fagus,2025-Gamma-1,Buchs,1,"18,7459",05.04.2024,19.05.2024,"1,0282","0,0055","0,0054","0,7266"
Fraxinus,2025-Gamma-1,Buchs,0,"1,7704",11.03.2024,12.04.2024,"46,3796","8,8202","0,1902","0,3894"
Fraxinus,2025-Gamma-1,Buchs,"0,2","1,7705",11.03.2024,12.04.2024,"46,379","8,8202","0,1902","0,3894"
Fraxinus,2025-Gamma-1,Buchs,"0,4","1,7799",11.03.2024,12.04.2024,"46,1801","8,7335","0,1891","0,39"
Fraxinus,2025-Gamma-1,Buchs,"0,6","1,8823",11.03.2024,12.04.2024,"44,1421","7,8466","0,1778","0,4003"
Fraxinus,2025-Gamma-1,Buchs,"0,75","2,0126",11.03.2024,12.04.2024,"41,7499","6,8642","0,1644","0,4116"
Fraxinus,2025-Gamma-1,Buchs,"0,8","2,0683",11.03.2024,12.04.2024,"40,7946","6,4792","0,1588","0,4158"
Fraxinus,2025-Gamma-1,Buchs,"0,85","2,1308",11.03.2024,12.04.2024,"39,7059","6,0305","0,1519","0,4236"
Fraxinus,2025-Gamma-1,Buchs,"0,9","2,2158",11.03.2024,12.04.2024,"38,3336","5,4669","0,1426","0,431"
Fraxinus,2025-Gamma-1,Buchs,"0,91","2,2372",11.03.2024,12.04.2024,"37,9962","5,3315","0,1403","0,4325"
Fraxinus,2025-Gamma-1,Buchs,"0,92","2,2609",11.03.2024,12.04.2024,"37,6311","5,1853","0,1378","0,4345"
Fraxinus,2025-Gamma-1,Buchs,"0,93","2,2871",11.03.2024,12.04.2024,"37,2295","5,02","0,1348","0,4366"
Fraxinus,2025-Gamma-1,Buchs,"0,94","2,3186",11.03.2024,12.04.2024,"36,7512","4,8403","0,1317","0,4402"
Fraxinus,2025-Gamma-1,Buchs,"0,95","2,3526",11.03.2024,12.04.2024,"36,236","4,6391","0,128","0,4432"
Fraxinus,2025-Gamma-1,Buchs,"0,96","2,3937",11.03.2024,12.04.2024,"35,6177","4,4061","0,1237","0,4484"
Fraxinus,2025-Gamma-1,Buchs,"0,97","2,4464",11.03.2024,12.04.2024,"34,8582","4,1224","0,1183","0,453"
Fraxinus,2025-Gamma-1,Buchs,"0,98","2,5239",11.03.2024,12.04.2024,"33,8137","3,7456","0,1108","0,4602"
Fraxinus,2025-Gamma-1,Buchs,"0,99","2,6512",11.03.2024,12.04.2024,"32,1614","3,1893","0,0992","0,4714"
Fraxinus,2025-Gamma-1,Buchs,"0,999","3,0351",11.03.2024,12.04.2024,"27,8091","1,8967","0,0682","0,4977"
Fraxinus,2025-Gamma-1,Buchs,"0,9999","3,4335",11.03.2024,12.04.2024,"24,308","1,1815","0,0486","0,513"
Fraxinus,2025-Gamma-1,Buchs,1,"3,917",11.03.2024,12.04.2024,"21,0828","0,7499","0,0356","0,5253"
Fraxinus,2025-Gamma-1,Buchs,1,"4,6087",11.03.2024,12.04.2024,"17,7794","0,4699","0,0264","0,5328"
Fraxinus,2025-Gamma-1,Buchs,1,"5,3895",11.03.2024,12.04.2024,"15,085","0,322","0,0213","0,5418"
Pinaceae,2025-Gamma-1,Buchs,0,"2,3062",06.04.2024,22.04.2024,"14,2553","4,7087","0,3303","0,648"
Pinaceae,2025-Gamma-1,Buchs,"0,2","2,3062",06.04.2024,22.04.2024,"14,2553","4,7087","0,3303","0,648"
Pinaceae,2025-Gamma-1,Buchs,"0,4","2,3073",06.04.2024,22.04.2024,"14,2359","4,7005","0,3302","0,6488"
Pinaceae,2025-Gamma-1,Buchs,"0,6","2,3192",06.04.2024,22.04.2024,"14,1144","4,5994","0,3259","0,653"
Pinaceae,2025-Gamma-1,Buchs,"0,75","2,3392",06.04.2024,22.04.2024,"13,953","4,4695","0,3203","0,6578"
Pinaceae,2025-Gamma-1,Buchs,"0,8","2,3451",06.04.2024,22.04.2024,"13,8877","4,4092","0,3175","0,6583"
Pinaceae,2025-Gamma-1,Buchs,"0,85","2,3555",06.04.2024,22.04.2024,"13,805","4,3476","0,3149","0,6615"
Pinaceae,2025-Gamma-1,Buchs,"0,9","2,3655",06.04.2024,22.04.2024,"13,7284","4,2666","0,3108","0,663"
Pinaceae,2025-Gamma-1,Buchs,"0,91","2,3693",06.04.2024,22.04.2024,"13,7049","4,2479","0,31","0,6634"
Pinaceae,2025-Gamma-1,Buchs,"0,92","2,3737",06.04.2024,22.04.2024,"13,6804","4,2216","0,3086","0,6645"
Pinaceae,2025-Gamma-1,Buchs,"0,93","2,3794",06.04.2024,22.04.2024,"13,6446","4,1919","0,3072","0,6655"
Pinaceae,2025-Gamma-1,Buchs,"0,94","2,3834",06.04.2024,22.04.2024,"13,616","4,1626","0,3057","0,6665"
Pinaceae,2025-Gamma-1,Buchs,"0,95","2,3908",06.04.2024,22.04.2024,"13,5721","4,1299","0,3043","0,6668"
Pinaceae,2025-Gamma-1,Buchs,"0,96","2,3969",06.04.2024,22.04.2024,"13,5364","4,0886","0,302","0,6687"
Pinaceae,2025-Gamma-1,Buchs,"0,97","2,4057",06.04.2024,22.04.2024,"13,4771","4,0285","0,2989","0,6716"
Pinaceae,2025-Gamma-1,Buchs,"0,98","2,4217",06.04.2024,22.04.2024,"13,3903","3,9392","0,2942","0,6751"
Pinaceae,2025-Gamma-1,Buchs,"0,99","2,4482",06.04.2024,22.04.2024,"13,2555","3,7948","0,2863","0,6805"
Pinaceae,2025-Gamma-1,Buchs,"0,999","2,5446",06.04.2024,22.04.2024,"12,7796","3,2841","0,257","0,6931"
Pinaceae,2025-Gamma-1,Buchs,"0,9999","2,6899",06.04.2024,22.04.2024,"12,1465","2,7291","0,2247","0,7057"
Pinaceae,2025-Gamma-1,Buchs,1,"2,9383",06.04.2024,22.04.2024,"11,2519","2,1876","0,1944","0,7046"
Pinaceae,2025-Gamma-1,Buchs,1,"3,3257",06.04.2024,22.04.2024,"10,1142","1,7056","0,1686","0,6994"
Pinaceae,2025-Gamma-1,Buchs,1,"3,7923",06.04.2024,22.04.2024,"9,0439","1,3791","0,1525","0,7014"
Poaceae,2025-Gamma-1,Buchs,0,"9,0741",24.04.2024,03.08.2024,"13,5985","2,0118","0,1479","0,7883"
Poaceae,2025-Gamma-1,Buchs,"0,2","9,0741",24.04.2024,03.08.2024,"13,5985","2,0118","0,1479","0,7883"
Poaceae,2025-Gamma-1,Buchs,"0,4","9,0811",24.04.2024,03.08.2024,"13,5859","2,0022","0,1474","0,7889"
Poaceae,2025-Gamma-1,Buchs,"0,6","9,2945",24.04.2024,03.08.2024,"13,2895","1,9069","0,1435","0,7911"
Poaceae,2025-Gamma-1,Buchs,"0,75","9,591",24.04.2024,03.08.2024,"12,8904","1,7866","0,1386","0,7956"
Poaceae,2025-Gamma-1,Buchs,"0,8","9,7242",24.04.2024,03.08.2024,"12,7151","1,7404","0,1369","0,7963"
Poaceae,2025-Gamma-1,Buchs,"0,85","9,882",24.04.2024,03.08.2024,"12,515","1,6791","0,1342","0,7993"
Poaceae,2025-Gamma-1,Buchs,"0,9","10,1075",24.04.2024,03.08.2024,"12,2389","1,609","0,1315","0,8005"
Poaceae,2025-Gamma-1,Buchs,"0,91","10,1635",24.04.2024,03.08.2024,"12,1705","1,5923","0,1308","0,8016"
Poaceae,2025-Gamma-1,Buchs,"0,92","10,2321",24.04.2024,03.08.2024,"12,0898","1,5734","0,1301","0,8013"
Poaceae,2025-Gamma-1,Buchs,"0,93","10,3022",24.04.2024,03.08.2024,"12,0061","1,551","0,1292","0,802"
Poaceae,2025-Gamma-1,Buchs,"0,94","10,3849",24.04.2024,03.08.2024,"11,9154","1,5273","0,1282","0,803"
Poaceae,2025-Gamma-1,Buchs,"0,95","10,4928",24.04.2024,03.08.2024,"11,7978","1,5018","0,1273","0,8031"
Poaceae,2025-Gamma-1,Buchs,"0,96","10,6197",24.04.2024,03.08.2024,"11,66","1,4655","0,1257","0,8039"
Poaceae,2025-Gamma-1,Buchs,"0,97","10,785",24.04.2024,03.08.2024,"11,483","1,4238","0,124","0,8045"
Poaceae,2025-Gamma-1,Buchs,"0,98","11,0292",24.04.2024,03.08.2024,"11,2357","1,3595","0,121","0,8055"
Poaceae,2025-Gamma-1,Buchs,"0,99","11,4856",24.04.2024,03.08.2024,"10,803","1,2698","0,1175","0,8066"
Poaceae,2025-Gamma-1,Buchs,"0,999","13,2905",24.04.2024,03.08.2024,"9,3582","0,9729","0,104","0,8134"
Poaceae,2025-Gamma-1,Buchs,"0,9999","15,7655",24.04.2024,03.08.2024,"7,8694","0,7225","0,0918","0,8205"
Poaceae,2025-Gamma-1,Buchs,1,"19,6165",24.04.2024,03.08.2024,"6,2966","0,5009","0,0795","0,8282"
Poaceae,2025-Gamma-1,Buchs,1,"26,3486",24.04.2024,03.08.2024,"4,6523","0,3115","0,0669","0,8401"
Poaceae,2025-Gamma-1,Buchs,1,"35,7861",24.04.2024,03.08.2024,"3,3743","0,1961","0,0581","0,8451"
Populus,2025-Gamma-1,Buchs,0,"1,6197",15.02.2024,24.02.2024,"7,9794","2,6287","0,3294","0,1495"
Populus,2025-Gamma-1,Buchs,"0,2","1,6197",15.02.2024,24.02.2024,"7,9794","2,6287","0,3294","0,1495"
Populus,2025-Gamma-1,Buchs,"0,4","1,6337",15.02.2024,24.02.2024,"7,9031","2,5873","0,3274","0,15"
Populus,2025-Gamma-1,Buchs,"0,6","1,844",15.02.2024,24.02.2024,"7,002","2,2512","0,3215","0,1492"
Populus,2025-Gamma-1,Buchs,"0,75","2,159",15.02.2024,24.02.2024,"5,9863","1,9197","0,3207","0,1525"
Populus,2025-Gamma-1,Buchs,"0,8","2,2979",15.02.2024,24.02.2024,"5,6147","1,7969","0,32","0,1524"
Populus,2025-Gamma-1,Buchs,"0,85","2,4989",15.02.2024,24.02.2024,"5,1703","1,6584","0,3208","0,1498"
Populus,2025-Gamma-1,Buchs,"0,9","2,7934",15.02.2024,24.02.2024,"4,6146","1,4905","0,323","0,1494"
Populus,2025-Gamma-1,Buchs,"0,91","2,8591",15.02.2024,24.02.2024,"4,4862","1,4511","0,3235","0,1458"
Populus,2025-Gamma-1,Buchs,"0,92","2,9512",15.02.2024,24.02.2024,"4,3542","1,4094","0,3237","0,1471"
Populus,2025-Gamma-1,Buchs,"0,93","3,0154",15.02.2024,24.02.2024,"4,2257","1,3675","0,3236","0,1444"
Populus,2025-Gamma-1,Buchs,"0,94","3,1263",15.02.2024,24.02.2024,"4,0712","1,3157","0,3232","0,1478"
Populus,2025-Gamma-1,Buchs,"0,95","3,2652",15.02.2024,24.02.2024,"3,9011","1,2575","0,3223","0,1473"
Populus,2025-Gamma-1,Buchs,"0,96","3,4456",15.02.2024,24.02.2024,"3,6928","1,19","0,3223","0,1501"
Populus,2025-Gamma-1,Buchs,"0,97","3,7327",15.02.2024,24.02.2024,"3,4376","1,108","0,3223","0,1505"
Populus,2025-Gamma-1,Buchs,"0,98","4,106",15.02.2024,24.02.2024,"3,1233","1,0035","0,3213","0,1482"
Populus,2025-Gamma-1,Buchs,"0,99","4,8287",15.02.2024,24.02.2024,"2,6685","0,8531","0,3197","0,1524"
Populus,2025-Gamma-1,Buchs,"0,999","8,5936",15.02.2024,24.02.2024,"1,4983","0,4955","0,3307","0,1449"
Populus,2025-Gamma-1,Buchs,"0,9999","14,2823",15.02.2024,24.02.2024,"0,8802","0,2828","0,3213","0,1324"
Populus,2025-Gamma-1,Buchs,1,"26,8241",15.02.2024,24.02.2024,"0,4549","0,1527","0,3356","0,1228"
Populus,2025-Gamma-1,Buchs,1,"55,2229",15.02.2024,24.02.2024,"0,1979","0,0807","0,4076","0,0785"
Populus,2025-Gamma-1,Buchs,1,"116,9746",15.02.2024,24.02.2024,"0,092","0,0473","0,5145","0,0663"
Quercus,2025-Gamma-1,Buchs,0,"4,7315",05.04.2024,17.05.2024,"8,7404","0,8402","0,0961","0,3176"
Quercus,2025-Gamma-1,Buchs,"0,2","4,7315",05.04.2024,17.05.2024,"8,7404","0,8402","0,0961","0,3176"
Quercus,2025-Gamma-1,Buchs,"0,4","4,751",05.04.2024,17.05.2024,"8,6811","0,8151","0,0939","0,32"
Quercus,2025-Gamma-1,Buchs,"0,6","4,9381",05.04.2024,17.05.2024,"8,1756","0,6581","0,0805","0,3314"
Quercus,2025-Gamma-1,Buchs,"0,75","5,1707",05.04.2024,17.05.2024,"7,6555","0,5264","0,0688","0,3437"
Quercus,2025-Gamma-1,Buchs,"0,8","5,274",05.04.2024,17.05.2024,"7,4549","0,4815","0,0646","0,3489"
Quercus,2025-Gamma-1,Buchs,"0,85","5,3913",05.04.2024,17.05.2024,"7,2235","0,429","0,0594","0,3494"
Quercus,2025-Gamma-1,Buchs,"0,9","5,5531",05.04.2024,17.05.2024,"6,9469","0,3695","0,0532","0,359"
Quercus,2025-Gamma-1,Buchs,"0,91","5,5901",05.04.2024,17.05.2024,"6,8791","0,3554","0,0517","0,3632"
Quercus,2025-Gamma-1,Buchs,"0,92","5,6353",05.04.2024,17.05.2024,"6,804","0,3404","0,05","0,367"
Quercus,2025-Gamma-1,Buchs,"0,93","5,6877",05.04.2024,17.05.2024,"6,7159","0,3252","0,0484","0,3716"
Quercus,2025-Gamma-1,Buchs,"0,94","5,7471",05.04.2024,17.05.2024,"6,6215","0,3093","0,0467","0,3743"
Quercus,2025-Gamma-1,Buchs,"0,95","5,8237",05.04.2024,17.05.2024,"6,5125","0,2902","0,0446","0,3838"
Quercus,2025-Gamma-1,Buchs,"0,96","5,9017",05.04.2024,17.05.2024,"6,3873","0,268","0,042","0,3842"
Quercus,2025-Gamma-1,Buchs,"0,97","6,0081",05.04.2024,17.05.2024,"6,2407","0,2441","0,0391","0,3864"
Quercus,2025-Gamma-1,Buchs,"0,98","6,1743",05.04.2024,17.05.2024,"6,0239","0,2112","0,0351","0,3955"
Quercus,2025-Gamma-1,Buchs,"0,99","6,4599",05.04.2024,17.05.2024,"5,6916","0,1707","0,03","0,4131"
Quercus,2025-Gamma-1,Buchs,"0,999","7,6774",05.04.2024,17.05.2024,"4,6084","0,0807","0,0175","0,4281"
Quercus,2025-Gamma-1,Buchs,"0,9999","9,5551",05.04.2024,17.05.2024,"3,6147","0,0361","0,01","0,4715"
Quercus,2025-Gamma-1,Buchs,1,"12,5776",05.04.2024,17.05.2024,"2,7124","0,0141","0,0052","0,528"
Quercus,2025-Gamma-1,Buchs,1,"18,023",05.04.2024,17.05.2024,"1,877","0,0069","0,0037","0,6081"
Quercus,2025-Gamma-1,Buchs,1,"25,0417",05.04.2024,17.05.2024,"1,3307","0,0035","0,0026","0,6442"
Taxus,2025-Gamma-1,Buchs,0,"3,6684",09.02.2024,07.03.2024,"31,5184","2,4119","0,0765","0,3409"
Taxus,2025-Gamma-1,Buchs,"0,2","3,6684",09.02.2024,07.03.2024,"31,5184","2,4119","0,0765","0,3409"
Taxus,2025-Gamma-1,Buchs,"0,4","3,6713",09.02.2024,07.03.2024,"31,4713","2,3678","0,0752","0,3428"
Taxus,2025-Gamma-1,Buchs,"0,6","3,7455",09.02.2024,07.03.2024,"30,6596","2,058","0,0671","0,3491"
Taxus,2025-Gamma-1,Buchs,"0,75","3,8567",09.02.2024,07.03.2024,"29,5906","1,7574","0,0594","0,3532"
Taxus,2025-Gamma-1,Buchs,"0,8","3,9048",09.02.2024,07.03.2024,"29,1405","1,6495","0,0566","0,3557"
Taxus,2025-Gamma-1,Buchs,"0,85","3,9675",09.02.2024,07.03.2024,"28,6054","1,529","0,0535","0,3591"
Taxus,2025-Gamma-1,Buchs,"0,9","4,0586",09.02.2024,07.03.2024,"27,8613","1,3812","0,0496","0,3608"
Taxus,2025-Gamma-1,Buchs,"0,91","4,0846",09.02.2024,07.03.2024,"27,6697","1,346","0,0486","0,3631"
Taxus,2025-Gamma-1,Buchs,"0,92","4,1106",09.02.2024,07.03.2024,"27,4768","1,3096","0,0477","0,3635"
Taxus,2025-Gamma-1,Buchs,"0,93","4,14",09.02.2024,07.03.2024,"27,2499","1,2708","0,0466","0,3652"
Taxus,2025-Gamma-1,Buchs,"0,94","4,1788",09.02.2024,07.03.2024,"26,9572","1,2251","0,0454","0,3659"
Taxus,2025-Gamma-1,Buchs,"0,95","4,2209",09.02.2024,07.03.2024,"26,6491","1,174","0,0441","0,3662"
Taxus,2025-Gamma-1,Buchs,"0,96","4,2669",09.02.2024,07.03.2024,"26,3006","1,1163","0,0424","0,3684"
Taxus,2025-Gamma-1,Buchs,"0,97","4,3415",09.02.2024,07.03.2024,"25,7934","1,0482","0,0406","0,3698"
Taxus,2025-Gamma-1,Buchs,"0,98","4,4488",09.02.2024,07.03.2024,"25,1039","0,9592","0,0382","0,3746"
Taxus,2025-Gamma-1,Buchs,"0,99","4,6391",09.02.2024,07.03.2024,"23,9084","0,8268","0,0346","0,3796"
Taxus,2025-Gamma-1,Buchs,"0,999","5,5224",09.02.2024,07.03.2024,"19,7367","0,496","0,0251","0,3937"
Taxus,2025-Gamma-1,Buchs,"0,9999","7,0085",09.02.2024,07.03.2024,"15,2035","0,2824","0,0186","0,4178"
Taxus,2025-Gamma-1,Buchs,1,"9,8012",09.02.2024,07.03.2024,"10,564","0,1445","0,0137","0,4342"
Taxus,2025-Gamma-1,Buchs,1,"15,9554",09.02.2024,07.03.2024,"6,2694","0,0611","0,0097","0,4645"
Taxus,2025-Gamma-1,Buchs,1,"26,5192",09.02.2024,07.03.2024,"3,672","0,0257","0,007","0,4834"
Alnus,2025-Gamma-1,Basel,0,"4,8969",02.02.2024,08.03.2024,"30,1039","3,3294","0,1106","0,6011"
Alnus,2025-Gamma-1,Basel,"0,2","4,8969",02.02.2024,08.03.2024,"30,1039","3,329","0,1106","0,6011"
Alnus,2025-Gamma-1,Basel,"0,4","4,9038",02.02.2024,08.03.2024,"30,0551","3,2438","0,1079","0,6061"
Alnus,2025-Gamma-1,Basel,"0,6","5,0639",02.02.2024,08.03.2024,"29,0661","2,7987","0,0963","0,6178"
Alnus,2025-Gamma-1,Basel,"0,75","5,303",02.02.2024,08.03.2024,"27,7635","2,374","0,0855","0,628"
Alnus,2025-Gamma-1,Basel,"0,8","5,4122",02.02.2024,08.03.2024,"27,1959","2,2107","0,0813","0,6318"
Alnus,2025-Gamma-1,Basel,"0,85","5,5424",02.02.2024,08.03.2024,"26,5451","2,025","0,0763","0,6338"
Alnus,2025-Gamma-1,Basel,"0,9","5,7309",02.02.2024,08.03.2024,"25,6747","1,8151","0,0707","0,6401"
Alnus,2025-Gamma-1,Basel,"0,91","5,7827",02.02.2024,08.03.2024,"25,4518","1,7582","0,0691","0,6414"
Alnus,2025-Gamma-1,Basel,"0,92","5,8438",02.02.2024,08.03.2024,"25,1981","1,7108","0,0679","0,6468"
Alnus,2025-Gamma-1,Basel,"0,93","5,9083",02.02.2024,08.03.2024,"24,9193","1,6519","0,0663","0,6493"
Alnus,2025-Gamma-1,Basel,"0,94","5,9891",02.02.2024,08.03.2024,"24,58","1,5861","0,0645","0,6503"
Alnus,2025-Gamma-1,Basel,"0,95","6,0781",02.02.2024,08.03.2024,"24,2096","1,5224","0,0629","0,6534"
Alnus,2025-Gamma-1,Basel,"0,96","6,1911",02.02.2024,08.03.2024,"23,7583","1,4324","0,0603","0,6589"
Alnus,2025-Gamma-1,Basel,"0,97","6,3579",02.02.2024,08.03.2024,"23,1451","1,3281","0,0574","0,6643"
Alnus,2025-Gamma-1,Basel,"0,98","6,5806",02.02.2024,08.03.2024,"22,3545","1,193","0,0534","0,6698"
Alnus,2025-Gamma-1,Basel,"0,99","7,0158",02.02.2024,08.03.2024,"20,9866","0,9985","0,0476","0,6774"
Alnus,2025-Gamma-1,Basel,"0,999","9,0324",02.02.2024,08.03.2024,"16,4172","0,5256","0,032","0,7063"
Alnus,2025-Gamma-1,Basel,"0,9999","12,3341",02.02.2024,08.03.2024,"12,118","0,2779","0,0229","0,7178"
Alnus,2025-Gamma-1,Basel,1,"18,5454",02.02.2024,08.03.2024,"8,1311","0,1413","0,0174","0,7291"
Alnus,2025-Gamma-1,Basel,1,"31,3029",02.02.2024,08.03.2024,"4,8239","0,0664","0,0138","0,7292"
Alnus,2025-Gamma-1,Basel,1,"52,2448",02.02.2024,08.03.2024,"2,8933","0,0343","0,0118","0,7415"
Betula,2025-Gamma-1,Basel,0,"2,3916",20.03.2024,18.04.2024,"33,9183","4,7593","0,1403","0,5126"
Betula,2025-Gamma-1,Basel,"0,2","2,3916",20.03.2024,18.04.2024,"33,9183","4,7593","0,1403","0,5126"
Betula,2025-Gamma-1,Basel,"0,4","2,413",20.03.2024,18.04.2024,"33,6503","4,691","0,1394","0,5131"
Betula,2025-Gamma-1,Basel,"0,6","2,631",20.03.2024,18.04.2024,"30,912","4,0946","0,1325","0,5167"
Betula,2025-Gamma-1,Basel,"0,75","2,9389",20.03.2024,18.04.2024,"27,7004","3,4859","0,1258","0,5177"
Betula,2025-Gamma-1,Basel,"0,8","3,0835",20.03.2024,18.04.2024,"26,4404","3,2438","0,1227","0,5175"
Betula,2025-Gamma-1,Basel,"0,85","3,268",20.03.2024,18.04.2024,"24,9828","2,9723","0,119","0,525"
Betula,2025-Gamma-1,Basel,"0,9","3,5375",20.03.2024,18.04.2024,"23,1244","2,6514","0,1147","0,5294"
Betula,2025-Gamma-1,Basel,"0,91","3,6121",20.03.2024,18.04.2024,"22,6662","2,5767","0,1137","0,5294"
Betula,2025-Gamma-1,Basel,"0,92","3,694",20.03.2024,18.04.2024,"22,1874","2,4923","0,1123","0,5328"
Betula,2025-Gamma-1,Basel,"0,93","3,7962",20.03.2024,18.04.2024,"21,6195","2,3979","0,1109","0,5381"
Betula,2025-Gamma-1,Basel,"0,94","3,9127",20.03.2024,18.04.2024,"21,01","2,2989","0,1094","0,5381"
Betula,2025-Gamma-1,Basel,"0,95","4,0429",20.03.2024,18.04.2024,"20,3529","2,1918","0,1077","0,5353"
Betula,2025-Gamma-1,Basel,"0,96","4,2245",20.03.2024,18.04.2024,"19,4968","2,0628","0,1058","0,5413"
Betula,2025-Gamma-1,Basel,"0,97","4,467",20.03.2024,18.04.2024,"18,4852","1,9066","0,1031","0,5401"
Betula,2025-Gamma-1,Basel,"0,98","4,8311",20.03.2024,18.04.2024,"17,1345","1,6987","0,0991","0,5484"
Betula,2025-Gamma-1,Basel,"0,99","5,5458",20.03.2024,18.04.2024,"14,9588","1,3946","0,0932","0,5456"
Betula,2025-Gamma-1,Basel,"0,999","9,0015",20.03.2024,18.04.2024,"9,3808","0,7269","0,0775","0,556"
Betula,2025-Gamma-1,Basel,"0,9999","15,4494",20.03.2024,18.04.2024,"5,5886","0,3474","0,0622","0,5647"
Betula,2025-Gamma-1,Basel,1,"27,6724",20.03.2024,18.04.2024,"3,1765","0,1524","0,048","0,5605"
Betula,2025-Gamma-1,Basel,1,"53,8082",20.03.2024,18.04.2024,"1,6629","0,0647","0,0389","0,5814"
Betula,2025-Gamma-1,Basel,1,"92,3232",20.03.2024,18.04.2024,"0,9782","0,0298","0,0304","0,6092"
Corylus,2025-Gamma-1,Basel,0,"6,5106",26.01.2024,19.02.2024,"6,927","1,6145","0,2331","0,4981"
Corylus,2025-Gamma-1,Basel,"0,2","6,5106",26.01.2024,19.02.2024,"6,927","1,6145","0,2331","0,4981"
Corylus,2025-Gamma-1,Basel,"0,4","6,5605",26.01.2024,19.02.2024,"6,8836","1,553","0,2256","0,5054"
Corylus,2025-Gamma-1,Basel,"0,6","7,2137",26.01.2024,19.02.2024,"6,326","1,2721","0,2011","0,5318"
Corylus,2025-Gamma-1,Basel,"0,75","8,0898",26.01.2024,19.02.2024,"5,6914","1,0213","0,1795","0,553"
Corylus,2025-Gamma-1,Basel,"0,8","8,5206",26.01.2024,19.02.2024,"5,4336","0,9414","0,1733","0,559"
Corylus,2025-Gamma-1,Basel,"0,85","8,9785",26.01.2024,19.02.2024,"5,1458","0,8501","0,1652","0,5692"
Corylus,2025-Gamma-1,Basel,"0,9","9,635",26.01.2024,19.02.2024,"4,8083","0,7449","0,1549","0,5794"
Corylus,2025-Gamma-1,Basel,"0,91","9,8091",26.01.2024,19.02.2024,"4,7243","0,7176","0,1519","0,5822"
Corylus,2025-Gamma-1,Basel,"0,92","10,0226",26.01.2024,19.02.2024,"4,6243","0,6889","0,149","0,5837"
Corylus,2025-Gamma-1,Basel,"0,93","10,2473",26.01.2024,19.02.2024,"4,5333","0,6602","0,1456","0,5875"
Corylus,2025-Gamma-1,Basel,"0,94","10,5964",26.01.2024,19.02.2024,"4,4034","0,6289","0,1428","0,5923"
Corylus,2025-Gamma-1,Basel,"0,95","10,9589",26.01.2024,19.02.2024,"4,2701","0,5961","0,1396","0,5925"
Corylus,2025-Gamma-1,Basel,"0,96","11,3971",26.01.2024,19.02.2024,"4,1123","0,5614","0,1365","0,5975"
Corylus,2025-Gamma-1,Basel,"0,97","12,0001",26.01.2024,19.02.2024,"3,9073","0,5116","0,1309","0,6051"
Corylus,2025-Gamma-1,Basel,"0,98","12,8002",26.01.2024,19.02.2024,"3,6629","0,4515","0,1233","0,6143"
Corylus,2025-Gamma-1,Basel,"0,99","14,2609",26.01.2024,19.02.2024,"3,2587","0,368","0,1129","0,6195"
Corylus,2025-Gamma-1,Basel,"0,999","21,6208",26.01.2024,19.02.2024,"2,1111","0,1952","0,0925","0,6588"
Corylus,2025-Gamma-1,Basel,"0,9999","33,4834",26.01.2024,19.02.2024,"1,3051","0,098","0,0751","0,6755"
Corylus,2025-Gamma-1,Basel,1,"56,9747",26.01.2024,19.02.2024,"0,7264","0,0504","0,0693","0,6895"
Corylus,2025-Gamma-1,Basel,1,"111,4414",26.01.2024,19.02.2024,"0,3514","0,0217","0,0616","0,6413"
Corylus,2025-Gamma-1,Basel,1,"216,0798",26.01.2024,19.02.2024,"0,1764","0,0107","0,0608","0,6555"
Cupressaceae,2025-Gamma-1,Basel,0,"20,4417",11.02.2024,01.03.2024,"2,4014","2,6506","1,1038","0,3878"
Cupressaceae,2025-Gamma-1,Basel,"0,2","20,4417",11.02.2024,01.03.2024,"2,4014","2,6506","1,1038","0,3878"
Cupressaceae,2025-Gamma-1,Basel,"0,4","20,8376",11.02.2024,01.03.2024,"2,3531","2,5883","1,1","0,3873"
Cupressaceae,2025-Gamma-1,Basel,"0,6","23,4846",11.02.2024,01.03.2024,"2,0679","2,2543","1,0901","0,3759"
Cupressaceae,2025-Gamma-1,Basel,"0,75","26,7702",11.02.2024,01.03.2024,"1,8005","1,9354","1,0749","0,3716"
Cupressaceae,2025-Gamma-1,Basel,"0,8","28,6207",11.02.2024,01.03.2024,"1,6727","1,8114","1,0829","0,3692"
Cupressaceae,2025-Gamma-1,Basel,"0,85","30,2558",11.02.2024,01.03.2024,"1,5605","1,6791","1,076","0,3631"
Cupressaceae,2025-Gamma-1,Basel,"0,9","33,5182",11.02.2024,01.03.2024,"1,4127","1,5119","1,0702","0,3646"
Cupressaceae,2025-Gamma-1,Basel,"0,91","34,2463",11.02.2024,01.03.2024,"1,3838","1,4727","1,0643","0,3662"
Cupressaceae,2025-Gamma-1,Basel,"0,92","35,4673",11.02.2024,01.03.2024,"1,3312","1,4295","1,0738","0,364"
Cupressaceae,2025-Gamma-1,Basel,"0,93","36,3549",11.02.2024,01.03.2024,"1,2982","1,3823","1,0648","0,36"
Cupressaceae,2025-Gamma-1,Basel,"0,94","37,8479",11.02.2024,01.03.2024,"1,2478","1,3281","1,0644","0,3537"
Cupressaceae,2025-Gamma-1,Basel,"0,95","39,0974",11.02.2024,01.03.2024,"1,2026","1,2663","1,0529","0,3542"
Cupressaceae,2025-Gamma-1,Basel,"0,96","41,1407",11.02.2024,01.03.2024,"1,141","1,1997","1,0514","0,3472"
Cupressaceae,2025-Gamma-1,Basel,"0,97","43,3431",11.02.2024,01.03.2024,"1,0715","1,1117","1,0375","0,3497"
Cupressaceae,2025-Gamma-1,Basel,"0,98","48,6334",11.02.2024,01.03.2024,"0,9526","1,0033","1,0533","0,3373"
Cupressaceae,2025-Gamma-1,Basel,"0,99","56,6097",11.02.2024,01.03.2024,"0,8098","0,8468","1,0457","0,3253"
Cupressaceae,2025-Gamma-1,Basel,"0,999","96,0556",11.02.2024,01.03.2024,"0,4816","0,4662","0,968","0,3146"
Cupressaceae,2025-Gamma-1,Basel,"0,9999","176,0801",11.02.2024,01.03.2024,"0,261","0,2383","0,9131","0,3185"
Cupressaceae,2025-Gamma-1,Basel,1,"308,6036",11.02.2024,01.03.2024,"0,1139","0,11","0,9651","0,2758"
Cupressaceae,2025-Gamma-1,Basel,1,"759,9581",11.02.2024,01.03.2024,"0,0443","0,0428","0,9659","0,185"
Cupressaceae,2025-Gamma-1,Basel,1,1000,11.02.2024,01.03.2024,"0,0156","0,0183","1,1716","0,1647"
Fagus,2025-Gamma-1,Basel,0,"8,7548",06.04.2024,05.05.2024,"0,6925","0,0323","0,0466","0,5532"
Fagus,2025-Gamma-1,Basel,"0,2","8,7548",06.04.2024,05.05.2024,"0,6925","0,0323","0,0466","0,5532"
Fagus,2025-Gamma-1,Basel,"0,4","8,7776",06.04.2024,05.05.2024,"0,6871","0,0294","0,0428","0,5591"
Fagus,2025-Gamma-1,Basel,"0,6","9,2344",06.04.2024,05.05.2024,"0,6467","0,0227","0,0351","0,5848"
Fagus,2025-Gamma-1,Basel,"0,75","9,7073",06.04.2024,05.05.2024,"0,6075","0,0188","0,0309","0,5987"
Fagus,2025-Gamma-1,Basel,"0,8","10,0017",06.04.2024,05.05.2024,"0,5918","0,0172","0,029","0,6071"
Fagus,2025-Gamma-1,Basel,"0,85","10,3072",06.04.2024,05.05.2024,"0,5714","0,0159","0,0279","0,613"
Fagus,2025-Gamma-1,Basel,"0,9","10,7313",06.04.2024,05.05.2024,"0,5493","0,0133","0,0242","0,6287"
Fagus,2025-Gamma-1,Basel,"0,91","10,8375",06.04.2024,05.05.2024,"0,5463","0,0131","0,0239","0,6283"
Fagus,2025-Gamma-1,Basel,"0,92","10,9052",06.04.2024,05.05.2024,"0,5421","0,0129","0,0237","0,632"
Fagus,2025-Gamma-1,Basel,"0,93","11,0648",06.04.2024,05.05.2024,"0,5335","0,0123","0,023","0,6386"
Fagus,2025-Gamma-1,Basel,"0,94","11,1314",06.04.2024,05.05.2024,"0,5299","0,0118","0,0224","0,6431"
Fagus,2025-Gamma-1,Basel,"0,95","11,2595",06.04.2024,05.05.2024,"0,5203","0,0116","0,0224","0,6424"
Fagus,2025-Gamma-1,Basel,"0,96","11,4587",06.04.2024,05.05.2024,"0,5129","0,0114","0,0223","0,6475"
Fagus,2025-Gamma-1,Basel,"0,97","11,6221",06.04.2024,05.05.2024,"0,5027","0,0108","0,0215","0,6557"
Fagus,2025-Gamma-1,Basel,"0,98","11,8502",06.04.2024,05.05.2024,"0,4919","0,0098","0,0199","0,6623"
Fagus,2025-Gamma-1,Basel,"0,99","12,4493",06.04.2024,05.05.2024,"0,4604","0,0082","0,0178","0,6802"
Fagus,2025-Gamma-1,Basel,"0,999","14,2158",06.04.2024,05.05.2024,"0,3887","0,0057","0,0147","0,6987"
Fagus,2025-Gamma-1,Basel,"0,9999","16,6055",06.04.2024,05.05.2024,"0,3226","0,0039","0,012","0,724"
Fagus,2025-Gamma-1,Basel,1,"19,3826",06.04.2024,05.05.2024,"0,2696","0,0022","0,0083","0,7638"
Fagus,2025-Gamma-1,Basel,1,"26,0687",06.04.2024,05.05.2024,"0,2082","0,001","0,0049","0,8088"
Fagus,2025-Gamma-1,Basel,1,"33,8944",06.04.2024,05.05.2024,"0,1568",0,0,"0,865"
Fraxinus,2025-Gamma-1,Basel,0,"1,0451",15.03.2024,11.04.2024,"45,0418","11,0634","0,2456","0,5555"
Fraxinus,2025-Gamma-1,Basel,"0,2","1,0451",15.03.2024,11.04.2024,"45,0399","11,0634","0,2456","0,5555"
Fraxinus,2025-Gamma-1,Basel,"0,4","1,0672",15.03.2024,11.04.2024,"44,3318","10,8934","0,2457","0,5548"
Fraxinus,2025-Gamma-1,Basel,"0,6","1,206",15.03.2024,11.04.2024,"40,1158","9,4251","0,2349","0,5675"
Fraxinus,2025-Gamma-1,Basel,"0,75","1,3605",15.03.2024,11.04.2024,"36,2253","7,9736","0,2201","0,5806"
Fraxinus,2025-Gamma-1,Basel,"0,8","1,4289",15.03.2024,11.04.2024,"34,7329","7,4363","0,2141","0,5873"
Fraxinus,2025-Gamma-1,Basel,"0,85","1,5148",15.03.2024,11.04.2024,"33,0423","6,8466","0,2072","0,594"
Fraxinus,2025-Gamma-1,Basel,"0,9","1,6342",15.03.2024,11.04.2024,"30,9603","6,1281","0,1979","0,6018"
Fraxinus,2025-Gamma-1,Basel,"0,91","1,6643",15.03.2024,11.04.2024,"30,4729","5,9577","0,1955","0,6044"
Fraxinus,2025-Gamma-1,Basel,"0,92","1,7009",15.03.2024,11.04.2024,"29,8974","5,774","0,1931","0,6068"
Fraxinus,2025-Gamma-1,Basel,"0,93","1,7406",15.03.2024,11.04.2024,"29,3099","5,5791","0,1903","0,6087"
Fraxinus,2025-Gamma-1,Basel,"0,94","1,7845",15.03.2024,11.04.2024,"28,6667","5,3835","0,1878","0,6094"
Fraxinus,2025-Gamma-1,Basel,"0,95","1,8401",15.03.2024,11.04.2024,"27,9058","5,1504","0,1846","0,6123"
Fraxinus,2025-Gamma-1,Basel,"0,96","1,9047",15.03.2024,11.04.2024,"27,0404","4,8746","0,1803","0,6162"
Fraxinus,2025-Gamma-1,Basel,"0,97","1,985",15.03.2024,11.04.2024,"26,0216","4,5782","0,1759","0,6213"
Fraxinus,2025-Gamma-1,Basel,"0,98","2,1014",15.03.2024,11.04.2024,"24,6786","4,169","0,1689","0,6237"
Fraxinus,2025-Gamma-1,Basel,"0,99","2,2937",15.03.2024,11.04.2024,"22,7199","3,5745","0,1573","0,6349"
Fraxinus,2025-Gamma-1,Basel,"0,999","3,0098",15.03.2024,11.04.2024,"17,4069","2,189","0,1258","0,6613"
Fraxinus,2025-Gamma-1,Basel,"0,9999","3,8584",15.03.2024,11.04.2024,"13,5199","1,3873","0,1026","0,6762"
Fraxinus,2025-Gamma-1,Basel,1,"5,0008",15.03.2024,11.04.2024,"10,3417","0,8793","0,085","0,6806"
Fraxinus,2025-Gamma-1,Basel,1,"6,8103",15.03.2024,11.04.2024,"7,5686","0,544","0,0719","0,6917"
Fraxinus,2025-Gamma-1,Basel,1,"9,0431",15.03.2024,11.04.2024,"5,6668","0,3782","0,0667","0,7014"
Pinaceae,2025-Gamma-1,Basel,0,"3,6228",09.04.2024,18.04.2024,"6,1613","2,9502","0,4788","0,557"
Pinaceae,2025-Gamma-1,Basel,"0,2","3,6228",09.04.2024,18.04.2024,"6,1613","2,95","0,4788","0,557"
Pinaceae,2025-Gamma-1,Basel,"0,4","3,6379",09.04.2024,18.04.2024,"6,1144","2,9018","0,4746","0,562"
Pinaceae,2025-Gamma-1,Basel,"0,6","3,7433",09.04.2024,18.04.2024,"5,8831","2,6667","0,4533","0,5777"
Pinaceae,2025-Gamma-1,Basel,"0,75","3,851",09.04.2024,18.04.2024,"5,6625","2,4605","0,4345","0,5875"
Pinaceae,2025-Gamma-1,Basel,"0,8","3,9071",09.04.2024,18.04.2024,"5,5739","2,3929","0,4293","0,5929"
Pinaceae,2025-Gamma-1,Basel,"0,85","3,9654",09.04.2024,18.04.2024,"5,4695","2,3122","0,4227","0,5951"
Pinaceae,2025-Gamma-1,Basel,"0,9","4,0489",09.04.2024,18.04.2024,"5,3338","2,2185","0,4159","0,6052"
Pinaceae,2025-Gamma-1,Basel,"0,91","4,0639",09.04.2024,18.04.2024,"5,313","2,1972","0,4135","0,606"
Pinaceae,2025-Gamma-1,Basel,"0,92","4,0979",09.04.2024,18.04.2024,"5,2783","2,175","0,4121","0,6091"
Pinaceae,2025-Gamma-1,Basel,"0,93","4,1131",09.04.2024,18.04.2024,"5,2557","2,1507","0,4092","0,611"
Pinaceae,2025-Gamma-1,Basel,"0,94","4,1339",09.04.2024,18.04.2024,"5,2262","2,1215","0,4059","0,6151"
Pinaceae,2025-Gamma-1,Basel,"0,95","4,1627",09.04.2024,18.04.2024,"5,1773","2,0884","0,4034","0,618"
Pinaceae,2025-Gamma-1,Basel,"0,96","4,1933",09.04.2024,18.04.2024,"5,1373","2,0496","0,399","0,6218"
Pinaceae,2025-Gamma-1,Basel,"0,97","4,2482",09.04.2024,18.04.2024,"5,073","2,0072","0,3957","0,6219"
Pinaceae,2025-Gamma-1,Basel,"0,98","4,3126",09.04.2024,18.04.2024,"4,9932","1,9452","0,3896","0,6238"
Pinaceae,2025-Gamma-1,Basel,"0,99","4,4194",09.04.2024,18.04.2024,"4,8576","1,8488","0,3806","0,6285"
Pinaceae,2025-Gamma-1,Basel,"0,999","4,7903",09.04.2024,18.04.2024,"4,4613","1,5394","0,3451","0,6397"
Pinaceae,2025-Gamma-1,Basel,"0,9999","5,1599",09.04.2024,18.04.2024,"4,1401","1,2365","0,2987","0,6617"
Pinaceae,2025-Gamma-1,Basel,1,"5,5056",09.04.2024,18.04.2024,"3,8551","0,9573","0,2483","0,6772"
Pinaceae,2025-Gamma-1,Basel,1,"5,8308",09.04.2024,18.04.2024,"3,617","0,7587","0,2098","0,6995"
Pinaceae,2025-Gamma-1,Basel,1,"6,0512",09.04.2024,18.04.2024,"3,4485","0,6925","0,2008","0,7011"
Platanus,2025-Gamma-1,Basel,0,"50,0974",24.03.2024,18.04.2024,"2,8502","0,0169","0,0059","0,7466"
Platanus,2025-Gamma-1,Basel,"0,2","50,0974",24.03.2024,18.04.2024,"2,8502","0,0169","0,0059","0,7466"
Platanus,2025-Gamma-1,Basel,"0,4","54,8415",24.03.2024,18.04.2024,"2,623","0,0145","0,0055","0,757"
Platanus,2025-Gamma-1,Basel,"0,6","78,1105",24.03.2024,18.04.2024,"1,8572","0,0103","0,0056","0,7585"
Platanus,2025-Gamma-1,Basel,"0,75","108,0098",24.03.2024,18.04.2024,"1,3433","0,0077","0,0057","0,7734"
Platanus,2025-Gamma-1,Basel,"0,8","123,108",24.03.2024,18.04.2024,"1,187","0,0066","0,0055","0,7845"
Platanus,2025-Gamma-1,Basel,"0,85","143,9017",24.03.2024,18.04.2024,"1,0153","0,005","0,0049","0,7769"
Platanus,2025-Gamma-1,Basel,"0,9","174,4649",24.03.2024,18.04.2024,"0,8283","0,004","0,0048","0,8164"
Platanus,2025-Gamma-1,Basel,"0,91","182,3375",24.03.2024,18.04.2024,"0,7935","0,0038","0,0048","0,8168"
Platanus,2025-Gamma-1,Basel,"0,92","193,6403",24.03.2024,18.04.2024,"0,7481","0,0036","0,0048","0,8139"
Platanus,2025-Gamma-1,Basel,"0,93","208,3937",24.03.2024,18.04.2024,"0,6994","0,0034","0,0049","0,8243"
Platanus,2025-Gamma-1,Basel,"0,94","223,5957",24.03.2024,18.04.2024,"0,6506","0,0032","0,0049","0,8129"
Platanus,2025-Gamma-1,Basel,"0,95","240,0222",24.03.2024,18.04.2024,"0,6018","0,0026","0,0043","0,8309"
Platanus,2025-Gamma-1,Basel,"0,96","259,9704",24.03.2024,18.04.2024,"0,5604","0,0024","0,0042","0,8126"
Platanus,2025-Gamma-1,Basel,"0,97","288,6306",24.03.2024,18.04.2024,"0,501","0,0022","0,0044","0,8239"
Platanus,2025-Gamma-1,Basel,"0,98","332,0665",24.03.2024,18.04.2024,"0,4288","0,0018","0,0042","0,8386"
Platanus,2025-Gamma-1,Basel,"0,99","442,7036",24.03.2024,18.04.2024,"0,3266","0,0014","0,0043","0,8204"
Platanus,2025-Gamma-1,Basel,"0,999",1000,24.03.2024,18.04.2024,"0,1349","0,0004","0,003","0,7878"
Platanus,2025-Gamma-1,Basel,"0,9999",1000,24.03.2024,18.04.2024,"0,0534","0,0004","0,0075","0,6998"
Platanus,2025-Gamma-1,Basel,1,1000,24.03.2024,18.04.2024,"0,0154","0,0002","0,0134","0,5783"
Platanus,2025-Gamma-1,Basel,1,1000,24.03.2024,18.04.2024,"0,0047",0,0,"0,3682"
Platanus,2025-Gamma-1,Basel,1,1000,24.03.2024,18.04.2024,"0,0007",0,0,"0,1829"
Populus,2025-Gamma-1,Basel,0,"0,7751",15.02.2024,24.02.2024,"10,347","2,083","0,2013","0,4385"
Populus,2025-Gamma-1,Basel,"0,2","0,7751",15.02.2024,24.02.2024,"10,347","2,083","0,2013","0,4385"
Populus,2025-Gamma-1,Basel,"0,4","0,7936",15.02.2024,24.02.2024,"9,9722","1,9849","0,199","0,4346"
Populus,2025-Gamma-1,Basel,"0,6","1,0179",15.02.2024,24.02.2024,"7,6046","1,5643","0,2057","0,4308"
Populus,2025-Gamma-1,Basel,"0,75","1,3354",15.02.2024,24.02.2024,"5,6917","1,225","0,2152","0,4355"
Populus,2025-Gamma-1,Basel,"0,8","1,4793",15.02.2024,24.02.2024,"5,0659","1,1054","0,2182","0,4339"
Populus,2025-Gamma-1,Basel,"0,85","1,6761",15.02.2024,24.02.2024,"4,4336","0,9756","0,22","0,4373"
Populus,2025-Gamma-1,Basel,"0,9","2,0258",15.02.2024,24.02.2024,"3,748","0,8295","0,2213","0,4462"
Populus,2025-Gamma-1,Basel,"0,91","2,0809",15.02.2024,24.02.2024,"3,612","0,7963","0,2204","0,4427"
Populus,2025-Gamma-1,Basel,"0,92","2,1677",15.02.2024,24.02.2024,"3,4848","0,7593","0,2179","0,4384"
Populus,2025-Gamma-1,Basel,"0,93","2,2584",15.02.2024,24.02.2024,"3,3464","0,719","0,2149","0,4451"
Populus,2025-Gamma-1,Basel,"0,94","2,3578",15.02.2024,24.02.2024,"3,1576","0,6858","0,2172","0,4421"
Populus,2025-Gamma-1,Basel,"0,95","2,4942",15.02.2024,24.02.2024,"2,988","0,6396","0,2141","0,4448"
Populus,2025-Gamma-1,Basel,"0,96","2,6806",15.02.2024,24.02.2024,"2,7719","0,5901","0,2129","0,4376"
Populus,2025-Gamma-1,Basel,"0,97","2,9578",15.02.2024,24.02.2024,"2,5101","0,5346","0,213","0,4473"
Populus,2025-Gamma-1,Basel,"0,98","3,2992",15.02.2024,24.02.2024,"2,2008","0,4722","0,2146","0,4436"
Populus,2025-Gamma-1,Basel,"0,99","4,073",15.02.2024,24.02.2024,"1,7771","0,3754","0,2112","0,4274"
Populus,2025-Gamma-1,Basel,"0,999","8,5451",15.02.2024,24.02.2024,"0,8549","0,1698","0,1987","0,4244"
Populus,2025-Gamma-1,Basel,"0,9999","16,7177",15.02.2024,24.02.2024,"0,4255","0,0762","0,179","0,4511"
Populus,2025-Gamma-1,Basel,1,"44,3434",15.02.2024,24.02.2024,"0,1678","0,0326","0,1943","0,4294"
Populus,2025-Gamma-1,Basel,1,"106,2386",15.02.2024,24.02.2024,"0,073","0,0143","0,1963","0,307"
Populus,2025-Gamma-1,Basel,1,"170,2937",15.02.2024,24.02.2024,"0,0296","0,0079","0,268","0,2486"
Quercus,2025-Gamma-1,Basel,0,"1,4599",03.04.2024,05.05.2024,"63,4188","11,2298","0,1771","0,3844"
Quercus,2025-Gamma-1,Basel,"0,2","1,4599",03.04.2024,05.05.2024,"63,4182","11,2298","0,1771","0,3844"
Quercus,2025-Gamma-1,Basel,"0,4","1,4716",03.04.2024,05.05.2024,"63,0557","11,1273","0,1765","0,3859"
Quercus,2025-Gamma-1,Basel,"0,6","1,5902",03.04.2024,05.05.2024,"59,8207","9,9997","0,1672","0,396"
Quercus,2025-Gamma-1,Basel,"0,75","1,7492",03.04.2024,05.05.2024,"55,9952","8,7476","0,1562","0,4074"
Quercus,2025-Gamma-1,Basel,"0,8","1,8208",03.04.2024,05.05.2024,"54,4685","8,2639","0,1517","0,4135"
Quercus,2025-Gamma-1,Basel,"0,85","1,9112",03.04.2024,05.05.2024,"52,6734","7,7089","0,1464","0,4175"
Quercus,2025-Gamma-1,Basel,"0,9","2,0468",03.04.2024,05.05.2024,"50,2724","7,0069","0,1394","0,4307"
Quercus,2025-Gamma-1,Basel,"0,91","2,0807",03.04.2024,05.05.2024,"49,6839","6,8364","0,1376","0,432"
Quercus,2025-Gamma-1,Basel,"0,92","2,1186",03.04.2024,05.05.2024,"49,0563","6,6492","0,1355","0,4354"
Quercus,2025-Gamma-1,Basel,"0,93","2,1615",03.04.2024,05.05.2024,"48,3893","6,4516","0,1333","0,4364"
Quercus,2025-Gamma-1,Basel,"0,94","2,2115",03.04.2024,05.05.2024,"47,6068","6,2111","0,1305","0,4385"
Quercus,2025-Gamma-1,Basel,"0,95","2,2739",03.04.2024,05.05.2024,"46,663","5,9589","0,1277","0,4401"
Quercus,2025-Gamma-1,Basel,"0,96","2,3468",03.04.2024,05.05.2024,"45,5981","5,6624","0,1242","0,4458"
Quercus,2025-Gamma-1,Basel,"0,97","2,4418",03.04.2024,05.05.2024,"44,2828","5,2867","0,1194","0,4499"
Quercus,2025-Gamma-1,Basel,"0,98","2,5863",03.04.2024,05.05.2024,"42,4592","4,8101","0,1133","0,4538"
Quercus,2025-Gamma-1,Basel,"0,99","2,834",03.04.2024,05.05.2024,"39,6064","4,0766","0,1029","0,4687"
Quercus,2025-Gamma-1,Basel,"0,999","3,7825",03.04.2024,05.05.2024,"31,2081","2,2435","0,0719","0,5172"
Quercus,2025-Gamma-1,Basel,"0,9999","4,8148",03.04.2024,05.05.2024,"24,6717","1,1114","0,045","0,5534"
Quercus,2025-Gamma-1,Basel,1,"6,0122",03.04.2024,05.05.2024,"19,2838","0,5142","0,0267","0,5801"
Quercus,2025-Gamma-1,Basel,1,"7,62",03.04.2024,05.05.2024,"14,7076","0,1952","0,0133","0,5984"
Quercus,2025-Gamma-1,Basel,1,"9,4963",03.04.2024,05.05.2024,"11,4966","0,0919","0,008","0,6221"
Taxus,2025-Gamma-1,Basel,0,"3,2539",03.02.2024,18.03.2024,"111,823","6,6662","0,0596","0,647"
Taxus,2025-Gamma-1,Basel,"0,2","3,2539",03.02.2024,18.03.2024,"111,823","6,6662","0,0596","0,647"
Taxus,2025-Gamma-1,Basel,"0,4","3,2591",03.02.2024,18.03.2024,"111,5656","6,4999","0,0583","0,6484"
Taxus,2025-Gamma-1,Basel,"0,6","3,3631",03.02.2024,18.03.2024,"107,4691","5,5513","0,0517","0,6568"
Taxus,2025-Gamma-1,Basel,"0,75","3,5182",03.02.2024,18.03.2024,"102,081","4,6844","0,0459","0,664"
Taxus,2025-Gamma-1,Basel,"0,8","3,5886",03.02.2024,18.03.2024,"99,8174","4,3722","0,0438","0,667"
Taxus,2025-Gamma-1,Basel,"0,85","3,6816",03.02.2024,18.03.2024,"97,029","4,0273","0,0415","0,6673"
Taxus,2025-Gamma-1,Basel,"0,9","3,8118",03.02.2024,18.03.2024,"93,3837","3,5938","0,0385","0,6697"
Taxus,2025-Gamma-1,Basel,"0,91","3,8479",03.02.2024,18.03.2024,"92,4311","3,4915","0,0378","0,672"
Taxus,2025-Gamma-1,Basel,"0,92","3,8875",03.02.2024,18.03.2024,"91,413","3,3678","0,0368","0,6739"
Taxus,2025-Gamma-1,Basel,"0,93","3,9327",03.02.2024,18.03.2024,"90,2742","3,2498","0,036","0,6729"
Taxus,2025-Gamma-1,Basel,"0,94","3,9866",03.02.2024,18.03.2024,"88,9722","3,1209","0,0351","0,6726"
Taxus,2025-Gamma-1,Basel,"0,95","4,0535",03.02.2024,18.03.2024,"87,4191","2,9786","0,0341","0,6727"
Taxus,2025-Gamma-1,Basel,"0,96","4,1368",03.02.2024,18.03.2024,"85,5457","2,8125","0,0329","0,6702"
Taxus,2025-Gamma-1,Basel,"0,97","4,2454",03.02.2024,18.03.2024,"83,1799","2,6111","0,0314","0,6724"
Taxus,2025-Gamma-1,Basel,"0,98","4,4104",03.02.2024,18.03.2024,"79,8897","2,3546","0,0295","0,6748"
Taxus,2025-Gamma-1,Basel,"0,99","4,7237",03.02.2024,18.03.2024,"74,4274","1,9824","0,0266","0,6788"
Taxus,2025-Gamma-1,Basel,"0,999","6,1526",03.02.2024,18.03.2024,"56,9083","1,1307","0,0199","0,6861"
Taxus,2025-Gamma-1,Basel,"0,9999","8,5858",03.02.2024,18.03.2024,"40,6926","0,604","0,0148","0,6945"
Taxus,2025-Gamma-1,Basel,1,"13,2774",03.02.2024,18.03.2024,"26,3608","0,3053","0,0116","0,6844"
Taxus,2025-Gamma-1,Basel,1,"23,6022",03.02.2024,18.03.2024,"14,8549","0,1392","0,0094","0,6617"
Taxus,2025-Gamma-1,Basel,1,"41,3078",03.02.2024,18.03.2024,"8,5123","0,0675","0,0079","0,672"
Alnus,2025-Gamma-1,Luzern,0,"8,2748",07.02.2024,02.03.2024,"7,0514","0,471","0,0668","0,5396"
Alnus,2025-Gamma-1,Luzern,"0,2","8,2748",07.02.2024,02.03.2024,"7,0514","0,471","0,0668","0,5396"
Alnus,2025-Gamma-1,Luzern,"0,4","8,3126",07.02.2024,02.03.2024,"7,0174","0,4623","0,0659","0,5391"
Alnus,2025-Gamma-1,Luzern,"0,6","8,9112",07.02.2024,02.03.2024,"6,5111","0,3994","0,0613","0,5417"
Alnus,2025-Gamma-1,Luzern,"0,75","9,8125",07.02.2024,02.03.2024,"5,8917","0,341","0,0579","0,5448"
Alnus,2025-Gamma-1,Luzern,"0,8","10,1975",07.02.2024,02.03.2024,"5,6507","0,3197","0,0566","0,5479"
Alnus,2025-Gamma-1,Luzern,"0,85","10,7259",07.02.2024,02.03.2024,"5,3646","0,2925","0,0545","0,5437"
Alnus,2025-Gamma-1,Luzern,"0,9","11,4691",07.02.2024,02.03.2024,"5,0069","0,2619","0,0523","0,5492"
Alnus,2025-Gamma-1,Luzern,"0,91","11,6762",07.02.2024,02.03.2024,"4,9181","0,2543","0,0517","0,5523"
Alnus,2025-Gamma-1,Luzern,"0,92","11,9121",07.02.2024,02.03.2024,"4,8229","0,2465","0,0511","0,5573"
Alnus,2025-Gamma-1,Luzern,"0,93","12,2645",07.02.2024,02.03.2024,"4,691","0,2394","0,051","0,5571"
Alnus,2025-Gamma-1,Luzern,"0,94","12,5435",07.02.2024,02.03.2024,"4,5757","0,2301","0,0503","0,5605"
Alnus,2025-Gamma-1,Luzern,"0,95","12,9344",07.02.2024,02.03.2024,"4,4424","0,2202","0,0496","0,5603"
Alnus,2025-Gamma-1,Luzern,"0,96","13,4363",07.02.2024,02.03.2024,"4,2722","0,2067","0,0484","0,5657"
Alnus,2025-Gamma-1,Luzern,"0,97","14,103",07.02.2024,02.03.2024,"4,0576","0,1923","0,0474","0,5711"
Alnus,2025-Gamma-1,Luzern,"0,98","15,0561",07.02.2024,02.03.2024,"3,7868","0,1714","0,0453","0,5749"
Alnus,2025-Gamma-1,Luzern,"0,99","16,9693",07.02.2024,02.03.2024,"3,3347","0,1438","0,0431","0,5801"
Alnus,2025-Gamma-1,Luzern,"0,999","26,6588",07.02.2024,02.03.2024,"2,1021","0,0763","0,0363","0,6032"
Alnus,2025-Gamma-1,Luzern,"0,9999","45,1516",07.02.2024,02.03.2024,"1,2361","0,0334","0,0271","0,6133"
Alnus,2025-Gamma-1,Luzern,1,"88,8035",07.02.2024,02.03.2024,"0,6187","0,0152","0,0246","0,6183"
Alnus,2025-Gamma-1,Luzern,1,"215,5137",07.02.2024,02.03.2024,"0,2576","0,0061","0,0238","0,5855"
Alnus,2025-Gamma-1,Luzern,1,"431,5663",07.02.2024,02.03.2024,"0,1208","0,0026","0,0212","0,5725"
Betula,2025-Gamma-1,Luzern,0,"16,9314",25.03.2024,19.04.2024,"18,3647","0,6676","0,0364","0,5445"
Betula,2025-Gamma-1,Luzern,"0,2","16,9314",25.03.2024,19.04.2024,"18,3647","0,6676","0,0364","0,5445"
Betula,2025-Gamma-1,Luzern,"0,4","17,1306",25.03.2024,19.04.2024,"18,1548","0,6501","0,0358","0,5467"
Betula,2025-Gamma-1,Luzern,"0,6","18,9965",25.03.2024,19.04.2024,"16,3371","0,5404","0,0331","0,5525"
Betula,2025-Gamma-1,Luzern,"0,75","21,5567",25.03.2024,19.04.2024,"14,3497","0,4374","0,0305","0,5674"
Betula,2025-Gamma-1,Luzern,"0,8","22,7146",25.03.2024,19.04.2024,"13,5938","0,4015","0,0295","0,5697"
Betula,2025-Gamma-1,Luzern,"0,85","24,2458",25.03.2024,19.04.2024,"12,729","0,3626","0,0285","0,57"
Betula,2025-Gamma-1,Luzern,"0,9","26,5055",25.03.2024,19.04.2024,"11,6285","0,3144","0,027","0,579"
Betula,2025-Gamma-1,Luzern,"0,91","27,1092",25.03.2024,19.04.2024,"11,3674","0,303","0,0267","0,5817"
Betula,2025-Gamma-1,Luzern,"0,92","27,8586",25.03.2024,19.04.2024,"11,0716","0,2909","0,0263","0,5843"
Betula,2025-Gamma-1,Luzern,"0,93","28,6862",25.03.2024,19.04.2024,"10,753","0,2774","0,0258","0,589"
Betula,2025-Gamma-1,Luzern,"0,94","29,689",25.03.2024,19.04.2024,"10,3918","0,2649","0,0255","0,5859"
Betula,2025-Gamma-1,Luzern,"0,95","30,7509",25.03.2024,19.04.2024,"10,0259","0,2502","0,025","0,5882"
Betula,2025-Gamma-1,Luzern,"0,96","32,2596",25.03.2024,19.04.2024,"9,5551","0,233","0,0244","0,5888"
Betula,2025-Gamma-1,Luzern,"0,97","34,245",25.03.2024,19.04.2024,"8,9882","0,2138","0,0238","0,5864"
Betula,2025-Gamma-1,Luzern,"0,98","37,5119",25.03.2024,19.04.2024,"8,2082","0,1878","0,0229","0,5917"
Betula,2025-Gamma-1,Luzern,"0,99","43,8452",25.03.2024,19.04.2024,"7,0343","0,1469","0,0209","0,6079"
Betula,2025-Gamma-1,Luzern,"0,999","73,9869",25.03.2024,19.04.2024,"4,1442","0,0685","0,0165","0,6377"
Betula,2025-Gamma-1,Luzern,"0,9999","135,981",25.03.2024,19.04.2024,"2,253","0,0293","0,013","0,6637"
Betula,2025-Gamma-1,Luzern,1,"269,4532",25.03.2024,19.04.2024,"1,1265","0,0112","0,0099","0,7166"
Betula,2025-Gamma-1,Luzern,1,"567,4426",25.03.2024,19.04.2024,"0,5082","0,0049","0,0096","0,6835"
Betula,2025-Gamma-1,Luzern,1,1000,25.03.2024,19.04.2024,"0,2444","0,0017","0,007","0,6305"
Corylus,2025-Gamma-1,Luzern,0,"11,7039",21.01.2024,24.02.2024,"7,2806","1,1964","0,1643","0,5049"
Corylus,2025-Gamma-1,Luzern,"0,2","11,7039",21.01.2024,24.02.2024,"7,2806","1,1964","0,1643","0,5049"
Corylus,2025-Gamma-1,Luzern,"0,4","11,7926",21.01.2024,24.02.2024,"7,22","1,1692","0,1619","0,5051"
Corylus,2025-Gamma-1,Luzern,"0,6","12,7503",21.01.2024,24.02.2024,"6,6758","0,9896","0,1482","0,5053"
Corylus,2025-Gamma-1,Luzern,"0,75","14,0136",21.01.2024,24.02.2024,"6,0798","0,8255","0,1358","0,5151"
Corylus,2025-Gamma-1,Luzern,"0,8","14,6152",21.01.2024,24.02.2024,"5,8427","0,7666","0,1312","0,516"
Corylus,2025-Gamma-1,Luzern,"0,85","15,3521",21.01.2024,24.02.2024,"5,5525","0,7018","0,1264","0,5176"
Corylus,2025-Gamma-1,Luzern,"0,9","16,3814",21.01.2024,24.02.2024,"5,2068","0,6208","0,1192","0,5218"
Corylus,2025-Gamma-1,Luzern,"0,91","16,6601",21.01.2024,24.02.2024,"5,1215","0,6022","0,1176","0,5254"
Corylus,2025-Gamma-1,Luzern,"0,92","16,999",21.01.2024,24.02.2024,"5,0218","0,5825","0,116","0,5277"
Corylus,2025-Gamma-1,Luzern,"0,93","17,3374",21.01.2024,24.02.2024,"4,9136","0,5614","0,1143","0,5294"
Corylus,2025-Gamma-1,Luzern,"0,94","17,7723",21.01.2024,24.02.2024,"4,7961","0,5386","0,1123","0,5323"
Corylus,2025-Gamma-1,Luzern,"0,95","18,2276",21.01.2024,24.02.2024,"4,6721","0,5134","0,1099","0,539"
Corylus,2025-Gamma-1,Luzern,"0,96","18,8345",21.01.2024,24.02.2024,"4,5213","0,4817","0,1065","0,5434"
Corylus,2025-Gamma-1,Luzern,"0,97","19,7013",21.01.2024,24.02.2024,"4,3269","0,4456","0,103","0,5509"
Corylus,2025-Gamma-1,Luzern,"0,98","20,9425",21.01.2024,24.02.2024,"4,0725","0,4016","0,0986","0,5612"
Corylus,2025-Gamma-1,Luzern,"0,99","23,2814",21.01.2024,24.02.2024,"3,6528","0,3392","0,0929","0,5694"
Corylus,2025-Gamma-1,Luzern,"0,999","35,4508",21.01.2024,24.02.2024,"2,3721","0,1701","0,0717","0,6221"
Corylus,2025-Gamma-1,Luzern,"0,9999","60,3023",21.01.2024,24.02.2024,"1,3795","0,0833","0,0604","0,6351"
Corylus,2025-Gamma-1,Luzern,1,"123,7805",21.01.2024,24.02.2024,"0,6483","0,0341","0,0527","0,6234"
Corylus,2025-Gamma-1,Luzern,1,"338,049",21.01.2024,24.02.2024,"0,2381","0,0087","0,0365","0,6455"
Corylus,2025-Gamma-1,Luzern,1,"908,6844",21.01.2024,24.02.2024,"0,0843","0,0023","0,0276","0,5795"
Cupressaceae,2025-Gamma-1,Luzern,0,"0,6362",15.02.2024,08.03.2024,"14,6623","11,2769","0,7691","0,477"
Cupressaceae,2025-Gamma-1,Luzern,"0,2","0,6362",15.02.2024,08.03.2024,"14,6623","11,2769","0,7691","0,477"
Cupressaceae,2025-Gamma-1,Luzern,"0,4","0,6395",15.02.2024,08.03.2024,"14,5873","11,216","0,7689","0,4771"
Cupressaceae,2025-Gamma-1,Luzern,"0,6","0,6904",15.02.2024,08.03.2024,"13,5044","10,5155","0,7787","0,4781"
Cupressaceae,2025-Gamma-1,Luzern,"0,75","0,7592",15.02.2024,08.03.2024,"12,2362","9,7195","0,7943","0,4763"
Cupressaceae,2025-Gamma-1,Luzern,"0,8","0,7925",15.02.2024,08.03.2024,"11,7094","9,4045","0,8032","0,4756"
Cupressaceae,2025-Gamma-1,Luzern,"0,85","0,8332",15.02.2024,08.03.2024,"11,1147","9,0231","0,8118","0,4736"
Cupressaceae,2025-Gamma-1,Luzern,"0,9","0,8928",15.02.2024,08.03.2024,"10,3561","8,5412","0,8247","0,4738"
Cupressaceae,2025-Gamma-1,Luzern,"0,91","0,9073",15.02.2024,08.03.2024,"10,176","8,4259","0,828","0,4738"
Cupressaceae,2025-Gamma-1,Luzern,"0,92","0,9261",15.02.2024,08.03.2024,"9,9653","8,2993","0,8328","0,4733"
Cupressaceae,2025-Gamma-1,Luzern,"0,93","0,9455",15.02.2024,08.03.2024,"9,7427","8,1552","0,8371","0,473"
Cupressaceae,2025-Gamma-1,Luzern,"0,94","0,9685",15.02.2024,08.03.2024,"9,5104","7,9906","0,8402","0,4729"
Cupressaceae,2025-Gamma-1,Luzern,"0,95","0,9942",15.02.2024,08.03.2024,"9,2298","7,7953","0,8446","0,4707"
Cupressaceae,2025-Gamma-1,Luzern,"0,96","1,0304",15.02.2024,08.03.2024,"8,895","7,5815","0,8523","0,4709"
Cupressaceae,2025-Gamma-1,Luzern,"0,97","1,0742",15.02.2024,08.03.2024,"8,5085","7,3025","0,8583","0,469"
Cupressaceae,2025-Gamma-1,Luzern,"0,98","1,1411",15.02.2024,08.03.2024,"7,9758","6,9453","0,8708","0,4678"
Cupressaceae,2025-Gamma-1,Luzern,"0,99","1,268",15.02.2024,08.03.2024,"7,1207","6,3484","0,8915","0,4664"
Cupressaceae,2025-Gamma-1,Luzern,"0,999","1,7645",15.02.2024,08.03.2024,"4,7864","4,6462","0,9707","0,4566"
Cupressaceae,2025-Gamma-1,Luzern,"0,9999","2,5606",15.02.2024,08.03.2024,"3,0094","3,2762","1,0886","0,4506"
Cupressaceae,2025-Gamma-1,Luzern,1,"3,5408",15.02.2024,08.03.2024,"1,8375","2,1996","1,1971","0,4362"
Cupressaceae,2025-Gamma-1,Luzern,1,"5,0847",15.02.2024,08.03.2024,"1,0106","1,3984","1,3838","0,4265"
Cupressaceae,2025-Gamma-1,Luzern,1,"6,4159",15.02.2024,08.03.2024,"0,6343","0,9531","1,5025","0,392"
Fagus,2025-Gamma-1,Luzern,0,"2,5963",06.04.2024,16.05.2024,"3,2056","0,644","0,2009","0,3979"
Fagus,2025-Gamma-1,Luzern,"0,2","2,5963",06.04.2024,16.05.2024,"3,2056","0,644","0,2009","0,3979"
Fagus,2025-Gamma-1,Luzern,"0,4","2,666",06.04.2024,16.05.2024,"3,1417","0,6268","0,1995","0,4001"
Fagus,2025-Gamma-1,Luzern,"0,6","3,1462",06.04.2024,16.05.2024,"2,7432","0,5236","0,1909","0,4184"
Fagus,2025-Gamma-1,Luzern,"0,75","3,7491",06.04.2024,16.05.2024,"2,3629","0,4235","0,1792","0,4351"
Fagus,2025-Gamma-1,Luzern,"0,8","4,0152",06.04.2024,16.05.2024,"2,2215","0,388","0,1747","0,4446"
Fagus,2025-Gamma-1,Luzern,"0,85","4,3622",06.04.2024,16.05.2024,"2,072","0,3444","0,1662","0,4533"
Fagus,2025-Gamma-1,Luzern,"0,9","4,8306",06.04.2024,16.05.2024,"1,8869","0,303","0,1606","0,4666"
Fagus,2025-Gamma-1,Luzern,"0,91","4,9702",06.04.2024,16.05.2024,"1,8399","0,2925","0,159","0,4726"
Fagus,2025-Gamma-1,Luzern,"0,92","5,104",06.04.2024,16.05.2024,"1,7934","0,2807","0,1565","0,4766"
Fagus,2025-Gamma-1,Luzern,"0,93","5,2603",06.04.2024,16.05.2024,"1,743","0,2699","0,1549","0,4777"
Fagus,2025-Gamma-1,Luzern,"0,94","5,4255",06.04.2024,16.05.2024,"1,6888","0,2557","0,1514","0,4826"
Fagus,2025-Gamma-1,Luzern,"0,95","5,6744",06.04.2024,16.05.2024,"1,6197","0,2386","0,1473","0,4883"
Fagus,2025-Gamma-1,Luzern,"0,96","5,9314",06.04.2024,16.05.2024,"1,5592","0,2218","0,1422","0,4962"
Fagus,2025-Gamma-1,Luzern,"0,97","6,2512",06.04.2024,16.05.2024,"1,48","0,201","0,1358","0,5054"
Fagus,2025-Gamma-1,Luzern,"0,98","6,7102",06.04.2024,16.05.2024,"1,383","0,1802","0,1303","0,5105"
Fagus,2025-Gamma-1,Luzern,"0,99","7,621",06.04.2024,16.05.2024,"1,2314","0,141","0,1145","0,5278"
Fagus,2025-Gamma-1,Luzern,"0,999","10,3703",06.04.2024,16.05.2024,"0,8905","0,0657","0,0738","0,5959"
Fagus,2025-Gamma-1,Luzern,"0,9999","12,8586",06.04.2024,16.05.2024,"0,7093","0,0341","0,048","0,6491"
Fagus,2025-Gamma-1,Luzern,1,"15,441",06.04.2024,16.05.2024,"0,5937","0,0195","0,0328","0,6865"
Fagus,2025-Gamma-1,Luzern,1,"18,4878",06.04.2024,16.05.2024,"0,4908","0,0116","0,0237","0,71"
Fagus,2025-Gamma-1,Luzern,1,"21,5659",06.04.2024,16.05.2024,"0,4192","0,0075","0,018","0,7408"
Fraxinus,2025-Gamma-1,Luzern,0,"1,0896",22.03.2024,12.04.2024,"67,246","9,3884","0,1396","0,456"
Fraxinus,2025-Gamma-1,Luzern,"0,2","1,0896",22.03.2024,12.04.2024,"67,246","9,3883","0,1396","0,456"
Fraxinus,2025-Gamma-1,Luzern,"0,4","1,0946",22.03.2024,12.04.2024,"66,9564","9,3202","0,1392","0,456"
Fraxinus,2025-Gamma-1,Luzern,"0,6","1,1567",22.03.2024,12.04.2024,"63,5321","8,4272","0,1326","0,4566"
Fraxinus,2025-Gamma-1,Luzern,"0,75","1,2367",22.03.2024,12.04.2024,"59,5614","7,4516","0,1251","0,4631"
Fraxinus,2025-Gamma-1,Luzern,"0,8","1,2715",22.03.2024,12.04.2024,"57,9554","7,068","0,122","0,4659"
Fraxinus,2025-Gamma-1,Luzern,"0,85","1,3142",22.03.2024,12.04.2024,"56,0823","6,6206","0,1181","0,4684"
Fraxinus,2025-Gamma-1,Luzern,"0,9","1,3739",22.03.2024,12.04.2024,"53,6902","6,0875","0,1134","0,4744"
Fraxinus,2025-Gamma-1,Luzern,"0,91","1,3886",22.03.2024,12.04.2024,"53,1062","5,9579","0,1122","0,4753"
Fraxinus,2025-Gamma-1,Luzern,"0,92","1,4046",22.03.2024,12.04.2024,"52,4934","5,8161","0,1108","0,4761"
Fraxinus,2025-Gamma-1,Luzern,"0,93","1,4239",22.03.2024,12.04.2024,"51,7911","5,6576","0,1092","0,4779"
Fraxinus,2025-Gamma-1,Luzern,"0,94","1,4464",22.03.2024,12.04.2024,"50,9947","5,4866","0,1076","0,4793"
Fraxinus,2025-Gamma-1,Luzern,"0,95","1,4732",22.03.2024,12.04.2024,"50,0847","5,2893","0,1056","0,4824"
Fraxinus,2025-Gamma-1,Luzern,"0,96","1,503",22.03.2024,12.04.2024,"49,0912","5,061","0,1031","0,4848"
Fraxinus,2025-Gamma-1,Luzern,"0,97","1,5432",22.03.2024,12.04.2024,"47,808","4,7884","0,1002","0,4896"
Fraxinus,2025-Gamma-1,Luzern,"0,98","1,5991",22.03.2024,12.04.2024,"46,1121","4,431","0,0961","0,4907"
Fraxinus,2025-Gamma-1,Luzern,"0,99","1,699",22.03.2024,12.04.2024,"43,4601","3,9001","0,0897","0,4926"
Fraxinus,2025-Gamma-1,Luzern,"0,999","2,0605",22.03.2024,12.04.2024,"35,9931","2,578","0,0716","0,5007"
Fraxinus,2025-Gamma-1,Luzern,"0,9999","2,4737",22.03.2024,12.04.2024,"30,2429","1,7633","0,0583","0,5129"
Fraxinus,2025-Gamma-1,Luzern,1,"2,9907",22.03.2024,12.04.2024,"25,3153","1,2008","0,0474","0,521"
Fraxinus,2025-Gamma-1,Luzern,1,"3,7129",22.03.2024,12.04.2024,"20,7358","0,7957","0,0384","0,5281"
Fraxinus,2025-Gamma-1,Luzern,1,"4,4665",22.03.2024,12.04.2024,"17,4371","0,5653","0,0324","0,5344"
Pinaceae,2025-Gamma-1,Luzern,0,"5,4012",06.04.2024,22.04.2024,"11,1686","2,9149","0,261","0,7057"
Pinaceae,2025-Gamma-1,Luzern,"0,2","5,4012",06.04.2024,22.04.2024,"11,1686","2,9149","0,261","0,7057"
Pinaceae,2025-Gamma-1,Luzern,"0,4","5,4051",06.04.2024,22.04.2024,"11,1543","2,9107","0,261","0,7072"
Pinaceae,2025-Gamma-1,Luzern,"0,6","5,4323",06.04.2024,22.04.2024,"11,0328","2,8472","0,2581","0,7117"
Pinaceae,2025-Gamma-1,Luzern,"0,75","5,4587",06.04.2024,22.04.2024,"10,945","2,7648","0,2526","0,7217"
Pinaceae,2025-Gamma-1,Luzern,"0,8","5,472",06.04.2024,22.04.2024,"10,9103","2,7297","0,2502","0,7241"
Pinaceae,2025-Gamma-1,Luzern,"0,85","5,4784",06.04.2024,22.04.2024,"10,8909","2,6904","0,247","0,7288"
Pinaceae,2025-Gamma-1,Luzern,"0,9","5,4954",06.04.2024,22.04.2024,"10,8367","2,6369","0,2433","0,7318"
Pinaceae,2025-Gamma-1,Luzern,"0,91","5,498",06.04.2024,22.04.2024,"10,8265","2,6239","0,2424","0,7319"
Pinaceae,2025-Gamma-1,Luzern,"0,92","5,4986",06.04.2024,22.04.2024,"10,8214","2,6089","0,2411","0,7343"
Pinaceae,2025-Gamma-1,Luzern,"0,93","5,5027",06.04.2024,22.04.2024,"10,8092","2,5917","0,2398","0,7366"
Pinaceae,2025-Gamma-1,Luzern,"0,94","5,5072",06.04.2024,22.04.2024,"10,7989","2,5747","0,2384","0,739"
Pinaceae,2025-Gamma-1,Luzern,"0,95","5,5127",06.04.2024,22.04.2024,"10,7846","2,5525","0,2367","0,7406"
Pinaceae,2025-Gamma-1,Luzern,"0,96","5,5183",06.04.2024,22.04.2024,"10,7622","2,5271","0,2348","0,7428"
Pinaceae,2025-Gamma-1,Luzern,"0,97","5,5246",06.04.2024,22.04.2024,"10,7428","2,496","0,2323","0,7445"
Pinaceae,2025-Gamma-1,Luzern,"0,98","5,5312",06.04.2024,22.04.2024,"10,7121","2,4513","0,2288","0,7491"
Pinaceae,2025-Gamma-1,Luzern,"0,99","5,545",06.04.2024,22.04.2024,"10,6713","2,3766","0,2227","0,7485"
Pinaceae,2025-Gamma-1,Luzern,"0,999","5,5753",06.04.2024,22.04.2024,"10,5692","2,1165","0,2003","0,7602"
Pinaceae,2025-Gamma-1,Luzern,"0,9999","5,5971",06.04.2024,22.04.2024,"10,5027","1,8645","0,1775","0,764"
Pinaceae,2025-Gamma-1,Luzern,1,"5,6097",06.04.2024,22.04.2024,"10,4476","1,6294","0,156","0,7689"
Pinaceae,2025-Gamma-1,Luzern,1,"5,6291",06.04.2024,22.04.2024,"10,3985","1,3848","0,1332","0,779"
Pinaceae,2025-Gamma-1,Luzern,1,"5,6506",06.04.2024,22.04.2024,"10,3526","1,1953","0,1155","0,7756"
Platanus,2025-Gamma-1,Luzern,0,"11,5307",06.04.2024,18.04.2024,"2,9611","0,0799","0,027","0,4549"
Platanus,2025-Gamma-1,Luzern,"0,2","11,5307",06.04.2024,18.04.2024,"2,9611","0,0799","0,027","0,4549"
Platanus,2025-Gamma-1,Luzern,"0,4","11,6047",06.04.2024,18.04.2024,"2,9384","0,0778","0,0265","0,452"
Platanus,2025-Gamma-1,Luzern,"0,6","12,4151",06.04.2024,18.04.2024,"2,719","0,0655","0,0241","0,4437"
Platanus,2025-Gamma-1,Luzern,"0,75","13,626",06.04.2024,18.04.2024,"2,4506","0,0561","0,0229","0,4665"
Platanus,2025-Gamma-1,Luzern,"0,8","14,0477",06.04.2024,18.04.2024,"2,3411","0,0523","0,0223","0,4612"
Platanus,2025-Gamma-1,Luzern,"0,85","14,8142",06.04.2024,18.04.2024,"2,2142","0,048","0,0217","0,4683"
Platanus,2025-Gamma-1,Luzern,"0,9","16,1039",06.04.2024,18.04.2024,"2,0566","0,0419","0,0204","0,4777"
Platanus,2025-Gamma-1,Luzern,"0,91","16,3264",06.04.2024,18.04.2024,"2,0246","0,041","0,0202","0,4787"
Platanus,2025-Gamma-1,Luzern,"0,92","16,5249",06.04.2024,18.04.2024,"1,9925","0,0391","0,0196","0,478"
Platanus,2025-Gamma-1,Luzern,"0,93","16,7586",06.04.2024,18.04.2024,"1,9605","0,038","0,0194","0,4803"
Platanus,2025-Gamma-1,Luzern,"0,94","17,1063",06.04.2024,18.04.2024,"1,9217","0,0366","0,019","0,4819"
Platanus,2025-Gamma-1,Luzern,"0,95","17,5382",06.04.2024,18.04.2024,"1,863","0,0349","0,0187","0,4879"
Platanus,2025-Gamma-1,Luzern,"0,96","18,1939",06.04.2024,18.04.2024,"1,7909","0,0331","0,0185","0,4914"
Platanus,2025-Gamma-1,Luzern,"0,97","18,8737",06.04.2024,18.04.2024,"1,7147","0,0307","0,0179","0,5031"
Platanus,2025-Gamma-1,Luzern,"0,98","20,0416",06.04.2024,18.04.2024,"1,6066","0,0279","0,0173","0,5042"
Platanus,2025-Gamma-1,Luzern,"0,99","22,3665",06.04.2024,18.04.2024,"1,4169","0,0233","0,0164","0,5268"
Platanus,2025-Gamma-1,Luzern,"0,999","34,7934",06.04.2024,18.04.2024,"0,9215","0,0127","0,0137","0,5177"
Platanus,2025-Gamma-1,Luzern,"0,9999","53,4845",06.04.2024,18.04.2024,"0,5729","0,0082","0,0142","0,5486"
Platanus,2025-Gamma-1,Luzern,1,"92,3073",06.04.2024,18.04.2024,"0,3205","0,0039","0,0121","0,5779"
Platanus,2025-Gamma-1,Luzern,1,"201,9777",06.04.2024,18.04.2024,"0,1389","0,0013","0,0093","0,5934"
Platanus,2025-Gamma-1,Luzern,1,"482,1906",06.04.2024,18.04.2024,"0,0548","0,0005","0,0095","0,5187"
Poaceae,2025-Gamma-1,Luzern,0,"6,6598",05.04.2024,10.06.2024,"10,0715","3,9742","0,3946","0,4878"
Poaceae,2025-Gamma-1,Luzern,"0,2","6,6599",05.04.2024,10.06.2024,"10,0712","3,9742","0,3946","0,4878"
Poaceae,2025-Gamma-1,Luzern,"0,4","6,669",05.04.2024,10.06.2024,"10,0554","3,9611","0,3939","0,4879"
Poaceae,2025-Gamma-1,Luzern,"0,6","6,8374",05.04.2024,10.06.2024,"9,8019","3,8027","0,388","0,4918"
Poaceae,2025-Gamma-1,Luzern,"0,75","7,0637",05.04.2024,10.06.2024,"9,4755","3,6297","0,3831","0,4935"
Poaceae,2025-Gamma-1,Luzern,"0,8","7,1646",05.04.2024,10.06.2024,"9,3327","3,5586","0,3813","0,4961"
Poaceae,2025-Gamma-1,Luzern,"0,85","7,2735",05.04.2024,10.06.2024,"9,187","3,4695","0,3777","0,5013"
Poaceae,2025-Gamma-1,Luzern,"0,9","7,4445",05.04.2024,10.06.2024,"8,9649","3,3565","0,3744","0,5058"
Poaceae,2025-Gamma-1,Luzern,"0,91","7,4899",05.04.2024,10.06.2024,"8,9136","3,3318","0,3738","0,5063"
Poaceae,2025-Gamma-1,Luzern,"0,92","7,5381",05.04.2024,10.06.2024,"8,8568","3,3036","0,373","0,5071"
Poaceae,2025-Gamma-1,Luzern,"0,93","7,5889",05.04.2024,10.06.2024,"8,7928","3,2708","0,372","0,508"
Poaceae,2025-Gamma-1,Luzern,"0,94","7,6465",05.04.2024,10.06.2024,"8,7187","3,2336","0,3709","0,5085"
Poaceae,2025-Gamma-1,Luzern,"0,95","7,7186",05.04.2024,10.06.2024,"8,6341","3,1962","0,3702","0,51"
Poaceae,2025-Gamma-1,Luzern,"0,96","7,8121",05.04.2024,10.06.2024,"8,5265","3,1466","0,369","0,5097"
Poaceae,2025-Gamma-1,Luzern,"0,97","7,9349",05.04.2024,10.06.2024,"8,3954","3,0817","0,3671","0,5108"
Poaceae,2025-Gamma-1,Luzern,"0,98","8,0954",05.04.2024,10.06.2024,"8,2241","2,9884","0,3634","0,5134"
Poaceae,2025-Gamma-1,Luzern,"0,99","8,3836",05.04.2024,10.06.2024,"7,9266","2,8427","0,3586","0,5185"
Poaceae,2025-Gamma-1,Luzern,"0,999","9,4963",05.04.2024,10.06.2024,"6,9228","2,4086","0,3479","0,5239"
Poaceae,2025-Gamma-1,Luzern,"0,9999","10,9536",05.04.2024,10.06.2024,"5,9447","1,9753","0,3323","0,5348"
Poaceae,2025-Gamma-1,Luzern,1,"13,1592",05.04.2024,10.06.2024,"4,9101","1,5564","0,317","0,5377"
Poaceae,2025-Gamma-1,Luzern,1,"16,6064",05.04.2024,10.06.2024,"3,8604","1,1265","0,2918","0,5516"
Poaceae,2025-Gamma-1,Luzern,1,"20,812",05.04.2024,10.06.2024,"3,0582","0,79","0,2583","0,5621"
Quercus,2025-Gamma-1,Luzern,0,"10,1365",07.04.2024,08.05.2024,"8,6116","1,5711","0,1824","0,2146"
Quercus,2025-Gamma-1,Luzern,"0,2","10,1365",07.04.2024,08.05.2024,"8,6116","1,5711","0,1824","0,2146"
Quercus,2025-Gamma-1,Luzern,"0,4","10,2393",07.04.2024,08.05.2024,"8,5117","1,5409","0,181","0,2143"
Quercus,2025-Gamma-1,Luzern,"0,6","10,9503",07.04.2024,08.05.2024,"7,8779","1,3431","0,1705","0,2213"
Quercus,2025-Gamma-1,Luzern,"0,75","11,8486",07.04.2024,08.05.2024,"7,2154","1,1606","0,1608","0,2318"
Quercus,2025-Gamma-1,Luzern,"0,8","12,2449",07.04.2024,08.05.2024,"6,9572","1,093","0,1571","0,2272"
Quercus,2025-Gamma-1,Luzern,"0,85","12,772",07.04.2024,08.05.2024,"6,6436","1,0181","0,1532","0,2302"
Quercus,2025-Gamma-1,Luzern,"0,9","13,5125",07.04.2024,08.05.2024,"6,2481","0,9182","0,147","0,2324"
Quercus,2025-Gamma-1,Luzern,"0,91","13,6985",07.04.2024,08.05.2024,"6,151","0,8964","0,1457","0,2334"
Quercus,2025-Gamma-1,Luzern,"0,92","13,8621",07.04.2024,08.05.2024,"6,0582","0,8715","0,1439","0,2366"
Quercus,2025-Gamma-1,Luzern,"0,93","14,0911",07.04.2024,08.05.2024,"5,9501","0,8482","0,1426","0,2386"
Quercus,2025-Gamma-1,Luzern,"0,94","14,3879",07.04.2024,08.05.2024,"5,8275","0,8223","0,1411","0,2389"
Quercus,2025-Gamma-1,Luzern,"0,95","14,7214",07.04.2024,08.05.2024,"5,6869","0,7889","0,1387","0,241"
Quercus,2025-Gamma-1,Luzern,"0,96","15,1395",07.04.2024,08.05.2024,"5,5177","0,7504","0,136","0,2404"
Quercus,2025-Gamma-1,Luzern,"0,97","15,8062",07.04.2024,08.05.2024,"5,2893","0,7056","0,1334","0,2479"
Quercus,2025-Gamma-1,Luzern,"0,98","16,6537",07.04.2024,08.05.2024,"5,0136","0,6474","0,1291","0,2432"
Quercus,2025-Gamma-1,Luzern,"0,99","18,2688",07.04.2024,08.05.2024,"4,5427","0,5517","0,1215","0,247"
Quercus,2025-Gamma-1,Luzern,"0,999","24,8495",07.04.2024,08.05.2024,"3,2737","0,3215","0,0982","0,2765"
Quercus,2025-Gamma-1,Luzern,"0,9999","35,2327",07.04.2024,08.05.2024,"2,2776","0,1751","0,0769","0,2948"
Quercus,2025-Gamma-1,Luzern,1,"51,6648",07.04.2024,08.05.2024,"1,5316","0,095","0,062","0,3187"
Quercus,2025-Gamma-1,Luzern,1,"80,9732",07.04.2024,08.05.2024,"0,9625","0,0459","0,0477","0,3504"
Quercus,2025-Gamma-1,Luzern,1,"122,108",07.04.2024,08.05.2024,"0,6337","0,0242","0,0381","0,406"
Taxus,2025-Gamma-1,Luzern,0,"6,621",10.02.2024,13.03.2024,"35,5272","1,059","0,0298","0,5878"
Taxus,2025-Gamma-1,Luzern,"0,2","6,621",10.02.2024,13.03.2024,"35,5272","1,059","0,0298","0,5878"
Taxus,2025-Gamma-1,Luzern,"0,4","6,6373",10.02.2024,13.03.2024,"35,4277","1,0336","0,0292","0,5899"
Taxus,2025-Gamma-1,Luzern,"0,6","7,0264",10.02.2024,13.03.2024,"33,4198","0,8729","0,0261","0,5908"
Taxus,2025-Gamma-1,Luzern,"0,75","7,5923",10.02.2024,13.03.2024,"30,8625","0,7223","0,0234","0,5817"
Taxus,2025-Gamma-1,Luzern,"0,8","7,834",10.02.2024,13.03.2024,"29,8876","0,6715","0,0225","0,583"
Taxus,2025-Gamma-1,Luzern,"0,85","8,1617",10.02.2024,13.03.2024,"28,6652","0,6065","0,0212","0,5818"
Taxus,2025-Gamma-1,Luzern,"0,9","8,62",10.02.2024,13.03.2024,"27,1413","0,5361","0,0198","0,5879"
Taxus,2025-Gamma-1,Luzern,"0,91","8,7362",10.02.2024,13.03.2024,"26,7648","0,5221","0,0195","0,5863"
Taxus,2025-Gamma-1,Luzern,"0,92","8,8711",10.02.2024,13.03.2024,"26,349","0,5016","0,019","0,5881"
Taxus,2025-Gamma-1,Luzern,"0,93","9,0303",10.02.2024,13.03.2024,"25,8709","0,4841","0,0187","0,5863"
Taxus,2025-Gamma-1,Luzern,"0,94","9,2076",10.02.2024,13.03.2024,"25,3648","0,4617","0,0182","0,5841"
Taxus,2025-Gamma-1,Luzern,"0,95","9,4273",10.02.2024,13.03.2024,"24,7466","0,4395","0,0178","0,5796"
Taxus,2025-Gamma-1,Luzern,"0,96","9,714",10.02.2024,13.03.2024,"24,009","0,4133","0,0172","0,5821"
Taxus,2025-Gamma-1,Luzern,"0,97","10,0747",10.02.2024,13.03.2024,"23,146","0,3854","0,0167","0,5791"
Taxus,2025-Gamma-1,Luzern,"0,98","10,64",10.02.2024,13.03.2024,"21,8832","0,3459","0,0158","0,5849"
Taxus,2025-Gamma-1,Luzern,"0,99","11,7188",10.02.2024,13.03.2024,"19,8157","0,2911","0,0147","0,5942"
Taxus,2025-Gamma-1,Luzern,"0,999","16,5749",10.02.2024,13.03.2024,"13,9207","0,1635","0,0117","0,5968"
Taxus,2025-Gamma-1,Luzern,"0,9999","25,1275",10.02.2024,13.03.2024,"9,1041","0,0915","0,01","0,6073"
Taxus,2025-Gamma-1,Luzern,1,"41,7664",10.02.2024,13.03.2024,"5,4276","0,0486","0,009","0,613"
Taxus,2025-Gamma-1,Luzern,1,"83,0761",10.02.2024,13.03.2024,"2,7206","0,0201","0,0074","0,6751"
Taxus,2025-Gamma-1,Luzern,1,"160,4408",10.02.2024,13.03.2024,"1,3907","0,0097","0,007","0,7067"
Alnus,2025-Gamma-1,Neuchatel,0,"239,5132",03.02.2024,26.02.2024,"0,1942","0,0678","0,3494","0,2559"
Alnus,2025-Gamma-1,Neuchatel,"0,2","239,5132",03.02.2024,26.02.2024,"0,1942","0,0678","0,3494","0,2559"
Alnus,2025-Gamma-1,Neuchatel,"0,4","240,0681",03.02.2024,26.02.2024,"0,1927","0,0664","0,3445","0,2581"
Alnus,2025-Gamma-1,Neuchatel,"0,6","262,6541",03.02.2024,26.02.2024,"0,1746","0,0566","0,3242","0,266"
Alnus,2025-Gamma-1,Neuchatel,"0,75","283,3312",03.02.2024,26.02.2024,"0,1522","0,0454","0,2979","0,286"
Alnus,2025-Gamma-1,Neuchatel,"0,8","310,6479",03.02.2024,26.02.2024,"0,1399","0,0416","0,297","0,295"
Alnus,2025-Gamma-1,Neuchatel,"0,85","321,1518",03.02.2024,26.02.2024,"0,1334","0,0378","0,2831","0,2837"
Alnus,2025-Gamma-1,Neuchatel,"0,9","338,9139",03.02.2024,26.02.2024,"0,1189","0,0347","0,2918","0,2487"
Alnus,2025-Gamma-1,Neuchatel,"0,91","350,0645",03.02.2024,26.02.2024,"0,1161","0,0334","0,2878","0,2581"
Alnus,2025-Gamma-1,Neuchatel,"0,92","357,294",03.02.2024,26.02.2024,"0,1132","0,0322","0,2848","0,2718"
Alnus,2025-Gamma-1,Neuchatel,"0,93","368,9939",03.02.2024,26.02.2024,"0,1095","0,0312","0,2849","0,2666"
Alnus,2025-Gamma-1,Neuchatel,"0,94","383,6493",03.02.2024,26.02.2024,"0,1045","0,0292","0,2791","0,2496"
Alnus,2025-Gamma-1,Neuchatel,"0,95","384,4609",03.02.2024,26.02.2024,"0,1023","0,0281","0,2751","0,2564"
Alnus,2025-Gamma-1,Neuchatel,"0,96","405,5157",03.02.2024,26.02.2024,"0,0965","0,0262","0,2718","0,2538"
Alnus,2025-Gamma-1,Neuchatel,"0,97","416,0266",03.02.2024,26.02.2024,"0,0936","0,0251","0,2678","0,2675"
Alnus,2025-Gamma-1,Neuchatel,"0,98","431,4659",03.02.2024,26.02.2024,"0,0893","0,0223","0,2497","0,2511"
Alnus,2025-Gamma-1,Neuchatel,"0,99","467,1035",03.02.2024,26.02.2024,"0,081","0,0175","0,2155","0,3032"
Alnus,2025-Gamma-1,Neuchatel,"0,999","654,9245",03.02.2024,26.02.2024,"0,0514","0,0074","0,1445","0,3007"
Alnus,2025-Gamma-1,Neuchatel,"0,9999",1000,03.02.2024,26.02.2024,"0,0304","0,0026","0,0864","0,321"
Alnus,2025-Gamma-1,Neuchatel,1,1000,03.02.2024,26.02.2024,"0,0231","0,0007","0,0315","0,3335"
Alnus,2025-Gamma-1,Neuchatel,1,1000,03.02.2024,26.02.2024,"0,0101",0,0,"0,379"
Alnus,2025-Gamma-1,Neuchatel,1,1000,03.02.2024,26.02.2024,"0,0022",0,0,"0,2175"
Betula,2025-Gamma-1,Neuchatel,0,"83,7832",22.03.2024,18.04.2024,"0,9208","0,1326","0,144","0,5239"
Betula,2025-Gamma-1,Neuchatel,"0,2","83,7832",22.03.2024,18.04.2024,"0,9208","0,1326","0,144","0,5239"
Betula,2025-Gamma-1,Neuchatel,"0,4","85,3285",22.03.2024,18.04.2024,"0,909","0,1292","0,1422","0,5263"
Betula,2025-Gamma-1,Neuchatel,"0,6","98,6151",22.03.2024,18.04.2024,"0,7949","0,1111","0,1398","0,5257"
Betula,2025-Gamma-1,Neuchatel,"0,75","116,9183",22.03.2024,18.04.2024,"0,6703","0,0899","0,1341","0,5354"
Betula,2025-Gamma-1,Neuchatel,"0,8","126,3678",22.03.2024,18.04.2024,"0,6275","0,0829","0,1322","0,5409"
Betula,2025-Gamma-1,Neuchatel,"0,85","136,5866",22.03.2024,18.04.2024,"0,5797","0,0766","0,1321","0,5453"
Betula,2025-Gamma-1,Neuchatel,"0,9","150,3871",22.03.2024,18.04.2024,"0,5233","0,0666","0,1273","0,5565"
Betula,2025-Gamma-1,Neuchatel,"0,91","155,0829",22.03.2024,18.04.2024,"0,5091","0,065","0,1276","0,5577"
Betula,2025-Gamma-1,Neuchatel,"0,92","158,4563",22.03.2024,18.04.2024,"0,4985","0,0629","0,1261","0,559"
Betula,2025-Gamma-1,Neuchatel,"0,93","165,7575",22.03.2024,18.04.2024,"0,4768","0,0598","0,1254","0,5636"
Betula,2025-Gamma-1,Neuchatel,"0,94","173,7541",22.03.2024,18.04.2024,"0,4533","0,0554","0,1221","0,5543"
Betula,2025-Gamma-1,Neuchatel,"0,95","183,9529",22.03.2024,18.04.2024,"0,4347","0,0525","0,1208","0,5567"
Betula,2025-Gamma-1,Neuchatel,"0,96","195,8646",22.03.2024,18.04.2024,"0,4092","0,0489","0,1194","0,5757"
Betula,2025-Gamma-1,Neuchatel,"0,97","209,8274",22.03.2024,18.04.2024,"0,3888","0,0452","0,1164","0,5793"
Betula,2025-Gamma-1,Neuchatel,"0,98","228,5566",22.03.2024,18.04.2024,"0,3596","0,0396","0,1101","0,5765"
Betula,2025-Gamma-1,Neuchatel,"0,99","268,8995",22.03.2024,18.04.2024,"0,3082","0,032","0,104","0,5986"
Betula,2025-Gamma-1,Neuchatel,"0,999","433,8544",22.03.2024,18.04.2024,"0,1885","0,0131","0,0697","0,6062"
Betula,2025-Gamma-1,Neuchatel,"0,9999","746,0026",22.03.2024,18.04.2024,"0,1073","0,0065","0,0605","0,5625"
Betula,2025-Gamma-1,Neuchatel,1,1000,22.03.2024,18.04.2024,"0,0663","0,0024","0,0364","0,6328"
Betula,2025-Gamma-1,Neuchatel,1,1000,22.03.2024,18.04.2024,"0,0335","0,0008","0,0225","0,573"
Betula,2025-Gamma-1,Neuchatel,1,1000,22.03.2024,18.04.2024,"0,0186","0,0003","0,0162","0,5426"
Corylus,2025-Gamma-1,Neuchatel,0,"82,2283",30.01.2024,19.02.2024,"0,4064","0,0766","0,1885","0,339"
Corylus,2025-Gamma-1,Neuchatel,"0,2","82,2283",30.01.2024,19.02.2024,"0,4064","0,0766","0,1885","0,339"
Corylus,2025-Gamma-1,Neuchatel,"0,4","83,5183",30.01.2024,19.02.2024,"0,4015","0,0732","0,1823","0,3447"
Corylus,2025-Gamma-1,Neuchatel,"0,6","94,1774",30.01.2024,19.02.2024,"0,3466","0,0594","0,1713","0,3154"
Corylus,2025-Gamma-1,Neuchatel,"0,75","109,2992",30.01.2024,19.02.2024,"0,2977","0,0449","0,1508","0,3266"
Corylus,2025-Gamma-1,Neuchatel,"0,8","126,1497",30.01.2024,19.02.2024,"0,2555","0,0396","0,155","0,303"
Corylus,2025-Gamma-1,Neuchatel,"0,85","133,2707",30.01.2024,19.02.2024,"0,2414","0,0352","0,1458","0,3084"
Corylus,2025-Gamma-1,Neuchatel,"0,9","140,7279",30.01.2024,19.02.2024,"0,2224","0,0296","0,1333","0,3119"
Corylus,2025-Gamma-1,Neuchatel,"0,91","142,003",30.01.2024,19.02.2024,"0,2191","0,0286","0,1307","0,3184"
Corylus,2025-Gamma-1,Neuchatel,"0,92","143,0878",30.01.2024,19.02.2024,"0,2158","0,0278","0,1288","0,2982"
Corylus,2025-Gamma-1,Neuchatel,"0,93","147,314",30.01.2024,19.02.2024,"0,2092","0,0262","0,1254","0,2922"
Corylus,2025-Gamma-1,Neuchatel,"0,94","148,5772",30.01.2024,19.02.2024,"0,2009","0,0245","0,1221","0,3064"
Corylus,2025-Gamma-1,Neuchatel,"0,95","154,2593",30.01.2024,19.02.2024,"0,1926","0,0228","0,1184","0,3064"
Corylus,2025-Gamma-1,Neuchatel,"0,96","162,0449",30.01.2024,19.02.2024,"0,1811","0,0211","0,1166","0,3079"
Corylus,2025-Gamma-1,Neuchatel,"0,97","177,2151",30.01.2024,19.02.2024,"0,1655","0,0186","0,1127","0,301"
Corylus,2025-Gamma-1,Neuchatel,"0,98","188,3228",30.01.2024,19.02.2024,"0,1506","0,0164","0,1087","0,3181"
Corylus,2025-Gamma-1,Neuchatel,"0,99","260,9775",30.01.2024,19.02.2024,"0,1116","0,0131","0,1173","0,3362"
Corylus,2025-Gamma-1,Neuchatel,"0,999","595,5972",30.01.2024,19.02.2024,"0,0488","0,005","0,1021","0,3544"
Corylus,2025-Gamma-1,Neuchatel,"0,9999",1000,30.01.2024,19.02.2024,"0,0198","0,0024","0,1219","0,3815"
Corylus,2025-Gamma-1,Neuchatel,1,1000,30.01.2024,19.02.2024,"0,0083","0,0011","0,1377","0,3514"
Corylus,2025-Gamma-1,Neuchatel,1,"771,84",30.01.2024,19.02.2024,"0,0033",0,0,"0,1814"
Cupressaceae,2025-Gamma-1,Neuchatel,0,"1,5175",02.04.2024,11.04.2024,"11,3214","3,1639","0,2795","0,4371"
Cupressaceae,2025-Gamma-1,Neuchatel,"0,2","1,5175",02.04.2024,11.04.2024,"11,3214","3,1639","0,2795","0,4371"
Cupressaceae,2025-Gamma-1,Neuchatel,"0,4","1,5219",02.04.2024,11.04.2024,"11,2641","3,1419","0,2789","0,4374"
Cupressaceae,2025-Gamma-1,Neuchatel,"0,6","1,6523",02.04.2024,11.04.2024,"10,2623","2,8354","0,2763","0,4382"
Cupressaceae,2025-Gamma-1,Neuchatel,"0,75","1,8502",02.04.2024,11.04.2024,"9,1008","2,5048","0,2752","0,4274"
Cupressaceae,2025-Gamma-1,Neuchatel,"0,8","1,9369",02.04.2024,11.04.2024,"8,6303","2,3728","0,2749","0,4198"
Cupressaceae,2025-Gamma-1,Neuchatel,"0,85","2,0525",02.04.2024,11.04.2024,"8,0887","2,2179","0,2742","0,4215"
Cupressaceae,2025-Gamma-1,Neuchatel,"0,9","2,2279",02.04.2024,11.04.2024,"7,4272","2,0239","0,2725","0,4161"
Cupressaceae,2025-Gamma-1,Neuchatel,"0,91","2,2782",02.04.2024,11.04.2024,"7,2467","1,9791","0,2731","0,4091"
Cupressaceae,2025-Gamma-1,Neuchatel,"0,92","2,3276",02.04.2024,11.04.2024,"7,047","1,9344","0,2745","0,4113"
Cupressaceae,2025-Gamma-1,Neuchatel,"0,93","2,3903",02.04.2024,11.04.2024,"6,8716","1,8821","0,2739","0,4131"
Cupressaceae,2025-Gamma-1,Neuchatel,"0,94","2,4824",02.04.2024,11.04.2024,"6,6372","1,8161","0,2736","0,4139"
Cupressaceae,2025-Gamma-1,Neuchatel,"0,95","2,5329",02.04.2024,11.04.2024,"6,4323","1,7554","0,2729","0,4106"
Cupressaceae,2025-Gamma-1,Neuchatel,"0,96","2,6346",02.04.2024,11.04.2024,"6,1685","1,672","0,2711","0,4115"
Cupressaceae,2025-Gamma-1,Neuchatel,"0,97","2,7763",02.04.2024,11.04.2024,"5,7917","1,5767","0,2722","0,4052"
Cupressaceae,2025-Gamma-1,Neuchatel,"0,98","3,098",02.04.2024,11.04.2024,"5,2726","1,4521","0,2754","0,3938"
Cupressaceae,2025-Gamma-1,Neuchatel,"0,99","3,6364",02.04.2024,11.04.2024,"4,5122","1,2566","0,2785","0,3771"
Cupressaceae,2025-Gamma-1,Neuchatel,"0,999","5,9696",02.04.2024,11.04.2024,"2,7118","0,7603","0,2804","0,347"
Cupressaceae,2025-Gamma-1,Neuchatel,"0,9999","10,1811",02.04.2024,11.04.2024,"1,5122","0,4409","0,2916","0,2983"
Cupressaceae,2025-Gamma-1,Neuchatel,1,"17,9854",02.04.2024,11.04.2024,"0,7431","0,2276","0,3063","0,277"
Cupressaceae,2025-Gamma-1,Neuchatel,1,"38,0491",02.04.2024,11.04.2024,"0,3386","0,1104","0,3262","0,2347"
Cupressaceae,2025-Gamma-1,Neuchatel,1,"75,3996",02.04.2024,11.04.2024,"0,1788","0,0573","0,3204","0,1642"
Fraxinus,2025-Gamma-1,Neuchatel,0,"0,5856",20.03.2024,11.04.2024,"102,9669","36,8595","0,358","0,4474"
Fraxinus,2025-Gamma-1,Neuchatel,"0,2","0,5856",20.03.2024,11.04.2024,"102,9669","36,8595","0,358","0,4474"
Fraxinus,2025-Gamma-1,Neuchatel,"0,4","0,5862",20.03.2024,11.04.2024,"102,8824","36,8055","0,3577","0,4476"
Fraxinus,2025-Gamma-1,Neuchatel,"0,6","0,6001",20.03.2024,11.04.2024,"100,8239","35,4412","0,3515","0,4514"
Fraxinus,2025-Gamma-1,Neuchatel,"0,75","0,6214",20.03.2024,11.04.2024,"97,8857","33,4727","0,342","0,4531"
Fraxinus,2025-Gamma-1,Neuchatel,"0,8","0,6306",20.03.2024,11.04.2024,"96,6266","32,6414","0,3378","0,4542"
Fraxinus,2025-Gamma-1,Neuchatel,"0,85","0,6425",20.03.2024,11.04.2024,"95,0618","31,6338","0,3328","0,4541"
Fraxinus,2025-Gamma-1,Neuchatel,"0,9","0,6598",20.03.2024,11.04.2024,"92,9751","30,2935","0,3258","0,4571"
Fraxinus,2025-Gamma-1,Neuchatel,"0,91","0,6642",20.03.2024,11.04.2024,"92,4648","29,9541","0,324","0,4575"
Fraxinus,2025-Gamma-1,Neuchatel,"0,92","0,6692",20.03.2024,11.04.2024,"91,8428","29,5886","0,3222","0,4572"
Fraxinus,2025-Gamma-1,Neuchatel,"0,93","0,6746",20.03.2024,11.04.2024,"91,2012","29,1667","0,3198","0,4564"
Fraxinus,2025-Gamma-1,Neuchatel,"0,94","0,6812",20.03.2024,11.04.2024,"90,438","28,6835","0,3172","0,4565"
Fraxinus,2025-Gamma-1,Neuchatel,"0,95","0,6891",20.03.2024,11.04.2024,"89,5216","28,1169","0,3141","0,4572"
Fraxinus,2025-Gamma-1,Neuchatel,"0,96","0,6986",20.03.2024,11.04.2024,"88,4347","27,4422","0,3103","0,4605"
Fraxinus,2025-Gamma-1,Neuchatel,"0,97","0,7123",20.03.2024,11.04.2024,"87,0087","26,5819","0,3055","0,4603"
Fraxinus,2025-Gamma-1,Neuchatel,"0,98","0,732",20.03.2024,11.04.2024,"85,012","25,3674","0,2984","0,4619"
Fraxinus,2025-Gamma-1,Neuchatel,"0,99","0,7674",20.03.2024,11.04.2024,"81,6996","23,3608","0,2859","0,4647"
Fraxinus,2025-Gamma-1,Neuchatel,"0,999","0,9082",20.03.2024,11.04.2024,"70,4189","17,2618","0,2451","0,4836"
Fraxinus,2025-Gamma-1,Neuchatel,"0,9999","1,0906",20.03.2024,11.04.2024,"59,6863","12,2859","0,2058","0,4952"
Fraxinus,2025-Gamma-1,Neuchatel,1,"1,3144",20.03.2024,11.04.2024,"50,279","8,5196","0,1694","0,5172"
Fraxinus,2025-Gamma-1,Neuchatel,1,"1,596",20.03.2024,11.04.2024,"41,8822","5,8585","0,1399","0,532"
Fraxinus,2025-Gamma-1,Neuchatel,1,"1,8772",20.03.2024,11.04.2024,"35,875","4,374","0,1219","0,5422"
Platanus,2025-Gamma-1,Neuchatel,0,"96,1551",02.04.2024,18.04.2024,"0,6129","0,0421","0,0687","0,5372"
Platanus,2025-Gamma-1,Neuchatel,"0,2","96,1551",02.04.2024,18.04.2024,"0,6129","0,0421","0,0687","0,5372"
Platanus,2025-Gamma-1,Neuchatel,"0,4","96,8138",02.04.2024,18.04.2024,"0,6088","0,041","0,0674","0,5448"
Platanus,2025-Gamma-1,Neuchatel,"0,6","105,5514",02.04.2024,18.04.2024,"0,5598","0,0328","0,0586","0,5593"
Platanus,2025-Gamma-1,Neuchatel,"0,75","116,4352",02.04.2024,18.04.2024,"0,5077","0,0277","0,0546","0,5714"
Platanus,2025-Gamma-1,Neuchatel,"0,8","122,8712",02.04.2024,18.04.2024,"0,479","0,0261","0,0544","0,5478"
Platanus,2025-Gamma-1,Neuchatel,"0,85","128,6549",02.04.2024,18.04.2024,"0,4565","0,0244","0,0535","0,5474"
Platanus,2025-Gamma-1,Neuchatel,"0,9","137,6014",02.04.2024,18.04.2024,"0,4248","0,023","0,0542","0,5365"
Platanus,2025-Gamma-1,Neuchatel,"0,91","139,8416",02.04.2024,18.04.2024,"0,4177","0,0226","0,0541","0,5314"
Platanus,2025-Gamma-1,Neuchatel,"0,92","142,4456",02.04.2024,18.04.2024,"0,4116","0,0222","0,0539","0,5316"
Platanus,2025-Gamma-1,Neuchatel,"0,93","143,9675",02.04.2024,18.04.2024,"0,4044","0,0215","0,0533","0,5445"
Platanus,2025-Gamma-1,Neuchatel,"0,94","150,1678",02.04.2024,18.04.2024,"0,3891","0,0209","0,0536","0,5456"
Platanus,2025-Gamma-1,Neuchatel,"0,95","156,0944",02.04.2024,18.04.2024,"0,3748","0,02","0,0535","0,5499"
Platanus,2025-Gamma-1,Neuchatel,"0,96","163,4815",02.04.2024,18.04.2024,"0,3605","0,0199","0,0552","0,5502"
Platanus,2025-Gamma-1,Neuchatel,"0,97","169,9504",02.04.2024,18.04.2024,"0,3482","0,0182","0,0524","0,5352"
Platanus,2025-Gamma-1,Neuchatel,"0,98","181,3672",02.04.2024,18.04.2024,"0,3278","0,017","0,0519","0,5455"
Platanus,2025-Gamma-1,Neuchatel,"0,99","202,2105",02.04.2024,18.04.2024,"0,2931","0,0148","0,0504","0,5731"
Platanus,2025-Gamma-1,Neuchatel,"0,999","305,5643",02.04.2024,18.04.2024,"0,1848","0,0092","0,0496","0,6213"
Platanus,2025-Gamma-1,Neuchatel,"0,9999","455,0307",02.04.2024,18.04.2024,"0,1215","0,0061","0,0505","0,5757"
Platanus,2025-Gamma-1,Neuchatel,1,"850,6435",02.04.2024,18.04.2024,"0,0582","0,0019","0,0331","0,5502"
Platanus,2025-Gamma-1,Neuchatel,1,1000,02.04.2024,18.04.2024,"0,0286","0,001","0,0337","0,5832"
Platanus,2025-Gamma-1,Neuchatel,1,1000,02.04.2024,18.04.2024,"0,0143","0,0006","0,0385","0,491"
Quercus,2025-Gamma-1,Neuchatel,0,"8,2425",21.04.2024,03.05.2024,"18,6485","2,0677","0,1109","0,4256"
Quercus,2025-Gamma-1,Neuchatel,"0,2","8,2425",21.04.2024,03.05.2024,"18,6485","2,0677","0,1109","0,4256"
Quercus,2025-Gamma-1,Neuchatel,"0,4","8,2568",21.04.2024,03.05.2024,"18,6165","2,0548","0,1104","0,4282"
Quercus,2025-Gamma-1,Neuchatel,"0,6","8,4937",21.04.2024,03.05.2024,"18,0849","1,901","0,1051","0,4344"
Quercus,2025-Gamma-1,Neuchatel,"0,75","8,7924",21.04.2024,03.05.2024,"17,3878","1,7236","0,0991","0,4367"
Quercus,2025-Gamma-1,Neuchatel,"0,8","8,9157",21.04.2024,03.05.2024,"17,1074","1,6565","0,0968","0,4362"
Quercus,2025-Gamma-1,Neuchatel,"0,85","9,0896",21.04.2024,03.05.2024,"16,7415","1,5812","0,0944","0,4352"
Quercus,2025-Gamma-1,Neuchatel,"0,9","9,331",21.04.2024,03.05.2024,"16,2727","1,4875","0,0914","0,4403"
Quercus,2025-Gamma-1,Neuchatel,"0,91","9,393",21.04.2024,03.05.2024,"16,1605","1,4636","0,0906","0,4428"
Quercus,2025-Gamma-1,Neuchatel,"0,92","9,4669",21.04.2024,03.05.2024,"16,0163","1,4372","0,0897","0,445"
Quercus,2025-Gamma-1,Neuchatel,"0,93","9,5553",21.04.2024,03.05.2024,"15,8574","1,4082","0,0888","0,4486"
Quercus,2025-Gamma-1,Neuchatel,"0,94","9,6495",21.04.2024,03.05.2024,"15,7011","1,3771","0,0877","0,4507"
Quercus,2025-Gamma-1,Neuchatel,"0,95","9,7878",21.04.2024,03.05.2024,"15,4941","1,3412","0,0866","0,453"
Quercus,2025-Gamma-1,Neuchatel,"0,96","9,914",21.04.2024,03.05.2024,"15,2631","1,2953","0,0849","0,4543"
Quercus,2025-Gamma-1,Neuchatel,"0,97","10,1206",21.04.2024,03.05.2024,"14,9493","1,2361","0,0827","0,458"
Quercus,2025-Gamma-1,Neuchatel,"0,98","10,4336",21.04.2024,03.05.2024,"14,4912","1,1629","0,0803","0,4689"
Quercus,2025-Gamma-1,Neuchatel,"0,99","10,9384",21.04.2024,03.05.2024,"13,7927","1,0582","0,0767","0,4699"
Quercus,2025-Gamma-1,Neuchatel,"0,999","12,8179",21.04.2024,03.05.2024,"11,6213","0,7735","0,0666","0,4816"
Quercus,2025-Gamma-1,Neuchatel,"0,9999","15,5105",21.04.2024,03.05.2024,"9,4725","0,5519","0,0583","0,5131"
Quercus,2025-Gamma-1,Neuchatel,1,"19,9198",21.04.2024,03.05.2024,"7,3291","0,3869","0,0528","0,5334"
Quercus,2025-Gamma-1,Neuchatel,1,"27,241",21.04.2024,03.05.2024,"5,2631","0,2475","0,047","0,5346"
Quercus,2025-Gamma-1,Neuchatel,1,"37,5816",21.04.2024,03.05.2024,"3,8034","0,1661","0,0437","0,5627"
Taxus,2025-Gamma-1,Neuchatel,0,"52,0166",08.02.2024,08.03.2024,"3,1916","0,1805","0,0566","0,4371"
Taxus,2025-Gamma-1,Neuchatel,"0,2","52,0166",08.02.2024,08.03.2024,"3,1916","0,1805","0,0566","0,4371"
Taxus,2025-Gamma-1,Neuchatel,"0,4","52,6973",08.02.2024,08.03.2024,"3,1584","0,1759","0,0557","0,4359"
Taxus,2025-Gamma-1,Neuchatel,"0,6","62,4344",08.02.2024,08.03.2024,"2,6929","0,1376","0,0511","0,4418"
Taxus,2025-Gamma-1,Neuchatel,"0,75","74,2265",08.02.2024,08.03.2024,"2,2877","0,1126","0,0492","0,4487"
Taxus,2025-Gamma-1,Neuchatel,"0,8","78,264",08.02.2024,08.03.2024,"2,1426","0,1037","0,0484","0,4574"
Taxus,2025-Gamma-1,Neuchatel,"0,85","84,995",08.02.2024,08.03.2024,"1,964","0,0938","0,0478","0,4551"
Taxus,2025-Gamma-1,Neuchatel,"0,9","93,5582",08.02.2024,08.03.2024,"1,7857","0,0818","0,0458","0,4667"
Taxus,2025-Gamma-1,Neuchatel,"0,91","94,9553",08.02.2024,08.03.2024,"1,7379","0,0789","0,0454","0,4641"
Taxus,2025-Gamma-1,Neuchatel,"0,92","98,0786",08.02.2024,08.03.2024,"1,6844","0,0763","0,0453","0,463"
Taxus,2025-Gamma-1,Neuchatel,"0,93","102,9713",08.02.2024,08.03.2024,"1,6247","0,0738","0,0454","0,4699"
Taxus,2025-Gamma-1,Neuchatel,"0,94","107,0058",08.02.2024,08.03.2024,"1,5624","0,0705","0,0451","0,4751"
Taxus,2025-Gamma-1,Neuchatel,"0,95","115,268",08.02.2024,08.03.2024,"1,4867","0,0676","0,0455","0,4809"
Taxus,2025-Gamma-1,Neuchatel,"0,96","121,3072",08.02.2024,08.03.2024,"1,4127","0,0635","0,045","0,4851"
Taxus,2025-Gamma-1,Neuchatel,"0,97","130,0514",08.02.2024,08.03.2024,"1,3287","0,0576","0,0434","0,4759"
Taxus,2025-Gamma-1,Neuchatel,"0,98","141,1605",08.02.2024,08.03.2024,"1,2181","0,051","0,0418","0,4707"
Taxus,2025-Gamma-1,Neuchatel,"0,99","167,3439",08.02.2024,08.03.2024,"1,0463","0,0417","0,0398","0,4971"
Taxus,2025-Gamma-1,Neuchatel,"0,999","280,9915",08.02.2024,08.03.2024,"0,6063","0,0177","0,0292","0,5106"
Taxus,2025-Gamma-1,Neuchatel,"0,9999","505,1116",08.02.2024,08.03.2024,"0,3409","0,006","0,0177","0,5782"
Taxus,2025-Gamma-1,Neuchatel,1,1000,08.02.2024,08.03.2024,"0,1675","0,002","0,0119","0,6404"
Taxus,2025-Gamma-1,Neuchatel,1,1000,08.02.2024,08.03.2024,"0,0636","0,0006","0,0097","0,6117"
Taxus,2025-Gamma-1,Neuchatel,1,1000,08.02.2024,08.03.2024,"0,0278","0,0002","0,0055","0,5786"
Pinaceae,2025-Gamma-1,Payerne,0,"3,2736",04.05.2024,22.05.2024,"12,7157","2,3949","0,1883","0,6581"
Pinaceae,2025-Gamma-1,Payerne,"0,2","3,2736",04.05.2024,22.05.2024,"12,7157","2,3949","0,1883","0,6581"
Pinaceae,2025-Gamma-1,Payerne,"0,4","3,2761",04.05.2024,22.05.2024,"12,7056","2,3861","0,1878","0,6532"
Pinaceae,2025-Gamma-1,Payerne,"0,6","3,3078",04.05.2024,22.05.2024,"12,5676","2,3068","0,1835","0,6606"
Pinaceae,2025-Gamma-1,Payerne,"0,75","3,3458",04.05.2024,22.05.2024,"12,4141","2,2061","0,1777","0,6656"
Pinaceae,2025-Gamma-1,Payerne,"0,8","3,3636",04.05.2024,22.05.2024,"12,3465","2,1697","0,1757","0,6707"
Pinaceae,2025-Gamma-1,Payerne,"0,85","3,3841",04.05.2024,22.05.2024,"12,278","2,1222","0,1728","0,6743"
Pinaceae,2025-Gamma-1,Payerne,"0,9","3,4179",04.05.2024,22.05.2024,"12,1638","2,0594","0,1693","0,6785"
Pinaceae,2025-Gamma-1,Payerne,"0,91","3,4232",04.05.2024,22.05.2024,"12,1345","2,0453","0,1685","0,6799"
Pinaceae,2025-Gamma-1,Payerne,"0,92","3,4324",04.05.2024,22.05.2024,"12,1035","2,0293","0,1677","0,6814"
Pinaceae,2025-Gamma-1,Payerne,"0,93","3,4431",04.05.2024,22.05.2024,"12,0669","2,0154","0,167","0,6832"
Pinaceae,2025-Gamma-1,Payerne,"0,94","3,4543",04.05.2024,22.05.2024,"12,0231","1,9961","0,166","0,682"
Pinaceae,2025-Gamma-1,Payerne,"0,95","3,468",04.05.2024,22.05.2024,"11,9728","1,9777","0,1652","0,6807"
Pinaceae,2025-Gamma-1,Payerne,"0,96","3,4856",04.05.2024,22.05.2024,"11,918","1,9532","0,1639","0,6796"
Pinaceae,2025-Gamma-1,Payerne,"0,97","3,5037",04.05.2024,22.05.2024,"11,8531","1,9208","0,1621","0,681"
Pinaceae,2025-Gamma-1,Payerne,"0,98","3,5446",04.05.2024,22.05.2024,"11,7151","1,8828","0,1607","0,6832"
Pinaceae,2025-Gamma-1,Payerne,"0,99","3,6094",04.05.2024,22.05.2024,"11,4977","1,8082","0,1573","0,69"
Pinaceae,2025-Gamma-1,Payerne,"0,999","3,8795",04.05.2024,22.05.2024,"10,7338","1,6096","0,15","0,6974"
Pinaceae,2025-Gamma-1,Payerne,"0,9999","4,2693",04.05.2024,22.05.2024,"9,8155","1,4157","0,1442","0,7018"
Pinaceae,2025-Gamma-1,Payerne,1,"4,8217",04.05.2024,22.05.2024,"8,7427","1,2149","0,139","0,7018"
Pinaceae,2025-Gamma-1,Payerne,1,"5,9042",04.05.2024,22.05.2024,"7,2424","1,0035","0,1386","0,6964"
Pinaceae,2025-Gamma-1,Payerne,1,"7,3538",04.05.2024,22.05.2024,"5,869","0,8166","0,1391","0,6976"
Poaceae,2025-Gamma-1,Payerne,0,"4,9353",06.05.2024,04.08.2024,"16,8989","4,2117","0,2492","0,8075"
Poaceae,2025-Gamma-1,Payerne,"0,2","4,9353",06.05.2024,04.08.2024,"16,8989","4,2117","0,2492","0,8075"
Poaceae,2025-Gamma-1,Payerne,"0,4","4,9384",06.05.2024,04.08.2024,"16,8881","4,2006","0,2487","0,8081"
Poaceae,2025-Gamma-1,Payerne,"0,6","5,0159",06.05.2024,04.08.2024,"16,6132","4,0712","0,2451","0,8095"
Poaceae,2025-Gamma-1,Payerne,"0,75","5,134",06.05.2024,04.08.2024,"16,2098","3,8905","0,24","0,8087"
Poaceae,2025-Gamma-1,Payerne,"0,8","5,1827",06.05.2024,04.08.2024,"16,0486","3,8258","0,2384","0,8075"
Poaceae,2025-Gamma-1,Payerne,"0,85","5,2473",06.05.2024,04.08.2024,"15,842","3,7453","0,2364","0,8089"
Poaceae,2025-Gamma-1,Payerne,"0,9","5,3307",06.05.2024,04.08.2024,"15,5818","3,6561","0,2346","0,8093"
Poaceae,2025-Gamma-1,Payerne,"0,91","5,3524",06.05.2024,04.08.2024,"15,5182","3,6316","0,234","0,8101"
Poaceae,2025-Gamma-1,Payerne,"0,92","5,378",06.05.2024,04.08.2024,"15,4419","3,6001","0,2331","0,8084"
Poaceae,2025-Gamma-1,Payerne,"0,93","5,4022",06.05.2024,04.08.2024,"15,3678","3,5709","0,2324","0,8095"
Poaceae,2025-Gamma-1,Payerne,"0,94","5,4358",06.05.2024,04.08.2024,"15,2711","3,5275","0,231","0,8095"
Poaceae,2025-Gamma-1,Payerne,"0,95","5,4766",06.05.2024,04.08.2024,"15,1565","3,4848","0,2299","0,81"
Poaceae,2025-Gamma-1,Payerne,"0,96","5,525",06.05.2024,04.08.2024,"15,0198","3,4367","0,2288","0,8098"
Poaceae,2025-Gamma-1,Payerne,"0,97","5,5875",06.05.2024,04.08.2024,"14,8495","3,3736","0,2272","0,8101"
Poaceae,2025-Gamma-1,Payerne,"0,98","5,6821",06.05.2024,04.08.2024,"14,5871","3,2789","0,2248","0,8088"
Poaceae,2025-Gamma-1,Payerne,"0,99","5,8461",06.05.2024,04.08.2024,"14,1743","3,1345","0,2211","0,8068"
Poaceae,2025-Gamma-1,Payerne,"0,999","6,5223",06.05.2024,04.08.2024,"12,6729","2,6728","0,2109","0,8061"
Poaceae,2025-Gamma-1,Payerne,"0,9999","7,4429",06.05.2024,04.08.2024,"11,0482","2,2017","0,1993","0,7949"
Poaceae,2025-Gamma-1,Payerne,1,"8,8256",06.05.2024,04.08.2024,"9,2759","1,6872","0,1819","0,7943"
Poaceae,2025-Gamma-1,Payerne,1,"11,1278",06.05.2024,04.08.2024,"7,2955","1,2121","0,1661","0,7915"
Poaceae,2025-Gamma-1,Payerne,1,"13,9594",06.05.2024,04.08.2024,"5,7483","0,872","0,1517","0,777"
Quercus,2025-Gamma-1,Payerne,0,"12,3123",03.05.2024,18.06.2024,"0,3993","0,0925","0,2317","0,3791"
Quercus,2025-Gamma-1,Payerne,"0,2","12,3123",03.05.2024,18.06.2024,"0,3993","0,0925","0,2317","0,3791"
Quercus,2025-Gamma-1,Payerne,"0,4","12,502",03.05.2024,18.06.2024,"0,3919","0,0872","0,2225","0,3818"
Quercus,2025-Gamma-1,Payerne,"0,6","13,3185",03.05.2024,18.06.2024,"0,3469","0,064","0,1844","0,3807"
Quercus,2025-Gamma-1,Payerne,"0,75","14,1523",03.05.2024,18.06.2024,"0,3107","0,0486","0,1563","0,3879"
Quercus,2025-Gamma-1,Payerne,"0,8","14,7585",03.05.2024,18.06.2024,"0,2922","0,043","0,1471","0,3816"
Quercus,2025-Gamma-1,Payerne,"0,85","15,513",03.05.2024,18.06.2024,"0,2719","0,0382","0,1405","0,3694"
Quercus,2025-Gamma-1,Payerne,"0,9","16,9749",03.05.2024,18.06.2024,"0,2468","0,0323","0,131","0,3766"
Quercus,2025-Gamma-1,Payerne,"0,91","17,1129",03.05.2024,18.06.2024,"0,2446","0,0304","0,1242","0,3791"
Quercus,2025-Gamma-1,Payerne,"0,92","17,5454",03.05.2024,18.06.2024,"0,2379","0,029","0,1218","0,3866"
Quercus,2025-Gamma-1,Payerne,"0,93","18,0586",03.05.2024,18.06.2024,"0,2316","0,0276","0,119","0,3924"
Quercus,2025-Gamma-1,Payerne,"0,94","18,7872",03.05.2024,18.06.2024,"0,2235","0,0255","0,1142","0,4073"
Quercus,2025-Gamma-1,Payerne,"0,95","19,4849",03.05.2024,18.06.2024,"0,2146","0,0227","0,1059","0,412"
Quercus,2025-Gamma-1,Payerne,"0,96","20,2719",03.05.2024,18.06.2024,"0,2057","0,0219","0,1064","0,4086"
Quercus,2025-Gamma-1,Payerne,"0,97","21,3632",03.05.2024,18.06.2024,"0,1947","0,0197","0,101","0,4113"
Quercus,2025-Gamma-1,Payerne,"0,98","22,5352",03.05.2024,18.06.2024,"0,1784","0,0166","0,0929","0,389"
Quercus,2025-Gamma-1,Payerne,"0,99","24,3382",03.05.2024,18.06.2024,"0,1618","0,0121","0,0747","0,38"
Quercus,2025-Gamma-1,Payerne,"0,999","33,4735",03.05.2024,18.06.2024,"0,1116","0,0036","0,0326","0,4065"
Quercus,2025-Gamma-1,Payerne,"0,9999","49,6462",03.05.2024,18.06.2024,"0,0724","0,002","0,0271","0,4458"
Quercus,2025-Gamma-1,Payerne,1,"78,17",03.05.2024,18.06.2024,"0,0417","0,0011","0,0268","0,5834"
Quercus,2025-Gamma-1,Payerne,1,"138,9865",03.05.2024,18.06.2024,"0,0203","0,0003","0,0138","0,587"
Quercus,2025-Gamma-1,Payerne,1,"248,7051",03.05.2024,18.06.2024,"0,0103",0,0,"0,4904"
Alnus,2025-Omega-1,Neuchatel,0,1000,03.02.2024,26.02.2024,"0,0369","0,012","0,3238","0,3343"
Alnus,2025-Omega-1,Neuchatel,"0,2",1000,03.02.2024,26.02.2024,"0,0369","0,012","0,3238","0,3343"
Alnus,2025-Omega-1,Neuchatel,"0,4",1000,03.02.2024,26.02.2024,"0,0369","0,0117","0,3159","0,3229"
Alnus,2025-Omega-1,Neuchatel,"0,6",1000,03.02.2024,26.02.2024,"0,029","0,009","0,312","0,2893"
Alnus,2025-Omega-1,Neuchatel,"0,75",1000,03.02.2024,26.02.2024,"0,0217","0,0082","0,3755","0,3039"
Alnus,2025-Omega-1,Neuchatel,"0,8",1000,03.02.2024,26.02.2024,"0,0217","0,0076","0,3487","0,3185"
Alnus,2025-Omega-1,Neuchatel,"0,85",1000,03.02.2024,26.02.2024,"0,0196","0,0069","0,3539","0,2823"
Alnus,2025-Omega-1,Neuchatel,"0,9",1000,03.02.2024,26.02.2024,"0,0137","0,0065","0,4719","0,2438"
Alnus,2025-Omega-1,Neuchatel,"0,91",1000,03.02.2024,26.02.2024,"0,013","0,0063","0,4869","0,2636"
Alnus,2025-Omega-1,Neuchatel,"0,92",1000,03.02.2024,26.02.2024,"0,0123","0,0062","0,5037","0,2334"
Alnus,2025-Omega-1,Neuchatel,"0,93",1000,03.02.2024,26.02.2024,"0,0109","0,0062","0,5709","0,2286"
Alnus,2025-Omega-1,Neuchatel,"0,94",1000,03.02.2024,26.02.2024,"0,0094","0,0024","0,2576","0,2157"
Alnus,2025-Omega-1,Neuchatel,"0,95",1000,03.02.2024,26.02.2024,"0,0087","0,0024","0,2791","0,2157"
Alnus,2025-Omega-1,Neuchatel,"0,96",1000,03.02.2024,26.02.2024,"0,008","0,0023","0,2861","0,1852"
Alnus,2025-Omega-1,Neuchatel,"0,97",1000,03.02.2024,26.02.2024,"0,0065","0,002","0,3049","0,121"
Alnus,2025-Omega-1,Neuchatel,"0,98",1000,03.02.2024,26.02.2024,"0,0058","0,0012","0,2017","0,1171"
Alnus,2025-Omega-1,Neuchatel,"0,99",1000,03.02.2024,26.02.2024,"0,0043","0,0009","0,2017","0,1167"
Alnus,2025-Omega-1,Neuchatel,"0,999","921,6002",03.02.2024,26.02.2024,"0,0014","0,0001","0,1008","0,0276"
Betula,2025-Omega-1,Neuchatel,0,"592,901",22.03.2024,18.04.2024,"0,1234","0,0269","0,2176","0,3985"
Betula,2025-Omega-1,Neuchatel,"0,2","592,901",22.03.2024,18.04.2024,"0,1234","0,0269","0,2176","0,3985"
Betula,2025-Omega-1,Neuchatel,"0,4","594,5344",22.03.2024,18.04.2024,"0,1221","0,0225","0,1845","0,404"
Betula,2025-Omega-1,Neuchatel,"0,6","677,998",22.03.2024,18.04.2024,"0,1054","0,0165","0,1565","0,3836"
Betula,2025-Omega-1,Neuchatel,"0,75","860,5542",22.03.2024,18.04.2024,"0,0837","0,0134","0,1599","0,41"
Betula,2025-Omega-1,Neuchatel,"0,8","934,2759",22.03.2024,18.04.2024,"0,0744","0,012","0,1612","0,4306"
Betula,2025-Omega-1,Neuchatel,"0,85",1000,22.03.2024,18.04.2024,"0,0651","0,0112","0,1727","0,4259"
Betula,2025-Omega-1,Neuchatel,"0,9",1000,22.03.2024,18.04.2024,"0,0546","0,0104","0,1902","0,4005"
Betula,2025-Omega-1,Neuchatel,"0,91",1000,22.03.2024,18.04.2024,"0,0533","0,0083","0,1564","0,4158"
Betula,2025-Omega-1,Neuchatel,"0,92",1000,22.03.2024,18.04.2024,"0,0527","0,0071","0,135","0,4092"
Betula,2025-Omega-1,Neuchatel,"0,93",1000,22.03.2024,18.04.2024,"0,0502","0,0071","0,1417","0,4079"
Betula,2025-Omega-1,Neuchatel,"0,94",1000,22.03.2024,18.04.2024,"0,0477","0,0071","0,1491","0,4033"
Betula,2025-Omega-1,Neuchatel,"0,95",1000,22.03.2024,18.04.2024,"0,0459","0,007","0,1518","0,4049"
Betula,2025-Omega-1,Neuchatel,"0,96",1000,22.03.2024,18.04.2024,"0,0403","0,0063","0,156","0,397"
Betula,2025-Omega-1,Neuchatel,"0,97",1000,22.03.2024,18.04.2024,"0,0366","0,0055","0,1511","0,3596"
Betula,2025-Omega-1,Neuchatel,"0,98",1000,22.03.2024,18.04.2024,"0,0298","0,0049","0,1654","0,3733"
Betula,2025-Omega-1,Neuchatel,"0,99",1000,22.03.2024,18.04.2024,"0,0254","0,0046","0,1818","0,3368"
Betula,2025-Omega-1,Neuchatel,"0,999",1000,22.03.2024,18.04.2024,"0,0099","0,0012","0,1236","0,3901"
Betula,2025-Omega-1,Neuchatel,"0,9999",1000,22.03.2024,18.04.2024,"0,0056","0,0003","0,0541","0,4264"
Betula,2025-Omega-1,Neuchatel,1,1000,22.03.2024,18.04.2024,"0,0019","0,0002","0,0812","0,2751"
Corylus,2025-Omega-1,Neuchatel,0,"224,2248",30.01.2024,19.02.2024,"0,1106","0,0117","0,1059","0,397"
Corylus,2025-Omega-1,Neuchatel,"0,2","224,2248",30.01.2024,19.02.2024,"0,1106","0,0117","0,1059","0,397"
Corylus,2025-Omega-1,Neuchatel,"0,4","233,644",30.01.2024,19.02.2024,"0,1073","0,0114","0,1065","0,3976"
Corylus,2025-Omega-1,Neuchatel,"0,6","268,5274",30.01.2024,19.02.2024,"0,0767","0,0087","0,113","0,3896"
Corylus,2025-Omega-1,Neuchatel,"0,75","515,8397",30.01.2024,19.02.2024,"0,0483","0,0072","0,1499","0,4392"
Corylus,2025-Omega-1,Neuchatel,"0,8","613,0923",30.01.2024,19.02.2024,"0,0426","0,0068","0,1602","0,4444"
Corylus,2025-Omega-1,Neuchatel,"0,85","683,4611",30.01.2024,19.02.2024,"0,0376","0,006","0,159","0,3985"
Corylus,2025-Omega-1,Neuchatel,"0,9","790,6314",30.01.2024,19.02.2024,"0,0318","0,0051","0,1611","0,3768"
Corylus,2025-Omega-1,Neuchatel,"0,91","790,6314",30.01.2024,19.02.2024,"0,0318","0,005","0,1566","0,3694"
Corylus,2025-Omega-1,Neuchatel,"0,92","790,326",30.01.2024,19.02.2024,"0,031","0,005","0,1608","0,3671"
Corylus,2025-Omega-1,Neuchatel,"0,93","795,502",30.01.2024,19.02.2024,"0,0302","0,005","0,1652","0,3667"
Corylus,2025-Omega-1,Neuchatel,"0,94","752,1488",30.01.2024,19.02.2024,"0,0285","0,0048","0,1698","0,3557"
Corylus,2025-Omega-1,Neuchatel,"0,95","841,079",30.01.2024,19.02.2024,"0,0268","0,0046","0,1697","0,3705"
Corylus,2025-Omega-1,Neuchatel,"0,96","935,3747",30.01.2024,19.02.2024,"0,0248","0,004","0,1629","0,3702"
Corylus,2025-Omega-1,Neuchatel,"0,97","979,4504",30.01.2024,19.02.2024,"0,0223","0,0039","0,1746","0,3469"
Corylus,2025-Omega-1,Neuchatel,"0,98","933,6227",30.01.2024,19.02.2024,"0,0182","0,0038","0,2066","0,3117"
Corylus,2025-Omega-1,Neuchatel,"0,99","857,1963",30.01.2024,19.02.2024,"0,014","0,0016","0,1133","0,2211"
Corylus,2025-Omega-1,Neuchatel,"0,999","670,752",30.01.2024,19.02.2024,"0,0064","0,0005","0,0827","0,2396"
Corylus,2025-Omega-1,Neuchatel,"0,9999","300,5321",30.01.2024,19.02.2024,"0,0031","0,0001","0,0459","0,0722"
Corylus,2025-Omega-1,Neuchatel,1,1000,30.01.2024,19.02.2024,"0,0008","0,0001","0,1721","0,0547"
Corylus,2025-Omega-1,Neuchatel,1,1000,30.01.2024,19.02.2024,"0,0008",0,0,"0,1465"
Cupressaceae,2025-Omega-1,Neuchatel,0,"2,5222",02.04.2024,11.04.2024,"5,1304","1,373","0,2676","0,4183"
Cupressaceae,2025-Omega-1,Neuchatel,"0,2","2,5222",02.04.2024,11.04.2024,"5,1304","1,373","0,2676","0,4183"
Cupressaceae,2025-Omega-1,Neuchatel,"0,4","2,5266",02.04.2024,11.04.2024,"5,1095","1,365","0,2671","0,419"
Cupressaceae,2025-Omega-1,Neuchatel,"0,6","2,8423",02.04.2024,11.04.2024,"4,5766","1,2419","0,2714","0,4181"
Cupressaceae,2025-Omega-1,Neuchatel,"0,75","3,2759",02.04.2024,11.04.2024,"3,9828","1,0933","0,2745","0,4057"
Cupressaceae,2025-Omega-1,Neuchatel,"0,8","3,4572",02.04.2024,11.04.2024,"3,7448","1,0387","0,2774","0,4101"
Cupressaceae,2025-Omega-1,Neuchatel,"0,85","3,7461",02.04.2024,11.04.2024,"3,507","0,9754","0,2781","0,4097"
Cupressaceae,2025-Omega-1,Neuchatel,"0,9","4,0994",02.04.2024,11.04.2024,"3,2084","0,8937","0,2785","0,3947"
Cupressaceae,2025-Omega-1,Neuchatel,"0,91","4,1512",02.04.2024,11.04.2024,"3,1563","0,8754","0,2774","0,3942"
Cupressaceae,2025-Omega-1,Neuchatel,"0,92","4,3253",02.04.2024,11.04.2024,"3,066","0,8506","0,2774","0,3936"
Cupressaceae,2025-Omega-1,Neuchatel,"0,93","4,4397",02.04.2024,11.04.2024,"2,9688","0,8267","0,2785","0,386"
Cupressaceae,2025-Omega-1,Neuchatel,"0,94","4,6352",02.04.2024,11.04.2024,"2,8698","0,7981","0,2781","0,3823"
Cupressaceae,2025-Omega-1,Neuchatel,"0,95","4,8584",02.04.2024,11.04.2024,"2,7657","0,7696","0,2783","0,3812"
Cupressaceae,2025-Omega-1,Neuchatel,"0,96","5,0929",02.04.2024,11.04.2024,"2,6302","0,7353","0,2796","0,3857"
Cupressaceae,2025-Omega-1,Neuchatel,"0,97","5,3031",02.04.2024,11.04.2024,"2,4948","0,6873","0,2755","0,3857"
Cupressaceae,2025-Omega-1,Neuchatel,"0,98","5,9043",02.04.2024,11.04.2024,"2,283","0,6274","0,2748","0,3675"
Cupressaceae,2025-Omega-1,Neuchatel,"0,99","6,9522",02.04.2024,11.04.2024,"1,9167","0,5441","0,2839","0,3717"
Cupressaceae,2025-Omega-1,Neuchatel,"0,999","11,2209",02.04.2024,11.04.2024,"1,1459","0,3231","0,2819","0,3659"
Cupressaceae,2025-Omega-1,Neuchatel,"0,9999","18,7925",02.04.2024,11.04.2024,"0,6563","0,185","0,2818","0,3767"
Cupressaceae,2025-Omega-1,Neuchatel,1,"39,4434",02.04.2024,11.04.2024,"0,3177","0,0944","0,2971","0,347"
Cupressaceae,2025-Omega-1,Neuchatel,1,"63,5303",02.04.2024,11.04.2024,"0,125","0,0425","0,3396","0,2998"
Cupressaceae,2025-Omega-1,Neuchatel,1,"106,2409",02.04.2024,11.04.2024,"0,0573","0,0198","0,3463","0,2135"
Fraxinus,2025-Omega-1,Neuchatel,0,"0,6249",20.03.2024,11.04.2024,"94,9931","36,666","0,386","0,449"
Fraxinus,2025-Omega-1,Neuchatel,"0,2","0,6249",20.03.2024,11.04.2024,"94,9931","36,666","0,386","0,449"
Fraxinus,2025-Omega-1,Neuchatel,"0,4","0,6254",20.03.2024,11.04.2024,"94,9333","36,6333","0,3859","0,449"
Fraxinus,2025-Omega-1,Neuchatel,"0,6","0,6418",20.03.2024,11.04.2024,"92,8387","35,5204","0,3826","0,4505"
Fraxinus,2025-Omega-1,Neuchatel,"0,75","0,6676",20.03.2024,11.04.2024,"89,7875","33,8451","0,3769","0,4536"
Fraxinus,2025-Omega-1,Neuchatel,"0,8","0,679",20.03.2024,11.04.2024,"88,5111","33,1357","0,3744","0,4531"
Fraxinus,2025-Omega-1,Neuchatel,"0,85","0,6937",20.03.2024,11.04.2024,"86,9228","32,2922","0,3715","0,4556"
Fraxinus,2025-Omega-1,Neuchatel,"0,9","0,7143",20.03.2024,11.04.2024,"84,7896","31,1544","0,3674","0,4572"
Fraxinus,2025-Omega-1,Neuchatel,"0,91","0,7194",20.03.2024,11.04.2024,"84,2673","30,8677","0,3663","0,4566"
Fraxinus,2025-Omega-1,Neuchatel,"0,92","0,725",20.03.2024,11.04.2024,"83,6777","30,551","0,3651","0,458"
Fraxinus,2025-Omega-1,Neuchatel,"0,93","0,7315",20.03.2024,11.04.2024,"83,0407","30,1882","0,3635","0,4574"
Fraxinus,2025-Omega-1,Neuchatel,"0,94","0,7393",20.03.2024,11.04.2024,"82,2938","29,7758","0,3618","0,4576"
Fraxinus,2025-Omega-1,Neuchatel,"0,95","0,7491",20.03.2024,11.04.2024,"81,3804","29,2794","0,3598","0,458"
Fraxinus,2025-Omega-1,Neuchatel,"0,96","0,7621",20.03.2024,11.04.2024,"80,2335","28,6828","0,3575","0,4576"
Fraxinus,2025-Omega-1,Neuchatel,"0,97","0,7783",20.03.2024,11.04.2024,"78,8236","27,9414","0,3545","0,4589"
Fraxinus,2025-Omega-1,Neuchatel,"0,98","0,802",20.03.2024,11.04.2024,"76,8828","26,8937","0,3498","0,4604"
Fraxinus,2025-Omega-1,Neuchatel,"0,99","0,8458",20.03.2024,11.04.2024,"73,5318","25,1021","0,3414","0,4648"
Fraxinus,2025-Omega-1,Neuchatel,"0,999","1,0271",20.03.2024,11.04.2024,"62,3826","19,3264","0,3098","0,4768"
Fraxinus,2025-Omega-1,Neuchatel,"0,9999","1,2678",20.03.2024,11.04.2024,"51,943","14,0278","0,2701","0,496"
Fraxinus,2025-Omega-1,Neuchatel,1,"1,5673",20.03.2024,11.04.2024,"42,8215","9,4728","0,2212","0,5242"
Fraxinus,2025-Omega-1,Neuchatel,1,"1,9259",20.03.2024,11.04.2024,"35,1424","5,9487","0,1693","0,549"
Fraxinus,2025-Omega-1,Neuchatel,1,"2,2457",20.03.2024,11.04.2024,"30,25","4,0443","0,1337","0,5622"
Platanus,2025-Omega-1,Neuchatel,0,"27,2175",02.04.2024,18.04.2024,"1,8772","0,1644","0,0876","0,4292"
Platanus,2025-Omega-1,Neuchatel,"0,2","27,2175",02.04.2024,18.04.2024,"1,8772","0,1644","0,0876","0,4292"
Platanus,2025-Omega-1,Neuchatel,"0,4","27,2881",02.04.2024,18.04.2024,"1,8731","0,1628","0,0869","0,4299"
Platanus,2025-Omega-1,Neuchatel,"0,6","29,9256",02.04.2024,18.04.2024,"1,7096","0,1379","0,0806","0,4338"
Platanus,2025-Omega-1,Neuchatel,"0,75","35,0696",02.04.2024,18.04.2024,"1,441","0,1093","0,0759","0,4505"
Platanus,2025-Omega-1,Neuchatel,"0,8","36,9371",02.04.2024,18.04.2024,"1,3623","0,098","0,072","0,453"
Platanus,2025-Omega-1,Neuchatel,"0,85","39,7554",02.04.2024,18.04.2024,"1,2714","0,0879","0,0692","0,4693"
Platanus,2025-Omega-1,Neuchatel,"0,9","43,3485",02.04.2024,18.04.2024,"1,1663","0,0802","0,0688","0,4676"
Platanus,2025-Omega-1,Neuchatel,"0,91","44,4473",02.04.2024,18.04.2024,"1,1305","0,078","0,069","0,4683"
Platanus,2025-Omega-1,Neuchatel,"0,92","45,2718",02.04.2024,18.04.2024,"1,104","0,0761","0,0689","0,4716"
Platanus,2025-Omega-1,Neuchatel,"0,93","46,7624",02.04.2024,18.04.2024,"1,0723","0,074","0,069","0,4759"
Platanus,2025-Omega-1,Neuchatel,"0,94","48,246",02.04.2024,18.04.2024,"1,0315","0,0722","0,07","0,4742"
Platanus,2025-Omega-1,Neuchatel,"0,95","49,7179",02.04.2024,18.04.2024,"0,9926","0,067","0,0675","0,4755"
Platanus,2025-Omega-1,Neuchatel,"0,96","52,3167",02.04.2024,18.04.2024,"0,9508","0,0647","0,0681","0,4865"
Platanus,2025-Omega-1,Neuchatel,"0,97","55,1835",02.04.2024,18.04.2024,"0,8956","0,0544","0,0607","0,4829"
Platanus,2025-Omega-1,Neuchatel,"0,98","61,0096",02.04.2024,18.04.2024,"0,8088","0,0451","0,0558","0,5012"
Platanus,2025-Omega-1,Neuchatel,"0,99","71,8138",02.04.2024,18.04.2024,"0,6842","0,0345","0,0505","0,4592"
Platanus,2025-Omega-1,Neuchatel,"0,999","122,208",02.04.2024,18.04.2024,"0,3881","0,0186","0,0479","0,4964"
Platanus,2025-Omega-1,Neuchatel,"0,9999","244,2516",02.04.2024,18.04.2024,"0,1859","0,0101","0,0545","0,5451"
Platanus,2025-Omega-1,Neuchatel,1,"416,2869",02.04.2024,18.04.2024,"0,097","0,0025","0,0256","0,6672"
Platanus,2025-Omega-1,Neuchatel,1,"862,2381",02.04.2024,18.04.2024,"0,0419","0,0014","0,0329","0,598"
Platanus,2025-Omega-1,Neuchatel,1,1000,02.04.2024,18.04.2024,"0,0174","0,0004","0,0238","0,4793"
Quercus,2025-Omega-1,Neuchatel,0,"10,2601",21.04.2024,03.05.2024,"14,6875","1,8076","0,1231","0,4175"
Quercus,2025-Omega-1,Neuchatel,"0,2","10,2601",21.04.2024,03.05.2024,"14,6875","1,8076","0,1231","0,4175"
Quercus,2025-Omega-1,Neuchatel,"0,4","10,2891",21.04.2024,03.05.2024,"14,6448","1,7925","0,1224","0,4189"
Quercus,2025-Omega-1,Neuchatel,"0,6","10,7948",21.04.2024,03.05.2024,"13,9637","1,6108","0,1154","0,4185"
Quercus,2025-Omega-1,Neuchatel,"0,75","11,48",21.04.2024,03.05.2024,"13,0889","1,4095","0,1077","0,4193"
Quercus,2025-Omega-1,Neuchatel,"0,8","11,7692",21.04.2024,03.05.2024,"12,727","1,3314","0,1046","0,4202"
Quercus,2025-Omega-1,Neuchatel,"0,85","12,1856",21.04.2024,03.05.2024,"12,2837","1,2415","0,1011","0,4271"
Quercus,2025-Omega-1,Neuchatel,"0,9","12,7261",21.04.2024,03.05.2024,"11,7241","1,129","0,0963","0,4257"
Quercus,2025-Omega-1,Neuchatel,"0,91","12,8813",21.04.2024,03.05.2024,"11,5772","1,1034","0,0953","0,4259"
Quercus,2025-Omega-1,Neuchatel,"0,92","13,0761",21.04.2024,03.05.2024,"11,4143","1,0748","0,0942","0,4242"
Quercus,2025-Omega-1,Neuchatel,"0,93","13,2756",21.04.2024,03.05.2024,"11,222","1,0439","0,093","0,427"
Quercus,2025-Omega-1,Neuchatel,"0,94","13,4785",21.04.2024,03.05.2024,"11,039","1,0083","0,0913","0,4339"
Quercus,2025-Omega-1,Neuchatel,"0,95","13,7969",21.04.2024,03.05.2024,"10,7866","0,9581","0,0888","0,4374"
Quercus,2025-Omega-1,Neuchatel,"0,96","14,2051",21.04.2024,03.05.2024,"10,4928","0,9128","0,087","0,4409"
Quercus,2025-Omega-1,Neuchatel,"0,97","14,6286",21.04.2024,03.05.2024,"10,1469","0,8589","0,0846","0,4436"
Quercus,2025-Omega-1,Neuchatel,"0,98","15,3399",21.04.2024,03.05.2024,"9,6501","0,7837","0,0812","0,4446"
Quercus,2025-Omega-1,Neuchatel,"0,99","16,7255",21.04.2024,03.05.2024,"8,8128","0,6739","0,0765","0,4482"
Quercus,2025-Omega-1,Neuchatel,"0,999","22,4134",21.04.2024,03.05.2024,"6,5692","0,404","0,0615","0,4854"
Quercus,2025-Omega-1,Neuchatel,"0,9999","32,534",21.04.2024,03.05.2024,"4,4725","0,2354","0,0526","0,5357"
Quercus,2025-Omega-1,Neuchatel,1,"49,72",21.04.2024,03.05.2024,"2,898","0,1338","0,0462","0,5307"
Quercus,2025-Omega-1,Neuchatel,1,"83,6394",21.04.2024,03.05.2024,"1,7334","0,0732","0,0422","0,5768"
Quercus,2025-Omega-1,Neuchatel,1,"130,4702",21.04.2024,03.05.2024,"1,1124","0,0447","0,0402","0,6491"
Taxus,2025-Omega-1,Neuchatel,0,"545,8649",08.02.2024,08.03.2024,"0,373","0,0247","0,0663","0,5097"
Taxus,2025-Omega-1,Neuchatel,"0,2","545,8649",08.02.2024,08.03.2024,"0,373","0,0247","0,0663","0,5097"
Taxus,2025-Omega-1,Neuchatel,"0,4","560,734",08.02.2024,08.03.2024,"0,3672","0,0247","0,0673","0,51"
Taxus,2025-Omega-1,Neuchatel,"0,6","674,5409",08.02.2024,08.03.2024,"0,2971","0,0219","0,0736","0,4819"
Taxus,2025-Omega-1,Neuchatel,"0,75","869,7859",08.02.2024,08.03.2024,"0,2385","0,0153","0,0642","0,5051"
Taxus,2025-Omega-1,Neuchatel,"0,8","931,3713",08.02.2024,08.03.2024,"0,2165","0,0137","0,0635","0,5311"
Taxus,2025-Omega-1,Neuchatel,"0,85","999,1987",08.02.2024,08.03.2024,"0,2002","0,0133","0,0664","0,5282"
Taxus,2025-Omega-1,Neuchatel,"0,9",1000,08.02.2024,08.03.2024,"0,1718","0,0117","0,0678","0,5348"
Taxus,2025-Omega-1,Neuchatel,"0,91",1000,08.02.2024,08.03.2024,"0,1684","0,0115","0,0683","0,5279"
Taxus,2025-Omega-1,Neuchatel,"0,92",1000,08.02.2024,08.03.2024,"0,1626","0,0113","0,0698","0,5253"
Taxus,2025-Omega-1,Neuchatel,"0,93",1000,08.02.2024,08.03.2024,"0,1591","0,0112","0,0703","0,508"
Taxus,2025-Omega-1,Neuchatel,"0,94",1000,08.02.2024,08.03.2024,"0,1545","0,0108","0,0698","0,5109"
Taxus,2025-Omega-1,Neuchatel,"0,95",1000,08.02.2024,08.03.2024,"0,1452","0,0103","0,0709","0,5024"
Taxus,2025-Omega-1,Neuchatel,"0,96",1000,08.02.2024,08.03.2024,"0,1354","0,0097","0,0715","0,5287"
Taxus,2025-Omega-1,Neuchatel,"0,97",1000,08.02.2024,08.03.2024,"0,1232","0,0095","0,0773","0,5286"
Taxus,2025-Omega-1,Neuchatel,"0,98",1000,08.02.2024,08.03.2024,"0,1093","0,0094","0,0857","0,5259"
Taxus,2025-Omega-1,Neuchatel,"0,99",1000,08.02.2024,08.03.2024,"0,0908","0,0038","0,0423","0,5273"
Taxus,2025-Omega-1,Neuchatel,"0,999",1000,08.02.2024,08.03.2024,"0,0388","0,0023","0,0594","0,4297"
Taxus,2025-Omega-1,Neuchatel,"0,9999",1000,08.02.2024,08.03.2024,"0,0214","0,0009","0,043","0,4086"
Taxus,2025-Omega-1,Neuchatel,1,1000,08.02.2024,08.03.2024,"0,0133","0,0002","0,0115","0,3873"
Taxus,2025-Omega-1,Neuchatel,1,1000,08.02.2024,08.03.2024,"0,0052","0,0002","0,0295","0,3465"
Taxus,2025-Omega-1,Neuchatel,1,1000,08.02.2024,08.03.2024,"0,0023",0,0,"0,2265"
Alnus,2025-Omega-1,Basel,0,"4,781",02.02.2024,08.03.2024,"30,9834","2,6466","0,0854","0,6056"
Alnus,2025-Omega-1,Basel,"0,2","4,781",02.02.2024,08.03.2024,"30,9834","2,6466","0,0854","0,6056"
Alnus,2025-Omega-1,Basel,"0,4","4,7857",02.02.2024,08.03.2024,"30,9467","2,6009","0,084","0,6064"
Alnus,2025-Omega-1,Basel,"0,6","4,9384",02.02.2024,08.03.2024,"29,9669","2,264","0,0755","0,618"
Alnus,2025-Omega-1,Basel,"0,75","5,1786",02.02.2024,08.03.2024,"28,5374","1,9003","0,0666","0,6311"
Alnus,2025-Omega-1,Basel,"0,8","5,2855",02.02.2024,08.03.2024,"27,9488","1,7743","0,0635","0,6342"
Alnus,2025-Omega-1,Basel,"0,85","5,4228",02.02.2024,08.03.2024,"27,2272","1,6285","0,0598","0,6404"
Alnus,2025-Omega-1,Basel,"0,9","5,6266",02.02.2024,08.03.2024,"26,2437","1,4611","0,0557","0,6474"
Alnus,2025-Omega-1,Basel,"0,91","5,6774",02.02.2024,08.03.2024,"26,0042","1,4266","0,0549","0,6497"
Alnus,2025-Omega-1,Basel,"0,92","5,7395",02.02.2024,08.03.2024,"25,7299","1,3815","0,0537","0,6512"
Alnus,2025-Omega-1,Basel,"0,93","5,8089",02.02.2024,08.03.2024,"25,4283","1,3345","0,0525","0,6548"
Alnus,2025-Omega-1,Basel,"0,94","5,892",02.02.2024,08.03.2024,"25,0795","1,2814","0,0511","0,6587"
Alnus,2025-Omega-1,Basel,"0,95","5,985",02.02.2024,08.03.2024,"24,6847","1,2224","0,0495","0,6589"
Alnus,2025-Omega-1,Basel,"0,96","6,1049",02.02.2024,08.03.2024,"24,1945","1,1518","0,0476","0,6599"
Alnus,2025-Omega-1,Basel,"0,97","6,2628",02.02.2024,08.03.2024,"23,5904","1,0668","0,0452","0,6655"
Alnus,2025-Omega-1,Basel,"0,98","6,505",02.02.2024,08.03.2024,"22,7041","0,9673","0,0426","0,6688"
Alnus,2025-Omega-1,Basel,"0,99","6,936",02.02.2024,08.03.2024,"21,2849","0,8163","0,0384","0,6823"
Alnus,2025-Omega-1,Basel,"0,999","8,9014",02.02.2024,08.03.2024,"16,608","0,4382","0,0264","0,7078"
Alnus,2025-Omega-1,Basel,"0,9999","12,1333",02.02.2024,08.03.2024,"12,1835","0,2307","0,0189","0,7379"
Alnus,2025-Omega-1,Basel,1,"18,0964",02.02.2024,08.03.2024,"8,1422","0,1152","0,0142","0,7589"
Alnus,2025-Omega-1,Basel,1,"31,1685",02.02.2024,08.03.2024,"4,7665","0,0536","0,0112","0,764"
Alnus,2025-Omega-1,Basel,1,"53,1947",02.02.2024,08.03.2024,"2,7794","0,0243","0,0088","0,7558"
Betula,2025-Omega-1,Basel,0,"5,9488",20.03.2024,18.04.2024,"12,7779","0,8809","0,0689","0,553"
Betula,2025-Omega-1,Basel,"0,2","5,9488",20.03.2024,18.04.2024,"12,7779","0,8809","0,0689","0,553"
Betula,2025-Omega-1,Basel,"0,4","5,988",20.03.2024,18.04.2024,"12,7033","0,8628","0,0679","0,5539"
Betula,2025-Omega-1,Basel,"0,6","6,5233",20.03.2024,18.04.2024,"11,6096","0,7271","0,0626","0,5566"
Betula,2025-Omega-1,Basel,"0,75","7,3608",20.03.2024,18.04.2024,"10,2939","0,5971","0,058","0,5648"
Betula,2025-Omega-1,Basel,"0,8","7,7949",20.03.2024,18.04.2024,"9,7561","0,5532","0,0567","0,5684"
Betula,2025-Omega-1,Basel,"0,85","8,3284",20.03.2024,18.04.2024,"9,1341","0,4977","0,0545","0,5667"
Betula,2025-Omega-1,Basel,"0,9","9,0714",20.03.2024,18.04.2024,"8,3468","0,4304","0,0516","0,571"
Betula,2025-Omega-1,Basel,"0,91","9,2732",20.03.2024,18.04.2024,"8,1668","0,4179","0,0512","0,5683"
Betula,2025-Omega-1,Basel,"0,92","9,5211",20.03.2024,18.04.2024,"7,9722","0,3986","0,05","0,5647"
Betula,2025-Omega-1,Basel,"0,93","9,7653",20.03.2024,18.04.2024,"7,7724","0,3819","0,0491","0,5675"
Betula,2025-Omega-1,Basel,"0,94","10,0629",20.03.2024,18.04.2024,"7,5304","0,3619","0,0481","0,5708"
Betula,2025-Omega-1,Basel,"0,95","10,4614",20.03.2024,18.04.2024,"7,2439","0,3383","0,0467","0,5749"
Betula,2025-Omega-1,Basel,"0,96","10,9692",20.03.2024,18.04.2024,"6,9086","0,3125","0,0452","0,5795"
Betula,2025-Omega-1,Basel,"0,97","11,6552",20.03.2024,18.04.2024,"6,5168","0,285","0,0437","0,5785"
Betula,2025-Omega-1,Basel,"0,98","12,7403",20.03.2024,18.04.2024,"5,9814","0,2497","0,0418","0,5812"
Betula,2025-Omega-1,Basel,"0,99","14,7299",20.03.2024,18.04.2024,"5,1746","0,2005","0,0388","0,5841"
Betula,2025-Omega-1,Basel,"0,999","25,096",20.03.2024,18.04.2024,"3,0631","0,0955","0,0312","0,5714"
Betula,2025-Omega-1,Basel,"0,9999","47,6654",20.03.2024,18.04.2024,"1,661","0,041","0,0247","0,577"
Betula,2025-Omega-1,Basel,1,"94,3846",20.03.2024,18.04.2024,"0,849","0,0168","0,0197","0,6516"
Betula,2025-Omega-1,Basel,1,"210,1143",20.03.2024,18.04.2024,"0,3854","0,0064","0,0166","0,6602"
Betula,2025-Omega-1,Basel,1,"422,4483",20.03.2024,18.04.2024,"0,1956","0,0027","0,0136","0,7051"
Corylus,2025-Omega-1,Basel,0,"7,7741",26.01.2024,19.02.2024,"6,0134","1,1297","0,1879","0,5362"
Corylus,2025-Omega-1,Basel,"0,2","7,7741",26.01.2024,19.02.2024,"6,0134","1,1297","0,1879","0,5362"
Corylus,2025-Omega-1,Basel,"0,4","7,8151",26.01.2024,19.02.2024,"5,9877","1,1098","0,1854","0,5394"
Corylus,2025-Omega-1,Basel,"0,6","8,4916",26.01.2024,19.02.2024,"5,5317","0,9342","0,1689","0,5529"
Corylus,2025-Omega-1,Basel,"0,75","9,5326",26.01.2024,19.02.2024,"4,9323","0,7675","0,1556","0,5662"
Corylus,2025-Omega-1,Basel,"0,8","10,0242",26.01.2024,19.02.2024,"4,7017","0,7115","0,1513","0,5699"
Corylus,2025-Omega-1,Basel,"0,85","10,601",26.01.2024,19.02.2024,"4,4426","0,6397","0,144","0,5804"
Corylus,2025-Omega-1,Basel,"0,9","11,4545",26.01.2024,19.02.2024,"4,1114","0,5654","0,1375","0,5868"
Corylus,2025-Omega-1,Basel,"0,91","11,6808",26.01.2024,19.02.2024,"4,0315","0,5451","0,1352","0,5878"
Corylus,2025-Omega-1,Basel,"0,92","11,9349",26.01.2024,19.02.2024,"3,9445","0,5254","0,1332","0,5918"
Corylus,2025-Omega-1,Basel,"0,93","12,2566",26.01.2024,19.02.2024,"3,848","0,503","0,1307","0,595"
Corylus,2025-Omega-1,Basel,"0,94","12,6377",26.01.2024,19.02.2024,"3,7311","0,4768","0,1278","0,6005"
Corylus,2025-Omega-1,Basel,"0,95","13,0207",26.01.2024,19.02.2024,"3,6144","0,4525","0,1252","0,6045"
Corylus,2025-Omega-1,Basel,"0,96","13,5404",26.01.2024,19.02.2024,"3,4651","0,4254","0,1228","0,6029"
Corylus,2025-Omega-1,Basel,"0,97","14,323",26.01.2024,19.02.2024,"3,2643","0,3916","0,12","0,6132"
Corylus,2025-Omega-1,Basel,"0,98","15,5047",26.01.2024,19.02.2024,"3,0025","0,3413","0,1137","0,6145"
Corylus,2025-Omega-1,Basel,"0,99","17,8465",26.01.2024,19.02.2024,"2,5975","0,2715","0,1045","0,6215"
Corylus,2025-Omega-1,Basel,"0,999","28,8937",26.01.2024,19.02.2024,"1,5552","0,1272","0,0818","0,658"
Corylus,2025-Omega-1,Basel,"0,9999","51,2521",26.01.2024,19.02.2024,"0,8472","0,0553","0,0653","0,7042"
Corylus,2025-Omega-1,Basel,1,"100,2686",26.01.2024,19.02.2024,"0,4056","0,0237","0,0584","0,6628"
Corylus,2025-Omega-1,Basel,1,"238,7072",26.01.2024,19.02.2024,"0,1493","0,0077","0,0514","0,6946"
Corylus,2025-Omega-1,Basel,1,"602,7671",26.01.2024,19.02.2024,"0,0583","0,0031","0,0535","0,6389"
Cupressaceae,2025-Omega-1,Basel,0,"12,5593",11.02.2024,01.03.2024,"3,5821","3,5816","0,9999","0,3954"
Cupressaceae,2025-Omega-1,Basel,"0,2","12,5593",11.02.2024,01.03.2024,"3,5821","3,5816","0,9999","0,3954"
Cupressaceae,2025-Omega-1,Basel,"0,4","12,7926",11.02.2024,01.03.2024,"3,5255","3,5207","0,9986","0,3944"
Cupressaceae,2025-Omega-1,Basel,"0,6","14,5247",11.02.2024,01.03.2024,"3,1151","3,0907","0,9922","0,3841"
Cupressaceae,2025-Omega-1,Basel,"0,75","17,0476",11.02.2024,01.03.2024,"2,6626","2,65","0,9952","0,378"
Cupressaceae,2025-Omega-1,Basel,"0,8","18,1503",11.02.2024,01.03.2024,"2,4971","2,4757","0,9914","0,3723"
Cupressaceae,2025-Omega-1,Basel,"0,85","19,6717",11.02.2024,01.03.2024,"2,2931","2,2962","1,0013","0,3615"
Cupressaceae,2025-Omega-1,Basel,"0,9","21,9853",11.02.2024,01.03.2024,"2,0604","2,0658","1,0026","0,3551"
Cupressaceae,2025-Omega-1,Basel,"0,91","22,6057",11.02.2024,01.03.2024,"1,9935","2,0071","1,0068","0,3518"
Cupressaceae,2025-Omega-1,Basel,"0,92","23,4025",11.02.2024,01.03.2024,"1,937","1,9442","1,0037","0,3475"
Cupressaceae,2025-Omega-1,Basel,"0,93","24,1087",11.02.2024,01.03.2024,"1,878","1,8847","1,0036","0,3461"
Cupressaceae,2025-Omega-1,Basel,"0,94","25,3296",11.02.2024,01.03.2024,"1,7972","1,8184","1,0118","0,3473"
Cupressaceae,2025-Omega-1,Basel,"0,95","26,7265",11.02.2024,01.03.2024,"1,7156","1,7336","1,0105","0,3461"
Cupressaceae,2025-Omega-1,Basel,"0,96","28,9571",11.02.2024,01.03.2024,"1,5957","1,6396","1,0275","0,3423"
Cupressaceae,2025-Omega-1,Basel,"0,97","30,9056",11.02.2024,01.03.2024,"1,4868","1,5217","1,0234","0,3328"
Cupressaceae,2025-Omega-1,Basel,"0,98","33,8066",11.02.2024,01.03.2024,"1,3659","1,3733","1,0055","0,331"
Cupressaceae,2025-Omega-1,Basel,"0,99","41,0712",11.02.2024,01.03.2024,"1,1172","1,1412","1,0215","0,3289"
Cupressaceae,2025-Omega-1,Basel,"0,999","84,2274",11.02.2024,01.03.2024,"0,5708","0,585","1,0249","0,2907"
Cupressaceae,2025-Omega-1,Basel,"0,9999","182,6217",11.02.2024,01.03.2024,"0,2659","0,2678","1,0074","0,2705"
Cupressaceae,2025-Omega-1,Basel,1,"434,2915",11.02.2024,01.03.2024,"0,107","0,1064","0,9948","0,2502"
Cupressaceae,2025-Omega-1,Basel,1,1000,11.02.2024,01.03.2024,"0,0373","0,0348","0,9307","0,1463"
Cupressaceae,2025-Omega-1,Basel,1,1000,11.02.2024,01.03.2024,"0,0182","0,0134","0,7324","0,0004"
Fagus,2025-Omega-1,Basel,0,"9,8595",06.04.2024,05.05.2024,"0,5932","0,0203","0,0341","0,6026"
Fagus,2025-Omega-1,Basel,"0,2","9,8595",06.04.2024,05.05.2024,"0,5932","0,0203","0,0341","0,6026"
Fagus,2025-Omega-1,Basel,"0,4","9,9587",06.04.2024,05.05.2024,"0,589","0,019","0,0323","0,6086"
Fagus,2025-Omega-1,Basel,"0,6","10,3537",06.04.2024,05.05.2024,"0,5614","0,016","0,0284","0,6272"
Fagus,2025-Omega-1,Basel,"0,75","10,906",06.04.2024,05.05.2024,"0,5353","0,0117","0,0218","0,6601"
Fagus,2025-Omega-1,Basel,"0,8","11,0658",06.04.2024,05.05.2024,"0,5261","0,0109","0,0206","0,669"
Fagus,2025-Omega-1,Basel,"0,85","11,3052",06.04.2024,05.05.2024,"0,5135","0,0096","0,0188","0,6859"
Fagus,2025-Omega-1,Basel,"0,9","11,9175",06.04.2024,05.05.2024,"0,493","0,0084","0,017","0,6987"
Fagus,2025-Omega-1,Basel,"0,91","12,072",06.04.2024,05.05.2024,"0,4888","0,0084","0,0171","0,6981"
Fagus,2025-Omega-1,Basel,"0,92","12,1552",06.04.2024,05.05.2024,"0,4851","0,0084","0,0173","0,6977"
Fagus,2025-Omega-1,Basel,"0,93","12,2567",06.04.2024,05.05.2024,"0,4801","0,0078","0,0162","0,7079"
Fagus,2025-Omega-1,Basel,"0,94","12,3757",06.04.2024,05.05.2024,"0,4756","0,0074","0,0155","0,7142"
Fagus,2025-Omega-1,Basel,"0,95","12,5352",06.04.2024,05.05.2024,"0,4689","0,0067","0,0144","0,734"
Fagus,2025-Omega-1,Basel,"0,96","12,6051",06.04.2024,05.05.2024,"0,4623","0,0067","0,0146","0,7323"
Fagus,2025-Omega-1,Basel,"0,97","12,8088",06.04.2024,05.05.2024,"0,4519","0,0067","0,0149","0,7316"
Fagus,2025-Omega-1,Basel,"0,98","13,2521",06.04.2024,05.05.2024,"0,4357","0,0065","0,015","0,7326"
Fagus,2025-Omega-1,Basel,"0,99","13,9054",06.04.2024,05.05.2024,"0,4104","0,0061","0,0149","0,7332"
Fagus,2025-Omega-1,Basel,"0,999","16,9721",06.04.2024,05.05.2024,"0,3277","0,0035","0,0106","0,7353"
Fagus,2025-Omega-1,Basel,"0,9999","21,6556",06.04.2024,05.05.2024,"0,2402","0,002","0,0085","0,7667"
Fagus,2025-Omega-1,Basel,1,"30,5896",06.04.2024,05.05.2024,"0,1644","0,001","0,0062","0,7981"
Fagus,2025-Omega-1,Basel,1,"53,5125",06.04.2024,05.05.2024,"0,0971","0,0002","0,0021","0,8543"
Fagus,2025-Omega-1,Basel,1,"100,8842",06.04.2024,05.05.2024,"0,052",0,0,"0,7741"
Fraxinus,2025-Omega-1,Basel,0,"1,365",15.03.2024,11.04.2024,"37,7147","9,0696","0,2405","0,5671"
Fraxinus,2025-Omega-1,Basel,"0,2","1,365",15.03.2024,11.04.2024,"37,7141","9,0696","0,2405","0,5671"
Fraxinus,2025-Omega-1,Basel,"0,4","1,3774",15.03.2024,11.04.2024,"37,4304","8,9786","0,2399","0,569"
Fraxinus,2025-Omega-1,Basel,"0,6","1,5102",15.03.2024,11.04.2024,"34,5483","7,7984","0,2257","0,5795"
Fraxinus,2025-Omega-1,Basel,"0,75","1,6778",15.03.2024,11.04.2024,"31,4034","6,5291","0,2079","0,5961"
Fraxinus,2025-Omega-1,Basel,"0,8","1,7455",15.03.2024,11.04.2024,"30,2535","6,0294","0,1993","0,6032"
Fraxinus,2025-Omega-1,Basel,"0,85","1,8371",15.03.2024,11.04.2024,"28,8295","5,5116","0,1912","0,609"
Fraxinus,2025-Omega-1,Basel,"0,9","1,9571",15.03.2024,11.04.2024,"27,1233","4,8684","0,1795","0,6161"
Fraxinus,2025-Omega-1,Basel,"0,91","1,9899",15.03.2024,11.04.2024,"26,6933","4,7136","0,1766","0,6214"
Fraxinus,2025-Omega-1,Basel,"0,92","2,0247",15.03.2024,11.04.2024,"26,236","4,5487","0,1734","0,6268"
Fraxinus,2025-Omega-1,Basel,"0,93","2,067",15.03.2024,11.04.2024,"25,7199","4,3689","0,1699","0,6287"
Fraxinus,2025-Omega-1,Basel,"0,94","2,111",15.03.2024,11.04.2024,"25,1877","4,1793","0,1659","0,6322"
Fraxinus,2025-Omega-1,Basel,"0,95","2,1666",15.03.2024,11.04.2024,"24,5605","3,9613","0,1613","0,6356"
Fraxinus,2025-Omega-1,Basel,"0,96","2,2354",15.03.2024,11.04.2024,"23,8182","3,7146","0,156","0,6409"
Fraxinus,2025-Omega-1,Basel,"0,97","2,3246",15.03.2024,11.04.2024,"22,9175","3,4142","0,149","0,6476"
Fraxinus,2025-Omega-1,Basel,"0,98","2,4552",15.03.2024,11.04.2024,"21,7077","3,033","0,1397","0,6564"
Fraxinus,2025-Omega-1,Basel,"0,99","2,6825",15.03.2024,11.04.2024,"19,8363","2,4933","0,1257","0,6664"
Fraxinus,2025-Omega-1,Basel,"0,999","3,5522",15.03.2024,11.04.2024,"14,8648","1,3286","0,0894","0,6951"
Fraxinus,2025-Omega-1,Basel,"0,9999","4,7013",15.03.2024,11.04.2024,"11,0897","0,7602","0,0685","0,7045"
Fraxinus,2025-Omega-1,Basel,1,"6,4768",15.03.2024,11.04.2024,"7,9294","0,4494","0,0567","0,7079"
Fraxinus,2025-Omega-1,Basel,1,"9,5618",15.03.2024,11.04.2024,"5,3184","0,2759","0,0519","0,7135"
Fraxinus,2025-Omega-1,Basel,1,"13,5002",15.03.2024,11.04.2024,"3,7049","0,1906","0,0515","0,7224"
Pinaceae,2025-Omega-1,Basel,0,"3,7469",09.04.2024,18.04.2024,"5,8623","2,6179","0,4466","0,6167"
Pinaceae,2025-Omega-1,Basel,"0,2","3,7469",09.04.2024,18.04.2024,"5,8623","2,6179","0,4466","0,6167"
Pinaceae,2025-Omega-1,Basel,"0,4","3,7589",09.04.2024,18.04.2024,"5,8258","2,5923","0,445","0,6169"
Pinaceae,2025-Omega-1,Basel,"0,6","3,8408",09.04.2024,18.04.2024,"5,6329","2,4168","0,429","0,6245"
Pinaceae,2025-Omega-1,Basel,"0,75","3,9315",09.04.2024,18.04.2024,"5,4714","2,2662","0,4142","0,6337"
Pinaceae,2025-Omega-1,Basel,"0,8","3,9622",09.04.2024,18.04.2024,"5,4245","2,2022","0,406","0,641"
Pinaceae,2025-Omega-1,Basel,"0,85","4,0008",09.04.2024,18.04.2024,"5,3568","2,1327","0,3981","0,6403"
Pinaceae,2025-Omega-1,Basel,"0,9","4,0593",09.04.2024,18.04.2024,"5,2734","2,048","0,3884","0,6442"
Pinaceae,2025-Omega-1,Basel,"0,91","4,062",09.04.2024,18.04.2024,"5,2613","2,0263","0,3851","0,6373"
Pinaceae,2025-Omega-1,Basel,"0,92","4,0802",09.04.2024,18.04.2024,"5,237","2,007","0,3832","0,6378"
Pinaceae,2025-Omega-1,Basel,"0,93","4,0884",09.04.2024,18.04.2024,"5,2142","1,9818","0,3801","0,6388"
Pinaceae,2025-Omega-1,Basel,"0,94","4,1201",09.04.2024,18.04.2024,"5,1759","1,9561","0,3779","0,6399"
Pinaceae,2025-Omega-1,Basel,"0,95","4,1381",09.04.2024,18.04.2024,"5,1447","1,9245","0,3741","0,6397"
Pinaceae,2025-Omega-1,Basel,"0,96","4,1673",09.04.2024,18.04.2024,"5,1097","1,8883","0,3695","0,6353"
Pinaceae,2025-Omega-1,Basel,"0,97","4,2012",09.04.2024,18.04.2024,"5,0628","1,8421","0,3639","0,6353"
Pinaceae,2025-Omega-1,Basel,"0,98","4,2406",09.04.2024,18.04.2024,"5,0136","1,7813","0,3553","0,6334"
Pinaceae,2025-Omega-1,Basel,"0,99","4,3364",09.04.2024,18.04.2024,"4,9025","1,6895","0,3446","0,6356"
Pinaceae,2025-Omega-1,Basel,"0,999","4,603",09.04.2024,18.04.2024,"4,6105","1,3982","0,3033","0,6495"
Pinaceae,2025-Omega-1,Basel,"0,9999","4,9778",09.04.2024,18.04.2024,"4,265","1,1563","0,2711","0,6577"
Pinaceae,2025-Omega-1,Basel,1,"5,3234",09.04.2024,18.04.2024,"3,9854","0,9526","0,239","0,6746"
Pinaceae,2025-Omega-1,Basel,1,"5,6865",09.04.2024,18.04.2024,"3,7108","0,8128","0,219","0,6962"
Pinaceae,2025-Omega-1,Basel,1,"5,9578",09.04.2024,18.04.2024,"3,5232","0,7404","0,2101","0,7033"
Platanus,2025-Omega-1,Basel,0,"105,4173",24.03.2024,18.04.2024,"1,4145","0,0058","0,0041","0,746"
Platanus,2025-Omega-1,Basel,"0,2","105,4173",24.03.2024,18.04.2024,"1,4145","0,0058","0,0041","0,746"
Platanus,2025-Omega-1,Basel,"0,4","108,396",24.03.2024,18.04.2024,"1,3738","0,0058","0,0042","0,7452"
Platanus,2025-Omega-1,Basel,"0,6","124,5375",24.03.2024,18.04.2024,"1,1847","0,0046","0,0039","0,7235"
Platanus,2025-Omega-1,Basel,"0,75","149,1672",24.03.2024,18.04.2024,"0,9924","0,0042","0,0042","0,7146"
Platanus,2025-Omega-1,Basel,"0,8","158,5625",24.03.2024,18.04.2024,"0,9282","0,0036","0,0039","0,7321"
Platanus,2025-Omega-1,Basel,"0,85","171,5889",24.03.2024,18.04.2024,"0,8584","0,0034","0,004","0,7439"
Platanus,2025-Omega-1,Basel,"0,9","194,3885",24.03.2024,18.04.2024,"0,7655","0,003","0,0039","0,7652"
Platanus,2025-Omega-1,Basel,"0,91","199,6876",24.03.2024,18.04.2024,"0,7435","0,003","0,004","0,7652"
Platanus,2025-Omega-1,Basel,"0,92","207,0793",24.03.2024,18.04.2024,"0,7154","0,003","0,0042","0,7652"
Platanus,2025-Omega-1,Basel,"0,93","216,2146",24.03.2024,18.04.2024,"0,6827","0,003","0,0044","0,765"
Platanus,2025-Omega-1,Basel,"0,94","223,64",24.03.2024,18.04.2024,"0,6554","0,0026","0,004","0,7619"
Platanus,2025-Omega-1,Basel,"0,95","231,792",24.03.2024,18.04.2024,"0,6286","0,0024","0,0038","0,7628"
Platanus,2025-Omega-1,Basel,"0,96","245,3785",24.03.2024,18.04.2024,"0,5958","0,0024","0,0041","0,7613"
Platanus,2025-Omega-1,Basel,"0,97","265,4146",24.03.2024,18.04.2024,"0,5478","0,0024","0,0044","0,7595"
Platanus,2025-Omega-1,Basel,"0,98","293,5756",24.03.2024,18.04.2024,"0,4936","0,002","0,0041","0,7695"
Platanus,2025-Omega-1,Basel,"0,99","363,7657",24.03.2024,18.04.2024,"0,3941","0,0016","0,0041","0,7735"
Platanus,2025-Omega-1,Basel,"0,999","730,4596",24.03.2024,18.04.2024,"0,1863","0,0008","0,0045","0,7463"
Platanus,2025-Omega-1,Basel,"0,9999",1000,24.03.2024,18.04.2024,"0,0828",0,0,"0,6982"
Platanus,2025-Omega-1,Basel,1,1000,24.03.2024,18.04.2024,"0,0301",0,0,"0,6561"
Platanus,2025-Omega-1,Basel,1,1000,24.03.2024,18.04.2024,"0,0087",0,0,"0,4509"
Platanus,2025-Omega-1,Basel,1,1000,24.03.2024,18.04.2024,"0,002",0,0,"0,1696"
Populus,2025-Omega-1,Basel,0,"2,6274",15.02.2024,24.02.2024,"3,2565","0,7979","0,245","0,4621"
Populus,2025-Omega-1,Basel,"0,2","2,6274",15.02.2024,24.02.2024,"3,2565","0,7977","0,245","0,4621"
Populus,2025-Omega-1,Basel,"0,4","2,7015",15.02.2024,24.02.2024,"3,1743","0,7663","0,2414","0,4632"
Populus,2025-Omega-1,Basel,"0,6","3,7682",15.02.2024,24.02.2024,"2,3527","0,6116","0,26","0,4651"
Populus,2025-Omega-1,Basel,"0,75","5,6107",15.02.2024,24.02.2024,"1,6321","0,4842","0,2966","0,4653"
Populus,2025-Omega-1,Basel,"0,8","6,3859",15.02.2024,24.02.2024,"1,4641","0,4388","0,2997","0,4648"
Populus,2025-Omega-1,Basel,"0,85","7,8998",15.02.2024,24.02.2024,"1,2269","0,3937","0,3209","0,4602"
Populus,2025-Omega-1,Basel,"0,9","9,3562",15.02.2024,24.02.2024,"1,023","0,3323","0,3248","0,4649"
Populus,2025-Omega-1,Basel,"0,91","9,9946",15.02.2024,24.02.2024,"0,9714","0,3177","0,3271","0,4642"
Populus,2025-Omega-1,Basel,"0,92","10,4991",15.02.2024,24.02.2024,"0,9262","0,3042","0,3284","0,4606"
Populus,2025-Omega-1,Basel,"0,93","10,9738",15.02.2024,24.02.2024,"0,8815","0,2869","0,3254","0,4631"
Populus,2025-Omega-1,Basel,"0,94","11,944",15.02.2024,24.02.2024,"0,8169","0,2686","0,3288","0,4601"
Populus,2025-Omega-1,Basel,"0,95","12,8022",15.02.2024,24.02.2024,"0,7433","0,2512","0,3379","0,4591"
Populus,2025-Omega-1,Basel,"0,96","13,8516",15.02.2024,24.02.2024,"0,6617","0,229","0,3461","0,458"
Populus,2025-Omega-1,Basel,"0,97","16,1902",15.02.2024,24.02.2024,"0,5939","0,2081","0,3504","0,4509"
Populus,2025-Omega-1,Basel,"0,98","19,0272",15.02.2024,24.02.2024,"0,5201","0,1774","0,341","0,4548"
Populus,2025-Omega-1,Basel,"0,99","25,0815",15.02.2024,24.02.2024,"0,3919","0,1343","0,3427","0,4437"
Populus,2025-Omega-1,Basel,"0,999","51,5003",15.02.2024,24.02.2024,"0,1897","0,0553","0,2915","0,4202"
Populus,2025-Omega-1,Basel,"0,9999","98,6917",15.02.2024,24.02.2024,"0,0887","0,0206","0,2324","0,4123"
Populus,2025-Omega-1,Basel,1,"182,9536",15.02.2024,24.02.2024,"0,04","0,0091","0,2273","0,3519"
Populus,2025-Omega-1,Basel,1,"439,2",15.02.2024,24.02.2024,"0,0174","0,0042","0,2445","0,2689"
Populus,2025-Omega-1,Basel,1,"357,12",15.02.2024,24.02.2024,"0,0104","0,0022","0,2152","0,1618"
Quercus,2025-Omega-1,Basel,0,"0,8267",03.04.2024,05.05.2024,"95,0545","20,8449","0,2193","0,3523"
Quercus,2025-Omega-1,Basel,"0,2","0,8267",03.04.2024,05.05.2024,"95,0545","20,8449","0,2193","0,3523"
Quercus,2025-Omega-1,Basel,"0,4","0,8296",03.04.2024,05.05.2024,"94,8366","20,7641","0,2189","0,3523"
Quercus,2025-Omega-1,Basel,"0,6","0,8682",03.04.2024,05.05.2024,"91,7596","19,4485","0,212","0,3575"
Quercus,2025-Omega-1,Basel,"0,75","0,9246",03.04.2024,05.05.2024,"87,7084","17,8127","0,2031","0,3649"
Quercus,2025-Omega-1,Basel,"0,8","0,9496",03.04.2024,05.05.2024,"86,0874","17,1505","0,1992","0,368"
Quercus,2025-Omega-1,Basel,"0,85","0,9801",03.04.2024,05.05.2024,"84,1317","16,3751","0,1946","0,3714"
Quercus,2025-Omega-1,Basel,"0,9","1,0273",03.04.2024,05.05.2024,"81,4286","15,3857","0,1889","0,3782"
Quercus,2025-Omega-1,Basel,"0,91","1,0403",03.04.2024,05.05.2024,"80,7392","15,1328","0,1874","0,38"
Quercus,2025-Omega-1,Basel,"0,92","1,0533",03.04.2024,05.05.2024,"79,9995","14,8661","0,1858","0,3814"
Quercus,2025-Omega-1,Basel,"0,93","1,0684",03.04.2024,05.05.2024,"79,1558","14,5518","0,1838","0,3831"
Quercus,2025-Omega-1,Basel,"0,94","1,0865",03.04.2024,05.05.2024,"78,2043","14,2213","0,1818","0,3845"
Quercus,2025-Omega-1,Basel,"0,95","1,1095",03.04.2024,05.05.2024,"77,0488","13,8165","0,1793","0,3868"
Quercus,2025-Omega-1,Basel,"0,96","1,1405",03.04.2024,05.05.2024,"75,6624","13,3402","0,1763","0,3903"
Quercus,2025-Omega-1,Basel,"0,97","1,1776",03.04.2024,05.05.2024,"73,9607","12,7568","0,1725","0,3936"
Quercus,2025-Omega-1,Basel,"0,98","1,2325",03.04.2024,05.05.2024,"71,5901","11,9748","0,1673","0,4004"
Quercus,2025-Omega-1,Basel,"0,99","1,3378",03.04.2024,05.05.2024,"67,5422","10,7143","0,1586","0,4112"
Quercus,2025-Omega-1,Basel,"0,999","1,7862",03.04.2024,05.05.2024,"54,8443","7,161","0,1306","0,4406"
Quercus,2025-Omega-1,Basel,"0,9999","2,4487",03.04.2024,05.05.2024,"43,2212","4,5081","0,1043","0,4711"
Quercus,2025-Omega-1,Basel,1,"3,4047",03.04.2024,05.05.2024,"33,0564","2,5946","0,0785","0,5041"
Quercus,2025-Omega-1,Basel,1,"4,8242",03.04.2024,05.05.2024,"24,0755","1,3224","0,0549","0,5435"
Quercus,2025-Omega-1,Basel,1,"6,3274",03.04.2024,05.05.2024,"18,4271","0,7225","0,0392","0,5714"
Taxus,2025-Omega-1,Basel,0,"3,0239",03.02.2024,18.03.2024,"121,0917","6,338","0,0523","0,6766"
Taxus,2025-Omega-1,Basel,"0,2","3,0239",03.02.2024,18.03.2024,"121,0913","6,338","0,0523","0,6766"
Taxus,2025-Omega-1,Basel,"0,4","3,0263",03.02.2024,18.03.2024,"120,9572","6,2519","0,0517","0,6782"
Taxus,2025-Omega-1,Basel,"0,6","3,0855",03.02.2024,18.03.2024,"118,1818","5,5226","0,0467","0,6844"
Taxus,2025-Omega-1,Basel,"0,75","3,1806",03.02.2024,18.03.2024,"114,1556","4,8079","0,0421","0,6911"
Taxus,2025-Omega-1,Basel,"0,8","3,2216",03.02.2024,18.03.2024,"112,454","4,5266","0,0403","0,6939"
Taxus,2025-Omega-1,Basel,"0,85","3,2777",03.02.2024,18.03.2024,"110,2732","4,2172","0,0382","0,6961"
Taxus,2025-Omega-1,Basel,"0,9","3,3575",03.02.2024,18.03.2024,"107,3092","3,8384","0,0358","0,698"
Taxus,2025-Omega-1,Basel,"0,91","3,3787",03.02.2024,18.03.2024,"106,5675","3,7411","0,0351","0,6995"
Taxus,2025-Omega-1,Basel,"0,92","3,4027",03.02.2024,18.03.2024,"105,7261","3,6489","0,0345","0,6996"
Taxus,2025-Omega-1,Basel,"0,93","3,4306",03.02.2024,18.03.2024,"104,7523","3,5491","0,0339","0,7005"
Taxus,2025-Omega-1,Basel,"0,94","3,4623",03.02.2024,18.03.2024,"103,6675","3,4266","0,0331","0,7015"
Taxus,2025-Omega-1,Basel,"0,95","3,5007",03.02.2024,18.03.2024,"102,3935","3,2985","0,0322","0,7015"
Taxus,2025-Omega-1,Basel,"0,96","3,5496",03.02.2024,18.03.2024,"100,8472","3,1484","0,0312","0,7037"
Taxus,2025-Omega-1,Basel,"0,97","3,616",03.02.2024,18.03.2024,"98,7993","2,9555","0,0299","0,7045"
Taxus,2025-Omega-1,Basel,"0,98","3,7163",03.02.2024,18.03.2024,"95,9162","2,7091","0,0282","0,7053"
Taxus,2025-Omega-1,Basel,"0,99","3,9005",03.02.2024,18.03.2024,"91,0578","2,344","0,0257","0,7032"
Taxus,2025-Omega-1,Basel,"0,999","4,7324",03.02.2024,18.03.2024,"74,3954","1,4227","0,0191","0,7042"
Taxus,2025-Omega-1,Basel,"0,9999","6,1115",03.02.2024,18.03.2024,"57,5043","0,8552","0,0149","0,7042"
Taxus,2025-Omega-1,Basel,1,"8,618",03.02.2024,18.03.2024,"40,8506","0,4877","0,0119","0,7068"
Taxus,2025-Omega-1,Basel,1,"13,8541",03.02.2024,18.03.2024,"25,4942","0,2435","0,0096","0,7092"
Taxus,2025-Omega-1,Basel,1,"22,6449",03.02.2024,18.03.2024,"15,6488","0,1341","0,0086","0,7067"
Alnus,2025-Omega-1,Luzern,0,"8,0112",07.02.2024,02.03.2024,"7,2063","0,4048","0,0562","0,5744"
Alnus,2025-Omega-1,Luzern,"0,2","8,0112",07.02.2024,02.03.2024,"7,2063","0,4048","0,0562","0,5744"
Alnus,2025-Omega-1,Luzern,"0,4","8,0343",07.02.2024,02.03.2024,"7,1764","0,3992","0,0556","0,5756"
Alnus,2025-Omega-1,Luzern,"0,6","8,6013",07.02.2024,02.03.2024,"6,6493","0,3454","0,0519","0,5836"
Alnus,2025-Omega-1,Luzern,"0,75","9,5577",07.02.2024,02.03.2024,"5,9674","0,2865","0,048","0,5891"
Alnus,2025-Omega-1,Luzern,"0,8","10,0106",07.02.2024,02.03.2024,"5,6847","0,2633","0,0463","0,5991"
Alnus,2025-Omega-1,Luzern,"0,85","10,5739",07.02.2024,02.03.2024,"5,3743","0,2377","0,0442","0,5967"
Alnus,2025-Omega-1,Luzern,"0,9","11,4429",07.02.2024,02.03.2024,"4,9639","0,2078","0,0419","0,6134"
Alnus,2025-Omega-1,Luzern,"0,91","11,66",07.02.2024,02.03.2024,"4,8646","0,2014","0,0414","0,6101"
Alnus,2025-Omega-1,Luzern,"0,92","11,9378",07.02.2024,02.03.2024,"4,7507","0,1938","0,0408","0,6088"
Alnus,2025-Omega-1,Luzern,"0,93","12,2023",07.02.2024,02.03.2024,"4,6361","0,187","0,0403","0,6049"
Alnus,2025-Omega-1,Luzern,"0,94","12,5268",07.02.2024,02.03.2024,"4,5035","0,1792","0,0398","0,6042"
Alnus,2025-Omega-1,Luzern,"0,95","12,994",07.02.2024,02.03.2024,"4,3472","0,1716","0,0395","0,6074"
Alnus,2025-Omega-1,Luzern,"0,96","13,5606",07.02.2024,02.03.2024,"4,157","0,1612","0,0388","0,6092"
Alnus,2025-Omega-1,Luzern,"0,97","14,299",07.02.2024,02.03.2024,"3,9375","0,1477","0,0375","0,6061"
Alnus,2025-Omega-1,Luzern,"0,98","15,3836",07.02.2024,02.03.2024,"3,6493","0,1301","0,0356","0,6193"
Alnus,2025-Omega-1,Luzern,"0,99","17,698",07.02.2024,02.03.2024,"3,1688","0,104","0,0328","0,6346"
Alnus,2025-Omega-1,Luzern,"0,999","29,3833",07.02.2024,02.03.2024,"1,9076","0,0525","0,0275","0,6318"
Alnus,2025-Omega-1,Luzern,"0,9999","53,2341",07.02.2024,02.03.2024,"1,0417","0,0249","0,0239","0,6526"
Alnus,2025-Omega-1,Luzern,1,"116,8413",07.02.2024,02.03.2024,"0,4729","0,0094","0,0199","0,704"
Alnus,2025-Omega-1,Luzern,1,"302,126",07.02.2024,02.03.2024,"0,1826","0,0034","0,0187","0,5823"
Alnus,2025-Omega-1,Luzern,1,"612,5521",07.02.2024,02.03.2024,"0,0812","0,0011","0,014","0,5427"
Betula,2025-Omega-1,Luzern,0,"27,3812",25.03.2024,19.04.2024,"10,7035","0,2399","0,0224","0,6056"
Betula,2025-Omega-1,Luzern,"0,2","27,3812",25.03.2024,19.04.2024,"10,7035","0,2399","0,0224","0,6056"
Betula,2025-Omega-1,Luzern,"0,4","27,6523",25.03.2024,19.04.2024,"10,602","0,2353","0,0222","0,6021"
Betula,2025-Omega-1,Luzern,"0,6","30,672",25.03.2024,19.04.2024,"9,5316","0,1913","0,0201","0,6106"
Betula,2025-Omega-1,Luzern,"0,75","34,6845",25.03.2024,19.04.2024,"8,4158","0,1558","0,0185","0,624"
Betula,2025-Omega-1,Luzern,"0,8","36,4813",25.03.2024,19.04.2024,"7,989","0,1442","0,018","0,6227"
Betula,2025-Omega-1,Luzern,"0,85","38,7336",25.03.2024,19.04.2024,"7,5129","0,1307","0,0174","0,6321"
Betula,2025-Omega-1,Luzern,"0,9","42,0876",25.03.2024,19.04.2024,"6,8858","0,1116","0,0162","0,6386"
Betula,2025-Omega-1,Luzern,"0,91","42,9584",25.03.2024,19.04.2024,"6,7409","0,108","0,016","0,636"
Betula,2025-Omega-1,Luzern,"0,92","43,9534",25.03.2024,19.04.2024,"6,5786","0,1037","0,0158","0,6374"
Betula,2025-Omega-1,Luzern,"0,93","45,1989",25.03.2024,19.04.2024,"6,3996","0,0984","0,0154","0,6401"
Betula,2025-Omega-1,Luzern,"0,94","46,4972",25.03.2024,19.04.2024,"6,2173","0,0919","0,0148","0,645"
Betula,2025-Omega-1,Luzern,"0,95","48,0663",25.03.2024,19.04.2024,"6,0016","0,0873","0,0146","0,6384"
Betula,2025-Omega-1,Luzern,"0,96","50,2479",25.03.2024,19.04.2024,"5,7325","0,0812","0,0142","0,6325"
Betula,2025-Omega-1,Luzern,"0,97","53,2629",25.03.2024,19.04.2024,"5,4065","0,0756","0,014","0,6342"
Betula,2025-Omega-1,Luzern,"0,98","57,4177",25.03.2024,19.04.2024,"4,9738","0,0684","0,0138","0,6272"
Betula,2025-Omega-1,Luzern,"0,99","65,4596",25.03.2024,19.04.2024,"4,346","0,0555","0,0128","0,6338"
Betula,2025-Omega-1,Luzern,"0,999","109,2475",25.03.2024,19.04.2024,"2,6011","0,0266","0,0102","0,6587"
Betula,2025-Omega-1,Luzern,"0,9999","191,0584",25.03.2024,19.04.2024,"1,4752","0,0118","0,008","0,6489"
Betula,2025-Omega-1,Luzern,1,"372,7057",25.03.2024,19.04.2024,"0,7439","0,0046","0,0062","0,6574"
Betula,2025-Omega-1,Luzern,1,"808,9691",25.03.2024,19.04.2024,"0,3252","0,0017","0,0053","0,6664"
Betula,2025-Omega-1,Luzern,1,1000,25.03.2024,19.04.2024,"0,1636","0,0011","0,007","0,6128"
Corylus,2025-Omega-1,Luzern,0,"21,2312",21.01.2024,24.02.2024,"3,8526","0,6047","0,157","0,5391"
Corylus,2025-Omega-1,Luzern,"0,2","21,2312",21.01.2024,24.02.2024,"3,8526","0,6047","0,157","0,5391"
Corylus,2025-Omega-1,Luzern,"0,4","21,4525",21.01.2024,24.02.2024,"3,809","0,5928","0,1556","0,541"
Corylus,2025-Omega-1,Luzern,"0,6","23,9587",21.01.2024,24.02.2024,"3,3844","0,4971","0,1469","0,5564"
Corylus,2025-Omega-1,Luzern,"0,75","27,4674",21.01.2024,24.02.2024,"2,9388","0,4058","0,1381","0,5559"
Corylus,2025-Omega-1,Luzern,"0,8","29,1766",21.01.2024,24.02.2024,"2,7568","0,3691","0,1339","0,5589"
Corylus,2025-Omega-1,Luzern,"0,85","31,1642",21.01.2024,24.02.2024,"2,5628","0,332","0,1296","0,5622"
Corylus,2025-Omega-1,Luzern,"0,9","34,1307",21.01.2024,24.02.2024,"2,3262","0,2884","0,124","0,5747"
Corylus,2025-Omega-1,Luzern,"0,91","35,0933",21.01.2024,24.02.2024,"2,2657","0,2772","0,1223","0,5785"
Corylus,2025-Omega-1,Luzern,"0,92","36,171",21.01.2024,24.02.2024,"2,1968","0,2665","0,1213","0,5818"
Corylus,2025-Omega-1,Luzern,"0,93","37,3963",21.01.2024,24.02.2024,"2,1283","0,254","0,1193","0,5823"
Corylus,2025-Omega-1,Luzern,"0,94","38,789",21.01.2024,24.02.2024,"2,046","0,2414","0,118","0,5811"
Corylus,2025-Omega-1,Luzern,"0,95","40,657",21.01.2024,24.02.2024,"1,9537","0,2272","0,1163","0,5844"
Corylus,2025-Omega-1,Luzern,"0,96","42,9466",21.01.2024,24.02.2024,"1,8456","0,2137","0,1158","0,5869"
Corylus,2025-Omega-1,Luzern,"0,97","46,0199",21.01.2024,24.02.2024,"1,7156","0,196","0,1142","0,5929"
Corylus,2025-Omega-1,Luzern,"0,98","52,1889",21.01.2024,24.02.2024,"1,5138","0,1707","0,1128","0,5982"
Corylus,2025-Omega-1,Luzern,"0,99","63,5677",21.01.2024,24.02.2024,"1,2355","0,13","0,1052","0,6098"
Corylus,2025-Omega-1,Luzern,"0,999","126,566",21.01.2024,24.02.2024,"0,5688","0,0508","0,0893","0,624"
Corylus,2025-Omega-1,Luzern,"0,9999","314,8317",21.01.2024,24.02.2024,"0,2158","0,0191","0,0885","0,6161"
Corylus,2025-Omega-1,Luzern,1,1000,21.01.2024,24.02.2024,"0,059","0,0057","0,0972","0,5022"
Corylus,2025-Omega-1,Luzern,1,1000,21.01.2024,24.02.2024,"0,0109","0,0012","0,1136","0,3063"
Corylus,2025-Omega-1,Luzern,1,1000,21.01.2024,24.02.2024,"0,004","0,0006","0,1563","0,1699"
Cupressaceae,2025-Omega-1,Luzern,0,"1,0491",15.02.2024,08.03.2024,"7,8283","7,6507","0,9773","0,4427"
Cupressaceae,2025-Omega-1,Luzern,"0,2","1,0491",15.02.2024,08.03.2024,"7,8283","7,6507","0,9773","0,4427"
Cupressaceae,2025-Omega-1,Luzern,"0,4","1,0571",15.02.2024,08.03.2024,"7,7752","7,6157","0,9795","0,4416"
Cupressaceae,2025-Omega-1,Luzern,"0,6","1,1568",15.02.2024,08.03.2024,"7,1197","7,1449","1,0035","0,4424"
Cupressaceae,2025-Omega-1,Luzern,"0,75","1,2891",15.02.2024,08.03.2024,"6,3482","6,5614","1,0336","0,4414"
Cupressaceae,2025-Omega-1,Luzern,"0,8","1,3421",15.02.2024,08.03.2024,"6,0577","6,3322","1,0453","0,4403"
Cupressaceae,2025-Omega-1,Luzern,"0,85","1,4055",15.02.2024,08.03.2024,"5,7109","6,0761","1,064","0,4366"
Cupressaceae,2025-Omega-1,Luzern,"0,9","1,5121",15.02.2024,08.03.2024,"5,2618","5,7197","1,087","0,438"
Cupressaceae,2025-Omega-1,Luzern,"0,91","1,5342",15.02.2024,08.03.2024,"5,1695","5,6343","1,0899","0,4381"
Cupressaceae,2025-Omega-1,Luzern,"0,92","1,5641",15.02.2024,08.03.2024,"5,0589","5,5344","1,094","0,4378"
Cupressaceae,2025-Omega-1,Luzern,"0,93","1,6006",15.02.2024,08.03.2024,"4,9318","5,4302","1,1011","0,4373"
Cupressaceae,2025-Omega-1,Luzern,"0,94","1,6455",15.02.2024,08.03.2024,"4,7936","5,3172","1,1092","0,4389"
Cupressaceae,2025-Omega-1,Luzern,"0,95","1,6817",15.02.2024,08.03.2024,"4,648","5,1856","1,1157","0,4362"
Cupressaceae,2025-Omega-1,Luzern,"0,96","1,7417",15.02.2024,08.03.2024,"4,481","5,025","1,1214","0,4331"
Cupressaceae,2025-Omega-1,Luzern,"0,97","1,8172",15.02.2024,08.03.2024,"4,2776","4,8354","1,1304","0,432"
Cupressaceae,2025-Omega-1,Luzern,"0,98","1,9214",15.02.2024,08.03.2024,"4,0183","4,5564","1,1339","0,4369"
Cupressaceae,2025-Omega-1,Luzern,"0,99","2,1215",15.02.2024,08.03.2024,"3,5423","4,1282","1,1654","0,4375"
Cupressaceae,2025-Omega-1,Luzern,"0,999","2,8947",15.02.2024,08.03.2024,"2,3057","2,8773","1,2479","0,4259"
Cupressaceae,2025-Omega-1,Luzern,"0,9999","3,8478",15.02.2024,08.03.2024,"1,4764","1,8896","1,2799","0,4281"
Cupressaceae,2025-Omega-1,Luzern,1,"5,2716",15.02.2024,08.03.2024,"0,8724","1,1519","1,3204","0,4166"
Cupressaceae,2025-Omega-1,Luzern,1,"6,8884",15.02.2024,08.03.2024,"0,4945","0,6429","1,3001","0,4338"
Cupressaceae,2025-Omega-1,Luzern,1,"8,619",15.02.2024,08.03.2024,"0,2838","0,3852","1,3571","0,4023"
Fagus,2025-Omega-1,Luzern,0,"0,5296",06.04.2024,16.05.2024,"10,8944","2,6349","0,2419","0,288"
Fagus,2025-Omega-1,Luzern,"0,2","0,5296",06.04.2024,16.05.2024,"10,8944","2,6349","0,2419","0,288"
Fagus,2025-Omega-1,Luzern,"0,4","0,5337",06.04.2024,16.05.2024,"10,8051","2,6064","0,2412","0,2891"
Fagus,2025-Omega-1,Luzern,"0,6","0,6025",06.04.2024,16.05.2024,"9,7544","2,285","0,2343","0,3011"
Fagus,2025-Omega-1,Luzern,"0,75","0,7029",06.04.2024,16.05.2024,"8,5831","1,9353","0,2255","0,3145"
Fagus,2025-Omega-1,Luzern,"0,8","0,747",06.04.2024,16.05.2024,"8,1318","1,7954","0,2208","0,3178"
Fagus,2025-Omega-1,Luzern,"0,85","0,8126",06.04.2024,16.05.2024,"7,5927","1,64","0,216","0,3248"
Fagus,2025-Omega-1,Luzern,"0,9","0,9162",06.04.2024,16.05.2024,"6,9059","1,4513","0,2102","0,3353"
Fagus,2025-Omega-1,Luzern,"0,91","0,9451",06.04.2024,16.05.2024,"6,7398","1,4061","0,2086","0,3364"
Fagus,2025-Omega-1,Luzern,"0,92","0,9797",06.04.2024,16.05.2024,"6,5412","1,3516","0,2066","0,3388"
Fagus,2025-Omega-1,Luzern,"0,93","1,0159",06.04.2024,16.05.2024,"6,3431","1,2898","0,2033","0,3406"
Fagus,2025-Omega-1,Luzern,"0,94","1,0581",06.04.2024,16.05.2024,"6,1444","1,2327","0,2006","0,343"
Fagus,2025-Omega-1,Luzern,"0,95","1,1085",06.04.2024,16.05.2024,"5,9204","1,1711","0,1978","0,3476"
Fagus,2025-Omega-1,Luzern,"0,96","1,1849",06.04.2024,16.05.2024,"5,6189","1,0902","0,194","0,3569"
Fagus,2025-Omega-1,Luzern,"0,97","1,2794",06.04.2024,16.05.2024,"5,2737","0,9948","0,1886","0,3654"
Fagus,2025-Omega-1,Luzern,"0,98","1,4338",06.04.2024,16.05.2024,"4,8046","0,8753","0,1822","0,3772"
Fagus,2025-Omega-1,Luzern,"0,99","1,7605",06.04.2024,16.05.2024,"4,0631","0,6962","0,1714","0,39"
Fagus,2025-Omega-1,Luzern,"0,999","3,4441",06.04.2024,16.05.2024,"2,3202","0,294","0,1267","0,4511"
Fagus,2025-Omega-1,Luzern,"0,9999","6,4975",06.04.2024,16.05.2024,"1,3221","0,1138","0,0861","0,53"
Fagus,2025-Omega-1,Luzern,1,"10,3884",06.04.2024,16.05.2024,"0,8279","0,0373","0,0451","0,5974"
Fagus,2025-Omega-1,Luzern,1,"15,1565",06.04.2024,16.05.2024,"0,5708","0,0152","0,0267","0,6651"
Fagus,2025-Omega-1,Luzern,1,"19,0802",06.04.2024,16.05.2024,"0,4493","0,0069","0,0153","0,7346"
Fraxinus,2025-Omega-1,Luzern,0,"1,0677",22.03.2024,12.04.2024,"70,3413","13,8633","0,1971","0,435"
Fraxinus,2025-Omega-1,Luzern,"0,2","1,0677",22.03.2024,12.04.2024,"70,3413","13,8633","0,1971","0,435"
Fraxinus,2025-Omega-1,Luzern,"0,4","1,0713",22.03.2024,12.04.2024,"70,1362","13,8038","0,1968","0,4358"
Fraxinus,2025-Omega-1,Luzern,"0,6","1,124",22.03.2024,12.04.2024,"67,1087","12,8717","0,1918","0,4396"
Fraxinus,2025-Omega-1,Luzern,"0,75","1,193",22.03.2024,12.04.2024,"63,3992","11,7371","0,1851","0,443"
Fraxinus,2025-Omega-1,Luzern,"0,8","1,2224",22.03.2024,12.04.2024,"61,9163","11,2632","0,1819","0,4462"
Fraxinus,2025-Omega-1,Luzern,"0,85","1,2595",22.03.2024,12.04.2024,"60,2085","10,7241","0,1781","0,4501"
Fraxinus,2025-Omega-1,Luzern,"0,9","1,3114",22.03.2024,12.04.2024,"57,912","10,0053","0,1728","0,4513"
Fraxinus,2025-Omega-1,Luzern,"0,91","1,325",22.03.2024,12.04.2024,"57,3344","9,8456","0,1717","0,4508"
Fraxinus,2025-Omega-1,Luzern,"0,92","1,3404",22.03.2024,12.04.2024,"56,7035","9,655","0,1703","0,4517"
Fraxinus,2025-Omega-1,Luzern,"0,93","1,3571",22.03.2024,12.04.2024,"56,0215","9,4444","0,1686","0,4523"
Fraxinus,2025-Omega-1,Luzern,"0,94","1,3768",22.03.2024,12.04.2024,"55,2411","9,1959","0,1665","0,4524"
Fraxinus,2025-Omega-1,Luzern,"0,95","1,4",22.03.2024,12.04.2024,"54,3493","8,9221","0,1642","0,4545"
Fraxinus,2025-Omega-1,Luzern,"0,96","1,4279",22.03.2024,12.04.2024,"53,2681","8,6015","0,1615","0,4544"
Fraxinus,2025-Omega-1,Luzern,"0,97","1,4646",22.03.2024,12.04.2024,"51,9492","8,2139","0,1581","0,4574"
Fraxinus,2025-Omega-1,Luzern,"0,98","1,517",22.03.2024,12.04.2024,"50,1586","7,6847","0,1532","0,4594"
Fraxinus,2025-Omega-1,Luzern,"0,99","1,6125",22.03.2024,12.04.2024,"47,2371","6,8482","0,145","0,464"
Fraxinus,2025-Omega-1,Luzern,"0,999","1,9617",22.03.2024,12.04.2024,"38,7979","4,5331","0,1168","0,4829"
Fraxinus,2025-Omega-1,Luzern,"0,9999","2,3852",22.03.2024,12.04.2024,"31,8673","2,9091","0,0913","0,495"
Fraxinus,2025-Omega-1,Luzern,1,"2,9093",22.03.2024,12.04.2024,"26,2727","1,8177","0,0692","0,5089"
Fraxinus,2025-Omega-1,Luzern,1,"3,5917",22.03.2024,12.04.2024,"21,5077","1,0953","0,0509","0,5261"
Fraxinus,2025-Omega-1,Luzern,1,"4,2588",22.03.2024,12.04.2024,"18,28","0,7396","0,0405","0,5354"
Pinaceae,2025-Omega-1,Luzern,0,"5,2965",06.04.2024,22.04.2024,"11,4351","2,8752","0,2514","0,715"
Pinaceae,2025-Omega-1,Luzern,"0,2","5,2965",06.04.2024,22.04.2024,"11,4351","2,8752","0,2514","0,715"
Pinaceae,2025-Omega-1,Luzern,"0,4","5,302",06.04.2024,22.04.2024,"11,4147","2,87","0,2514","0,7168"
Pinaceae,2025-Omega-1,Luzern,"0,6","5,3336",06.04.2024,22.04.2024,"11,2983","2,8008","0,2479","0,7243"
Pinaceae,2025-Omega-1,Luzern,"0,75","5,3795",06.04.2024,22.04.2024,"11,1604","2,7248","0,2441","0,7333"
Pinaceae,2025-Omega-1,Luzern,"0,8","5,3994",06.04.2024,22.04.2024,"11,1012","2,6956","0,2428","0,7351"
Pinaceae,2025-Omega-1,Luzern,"0,85","5,414",06.04.2024,22.04.2024,"11,0562","2,6583","0,2404","0,7356"
Pinaceae,2025-Omega-1,Luzern,"0,9","5,439",06.04.2024,22.04.2024,"10,9817","2,6124","0,2379","0,738"
Pinaceae,2025-Omega-1,Luzern,"0,91","5,4436",06.04.2024,22.04.2024,"10,9725","2,6006","0,237","0,7391"
Pinaceae,2025-Omega-1,Luzern,"0,92","5,4487",06.04.2024,22.04.2024,"10,9582","2,5893","0,2363","0,7391"
Pinaceae,2025-Omega-1,Luzern,"0,93","5,4515",06.04.2024,22.04.2024,"10,9449","2,5759","0,2354","0,7408"
Pinaceae,2025-Omega-1,Luzern,"0,94","5,4584",06.04.2024,22.04.2024,"10,9296","2,5592","0,2342","0,742"
Pinaceae,2025-Omega-1,Luzern,"0,95","5,4671",06.04.2024,22.04.2024,"10,9","2,5421","0,2332","0,7432"
Pinaceae,2025-Omega-1,Luzern,"0,96","5,4764",06.04.2024,22.04.2024,"10,8785","2,5217","0,2318","0,7436"
Pinaceae,2025-Omega-1,Luzern,"0,97","5,4877",06.04.2024,22.04.2024,"10,8499","2,4935","0,2298","0,7466"
Pinaceae,2025-Omega-1,Luzern,"0,98","5,4956",06.04.2024,22.04.2024,"10,8173","2,4592","0,2273","0,7469"
Pinaceae,2025-Omega-1,Luzern,"0,99","5,5103",06.04.2024,22.04.2024,"10,755","2,4027","0,2234","0,7478"
Pinaceae,2025-Omega-1,Luzern,"0,999","5,5475",06.04.2024,22.04.2024,"10,6385","2,2275","0,2094","0,7477"
Pinaceae,2025-Omega-1,Luzern,"0,9999","5,5758",06.04.2024,22.04.2024,"10,5466","2,0742","0,1967","0,756"
Pinaceae,2025-Omega-1,Luzern,1,"5,5917",06.04.2024,22.04.2024,"10,4935","1,908","0,1818","0,7664"
Pinaceae,2025-Omega-1,Luzern,1,"5,6151",06.04.2024,22.04.2024,"10,4363","1,7184","0,1647","0,7755"
Pinaceae,2025-Omega-1,Luzern,1,"5,6305",06.04.2024,22.04.2024,"10,3945","1,5625","0,1503","0,7869"
Platanus,2025-Omega-1,Luzern,0,"4,2635",06.04.2024,18.04.2024,"8,2427","0,6979","0,0847","0,3444"
Platanus,2025-Omega-1,Luzern,"0,2","4,2635",06.04.2024,18.04.2024,"8,2427","0,6979","0,0847","0,3444"
Platanus,2025-Omega-1,Luzern,"0,4","4,2897",06.04.2024,18.04.2024,"8,1946","0,6901","0,0842","0,3434"
Platanus,2025-Omega-1,Luzern,"0,6","4,5356",06.04.2024,18.04.2024,"7,6937","0,6012","0,0781","0,341"
Platanus,2025-Omega-1,Luzern,"0,75","4,8776",06.04.2024,18.04.2024,"7,1381","0,5051","0,0708","0,3493"
Platanus,2025-Omega-1,Luzern,"0,8","5,029",06.04.2024,18.04.2024,"6,9311","0,4764","0,0687","0,3551"
Platanus,2025-Omega-1,Luzern,"0,85","5,2166",06.04.2024,18.04.2024,"6,6787","0,4322","0,0647","0,3612"
Platanus,2025-Omega-1,Luzern,"0,9","5,4843",06.04.2024,18.04.2024,"6,3329","0,3767","0,0595","0,3657"
Platanus,2025-Omega-1,Luzern,"0,91","5,527",06.04.2024,18.04.2024,"6,2567","0,3658","0,0585","0,3664"
Platanus,2025-Omega-1,Luzern,"0,92","5,6081",06.04.2024,18.04.2024,"6,1699","0,356","0,0577","0,3611"
Platanus,2025-Omega-1,Luzern,"0,93","5,7001",06.04.2024,18.04.2024,"6,0698","0,3464","0,0571","0,3643"
Platanus,2025-Omega-1,Luzern,"0,94","5,7978",06.04.2024,18.04.2024,"5,9576","0,3315","0,0557","0,3532"
Platanus,2025-Omega-1,Luzern,"0,95","5,8981",06.04.2024,18.04.2024,"5,8534","0,3208","0,0548","0,354"
Platanus,2025-Omega-1,Luzern,"0,96","6,0378",06.04.2024,18.04.2024,"5,7025","0,3031","0,0532","0,3621"
Platanus,2025-Omega-1,Luzern,"0,97","6,2084",06.04.2024,18.04.2024,"5,5249","0,2713","0,0491","0,3641"
Platanus,2025-Omega-1,Luzern,"0,98","6,4302",06.04.2024,18.04.2024,"5,3192","0,2488","0,0468","0,3689"
Platanus,2025-Omega-1,Luzern,"0,99","6,835",06.04.2024,18.04.2024,"4,9426","0,2198","0,0445","0,3777"
Platanus,2025-Omega-1,Luzern,"0,999","8,5617",06.04.2024,18.04.2024,"3,8208","0,1258","0,0329","0,4194"
Platanus,2025-Omega-1,Luzern,"0,9999","11,1634",06.04.2024,18.04.2024,"2,8619","0,0682","0,0238","0,4457"
Platanus,2025-Omega-1,Luzern,1,"14,814",06.04.2024,18.04.2024,"2,0726","0,035","0,0169","0,505"
Platanus,2025-Omega-1,Luzern,1,"21,769",06.04.2024,18.04.2024,"1,3889","0,0175","0,0126","0,5339"
Platanus,2025-Omega-1,Luzern,1,"31,1426",06.04.2024,18.04.2024,"0,9482","0,0086","0,009","0,5565"
Poaceae,2025-Omega-1,Luzern,0,"5,0624",05.04.2024,10.06.2024,"12,9481","5,7186","0,4417","0,4634"
Poaceae,2025-Omega-1,Luzern,"0,2","5,0624",05.04.2024,10.06.2024,"12,9481","5,7186","0,4417","0,4634"
Poaceae,2025-Omega-1,Luzern,"0,4","5,0728",05.04.2024,10.06.2024,"12,9286","5,707","0,4414","0,4637"
Poaceae,2025-Omega-1,Luzern,"0,6","5,2293",05.04.2024,10.06.2024,"12,6069","5,4829","0,4349","0,47"
Poaceae,2025-Omega-1,Luzern,"0,75","5,4274",05.04.2024,10.06.2024,"12,2198","5,1854","0,4243","0,4799"
Poaceae,2025-Omega-1,Luzern,"0,8","5,5092",05.04.2024,10.06.2024,"12,0619","5,0751","0,4208","0,4811"
Poaceae,2025-Omega-1,Luzern,"0,85","5,6016",05.04.2024,10.06.2024,"11,8842","4,9463","0,4162","0,4848"
Poaceae,2025-Omega-1,Luzern,"0,9","5,7251",05.04.2024,10.06.2024,"11,6532","4,7881","0,4109","0,4872"
Poaceae,2025-Omega-1,Luzern,"0,91","5,7588",05.04.2024,10.06.2024,"11,5946","4,7451","0,4093","0,4885"
Poaceae,2025-Omega-1,Luzern,"0,92","5,7859",05.04.2024,10.06.2024,"11,5427","4,7053","0,4076","0,4891"
Poaceae,2025-Omega-1,Luzern,"0,93","5,8227",05.04.2024,10.06.2024,"11,4763","4,6576","0,4058","0,4907"
Poaceae,2025-Omega-1,Luzern,"0,94","5,8627",05.04.2024,10.06.2024,"11,405","4,6063","0,4039","0,4907"
Poaceae,2025-Omega-1,Luzern,"0,95","5,9149",05.04.2024,10.06.2024,"11,3101","4,5463","0,402","0,4926"
Poaceae,2025-Omega-1,Luzern,"0,96","5,9735",05.04.2024,10.06.2024,"11,2059","4,476","0,3994","0,493"
Poaceae,2025-Omega-1,Luzern,"0,97","6,0514",05.04.2024,10.06.2024,"11,0682","4,3814","0,3959","0,4953"
Poaceae,2025-Omega-1,Luzern,"0,98","6,1645",05.04.2024,10.06.2024,"10,8754","4,2709","0,3927","0,4997"
Poaceae,2025-Omega-1,Luzern,"0,99","6,339",05.04.2024,10.06.2024,"10,5791","4,0843","0,3861","0,5037"
Poaceae,2025-Omega-1,Luzern,"0,999","6,9455",05.04.2024,10.06.2024,"9,662","3,5273","0,3651","0,5203"
Poaceae,2025-Omega-1,Luzern,"0,9999","7,6217",05.04.2024,10.06.2024,"8,7596","3,0674","0,3502","0,5288"
Poaceae,2025-Omega-1,Luzern,1,"8,3993",05.04.2024,10.06.2024,"7,8805","2,6503","0,3363","0,5402"
Poaceae,2025-Omega-1,Luzern,1,"9,3692",05.04.2024,10.06.2024,"6,9885","2,2573","0,323","0,5431"
Poaceae,2025-Omega-1,Luzern,1,"10,3096",05.04.2024,10.06.2024,"6,2844","1,9609","0,312","0,5477"
Quercus,2025-Omega-1,Luzern,0,"23,5838",07.04.2024,08.05.2024,"4,0399","1,0133","0,2508","0,1629"
Quercus,2025-Omega-1,Luzern,"0,2","23,5838",07.04.2024,08.05.2024,"4,0399","1,0133","0,2508","0,1629"
Quercus,2025-Omega-1,Luzern,"0,4","23,949",07.04.2024,08.05.2024,"3,9868","1,0012","0,2511","0,1638"
Quercus,2025-Omega-1,Luzern,"0,6","26,7634",07.04.2024,08.05.2024,"3,5734","0,8945","0,2503","0,1613"
Quercus,2025-Omega-1,Luzern,"0,75","30,3374",07.04.2024,08.05.2024,"3,1545","0,7705","0,2442","0,159"
Quercus,2025-Omega-1,Luzern,"0,8","31,876",07.04.2024,08.05.2024,"3,0021","0,7267","0,2421","0,1643"
Quercus,2025-Omega-1,Luzern,"0,85","33,9751",07.04.2024,08.05.2024,"2,8192","0,6697","0,2375","0,1676"
Quercus,2025-Omega-1,Luzern,"0,9","37,0304",07.04.2024,08.05.2024,"2,5799","0,6095","0,2363","0,1765"
Quercus,2025-Omega-1,Luzern,"0,91","37,7167",07.04.2024,08.05.2024,"2,5289","0,5961","0,2357","0,1743"
Quercus,2025-Omega-1,Luzern,"0,92","38,2851",07.04.2024,08.05.2024,"2,4888","0,5787","0,2325","0,1774"
Quercus,2025-Omega-1,Luzern,"0,93","39,5192",07.04.2024,08.05.2024,"2,4123","0,5626","0,2332","0,1804"
Quercus,2025-Omega-1,Luzern,"0,94","40,7328",07.04.2024,08.05.2024,"2,3461","0,5417","0,2309","0,1829"
Quercus,2025-Omega-1,Luzern,"0,95","42,012",07.04.2024,08.05.2024,"2,2745","0,5223","0,2296","0,1911"
Quercus,2025-Omega-1,Luzern,"0,96","43,6692",07.04.2024,08.05.2024,"2,1855","0,4968","0,2273","0,1984"
Quercus,2025-Omega-1,Luzern,"0,97","45,8044",07.04.2024,08.05.2024,"2,0765","0,4669","0,2249","0,1979"
Quercus,2025-Omega-1,Luzern,"0,98","49,1317",07.04.2024,08.05.2024,"1,93","0,4269","0,2212","0,2072"
Quercus,2025-Omega-1,Luzern,"0,99","55,2484",07.04.2024,08.05.2024,"1,7081","0,3645","0,2134","0,2129"
Quercus,2025-Omega-1,Luzern,"0,999","83,5224",07.04.2024,08.05.2024,"1,1176","0,2163","0,1936","0,2333"
Quercus,2025-Omega-1,Luzern,"0,9999","128,4669",07.04.2024,08.05.2024,"0,714","0,1235","0,173","0,245"
Quercus,2025-Omega-1,Luzern,1,"203,0498",07.04.2024,08.05.2024,"0,4373","0,0664","0,1519","0,2817"
Quercus,2025-Omega-1,Luzern,1,"356,1482",07.04.2024,08.05.2024,"0,2404","0,0323","0,1344","0,2805"
Quercus,2025-Omega-1,Luzern,1,"569,908",07.04.2024,08.05.2024,"0,1449","0,0168","0,1157","0,3251"
Taxus,2025-Omega-1,Luzern,0,"10,9926",10.02.2024,13.03.2024,"20,1699","0,4642","0,023","0,5292"
Taxus,2025-Omega-1,Luzern,"0,2","10,9926",10.02.2024,13.03.2024,"20,1699","0,4642","0,023","0,5292"
Taxus,2025-Omega-1,Luzern,"0,4","11,0207",10.02.2024,13.03.2024,"20,1166","0,4594","0,0228","0,5301"
Taxus,2025-Omega-1,Luzern,"0,6","11,8316",10.02.2024,13.03.2024,"18,6932","0,4071","0,0218","0,5279"
Taxus,2025-Omega-1,Luzern,"0,75","13,1043",10.02.2024,13.03.2024,"16,8233","0,351","0,0209","0,5251"
Taxus,2025-Omega-1,Luzern,"0,8","13,7058",10.02.2024,13.03.2024,"16,0829","0,3305","0,0206","0,5274"
Taxus,2025-Omega-1,Luzern,"0,85","14,4926",10.02.2024,13.03.2024,"15,1969","0,3076","0,0202","0,5286"
Taxus,2025-Omega-1,Luzern,"0,9","15,5318",10.02.2024,13.03.2024,"14,1326","0,2808","0,0199","0,5315"
Taxus,2025-Omega-1,Luzern,"0,91","15,8172",10.02.2024,13.03.2024,"13,8792","0,2744","0,0198","0,5299"
Taxus,2025-Omega-1,Luzern,"0,92","16,1149",10.02.2024,13.03.2024,"13,5962","0,263","0,0193","0,5308"
Taxus,2025-Omega-1,Luzern,"0,93","16,4962",10.02.2024,13.03.2024,"13,2854","0,2551","0,0192","0,53"
Taxus,2025-Omega-1,Luzern,"0,94","16,88",10.02.2024,13.03.2024,"12,9568","0,2455","0,0189","0,5314"
Taxus,2025-Omega-1,Luzern,"0,95","17,3713",10.02.2024,13.03.2024,"12,579","0,2339","0,0186","0,5309"
Taxus,2025-Omega-1,Luzern,"0,96","18,0567",10.02.2024,13.03.2024,"12,0787","0,2228","0,0184","0,5382"
Taxus,2025-Omega-1,Luzern,"0,97","18,9744",10.02.2024,13.03.2024,"11,4696","0,21","0,0183","0,5373"
Taxus,2025-Omega-1,Luzern,"0,98","20,4049",10.02.2024,13.03.2024,"10,661","0,1914","0,018","0,5366"
Taxus,2025-Omega-1,Luzern,"0,99","23,098",10.02.2024,13.03.2024,"9,4074","0,1637","0,0174","0,5435"
Taxus,2025-Omega-1,Luzern,"0,999","36,5226",10.02.2024,13.03.2024,"5,9057","0,092","0,0156","0,5679"
Taxus,2025-Omega-1,Luzern,"0,9999","61,4758",10.02.2024,13.03.2024,"3,4229","0,0461","0,0135","0,6025"
Taxus,2025-Omega-1,Luzern,1,"120,2024",10.02.2024,13.03.2024,"1,7106","0,0207","0,0121","0,6684"
Taxus,2025-Omega-1,Luzern,1,"274,909",10.02.2024,13.03.2024,"0,709","0,0084","0,0118","0,6604"
Taxus,2025-Omega-1,Luzern,1,"653,934",10.02.2024,13.03.2024,"0,28","0,0029","0,0103","0,6781"
Alnus,2025-Omega-1,Buchs,0,"6,9579",26.01.2024,24.02.2024,"11,54","1,2135","0,1052","0,4162"
Alnus,2025-Omega-1,Buchs,"0,2","6,9579",26.01.2024,24.02.2024,"11,54","1,2134","0,1051","0,4162"
Alnus,2025-Omega-1,Buchs,"0,4","6,9757",26.01.2024,24.02.2024,"11,5053","1,2032","0,1046","0,4164"
Alnus,2025-Omega-1,Buchs,"0,6","7,2559",26.01.2024,24.02.2024,"11,0115","1,0984","0,0998","0,4204"
Alnus,2025-Omega-1,Buchs,"0,75","7,6423",26.01.2024,24.02.2024,"10,3869","0,9775","0,0941","0,4293"
Alnus,2025-Omega-1,Buchs,"0,8","7,8182",26.01.2024,24.02.2024,"10,1276","0,933","0,0921","0,43"
Alnus,2025-Omega-1,Buchs,"0,85","8,0335",26.01.2024,24.02.2024,"9,8157","0,8804","0,0897","0,432"
Alnus,2025-Omega-1,Buchs,"0,9","8,3333",26.01.2024,24.02.2024,"9,4041","0,8154","0,0867","0,4362"
Alnus,2025-Omega-1,Buchs,"0,91","8,4059",26.01.2024,24.02.2024,"9,3109","0,8007","0,086","0,4373"
Alnus,2025-Omega-1,Buchs,"0,92","8,4959",26.01.2024,24.02.2024,"9,1998","0,7838","0,0852","0,438"
Alnus,2025-Omega-1,Buchs,"0,93","8,595",26.01.2024,24.02.2024,"9,0782","0,7642","0,0842","0,4388"
Alnus,2025-Omega-1,Buchs,"0,94","8,7009",26.01.2024,24.02.2024,"8,9439","0,7439","0,0832","0,4398"
Alnus,2025-Omega-1,Buchs,"0,95","8,8601",26.01.2024,24.02.2024,"8,7662","0,7175","0,0818","0,4419"
Alnus,2025-Omega-1,Buchs,"0,96","9,0256",26.01.2024,24.02.2024,"8,5665","0,6903","0,0806","0,443"
Alnus,2025-Omega-1,Buchs,"0,97","9,2783",26.01.2024,24.02.2024,"8,3037","0,6551","0,0789","0,4463"
Alnus,2025-Omega-1,Buchs,"0,98","9,5896",26.01.2024,24.02.2024,"7,9819","0,6056","0,0759","0,4503"
Alnus,2025-Omega-1,Buchs,"0,99","10,2004",26.01.2024,24.02.2024,"7,4279","0,5361","0,0722","0,4565"
Alnus,2025-Omega-1,Buchs,"0,999","12,7642",26.01.2024,24.02.2024,"5,6272","0,3521","0,0626","0,4692"
Alnus,2025-Omega-1,Buchs,"0,9999","17,028",26.01.2024,24.02.2024,"4,018","0,2157","0,0537","0,4825"
Alnus,2025-Omega-1,Buchs,1,"23,5903",26.01.2024,24.02.2024,"2,674","0,1241","0,0464","0,5157"
Alnus,2025-Omega-1,Buchs,1,"34,8316",26.01.2024,24.02.2024,"1,6466","0,0652","0,0396","0,5486"
Alnus,2025-Omega-1,Buchs,1,"50,8482",26.01.2024,24.02.2024,"1,0452","0,0389","0,0372","0,5773"
Betula,2025-Omega-1,Buchs,0,"5,8662",17.03.2024,18.04.2024,"30,8545","2,8311","0,0918","0,3577"
Betula,2025-Omega-1,Buchs,"0,2","5,8662",17.03.2024,18.04.2024,"30,8545","2,8311","0,0918","0,3577"
Betula,2025-Omega-1,Buchs,"0,4","5,8953",17.03.2024,18.04.2024,"30,6908","2,7854","0,0908","0,3596"
Betula,2025-Omega-1,Buchs,"0,6","6,2355",17.03.2024,18.04.2024,"28,9365","2,4525","0,0848","0,3662"
Betula,2025-Omega-1,Buchs,"0,75","6,698",17.03.2024,18.04.2024,"26,817","2,12","0,0791","0,3697"
Betula,2025-Omega-1,Buchs,"0,8","6,9031",17.03.2024,18.04.2024,"25,9625","1,9958","0,0769","0,3715"
Betula,2025-Omega-1,Buchs,"0,85","7,1632",17.03.2024,18.04.2024,"24,977","1,8472","0,074","0,3752"
Betula,2025-Omega-1,Buchs,"0,9","7,5586",17.03.2024,18.04.2024,"23,6268","1,663","0,0704","0,381"
Betula,2025-Omega-1,Buchs,"0,91","7,6516",17.03.2024,18.04.2024,"23,31","1,6177","0,0694","0,3814"
Betula,2025-Omega-1,Buchs,"0,92","7,7696",17.03.2024,18.04.2024,"22,9533","1,5713","0,0685","0,3838"
Betula,2025-Omega-1,Buchs,"0,93","7,8968",17.03.2024,18.04.2024,"22,5634","1,516","0,0672","0,3827"
Betula,2025-Omega-1,Buchs,"0,94","8,0533",17.03.2024,18.04.2024,"22,1278","1,4605","0,066","0,3836"
Betula,2025-Omega-1,Buchs,"0,95","8,2327",17.03.2024,18.04.2024,"21,6195","1,3942","0,0645","0,3859"
Betula,2025-Omega-1,Buchs,"0,96","8,4542",17.03.2024,18.04.2024,"21,0186","1,316","0,0626","0,3884"
Betula,2025-Omega-1,Buchs,"0,97","8,7533",17.03.2024,18.04.2024,"20,2514","1,2302","0,0607","0,3893"
Betula,2025-Omega-1,Buchs,"0,98","9,2243",17.03.2024,18.04.2024,"19,1841","1,1119","0,058","0,3931"
Betula,2025-Omega-1,Buchs,"0,99","10,0797",17.03.2024,18.04.2024,"17,4475","0,9304","0,0533","0,3981"
Betula,2025-Omega-1,Buchs,"0,999","14,138",17.03.2024,18.04.2024,"12,3","0,5057","0,0411","0,4107"
Betula,2025-Omega-1,Buchs,"0,9999","20,9938",17.03.2024,18.04.2024,"8,203","0,2504","0,0305","0,4214"
Betula,2025-Omega-1,Buchs,1,"34,0227",17.03.2024,18.04.2024,"5,0434","0,1129","0,0224","0,4458"
Betula,2025-Omega-1,Buchs,1,"60,9768",17.03.2024,18.04.2024,"2,785","0,0443","0,0159","0,4723"
Betula,2025-Omega-1,Buchs,1,"104,3706",17.03.2024,18.04.2024,"1,6159","0,021","0,013","0,5291"
Corylus,2025-Omega-1,Buchs,0,"8,1963",23.01.2024,16.03.2024,"6,4967","0,8432","0,1298","0,368"
Corylus,2025-Omega-1,Buchs,"0,2","8,1963",23.01.2024,16.03.2024,"6,4967","0,8432","0,1298","0,368"
Corylus,2025-Omega-1,Buchs,"0,4","8,235",23.01.2024,16.03.2024,"6,4651","0,8318","0,1287","0,3679"
Corylus,2025-Omega-1,Buchs,"0,6","8,9101",23.01.2024,16.03.2024,"5,9577","0,715","0,12","0,3756"
Corylus,2025-Omega-1,Buchs,"0,75","9,9411",23.01.2024,16.03.2024,"5,3413","0,5987","0,1121","0,3808"
Corylus,2025-Omega-1,Buchs,"0,8","10,4166",23.01.2024,16.03.2024,"5,0985","0,559","0,1096","0,3809"
Corylus,2025-Omega-1,Buchs,"0,85","11,0048",23.01.2024,16.03.2024,"4,8304","0,5094","0,1055","0,3822"
Corylus,2025-Omega-1,Buchs,"0,9","11,9295",23.01.2024,16.03.2024,"4,4619","0,4507","0,101","0,3846"
Corylus,2025-Omega-1,Buchs,"0,91","12,1704",23.01.2024,16.03.2024,"4,3796","0,4382","0,1001","0,3858"
Corylus,2025-Omega-1,Buchs,"0,92","12,4208",23.01.2024,16.03.2024,"4,2876","0,4238","0,0989","0,3856"
Corylus,2025-Omega-1,Buchs,"0,93","12,7181",23.01.2024,16.03.2024,"4,1825","0,4089","0,0978","0,3869"
Corylus,2025-Omega-1,Buchs,"0,94","13,0948",23.01.2024,16.03.2024,"4,0574","0,3894","0,096","0,3864"
Corylus,2025-Omega-1,Buchs,"0,95","13,5839",23.01.2024,16.03.2024,"3,9137","0,3685","0,0942","0,3843"
Corylus,2025-Omega-1,Buchs,"0,96","14,1499",23.01.2024,16.03.2024,"3,7551","0,3482","0,0927","0,3787"
Corylus,2025-Omega-1,Buchs,"0,97","14,9715",23.01.2024,16.03.2024,"3,5522","0,3236","0,0911","0,3808"
Corylus,2025-Omega-1,Buchs,"0,98","16,1454",23.01.2024,16.03.2024,"3,2786","0,2879","0,0878","0,3826"
Corylus,2025-Omega-1,Buchs,"0,99","18,6587",23.01.2024,16.03.2024,"2,8384","0,2311","0,0814","0,3812"
Corylus,2025-Omega-1,Buchs,"0,999","31,0508",23.01.2024,16.03.2024,"1,6957","0,1124","0,0663","0,4036"
Corylus,2025-Omega-1,Buchs,"0,9999","58,68",23.01.2024,16.03.2024,"0,89","0,0503","0,0565","0,4201"
Corylus,2025-Omega-1,Buchs,1,"137,3592",23.01.2024,16.03.2024,"0,3685","0,0192","0,0522","0,4219"
Corylus,2025-Omega-1,Buchs,1,"493,6591",23.01.2024,16.03.2024,"0,1051","0,0043","0,041","0,5167"
Corylus,2025-Omega-1,Buchs,1,1000,23.01.2024,16.03.2024,"0,0344","0,001","0,0285","0,5304"
Cupressaceae,2025-Omega-1,Buchs,0,"0,7502",03.04.2024,12.04.2024,"13,738","5,5403","0,4033","0,1728"
Cupressaceae,2025-Omega-1,Buchs,"0,2","0,7502",03.04.2024,12.04.2024,"13,738","5,5403","0,4033","0,1728"
Cupressaceae,2025-Omega-1,Buchs,"0,4","0,7558",03.04.2024,12.04.2024,"13,6182","5,4987","0,4038","0,1725"
Cupressaceae,2025-Omega-1,Buchs,"0,6","0,8071",03.04.2024,12.04.2024,"12,5922","5,1286","0,4073","0,1664"
Cupressaceae,2025-Omega-1,Buchs,"0,75","0,8817",03.04.2024,12.04.2024,"11,455","4,7078","0,411","0,1633"
Cupressaceae,2025-Omega-1,Buchs,"0,8","0,9132",03.04.2024,12.04.2024,"10,9255","4,532","0,4148","0,1625"
Cupressaceae,2025-Omega-1,Buchs,"0,85","0,9496",03.04.2024,12.04.2024,"10,4167","4,326","0,4153","0,1608"
Cupressaceae,2025-Omega-1,Buchs,"0,9","1,0042",03.04.2024,12.04.2024,"9,7379","4,0629","0,4172","0,16"
Cupressaceae,2025-Omega-1,Buchs,"0,91","1,021",03.04.2024,12.04.2024,"9,5903","3,9978","0,4169","0,1601"
Cupressaceae,2025-Omega-1,Buchs,"0,92","1,0353",03.04.2024,12.04.2024,"9,3889","3,9306","0,4186","0,1596"
Cupressaceae,2025-Omega-1,Buchs,"0,93","1,0579",03.04.2024,12.04.2024,"9,1875","3,8545","0,4195","0,1616"
Cupressaceae,2025-Omega-1,Buchs,"0,94","1,0755",03.04.2024,12.04.2024,"8,9861","3,7684","0,4194","0,1617"
Cupressaceae,2025-Omega-1,Buchs,"0,95","1,1043",03.04.2024,12.04.2024,"8,7083","3,6697","0,4214","0,16"
Cupressaceae,2025-Omega-1,Buchs,"0,96","1,1377",03.04.2024,12.04.2024,"8,3941","3,5565","0,4237","0,1579"
Cupressaceae,2025-Omega-1,Buchs,"0,97","1,1881",03.04.2024,12.04.2024,"8,0382","3,4125","0,4245","0,1563"
Cupressaceae,2025-Omega-1,Buchs,"0,98","1,2555",03.04.2024,12.04.2024,"7,5243","3,2167","0,4275","0,1542"
Cupressaceae,2025-Omega-1,Buchs,"0,99","1,3953",03.04.2024,12.04.2024,"6,6979","2,8941","0,4321","0,1522"
Cupressaceae,2025-Omega-1,Buchs,"0,999","2,037",03.04.2024,12.04.2024,"4,4583","1,9954","0,4476","0,1469"
Cupressaceae,2025-Omega-1,Buchs,"0,9999","3,3094",03.04.2024,12.04.2024,"2,6875","1,2954","0,482","0,1396"
Cupressaceae,2025-Omega-1,Buchs,1,"6,001",03.04.2024,12.04.2024,"1,5278","0,7608","0,498","0,1441"
Cupressaceae,2025-Omega-1,Buchs,1,"14,14",03.04.2024,12.04.2024,"0,6927","0,3894","0,5622","0,136"
Cupressaceae,2025-Omega-1,Buchs,1,"24,4069",03.04.2024,12.04.2024,"0,3542","0,21","0,593","0,1077"
Fagus,2025-Omega-1,Buchs,0,"1,8305",05.04.2024,19.05.2024,"10,2001","3,1951","0,3132","0,3321"
Fagus,2025-Omega-1,Buchs,"0,2","1,8305",05.04.2024,19.05.2024,"10,2001","3,1951","0,3132","0,3321"
Fagus,2025-Omega-1,Buchs,"0,4","1,8406",05.04.2024,19.05.2024,"10,1267","3,1642","0,3125","0,3336"
Fagus,2025-Omega-1,Buchs,"0,6","2,0003",05.04.2024,19.05.2024,"9,2799","2,8475","0,3068","0,3394"
Fagus,2025-Omega-1,Buchs,"0,75","2,2221",05.04.2024,19.05.2024,"8,3254","2,4919","0,2993","0,3448"
Fagus,2025-Omega-1,Buchs,"0,8","2,3194",05.04.2024,19.05.2024,"7,9651","2,3484","0,2948","0,3494"
Fagus,2025-Omega-1,Buchs,"0,85","2,4441",05.04.2024,19.05.2024,"7,5449","2,1793","0,2888","0,3545"
Fagus,2025-Omega-1,Buchs,"0,9","2,6239",05.04.2024,19.05.2024,"7,0209","1,976","0,2814","0,3585"
Fagus,2025-Omega-1,Buchs,"0,91","2,6771",05.04.2024,19.05.2024,"6,8882","1,9264","0,2797","0,3612"
Fagus,2025-Omega-1,Buchs,"0,92","2,7311",05.04.2024,19.05.2024,"6,7308","1,872","0,2781","0,3617"
Fagus,2025-Omega-1,Buchs,"0,93","2,7946",05.04.2024,19.05.2024,"6,5707","1,8134","0,276","0,3642"
Fagus,2025-Omega-1,Buchs,"0,94","2,8618",05.04.2024,19.05.2024,"6,4033","1,7476","0,2729","0,3665"
Fagus,2025-Omega-1,Buchs,"0,95","2,9479",05.04.2024,19.05.2024,"6,2158","1,6718","0,269","0,3693"
Fagus,2025-Omega-1,Buchs,"0,96","3,0681",05.04.2024,19.05.2024,"5,9781","1,5828","0,2648","0,3723"
Fagus,2025-Omega-1,Buchs,"0,97","3,2317",05.04.2024,19.05.2024,"5,6849","1,4754","0,2595","0,3765"
Fagus,2025-Omega-1,Buchs,"0,98","3,4378",05.04.2024,19.05.2024,"5,3257","1,3314","0,25","0,3829"
Fagus,2025-Omega-1,Buchs,"0,99","3,8501",05.04.2024,19.05.2024,"4,7408","1,1141","0,235","0,3944"
Fagus,2025-Omega-1,Buchs,"0,999","5,5942",05.04.2024,19.05.2024,"3,2875","0,5606","0,1705","0,4369"
Fagus,2025-Omega-1,Buchs,"0,9999","7,9701",05.04.2024,19.05.2024,"2,3885","0,2396","0,1003","0,4891"
Fagus,2025-Omega-1,Buchs,1,"10,7168",05.04.2024,19.05.2024,"1,8283","0,0841","0,046","0,5584"
Fagus,2025-Omega-1,Buchs,1,"13,8716",05.04.2024,19.05.2024,"1,4063","0,0259","0,0185","0,6226"
Fagus,2025-Omega-1,Buchs,1,"16,8453",05.04.2024,19.05.2024,"1,1532","0,0104","0,009","0,6748"
Fraxinus,2025-Omega-1,Buchs,0,"1,9334",11.03.2024,12.04.2024,"43,8861","8,5117","0,1939","0,3971"
Fraxinus,2025-Omega-1,Buchs,"0,2","1,9334",11.03.2024,12.04.2024,"43,8861","8,5117","0,1939","0,3971"
Fraxinus,2025-Omega-1,Buchs,"0,4","1,9441",11.03.2024,12.04.2024,"43,697","8,4284","0,1929","0,398"
Fraxinus,2025-Omega-1,Buchs,"0,6","2,0472",11.03.2024,12.04.2024,"41,7795","7,5988","0,1819","0,4079"
Fraxinus,2025-Omega-1,Buchs,"0,75","2,1746",11.03.2024,12.04.2024,"39,5382","6,6757","0,1688","0,4173"
Fraxinus,2025-Omega-1,Buchs,"0,8","2,2312",11.03.2024,12.04.2024,"38,6289","6,3278","0,1638","0,422"
Fraxinus,2025-Omega-1,Buchs,"0,85","2,297",11.03.2024,12.04.2024,"37,5949","5,8968","0,1569","0,4288"
Fraxinus,2025-Omega-1,Buchs,"0,9","2,3843",11.03.2024,12.04.2024,"36,278","5,3683","0,148","0,4368"
Fraxinus,2025-Omega-1,Buchs,"0,91","2,4047",11.03.2024,12.04.2024,"35,9728","5,2417","0,1457","0,4383"
Fraxinus,2025-Omega-1,Buchs,"0,92","2,4273",11.03.2024,12.04.2024,"35,6355","5,1014","0,1432","0,44"
Fraxinus,2025-Omega-1,Buchs,"0,93","2,4535",11.03.2024,12.04.2024,"35,2556","4,9524","0,1405","0,4414"
Fraxinus,2025-Omega-1,Buchs,"0,94","2,4826",11.03.2024,12.04.2024,"34,8394","4,7813","0,1372","0,4445"
Fraxinus,2025-Omega-1,Buchs,"0,95","2,5182",11.03.2024,12.04.2024,"34,3621","4,5915","0,1336","0,4488"
Fraxinus,2025-Omega-1,Buchs,"0,96","2,561",11.03.2024,12.04.2024,"33,7734","4,3618","0,1292","0,4519"
Fraxinus,2025-Omega-1,Buchs,"0,97","2,6201",11.03.2024,12.04.2024,"32,9942","4,0871","0,1239","0,4569"
Fraxinus,2025-Omega-1,Buchs,"0,98","2,6971",11.03.2024,12.04.2024,"32,0202","3,728","0,1164","0,4608"
Fraxinus,2025-Omega-1,Buchs,"0,99","2,827",11.03.2024,12.04.2024,"30,4694","3,1913","0,1047","0,4727"
Fraxinus,2025-Omega-1,Buchs,"0,999","3,2578",11.03.2024,12.04.2024,"26,1069","1,8553","0,0711","0,5001"
Fraxinus,2025-Omega-1,Buchs,"0,9999","3,6989",11.03.2024,12.04.2024,"22,6491","1,0397","0,0459","0,5263"
Fraxinus,2025-Omega-1,Buchs,1,"4,2272",11.03.2024,12.04.2024,"19,5428","0,5623","0,0288","0,543"
Fraxinus,2025-Omega-1,Buchs,1,"4,9296",11.03.2024,12.04.2024,"16,5739","0,2963","0,0179","0,5556"
Fraxinus,2025-Omega-1,Buchs,1,"5,6337",11.03.2024,12.04.2024,"14,3994","0,1869","0,013","0,564"
Pinaceae,2025-Omega-1,Buchs,0,"2,2843",06.04.2024,22.04.2024,"14,3758","4,7691","0,3317","0,6469"
Pinaceae,2025-Omega-1,Buchs,"0,2","2,2843",06.04.2024,22.04.2024,"14,3758","4,7691","0,3317","0,6469"
Pinaceae,2025-Omega-1,Buchs,"0,4","2,2847",06.04.2024,22.04.2024,"14,3646","4,7605","0,3314","0,647"
Pinaceae,2025-Omega-1,Buchs,"0,6","2,2954",06.04.2024,22.04.2024,"14,2369","4,6558","0,327","0,6527"
Pinaceae,2025-Omega-1,Buchs,"0,75","2,3101",06.04.2024,22.04.2024,"14,096","4,5284","0,3213","0,6594"
Pinaceae,2025-Omega-1,Buchs,"0,8","2,3152",06.04.2024,22.04.2024,"14,0439","4,4729","0,3185","0,6625"
Pinaceae,2025-Omega-1,Buchs,"0,85","2,3258",06.04.2024,22.04.2024,"13,9673","4,4089","0,3157","0,6646"
Pinaceae,2025-Omega-1,Buchs,"0,9","2,3412",06.04.2024,22.04.2024,"13,8744","4,3213","0,3115","0,6686"
Pinaceae,2025-Omega-1,Buchs,"0,91","2,3455",06.04.2024,22.04.2024,"13,8509","4,2967","0,3102","0,6698"
Pinaceae,2025-Omega-1,Buchs,"0,92","2,3489",06.04.2024,22.04.2024,"13,8244","4,273","0,3091","0,6709"
Pinaceae,2025-Omega-1,Buchs,"0,93","2,3532",06.04.2024,22.04.2024,"13,7988","4,2418","0,3074","0,6718"
Pinaceae,2025-Omega-1,Buchs,"0,94","2,3555",06.04.2024,22.04.2024,"13,7805","4,2089","0,3054","0,6732"
Pinaceae,2025-Omega-1,Buchs,"0,95","2,363",06.04.2024,22.04.2024,"13,7396","4,1669","0,3033","0,6736"
Pinaceae,2025-Omega-1,Buchs,"0,96","2,3724",06.04.2024,22.04.2024,"13,6896","4,1198","0,3009","0,6756"
Pinaceae,2025-Omega-1,Buchs,"0,97","2,3808",06.04.2024,22.04.2024,"13,6314","4,0554","0,2975","0,6783"
Pinaceae,2025-Omega-1,Buchs,"0,98","2,3964",06.04.2024,22.04.2024,"13,5405","3,9655","0,2929","0,6792"
Pinaceae,2025-Omega-1,Buchs,"0,99","2,4216",06.04.2024,22.04.2024,"13,4036","3,8032","0,2837","0,682"
Pinaceae,2025-Omega-1,Buchs,"0,999","2,5361",06.04.2024,22.04.2024,"12,8675","3,2279","0,2509","0,6964"
Pinaceae,2025-Omega-1,Buchs,"0,9999","2,6887",06.04.2024,22.04.2024,"12,2139","2,6369","0,2159","0,7032"
Pinaceae,2025-Omega-1,Buchs,1,"2,9182",06.04.2024,22.04.2024,"11,4214","2,1573","0,1889","0,7052"
Pinaceae,2025-Omega-1,Buchs,1,"3,232",06.04.2024,22.04.2024,"10,443","1,7774","0,1702","0,7058"
Pinaceae,2025-Omega-1,Buchs,1,"3,5717",06.04.2024,22.04.2024,"9,5964","1,5322","0,1597","0,7065"
Poaceae,2025-Omega-1,Buchs,0,"8,6804",24.04.2024,03.08.2024,"14,4069","2,604","0,1807","0,7763"
Poaceae,2025-Omega-1,Buchs,"0,2","8,6804",24.04.2024,03.08.2024,"14,4069","2,604","0,1807","0,7763"
Poaceae,2025-Omega-1,Buchs,"0,4","8,6902",24.04.2024,03.08.2024,"14,3902","2,5929","0,1802","0,777"
Poaceae,2025-Omega-1,Buchs,"0,6","8,8819",24.04.2024,03.08.2024,"14,0809","2,476","0,1758","0,7782"
Poaceae,2025-Omega-1,Buchs,"0,75","9,1402",24.04.2024,03.08.2024,"13,692","2,3427","0,1711","0,7809"
Poaceae,2025-Omega-1,Buchs,"0,8","9,2513",24.04.2024,03.08.2024,"13,5332","2,2876","0,169","0,7811"
Poaceae,2025-Omega-1,Buchs,"0,85","9,3832",24.04.2024,03.08.2024,"13,3464","2,225","0,1667","0,7816"
Poaceae,2025-Omega-1,Buchs,"0,9","9,5427",24.04.2024,03.08.2024,"13,1185","2,1421","0,1633","0,782"
Poaceae,2025-Omega-1,Buchs,"0,91","9,5931",24.04.2024,03.08.2024,"13,0547","2,1241","0,1627","0,7823"
Poaceae,2025-Omega-1,Buchs,"0,92","9,6422",24.04.2024,03.08.2024,"12,9883","2,1009","0,1618","0,7829"
Poaceae,2025-Omega-1,Buchs,"0,93","9,7009",24.04.2024,03.08.2024,"12,9116","2,0788","0,161","0,7837"
Poaceae,2025-Omega-1,Buchs,"0,94","9,7617",24.04.2024,03.08.2024,"12,8275","2,0509","0,1599","0,7847"
Poaceae,2025-Omega-1,Buchs,"0,95","9,8384",24.04.2024,03.08.2024,"12,7338","2,0204","0,1587","0,7848"
Poaceae,2025-Omega-1,Buchs,"0,96","9,9288",24.04.2024,03.08.2024,"12,6193","1,9851","0,1573","0,7852"
Poaceae,2025-Omega-1,Buchs,"0,97","10,04",24.04.2024,03.08.2024,"12,4755","1,9444","0,1559","0,7862"
Poaceae,2025-Omega-1,Buchs,"0,98","10,2008",24.04.2024,03.08.2024,"12,2804","1,8885","0,1538","0,786"
Poaceae,2025-Omega-1,Buchs,"0,99","10,4856",24.04.2024,03.08.2024,"11,9497","1,7913","0,1499","0,7879"
Poaceae,2025-Omega-1,Buchs,"0,999","11,5103",24.04.2024,03.08.2024,"10,908","1,5226","0,1396","0,7935"
Poaceae,2025-Omega-1,Buchs,"0,9999","12,6974",24.04.2024,03.08.2024,"9,9107","1,2896","0,1301","0,7982"
Poaceae,2025-Omega-1,Buchs,1,"14,161",24.04.2024,03.08.2024,"8,8916","1,0733","0,1207","0,8045"
Poaceae,2025-Omega-1,Buchs,1,"15,9922",24.04.2024,03.08.2024,"7,8595","0,8686","0,1105","0,8083"
Poaceae,2025-Omega-1,Buchs,1,"17,8401",24.04.2024,03.08.2024,"7,0198","0,7322","0,1043","0,8138"
Populus,2025-Omega-1,Buchs,0,"1,2404",15.02.2024,24.02.2024,"10,8301","5,0574","0,467","0,1104"
Populus,2025-Omega-1,Buchs,"0,2","1,2404",15.02.2024,24.02.2024,"10,8301","5,0574","0,467","0,1104"
Populus,2025-Omega-1,Buchs,"0,4","1,2524",15.02.2024,24.02.2024,"10,7485","4,9889","0,4641","0,111"
Populus,2025-Omega-1,Buchs,"0,6","1,3765",15.02.2024,24.02.2024,"9,7451","4,4182","0,4534","0,1097"
Populus,2025-Omega-1,Buchs,"0,75","1,5737",15.02.2024,24.02.2024,"8,5176","3,8391","0,4507","0,1105"
Populus,2025-Omega-1,Buchs,"0,8","1,6652",15.02.2024,24.02.2024,"8,0662","3,6147","0,4481","0,1086"
Populus,2025-Omega-1,Buchs,"0,85","1,7819",15.02.2024,24.02.2024,"7,535","3,3632","0,4463","0,1104"
Populus,2025-Omega-1,Buchs,"0,9","1,9648",15.02.2024,24.02.2024,"6,8614","3,0525","0,4449","0,1092"
Populus,2025-Omega-1,Buchs,"0,91","2,0087",15.02.2024,24.02.2024,"6,6895","2,9822","0,4458","0,1074"
Populus,2025-Omega-1,Buchs,"0,92","2,0695",15.02.2024,24.02.2024,"6,4846","2,9057","0,4481","0,1067"
Populus,2025-Omega-1,Buchs,"0,93","2,1221",15.02.2024,24.02.2024,"6,3093","2,8214","0,4472","0,1061"
Populus,2025-Omega-1,Buchs,"0,94","2,1948",15.02.2024,24.02.2024,"6,0975","2,7277","0,4474","0,1046"
Populus,2025-Omega-1,Buchs,"0,95","2,3016",15.02.2024,24.02.2024,"5,8128","2,6162","0,4501","0,1036"
Populus,2025-Omega-1,Buchs,"0,96","2,4419",15.02.2024,24.02.2024,"5,4916","2,4956","0,4544","0,1042"
Populus,2025-Omega-1,Buchs,"0,97","2,5918",15.02.2024,24.02.2024,"5,1704","2,3419","0,4529","0,1065"
Populus,2025-Omega-1,Buchs,"0,98","2,8681",15.02.2024,24.02.2024,"4,6843","2,1539","0,4598","0,1046"
Populus,2025-Omega-1,Buchs,"0,99","3,3529",15.02.2024,24.02.2024,"4,0089","1,8533","0,4623","0,1064"
Populus,2025-Omega-1,Buchs,"0,999","5,8878",15.02.2024,24.02.2024,"2,3317","1,1392","0,4886","0,1054"
Populus,2025-Omega-1,Buchs,"0,9999","10,4256",15.02.2024,24.02.2024,"1,2986","0,6862","0,5284","0,1013"
Populus,2025-Omega-1,Buchs,1,"19,1817",15.02.2024,24.02.2024,"0,7153","0,408","0,5704","0,0867"
Populus,2025-Omega-1,Buchs,1,"39,4453",15.02.2024,24.02.2024,"0,375","0,2326","0,6202","0,0698"
Populus,2025-Omega-1,Buchs,1,"66,8032",15.02.2024,24.02.2024,"0,2187","0,145","0,6629","0,0747"
Quercus,2025-Omega-1,Buchs,0,"6,4325",05.04.2024,17.05.2024,"6,2549","0,6692","0,107","0,2822"
Quercus,2025-Omega-1,Buchs,"0,2","6,4325",05.04.2024,17.05.2024,"6,2549","0,6692","0,107","0,2822"
Quercus,2025-Omega-1,Buchs,"0,4","6,4883",05.04.2024,17.05.2024,"6,1963","0,6559","0,1059","0,2816"
Quercus,2025-Omega-1,Buchs,"0,6","7,0276",05.04.2024,17.05.2024,"5,6937","0,5546","0,0974","0,287"
Quercus,2025-Omega-1,Buchs,"0,75","7,6793",05.04.2024,17.05.2024,"5,1462","0,4629","0,09","0,2914"
Quercus,2025-Omega-1,Buchs,"0,8","7,9913",05.04.2024,17.05.2024,"4,9261","0,4248","0,0862","0,2921"
Quercus,2025-Omega-1,Buchs,"0,85","8,3953",05.04.2024,17.05.2024,"4,6718","0,3853","0,0825","0,2998"
Quercus,2025-Omega-1,Buchs,"0,9","8,9132",05.04.2024,17.05.2024,"4,3613","0,337","0,0773","0,3021"
Quercus,2025-Omega-1,Buchs,"0,91","9,0666",05.04.2024,17.05.2024,"4,2838","0,3275","0,0765","0,3022"
Quercus,2025-Omega-1,Buchs,"0,92","9,218",05.04.2024,17.05.2024,"4,2002","0,3174","0,0756","0,3053"
Quercus,2025-Omega-1,Buchs,"0,93","9,4027",05.04.2024,17.05.2024,"4,1098","0,3053","0,0743","0,3062"
Quercus,2025-Omega-1,Buchs,"0,94","9,6062",05.04.2024,17.05.2024,"4,0125","0,2912","0,0726","0,3094"
Quercus,2025-Omega-1,Buchs,"0,95","9,8354",05.04.2024,17.05.2024,"3,9115","0,2743","0,0701","0,3066"
Quercus,2025-Omega-1,Buchs,"0,96","10,1455",05.04.2024,17.05.2024,"3,7779","0,2568","0,068","0,3107"
Quercus,2025-Omega-1,Buchs,"0,97","10,5736",05.04.2024,17.05.2024,"3,5998","0,2349","0,0653","0,3165"
Quercus,2025-Omega-1,Buchs,"0,98","11,1972",05.04.2024,17.05.2024,"3,3774","0,2079","0,0616","0,3188"
Quercus,2025-Omega-1,Buchs,"0,99","12,3658",05.04.2024,17.05.2024,"3,012","0,168","0,0558","0,3257"
Quercus,2025-Omega-1,Buchs,"0,999","17,1244",05.04.2024,17.05.2024,"2,1201","0,086","0,0406","0,3229"
Quercus,2025-Omega-1,Buchs,"0,9999","24,0979",05.04.2024,17.05.2024,"1,4656","0,0425","0,029","0,3902"
Quercus,2025-Omega-1,Buchs,1,"36,1579",05.04.2024,17.05.2024,"0,9662","0,0197","0,0204","0,4146"
Quercus,2025-Omega-1,Buchs,1,"55,767",05.04.2024,17.05.2024,"0,6145","0,0079","0,0129","0,4503"
Quercus,2025-Omega-1,Buchs,1,"76,3618",05.04.2024,17.05.2024,"0,4284","0,0041","0,0095","0,5295"
Taxus,2025-Omega-1,Buchs,0,"3,7686",09.02.2024,07.03.2024,"29,9546","1,8547","0,0619","0,3244"
Taxus,2025-Omega-1,Buchs,"0,2","3,7686",09.02.2024,07.03.2024,"29,9546","1,8546","0,0619","0,3244"
Taxus,2025-Omega-1,Buchs,"0,4","3,7726",09.02.2024,07.03.2024,"29,9124","1,8316","0,0612","0,326"
Taxus,2025-Omega-1,Buchs,"0,6","3,8349",09.02.2024,07.03.2024,"29,288","1,6541","0,0565","0,3315"
Taxus,2025-Omega-1,Buchs,"0,75","3,9399",09.02.2024,07.03.2024,"28,3505","1,4818","0,0523","0,3319"
Taxus,2025-Omega-1,Buchs,"0,8","3,9846",09.02.2024,07.03.2024,"27,9772","1,4141","0,0505","0,3342"
Taxus,2025-Omega-1,Buchs,"0,85","4,0432",09.02.2024,07.03.2024,"27,4979","1,3366","0,0486","0,3402"
Taxus,2025-Omega-1,Buchs,"0,9","4,1246",09.02.2024,07.03.2024,"26,8915","1,2479","0,0464","0,3454"
Taxus,2025-Omega-1,Buchs,"0,91","4,1483",09.02.2024,07.03.2024,"26,7167","1,2252","0,0459","0,3453"
Taxus,2025-Omega-1,Buchs,"0,92","4,172",09.02.2024,07.03.2024,"26,5263","1,2007","0,0453","0,3464"
Taxus,2025-Omega-1,Buchs,"0,93","4,2017",09.02.2024,07.03.2024,"26,3168","1,1766","0,0447","0,3471"
Taxus,2025-Omega-1,Buchs,"0,94","4,2335",09.02.2024,07.03.2024,"26,0836","1,1478","0,044","0,346"
Taxus,2025-Omega-1,Buchs,"0,95","4,2748",09.02.2024,07.03.2024,"25,7978","1,1122","0,0431","0,3455"
Taxus,2025-Omega-1,Buchs,"0,96","4,3236",09.02.2024,07.03.2024,"25,4679","1,0742","0,0422","0,3475"
Taxus,2025-Omega-1,Buchs,"0,97","4,3906",09.02.2024,07.03.2024,"25,0388","1,0258","0,041","0,3485"
Taxus,2025-Omega-1,Buchs,"0,98","4,4882",09.02.2024,07.03.2024,"24,4466","0,9644","0,0394","0,3478"
Taxus,2025-Omega-1,Buchs,"0,99","4,6783",09.02.2024,07.03.2024,"23,3665","0,8648","0,037","0,3542"
Taxus,2025-Omega-1,Buchs,"0,999","5,5051",09.02.2024,07.03.2024,"19,5289","0,5826","0,0298","0,3722"
Taxus,2025-Omega-1,Buchs,"0,9999","6,8554",09.02.2024,07.03.2024,"15,3744","0,373","0,0243","0,3925"
Taxus,2025-Omega-1,Buchs,1,"9,2686",09.02.2024,07.03.2024,"11,0314","0,2162","0,0196","0,4239"
Taxus,2025-Omega-1,Buchs,1,"14,2015",09.02.2024,07.03.2024,"6,8547","0,1058","0,0154","0,4558"
Taxus,2025-Omega-1,Buchs,1,"23,3167",09.02.2024,07.03.2024,"3,9547","0,0504","0,0127","0,4775"
Pinaceae,2025-Omega-1,Payerne,0,"3,2165",04.05.2024,22.05.2024,"12,9514","2,4211","0,1869","0,6615"
Pinaceae,2025-Omega-1,Payerne,"0,2","3,2165",04.05.2024,22.05.2024,"12,9514","2,4211","0,1869","0,6615"
Pinaceae,2025-Omega-1,Payerne,"0,4","3,2188",04.05.2024,22.05.2024,"12,945","2,4128","0,1864","0,6614"
Pinaceae,2025-Omega-1,Payerne,"0,6","3,2423",04.05.2024,22.05.2024,"12,8491","2,3204","0,1806","0,6679"
Pinaceae,2025-Omega-1,Payerne,"0,75","3,2706",04.05.2024,22.05.2024,"12,7349","2,2203","0,1744","0,6751"
Pinaceae,2025-Omega-1,Payerne,"0,8","3,2833",04.05.2024,22.05.2024,"12,6819","2,18","0,1719","0,6757"
Pinaceae,2025-Omega-1,Payerne,"0,85","3,3022",04.05.2024,22.05.2024,"12,6097","2,1371","0,1695","0,6766"
Pinaceae,2025-Omega-1,Payerne,"0,9","3,3276",04.05.2024,22.05.2024,"12,5146","2,0801","0,1662","0,6798"
Pinaceae,2025-Omega-1,Payerne,"0,91","3,3322",04.05.2024,22.05.2024,"12,4918","2,0643","0,1653","0,681"
Pinaceae,2025-Omega-1,Payerne,"0,92","3,3399",04.05.2024,22.05.2024,"12,4653","2,0499","0,1644","0,6824"
Pinaceae,2025-Omega-1,Payerne,"0,93","3,3462",04.05.2024,22.05.2024,"12,4361","2,0333","0,1635","0,6784"
Pinaceae,2025-Omega-1,Payerne,"0,94","3,3576",04.05.2024,22.05.2024,"12,4032","2,0161","0,1625","0,6805"
Pinaceae,2025-Omega-1,Payerne,"0,95","3,3689",04.05.2024,22.05.2024,"12,3547","2,0012","0,162","0,6833"
Pinaceae,2025-Omega-1,Payerne,"0,96","3,3821",04.05.2024,22.05.2024,"12,3118","1,9775","0,1606","0,6859"
Pinaceae,2025-Omega-1,Payerne,"0,97","3,4013",04.05.2024,22.05.2024,"12,2378","1,9461","0,159","0,6888"
Pinaceae,2025-Omega-1,Payerne,"0,98","3,4292",04.05.2024,22.05.2024,"12,151","1,9008","0,1564","0,6949"
Pinaceae,2025-Omega-1,Payerne,"0,99","3,4815",04.05.2024,22.05.2024,"11,9874","1,8369","0,1532","0,6964"
Pinaceae,2025-Omega-1,Payerne,"0,999","3,6778",04.05.2024,22.05.2024,"11,378","1,6483","0,1449","0,7014"
Pinaceae,2025-Omega-1,Payerne,"0,9999","3,9667",04.05.2024,22.05.2024,"10,6086","1,4837","0,1399","0,7088"
Pinaceae,2025-Omega-1,Payerne,1,"4,3767",04.05.2024,22.05.2024,"9,683","1,3158","0,1359","0,716"
Pinaceae,2025-Omega-1,Payerne,1,"4,965",04.05.2024,22.05.2024,"8,5517","1,1349","0,1327","0,7258"
Pinaceae,2025-Omega-1,Payerne,1,"5,6688",04.05.2024,22.05.2024,"7,5585","0,9883","0,1308","0,7213"
Poaceae,2025-Omega-1,Payerne,0,"4,226",06.05.2024,04.08.2024,"20,0455","5,5755","0,2781","0,7968"
Poaceae,2025-Omega-1,Payerne,"0,2","4,226",06.05.2024,04.08.2024,"20,0455","5,5755","0,2781","0,7968"
Poaceae,2025-Omega-1,Payerne,"0,4","4,2286",06.05.2024,04.08.2024,"20,0297","5,5692","0,278","0,7958"
Poaceae,2025-Omega-1,Payerne,"0,6","4,2819",06.05.2024,04.08.2024,"19,7419","5,4043","0,2737","0,7966"
Poaceae,2025-Omega-1,Payerne,"0,75","4,3555",06.05.2024,04.08.2024,"19,3768","5,2054","0,2686","0,7967"
Poaceae,2025-Omega-1,Payerne,"0,8","4,3839",06.05.2024,04.08.2024,"19,2396","5,1407","0,2672","0,7989"
Poaceae,2025-Omega-1,Payerne,"0,85","4,4211",06.05.2024,04.08.2024,"19,0568","5,0531","0,2652","0,7978"
Poaceae,2025-Omega-1,Payerne,"0,9","4,4684",06.05.2024,04.08.2024,"18,8396","4,9379","0,2621","0,7972"
Poaceae,2025-Omega-1,Payerne,"0,91","4,4812",06.05.2024,04.08.2024,"18,7821","4,9087","0,2614","0,7979"
Poaceae,2025-Omega-1,Payerne,"0,92","4,4932",06.05.2024,04.08.2024,"18,728","4,8866","0,2609","0,7969"
Poaceae,2025-Omega-1,Payerne,"0,93","4,5079",06.05.2024,04.08.2024,"18,6652","4,8535","0,26","0,7973"
Poaceae,2025-Omega-1,Payerne,"0,94","4,5247",06.05.2024,04.08.2024,"18,5938","4,8124","0,2588","0,7971"
Poaceae,2025-Omega-1,Payerne,"0,95","4,5439",06.05.2024,04.08.2024,"18,5092","4,7682","0,2576","0,7966"
Poaceae,2025-Omega-1,Payerne,"0,96","4,5676",06.05.2024,04.08.2024,"18,408","4,7114","0,2559","0,7979"
Poaceae,2025-Omega-1,Payerne,"0,97","4,597",06.05.2024,04.08.2024,"18,2861","4,6396","0,2537","0,7984"
Poaceae,2025-Omega-1,Payerne,"0,98","4,6377",06.05.2024,04.08.2024,"18,1165","4,5551","0,2514","0,7983"
Poaceae,2025-Omega-1,Payerne,"0,99","4,7118",06.05.2024,04.08.2024,"17,8198","4,4169","0,2479","0,7999"
Poaceae,2025-Omega-1,Payerne,"0,999","4,9775",06.05.2024,04.08.2024,"16,836","4,0097","0,2382","0,8012"
Poaceae,2025-Omega-1,Payerne,"0,9999","5,2918",06.05.2024,04.08.2024,"15,7855","3,6128","0,2289","0,7989"
Poaceae,2025-Omega-1,Payerne,1,"5,6953",06.05.2024,04.08.2024,"14,6326","3,2497","0,2221","0,793"
Poaceae,2025-Omega-1,Payerne,1,"6,2274",06.05.2024,04.08.2024,"13,3482","2,852","0,2137","0,7915"
Poaceae,2025-Omega-1,Payerne,1,"6,7555",06.05.2024,04.08.2024,"12,278","2,5331","0,2063","0,7919"
Quercus,2025-Omega-1,Payerne,0,"32,0875",03.05.2024,18.06.2024,"0,1175","0,0171","0,1457","0,3107"
Quercus,2025-Omega-1,Payerne,"0,2","32,0875",03.05.2024,18.06.2024,"0,1175","0,0171","0,1457","0,3107"
Quercus,2025-Omega-1,Payerne,"0,4","31,9317",03.05.2024,18.06.2024,"0,116","0,0163","0,1403","0,3156"
Quercus,2025-Omega-1,Payerne,"0,6","35,9068",03.05.2024,18.06.2024,"0,099","0,0123","0,1245","0,3025"
Quercus,2025-Omega-1,Payerne,"0,75","40,3989",03.05.2024,18.06.2024,"0,0842","0,0095","0,113","0,3218"
Quercus,2025-Omega-1,Payerne,"0,8","42,287",03.05.2024,18.06.2024,"0,0798","0,0087","0,1088","0,3492"
Quercus,2025-Omega-1,Payerne,"0,85","45,398",03.05.2024,18.06.2024,"0,0739","0,0078","0,1061","0,3679"
Quercus,2025-Omega-1,Payerne,"0,9","48,6107",03.05.2024,18.06.2024,"0,068","0,0067","0,0989","0,3962"
Quercus,2025-Omega-1,Payerne,"0,91","51,0397",03.05.2024,18.06.2024,"0,0658","0,0062","0,0937","0,4227"
Quercus,2025-Omega-1,Payerne,"0,92","53,0833",03.05.2024,18.06.2024,"0,0632","0,0059","0,0931","0,431"
Quercus,2025-Omega-1,Payerne,"0,93","54,6294",03.05.2024,18.06.2024,"0,0613","0,0059","0,0959","0,4339"
Quercus,2025-Omega-1,Payerne,"0,94","57,4055",03.05.2024,18.06.2024,"0,0584","0,005","0,0864","0,4574"
Quercus,2025-Omega-1,Payerne,"0,95","59,8292",03.05.2024,18.06.2024,"0,0573","0,0048","0,0831","0,461"
Quercus,2025-Omega-1,Payerne,"0,96","62,2607",03.05.2024,18.06.2024,"0,0547","0,0048","0,0871","0,4588"
Quercus,2025-Omega-1,Payerne,"0,97","65,0884",03.05.2024,18.06.2024,"0,0521","0,0042","0,0806","0,4806"
Quercus,2025-Omega-1,Payerne,"0,98","66,9393",03.05.2024,18.06.2024,"0,0491","0,0036","0,0741","0,491"
Quercus,2025-Omega-1,Payerne,"0,99","69,9841",03.05.2024,18.06.2024,"0,0451","0,0031","0,0684","0,466"
Quercus,2025-Omega-1,Payerne,"0,999","113,6819",03.05.2024,18.06.2024,"0,0259","0,0017","0,065","0,4205"
Quercus,2025-Omega-1,Payerne,"0,9999","149,7429",03.05.2024,18.06.2024,"0,0166","0,0008","0,0505","0,3549"
Quercus,2025-Omega-1,Payerne,1,"255,9724",03.05.2024,18.06.2024,"0,0107","0,0006","0,0523","0,347"
Quercus,2025-Omega-1,Payerne,1,"518,4",03.05.2024,18.06.2024,"0,0055",0,0,"0,38"
Quercus,2025-Omega-1,Payerne,1,"730,368",03.05.2024,18.06.2024,"0,0026",0,0,"0,2977"
Alnus,2022-operational,Buchs,0,"4,9938",26.01.2024,24.02.2024,"17,8575","2,729","0,1528","0,4141"
Alnus,2022-operational,Buchs,"0,2","4,9938",26.01.2024,24.02.2024,"17,8575","2,729","0,1528","0,4141"
Alnus,2022-operational,Buchs,"0,4","5,0382",26.01.2024,24.02.2024,"17,6885","2,6414","0,1493","0,4161"
Alnus,2022-operational,Buchs,"0,6","5,51",26.01.2024,24.02.2024,"16,098","2,095","0,1301","0,4218"
Alnus,2022-operational,Buchs,"0,75","6,1317",26.01.2024,24.02.2024,"14,3732","1,5993","0,1113","0,4325"
Alnus,2022-operational,Buchs,"0,8","6,4228",26.01.2024,24.02.2024,"13,6913","1,4194","0,1037","0,4356"
Alnus,2022-operational,Buchs,"0,85","6,7953",26.01.2024,24.02.2024,"12,8677","1,231","0,0957","0,4386"
Alnus,2022-operational,Buchs,"0,9","7,3773",26.01.2024,24.02.2024,"11,7988","1,0105","0,0856","0,4434"
Alnus,2022-operational,Buchs,"0,91","7,5269",26.01.2024,24.02.2024,"11,5534","0,9638","0,0834","0,4456"
Alnus,2022-operational,Buchs,"0,92","7,6966",26.01.2024,24.02.2024,"11,2726","0,9098","0,0807","0,4481"
Alnus,2022-operational,Buchs,"0,93","7,8988",26.01.2024,24.02.2024,"10,9675","0,8517","0,0777","0,4527"
Alnus,2022-operational,Buchs,"0,94","8,1459",26.01.2024,24.02.2024,"10,6197","0,7886","0,0743","0,4544"
Alnus,2022-operational,Buchs,"0,95","8,4381",26.01.2024,24.02.2024,"10,2336","0,7214","0,0705","0,4569"
Alnus,2022-operational,Buchs,"0,96","8,8019",26.01.2024,24.02.2024,"9,7833","0,6481","0,0662","0,4616"
Alnus,2022-operational,Buchs,"0,97","9,3448",26.01.2024,24.02.2024,"9,1836","0,565","0,0615","0,4722"
Alnus,2022-operational,Buchs,"0,98","10,1098",26.01.2024,24.02.2024,"8,4324","0,4608","0,0546","0,4814"
Alnus,2022-operational,Buchs,"0,99","11,759",26.01.2024,24.02.2024,"7,1811","0,3255","0,0453","0,5007"
Alnus,2022-operational,Buchs,"0,999","21,4749",26.01.2024,24.02.2024,"3,8388","0,0967","0,0252","0,5271"
Alnus,2022-operational,Buchs,"0,9999","48,2559",26.01.2024,24.02.2024,"1,6682","0,0283","0,0169","0,543"
Alnus,2022-operational,Buchs,1,"136,1253",26.01.2024,24.02.2024,"0,5493","0,0076","0,0138","0,5998"
Alnus,2022-operational,Buchs,1,"528,2216",26.01.2024,24.02.2024,"0,1297","0,0016","0,0127","0,5054"
Alnus,2022-operational,Buchs,1,1000,26.01.2024,24.02.2024,"0,0318","0,0006","0,019","0,4661"
Betula,2022-operational,Buchs,0,"5,1308",17.03.2024,18.04.2024,"34,7999","5,5846","0,1605","0,2924"
Betula,2022-operational,Buchs,"0,2","5,1308",17.03.2024,18.04.2024,"34,7993","5,5846","0,1605","0,2924"
Betula,2022-operational,Buchs,"0,4","5,2166",17.03.2024,18.04.2024,"34,2237","5,432","0,1587","0,2921"
Betula,2022-operational,Buchs,"0,6","6,0314",17.03.2024,18.04.2024,"29,4772","4,3152","0,1464","0,2975"
Betula,2022-operational,Buchs,"0,75","7,1555",17.03.2024,18.04.2024,"24,7238","3,3133","0,134","0,3045"
Betula,2022-operational,Buchs,"0,8","7,6945",17.03.2024,18.04.2024,"22,9589","2,9517","0,1286","0,3057"
Betula,2022-operational,Buchs,"0,85","8,4588",17.03.2024,18.04.2024,"20,8514","2,54","0,1218","0,3118"
Betula,2022-operational,Buchs,"0,9","9,5728",17.03.2024,18.04.2024,"18,3509","2,078","0,1132","0,3136"
Betula,2022-operational,Buchs,"0,91","9,8883",17.03.2024,18.04.2024,"17,7372","1,97","0,1111","0,3141"
Betula,2022-operational,Buchs,"0,92","10,2709",17.03.2024,18.04.2024,"17,0684","1,8534","0,1086","0,3177"
Betula,2022-operational,Buchs,"0,93","10,7215",17.03.2024,18.04.2024,"16,3191","1,734","0,1063","0,3175"
Betula,2022-operational,Buchs,"0,94","11,2452",17.03.2024,18.04.2024,"15,5119","1,6003","0,1032","0,3226"
Betula,2022-operational,Buchs,"0,95","11,8982",17.03.2024,18.04.2024,"14,6442","1,4654","0,1001","0,3232"
Betula,2022-operational,Buchs,"0,96","12,7554",17.03.2024,18.04.2024,"13,6213","1,3119","0,0963","0,3292"
Betula,2022-operational,Buchs,"0,97","13,9872",17.03.2024,18.04.2024,"12,3795","1,1334","0,0916","0,3348"
Betula,2022-operational,Buchs,"0,98","15,9811",17.03.2024,18.04.2024,"10,8046","0,9251","0,0856","0,3349"
Betula,2022-operational,Buchs,"0,99","20,2047",17.03.2024,18.04.2024,"8,4622","0,6322","0,0747","0,3458"
Betula,2022-operational,Buchs,"0,999","49,9016",17.03.2024,18.04.2024,"3,3373","0,1684","0,0504","0,3764"
Betula,2022-operational,Buchs,"0,9999","151,6443",17.03.2024,18.04.2024,"1,0555","0,0359","0,034","0,4049"
Betula,2022-operational,Buchs,1,"588,6224",17.03.2024,18.04.2024,"0,2509","0,0056","0,0224","0,5049"
Betula,2022-operational,Buchs,1,1000,17.03.2024,18.04.2024,"0,0468","0,0004","0,0094","0,5783"
Betula,2022-operational,Buchs,1,1000,17.03.2024,18.04.2024,"0,0089","0,0001","0,0098","0,3913"
Corylus,2022-operational,Buchs,0,"10,6852",23.01.2024,16.03.2024,"5,4259","1,4724","0,2714","0,3926"
Corylus,2022-operational,Buchs,"0,2","10,6852",23.01.2024,16.03.2024,"5,4259","1,4724","0,2714","0,3926"
Corylus,2022-operational,Buchs,"0,4","10,8286",23.01.2024,16.03.2024,"5,3375","1,4164","0,2654","0,3937"
Corylus,2022-operational,Buchs,"0,6","12,4186",23.01.2024,16.03.2024,"4,6076","1,0936","0,2373","0,4023"
Corylus,2022-operational,Buchs,"0,75","14,7854",23.01.2024,16.03.2024,"3,8328","0,8215","0,2143","0,4088"
Corylus,2022-operational,Buchs,"0,8","15,9184",23.01.2024,16.03.2024,"3,5428","0,7242","0,2044","0,4131"
Corylus,2022-operational,Buchs,"0,85","17,4412",23.01.2024,16.03.2024,"3,2146","0,6193","0,1927","0,4149"
Corylus,2022-operational,Buchs,"0,9","19,9469",23.01.2024,16.03.2024,"2,7924","0,5019","0,1797","0,4233"
Corylus,2022-operational,Buchs,"0,91","20,6758",23.01.2024,16.03.2024,"2,685","0,4783","0,1781","0,4231"
Corylus,2022-operational,Buchs,"0,92","21,4113",23.01.2024,16.03.2024,"2,586","0,4502","0,1741","0,4243"
Corylus,2022-operational,Buchs,"0,93","22,3762",23.01.2024,16.03.2024,"2,4696","0,4185","0,1694","0,4228"
Corylus,2022-operational,Buchs,"0,94","23,4737",23.01.2024,16.03.2024,"2,3516","0,388","0,165","0,4265"
Corylus,2022-operational,Buchs,"0,95","24,7669",23.01.2024,16.03.2024,"2,2249","0,3545","0,1593","0,4263"
Corylus,2022-operational,Buchs,"0,96","26,5935",23.01.2024,16.03.2024,"2,0687","0,3174","0,1534","0,4309"
Corylus,2022-operational,Buchs,"0,97","29,4038",23.01.2024,16.03.2024,"1,8655","0,2758","0,1479","0,4362"
Corylus,2022-operational,Buchs,"0,98","33,629",23.01.2024,16.03.2024,"1,6237","0,2268","0,1397","0,4413"
Corylus,2022-operational,Buchs,"0,99","43,0809",23.01.2024,16.03.2024,"1,2681","0,156","0,123","0,4509"
Corylus,2022-operational,Buchs,"0,999","113,2463",23.01.2024,16.03.2024,"0,4723","0,044","0,0931","0,4461"
Corylus,2022-operational,Buchs,"0,9999","356,1248",23.01.2024,16.03.2024,"0,1411","0,0097","0,0688","0,4441"
Corylus,2022-operational,Buchs,1,1000,23.01.2024,16.03.2024,"0,0354","0,0027","0,0777","0,4363"
Corylus,2022-operational,Buchs,1,1000,23.01.2024,16.03.2024,"0,0058","0,0006","0,1017","0,3675"
Corylus,2022-operational,Buchs,1,1000,23.01.2024,16.03.2024,"0,0023","0,0003","0,1308","0,2752"
Cupressaceae,2022-operational,Buchs,0,"9,9058",03.04.2024,12.04.2024,"1,7795","1,4519","0,8159","0,0766"
Cupressaceae,2022-operational,Buchs,"0,2","9,9058",03.04.2024,12.04.2024,"1,7795","1,4518","0,8158","0,0765"
Cupressaceae,2022-operational,Buchs,"0,4","10,3348",03.04.2024,12.04.2024,"1,7188","1,434","0,8343","0,0725"
Cupressaceae,2022-operational,Buchs,"0,6","11,8886",03.04.2024,12.04.2024,"1,4948","1,2728","0,8515","0,0578"
Cupressaceae,2022-operational,Buchs,"0,75","13,927",03.04.2024,12.04.2024,"1,2882","1,1043","0,8572","0,0494"
Cupressaceae,2022-operational,Buchs,"0,8","15,0526",03.04.2024,12.04.2024,"1,191","1,041","0,8741","0,043"
Cupressaceae,2022-operational,Buchs,"0,85","16,323",03.04.2024,12.04.2024,"1,0937","0,9634","0,8808","0,0388"
Cupressaceae,2022-operational,Buchs,"0,9","18,0445",03.04.2024,12.04.2024,"0,9931","0,8741","0,8802","0,036"
Cupressaceae,2022-operational,Buchs,"0,91","18,6957",03.04.2024,12.04.2024,"0,9705","0,8556","0,8817","0,0337"
Cupressaceae,2022-operational,Buchs,"0,92","19,4865",03.04.2024,12.04.2024,"0,9306","0,8323","0,8945","0,0334"
Cupressaceae,2022-operational,Buchs,"0,93","20,2274",03.04.2024,12.04.2024,"0,908","0,8081","0,89","0,03"
Cupressaceae,2022-operational,Buchs,"0,94","21,33",03.04.2024,12.04.2024,"0,8733","0,7802","0,8934","0,0301"
Cupressaceae,2022-operational,Buchs,"0,95","22,4067",03.04.2024,12.04.2024,"0,8264","0,7488","0,9061","0,0304"
Cupressaceae,2022-operational,Buchs,"0,96","23,3312",03.04.2024,12.04.2024,"0,7899","0,7092","0,8978","0,0229"
Cupressaceae,2022-operational,Buchs,"0,97","25,1919",03.04.2024,12.04.2024,"0,7431","0,6651","0,8951","0,0186"
Cupressaceae,2022-operational,Buchs,"0,98","26,3393",03.04.2024,12.04.2024,"0,6927","0,6099","0,8805","0,0118"
Cupressaceae,2022-operational,Buchs,"0,99","30,559",03.04.2024,12.04.2024,"0,5903","0,5202","0,8813","0,0061"
Cupressaceae,2022-operational,Buchs,"0,999","46,2279",03.04.2024,12.04.2024,"0,3767","0,3106","0,8244","-0,0075"
Cupressaceae,2022-operational,Buchs,"0,9999","78,4053",03.04.2024,12.04.2024,"0,2257","0,1733","0,768","-0,0274"
Cupressaceae,2022-operational,Buchs,1,"114,1666",03.04.2024,12.04.2024,"0,1493","0,0965","0,646","-0,0256"
Cupressaceae,2022-operational,Buchs,1,"241,5484",03.04.2024,12.04.2024,"0,0729","0,0519","0,7113","-0,0552"
Cupressaceae,2022-operational,Buchs,1,"363,6313",03.04.2024,12.04.2024,"0,0434","0,0304","0,6996","-0,0287"
Fagus,2022-operational,Buchs,0,"7,6017",05.04.2024,19.05.2024,"2,745","0,2403","0,0875","0,4512"
Fagus,2022-operational,Buchs,"0,2","7,6017",05.04.2024,19.05.2024,"2,745","0,2403","0,0875","0,4512"
Fagus,2022-operational,Buchs,"0,4","7,6209",05.04.2024,19.05.2024,"2,7373","0,238","0,0869","0,4505"
Fagus,2022-operational,Buchs,"0,6","7,9042",05.04.2024,19.05.2024,"2,6432","0,2214","0,0837","0,4582"
Fagus,2022-operational,Buchs,"0,75","8,3204",05.04.2024,19.05.2024,"2,5047","0,2025","0,0808","0,4648"
Fagus,2022-operational,Buchs,"0,8","8,5105",05.04.2024,19.05.2024,"2,448","0,1961","0,0801","0,467"
Fagus,2022-operational,Buchs,"0,85","8,7244",05.04.2024,19.05.2024,"2,3866","0,1873","0,0785","0,4691"
Fagus,2022-operational,Buchs,"0,9","8,9657",05.04.2024,19.05.2024,"2,3114","0,1775","0,0768","0,4724"
Fagus,2022-operational,Buchs,"0,91","9,0459",05.04.2024,19.05.2024,"2,2917","0,1751","0,0764","0,4725"
Fagus,2022-operational,Buchs,"0,92","9,1143",05.04.2024,19.05.2024,"2,2724","0,1728","0,076","0,473"
Fagus,2022-operational,Buchs,"0,93","9,1929",05.04.2024,19.05.2024,"2,2508","0,1703","0,0756","0,4728"
Fagus,2022-operational,Buchs,"0,94","9,3037",05.04.2024,19.05.2024,"2,2207","0,1672","0,0753","0,473"
Fagus,2022-operational,Buchs,"0,95","9,3967",05.04.2024,19.05.2024,"2,1953","0,1638","0,0746","0,4703"
Fagus,2022-operational,Buchs,"0,96","9,5543",05.04.2024,19.05.2024,"2,1567","0,1598","0,0741","0,4709"
Fagus,2022-operational,Buchs,"0,97","9,7233",05.04.2024,19.05.2024,"2,1081","0,1533","0,0727","0,473"
Fagus,2022-operational,Buchs,"0,98","10,0331",05.04.2024,19.05.2024,"2,0463","0,1471","0,0719","0,4722"
Fagus,2022-operational,Buchs,"0,99","10,5185",05.04.2024,19.05.2024,"1,9368","0,1367","0,0706","0,4776"
Fagus,2022-operational,Buchs,"0,999","12,2743",05.04.2024,19.05.2024,"1,6397","0,1078","0,0657","0,4851"
Fagus,2022-operational,Buchs,"0,9999","14,3408",05.04.2024,19.05.2024,"1,3847","0,0845","0,061","0,4952"
Fagus,2022-operational,Buchs,1,"16,7558",05.04.2024,19.05.2024,"1,1628","0,0648","0,0557","0,5074"
Fagus,2022-operational,Buchs,1,"19,7225",05.04.2024,19.05.2024,"0,9676","0,0482","0,0498","0,5336"
Fagus,2022-operational,Buchs,1,"22,7984",05.04.2024,19.05.2024,"0,8353","0,0389","0,0466","0,5537"
Fraxinus,2022-operational,Buchs,0,"2,6236",11.03.2024,12.04.2024,"31,8922","2,7344","0,0857","0,4875"
Fraxinus,2022-operational,Buchs,"0,2","2,6237",11.03.2024,12.04.2024,"31,8916","2,7343","0,0857","0,4875"
Fraxinus,2022-operational,Buchs,"0,4","2,6582",11.03.2024,12.04.2024,"31,527","2,655","0,0842","0,4885"
Fraxinus,2022-operational,Buchs,"0,6","2,9998",11.03.2024,12.04.2024,"28,2062","2,123","0,0753","0,4959"
Fraxinus,2022-operational,Buchs,"0,75","3,4321",11.03.2024,12.04.2024,"24,7492","1,638","0,0662","0,5041"
Fraxinus,2022-operational,Buchs,"0,8","3,6401",11.03.2024,12.04.2024,"23,3534","1,4678","0,0629","0,5079"
Fraxinus,2022-operational,Buchs,"0,85","3,9149",11.03.2024,12.04.2024,"21,7319","1,2764","0,0587","0,513"
Fraxinus,2022-operational,Buchs,"0,9","4,322",11.03.2024,12.04.2024,"19,6756","1,0601","0,0539","0,5196"
Fraxinus,2022-operational,Buchs,"0,91","4,4279",11.03.2024,12.04.2024,"19,2047","1,01","0,0526","0,521"
Fraxinus,2022-operational,Buchs,"0,92","4,5466",11.03.2024,12.04.2024,"18,6602","0,9607","0,0515","0,5219"
Fraxinus,2022-operational,Buchs,"0,93","4,703",11.03.2024,12.04.2024,"18,0125","0,9057","0,0503","0,5237"
Fraxinus,2022-operational,Buchs,"0,94","4,8756",11.03.2024,12.04.2024,"17,3548","0,8451","0,0487","0,5248"
Fraxinus,2022-operational,Buchs,"0,95","5,0828",11.03.2024,12.04.2024,"16,6371","0,7833","0,0471","0,5269"
Fraxinus,2022-operational,Buchs,"0,96","5,3693",11.03.2024,12.04.2024,"15,7328","0,7106","0,0452","0,5311"
Fraxinus,2022-operational,Buchs,"0,97","5,7556",11.03.2024,12.04.2024,"14,6395","0,6247","0,0427","0,5347"
Fraxinus,2022-operational,Buchs,"0,98","6,3327",11.03.2024,12.04.2024,"13,2285","0,52","0,0393","0,5367"
Fraxinus,2022-operational,Buchs,"0,99","7,5841",11.03.2024,12.04.2024,"10,9225","0,3798","0,0348","0,5481"
Fraxinus,2022-operational,Buchs,"0,999","15,7282",11.03.2024,12.04.2024,"5,1269","0,1223","0,0239","0,5707"
Fraxinus,2022-operational,Buchs,"0,9999","43,212",11.03.2024,12.04.2024,"1,7987","0,0321","0,0178","0,6352"
Fraxinus,2022-operational,Buchs,1,"157,3707",11.03.2024,12.04.2024,"0,4661","0,0058","0,0124","0,712"
Fraxinus,2022-operational,Buchs,1,"950,6377",11.03.2024,12.04.2024,"0,0721","0,0005","0,0073","0,7271"
Fraxinus,2022-operational,Buchs,1,1000,11.03.2024,12.04.2024,"0,0095","0,0001","0,0093","0,4481"
Pinaceae,2022-operational,Buchs,0,"2,3755",06.04.2024,22.04.2024,"13,567","2,7361","0,2017","0,6619"
Pinaceae,2022-operational,Buchs,"0,2","2,3755",06.04.2024,22.04.2024,"13,567","2,7361","0,2017","0,6619"
Pinaceae,2022-operational,Buchs,"0,4","2,3753",06.04.2024,22.04.2024,"13,5599","2,7337","0,2016","0,663"
Pinaceae,2022-operational,Buchs,"0,6","2,3883",06.04.2024,22.04.2024,"13,4322","2,6945","0,2006","0,6699"
Pinaceae,2022-operational,Buchs,"0,75","2,4065",06.04.2024,22.04.2024,"13,2974","2,644","0,1988","0,675"
Pinaceae,2022-operational,Buchs,"0,8","2,4176",06.04.2024,22.04.2024,"13,232","2,6249","0,1984","0,677"
Pinaceae,2022-operational,Buchs,"0,85","2,4277",06.04.2024,22.04.2024,"13,1657","2,5998","0,1975","0,68"
Pinaceae,2022-operational,Buchs,"0,9","2,4437",06.04.2024,22.04.2024,"13,0523","2,5688","0,1968","0,6846"
Pinaceae,2022-operational,Buchs,"0,91","2,4471",06.04.2024,22.04.2024,"13,0288","2,5608","0,1965","0,6851"
Pinaceae,2022-operational,Buchs,"0,92","2,4537",06.04.2024,22.04.2024,"12,9921","2,5518","0,1964","0,6866"
Pinaceae,2022-operational,Buchs,"0,93","2,4606",06.04.2024,22.04.2024,"12,9553","2,541","0,1961","0,6864"
Pinaceae,2022-operational,Buchs,"0,94","2,4648",06.04.2024,22.04.2024,"12,9185","2,5308","0,1959","0,6873"
Pinaceae,2022-operational,Buchs,"0,95","2,4713",06.04.2024,22.04.2024,"12,8807","2,5185","0,1955","0,6891"
Pinaceae,2022-operational,Buchs,"0,96","2,4774",06.04.2024,22.04.2024,"12,8419","2,5046","0,195","0,6905"
Pinaceae,2022-operational,Buchs,"0,97","2,4867",06.04.2024,22.04.2024,"12,7858","2,4847","0,1943","0,6918"
Pinaceae,2022-operational,Buchs,"0,98","2,5011",06.04.2024,22.04.2024,"12,6979","2,4558","0,1934","0,6947"
Pinaceae,2022-operational,Buchs,"0,99","2,53",06.04.2024,22.04.2024,"12,5294","2,4089","0,1923","0,6989"
Pinaceae,2022-operational,Buchs,"0,999","2,6236",06.04.2024,22.04.2024,"12,0556","2,248","0,1865","0,714"
Pinaceae,2022-operational,Buchs,"0,9999","2,7481",06.04.2024,22.04.2024,"11,548","2,0836","0,1804","0,7197"
Pinaceae,2022-operational,Buchs,1,"2,8959",06.04.2024,22.04.2024,"10,9945","1,9108","0,1738","0,728"
Pinaceae,2022-operational,Buchs,1,"3,0684",06.04.2024,22.04.2024,"10,4236","1,7244","0,1654","0,7375"
Pinaceae,2022-operational,Buchs,1,"3,2254",06.04.2024,22.04.2024,"9,9722","1,5844","0,1589","0,7422"
Poaceae,2022-operational,Buchs,0,"3,4323",24.04.2024,03.08.2024,"15,3516","3,7553","0,2446","0,7092"
Poaceae,2022-operational,Buchs,"0,2","3,4323",24.04.2024,03.08.2024,"15,3514","3,7553","0,2446","0,7092"
Poaceae,2022-operational,Buchs,"0,4","3,4342",24.04.2024,03.08.2024,"15,2679","3,6829","0,2412","0,7117"
Poaceae,2022-operational,Buchs,"0,6","3,5799",24.04.2024,03.08.2024,"14,4731","3,3028","0,2282","0,7204"
Poaceae,2022-operational,Buchs,"0,75","3,8017",24.04.2024,03.08.2024,"13,5509","2,9133","0,215","0,7312"
Poaceae,2022-operational,Buchs,"0,8","3,9002",24.04.2024,03.08.2024,"13,1831","2,7682","0,21","0,7329"
Poaceae,2022-operational,Buchs,"0,85","4,0194",24.04.2024,03.08.2024,"12,7494","2,6045","0,2043","0,7389"
Poaceae,2022-operational,Buchs,"0,9","4,2063",24.04.2024,03.08.2024,"12,2137","2,4006","0,1966","0,7449"
Poaceae,2022-operational,Buchs,"0,91","4,2515",24.04.2024,03.08.2024,"12,0791","2,3537","0,1949","0,7461"
Poaceae,2022-operational,Buchs,"0,92","4,3041",24.04.2024,03.08.2024,"11,9211","2,3019","0,1931","0,7472"
Poaceae,2022-operational,Buchs,"0,93","4,3651",24.04.2024,03.08.2024,"11,7584","2,2548","0,1918","0,7484"
Poaceae,2022-operational,Buchs,"0,94","4,442",24.04.2024,03.08.2024,"11,5728","2,1941","0,1896","0,7501"
Poaceae,2022-operational,Buchs,"0,95","4,5288",24.04.2024,03.08.2024,"11,3521","2,1258","0,1873","0,7517"
Poaceae,2022-operational,Buchs,"0,96","4,6297",24.04.2024,03.08.2024,"11,0935","2,0523","0,185","0,755"
Poaceae,2022-operational,Buchs,"0,97","4,7593",24.04.2024,03.08.2024,"10,7826","1,9576","0,1815","0,7551"
Poaceae,2022-operational,Buchs,"0,98","5,0207",24.04.2024,03.08.2024,"10,3464","1,8301","0,1769","0,7571"
Poaceae,2022-operational,Buchs,"0,99","5,4754",24.04.2024,03.08.2024,"9,6577","1,6402","0,1698","0,7603"
Poaceae,2022-operational,Buchs,"0,999","7,5994",24.04.2024,03.08.2024,"7,661","1,1556","0,1508","0,7678"
Poaceae,2022-operational,Buchs,"0,9999","10,5309",24.04.2024,03.08.2024,"6,0555","0,8284","0,1368","0,7697"
Poaceae,2022-operational,Buchs,1,"15,6948",24.04.2024,03.08.2024,"4,7579","0,5928","0,1246","0,7688"
Poaceae,2022-operational,Buchs,1,"22,8613",24.04.2024,03.08.2024,"3,7341","0,417","0,1117","0,7766"
Poaceae,2022-operational,Buchs,1,"30,008",24.04.2024,03.08.2024,"3,1025","0,322","0,1038","0,7762"
Populus,2022-operational,Buchs,0,"3,9743",15.02.2024,24.02.2024,"3,5313","3,7658","1,0664","0,0459"
Populus,2022-operational,Buchs,"0,2","3,9743",15.02.2024,24.02.2024,"3,5313","3,7656","1,0664","0,0459"
Populus,2022-operational,Buchs,"0,4","4,1169",15.02.2024,24.02.2024,"3,408","3,6802","1,0799","0,0434"
Populus,2022-operational,Buchs,"0,6","5,1049",15.02.2024,24.02.2024,"2,7847","3,1037","1,1146","0,0344"
Populus,2022-operational,Buchs,"0,75","6,4167",15.02.2024,24.02.2024,"2,2691","2,5554","1,1262","0,0246"
Populus,2022-operational,Buchs,"0,8","7,0065",15.02.2024,24.02.2024,"2,0729","2,3484","1,1329","0,0212"
Populus,2022-operational,Buchs,"0,85","7,8739",15.02.2024,24.02.2024,"1,8542","2,1175","1,142","0,0151"
Populus,2022-operational,Buchs,"0,9","9,0409",15.02.2024,24.02.2024,"1,6024","1,8387","1,1474","0,0121"
Populus,2022-operational,Buchs,"0,91","9,419",15.02.2024,24.02.2024,"1,533","1,7743","1,1574","0,0104"
Populus,2022-operational,Buchs,"0,92","9,7206",15.02.2024,24.02.2024,"1,4774","1,7094","1,157","0,0096"
Populus,2022-operational,Buchs,"0,93","10,2635",15.02.2024,24.02.2024,"1,4045","1,6336","1,1631","0,0071"
Populus,2022-operational,Buchs,"0,94","10,8855",15.02.2024,24.02.2024,"1,3125","1,5535","1,1836","0,0032"
Populus,2022-operational,Buchs,"0,95","11,4817",15.02.2024,24.02.2024,"1,2344","1,4645","1,1864","0,0027"
Populus,2022-operational,Buchs,"0,96","12,2581",15.02.2024,24.02.2024,"1,1441","1,3611","1,1896","-0,0012"
Populus,2022-operational,Buchs,"0,97","13,5838",15.02.2024,24.02.2024,"1,0156","1,2347","1,2157","-0,007"
Populus,2022-operational,Buchs,"0,98","15,2414",15.02.2024,24.02.2024,"0,8941","1,073","1,2","-0,0075"
Populus,2022-operational,Buchs,"0,99","19,4159",15.02.2024,24.02.2024,"0,6927","0,8392","1,2115","-0,0094"
Populus,2022-operational,Buchs,"0,999","51,391",15.02.2024,24.02.2024,"0,2812","0,3494","1,2423","-0,0237"
Populus,2022-operational,Buchs,"0,9999","150,08",15.02.2024,24.02.2024,"0,0938","0,1271","1,3562","-0,0616"
Populus,2022-operational,Buchs,1,"362,9419",15.02.2024,24.02.2024,"0,0399","0,0407","1,0185","-0,0458"
Populus,2022-operational,Buchs,1,1000,15.02.2024,24.02.2024,"0,0052","0,0106","2,0386","-0,1275"
Populus,2022-operational,Buchs,1,1000,15.02.2024,24.02.2024,"0,0017","0,0045","2,6101","-0,1163"
Quercus,2022-operational,Buchs,0,"3,9104",05.04.2024,17.05.2024,"12,4463","2,457","0,1974","0,3451"
Quercus,2022-operational,Buchs,"0,2","3,9104",05.04.2024,17.05.2024,"12,4459","2,4568","0,1974","0,3451"
Quercus,2022-operational,Buchs,"0,4","3,926",05.04.2024,17.05.2024,"12,3632","2,399","0,194","0,3472"
Quercus,2022-operational,Buchs,"0,6","4,0488",05.04.2024,17.05.2024,"11,7846","2,0894","0,1773","0,359"
Quercus,2022-operational,Buchs,"0,75","4,2098",05.04.2024,17.05.2024,"11,1297","1,8081","0,1625","0,3662"
Quercus,2022-operational,Buchs,"0,8","4,2785",05.04.2024,17.05.2024,"10,8697","1,7081","0,1571","0,3669"
Quercus,2022-operational,Buchs,"0,85","4,359",05.04.2024,17.05.2024,"10,5754","1,5884","0,1502","0,3744"
Quercus,2022-operational,Buchs,"0,9","4,465",05.04.2024,17.05.2024,"10,2249","1,4451","0,1413","0,3796"
Quercus,2022-operational,Buchs,"0,91","4,4888",05.04.2024,17.05.2024,"10,1353","1,4109","0,1392","0,3827"
Quercus,2022-operational,Buchs,"0,92","4,5187",05.04.2024,17.05.2024,"10,0388","1,3748","0,137","0,3828"
Quercus,2022-operational,Buchs,"0,93","4,5562",05.04.2024,17.05.2024,"9,9229","1,3355","0,1346","0,3862"
Quercus,2022-operational,Buchs,"0,94","4,5959",05.04.2024,17.05.2024,"9,7949","1,2927","0,132","0,3892"
Quercus,2022-operational,Buchs,"0,95","4,6415",05.04.2024,17.05.2024,"9,6588","1,2429","0,1287","0,392"
Quercus,2022-operational,Buchs,"0,96","4,7097",05.04.2024,17.05.2024,"9,4634","1,1904","0,1258","0,3945"
Quercus,2022-operational,Buchs,"0,97","4,7916",05.04.2024,17.05.2024,"9,2418","1,1255","0,1218","0,3979"
Quercus,2022-operational,Buchs,"0,98","4,906",05.04.2024,17.05.2024,"8,9277","1,0414","0,1167","0,404"
Quercus,2022-operational,Buchs,"0,99","5,1167",05.04.2024,17.05.2024,"8,4375","0,9129","0,1082","0,4115"
Quercus,2022-operational,Buchs,"0,999","6,0147",05.04.2024,17.05.2024,"6,8952","0,5967","0,0865","0,437"
Quercus,2022-operational,Buchs,"0,9999","7,4007",05.04.2024,17.05.2024,"5,3896","0,4067","0,0755","0,4355"
Quercus,2022-operational,Buchs,1,"9,7736",05.04.2024,17.05.2024,"3,9761","0,2802","0,0705","0,4425"
Quercus,2022-operational,Buchs,1,"13,9256",05.04.2024,17.05.2024,"2,7221","0,1946","0,0715","0,4381"
Quercus,2022-operational,Buchs,1,"18,8976",05.04.2024,17.05.2024,"1,963","0,15","0,0764","0,4305"
Taxus,2022-operational,Buchs,0,"5,1256",09.02.2024,07.03.2024,"24,1415","8,2192","0,3405","0,125"
Taxus,2022-operational,Buchs,"0,2","5,1256",09.02.2024,07.03.2024,"24,1409","8,2191","0,3405","0,125"
Taxus,2022-operational,Buchs,"0,4","5,1643",09.02.2024,07.03.2024,"23,9492","8,1053","0,3384","0,1247"
Taxus,2022-operational,Buchs,"0,6","5,8051",09.02.2024,07.03.2024,"21,1299","6,9542","0,3291","0,1214"
Taxus,2022-operational,Buchs,"0,75","6,9185",09.02.2024,07.03.2024,"17,6153","5,7112","0,3242","0,1201"
Taxus,2022-operational,Buchs,"0,8","7,4919",09.02.2024,07.03.2024,"16,2103","5,225","0,3223","0,118"
Taxus,2022-operational,Buchs,"0,85","8,241",09.02.2024,07.03.2024,"14,6056","4,6788","0,3203","0,113"
Taxus,2022-operational,Buchs,"0,9","9,5065",09.02.2024,07.03.2024,"12,56","3,9934","0,3179","0,1075"
Taxus,2022-operational,Buchs,"0,91","9,8819",09.02.2024,07.03.2024,"12,0719","3,8329","0,3175","0,1071"
Taxus,2022-operational,Buchs,"0,92","10,2897",09.02.2024,07.03.2024,"11,5654","3,6591","0,3164","0,1071"
Taxus,2022-operational,Buchs,"0,93","10,8325",09.02.2024,07.03.2024,"10,9757","3,4741","0,3165","0,105"
Taxus,2022-operational,Buchs,"0,94","11,5517",09.02.2024,07.03.2024,"10,303","3,2689","0,3173","0,1045"
Taxus,2022-operational,Buchs,"0,95","12,4466",09.02.2024,07.03.2024,"9,5546","3,0426","0,3184","0,101"
Taxus,2022-operational,Buchs,"0,96","13,6091",09.02.2024,07.03.2024,"8,6964","2,7784","0,3195","0,1007"
Taxus,2022-operational,Buchs,"0,97","15,1655",09.02.2024,07.03.2024,"7,7253","2,4686","0,3195","0,0939"
Taxus,2022-operational,Buchs,"0,98","18,0977",09.02.2024,07.03.2024,"6,4375","2,0728","0,322","0,0909"
Taxus,2022-operational,Buchs,"0,99","24,8147",09.02.2024,07.03.2024,"4,6387","1,5076","0,325","0,0818"
Taxus,2022-operational,Buchs,"0,999","84,0953",09.02.2024,07.03.2024,"1,3015","0,4681","0,3597","0,0364"
Taxus,2022-operational,Buchs,"0,9999","407,9197",09.02.2024,07.03.2024,"0,253","0,1186","0,4688","0,0063"
Taxus,2022-operational,Buchs,1,1000,09.02.2024,07.03.2024,"0,0397","0,0239","0,6013","-0,0625"
Taxus,2022-operational,Buchs,1,1000,09.02.2024,07.03.2024,"0,0068","0,0046","0,6771","0,012"
Taxus,2022-operational,Buchs,1,1000,09.02.2024,07.03.2024,"0,0006","0,0009","1,3793","-0,031"
Alnus,2022-operational,Luzern,0,"2,6641",07.02.2024,02.03.2024,"26,1371","6,1665","0,2359","0,508"
Alnus,2022-operational,Luzern,"0,2","2,6641",07.02.2024,02.03.2024,"26,1371","6,1658","0,2359","0,508"
Alnus,2022-operational,Luzern,"0,4","2,6787",07.02.2024,02.03.2024,"25,918","5,9975","0,2314","0,5108"
Alnus,2022-operational,Luzern,"0,6","2,8426",07.02.2024,02.03.2024,"24,0461","4,899","0,2037","0,5226"
Alnus,2022-operational,Luzern,"0,75","3,0456",07.02.2024,02.03.2024,"22,1103","3,8618","0,1747","0,5367"
Alnus,2022-operational,Luzern,"0,8","3,1285",07.02.2024,02.03.2024,"21,3118","3,503","0,1644","0,5411"
Alnus,2022-operational,Luzern,"0,85","3,2481",07.02.2024,02.03.2024,"20,3879","3,089","0,1515","0,549"
Alnus,2022-operational,Luzern,"0,9","3,4229",07.02.2024,02.03.2024,"19,2104","2,6127","0,136","0,5607"
Alnus,2022-operational,Luzern,"0,91","3,4696",07.02.2024,02.03.2024,"18,9373","2,5094","0,1325","0,5604"
Alnus,2022-operational,Luzern,"0,92","3,5222",07.02.2024,02.03.2024,"18,6296","2,3926","0,1284","0,5632"
Alnus,2022-operational,Luzern,"0,93","3,5755",07.02.2024,02.03.2024,"18,2977","2,2671","0,1239","0,5669"
Alnus,2022-operational,Luzern,"0,94","3,6463",07.02.2024,02.03.2024,"17,8914","2,1338","0,1193","0,5709"
Alnus,2022-operational,Luzern,"0,95","3,7388",07.02.2024,02.03.2024,"17,4091","1,9845","0,114","0,5746"
Alnus,2022-operational,Luzern,"0,96","3,8475",07.02.2024,02.03.2024,"16,869","1,8184","0,1078","0,5775"
Alnus,2022-operational,Luzern,"0,97","3,9929",07.02.2024,02.03.2024,"16,1863","1,6248","0,1004","0,5823"
Alnus,2022-operational,Luzern,"0,98","4,1992",07.02.2024,02.03.2024,"15,2918","1,3857","0,0906","0,5911"
Alnus,2022-operational,Luzern,"0,99","4,666",07.02.2024,02.03.2024,"13,7639","1,0486","0,0762","0,606"
Alnus,2022-operational,Luzern,"0,999","6,8743",07.02.2024,02.03.2024,"9,2128","0,4144","0,045","0,6457"
Alnus,2022-operational,Luzern,"0,9999","11,7494",07.02.2024,02.03.2024,"5,439","0,1669","0,0307","0,6905"
Alnus,2022-operational,Luzern,1,"24,251",07.02.2024,02.03.2024,"2,6597","0,0682","0,0256","0,7323"
Alnus,2022-operational,Luzern,1,"63,3809",07.02.2024,02.03.2024,1,"0,0251","0,0251","0,7411"
Alnus,2022-operational,Luzern,1,"153,0902",07.02.2024,02.03.2024,"0,4104","0,009","0,0218","0,7124"
Betula,2022-operational,Luzern,0,"6,9752",25.03.2024,19.04.2024,"45,2938","6,2463","0,1379","0,3685"
Betula,2022-operational,Luzern,"0,2","6,9754",25.03.2024,19.04.2024,"45,2924","6,2463","0,1379","0,3685"
Betula,2022-operational,Luzern,"0,4","7,1065",25.03.2024,19.04.2024,"44,411","6,0399","0,136","0,3701"
Betula,2022-operational,Luzern,"0,6","8,3416",25.03.2024,19.04.2024,"37,6875","4,6385","0,1231","0,3786"
Betula,2022-operational,Luzern,"0,75","10,1356",25.03.2024,19.04.2024,"30,9203","3,4122","0,1104","0,3894"
Betula,2022-operational,Luzern,"0,8","11,021",25.03.2024,19.04.2024,"28,3587","2,9895","0,1054","0,3922"
Betula,2022-operational,Luzern,"0,85","12,2708",25.03.2024,19.04.2024,"25,4037","2,5276","0,0995","0,3953"
Betula,2022-operational,Luzern,"0,9","14,2178",25.03.2024,19.04.2024,"21,8753","2,0032","0,0916","0,4053"
Betula,2022-operational,Luzern,"0,91","14,7875",25.03.2024,19.04.2024,"21,0266","1,8895","0,0899","0,4041"
Betula,2022-operational,Luzern,"0,92","15,4233",25.03.2024,19.04.2024,"20,1638","1,7658","0,0876","0,4083"
Betula,2022-operational,Luzern,"0,93","16,1966",25.03.2024,19.04.2024,"19,199","1,6388","0,0854","0,4074"
Betula,2022-operational,Luzern,"0,94","17,1456",25.03.2024,19.04.2024,"18,1366","1,5026","0,0829","0,4048"
Betula,2022-operational,Luzern,"0,95","18,3341",25.03.2024,19.04.2024,"16,9245","1,3553","0,0801","0,4073"
Betula,2022-operational,Luzern,"0,96","19,9988",25.03.2024,19.04.2024,"15,4849","1,1994","0,0775","0,4076"
Betula,2022-operational,Luzern,"0,97","22,2851",25.03.2024,19.04.2024,"13,8808","1,0264","0,0739","0,4114"
Betula,2022-operational,Luzern,"0,98","26,005",25.03.2024,19.04.2024,"11,8827","0,8056","0,0678","0,4205"
Betula,2022-operational,Luzern,"0,99","34,782",25.03.2024,19.04.2024,"8,8528","0,5287","0,0597","0,4284"
Betula,2022-operational,Luzern,"0,999","103,5154",25.03.2024,19.04.2024,"2,9244","0,1149","0,0393","0,4278"
Betula,2022-operational,Luzern,"0,9999","424,1816",25.03.2024,19.04.2024,"0,7232","0,02","0,0277","0,4811"
Betula,2022-operational,Luzern,1,1000,25.03.2024,19.04.2024,"0,1349","0,0036","0,027","0,5071"
Betula,2022-operational,Luzern,1,1000,25.03.2024,19.04.2024,"0,0154","0,0004","0,028","0,3807"
Betula,2022-operational,Luzern,1,1000,25.03.2024,19.04.2024,"0,0007","0,0001","0,2149","0,1737"
Corylus,2022-operational,Luzern,0,"12,6158",21.01.2024,24.02.2024,"7,0101","3,118","0,4448","0,3783"
Corylus,2022-operational,Luzern,"0,2","12,6158",21.01.2024,24.02.2024,"7,0101","3,1179","0,4448","0,3783"
Corylus,2022-operational,Luzern,"0,4","12,8243",21.01.2024,24.02.2024,"6,8894","3,0132","0,4374","0,3786"
Corylus,2022-operational,Luzern,"0,6","14,7278",21.01.2024,24.02.2024,"5,9504","2,3839","0,4006","0,3902"
Corylus,2022-operational,Luzern,"0,75","17,448",21.01.2024,24.02.2024,"5,0074","1,8218","0,3638","0,3989"
Corylus,2022-operational,Luzern,"0,8","18,765",21.01.2024,24.02.2024,"4,6406","1,6251","0,3502","0,4029"
Corylus,2022-operational,Luzern,"0,85","20,6058",21.01.2024,24.02.2024,"4,2028","1,4093","0,3353","0,4086"
Corylus,2022-operational,Luzern,"0,9","23,4269",21.01.2024,24.02.2024,"3,669","1,1601","0,3162","0,4171"
Corylus,2022-operational,Luzern,"0,91","24,302",21.01.2024,24.02.2024,"3,535","1,1042","0,3123","0,4164"
Corylus,2022-operational,Luzern,"0,92","25,2644",21.01.2024,24.02.2024,"3,4012","1,0468","0,3078","0,413"
Corylus,2022-operational,Luzern,"0,93","26,2923",21.01.2024,24.02.2024,"3,27","0,9804","0,2998","0,415"
Corylus,2022-operational,Luzern,"0,94","27,6003",21.01.2024,24.02.2024,"3,1065","0,9142","0,2943","0,4144"
Corylus,2022-operational,Luzern,"0,95","29,3221",21.01.2024,24.02.2024,"2,9228","0,8433","0,2885","0,418"
Corylus,2022-operational,Luzern,"0,96","31,6297",21.01.2024,24.02.2024,"2,6969","0,7602","0,2819","0,4244"
Corylus,2022-operational,Luzern,"0,97","34,8784",21.01.2024,24.02.2024,"2,4298","0,6701","0,2758","0,426"
Corylus,2022-operational,Luzern,"0,98","40,0331",21.01.2024,24.02.2024,"2,1104","0,5539","0,2624","0,4236"
Corylus,2022-operational,Luzern,"0,99","50,7154",21.01.2024,24.02.2024,"1,6413","0,3976","0,2422","0,4328"
Corylus,2022-operational,Luzern,"0,999","124,3997",21.01.2024,24.02.2024,"0,6453","0,1238","0,1918","0,4329"
Corylus,2022-operational,Luzern,"0,9999","356,0905",21.01.2024,24.02.2024,"0,2187","0,0355","0,1622","0,4471"
Corylus,2022-operational,Luzern,1,1000,21.01.2024,24.02.2024,"0,0701","0,0097","0,1386","0,4559"
Corylus,2022-operational,Luzern,1,1000,21.01.2024,24.02.2024,"0,0178","0,0023","0,1303","0,4151"
Corylus,2022-operational,Luzern,1,1000,21.01.2024,24.02.2024,"0,006","0,0006","0,0949","0,3012"
Cupressaceae,2022-operational,Luzern,0,"1,4959",15.02.2024,08.03.2024,"2,6676","3,2609","1,2224","0,2638"
Cupressaceae,2022-operational,Luzern,"0,2","1,4959",15.02.2024,08.03.2024,"2,6676","3,2609","1,2224","0,2638"
Cupressaceae,2022-operational,Luzern,"0,4","1,4765",15.02.2024,08.03.2024,"2,6158","3,2264","1,2334","0,2597"
Cupressaceae,2022-operational,Luzern,"0,6","1,5095",15.02.2024,08.03.2024,"2,2083","2,8834","1,3057","0,245"
Cupressaceae,2022-operational,Luzern,"0,75","1,6638",15.02.2024,08.03.2024,"1,779","2,4822","1,3953","0,2313"
Cupressaceae,2022-operational,Luzern,"0,8","1,7344",15.02.2024,08.03.2024,"1,6278","2,3431","1,4394","0,2267"
Cupressaceae,2022-operational,Luzern,"0,85","1,8271",15.02.2024,08.03.2024,"1,4779","2,1677","1,4668","0,2215"
Cupressaceae,2022-operational,Luzern,"0,9","1,8426",15.02.2024,08.03.2024,"1,3189","1,9455","1,4751","0,2107"
Cupressaceae,2022-operational,Luzern,"0,91","1,8821",15.02.2024,08.03.2024,"1,2697","1,8987","1,4953","0,2087"
Cupressaceae,2022-operational,Luzern,"0,92","1,9097",15.02.2024,08.03.2024,"1,2227","1,8464","1,5101","0,2063"
Cupressaceae,2022-operational,Luzern,"0,93","1,8975",15.02.2024,08.03.2024,"1,1801","1,7914","1,518","0,2048"
Cupressaceae,2022-operational,Luzern,"0,94","1,9489",15.02.2024,08.03.2024,"1,1164","1,7214","1,5419","0,2048"
Cupressaceae,2022-operational,Luzern,"0,95","1,987",15.02.2024,08.03.2024,"1,063","1,6476","1,5499","0,205"
Cupressaceae,2022-operational,Luzern,"0,96","1,949",15.02.2024,08.03.2024,"1,0004","1,5571","1,5566","0,1984"
Cupressaceae,2022-operational,Luzern,"0,97","2,0202",15.02.2024,08.03.2024,"0,9275","1,4565","1,5704","0,1882"
Cupressaceae,2022-operational,Luzern,"0,98","2,1523",15.02.2024,08.03.2024,"0,8342","1,3286","1,5926","0,1816"
Cupressaceae,2022-operational,Luzern,"0,99","2,1347",15.02.2024,08.03.2024,"0,6938","1,1247","1,6211","0,1669"
Cupressaceae,2022-operational,Luzern,"0,999","3,2958",15.02.2024,08.03.2024,"0,3702","0,6475","1,7492","0,1334"
Cupressaceae,2022-operational,Luzern,"0,9999","5,92",15.02.2024,08.03.2024,"0,204","0,358","1,7544","0,0782"
Cupressaceae,2022-operational,Luzern,1,"9,8147",15.02.2024,08.03.2024,"0,1229","0,1938","1,5777","0,0679"
Cupressaceae,2022-operational,Luzern,1,"18,7786",15.02.2024,08.03.2024,"0,0571","0,0987","1,7269","0,0153"
Cupressaceae,2022-operational,Luzern,1,"36,3713",15.02.2024,08.03.2024,"0,0325","0,0543","1,6723","0,0098"
Fagus,2022-operational,Luzern,0,"7,7015",06.04.2024,16.05.2024,"1,3737","0,4036","0,2938","0,4633"
Fagus,2022-operational,Luzern,"0,2","7,7015",06.04.2024,16.05.2024,"1,3737","0,4036","0,2938","0,4633"
Fagus,2022-operational,Luzern,"0,4","7,7061",06.04.2024,16.05.2024,"1,3695","0,3975","0,2902","0,4631"
Fagus,2022-operational,Luzern,"0,6","8,0449",06.04.2024,16.05.2024,"1,3127","0,3494","0,2662","0,4697"
Fagus,2022-operational,Luzern,"0,75","8,5211",06.04.2024,16.05.2024,"1,2318","0,3014","0,2447","0,4792"
Fagus,2022-operational,Luzern,"0,8","8,7481",06.04.2024,16.05.2024,"1,2009","0,2834","0,236","0,4844"
Fagus,2022-operational,Luzern,"0,85","8,9929",06.04.2024,16.05.2024,"1,1683","0,2586","0,2213","0,486"
Fagus,2022-operational,Luzern,"0,9","9,2601",06.04.2024,16.05.2024,"1,123","0,2369","0,2109","0,4922"
Fagus,2022-operational,Luzern,"0,91","9,3266",06.04.2024,16.05.2024,"1,115","0,2316","0,2077","0,4944"
Fagus,2022-operational,Luzern,"0,92","9,4262",06.04.2024,16.05.2024,"1,1023","0,2272","0,2061","0,495"
Fagus,2022-operational,Luzern,"0,93","9,5697",06.04.2024,16.05.2024,"1,0874","0,2215","0,2037","0,4968"
Fagus,2022-operational,Luzern,"0,94","9,6895",06.04.2024,16.05.2024,"1,0709","0,2173","0,2029","0,499"
Fagus,2022-operational,Luzern,"0,95","9,8267",06.04.2024,16.05.2024,"1,0531","0,209","0,1985","0,5002"
Fagus,2022-operational,Luzern,"0,96","9,9967",06.04.2024,16.05.2024,"1,0358","0,1992","0,1923","0,5027"
Fagus,2022-operational,Luzern,"0,97","10,184",06.04.2024,16.05.2024,"1,0116","0,188","0,1859","0,5079"
Fagus,2022-operational,Luzern,"0,98","10,5361",06.04.2024,16.05.2024,"0,9693","0,1747","0,1802","0,5111"
Fagus,2022-operational,Luzern,"0,99","11,0612",06.04.2024,16.05.2024,"0,9155","0,1587","0,1734","0,517"
Fagus,2022-operational,Luzern,"0,999","12,9887",06.04.2024,16.05.2024,"0,7673","0,1071","0,1396","0,5409"
Fagus,2022-operational,Luzern,"0,9999","15,3587",06.04.2024,16.05.2024,"0,6373","0,0759","0,1191","0,5626"
Fagus,2022-operational,Luzern,1,"18,2353",06.04.2024,16.05.2024,"0,5293","0,0555","0,1049","0,5891"
Fagus,2022-operational,Luzern,1,"22,0282",06.04.2024,16.05.2024,"0,4353","0,0405","0,093","0,612"
Fagus,2022-operational,Luzern,1,"25,8559",06.04.2024,16.05.2024,"0,371","0,0321","0,0866","0,6123"
Fraxinus,2022-operational,Luzern,0,"1,6227",22.03.2024,12.04.2024,"45,8763","4,2226","0,092","0,5162"
Fraxinus,2022-operational,Luzern,"0,2","1,6227",22.03.2024,12.04.2024,"45,8763","4,2221","0,092","0,5162"
Fraxinus,2022-operational,Luzern,"0,4","1,6476",22.03.2024,12.04.2024,"45,222","4,0937","0,0905","0,5164"
Fraxinus,2022-operational,Luzern,"0,6","1,897",22.03.2024,12.04.2024,"39,6193","3,2806","0,0828","0,5222"
Fraxinus,2022-operational,Luzern,"0,75","2,2332",22.03.2024,12.04.2024,"33,9863","2,535","0,0746","0,5338"
Fraxinus,2022-operational,Luzern,"0,8","2,3977",22.03.2024,12.04.2024,"31,7852","2,275","0,0716","0,5392"
Fraxinus,2022-operational,Luzern,"0,85","2,6126",22.03.2024,12.04.2024,"29,2787","1,9754","0,0675","0,5439"
Fraxinus,2022-operational,Luzern,"0,9","2,931",22.03.2024,12.04.2024,"26,2221","1,6481","0,0629","0,5502"
Fraxinus,2022-operational,Luzern,"0,91","3,0193",22.03.2024,12.04.2024,"25,4834","1,5725","0,0617","0,5511"
Fraxinus,2022-operational,Luzern,"0,92","3,1224",22.03.2024,12.04.2024,"24,6697","1,4932","0,0605","0,5526"
Fraxinus,2022-operational,Luzern,"0,93","3,2446",22.03.2024,12.04.2024,"23,7717","1,4094","0,0593","0,5525"
Fraxinus,2022-operational,Luzern,"0,94","3,3988",22.03.2024,12.04.2024,"22,7354","1,3153","0,0579","0,5558"
Fraxinus,2022-operational,Luzern,"0,95","3,587",22.03.2024,12.04.2024,"21,5801","1,2153","0,0563","0,5563"
Fraxinus,2022-operational,Luzern,"0,96","3,8414",22.03.2024,12.04.2024,"20,2233","1,0927","0,054","0,5585"
Fraxinus,2022-operational,Luzern,"0,97","4,1914",22.03.2024,12.04.2024,"18,6054","0,974","0,0523","0,5578"
Fraxinus,2022-operational,Luzern,"0,98","4,7568",22.03.2024,12.04.2024,"16,4627","0,8196","0,0498","0,558"
Fraxinus,2022-operational,Luzern,"0,99","5,887",22.03.2024,12.04.2024,"13,3788","0,6005","0,0449","0,5604"
Fraxinus,2022-operational,Luzern,"0,999","13,8976",22.03.2024,12.04.2024,"5,7152","0,2054","0,0359","0,5851"
Fraxinus,2022-operational,Luzern,"0,9999","42,8776",22.03.2024,12.04.2024,"1,8775","0,0538","0,0287","0,6233"
Fraxinus,2022-operational,Luzern,1,"197,5805",22.03.2024,12.04.2024,"0,4048","0,0126","0,0312","0,7313"
Fraxinus,2022-operational,Luzern,1,1000,22.03.2024,12.04.2024,"0,0734","0,0018","0,0246","0,7518"
Fraxinus,2022-operational,Luzern,1,1000,22.03.2024,12.04.2024,"0,0126",0,0,"0,4846"
Pinaceae,2022-operational,Luzern,0,"5,7222",06.04.2024,22.04.2024,"10,3638","2,3057","0,2225","0,7074"
Pinaceae,2022-operational,Luzern,"0,2","5,7222",06.04.2024,22.04.2024,"10,3638","2,3057","0,2225","0,7074"
Pinaceae,2022-operational,Luzern,"0,4","5,7242",06.04.2024,22.04.2024,"10,3536","2,3028","0,2224","0,7077"
Pinaceae,2022-operational,Luzern,"0,6","5,7479",06.04.2024,22.04.2024,"10,2985","2,2601","0,2195","0,7138"
Pinaceae,2022-operational,Luzern,"0,75","5,7756",06.04.2024,22.04.2024,"10,227","2,2131","0,2164","0,721"
Pinaceae,2022-operational,Luzern,"0,8","5,7887",06.04.2024,22.04.2024,"10,2025","2,1926","0,2149","0,7235"
Pinaceae,2022-operational,Luzern,"0,85","5,7999",06.04.2024,22.04.2024,"10,1749","2,1667","0,2129","0,7283"
Pinaceae,2022-operational,Luzern,"0,9","5,8209",06.04.2024,22.04.2024,"10,134","2,1351","0,2107","0,7355"
Pinaceae,2022-operational,Luzern,"0,91","5,8221",06.04.2024,22.04.2024,"10,13","2,1273","0,21","0,7369"
Pinaceae,2022-operational,Luzern,"0,92","5,8281",06.04.2024,22.04.2024,"10,1198","2,1177","0,2093","0,7385"
Pinaceae,2022-operational,Luzern,"0,93","5,8315",06.04.2024,22.04.2024,"10,1116","2,1067","0,2083","0,7393"
Pinaceae,2022-operational,Luzern,"0,94","5,835",06.04.2024,22.04.2024,"10,1034","2,0964","0,2075","0,7429"
Pinaceae,2022-operational,Luzern,"0,95","5,8405",06.04.2024,22.04.2024,"10,0901","2,0853","0,2067","0,7434"
Pinaceae,2022-operational,Luzern,"0,96","5,8477",06.04.2024,22.04.2024,"10,0769","2,068","0,2052","0,7442"
Pinaceae,2022-operational,Luzern,"0,97","5,8589",06.04.2024,22.04.2024,"10,0544","2,0486","0,2038","0,7477"
Pinaceae,2022-operational,Luzern,"0,98","5,8764",06.04.2024,22.04.2024,"10,0156","2,0239","0,2021","0,7528"
Pinaceae,2022-operational,Luzern,"0,99","5,8926",06.04.2024,22.04.2024,"9,9747","1,9765","0,1982","0,7573"
Pinaceae,2022-operational,Luzern,"0,999","5,9582",06.04.2024,22.04.2024,"9,8481","1,8364","0,1865","0,7758"
Pinaceae,2022-operational,Luzern,"0,9999","6,0258",06.04.2024,22.04.2024,"9,7266","1,6914","0,1739","0,7882"
Pinaceae,2022-operational,Luzern,1,"6,0865",06.04.2024,22.04.2024,"9,6193","1,5421","0,1603","0,7939"
Pinaceae,2022-operational,Luzern,1,"6,1704",06.04.2024,22.04.2024,"9,4866","1,3892","0,1464","0,8107"
Pinaceae,2022-operational,Luzern,1,"6,2234",06.04.2024,22.04.2024,"9,3977","1,2783","0,136","0,8123"
Platanus,2022-operational,Luzern,0,"1,5216",06.04.2024,18.04.2024,"17,6713","6,8617","0,3883","0,245"
Platanus,2022-operational,Luzern,"0,2","1,5217",06.04.2024,18.04.2024,"17,67","6,8614","0,3883","0,245"
Platanus,2022-operational,Luzern,"0,4","1,5805",06.04.2024,18.04.2024,"17,1144","6,7055","0,3918","0,2445"
Platanus,2022-operational,Luzern,"0,6","2,2504",06.04.2024,18.04.2024,"12,6046","5,1443","0,4081","0,2481"
Platanus,2022-operational,Luzern,"0,75","3,5177",06.04.2024,18.04.2024,"8,5789","3,6493","0,4254","0,2469"
Platanus,2022-operational,Luzern,"0,8","4,2384",06.04.2024,18.04.2024,"7,2781","3,1399","0,4314","0,2485"
Platanus,2022-operational,Luzern,"0,85","5,2997",06.04.2024,18.04.2024,"5,8705","2,61","0,4446","0,2486"
Platanus,2022-operational,Luzern,"0,9","7,3497",06.04.2024,18.04.2024,"4,3346","2,0252","0,4672","0,247"
Platanus,2022-operational,Luzern,"0,91","8,0578",06.04.2024,18.04.2024,"4,0073","1,893","0,4724","0,2465"
Platanus,2022-operational,Luzern,"0,92","8,8284",06.04.2024,18.04.2024,"3,6848","1,7595","0,4775","0,2455"
Platanus,2022-operational,Luzern,"0,93","9,7795",06.04.2024,18.04.2024,"3,3349","1,621","0,4861","0,2451"
Platanus,2022-operational,Luzern,"0,94","11,3463",06.04.2024,18.04.2024,"2,9263","1,4737","0,5036","0,2433"
Platanus,2022-operational,Luzern,"0,95","13,1332",06.04.2024,18.04.2024,"2,567","1,3188","0,5138","0,2454"
Platanus,2022-operational,Luzern,"0,96","15,8242",06.04.2024,18.04.2024,"2,1223","1,1553","0,5444","0,2428"
Platanus,2022-operational,Luzern,"0,97","20,2383",06.04.2024,18.04.2024,"1,6723","0,9843","0,5886","0,2442"
Platanus,2022-operational,Luzern,"0,98","29,1783",06.04.2024,18.04.2024,"1,1872","0,7699","0,6485","0,2499"
Platanus,2022-operational,Luzern,"0,99","56,9514",06.04.2024,18.04.2024,"0,6237","0,514","0,8242","0,2301"
Platanus,2022-operational,Luzern,"0,999","666,4779",06.04.2024,18.04.2024,"0,0588","0,1418","2,4126","0,2241"
Platanus,2022-operational,Luzern,"0,9999",1000,06.04.2024,18.04.2024,0,"0,0461",0,"-0,113"
Platanus,2022-operational,Luzern,1,1000,06.04.2024,18.04.2024,0,"0,0147",0,"-0,0832"
Platanus,2022-operational,Luzern,1,1000,06.04.2024,18.04.2024,0,"0,0041",0,"-0,0642"
Platanus,2022-operational,Luzern,1,1000,06.04.2024,18.04.2024,0,"0,0017",0,"-0,0642"
Poaceae,2022-operational,Luzern,0,"5,8282",05.04.2024,10.06.2024,"9,6861","10,0347","1,036","0,3062"
Poaceae,2022-operational,Luzern,"0,2","5,8282",05.04.2024,10.06.2024,"9,6861","10,0347","1,036","0,3062"
Poaceae,2022-operational,Luzern,"0,4","5,8981",05.04.2024,10.06.2024,"9,5726","9,9258","1,0369","0,3101"
Poaceae,2022-operational,Luzern,"0,6","6,3486",05.04.2024,10.06.2024,"8,8597","9,067","1,0234","0,3251"
Poaceae,2022-operational,Luzern,"0,75","6,8927",05.04.2024,10.06.2024,"8,0928","8,1717","1,0097","0,3345"
Poaceae,2022-operational,Luzern,"0,8","7,1495",05.04.2024,10.06.2024,"7,7815","7,8164","1,0045","0,3378"
Poaceae,2022-operational,Luzern,"0,85","7,4349",05.04.2024,10.06.2024,"7,4445","7,4042","0,9946","0,3435"
Poaceae,2022-operational,Luzern,"0,9","7,8392",05.04.2024,10.06.2024,"7,0087","6,9045","0,9851","0,3489"
Poaceae,2022-operational,Luzern,"0,91","7,9525",05.04.2024,10.06.2024,"6,9039","6,7896","0,9834","0,3507"
Poaceae,2022-operational,Luzern,"0,92","8,0925",05.04.2024,10.06.2024,"6,7828","6,6666","0,9829","0,352"
Poaceae,2022-operational,Luzern,"0,93","8,2264",05.04.2024,10.06.2024,"6,6648","6,5414","0,9815","0,3514"
Poaceae,2022-operational,Luzern,"0,94","8,3855",05.04.2024,10.06.2024,"6,5295","6,3949","0,9794","0,3516"
Poaceae,2022-operational,Luzern,"0,95","8,5755",05.04.2024,10.06.2024,"6,3665","6,2331","0,9791","0,3535"
Poaceae,2022-operational,Luzern,"0,96","8,8061",05.04.2024,10.06.2024,"6,1759","6,0374","0,9776","0,3544"
Poaceae,2022-operational,Luzern,"0,97","9,12",05.04.2024,10.06.2024,"5,9377","5,7846","0,9742","0,3572"
Poaceae,2022-operational,Luzern,"0,98","9,5923",05.04.2024,10.06.2024,"5,6243","5,4615","0,9711","0,3593"
Poaceae,2022-operational,Luzern,"0,99","10,3677",05.04.2024,10.06.2024,"5,1525","4,9724","0,9651","0,3655"
Poaceae,2022-operational,Luzern,"0,999","13,6013",05.04.2024,10.06.2024,"3,8208","3,715","0,9723","0,3589"
Poaceae,2022-operational,Luzern,"0,9999","17,5894",05.04.2024,10.06.2024,"2,8313","2,857","1,0091","0,3524"
Poaceae,2022-operational,Luzern,1,"22,6854",05.04.2024,10.06.2024,"2,1095","2,1888","1,0376","0,3507"
Poaceae,2022-operational,Luzern,1,"28,8719",05.04.2024,10.06.2024,"1,5702","1,6901","1,0764","0,347"
Poaceae,2022-operational,Luzern,1,"34,8284",05.04.2024,10.06.2024,"1,2604","1,3936","1,1057","0,3421"
Quercus,2022-operational,Luzern,0,"5,2965",07.04.2024,08.05.2024,"15,8611","2,2031","0,1389","0,386"
Quercus,2022-operational,Luzern,"0,2","5,2965",07.04.2024,08.05.2024,"15,8611","2,2031","0,1389","0,386"
Quercus,2022-operational,Luzern,"0,4","5,3263",07.04.2024,08.05.2024,"15,7412","2,14","0,136","0,3901"
Quercus,2022-operational,Luzern,"0,6","5,5213",07.04.2024,08.05.2024,"15,0646","1,8289","0,1214","0,4103"
Quercus,2022-operational,Luzern,"0,75","5,7659",07.04.2024,08.05.2024,"14,2996","1,5535","0,1086","0,4249"
Quercus,2022-operational,Luzern,"0,8","5,8734",07.04.2024,08.05.2024,"13,9898","1,4509","0,1037","0,4329"
Quercus,2022-operational,Luzern,"0,85","6,003",07.04.2024,08.05.2024,"13,6404","1,3443","0,0985","0,4442"
Quercus,2022-operational,Luzern,"0,9","6,1786",07.04.2024,08.05.2024,"13,203","1,2084","0,0915","0,45"
Quercus,2022-operational,Luzern,"0,91","6,2209",07.04.2024,08.05.2024,"13,0988","1,1759","0,0898","0,4521"
Quercus,2022-operational,Luzern,"0,92","6,2681",07.04.2024,08.05.2024,"12,98","1,1417","0,088","0,4545"
Quercus,2022-operational,Luzern,"0,93","6,3203",07.04.2024,08.05.2024,"12,852","1,1038","0,0859","0,4562"
Quercus,2022-operational,Luzern,"0,94","6,3841",07.04.2024,08.05.2024,"12,6952","1,0646","0,0839","0,4633"
Quercus,2022-operational,Luzern,"0,95","6,4603",07.04.2024,08.05.2024,"12,5058","1,0199","0,0816","0,4666"
Quercus,2022-operational,Luzern,"0,96","6,5535",07.04.2024,08.05.2024,"12,2953","0,9719","0,079","0,4726"
Quercus,2022-operational,Luzern,"0,97","6,6818",07.04.2024,08.05.2024,"12,0322","0,9076","0,0754","0,4798"
Quercus,2022-operational,Luzern,"0,98","6,8787",07.04.2024,08.05.2024,"11,634","0,8335","0,0716","0,4845"
Quercus,2022-operational,Luzern,"0,99","7,2284",07.04.2024,08.05.2024,"11,0002","0,725","0,0659","0,4966"
Quercus,2022-operational,Luzern,"0,999","8,7049",07.04.2024,08.05.2024,"8,9667","0,4629","0,0516","0,5177"
Quercus,2022-operational,Luzern,"0,9999","10,936",07.04.2024,08.05.2024,"7,0168","0,302","0,043","0,5259"
Quercus,2022-operational,Luzern,1,"14,6987",07.04.2024,08.05.2024,"5,1402","0,1964","0,0382","0,538"
Quercus,2022-operational,Luzern,1,"21,586",07.04.2024,08.05.2024,"3,4578","0,1273","0,0368","0,5325"
Quercus,2022-operational,Luzern,1,"30,5534",07.04.2024,08.05.2024,"2,443","0,0942","0,0386","0,5153"
Taxus,2022-operational,Luzern,0,"3,6873",10.02.2024,13.03.2024,"66,4767","9,8894","0,1488","0,4585"
Taxus,2022-operational,Luzern,"0,2","3,6874",10.02.2024,13.03.2024,"66,4762","9,8891","0,1488","0,4585"
Taxus,2022-operational,Luzern,"0,4","3,7132",10.02.2024,13.03.2024,"65,9993","9,7343","0,1475","0,4582"
Taxus,2022-operational,Luzern,"0,6","4,0336",10.02.2024,13.03.2024,"60,5855","8,4175","0,1389","0,4571"
Taxus,2022-operational,Luzern,"0,75","4,519",10.02.2024,13.03.2024,"53,8914","7,0249","0,1304","0,4613"
Taxus,2022-operational,Luzern,"0,8","4,7606",10.02.2024,13.03.2024,"51,0795","6,4751","0,1268","0,4628"
Taxus,2022-operational,Luzern,"0,85","5,1035",10.02.2024,13.03.2024,"47,5676","5,8646","0,1233","0,4657"
Taxus,2022-operational,Luzern,"0,9","5,6438",10.02.2024,13.03.2024,"42,9289","5,0869","0,1185","0,4701"
Taxus,2022-operational,Luzern,"0,91","5,7979",10.02.2024,13.03.2024,"41,7804","4,9037","0,1174","0,4707"
Taxus,2022-operational,Luzern,"0,92","5,977",10.02.2024,13.03.2024,"40,507","4,7152","0,1164","0,4725"
Taxus,2022-operational,Luzern,"0,93","6,1859",10.02.2024,13.03.2024,"39,0667","4,5016","0,1152","0,4718"
Taxus,2022-operational,Luzern,"0,94","6,4452",10.02.2024,13.03.2024,"37,4723","4,2679","0,1139","0,4716"
Taxus,2022-operational,Luzern,"0,95","6,7733",10.02.2024,13.03.2024,"35,6112","3,9964","0,1122","0,473"
Taxus,2022-operational,Luzern,"0,96","7,2092",10.02.2024,13.03.2024,"33,4526","3,6968","0,1105","0,4737"
Taxus,2022-operational,Luzern,"0,97","7,8261",10.02.2024,13.03.2024,"30,7273","3,3293","0,1083","0,4736"
Taxus,2022-operational,Luzern,"0,98","8,8505",10.02.2024,13.03.2024,"27,1197","2,8542","0,1052","0,4744"
Taxus,2022-operational,Luzern,"0,99","11,1616",10.02.2024,13.03.2024,"21,4474","2,1878","0,102","0,477"
Taxus,2022-operational,Luzern,"0,999","28,6495",10.02.2024,13.03.2024,"8,2673","0,7807","0,0944","0,4768"
Taxus,2022-operational,Luzern,"0,9999","103,3887",10.02.2024,13.03.2024,"2,304","0,2336","0,1014","0,462"
Taxus,2022-operational,Luzern,1,"488,3059",10.02.2024,13.03.2024,"0,4999","0,0563","0,1126","0,456"
Taxus,2022-operational,Luzern,1,1000,10.02.2024,13.03.2024,"0,0701","0,0124","0,1773","0,5091"
Taxus,2022-operational,Luzern,1,1000,10.02.2024,13.03.2024,"0,0164","0,0031","0,1872","0,4319"
Alnus,2022-operational,Neuchatel,0,"3,6044",03.02.2024,26.02.2024,"14,7538","2,0276","0,1374","0,4785"
Alnus,2022-operational,Neuchatel,"0,2","3,6044",03.02.2024,26.02.2024,"14,7538","2,0276","0,1374","0,4785"
Alnus,2022-operational,Neuchatel,"0,4","3,6456",03.02.2024,26.02.2024,"14,5831","1,9625","0,1346","0,4837"
Alnus,2022-operational,Neuchatel,"0,6","4,0298",03.02.2024,26.02.2024,"13,0991","1,5632","0,1193","0,4971"
Alnus,2022-operational,Neuchatel,"0,75","4,5674",03.02.2024,26.02.2024,"11,4761","1,2157","0,1059","0,5066"
Alnus,2022-operational,Neuchatel,"0,8","4,8278",03.02.2024,26.02.2024,"10,8489","1,0948","0,1009","0,5119"
Alnus,2022-operational,Neuchatel,"0,85","5,1607",03.02.2024,26.02.2024,"10,1347","0,9548","0,0942","0,523"
Alnus,2022-operational,Neuchatel,"0,9","5,6453",03.02.2024,26.02.2024,"9,223","0,7948","0,0862","0,5331"
Alnus,2022-operational,Neuchatel,"0,91","5,7556",03.02.2024,26.02.2024,"9,006","0,755","0,0838","0,5341"
Alnus,2022-operational,Neuchatel,"0,92","5,9002",03.02.2024,26.02.2024,"8,7817","0,7158","0,0815","0,5341"
Alnus,2022-operational,Neuchatel,"0,93","6,0702",03.02.2024,26.02.2024,"8,5314","0,6799","0,0797","0,5391"
Alnus,2022-operational,Neuchatel,"0,94","6,2468",03.02.2024,26.02.2024,"8,2775","0,6371","0,077","0,5439"
Alnus,2022-operational,Neuchatel,"0,95","6,5036",03.02.2024,26.02.2024,"7,9332","0,5935","0,0748","0,5478"
Alnus,2022-operational,Neuchatel,"0,96","6,8305",03.02.2024,26.02.2024,"7,5588","0,5376","0,0711","0,5572"
Alnus,2022-operational,Neuchatel,"0,97","7,291",03.02.2024,26.02.2024,"7,05","0,4764","0,0676","0,5608"
Alnus,2022-operational,Neuchatel,"0,98","8,0028",03.02.2024,26.02.2024,"6,4365","0,4091","0,0636","0,5697"
Alnus,2022-operational,Neuchatel,"0,99","9,3811",03.02.2024,26.02.2024,"5,4773","0,3045","0,0556","0,5813"
Alnus,2022-operational,Neuchatel,"0,999","16,7728",03.02.2024,26.02.2024,"3,0343","0,111","0,0366","0,6236"
Alnus,2022-operational,Neuchatel,"0,9999","35,1252",03.02.2024,26.02.2024,"1,4363","0,0363","0,0253","0,6677"
Alnus,2022-operational,Neuchatel,1,"93,5798",03.02.2024,26.02.2024,"0,5447","0,013","0,0239","0,6399"
Alnus,2022-operational,Neuchatel,1,"323,7737",03.02.2024,26.02.2024,"0,1562","0,0034","0,0219","0,6612"
Alnus,2022-operational,Neuchatel,1,"836,4016",03.02.2024,26.02.2024,"0,0571","0,0006","0,0102","0,5575"
Betula,2022-operational,Neuchatel,0,"2,1024",22.03.2024,18.04.2024,"36,4029","8,3354","0,229","0,4141"
Betula,2022-operational,Neuchatel,"0,2","2,1024",22.03.2024,18.04.2024,"36,4029","8,3352","0,229","0,4141"
Betula,2022-operational,Neuchatel,"0,4","2,1327",22.03.2024,18.04.2024,"35,8647","8,1509","0,2273","0,4146"
Betula,2022-operational,Neuchatel,"0,6","2,459",22.03.2024,18.04.2024,"31,0909","6,5288","0,21","0,4239"
Betula,2022-operational,Neuchatel,"0,75","2,9055",22.03.2024,18.04.2024,"26,2463","5,0179","0,1912","0,4318"
Betula,2022-operational,Neuchatel,"0,8","3,1261",22.03.2024,18.04.2024,"24,3477","4,4598","0,1832","0,4365"
Betula,2022-operational,Neuchatel,"0,85","3,4261",22.03.2024,18.04.2024,"22,2189","3,8402","0,1728","0,4434"
Betula,2022-operational,Neuchatel,"0,9","3,862",22.03.2024,18.04.2024,"19,6543","3,141","0,1598","0,4529"
Betula,2022-operational,Neuchatel,"0,91","3,9837",22.03.2024,18.04.2024,"19,0535","2,9781","0,1563","0,4527"
Betula,2022-operational,Neuchatel,"0,92","4,135",22.03.2024,18.04.2024,"18,3584","2,8137","0,1533","0,4541"
Betula,2022-operational,Neuchatel,"0,93","4,3214",22.03.2024,18.04.2024,"17,5889","2,6332","0,1497","0,4574"
Betula,2022-operational,Neuchatel,"0,94","4,5288",22.03.2024,18.04.2024,"16,7816","2,4373","0,1452","0,4611"
Betula,2022-operational,Neuchatel,"0,95","4,8064",22.03.2024,18.04.2024,"15,8205","2,221","0,1404","0,4595"
Betula,2022-operational,Neuchatel,"0,96","5,173",22.03.2024,18.04.2024,"14,6945","1,9836","0,135","0,4595"
Betula,2022-operational,Neuchatel,"0,97","5,6577",22.03.2024,18.04.2024,"13,434","1,7191","0,128","0,4582"
Betula,2022-operational,Neuchatel,"0,98","6,4681",22.03.2024,18.04.2024,"11,7567","1,4007","0,1191","0,4641"
Betula,2022-operational,Neuchatel,"0,99","8,1524",22.03.2024,18.04.2024,"9,2734","0,965","0,1041","0,4755"
Betula,2022-operational,Neuchatel,"0,999","18,9297",22.03.2024,18.04.2024,"3,9094","0,2468","0,0631","0,5007"
Betula,2022-operational,Neuchatel,"0,9999","55,7051",22.03.2024,18.04.2024,"1,3213","0,0458","0,0346","0,5391"
Betula,2022-operational,Neuchatel,1,"213,3766",22.03.2024,18.04.2024,"0,341","0,0062","0,0182","0,6004"
Betula,2022-operational,Neuchatel,1,"854,6501",22.03.2024,18.04.2024,"0,0688","0,0008","0,011","0,5875"
Betula,2022-operational,Neuchatel,1,1000,22.03.2024,18.04.2024,"0,0167","0,0002","0,009","0,5638"
Corylus,2022-operational,Neuchatel,0,"6,5836",30.01.2024,19.02.2024,"4,6576","0,9708","0,2084","0,3446"
Corylus,2022-operational,Neuchatel,"0,2","6,5847",30.01.2024,19.02.2024,"4,6558","0,9708","0,2085","0,3446"
Corylus,2022-operational,Neuchatel,"0,4","6,6864",30.01.2024,19.02.2024,"4,554","0,931","0,2044","0,3426"
Corylus,2022-operational,Neuchatel,"0,6","7,8475",30.01.2024,19.02.2024,"3,8227","0,7145","0,1869","0,3492"
Corylus,2022-operational,Neuchatel,"0,75","9,5641",30.01.2024,19.02.2024,"3,0905","0,5344","0,1729","0,3527"
Corylus,2022-operational,Neuchatel,"0,8","10,4674",30.01.2024,19.02.2024,"2,8364","0,4752","0,1676","0,3587"
Corylus,2022-operational,Neuchatel,"0,85","11,6493",30.01.2024,19.02.2024,"2,5513","0,4101","0,1607","0,3608"
Corylus,2022-operational,Neuchatel,"0,9","13,3002",30.01.2024,19.02.2024,"2,2039","0,3324","0,1508","0,353"
Corylus,2022-operational,Neuchatel,"0,91","13,8892",30.01.2024,19.02.2024,"2,1071","0,3139","0,149","0,3575"
Corylus,2022-operational,Neuchatel,"0,92","14,3861",30.01.2024,19.02.2024,"2,0211","0,2958","0,1464","0,3603"
Corylus,2022-operational,Neuchatel,"0,93","15,1283",30.01.2024,19.02.2024,"1,9081","0,2783","0,1459","0,3644"
Corylus,2022-operational,Neuchatel,"0,94","16,229",30.01.2024,19.02.2024,"1,7825","0,2573","0,1444","0,3659"
Corylus,2022-operational,Neuchatel,"0,95","17,4676",30.01.2024,19.02.2024,"1,666","0,2343","0,1406","0,3759"
Corylus,2022-operational,Neuchatel,"0,96","19,0329",30.01.2024,19.02.2024,"1,5287","0,2113","0,1382","0,3783"
Corylus,2022-operational,Neuchatel,"0,97","20,7428",30.01.2024,19.02.2024,"1,389","0,1843","0,1327","0,3772"
Corylus,2022-operational,Neuchatel,"0,98","24,3059",30.01.2024,19.02.2024,"1,1829","0,1514","0,128","0,3818"
Corylus,2022-operational,Neuchatel,"0,99","31,8667",30.01.2024,19.02.2024,"0,91","0,1046","0,1149","0,3995"
Corylus,2022-operational,Neuchatel,"0,999","87,8192",30.01.2024,19.02.2024,"0,3105","0,0309","0,0994","0,439"
Corylus,2022-operational,Neuchatel,"0,9999","277,099",30.01.2024,19.02.2024,"0,0873","0,0061","0,0695","0,4009"
Corylus,2022-operational,Neuchatel,1,"784,512",30.01.2024,19.02.2024,"0,0248","0,0011","0,0424","0,3445"
Corylus,2022-operational,Neuchatel,1,1000,30.01.2024,19.02.2024,"0,0074","0,0003","0,0458","0,346"
Corylus,2022-operational,Neuchatel,1,1000,30.01.2024,19.02.2024,"0,0025",0,0,"0,2338"
Cupressaceae,2022-operational,Neuchatel,0,"32,2402",02.04.2024,11.04.2024,"1,2274","1,8263","1,4879","0,402"
Cupressaceae,2022-operational,Neuchatel,"0,2","32,2402",02.04.2024,11.04.2024,"1,2274","1,8263","1,4879","0,402"
Cupressaceae,2022-operational,Neuchatel,"0,4","33,7008",02.04.2024,11.04.2024,"1,1753","1,8035","1,5344","0,3985"
Cupressaceae,2022-operational,Neuchatel,"0,6","43,3338",02.04.2024,11.04.2024,"0,9184","1,6154","1,7589","0,3794"
Cupressaceae,2022-operational,Neuchatel,"0,75","52,6424",02.04.2024,11.04.2024,"0,7431","1,4069","1,8934","0,3684"
Cupressaceae,2022-operational,Neuchatel,"0,8","56,8257",02.04.2024,11.04.2024,"0,6875","1,3363","1,9437","0,3616"
Cupressaceae,2022-operational,Neuchatel,"0,85","61,7335",02.04.2024,11.04.2024,"0,6302","1,2464","1,9778","0,3429"
Cupressaceae,2022-operational,Neuchatel,"0,9","70,886",02.04.2024,11.04.2024,"0,5556","1,1345","2,042","0,3407"
Cupressaceae,2022-operational,Neuchatel,"0,91","73,0492",02.04.2024,11.04.2024,"0,5365","1,1054","2,0606","0,3388"
Cupressaceae,2022-operational,Neuchatel,"0,92","76,662",02.04.2024,11.04.2024,"0,5139","1,0775","2,0967","0,3331"
Cupressaceae,2022-operational,Neuchatel,"0,93","79,5263",02.04.2024,11.04.2024,"0,4896","1,0445","2,1334","0,3383"
Cupressaceae,2022-operational,Neuchatel,"0,94","82,9839",02.04.2024,11.04.2024,"0,4722","1,0061","2,1305","0,337"
Cupressaceae,2022-operational,Neuchatel,"0,95","87,8598",02.04.2024,11.04.2024,"0,4479","0,9678","2,1607","0,3342"
Cupressaceae,2022-operational,Neuchatel,"0,96","93,3676",02.04.2024,11.04.2024,"0,4219","0,9217","2,1849","0,3282"
Cupressaceae,2022-operational,Neuchatel,"0,97","99,3434",02.04.2024,11.04.2024,"0,3924","0,8685","2,2136","0,3268"
Cupressaceae,2022-operational,Neuchatel,"0,98","108,1363",02.04.2024,11.04.2024,"0,3576","0,8028","2,2447","0,3174"
Cupressaceae,2022-operational,Neuchatel,"0,99","136,6216",02.04.2024,11.04.2024,"0,2743","0,6903","2,5165","0,2937"
Cupressaceae,2022-operational,Neuchatel,"0,999","226,7599",02.04.2024,11.04.2024,"0,1563","0,415","2,6559","0,261"
Cupressaceae,2022-operational,Neuchatel,"0,9999","463,9729",02.04.2024,11.04.2024,"0,0712","0,2471","3,4711","0,251"
Cupressaceae,2022-operational,Neuchatel,1,"933,12",02.04.2024,11.04.2024,"0,0226","0,1398","6,1944","0,1548"
Cupressaceae,2022-operational,Neuchatel,1,"955,2",02.04.2024,11.04.2024,"0,0191","0,0746","3,9046","0,1493"
Cupressaceae,2022-operational,Neuchatel,1,1000,02.04.2024,11.04.2024,"0,0139","0,044","3,1653","0,1597"
Fraxinus,2022-operational,Neuchatel,0,"2,4443",20.03.2024,11.04.2024,"29,0775","3,689","0,1269","0,5627"
Fraxinus,2022-operational,Neuchatel,"0,2","2,4443",20.03.2024,11.04.2024,"29,0775","3,689","0,1269","0,5627"
Fraxinus,2022-operational,Neuchatel,"0,4","2,4734",20.03.2024,11.04.2024,"28,7511","3,5936","0,125","0,5658"
Fraxinus,2022-operational,Neuchatel,"0,6","2,8192",20.03.2024,11.04.2024,"25,4305","2,8995","0,114","0,5805"
Fraxinus,2022-operational,Neuchatel,"0,75","3,3109",20.03.2024,11.04.2024,"21,7982","2,2654","0,1039","0,5966"
Fraxinus,2022-operational,Neuchatel,"0,8","3,5512",20.03.2024,11.04.2024,"20,3903","2,037","0,0999","0,6008"
Fraxinus,2022-operational,Neuchatel,"0,85","3,8812",20.03.2024,11.04.2024,"18,7139","1,7743","0,0948","0,6026"
Fraxinus,2022-operational,Neuchatel,"0,9","4,3687",20.03.2024,11.04.2024,"16,6796","1,4794","0,0887","0,6065"
Fraxinus,2022-operational,Neuchatel,"0,91","4,5051",20.03.2024,11.04.2024,"16,1927","1,4133","0,0873","0,605"
Fraxinus,2022-operational,Neuchatel,"0,92","4,6759",20.03.2024,11.04.2024,"15,6205","1,3475","0,0863","0,6059"
Fraxinus,2022-operational,Neuchatel,"0,93","4,8535",20.03.2024,11.04.2024,"15,0703","1,2742","0,0846","0,6074"
Fraxinus,2022-operational,Neuchatel,"0,94","5,0684",20.03.2024,11.04.2024,"14,4468","1,196","0,0828","0,6095"
Fraxinus,2022-operational,Neuchatel,"0,95","5,3509",20.03.2024,11.04.2024,"13,7085","1,1099","0,081","0,6141"
Fraxinus,2022-operational,Neuchatel,"0,96","5,7198",20.03.2024,11.04.2024,"12,8329","1,0132","0,079","0,616"
Fraxinus,2022-operational,Neuchatel,"0,97","6,2284",20.03.2024,11.04.2024,"11,7996","0,89","0,0754","0,6162"
Fraxinus,2022-operational,Neuchatel,"0,98","7,0695",20.03.2024,11.04.2024,"10,4047","0,7489","0,072","0,6245"
Fraxinus,2022-operational,Neuchatel,"0,99","8,8389",20.03.2024,11.04.2024,"8,3643","0,553","0,0661","0,6342"
Fraxinus,2022-operational,Neuchatel,"0,999","21,0865",20.03.2024,11.04.2024,"3,5356","0,1862","0,0527","0,6301"
Fraxinus,2022-operational,Neuchatel,"0,9999","62,3196",20.03.2024,11.04.2024,"1,1881","0,0514","0,0432","0,6534"
Fraxinus,2022-operational,Neuchatel,1,"241,0753",20.03.2024,11.04.2024,"0,3027","0,0106","0,0349","0,7049"
Fraxinus,2022-operational,Neuchatel,1,1000,20.03.2024,11.04.2024,"0,0476","0,0019","0,0396","0,7088"
Fraxinus,2022-operational,Neuchatel,1,1000,20.03.2024,11.04.2024,"0,0053","0,0006","0,1095","0,416"
Platanus,2022-operational,Neuchatel,0,"1,2156",02.04.2024,18.04.2024,"38,6709","16,8794","0,4365","0,2783"
Platanus,2022-operational,Neuchatel,"0,2","1,2156",02.04.2024,18.04.2024,"38,6709","16,8789","0,4365","0,2783"
Platanus,2022-operational,Neuchatel,"0,4","1,2311",02.04.2024,18.04.2024,"38,2644","16,7027","0,4365","0,2793"
Platanus,2022-operational,Neuchatel,"0,6","1,4727",02.04.2024,18.04.2024,"32,7709","13,9817","0,4266","0,2869"
Platanus,2022-operational,Neuchatel,"0,75","1,8904",02.04.2024,18.04.2024,"26,3855","10,8034","0,4094","0,2932"
Platanus,2022-operational,Neuchatel,"0,8","2,0999",02.04.2024,18.04.2024,"23,9946","9,6058","0,4003","0,2967"
Platanus,2022-operational,Neuchatel,"0,85","2,4111",02.04.2024,18.04.2024,"21,185","8,2612","0,39","0,3011"
Platanus,2022-operational,Neuchatel,"0,9","2,9395",02.04.2024,18.04.2024,"17,6545","6,6623","0,3774","0,3076"
Platanus,2022-operational,Neuchatel,"0,91","3,0885",02.04.2024,18.04.2024,"16,8855","6,3098","0,3737","0,3084"
Platanus,2022-operational,Neuchatel,"0,92","3,2855",02.04.2024,18.04.2024,"15,999","5,9197","0,37","0,3092"
Platanus,2022-operational,Neuchatel,"0,93","3,5092",02.04.2024,18.04.2024,"15,0543","5,4943","0,365","0,3155"
Platanus,2022-operational,Neuchatel,"0,94","3,7867",02.04.2024,18.04.2024,"14,0382","5,0389","0,3589","0,3179"
Platanus,2022-operational,Neuchatel,"0,95","4,1359",02.04.2024,18.04.2024,"12,9434","4,5403","0,3508","0,3172"
Platanus,2022-operational,Neuchatel,"0,96","4,6475",02.04.2024,18.04.2024,"11,5974","3,9886","0,3439","0,317"
Platanus,2022-operational,Neuchatel,"0,97","5,4088",02.04.2024,18.04.2024,"10,087","3,3593","0,333","0,3215"
Platanus,2022-operational,Neuchatel,"0,98","6,7269",02.04.2024,18.04.2024,"8,1415","2,6072","0,3202","0,3243"
Platanus,2022-operational,Neuchatel,"0,99","10,1075",02.04.2024,18.04.2024,"5,519","1,6576","0,3003","0,3231"
Platanus,2022-operational,Neuchatel,"0,999","51,2988",02.04.2024,18.04.2024,"1,1111","0,2936","0,2642","0,3501"
Platanus,2022-operational,Neuchatel,"0,9999","404,9866",02.04.2024,18.04.2024,"0,1154","0,0488","0,4226","0,2959"
Platanus,2022-operational,Neuchatel,1,1000,02.04.2024,18.04.2024,"0,0082","0,0092","1,1265","0,1348"
Platanus,2022-operational,Neuchatel,1,1000,02.04.2024,18.04.2024,0,"0,0024",0,"-0,1062"
Quercus,2022-operational,Neuchatel,0,"6,3532",21.04.2024,03.05.2024,"24,5646","4,1066","0,1672","0,4261"
Quercus,2022-operational,Neuchatel,"0,2","6,3532",21.04.2024,03.05.2024,"24,5646","4,1066","0,1672","0,4261"
Quercus,2022-operational,Neuchatel,"0,4","6,3623",21.04.2024,03.05.2024,"24,5219","4,0501","0,1652","0,4299"
Quercus,2022-operational,Neuchatel,"0,6","6,4634",21.04.2024,03.05.2024,"24,0144","3,7267","0,1552","0,4507"
Quercus,2022-operational,Neuchatel,"0,75","6,6002",21.04.2024,03.05.2024,"23,36","3,4026","0,1457","0,4669"
Quercus,2022-operational,Neuchatel,"0,8","6,6689",21.04.2024,03.05.2024,"23,101","3,2818","0,1421","0,4711"
Quercus,2022-operational,Neuchatel,"0,85","6,7571",21.04.2024,03.05.2024,"22,7738","3,147","0,1382","0,4809"
Quercus,2022-operational,Neuchatel,"0,9","6,8789",21.04.2024,03.05.2024,"22,3104","2,978","0,1335","0,4869"
Quercus,2022-operational,Neuchatel,"0,91","6,9062",21.04.2024,03.05.2024,"22,2049","2,9397","0,1324","0,4881"
Quercus,2022-operational,Neuchatel,"0,92","6,9465",21.04.2024,03.05.2024,"22,082","2,8879","0,1308","0,4939"
Quercus,2022-operational,Neuchatel,"0,93","6,9847",21.04.2024,03.05.2024,"21,9471","2,8403","0,1294","0,4969"
Quercus,2022-operational,Neuchatel,"0,94","7,0385",21.04.2024,03.05.2024,"21,7615","2,7825","0,1279","0,4973"
Quercus,2022-operational,Neuchatel,"0,95","7,0949",21.04.2024,03.05.2024,"21,5678","2,7143","0,1259","0,5004"
Quercus,2022-operational,Neuchatel,"0,96","7,1721",21.04.2024,03.05.2024,"21,3341","2,6331","0,1234","0,5037"
Quercus,2022-operational,Neuchatel,"0,97","7,281",21.04.2024,03.05.2024,"20,9816","2,5386","0,121","0,5066"
Quercus,2022-operational,Neuchatel,"0,98","7,4369",21.04.2024,03.05.2024,"20,4928","2,4133","0,1178","0,5082"
Quercus,2022-operational,Neuchatel,"0,99","7,7007",21.04.2024,03.05.2024,"19,7169","2,2203","0,1126","0,5186"
Quercus,2022-operational,Neuchatel,"0,999","9,0008",21.04.2024,03.05.2024,"16,7655","1,6788","0,1001","0,546"
Quercus,2022-operational,Neuchatel,"0,9999","11,14",21.04.2024,03.05.2024,"13,4148","1,2279","0,0915","0,5515"
Quercus,2022-operational,Neuchatel,1,"14,923",21.04.2024,03.05.2024,"9,9052","0,8581","0,0866","0,5329"
Quercus,2022-operational,Neuchatel,1,"22,3995",21.04.2024,03.05.2024,"6,5919","0,5583","0,0847","0,5266"
Quercus,2022-operational,Neuchatel,1,"31,7404",21.04.2024,03.05.2024,"4,5994","0,3869","0,0841","0,5154"
Taxus,2022-operational,Neuchatel,0,"3,6995",08.02.2024,08.03.2024,"56,5712","6,673","0,118","0,3976"
Taxus,2022-operational,Neuchatel,"0,2","3,6995",08.02.2024,08.03.2024,"56,5706","6,6729","0,118","0,3976"
Taxus,2022-operational,Neuchatel,"0,4","3,7225",08.02.2024,08.03.2024,"56,1854","6,5869","0,1172","0,3987"
Taxus,2022-operational,Neuchatel,"0,6","4,202",08.02.2024,08.03.2024,"49,4604","5,5488","0,1122","0,402"
Taxus,2022-operational,Neuchatel,"0,75","5,0648",08.02.2024,08.03.2024,"40,9391","4,4625","0,109","0,4008"
Taxus,2022-operational,Neuchatel,"0,8","5,489",08.02.2024,08.03.2024,"37,5701","4,0449","0,1077","0,3997"
Taxus,2022-operational,Neuchatel,"0,85","6,0883",08.02.2024,08.03.2024,"33,7159","3,5869","0,1064","0,3977"
Taxus,2022-operational,Neuchatel,"0,9","7,0866",08.02.2024,08.03.2024,"28,9209","3,0491","0,1054","0,4014"
Taxus,2022-operational,Neuchatel,"0,91","7,354",08.02.2024,08.03.2024,"27,7914","2,9271","0,1053","0,4011"
Taxus,2022-operational,Neuchatel,"0,92","7,6787",08.02.2024,08.03.2024,"26,5365","2,789","0,1051","0,4029"
Taxus,2022-operational,Neuchatel,"0,93","8,047",08.02.2024,08.03.2024,"25,1801","2,6562","0,1055","0,4007"
Taxus,2022-operational,Neuchatel,"0,94","8,5135",08.02.2024,08.03.2024,"23,7129","2,4905","0,105","0,4039"
Taxus,2022-operational,Neuchatel,"0,95","9,1869",08.02.2024,08.03.2024,"21,9253","2,3056","0,1052","0,3981"
Taxus,2022-operational,Neuchatel,"0,96","10,0655",08.02.2024,08.03.2024,"20,0555","2,1023","0,1048","0,3964"
Taxus,2022-operational,Neuchatel,"0,97","11,3179",08.02.2024,08.03.2024,"17,7639","1,8711","0,1053","0,3938"
Taxus,2022-operational,Neuchatel,"0,98","13,4976",08.02.2024,08.03.2024,"14,8726","1,5652","0,1052","0,3883"
Taxus,2022-operational,Neuchatel,"0,99","18,1419",08.02.2024,08.03.2024,"10,9151","1,1391","0,1044","0,3947"
Taxus,2022-operational,Neuchatel,"0,999","57,9179",08.02.2024,08.03.2024,"3,2293","0,3822","0,1183","0,3486"
Taxus,2022-operational,Neuchatel,"0,9999","226,0593",08.02.2024,08.03.2024,"0,7845","0,1228","0,1566","0,2892"
Taxus,2022-operational,Neuchatel,1,1000,08.02.2024,08.03.2024,"0,135","0,0386","0,2863","0,1507"
Taxus,2022-operational,Neuchatel,1,1000,08.02.2024,08.03.2024,"0,018","0,0121","0,6711","0,169"
Taxus,2022-operational,Neuchatel,1,1000,08.02.2024,08.03.2024,"0,0046","0,0051","1,1089","0,0776"
Alnus,2022-operational,Basel,0,"5,2413",02.02.2024,08.03.2024,"29,6549","2,6539","0,0895","0,642"
Alnus,2022-operational,Basel,"0,2","5,2413",02.02.2024,08.03.2024,"29,6544","2,6537","0,0895","0,642"
Alnus,2022-operational,Basel,"0,4","5,2901",02.02.2024,08.03.2024,"29,3423","2,5466","0,0868","0,6454"
Alnus,2022-operational,Basel,"0,6","5,8479",02.02.2024,08.03.2024,"26,4335","1,9942","0,0754","0,6573"
Alnus,2022-operational,Basel,"0,75","6,6401",02.02.2024,08.03.2024,"23,177","1,4976","0,0646","0,6737"
Alnus,2022-operational,Basel,"0,8","7,0154",02.02.2024,08.03.2024,"21,908","1,3313","0,0608","0,6743"
Alnus,2022-operational,Basel,"0,85","7,5288",02.02.2024,08.03.2024,"20,4027","1,1533","0,0565","0,6846"
Alnus,2022-operational,Basel,"0,9","8,2652",02.02.2024,08.03.2024,"18,5341","0,9439","0,0509","0,6891"
Alnus,2022-operational,Basel,"0,91","8,4644",02.02.2024,08.03.2024,"18,0824","0,8978","0,0497","0,6934"
Alnus,2022-operational,Basel,"0,92","8,6931",02.02.2024,08.03.2024,"17,5971","0,8481","0,0482","0,6965"
Alnus,2022-operational,Basel,"0,93","8,9849",02.02.2024,08.03.2024,"17,0285","0,7991","0,0469","0,702"
Alnus,2022-operational,Basel,"0,94","9,3129",02.02.2024,08.03.2024,"16,4094","0,7472","0,0455","0,7029"
Alnus,2022-operational,Basel,"0,95","9,7382",02.02.2024,08.03.2024,"15,6713","0,6872","0,0438","0,7045"
Alnus,2022-operational,Basel,"0,96","10,2616",02.02.2024,08.03.2024,"14,8559","0,6184","0,0416","0,7111"
Alnus,2022-operational,Basel,"0,97","10,9987",02.02.2024,08.03.2024,"13,835","0,5427","0,0392","0,7171"
Alnus,2022-operational,Basel,"0,98","12,1119",02.02.2024,08.03.2024,"12,525","0,4413","0,0352","0,7202"
Alnus,2022-operational,Basel,"0,99","14,4673",02.02.2024,08.03.2024,"10,453","0,3165","0,0303","0,7299"
Alnus,2022-operational,Basel,"0,999","28,6811",02.02.2024,08.03.2024,"5,2303","0,1056","0,0202","0,7529"
Alnus,2022-operational,Basel,"0,9999","67,0813",02.02.2024,08.03.2024,"2,2296","0,0312","0,014","0,7509"
Alnus,2022-operational,Basel,1,"185,175",02.02.2024,08.03.2024,"0,8101","0,0076","0,0094","0,7601"
Alnus,2022-operational,Basel,1,"630,1679",02.02.2024,08.03.2024,"0,2341","0,0018","0,0076","0,6964"
Alnus,2022-operational,Basel,1,1000,02.02.2024,08.03.2024,"0,0723","0,0011","0,0154","0,6006"
Betula,2022-operational,Basel,0,"1,4957",20.03.2024,18.04.2024,"52,0809","28,6574","0,5502","0,3216"
Betula,2022-operational,Basel,"0,2","1,4957",20.03.2024,18.04.2024,"52,0797","28,6572","0,5503","0,3216"
Betula,2022-operational,Basel,"0,4","1,5167",20.03.2024,18.04.2024,"51,3286","28,1498","0,5484","0,322"
Betula,2022-operational,Basel,"0,6","1,7855",20.03.2024,18.04.2024,"43,5476","22,9274","0,5265","0,3289"
Betula,2022-operational,Basel,"0,75","2,2016",20.03.2024,18.04.2024,"35,2747","17,663","0,5007","0,3345"
Betula,2022-operational,Basel,"0,8","2,4117",20.03.2024,18.04.2024,"32,1717","15,74","0,4893","0,3362"
Betula,2022-operational,Basel,"0,85","2,6916",20.03.2024,18.04.2024,"28,6936","13,6231","0,4748","0,3381"
Betula,2022-operational,Basel,"0,9","3,1568",20.03.2024,18.04.2024,"24,4375","11,126","0,4553","0,3426"
Betula,2022-operational,Basel,"0,91","3,2819",20.03.2024,18.04.2024,"23,4575","10,5611","0,4502","0,3443"
Betula,2022-operational,Basel,"0,92","3,4342",20.03.2024,18.04.2024,"22,3671","9,9826","0,4463","0,3436"
Betula,2022-operational,Basel,"0,93","3,6109",20.03.2024,18.04.2024,"21,2501","9,3312","0,4391","0,3472"
Betula,2022-operational,Basel,"0,94","3,8245",20.03.2024,18.04.2024,"20,0001","8,6289","0,4314","0,3493"
Betula,2022-operational,Basel,"0,95","4,1017",20.03.2024,18.04.2024,"18,6525","7,8895","0,423","0,3488"
Betula,2022-operational,Basel,"0,96","4,4757",20.03.2024,18.04.2024,"17,0374","7,0686","0,4149","0,3508"
Betula,2022-operational,Basel,"0,97","5,032",20.03.2024,18.04.2024,"15,1419","6,0714","0,401","0,3544"
Betula,2022-operational,Basel,"0,98","5,9526",20.03.2024,18.04.2024,"12,7812","4,8746","0,3814","0,3539"
Betula,2022-operational,Basel,"0,99","8,011",20.03.2024,18.04.2024,"9,4433","3,3075","0,3502","0,3591"
Betula,2022-operational,Basel,"0,999","24,8073",20.03.2024,18.04.2024,"2,956","0,7871","0,2663","0,3756"
Betula,2022-operational,Basel,"0,9999","99,6492",20.03.2024,18.04.2024,"0,7263","0,1406","0,1936","0,3964"
Betula,2022-operational,Basel,1,"531,4739",20.03.2024,18.04.2024,"0,1273","0,0185","0,1456","0,3611"
Betula,2022-operational,Basel,1,1000,20.03.2024,18.04.2024,"0,0122","0,0027","0,2211","0,2313"
Betula,2022-operational,Basel,1,1000,20.03.2024,18.04.2024,"0,0017","0,0006","0,3571","0,1236"
Corylus,2022-operational,Basel,0,"17,1279",26.01.2024,19.02.2024,"2,523","1,1203","0,444","0,3354"
Corylus,2022-operational,Basel,"0,2","17,1279",26.01.2024,19.02.2024,"2,523","1,1199","0,4439","0,3354"
Corylus,2022-operational,Basel,"0,4","18,2842",26.01.2024,19.02.2024,"2,4","1,0515","0,4381","0,346"
Corylus,2022-operational,Basel,"0,6","24,814",26.01.2024,19.02.2024,"1,7951","0,7598","0,4233","0,3473"
Corylus,2022-operational,Basel,"0,75","34,4086",26.01.2024,19.02.2024,"1,3231","0,5262","0,3977","0,3604"
Corylus,2022-operational,Basel,"0,8","39,883",26.01.2024,19.02.2024,"1,1508","0,4541","0,3946","0,3593"
Corylus,2022-operational,Basel,"0,85","47,1603",26.01.2024,19.02.2024,"0,9675","0,3746","0,3872","0,3548"
Corylus,2022-operational,Basel,"0,9","59,6207",26.01.2024,19.02.2024,"0,7765","0,2927","0,377","0,3493"
Corylus,2022-operational,Basel,"0,91","63,8982",26.01.2024,19.02.2024,"0,7265","0,275","0,3785","0,3457"
Corylus,2022-operational,Basel,"0,92","67,598",26.01.2024,19.02.2024,"0,6876","0,2529","0,3679","0,3602"
Corylus,2022-operational,Basel,"0,93","74,1214",26.01.2024,19.02.2024,"0,6265","0,2359","0,3765","0,3593"
Corylus,2022-operational,Basel,"0,94","80,862",26.01.2024,19.02.2024,"0,5743","0,2116","0,3685","0,3649"
Corylus,2022-operational,Basel,"0,95","87,1118",26.01.2024,19.02.2024,"0,5312","0,1868","0,3516","0,3734"
Corylus,2022-operational,Basel,"0,96","96,3179",26.01.2024,19.02.2024,"0,4785","0,1635","0,3418","0,372"
Corylus,2022-operational,Basel,"0,97","111,3013",26.01.2024,19.02.2024,"0,409","0,1367","0,3342","0,3565"
Corylus,2022-operational,Basel,"0,98","141,209",26.01.2024,19.02.2024,"0,3208","0,1029","0,3208","0,382"
Corylus,2022-operational,Basel,"0,99","210,0909",26.01.2024,19.02.2024,"0,2139","0,063","0,2947","0,3745"
Corylus,2022-operational,Basel,"0,999","682,7741",26.01.2024,19.02.2024,"0,0549","0,0155","0,2834","0,3724"
Corylus,2022-operational,Basel,"0,9999",1000,26.01.2024,19.02.2024,"0,0132","0,0036","0,2754","0,3854"
Corylus,2022-operational,Basel,1,1000,26.01.2024,19.02.2024,"0,0021",0,0,"0,1884"
Cupressaceae,2022-operational,Basel,0,"11,9614",11.02.2024,01.03.2024,"3,1224","1,4773","0,4731","0,4774"
Cupressaceae,2022-operational,Basel,"0,2","11,9614",11.02.2024,01.03.2024,"3,1224","1,4773","0,4731","0,4774"
Cupressaceae,2022-operational,Basel,"0,4","12,7583",11.02.2024,01.03.2024,"2,978","1,4504","0,487","0,4733"
Cupressaceae,2022-operational,Basel,"0,6","17,057",11.02.2024,01.03.2024,"2,307","1,2399","0,5374","0,457"
Cupressaceae,2022-operational,Basel,"0,75","23,4739",11.02.2024,01.03.2024,"1,7459","1,0482","0,6004","0,4435"
Cupressaceae,2022-operational,Basel,"0,8","26,3464",11.02.2024,01.03.2024,"1,5755","0,9848","0,6251","0,4342"
Cupressaceae,2022-operational,Basel,"0,85","30,5941",11.02.2024,01.03.2024,"1,3817","0,9094","0,6582","0,4245"
Cupressaceae,2022-operational,Basel,"0,9","35,5164",11.02.2024,01.03.2024,"1,1871","0,8085","0,6811","0,418"
Cupressaceae,2022-operational,Basel,"0,91","37,0663",11.02.2024,01.03.2024,"1,1374","0,7866","0,6916","0,4201"
Cupressaceae,2022-operational,Basel,"0,92","39,1248",11.02.2024,01.03.2024,"1,0823","0,7624","0,7045","0,4181"
Cupressaceae,2022-operational,Basel,"0,93","41,5517",11.02.2024,01.03.2024,"1,0276","0,7368","0,717","0,4188"
Cupressaceae,2022-operational,Basel,"0,94","44,1269",11.02.2024,01.03.2024,"0,9551","0,7082","0,7414","0,4111"
Cupressaceae,2022-operational,Basel,"0,95","47,0902",11.02.2024,01.03.2024,"0,8911","0,6761","0,7587","0,4045"
Cupressaceae,2022-operational,Basel,"0,96","51,3253",11.02.2024,01.03.2024,"0,8194","0,64","0,7811","0,3977"
Cupressaceae,2022-operational,Basel,"0,97","58,3247",11.02.2024,01.03.2024,"0,7333","0,5895","0,8039","0,3948"
Cupressaceae,2022-operational,Basel,"0,98","69,5694",11.02.2024,01.03.2024,"0,6233","0,5273","0,846","0,3901"
Cupressaceae,2022-operational,Basel,"0,99","91,3178",11.02.2024,01.03.2024,"0,4589","0,4345","0,9468","0,3664"
Cupressaceae,2022-operational,Basel,"0,999","189,8063",11.02.2024,01.03.2024,"0,1927","0,2301","1,1942","0,2853"
Cupressaceae,2022-operational,Basel,"0,9999","341,6815",11.02.2024,01.03.2024,"0,0955","0,1184","1,2404","0,2223"
Cupressaceae,2022-operational,Basel,1,"805,6854",11.02.2024,01.03.2024,"0,0356","0,055","1,5467","0,1318"
Cupressaceae,2022-operational,Basel,1,1000,11.02.2024,01.03.2024,"0,0139","0,0218","1,5679","0,0871"
Cupressaceae,2022-operational,Basel,1,1000,11.02.2024,01.03.2024,"0,0087","0,0098","1,1325","0,0889"
Fagus,2022-operational,Basel,0,"4,099",06.04.2024,05.05.2024,"1,6443","0,1114","0,0677","0,5548"
Fagus,2022-operational,Basel,"0,2","4,099",06.04.2024,05.05.2024,"1,6443","0,1114","0,0677","0,5548"
Fagus,2022-operational,Basel,"0,4","4,1159",06.04.2024,05.05.2024,"1,6377","0,1085","0,0663","0,5566"
Fagus,2022-operational,Basel,"0,6","4,3101",06.04.2024,05.05.2024,"1,5597","0,099","0,0635","0,5627"
Fagus,2022-operational,Basel,"0,75","4,6557",06.04.2024,05.05.2024,"1,4464","0,0875","0,0605","0,5638"
Fagus,2022-operational,Basel,"0,8","4,838",06.04.2024,05.05.2024,"1,3964","0,0837","0,0599","0,5638"
Fagus,2022-operational,Basel,"0,85","5,0403",06.04.2024,05.05.2024,"1,3394","0,0814","0,0608","0,5648"
Fagus,2022-operational,Basel,"0,9","5,2788",06.04.2024,05.05.2024,"1,2733","0,0774","0,0608","0,5682"
Fagus,2022-operational,Basel,"0,91","5,3394",06.04.2024,05.05.2024,"1,2563","0,0749","0,0596","0,5713"
Fagus,2022-operational,Basel,"0,92","5,4291",06.04.2024,05.05.2024,"1,2335","0,0741","0,0601","0,571"
Fagus,2022-operational,Basel,"0,93","5,5222",06.04.2024,05.05.2024,"1,213","0,0722","0,0596","0,5742"
Fagus,2022-operational,Basel,"0,94","5,6223",06.04.2024,05.05.2024,"1,1927","0,0716","0,0601","0,5747"
Fagus,2022-operational,Basel,"0,95","5,7118",06.04.2024,05.05.2024,"1,1709","0,0708","0,0605","0,5709"
Fagus,2022-operational,Basel,"0,96","5,8558",06.04.2024,05.05.2024,"1,1423","0,0687","0,0601","0,569"
Fagus,2022-operational,Basel,"0,97","6,0616",06.04.2024,05.05.2024,"1,1027","0,067","0,0608","0,5708"
Fagus,2022-operational,Basel,"0,98","6,3493",06.04.2024,05.05.2024,"1,0534","0,0648","0,0615","0,5652"
Fagus,2022-operational,Basel,"0,99","6,8119",06.04.2024,05.05.2024,"0,9829","0,0576","0,0586","0,5698"
Fagus,2022-operational,Basel,"0,999","8,6526",06.04.2024,05.05.2024,"0,77","0,0438","0,0569","0,575"
Fagus,2022-operational,Basel,"0,9999","11,1013",06.04.2024,05.05.2024,"0,5999","0,033","0,055","0,5694"
Fagus,2022-operational,Basel,1,"14,5288",06.04.2024,05.05.2024,"0,4647","0,0269","0,0578","0,5776"
Fagus,2022-operational,Basel,1,"18,8099",06.04.2024,05.05.2024,"0,3579","0,0216","0,0602","0,5913"
Fagus,2022-operational,Basel,1,"22,1613",06.04.2024,05.05.2024,"0,2957","0,0167","0,0563","0,6039"
Fraxinus,2022-operational,Basel,0,"1,3584",15.03.2024,11.04.2024,"34,453","7,0613","0,205","0,5665"
Fraxinus,2022-operational,Basel,"0,2","1,3584",15.03.2024,11.04.2024,"34,453","7,0613","0,205","0,5665"
Fraxinus,2022-operational,Basel,"0,4","1,3814",15.03.2024,11.04.2024,"33,9635","6,8608","0,202","0,5689"
Fraxinus,2022-operational,Basel,"0,6","1,6503",15.03.2024,11.04.2024,"29,1729","5,3661","0,1839","0,5838"
Fraxinus,2022-operational,Basel,"0,75","2,0334",15.03.2024,11.04.2024,"24,2616","4,0317","0,1662","0,6009"
Fraxinus,2022-operational,Basel,"0,8","2,2276",15.03.2024,11.04.2024,"22,3695","3,581","0,1601","0,6049"
Fraxinus,2022-operational,Basel,"0,85","2,494",15.03.2024,11.04.2024,"20,1937","3,097","0,1534","0,6108"
Fraxinus,2022-operational,Basel,"0,9","2,9177",15.03.2024,11.04.2024,"17,521","2,5333","0,1446","0,6213"
Fraxinus,2022-operational,Basel,"0,91","3,0335",15.03.2024,11.04.2024,"16,9085","2,4091","0,1425","0,6238"
Fraxinus,2022-operational,Basel,"0,92","3,1635",15.03.2024,11.04.2024,"16,2546","2,2724","0,1398","0,6278"
Fraxinus,2022-operational,Basel,"0,93","3,3108",15.03.2024,11.04.2024,"15,5724","2,1324","0,1369","0,6302"
Fraxinus,2022-operational,Basel,"0,94","3,499",15.03.2024,11.04.2024,"14,765","1,9845","0,1344","0,6336"
Fraxinus,2022-operational,Basel,"0,95","3,739",15.03.2024,11.04.2024,"13,8491","1,8179","0,1313","0,6373"
Fraxinus,2022-operational,Basel,"0,96","4,026",15.03.2024,11.04.2024,"12,8978","1,6285","0,1263","0,645"
Fraxinus,2022-operational,Basel,"0,97","4,4806",15.03.2024,11.04.2024,"11,6383","1,4176","0,1218","0,647"
Fraxinus,2022-operational,Basel,"0,98","5,2272",15.03.2024,11.04.2024,"10,05","1,1612","0,1155","0,6539"
Fraxinus,2022-operational,Basel,"0,99","6,8691",15.03.2024,11.04.2024,"7,6762","0,819","0,1067","0,6747"
Fraxinus,2022-operational,Basel,"0,999","18,8058",15.03.2024,11.04.2024,"2,8356","0,2381","0,084","0,7298"
Fraxinus,2022-operational,Basel,"0,9999","65,9767",15.03.2024,11.04.2024,"0,7899","0,0599","0,0759","0,7486"
Fraxinus,2022-operational,Basel,1,"297,1814",15.03.2024,11.04.2024,"0,1724","0,0113","0,0658","0,7205"
Fraxinus,2022-operational,Basel,1,1000,15.03.2024,11.04.2024,"0,0167","0,0012","0,0724","0,4731"
Fraxinus,2022-operational,Basel,1,1000,15.03.2024,11.04.2024,"0,0025",0,0,"0,225"
Pinaceae,2022-operational,Basel,0,"3,4935",09.04.2024,18.04.2024,"5,9549","1,6376","0,275","0,658"
Pinaceae,2022-operational,Basel,"0,2","3,4935",09.04.2024,18.04.2024,"5,9549","1,6376","0,275","0,658"
Pinaceae,2022-operational,Basel,"0,4","3,505",09.04.2024,18.04.2024,"5,9375","1,635","0,2754","0,6579"
Pinaceae,2022-operational,Basel,"0,6","3,5651",09.04.2024,18.04.2024,"5,8316","1,6065","0,2755","0,6637"
Pinaceae,2022-operational,Basel,"0,75","3,6307",09.04.2024,18.04.2024,"5,7186","1,5773","0,2758","0,6682"
Pinaceae,2022-operational,Basel,"0,8","3,6568",09.04.2024,18.04.2024,"5,677","1,5664","0,2759","0,6705"
Pinaceae,2022-operational,Basel,"0,85","3,6813",09.04.2024,18.04.2024,"5,6213","1,5522","0,2761","0,6759"
Pinaceae,2022-operational,Basel,"0,9","3,714",09.04.2024,18.04.2024,"5,571","1,5363","0,2758","0,6753"
Pinaceae,2022-operational,Basel,"0,91","3,7233",09.04.2024,18.04.2024,"5,5536","1,5318","0,2758","0,6758"
Pinaceae,2022-operational,Basel,"0,92","3,7327",09.04.2024,18.04.2024,"5,5328","1,5285","0,2763","0,6763"
Pinaceae,2022-operational,Basel,"0,93","3,7354",09.04.2024,18.04.2024,"5,5258","1,5231","0,2756","0,6789"
Pinaceae,2022-operational,Basel,"0,94","3,756",09.04.2024,18.04.2024,"5,4963","1,5175","0,2761","0,6797"
Pinaceae,2022-operational,Basel,"0,95","3,7751",09.04.2024,18.04.2024,"5,4581","1,5101","0,2767","0,6815"
Pinaceae,2022-operational,Basel,"0,96","3,7973",09.04.2024,18.04.2024,"5,4251","1,5024","0,2769","0,6858"
Pinaceae,2022-operational,Basel,"0,97","3,8161",09.04.2024,18.04.2024,"5,3904","1,4928","0,2769","0,6822"
Pinaceae,2022-operational,Basel,"0,98","3,8404",09.04.2024,18.04.2024,"5,3469","1,4798","0,2768","0,6863"
Pinaceae,2022-operational,Basel,"0,99","3,889",09.04.2024,18.04.2024,"5,2739","1,4574","0,2763","0,6801"
Pinaceae,2022-operational,Basel,"0,999","4,0312",09.04.2024,18.04.2024,"5,0742","1,3802","0,272","0,6832"
Pinaceae,2022-operational,Basel,"0,9999","4,2117",09.04.2024,18.04.2024,"4,8449","1,3002","0,2684","0,6949"
Pinaceae,2022-operational,Basel,1,"4,4124",09.04.2024,18.04.2024,"4,617","1,2188","0,264","0,7038"
Pinaceae,2022-operational,Basel,1,"4,5821",09.04.2024,18.04.2024,"4,4433","1,1339","0,2552","0,7125"
Pinaceae,2022-operational,Basel,1,"4,7381",09.04.2024,18.04.2024,"4,3009","1,0691","0,2486","0,7256"
Platanus,2022-operational,Basel,0,"2,6903",24.03.2024,18.04.2024,"55,9547","35,2722","0,6304","0,3117"
Platanus,2022-operational,Basel,"0,2","2,6903",24.03.2024,18.04.2024,"55,9547","35,2718","0,6304","0,3117"
Platanus,2022-operational,Basel,"0,4","2,7159",24.03.2024,18.04.2024,"55,4314","34,9208","0,63","0,3117"
Platanus,2022-operational,Basel,"0,6","3,1395",24.03.2024,18.04.2024,"48,0848","29,3671","0,6107","0,3164"
Platanus,2022-operational,Basel,"0,75","3,8284",24.03.2024,18.04.2024,"39,5873","22,9909","0,5808","0,3246"
Platanus,2022-operational,Basel,"0,8","4,181",24.03.2024,18.04.2024,"36,2924","20,516","0,5653","0,3286"
Platanus,2022-operational,Basel,"0,85","4,6927",24.03.2024,18.04.2024,"32,3548","17,6962","0,5469","0,3364"
Platanus,2022-operational,Basel,"0,9","5,5511",24.03.2024,18.04.2024,"27,3834","14,3116","0,5226","0,3433"
Platanus,2022-operational,Basel,"0,91","5,791",24.03.2024,18.04.2024,"26,2254","13,5143","0,5153","0,345"
Platanus,2022-operational,Basel,"0,92","6,0794",24.03.2024,18.04.2024,"24,9727","12,6791","0,5077","0,3452"
Platanus,2022-operational,Basel,"0,93","6,4457",24.03.2024,18.04.2024,"23,607","11,7771","0,4989","0,3476"
Platanus,2022-operational,Basel,"0,94","6,8983",24.03.2024,18.04.2024,"22,0685","10,8046","0,4896","0,3512"
Platanus,2022-operational,Basel,"0,95","7,478",24.03.2024,18.04.2024,"20,3443","9,7309","0,4783","0,355"
Platanus,2022-operational,Basel,"0,96","8,2773",24.03.2024,18.04.2024,"18,3809","8,5227","0,4637","0,3568"
Platanus,2022-operational,Basel,"0,97","9,5128",24.03.2024,18.04.2024,"16,0076","7,1197","0,4448","0,3627"
Platanus,2022-operational,Basel,"0,98","11,6533",24.03.2024,18.04.2024,"13,0557","5,5103","0,4221","0,3693"
Platanus,2022-operational,Basel,"0,99","17,1585",24.03.2024,18.04.2024,"8,832","3,352","0,3795","0,378"
Platanus,2022-operational,Basel,"0,999","93,1468",24.03.2024,18.04.2024,"1,6272","0,4447","0,2733","0,4306"
Platanus,2022-operational,Basel,"0,9999","889,3283",24.03.2024,18.04.2024,"0,1589","0,029","0,1822","0,4186"
Platanus,2022-operational,Basel,1,1000,24.03.2024,18.04.2024,"0,0107","0,0004","0,0369","0,4559"
Platanus,2022-operational,Basel,1,1000,24.03.2024,18.04.2024,"0,0007",0,0,"0,1314"
Populus,2022-operational,Basel,0,"0,5068",15.02.2024,24.02.2024,"18,955","3,9497","0,2084","0,4582"
Populus,2022-operational,Basel,"0,2","0,5068",15.02.2024,24.02.2024,"18,955","3,9495","0,2084","0,4582"
Populus,2022-operational,Basel,"0,4","0,5221",15.02.2024,24.02.2024,"18,3821","3,8336","0,2086","0,4595"
Populus,2022-operational,Basel,"0,6","0,6429",15.02.2024,24.02.2024,"14,8399","3,1343","0,2112","0,4578"
Populus,2022-operational,Basel,"0,75","0,8122",15.02.2024,24.02.2024,"11,5568","2,4961","0,216","0,4525"
Populus,2022-operational,Basel,"0,8","0,9035",15.02.2024,24.02.2024,"10,3333","2,2706","0,2197","0,4539"
Populus,2022-operational,Basel,"0,85","1,0146",15.02.2024,24.02.2024,"9,0996","2,0054","0,2204","0,4579"
Populus,2022-operational,Basel,"0,9","1,2033",15.02.2024,24.02.2024,"7,6468","1,6867","0,2206","0,4462"
Populus,2022-operational,Basel,"0,91","1,2767",15.02.2024,24.02.2024,"7,2419","1,6203","0,2237","0,4486"
Populus,2022-operational,Basel,"0,92","1,339",15.02.2024,24.02.2024,"6,8696","1,5464","0,2251","0,4503"
Populus,2022-operational,Basel,"0,93","1,4204",15.02.2024,24.02.2024,"6,4976","1,4727","0,2267","0,449"
Populus,2022-operational,Basel,"0,94","1,5121",15.02.2024,24.02.2024,"6,1031","1,3827","0,2266","0,446"
Populus,2022-operational,Basel,"0,95","1,6167",15.02.2024,24.02.2024,"5,657","1,2848","0,2271","0,4422"
Populus,2022-operational,Basel,"0,96","1,7836",15.02.2024,24.02.2024,"5,1214","1,1786","0,2301","0,438"
Populus,2022-operational,Basel,"0,97","2,0401",15.02.2024,24.02.2024,"4,5153","1,0542","0,2335","0,4394"
Populus,2022-operational,Basel,"0,98","2,4471",15.02.2024,24.02.2024,"3,7978","0,9004","0,2371","0,4393"
Populus,2022-operational,Basel,"0,99","3,358",15.02.2024,24.02.2024,"2,7271","0,6849","0,2511","0,4387"
Populus,2022-operational,Basel,"0,999","9,4946",15.02.2024,24.02.2024,"0,9167","0,2382","0,2598","0,4007"
Populus,2022-operational,Basel,"0,9999","43,9269",15.02.2024,24.02.2024,"0,2197","0,0753","0,3427","0,3419"
Populus,2022-operational,Basel,1,"209,4",15.02.2024,24.02.2024,"0,0417","0,0217","0,5198","0,3089"
Populus,2022-operational,Basel,1,"518,4",15.02.2024,24.02.2024,"0,0087","0,0062","0,7122","0,2026"
Populus,2022-operational,Basel,1,720,15.02.2024,24.02.2024,"0,0035","0,0022","0,625","0,0367"
Quercus,2022-operational,Basel,0,"3,1899",03.04.2024,05.05.2024,"35,2163","2,8664","0,0814","0,5395"
Quercus,2022-operational,Basel,"0,2","3,1899",03.04.2024,05.05.2024,"35,2163","2,8664","0,0814","0,5395"
Quercus,2022-operational,Basel,"0,4","3,2121",03.04.2024,05.05.2024,"35,0046","2,7615","0,0789","0,5429"
Quercus,2022-operational,Basel,"0,6","3,4038",03.04.2024,05.05.2024,"33,3459","2,3152","0,0694","0,562"
Quercus,2022-operational,Basel,"0,75","3,6364",03.04.2024,05.05.2024,"31,5317","1,9315","0,0613","0,5814"
Quercus,2022-operational,Basel,"0,8","3,7378",03.04.2024,05.05.2024,"30,7782","1,7959","0,0583","0,5812"
Quercus,2022-operational,Basel,"0,85","3,8696",03.04.2024,05.05.2024,"29,8927","1,6422","0,0549","0,5861"
Quercus,2022-operational,Basel,"0,9","4,0447",03.04.2024,05.05.2024,"28,762","1,4645","0,0509","0,5932"
Quercus,2022-operational,Basel,"0,91","4,0917",03.04.2024,05.05.2024,"28,4836","1,4243","0,05","0,5961"
Quercus,2022-operational,Basel,"0,92","4,1473",03.04.2024,05.05.2024,"28,1554","1,3872","0,0493","0,5975"
Quercus,2022-operational,Basel,"0,93","4,2051",03.04.2024,05.05.2024,"27,8115","1,3389","0,0481","0,5999"
Quercus,2022-operational,Basel,"0,94","4,2745",03.04.2024,05.05.2024,"27,4085","1,2867","0,0469","0,6038"
Quercus,2022-operational,Basel,"0,95","4,3562",03.04.2024,05.05.2024,"26,949","1,2236","0,0454","0,6052"
Quercus,2022-operational,Basel,"0,96","4,4585",03.04.2024,05.05.2024,"26,3938","1,1556","0,0438","0,6076"
Quercus,2022-operational,Basel,"0,97","4,5951",03.04.2024,05.05.2024,"25,6699","1,0717","0,0418","0,6098"
Quercus,2022-operational,Basel,"0,98","4,793",03.04.2024,05.05.2024,"24,7151","0,9773","0,0395","0,6126"
Quercus,2022-operational,Basel,"0,99","5,1778",03.04.2024,05.05.2024,"23,0272","0,8271","0,0359","0,6189"
Quercus,2022-operational,Basel,"0,999","6,7095",03.04.2024,05.05.2024,"17,9961","0,5082","0,0282","0,6446"
Quercus,2022-operational,Basel,"0,9999","9,0482",03.04.2024,05.05.2024,"13,3313","0,3153","0,0237","0,6538"
Quercus,2022-operational,Basel,1,"12,9401",03.04.2024,05.05.2024,"9,2755","0,2012","0,0217","0,6584"
Quercus,2022-operational,Basel,1,"20,466",03.04.2024,05.05.2024,"5,8286","0,1254","0,0215","0,6517"
Quercus,2022-operational,Basel,1,"30,2597",03.04.2024,05.05.2024,"3,9507","0,0894","0,0226","0,6534"
Taxus,2022-operational,Basel,0,"10,5613",03.02.2024,18.03.2024,"36,395","6,0437","0,1661","0,5388"
Taxus,2022-operational,Basel,"0,2","10,5613",03.02.2024,18.03.2024,"36,395","6,0437","0,1661","0,5388"
Taxus,2022-operational,Basel,"0,4","10,7135",03.02.2024,18.03.2024,"35,8769","5,9038","0,1646","0,5384"
Taxus,2022-operational,Basel,"0,6","13,027",03.02.2024,18.03.2024,"29,599","4,6812","0,1582","0,5428"
Taxus,2022-operational,Basel,"0,75","16,8214",03.02.2024,18.03.2024,"23,0355","3,5463","0,1539","0,5464"
Taxus,2022-operational,Basel,"0,8","18,8408",03.02.2024,18.03.2024,"20,6025","3,1353","0,1522","0,5516"
Taxus,2022-operational,Basel,"0,85","21,7395",03.02.2024,18.03.2024,"17,9009","2,701","0,1509","0,5503"
Taxus,2022-operational,Basel,"0,9","26,5349",03.02.2024,18.03.2024,"14,7405","2,1724","0,1474","0,5479"
Taxus,2022-operational,Basel,"0,91","27,8982",03.02.2024,18.03.2024,"14,0203","2,0603","0,147","0,549"
Taxus,2022-operational,Basel,"0,92","29,6308",03.02.2024,18.03.2024,"13,2396","1,9245","0,1454","0,5525"
Taxus,2022-operational,Basel,"0,93","31,6231",03.02.2024,18.03.2024,"12,409","1,7894","0,1442","0,5514"
Taxus,2022-operational,Basel,"0,94","34,1174",03.02.2024,18.03.2024,"11,5087","1,6344","0,142","0,5541"
Taxus,2022-operational,Basel,"0,95","37,6222",03.02.2024,18.03.2024,"10,4788","1,4823","0,1415","0,5509"
Taxus,2022-operational,Basel,"0,96","42,1665",03.02.2024,18.03.2024,"9,3672","1,3203","0,141","0,5591"
Taxus,2022-operational,Basel,"0,97","48,8904",03.02.2024,18.03.2024,"8,1025","1,1444","0,1412","0,5622"
Taxus,2022-operational,Basel,"0,98","60,027",03.02.2024,18.03.2024,"6,614","0,9117","0,1378","0,5674"
Taxus,2022-operational,Basel,"0,99","88,5374",03.02.2024,18.03.2024,"4,5017","0,6177","0,1372","0,5592"
Taxus,2022-operational,Basel,"0,999","369,9358",03.02.2024,18.03.2024,"1,0923","0,1503","0,1376","0,5112"
Taxus,2022-operational,Basel,"0,9999",1000,03.02.2024,18.03.2024,"0,2089","0,0281","0,1345","0,4008"
Taxus,2022-operational,Basel,1,1000,03.02.2024,18.03.2024,"0,0374","0,0045","0,1215","0,4853"
Taxus,2022-operational,Basel,1,1000,03.02.2024,18.03.2024,"0,0027","0,0003","0,097","0,2666"
Taxus,2022-operational,Basel,1,1000,03.02.2024,18.03.2024,"0,0004","0,0003","0,6787","0,0465"
Pinaceae,2022-operational,Payerne,0,"3,4757",04.05.2024,22.05.2024,"11,8458","1,486","0,1254","0,7229"
Pinaceae,2022-operational,Payerne,"0,2","3,4757",04.05.2024,22.05.2024,"11,8458","1,486","0,1254","0,7229"
Pinaceae,2022-operational,Payerne,"0,4","3,4769",04.05.2024,22.05.2024,"11,8403","1,4847","0,1254","0,7232"
Pinaceae,2022-operational,Payerne,"0,6","3,5043",04.05.2024,22.05.2024,"11,748","1,4642","0,1246","0,7258"
Pinaceae,2022-operational,Payerne,"0,75","3,5418",04.05.2024,22.05.2024,"11,6082","1,4331","0,1235","0,7255"
Pinaceae,2022-operational,Payerne,"0,8","3,5583",04.05.2024,22.05.2024,"11,5525","1,4195","0,1229","0,721"
Pinaceae,2022-operational,Payerne,"0,85","3,5777",04.05.2024,22.05.2024,"11,4766","1,4043","0,1224","0,7172"
Pinaceae,2022-operational,Payerne,"0,9","3,6058",04.05.2024,22.05.2024,"11,377","1,3867","0,1219","0,7184"
Pinaceae,2022-operational,Payerne,"0,91","3,6152",04.05.2024,22.05.2024,"11,3542","1,3801","0,1215","0,7187"
Pinaceae,2022-operational,Payerne,"0,92","3,6255",04.05.2024,22.05.2024,"11,3186","1,3747","0,1215","0,7193"
Pinaceae,2022-operational,Payerne,"0,93","3,634",04.05.2024,22.05.2024,"11,2875","1,3686","0,1213","0,7205"
Pinaceae,2022-operational,Payerne,"0,94","3,6482",04.05.2024,22.05.2024,"11,2473","1,3607","0,121","0,7215"
Pinaceae,2022-operational,Payerne,"0,95","3,6645",04.05.2024,22.05.2024,"11,208","1,353","0,1207","0,7241"
Pinaceae,2022-operational,Payerne,"0,96","3,6808",04.05.2024,22.05.2024,"11,155","1,3445","0,1205","0,724"
Pinaceae,2022-operational,Payerne,"0,97","3,7072",04.05.2024,22.05.2024,"11,0728","1,3302","0,1201","0,7249"
Pinaceae,2022-operational,Payerne,"0,98","3,7485",04.05.2024,22.05.2024,"10,964","1,3165","0,1201","0,7287"
Pinaceae,2022-operational,Payerne,"0,99","3,8129",04.05.2024,22.05.2024,"10,7803","1,2853","0,1192","0,7278"
Pinaceae,2022-operational,Payerne,"0,999","4,0632",04.05.2024,22.05.2024,"10,1298","1,1844","0,1169","0,7357"
Pinaceae,2022-operational,Payerne,"0,9999","4,3569",04.05.2024,22.05.2024,"9,4518","1,0837","0,1147","0,7375"
Pinaceae,2022-operational,Payerne,1,"4,7402",04.05.2024,22.05.2024,"8,6705","0,9689","0,1118","0,7455"
Pinaceae,2022-operational,Payerne,1,"5,2748",04.05.2024,22.05.2024,"7,8006","0,8476","0,1087","0,7409"
Pinaceae,2022-operational,Payerne,1,"5,7751",04.05.2024,22.05.2024,"7,1363","0,7637","0,107","0,7378"
Poaceae,2022-operational,Payerne,0,"5,7075",06.05.2024,04.08.2024,"14,8588","4,4248","0,2978","0,772"
Poaceae,2022-operational,Payerne,"0,2","5,7075",06.05.2024,04.08.2024,"14,8588","4,424","0,2977","0,772"
Poaceae,2022-operational,Payerne,"0,4","5,7364",06.05.2024,04.08.2024,"14,7806","4,3759","0,2961","0,7726"
Poaceae,2022-operational,Payerne,"0,6","6,0257",06.05.2024,04.08.2024,"14,0511","4,0468","0,288","0,7708"
Poaceae,2022-operational,Payerne,"0,75","6,4001",06.05.2024,04.08.2024,"13,2089","3,6821","0,2788","0,7709"
Poaceae,2022-operational,Payerne,"0,8","6,5562",06.05.2024,04.08.2024,"12,8828","3,5374","0,2746","0,7685"
Poaceae,2022-operational,Payerne,"0,85","6,7632",06.05.2024,04.08.2024,"12,4823","3,3842","0,2711","0,7715"
Poaceae,2022-operational,Payerne,"0,9","7,0607",06.05.2024,04.08.2024,"11,9442","3,1922","0,2673","0,7694"
Poaceae,2022-operational,Payerne,"0,91","7,1347",06.05.2024,04.08.2024,"11,8153","3,133","0,2652","0,7698"
Poaceae,2022-operational,Payerne,"0,92","7,2144",06.05.2024,04.08.2024,"11,6802","3,0865","0,2642","0,7714"
Poaceae,2022-operational,Payerne,"0,93","7,3109",06.05.2024,04.08.2024,"11,5238","3,0289","0,2628","0,7709"
Poaceae,2022-operational,Payerne,"0,94","7,4151",06.05.2024,04.08.2024,"11,3606","2,9768","0,262","0,7711"
Poaceae,2022-operational,Payerne,"0,95","7,5383",06.05.2024,04.08.2024,"11,1694","2,9002","0,2597","0,7684"
Poaceae,2022-operational,Payerne,"0,96","7,6983",06.05.2024,04.08.2024,"10,9322","2,7992","0,256","0,7722"
Poaceae,2022-operational,Payerne,"0,97","7,8982",06.05.2024,04.08.2024,"10,6426","2,7021","0,2539","0,7699"
Poaceae,2022-operational,Payerne,"0,98","8,2049",06.05.2024,04.08.2024,"10,2373","2,5632","0,2504","0,7684"
Poaceae,2022-operational,Payerne,"0,99","8,7551",06.05.2024,04.08.2024,"9,5963","2,3532","0,2452","0,7689"
Poaceae,2022-operational,Payerne,"0,999","10,9067",06.05.2024,04.08.2024,"7,6606","1,7249","0,2252","0,7654"
Poaceae,2022-operational,Payerne,"0,9999","13,6408",06.05.2024,04.08.2024,"6,0687","1,2472","0,2055","0,7578"
Poaceae,2022-operational,Payerne,1,"17,0768",06.05.2024,04.08.2024,"4,7828","0,8959","0,1873","0,7479"
Poaceae,2022-operational,Payerne,1,"21,4332",06.05.2024,04.08.2024,"3,7418","0,6505","0,1738","0,7338"
Poaceae,2022-operational,Payerne,1,"25,4049",06.05.2024,04.08.2024,"3,0923","0,495","0,1601","0,7262"
Quercus,2022-operational,Payerne,0,"3,2964",03.05.2024,18.06.2024,"3,2081","2,4301","0,7575","0,3286"
Quercus,2022-operational,Payerne,"0,2","3,2964",03.05.2024,18.06.2024,"3,2081","2,4298","0,7574","0,3286"
Quercus,2022-operational,Payerne,"0,4","3,3338",03.05.2024,18.06.2024,"3,1653","2,3756","0,7505","0,3252"
Quercus,2022-operational,Payerne,"0,6","3,6028",03.05.2024,18.06.2024,"2,8886","2,0856","0,722","0,3333"
Quercus,2022-operational,Payerne,"0,75","3,9",03.05.2024,18.06.2024,"2,6105","1,8335","0,7023","0,3368"
Quercus,2022-operational,Payerne,"0,8","4,019",03.05.2024,18.06.2024,"2,5022","1,734","0,693","0,3384"
Quercus,2022-operational,Payerne,"0,85","4,1706",03.05.2024,18.06.2024,"2,3818","1,6222","0,6811","0,3407"
Quercus,2022-operational,Payerne,"0,9","4,3698",03.05.2024,18.06.2024,"2,2318","1,4776","0,6621","0,3436"
Quercus,2022-operational,Payerne,"0,91","4,4174",03.05.2024,18.06.2024,"2,1993","1,4488","0,6587","0,3438"
Quercus,2022-operational,Payerne,"0,92","4,4837",03.05.2024,18.06.2024,"2,1591","1,4137","0,6548","0,3429"
Quercus,2022-operational,Payerne,"0,93","4,5629",03.05.2024,18.06.2024,"2,1096","1,3807","0,6545","0,3394"
Quercus,2022-operational,Payerne,"0,94","4,6356",03.05.2024,18.06.2024,"2,0641","1,3431","0,6507","0,3427"
Quercus,2022-operational,Payerne,"0,95","4,7305",03.05.2024,18.06.2024,"2,0024","1,292","0,6452","0,342"
Quercus,2022-operational,Payerne,"0,96","4,8613",03.05.2024,18.06.2024,"1,9378","1,2341","0,6368","0,3459"
Quercus,2022-operational,Payerne,"0,97","5,0145",03.05.2024,18.06.2024,"1,8543","1,1724","0,6322","0,3381"
Quercus,2022-operational,Payerne,"0,98","5,2416",03.05.2024,18.06.2024,"1,7483","1,0789","0,6171","0,3398"
Quercus,2022-operational,Payerne,"0,99","5,5939",03.05.2024,18.06.2024,"1,5832","0,9419","0,5949","0,3476"
Quercus,2022-operational,Payerne,"0,999","7,246",03.05.2024,18.06.2024,"1,1067","0,6127","0,5537","0,3302"
Quercus,2022-operational,Payerne,"0,9999","9,7807",03.05.2024,18.06.2024,"0,7487","0,3959","0,5288","0,2983"
Quercus,2022-operational,Payerne,1,"14,2729",03.05.2024,18.06.2024,"0,4976","0,2596","0,5218","0,296"
Quercus,2022-operational,Payerne,1,"22,2672",03.05.2024,18.06.2024,"0,3158","0,1629","0,5159","0,2937"
Quercus,2022-operational,Payerne,1,"31,3885",03.05.2024,18.06.2024,"0,2168","0,117","0,5395","0,286"
Alnus,2025-Omega-2,Basel,0,"4,0589",02.02.2024,08.03.2024,"36,2388","0,7886","0,0218","0,7366"
Alnus,2025-Omega-2,Basel,"0,2","4,0589",02.02.2024,08.03.2024,"36,2388","0,7886","0,0218","0,7366"
Alnus,2025-Omega-2,Basel,"0,4","4,0632",02.02.2024,08.03.2024,"36,1904","0,7735","0,0214","0,7371"
Alnus,2025-Omega-2,Basel,"0,6","4,1845",02.02.2024,08.03.2024,"35,15","0,6821","0,0194","0,7398"
Alnus,2025-Omega-2,Basel,"0,75","4,3756",02.02.2024,08.03.2024,"33,6362","0,5902","0,0175","0,7424"
Alnus,2025-Omega-2,Basel,"0,8","4,461",02.02.2024,08.03.2024,"32,9868","0,5533","0,0168","0,7447"
Alnus,2025-Omega-2,Basel,"0,85","4,5817",02.02.2024,08.03.2024,"32,1305","0,5173","0,0161","0,7509"
Alnus,2025-Omega-2,Basel,"0,9","4,7443",02.02.2024,08.03.2024,"31,0471","0,4655","0,015","0,7523"
Alnus,2025-Omega-2,Basel,"0,91","4,7878",02.02.2024,08.03.2024,"30,7508","0,4532","0,0147","0,7515"
Alnus,2025-Omega-2,Basel,"0,92","4,8376",02.02.2024,08.03.2024,"30,4494","0,4443","0,0146","0,7528"
Alnus,2025-Omega-2,Basel,"0,93","4,8928",02.02.2024,08.03.2024,"30,1123","0,434","0,0144","0,7538"
Alnus,2025-Omega-2,Basel,"0,94","4,9594",02.02.2024,08.03.2024,"29,6963","0,423","0,0142","0,7563"
Alnus,2025-Omega-2,Basel,"0,95","5,0464",02.02.2024,08.03.2024,"29,1908","0,4065","0,0139","0,7569"
Alnus,2025-Omega-2,Basel,"0,96","5,1521",02.02.2024,08.03.2024,"28,6103","0,3876","0,0135","0,7557"
Alnus,2025-Omega-2,Basel,"0,97","5,2949",02.02.2024,08.03.2024,"27,843","0,3596","0,0129","0,7619"
Alnus,2025-Omega-2,Basel,"0,98","5,5196",02.02.2024,08.03.2024,"26,7648","0,3346","0,0125","0,7514"
Alnus,2025-Omega-2,Basel,"0,99","5,9383",02.02.2024,08.03.2024,"24,9159","0,2907","0,0117","0,7546"
Alnus,2025-Omega-2,Basel,"0,999","8,0972",02.02.2024,08.03.2024,"18,391","0,1718","0,0093","0,7602"
Alnus,2025-Omega-2,Basel,"0,9999","12,7022",02.02.2024,08.03.2024,"11,805","0,1017","0,0086","0,7441"
Alnus,2025-Omega-2,Basel,1,"24,52",02.02.2024,08.03.2024,"6,1921","0,0539","0,0087","0,7388"
Alnus,2025-Omega-2,Basel,1,"61,9548",02.02.2024,08.03.2024,"2,4727","0,0238","0,0096","0,7849"
Alnus,2025-Omega-2,Basel,1,"152,403",02.02.2024,08.03.2024,"1,0086","0,0085","0,0084","0,8147"
Betula,2025-Omega-2,Basel,0,"3,8219",20.03.2024,18.04.2024,"21,0609","2,1538","0,1023","0,5226"
Betula,2025-Omega-2,Basel,"0,2","3,8219",20.03.2024,18.04.2024,"21,0609","2,1538","0,1023","0,5226"
Betula,2025-Omega-2,Basel,"0,4","3,8528",20.03.2024,18.04.2024,"20,8562","2,0615","0,0988","0,5255"
Betula,2025-Omega-2,Basel,"0,6","4,2754",20.03.2024,18.04.2024,"18,7265","1,522","0,0813","0,5456"
Betula,2025-Omega-2,Basel,"0,75","4,8737",20.03.2024,18.04.2024,"16,349","1,1132","0,0681","0,5555"
Betula,2025-Omega-2,Basel,"0,8","5,1528",20.03.2024,18.04.2024,"15,4237","0,985","0,0639","0,5576"
Betula,2025-Omega-2,Basel,"0,85","5,5113",20.03.2024,18.04.2024,"14,383","0,8388","0,0583","0,5614"
Betula,2025-Omega-2,Basel,"0,9","6,0468",20.03.2024,18.04.2024,"13,1087","0,6737","0,0514","0,5726"
Betula,2025-Omega-2,Basel,"0,91","6,1987",20.03.2024,18.04.2024,"12,8001","0,6389","0,0499","0,5717"
Betula,2025-Omega-2,Basel,"0,92","6,346",20.03.2024,18.04.2024,"12,4708","0,5988","0,048","0,5747"
Betula,2025-Omega-2,Basel,"0,93","6,5484",20.03.2024,18.04.2024,"12,0972","0,5603","0,0463","0,5765"
Betula,2025-Omega-2,Basel,"0,94","6,7801",20.03.2024,18.04.2024,"11,6732","0,5196","0,0445","0,5772"
Betula,2025-Omega-2,Basel,"0,95","7,0549",20.03.2024,18.04.2024,"11,2134","0,4779","0,0426","0,5798"
Betula,2025-Omega-2,Basel,"0,96","7,4508",20.03.2024,18.04.2024,"10,6333","0,4266","0,0401","0,5824"
Betula,2025-Omega-2,Basel,"0,97","8,0124",20.03.2024,18.04.2024,"9,9015","0,3725","0,0376","0,5833"
Betula,2025-Omega-2,Basel,"0,98","8,8365",20.03.2024,18.04.2024,"8,971","0,3058","0,0341","0,5924"
Betula,2025-Omega-2,Basel,"0,99","10,4965",20.03.2024,18.04.2024,"7,5985","0,22","0,029","0,5969"
Betula,2025-Omega-2,Basel,"0,999","19,537",20.03.2024,18.04.2024,"4,1455","0,0824","0,0199","0,5963"
Betula,2025-Omega-2,Basel,"0,9999","40,0137",20.03.2024,18.04.2024,"2,0375","0,0316","0,0155","0,6094"
Betula,2025-Omega-2,Basel,1,"89,1688",20.03.2024,18.04.2024,"0,9111","0,0113","0,0124","0,6732"
Betula,2025-Omega-2,Basel,1,"228,624",20.03.2024,18.04.2024,"0,3553","0,0039","0,0111","0,6968"
Betula,2025-Omega-2,Basel,1,"448,9257",20.03.2024,18.04.2024,"0,1719","0,0021","0,012","0,6624"
Corylus,2025-Omega-2,Basel,0,"7,9997",26.01.2024,19.02.2024,"5,8255","0,9869","0,1694","0,5513"
Corylus,2025-Omega-2,Basel,"0,2","7,9997",26.01.2024,19.02.2024,"5,8255","0,9867","0,1694","0,5516"
Corylus,2025-Omega-2,Basel,"0,4","8,0647",26.01.2024,19.02.2024,"5,7789","0,9589","0,1659","0,5543"
Corylus,2025-Omega-2,Basel,"0,6","8,938",26.01.2024,19.02.2024,"5,2072","0,799","0,1534","0,5634"
Corylus,2025-Omega-2,Basel,"0,75","10,3325",26.01.2024,19.02.2024,"4,5064","0,6331","0,1405","0,5807"
Corylus,2025-Omega-2,Basel,"0,8","10,9878",26.01.2024,19.02.2024,"4,2321","0,5774","0,1364","0,58"
Corylus,2025-Omega-2,Basel,"0,85","11,8117",26.01.2024,19.02.2024,"3,9187","0,5111","0,1304","0,5796"
Corylus,2025-Omega-2,Basel,"0,9","13,1749",26.01.2024,19.02.2024,"3,5123","0,4439","0,1264","0,587"
Corylus,2025-Omega-2,Basel,"0,91","13,5399",26.01.2024,19.02.2024,"3,4137","0,4276","0,1253","0,5857"
Corylus,2025-Omega-2,Basel,"0,92","13,9527",26.01.2024,19.02.2024,"3,3151","0,413","0,1246","0,587"
Corylus,2025-Omega-2,Basel,"0,93","14,4185",26.01.2024,19.02.2024,"3,2033","0,3926","0,1226","0,5909"
Corylus,2025-Omega-2,Basel,"0,94","15,0105",26.01.2024,19.02.2024,"3,0734","0,3711","0,1207","0,5911"
Corylus,2025-Omega-2,Basel,"0,95","15,6148",26.01.2024,19.02.2024,"2,9496","0,3477","0,1179","0,5944"
Corylus,2025-Omega-2,Basel,"0,96","16,452",26.01.2024,19.02.2024,"2,7857","0,3178","0,1141","0,6057"
Corylus,2025-Omega-2,Basel,"0,97","17,7292",26.01.2024,19.02.2024,"2,5716","0,2872","0,1117","0,6181"
Corylus,2025-Omega-2,Basel,"0,98","19,6932",26.01.2024,19.02.2024,"2,3029","0,2478","0,1076","0,6215"
Corylus,2025-Omega-2,Basel,"0,99","23,6974",26.01.2024,19.02.2024,"1,9188","0,1934","0,1008","0,6162"
Corylus,2025-Omega-2,Basel,"0,999","47,1637",26.01.2024,19.02.2024,"0,9383","0,0831","0,0886","0,6257"
Corylus,2025-Omega-2,Basel,"0,9999","102,7512",26.01.2024,19.02.2024,"0,4021","0,035","0,0871","0,6467"
Corylus,2025-Omega-2,Basel,1,"258,5136",26.01.2024,19.02.2024,"0,1438","0,0135","0,0937","0,6148"
Corylus,2025-Omega-2,Basel,1,"713,8623",26.01.2024,19.02.2024,"0,0444","0,0055","0,1229","0,4972"
Corylus,2025-Omega-2,Basel,1,1000,26.01.2024,19.02.2024,"0,0146","0,0021","0,1471","0,3764"
Cupressaceae,2025-Omega-2,Basel,0,"21,2089",11.02.2024,01.03.2024,"1,7413","1,8854","1,0828","0,327"
Cupressaceae,2025-Omega-2,Basel,"0,2","21,2089",11.02.2024,01.03.2024,"1,7413","1,8854","1,0828","0,327"
Cupressaceae,2025-Omega-2,Basel,"0,4","22,1563",11.02.2024,01.03.2024,"1,6805","1,8365","1,0928","0,325"
Cupressaceae,2025-Omega-2,Basel,"0,6","26,3681",11.02.2024,01.03.2024,"1,42","1,5826","1,1145","0,316"
Cupressaceae,2025-Omega-2,Basel,"0,75","32,1778",11.02.2024,01.03.2024,"1,1782","1,3536","1,1489","0,3061"
Cupressaceae,2025-Omega-2,Basel,"0,8","34,3661",11.02.2024,01.03.2024,"1,1027","1,2681","1,15","0,3035"
Cupressaceae,2025-Omega-2,Basel,"0,85","36,3497",11.02.2024,01.03.2024,"1,0237","1,1671","1,1401","0,3013"
Cupressaceae,2025-Omega-2,Basel,"0,9","41,1428",11.02.2024,01.03.2024,"0,9133","1,0467","1,146","0,2992"
Cupressaceae,2025-Omega-2,Basel,"0,91","42,4684",11.02.2024,01.03.2024,"0,8864","1,0205","1,1513","0,2992"
Cupressaceae,2025-Omega-2,Basel,"0,92","43,2517",11.02.2024,01.03.2024,"0,8673","0,9896","1,141","0,2986"
Cupressaceae,2025-Omega-2,Basel,"0,93","44,9252",11.02.2024,01.03.2024,"0,8395","0,9521","1,134","0,2989"
Cupressaceae,2025-Omega-2,Basel,"0,94","46,6481",11.02.2024,01.03.2024,"0,8116","0,9133","1,1254","0,2982"
Cupressaceae,2025-Omega-2,Basel,"0,95","48,7413",11.02.2024,01.03.2024,"0,7821","0,8736","1,117","0,2901"
Cupressaceae,2025-Omega-2,Basel,"0,96","52,226",11.02.2024,01.03.2024,"0,7404","0,8227","1,1111","0,2931"
Cupressaceae,2025-Omega-2,Basel,"0,97","56,4393",11.02.2024,01.03.2024,"0,6825","0,7623","1,1169","0,2844"
Cupressaceae,2025-Omega-2,Basel,"0,98","64,1838",11.02.2024,01.03.2024,"0,6133","0,6779","1,1054","0,2845"
Cupressaceae,2025-Omega-2,Basel,"0,99","75,8481",11.02.2024,01.03.2024,"0,5169","0,5581","1,0798","0,2666"
Cupressaceae,2025-Omega-2,Basel,"0,999","145,1403",11.02.2024,01.03.2024,"0,27","0,2833","1,0489","0,2479"
Cupressaceae,2025-Omega-2,Basel,"0,9999","353,931",11.02.2024,01.03.2024,"0,1225","0,1224","0,9996","0,2062"
Cupressaceae,2025-Omega-2,Basel,1,"712,1664",11.02.2024,01.03.2024,"0,0451","0,0433","0,959","0,1673"
Cupressaceae,2025-Omega-2,Basel,1,1000,11.02.2024,01.03.2024,"0,0191","0,0136","0,7104","0,065"
Cupressaceae,2025-Omega-2,Basel,1,1000,11.02.2024,01.03.2024,"0,0078","0,0044","0,5683","0,1464"
Fagus,2025-Omega-2,Basel,0,"5,8632",06.04.2024,05.05.2024,"1,0784","0,0429","0,0398","0,6006"
Fagus,2025-Omega-2,Basel,"0,2","5,8632",06.04.2024,05.05.2024,"1,0784","0,0429","0,0398","0,6006"
Fagus,2025-Omega-2,Basel,"0,4","5,8833",06.04.2024,05.05.2024,"1,0741","0,0418","0,039","0,6035"
Fagus,2025-Omega-2,Basel,"0,6","6,1663",06.04.2024,05.05.2024,"1,0215","0,0351","0,0344","0,6187"
Fagus,2025-Omega-2,Basel,"0,75","6,4984",06.04.2024,05.05.2024,"0,9657","0,0296","0,0306","0,6249"
Fagus,2025-Omega-2,Basel,"0,8","6,656",06.04.2024,05.05.2024,"0,9428","0,0272","0,0288","0,6334"
Fagus,2025-Omega-2,Basel,"0,85","6,7935",06.04.2024,05.05.2024,"0,9241","0,0249","0,027","0,6318"
Fagus,2025-Omega-2,Basel,"0,9","7,0086",06.04.2024,05.05.2024,"0,8888","0,0219","0,0246","0,643"
Fagus,2025-Omega-2,Basel,"0,91","7,0854",06.04.2024,05.05.2024,"0,8801","0,0217","0,0246","0,6436"
Fagus,2025-Omega-2,Basel,"0,92","7,1465",06.04.2024,05.05.2024,"0,8723","0,021","0,0241","0,6264"
Fagus,2025-Omega-2,Basel,"0,93","7,2284",06.04.2024,05.05.2024,"0,8589","0,0204","0,0238","0,6286"
Fagus,2025-Omega-2,Basel,"0,94","7,3259",06.04.2024,05.05.2024,"0,8467","0,0194","0,0229","0,635"
Fagus,2025-Omega-2,Basel,"0,95","7,4877",06.04.2024,05.05.2024,"0,8284","0,0188","0,0227","0,6384"
Fagus,2025-Omega-2,Basel,"0,96","7,6462",06.04.2024,05.05.2024,"0,8094","0,0176","0,0217","0,6456"
Fagus,2025-Omega-2,Basel,"0,97","7,7987",06.04.2024,05.05.2024,"0,79","0,0168","0,0212","0,6423"
Fagus,2025-Omega-2,Basel,"0,98","8,1056",06.04.2024,05.05.2024,"0,7604","0,0147","0,0193","0,6524"
Fagus,2025-Omega-2,Basel,"0,99","8,4683",06.04.2024,05.05.2024,"0,7204","0,0129","0,0179","0,6688"
Fagus,2025-Omega-2,Basel,"0,999","9,9826",06.04.2024,05.05.2024,"0,5948","0,0076","0,0127","0,6737"
Fagus,2025-Omega-2,Basel,"0,9999","11,9561",06.04.2024,05.05.2024,"0,4825","0,0035","0,0072","0,7613"
Fagus,2025-Omega-2,Basel,1,"14,5167",06.04.2024,05.05.2024,"0,3898","0,0018","0,0047","0,7926"
Fagus,2025-Omega-2,Basel,1,"18,0036",06.04.2024,05.05.2024,"0,2978","0,001","0,0034","0,8227"
Fagus,2025-Omega-2,Basel,1,"22,9732",06.04.2024,05.05.2024,"0,2276","0,0006","0,0027","0,8338"
Fraxinus,2025-Omega-2,Basel,0,"0,8548",15.03.2024,11.04.2024,"57,8325","10,1783","0,176","0,5945"
Fraxinus,2025-Omega-2,Basel,"0,2","0,8548",15.03.2024,11.04.2024,"57,8325","10,1781","0,176","0,5945"
Fraxinus,2025-Omega-2,Basel,"0,4","0,8644",15.03.2024,11.04.2024,"57,2418","9,9259","0,1734","0,5966"
Fraxinus,2025-Omega-2,Basel,"0,6","0,9429",15.03.2024,11.04.2024,"53,1036","8,2718","0,1558","0,6096"
Fraxinus,2025-Omega-2,Basel,"0,75","1,034",15.03.2024,11.04.2024,"48,9753","6,8059","0,139","0,6245"
Fraxinus,2025-Omega-2,Basel,"0,8","1,0712",15.03.2024,11.04.2024,"47,4665","6,2968","0,1327","0,6324"
Fraxinus,2025-Omega-2,Basel,"0,85","1,1159",15.03.2024,11.04.2024,"45,777","5,7401","0,1254","0,6434"
Fraxinus,2025-Omega-2,Basel,"0,9","1,1777",15.03.2024,11.04.2024,"43,6514","5,0982","0,1168","0,6529"
Fraxinus,2025-Omega-2,Basel,"0,91","1,1927",15.03.2024,11.04.2024,"43,1608","4,9548","0,1148","0,6548"
Fraxinus,2025-Omega-2,Basel,"0,92","1,2088",15.03.2024,11.04.2024,"42,6121","4,8065","0,1128","0,6606"
Fraxinus,2025-Omega-2,Basel,"0,93","1,2267",15.03.2024,11.04.2024,"42,0484","4,6417","0,1104","0,6632"
Fraxinus,2025-Omega-2,Basel,"0,94","1,2479",15.03.2024,11.04.2024,"41,4031","4,4656","0,1079","0,6685"
Fraxinus,2025-Omega-2,Basel,"0,95","1,2723",15.03.2024,11.04.2024,"40,6787","4,2661","0,1049","0,6726"
Fraxinus,2025-Omega-2,Basel,"0,96","1,3036",15.03.2024,11.04.2024,"39,793","4,0496","0,1018","0,677"
Fraxinus,2025-Omega-2,Basel,"0,97","1,3415",15.03.2024,11.04.2024,"38,7561","3,779","0,0975","0,682"
Fraxinus,2025-Omega-2,Basel,"0,98","1,3942",15.03.2024,11.04.2024,"37,3773","3,4412","0,0921","0,6904"
Fraxinus,2025-Omega-2,Basel,"0,99","1,4881",15.03.2024,11.04.2024,"35,1425","2,9666","0,0844","0,6911"
Fraxinus,2025-Omega-2,Basel,"0,999","1,7961",15.03.2024,11.04.2024,"29,2097","1,8554","0,0635","0,7159"
Fraxinus,2025-Omega-2,Basel,"0,9999","2,1518",15.03.2024,11.04.2024,"24,2997","1,2444","0,0512","0,7345"
Fraxinus,2025-Omega-2,Basel,1,"2,6354",15.03.2024,11.04.2024,"19,7486","0,8651","0,0438","0,7416"
Fraxinus,2025-Omega-2,Basel,1,"3,4502",15.03.2024,11.04.2024,"15,0526","0,6044","0,0402","0,7461"
Fraxinus,2025-Omega-2,Basel,1,"4,4744",15.03.2024,11.04.2024,"11,616","0,4537","0,0391","0,748"
Pinaceae,2025-Omega-2,Basel,0,"3,0921",09.04.2024,18.04.2024,"7,2887","3,183","0,4367","0,5909"
Pinaceae,2025-Omega-2,Basel,"0,2","3,0921",09.04.2024,18.04.2024,"7,2887","3,183","0,4367","0,5909"
Pinaceae,2025-Omega-2,Basel,"0,4","3,1194",09.04.2024,18.04.2024,"7,2016","3,117","0,4328","0,5968"
Pinaceae,2025-Omega-2,Basel,"0,6","3,2271",09.04.2024,18.04.2024,"6,8328","2,8655","0,4194","0,612"
Pinaceae,2025-Omega-2,Basel,"0,75","3,3017",09.04.2024,18.04.2024,"6,5963","2,6396","0,4002","0,6248"
Pinaceae,2025-Omega-2,Basel,"0,8","3,3368",09.04.2024,18.04.2024,"6,4869","2,5675","0,3958","0,6291"
Pinaceae,2025-Omega-2,Basel,"0,85","3,3795",09.04.2024,18.04.2024,"6,3617","2,485","0,3906","0,6315"
Pinaceae,2025-Omega-2,Basel,"0,9","3,4304",09.04.2024,18.04.2024,"6,2453","2,3907","0,3828","0,6361"
Pinaceae,2025-Omega-2,Basel,"0,91","3,4406",09.04.2024,18.04.2024,"6,221","2,3685","0,3807","0,638"
Pinaceae,2025-Omega-2,Basel,"0,92","3,4532",09.04.2024,18.04.2024,"6,1811","2,3419","0,3789","0,6424"
Pinaceae,2025-Omega-2,Basel,"0,93","3,4581",09.04.2024,18.04.2024,"6,1548","2,3129","0,3758","0,644"
Pinaceae,2025-Omega-2,Basel,"0,94","3,4669",09.04.2024,18.04.2024,"6,1096","2,2793","0,3731","0,6473"
Pinaceae,2025-Omega-2,Basel,"0,95","3,4798",09.04.2024,18.04.2024,"6,0818","2,2424","0,3687","0,6492"
Pinaceae,2025-Omega-2,Basel,"0,96","3,4927",09.04.2024,18.04.2024,"6,0295","2,201","0,365","0,6503"
Pinaceae,2025-Omega-2,Basel,"0,97","3,5184",09.04.2024,18.04.2024,"5,9775","2,1584","0,3611","0,6492"
Pinaceae,2025-Omega-2,Basel,"0,98","3,5522",09.04.2024,18.04.2024,"5,8889","2,0933","0,3555","0,6524"
Pinaceae,2025-Omega-2,Basel,"0,99","3,6034",09.04.2024,18.04.2024,"5,7934","1,9986","0,345","0,6546"
Pinaceae,2025-Omega-2,Basel,"0,999","3,7598",09.04.2024,18.04.2024,"5,5345","1,7318","0,3129","0,6567"
Pinaceae,2025-Omega-2,Basel,"0,9999","3,9306",09.04.2024,18.04.2024,"5,2896","1,5009","0,2838","0,6676"
Pinaceae,2025-Omega-2,Basel,1,"4,1673",09.04.2024,18.04.2024,"5,0204","1,341","0,2671","0,6825"
Pinaceae,2025-Omega-2,Basel,1,"4,5371",09.04.2024,18.04.2024,"4,6541","1,1995","0,2577","0,6969"
Pinaceae,2025-Omega-2,Basel,1,"4,8286",09.04.2024,18.04.2024,"4,3884","1,0689","0,2436","0,694"
Platanus,2025-Omega-2,Basel,0,"6,205",24.03.2024,18.04.2024,"22,6081","0,2095","0,0093","0,6783"
Platanus,2025-Omega-2,Basel,"0,2","6,205",24.03.2024,18.04.2024,"22,6081","0,2095","0,0093","0,6783"
Platanus,2025-Omega-2,Basel,"0,4","6,2327",24.03.2024,18.04.2024,"22,4953","0,2039","0,0091","0,68"
Platanus,2025-Omega-2,Basel,"0,6","6,6834",24.03.2024,18.04.2024,"20,9389","0,1745","0,0083","0,6837"
Platanus,2025-Omega-2,Basel,"0,75","7,3814",24.03.2024,18.04.2024,"18,9256","0,1458","0,0077","0,6923"
Platanus,2025-Omega-2,Basel,"0,8","7,701",24.03.2024,18.04.2024,"18,1391","0,1318","0,0073","0,6975"
Platanus,2025-Omega-2,Basel,"0,85","8,1313",24.03.2024,18.04.2024,"17,1813","0,1192","0,0069","0,703"
Platanus,2025-Omega-2,Basel,"0,9","8,8016",24.03.2024,18.04.2024,"15,9194","0,1056","0,0066","0,7045"
Platanus,2025-Omega-2,Basel,"0,91","8,9844",24.03.2024,18.04.2024,"15,6081","0,1014","0,0065","0,706"
Platanus,2025-Omega-2,Basel,"0,92","9,1831",24.03.2024,18.04.2024,"15,2643","0,0978","0,0064","0,7056"
Platanus,2025-Omega-2,Basel,"0,93","9,4153",24.03.2024,18.04.2024,"14,8916","0,0934","0,0063","0,7089"
Platanus,2025-Omega-2,Basel,"0,94","9,699",24.03.2024,18.04.2024,"14,4479","0,0899","0,0062","0,7084"
Platanus,2025-Omega-2,Basel,"0,95","10,0578",24.03.2024,18.04.2024,"13,9355","0,0843","0,006","0,714"
Platanus,2025-Omega-2,Basel,"0,96","10,5023",24.03.2024,18.04.2024,"13,3532","0,0789","0,0059","0,7184"
Platanus,2025-Omega-2,Basel,"0,97","11,1119",24.03.2024,18.04.2024,"12,6082","0,0724","0,0057","0,7262"
Platanus,2025-Omega-2,Basel,"0,98","12,0607",24.03.2024,18.04.2024,"11,6009","0,0639","0,0055","0,7304"
Platanus,2025-Omega-2,Basel,"0,99","14,01",24.03.2024,18.04.2024,"9,9832","0,0536","0,0054","0,7399"
Platanus,2025-Omega-2,Basel,"0,999","25,2356",24.03.2024,18.04.2024,"5,5786","0,0265","0,0048","0,7839"
Platanus,2025-Omega-2,Basel,"0,9999","52,8756",24.03.2024,18.04.2024,"2,6782","0,0112","0,0042","0,798"
Platanus,2025-Omega-2,Basel,1,"142,2373",24.03.2024,18.04.2024,"0,9817","0,0035","0,0035","0,867"
Platanus,2025-Omega-2,Basel,1,"573,9767",24.03.2024,18.04.2024,"0,2407","0,0008","0,0033","0,7196"
Platanus,2025-Omega-2,Basel,1,1000,24.03.2024,18.04.2024,"0,0628","0,0002","0,0032","0,6352"
Populus,2025-Omega-2,Basel,0,"0,5853",15.02.2024,24.02.2024,"13,6162","2,6904","0,1976","0,5094"
Populus,2025-Omega-2,Basel,"0,2","0,5853",15.02.2024,24.02.2024,"13,6162","2,6904","0,1976","0,5094"
Populus,2025-Omega-2,Basel,"0,4","0,6318",15.02.2024,24.02.2024,"12,8489","2,5857","0,2012","0,5129"
Populus,2025-Omega-2,Basel,"0,6","0,8836",15.02.2024,24.02.2024,"9,632","2,0689","0,2148","0,5073"
Populus,2025-Omega-2,Basel,"0,75","1,2849",15.02.2024,24.02.2024,"6,9832","1,6091","0,2304","0,5104"
Populus,2025-Omega-2,Basel,"0,8","1,5242",15.02.2024,24.02.2024,"6,0255","1,449","0,2405","0,5136"
Populus,2025-Omega-2,Basel,"0,85","1,8433",15.02.2024,24.02.2024,"5,1042","1,277","0,2502","0,5169"
Populus,2025-Omega-2,Basel,"0,9","2,4843",15.02.2024,24.02.2024,"4,0261","1,0694","0,2656","0,5143"
Populus,2025-Omega-2,Basel,"0,91","2,6319",15.02.2024,24.02.2024,"3,8395","1,0266","0,2674","0,5183"
Populus,2025-Omega-2,Basel,"0,92","2,8348",15.02.2024,24.02.2024,"3,6097","0,9785","0,2711","0,5205"
Populus,2025-Omega-2,Basel,"0,93","3,1337",15.02.2024,24.02.2024,"3,3505","0,9268","0,2766","0,5205"
Populus,2025-Omega-2,Basel,"0,94","3,4936",15.02.2024,24.02.2024,"3,0739","0,8709","0,2833","0,5211"
Populus,2025-Omega-2,Basel,"0,95","4,0296",15.02.2024,24.02.2024,"2,7583","0,8087","0,2932","0,5289"
Populus,2025-Omega-2,Basel,"0,96","4,6013",15.02.2024,24.02.2024,"2,467","0,7367","0,2986","0,5278"
Populus,2025-Omega-2,Basel,"0,97","5,5483",15.02.2024,24.02.2024,"2,1222","0,6558","0,309","0,5275"
Populus,2025-Omega-2,Basel,"0,98","6,7846",15.02.2024,24.02.2024,"1,7768","0,5556","0,3127","0,5312"
Populus,2025-Omega-2,Basel,"0,99","9,8652",15.02.2024,24.02.2024,"1,2763","0,4248","0,3328","0,544"
Populus,2025-Omega-2,Basel,"0,999","28,0261",15.02.2024,24.02.2024,"0,4407","0,1724","0,3911","0,5483"
Populus,2025-Omega-2,Basel,"0,9999","67,995",15.02.2024,24.02.2024,"0,1649","0,0581","0,3522","0,4769"
Populus,2025-Omega-2,Basel,1,"363,1148",15.02.2024,24.02.2024,"0,0264","0,0159","0,6004","0,2543"
Populus,2025-Omega-2,Basel,1,"673,0698",15.02.2024,24.02.2024,"0,0091","0,0028","0,3135","0,1227"
Populus,2025-Omega-2,Basel,1,"992,8766",15.02.2024,24.02.2024,"0,0038","0,001","0,2607","0,0072"
Quercus,2025-Omega-2,Basel,0,"1,1641",03.04.2024,05.05.2024,"77,598","14,6888","0,1893","0,3819"
Quercus,2025-Omega-2,Basel,"0,2","1,1641",03.04.2024,05.05.2024,"77,598","14,6886","0,1893","0,3819"
Quercus,2025-Omega-2,Basel,"0,4","1,1709",03.04.2024,05.05.2024,"77,1829","14,438","0,1871","0,3832"
Quercus,2025-Omega-2,Basel,"0,6","1,2489",03.04.2024,05.05.2024,"73,4579","12,736","0,1734","0,3989"
Quercus,2025-Omega-2,Basel,"0,75","1,3478",03.04.2024,05.05.2024,"69,3491","11,088","0,1599","0,4203"
Quercus,2025-Omega-2,Basel,"0,8","1,3934",03.04.2024,05.05.2024,"67,6227","10,4547","0,1546","0,4274"
Quercus,2025-Omega-2,Basel,"0,85","1,4477",03.04.2024,05.05.2024,"65,6418","9,7242","0,1481","0,4316"
Quercus,2025-Omega-2,Basel,"0,9","1,5238",03.04.2024,05.05.2024,"63,0322","8,8307","0,1401","0,439"
Quercus,2025-Omega-2,Basel,"0,91","1,5434",03.04.2024,05.05.2024,"62,3951","8,6156","0,1381","0,4436"
Quercus,2025-Omega-2,Basel,"0,92","1,5661",03.04.2024,05.05.2024,"61,6994","8,396","0,1361","0,4449"
Quercus,2025-Omega-2,Basel,"0,93","1,5918",03.04.2024,05.05.2024,"60,8939","8,1425","0,1337","0,4467"
Quercus,2025-Omega-2,Basel,"0,94","1,6227",03.04.2024,05.05.2024,"60,0038","7,8698","0,1312","0,4499"
Quercus,2025-Omega-2,Basel,"0,95","1,6606",03.04.2024,05.05.2024,"58,9583","7,5456","0,128","0,4566"
Quercus,2025-Omega-2,Basel,"0,96","1,7043",03.04.2024,05.05.2024,"57,7517","7,1664","0,1241","0,4584"
Quercus,2025-Omega-2,Basel,"0,97","1,7637",03.04.2024,05.05.2024,"56,2371","6,7283","0,1196","0,4643"
Quercus,2025-Omega-2,Basel,"0,98","1,8511",03.04.2024,05.05.2024,"54,2003","6,1646","0,1137","0,4745"
Quercus,2025-Omega-2,Basel,"0,99","2,0049",03.04.2024,05.05.2024,"50,8921","5,277","0,1037","0,4884"
Quercus,2025-Omega-2,Basel,"0,999","2,599",03.04.2024,05.05.2024,"41,4438","3,1503","0,076","0,5214"
Quercus,2025-Omega-2,Basel,"0,9999","3,3395",03.04.2024,05.05.2024,"33,7368","1,8164","0,0538","0,5537"
Quercus,2025-Omega-2,Basel,1,"4,2276",03.04.2024,05.05.2024,"27,503","0,9744","0,0354","0,5739"
Quercus,2025-Omega-2,Basel,1,"5,3222",03.04.2024,05.05.2024,"21,9967","0,4762","0,0216","0,5963"
Quercus,2025-Omega-2,Basel,1,"6,3976",03.04.2024,05.05.2024,"18,2314","0,2684","0,0147","0,6142"
Taxus,2025-Omega-2,Basel,0,"2,7779",03.02.2024,18.03.2024,"131,8747","7,4365","0,0564","0,6569"
Taxus,2025-Omega-2,Basel,"0,2","2,7779",03.02.2024,18.03.2024,"131,8747","7,4365","0,0564","0,6569"
Taxus,2025-Omega-2,Basel,"0,4","2,7862",03.02.2024,18.03.2024,"131,2853","7,2562","0,0553","0,6565"
Taxus,2025-Omega-2,Basel,"0,6","2,8491",03.02.2024,18.03.2024,"127,3028","6,2936","0,0494","0,6642"
Taxus,2025-Omega-2,Basel,"0,75","2,927",03.02.2024,18.03.2024,"123,0143","5,3912","0,0438","0,6665"
Taxus,2025-Omega-2,Basel,"0,8","2,9631",03.02.2024,18.03.2024,"121,2068","5,053","0,0417","0,6685"
Taxus,2025-Omega-2,Basel,"0,85","3,0104",03.02.2024,18.03.2024,"118,9579","4,6792","0,0393","0,6711"
Taxus,2025-Omega-2,Basel,"0,9","3,0805",03.02.2024,18.03.2024,"115,8862","4,2141","0,0364","0,6753"
Taxus,2025-Omega-2,Basel,"0,91","3,0989",03.02.2024,18.03.2024,"115,0935","4,0983","0,0356","0,6728"
Taxus,2025-Omega-2,Basel,"0,92","3,1197",03.02.2024,18.03.2024,"114,2507","3,9614","0,0347","0,673"
Taxus,2025-Omega-2,Basel,"0,93","3,1435",03.02.2024,18.03.2024,"113,2724","3,8276","0,0338","0,6754"
Taxus,2025-Omega-2,Basel,"0,94","3,1719",03.02.2024,18.03.2024,"112,1837","3,6881","0,0329","0,6765"
Taxus,2025-Omega-2,Basel,"0,95","3,2065",03.02.2024,18.03.2024,"110,8804","3,5231","0,0318","0,6772"
Taxus,2025-Omega-2,Basel,"0,96","3,2505",03.02.2024,18.03.2024,"109,2581","3,328","0,0305","0,6769"
Taxus,2025-Omega-2,Basel,"0,97","3,3087",03.02.2024,18.03.2024,"107,1515","3,0856","0,0288","0,6759"
Taxus,2025-Omega-2,Basel,"0,98","3,396",03.02.2024,18.03.2024,"104,2058","2,7836","0,0267","0,6776"
Taxus,2025-Omega-2,Basel,"0,99","3,5685",03.02.2024,18.03.2024,"98,9614","2,3272","0,0235","0,6874"
Taxus,2025-Omega-2,Basel,"0,999","4,4086",03.02.2024,18.03.2024,"79,6958","1,2073","0,0151","0,6888"
Taxus,2025-Omega-2,Basel,"0,9999","6,0471",03.02.2024,18.03.2024,"58,0841","0,5787","0,01","0,6926"
Taxus,2025-Omega-2,Basel,1,"9,6825",03.02.2024,18.03.2024,"36,3279","0,2615","0,0072","0,6989"
Taxus,2025-Omega-2,Basel,1,"19,5038",03.02.2024,18.03.2024,"18,1232","0,1006","0,0056","0,6953"
Taxus,2025-Omega-2,Basel,1,"38,808",03.02.2024,18.03.2024,"9,1713","0,0399","0,0044","0,702"
Alnus,2025-Omega-2,Buchs,0,"5,0259",26.01.2024,24.02.2024,"16,5702","1,1803","0,0712","0,4518"
Alnus,2025-Omega-2,Buchs,"0,2","5,0259",26.01.2024,24.02.2024,"16,5702","1,1803","0,0712","0,4518"
Alnus,2025-Omega-2,Buchs,"0,4","5,03",26.01.2024,24.02.2024,"16,5522","1,172","0,0708","0,4526"
Alnus,2025-Omega-2,Buchs,"0,6","5,1391",26.01.2024,24.02.2024,"16,1598","1,076","0,0666","0,4596"
Alnus,2025-Omega-2,Buchs,"0,75","5,2927",26.01.2024,24.02.2024,"15,592","0,9711","0,0623","0,4659"
Alnus,2025-Omega-2,Buchs,"0,8","5,3583",26.01.2024,24.02.2024,"15,3743","0,9349","0,0608","0,4681"
Alnus,2025-Omega-2,Buchs,"0,85","5,4411",26.01.2024,24.02.2024,"15,0913","0,8851","0,0587","0,4716"
Alnus,2025-Omega-2,Buchs,"0,9","5,5662",26.01.2024,24.02.2024,"14,7126","0,8278","0,0563","0,475"
Alnus,2025-Omega-2,Buchs,"0,91","5,5942",26.01.2024,24.02.2024,"14,6218","0,8132","0,0556","0,4769"
Alnus,2025-Omega-2,Buchs,"0,92","5,6277",26.01.2024,24.02.2024,"14,5176","0,7982","0,055","0,4787"
Alnus,2025-Omega-2,Buchs,"0,93","5,6703",26.01.2024,24.02.2024,"14,3931","0,7816","0,0543","0,4792"
Alnus,2025-Omega-2,Buchs,"0,94","5,721",26.01.2024,24.02.2024,"14,2519","0,7638","0,0536","0,4803"
Alnus,2025-Omega-2,Buchs,"0,95","5,7778",26.01.2024,24.02.2024,"14,0933","0,7416","0,0526","0,4808"
Alnus,2025-Omega-2,Buchs,"0,96","5,8432",26.01.2024,24.02.2024,"13,8942","0,7167","0,0516","0,4805"
Alnus,2025-Omega-2,Buchs,"0,97","5,9307",26.01.2024,24.02.2024,"13,6337","0,6848","0,0502","0,4831"
Alnus,2025-Omega-2,Buchs,"0,98","6,0668",26.01.2024,24.02.2024,"13,2783","0,6438","0,0485","0,4892"
Alnus,2025-Omega-2,Buchs,"0,99","6,3157",26.01.2024,24.02.2024,"12,6722","0,5741","0,0453","0,4941"
Alnus,2025-Omega-2,Buchs,"0,999","7,3651",26.01.2024,24.02.2024,"10,5276","0,3927","0,0373","0,503"
Alnus,2025-Omega-2,Buchs,"0,9999","8,9151",26.01.2024,24.02.2024,"8,3453","0,259","0,031","0,5402"
Alnus,2025-Omega-2,Buchs,1,"11,5649",26.01.2024,24.02.2024,"6,1737","0,1641","0,0266","0,5502"
Alnus,2025-Omega-2,Buchs,1,"16,1556",26.01.2024,24.02.2024,"4,1322","0,0946","0,0229","0,5853"
Alnus,2025-Omega-2,Buchs,1,"22,7037",26.01.2024,24.02.2024,"2,8466","0,0562","0,0197","0,583"
Betula,2025-Omega-2,Buchs,0,"4,6643",17.03.2024,18.04.2024,"38,5406","2,8634","0,0743","0,4007"
Betula,2025-Omega-2,Buchs,"0,2","4,6643",17.03.2024,18.04.2024,"38,5406","2,8634","0,0743","0,4007"
Betula,2025-Omega-2,Buchs,"0,4","4,6794",17.03.2024,18.04.2024,"38,3911","2,8221","0,0735","0,4017"
Betula,2025-Omega-2,Buchs,"0,6","4,8738",17.03.2024,18.04.2024,"36,6408","2,4595","0,0671","0,4099"
Betula,2025-Omega-2,Buchs,"0,75","5,1386",17.03.2024,18.04.2024,"34,5067","2,0932","0,0607","0,4169"
Betula,2025-Omega-2,Buchs,"0,8","5,2631",17.03.2024,18.04.2024,"33,6348","1,9542","0,0581","0,4189"
Betula,2025-Omega-2,Buchs,"0,85","5,4131",17.03.2024,18.04.2024,"32,5834","1,7971","0,0552","0,4263"
Betula,2025-Omega-2,Buchs,"0,9","5,6214",17.03.2024,18.04.2024,"31,2274","1,5996","0,0512","0,4313"
Betula,2025-Omega-2,Buchs,"0,91","5,6761",17.03.2024,18.04.2024,"30,8938","1,5546","0,0503","0,4312"
Betula,2025-Omega-2,Buchs,"0,92","5,7419",17.03.2024,18.04.2024,"30,5134","1,5041","0,0493","0,4337"
Betula,2025-Omega-2,Buchs,"0,93","5,8136",17.03.2024,18.04.2024,"30,096","1,4516","0,0482","0,4357"
Betula,2025-Omega-2,Buchs,"0,94","5,899",17.03.2024,18.04.2024,"29,6346","1,3959","0,0471","0,438"
Betula,2025-Omega-2,Buchs,"0,95","6,001",17.03.2024,18.04.2024,"29,0627","1,3283","0,0457","0,4414"
Betula,2025-Omega-2,Buchs,"0,96","6,13",17.03.2024,18.04.2024,"28,3875","1,2477","0,044","0,4426"
Betula,2025-Omega-2,Buchs,"0,97","6,2991",17.03.2024,18.04.2024,"27,5355","1,1535","0,0419","0,4456"
Betula,2025-Omega-2,Buchs,"0,98","6,5439",17.03.2024,18.04.2024,"26,3841","1,0339","0,0392","0,4501"
Betula,2025-Omega-2,Buchs,"0,99","7,0202",17.03.2024,18.04.2024,"24,4596","0,8532","0,0349","0,4646"
Betula,2025-Omega-2,Buchs,"0,999","8,9973",17.03.2024,18.04.2024,"18,6597","0,4422","0,0237","0,4973"
Betula,2025-Omega-2,Buchs,"0,9999","12,1834",17.03.2024,18.04.2024,"13,4627","0,2212","0,0164","0,5168"
Betula,2025-Omega-2,Buchs,1,"17,3469",17.03.2024,18.04.2024,"9,154","0,1059","0,0116","0,5439"
Betula,2025-Omega-2,Buchs,1,"27,0799",17.03.2024,18.04.2024,"5,6741","0,0504","0,0089","0,5691"
Betula,2025-Omega-2,Buchs,1,"40,2231",17.03.2024,18.04.2024,"3,7515","0,0285","0,0076","0,6105"
Corylus,2025-Omega-2,Buchs,0,"5,8559",23.01.2024,16.03.2024,"9,6147","1,0688","0,1112","0,3902"
Corylus,2025-Omega-2,Buchs,"0,2","5,8559",23.01.2024,16.03.2024,"9,6144","1,0687","0,1112","0,3902"
Corylus,2025-Omega-2,Buchs,"0,4","5,865",23.01.2024,16.03.2024,"9,5964","1,0552","0,11","0,3923"
Corylus,2025-Omega-2,Buchs,"0,6","6,1353",23.01.2024,16.03.2024,"9,1485","0,9226","0,1009","0,4004"
Corylus,2025-Omega-2,Buchs,"0,75","6,5041",23.01.2024,16.03.2024,"8,6038","0,7893","0,0917","0,4122"
Corylus,2025-Omega-2,Buchs,"0,8","6,6845",23.01.2024,16.03.2024,"8,3675","0,7353","0,0879","0,4171"
Corylus,2025-Omega-2,Buchs,"0,85","6,9035",23.01.2024,16.03.2024,"8,0852","0,677","0,0837","0,4169"
Corylus,2025-Omega-2,Buchs,"0,9","7,2318",23.01.2024,16.03.2024,"7,7042","0,6072","0,0788","0,425"
Corylus,2025-Omega-2,Buchs,"0,91","7,3125",23.01.2024,16.03.2024,"7,6087","0,5902","0,0776","0,4264"
Corylus,2025-Omega-2,Buchs,"0,92","7,4196",23.01.2024,16.03.2024,"7,5","0,5736","0,0765","0,4248"
Corylus,2025-Omega-2,Buchs,"0,93","7,5277",23.01.2024,16.03.2024,"7,3904","0,5531","0,0748","0,4285"
Corylus,2025-Omega-2,Buchs,"0,94","7,6523",23.01.2024,16.03.2024,"7,265","0,5287","0,0728","0,4325"
Corylus,2025-Omega-2,Buchs,"0,95","7,8056",23.01.2024,16.03.2024,"7,1142","0,5025","0,0706","0,4359"
Corylus,2025-Omega-2,Buchs,"0,96","8,0071",23.01.2024,16.03.2024,"6,9303","0,4736","0,0683","0,4376"
Corylus,2025-Omega-2,Buchs,"0,97","8,2727",23.01.2024,16.03.2024,"6,7023","0,4393","0,0655","0,4453"
Corylus,2025-Omega-2,Buchs,"0,98","8,6654",23.01.2024,16.03.2024,"6,3773","0,392","0,0615","0,453"
Corylus,2025-Omega-2,Buchs,"0,99","9,4694",23.01.2024,16.03.2024,"5,8423","0,3237","0,0554","0,467"
Corylus,2025-Omega-2,Buchs,"0,999","13,1955",23.01.2024,16.03.2024,"4,151","0,1615","0,0389","0,5038"
Corylus,2025-Omega-2,Buchs,"0,9999","20,0622",23.01.2024,16.03.2024,"2,6981","0,0703","0,0261","0,5552"
Corylus,2025-Omega-2,Buchs,1,"35,2455",23.01.2024,16.03.2024,"1,5117","0,0234","0,0155","0,6014"
Corylus,2025-Omega-2,Buchs,1,"80,1018",23.01.2024,16.03.2024,"0,6462","0,0074","0,0114","0,6616"
Corylus,2025-Omega-2,Buchs,1,"167,2745",23.01.2024,16.03.2024,"0,3045","0,0021","0,0068","0,7191"
Cupressaceae,2025-Omega-2,Buchs,0,"0,9928",03.04.2024,12.04.2024,"10,7952","5,0716","0,4698","0,2066"
Cupressaceae,2025-Omega-2,Buchs,"0,2","0,9928",03.04.2024,12.04.2024,"10,7952","5,0716","0,4698","0,2066"
Cupressaceae,2025-Omega-2,Buchs,"0,4","1,0045",03.04.2024,12.04.2024,"10,6546","5,0197","0,4711","0,2072"
Cupressaceae,2025-Omega-2,Buchs,"0,6","1,089",03.04.2024,12.04.2024,"9,7119","4,6316","0,4769","0,2081"
Cupressaceae,2025-Omega-2,Buchs,"0,75","1,1866",03.04.2024,12.04.2024,"8,8022","4,2088","0,4782","0,2044"
Cupressaceae,2025-Omega-2,Buchs,"0,8","1,2343",03.04.2024,12.04.2024,"8,4081","4,0488","0,4815","0,2024"
Cupressaceae,2025-Omega-2,Buchs,"0,85","1,3043",03.04.2024,12.04.2024,"7,9567","3,8513","0,484","0,1998"
Cupressaceae,2025-Omega-2,Buchs,"0,9","1,4045",03.04.2024,12.04.2024,"7,4358","3,599","0,484","0,2016"
Cupressaceae,2025-Omega-2,Buchs,"0,91","1,4361",03.04.2024,12.04.2024,"7,2917","3,5388","0,4853","0,2034"
Cupressaceae,2025-Omega-2,Buchs,"0,92","1,4583",03.04.2024,12.04.2024,"7,1494","3,4753","0,4861","0,2024"
Cupressaceae,2025-Omega-2,Buchs,"0,93","1,4854",03.04.2024,12.04.2024,"6,9723","3,3997","0,4876","0,2033"
Cupressaceae,2025-Omega-2,Buchs,"0,94","1,5185",03.04.2024,12.04.2024,"6,7796","3,3143","0,4889","0,201"
Cupressaceae,2025-Omega-2,Buchs,"0,95","1,5532",03.04.2024,12.04.2024,"6,5782","3,2199","0,4895","0,2"
Cupressaceae,2025-Omega-2,Buchs,"0,96","1,6012",03.04.2024,12.04.2024,"6,349","3,1094","0,4897","0,2013"
Cupressaceae,2025-Omega-2,Buchs,"0,97","1,6805",03.04.2024,12.04.2024,"6,0383","2,9706","0,492","0,2008"
Cupressaceae,2025-Omega-2,Buchs,"0,98","1,7744",03.04.2024,12.04.2024,"5,6372","2,78","0,4931","0,1974"
Cupressaceae,2025-Omega-2,Buchs,"0,99","1,9664",03.04.2024,12.04.2024,"5,0574","2,4729","0,489","0,1963"
Cupressaceae,2025-Omega-2,Buchs,"0,999","3,055",03.04.2024,12.04.2024,"3,1997","1,6115","0,5036","0,2078"
Cupressaceae,2025-Omega-2,Buchs,"0,9999","5,2237",03.04.2024,12.04.2024,"1,8351","0,9788","0,5334","0,1991"
Cupressaceae,2025-Omega-2,Buchs,1,"9,7868",03.04.2024,12.04.2024,"0,8924","0,5219","0,5849","0,1703"
Cupressaceae,2025-Omega-2,Buchs,1,"24,2609",03.04.2024,12.04.2024,"0,342","0,2479","0,7249","0,1416"
Cupressaceae,2025-Omega-2,Buchs,1,"63,0745",03.04.2024,12.04.2024,"0,1649","0,1287","0,78","0,1576"
Fagus,2025-Omega-2,Buchs,0,"4,6233",05.04.2024,19.05.2024,"4,5641","1,0346","0,2267","0,3877"
Fagus,2025-Omega-2,Buchs,"0,2","4,6233",05.04.2024,19.05.2024,"4,5641","1,0346","0,2267","0,3877"
Fagus,2025-Omega-2,Buchs,"0,4","4,658",05.04.2024,19.05.2024,"4,519","1,016","0,2248","0,3889"
Fagus,2025-Omega-2,Buchs,"0,6","5,001",05.04.2024,19.05.2024,"4,1621","0,8636","0,2075","0,3969"
Fagus,2025-Omega-2,Buchs,"0,75","5,4222",05.04.2024,19.05.2024,"3,8149","0,706","0,1851","0,4068"
Fagus,2025-Omega-2,Buchs,"0,8","5,6497",05.04.2024,19.05.2024,"3,6725","0,6495","0,1768","0,4128"
Fagus,2025-Omega-2,Buchs,"0,85","5,856",05.04.2024,19.05.2024,"3,5282","0,5841","0,1655","0,4166"
Fagus,2025-Omega-2,Buchs,"0,9","6,1604",05.04.2024,19.05.2024,"3,3407","0,5031","0,1506","0,427"
Fagus,2025-Omega-2,Buchs,"0,91","6,2478",05.04.2024,19.05.2024,"3,2983","0,4833","0,1465","0,4277"
Fagus,2025-Omega-2,Buchs,"0,92","6,3435",05.04.2024,19.05.2024,"3,2446","0,4639","0,143","0,43"
Fagus,2025-Omega-2,Buchs,"0,93","6,4371",05.04.2024,19.05.2024,"3,1872","0,4424","0,1388","0,4342"
Fagus,2025-Omega-2,Buchs,"0,94","6,5331",05.04.2024,19.05.2024,"3,1328","0,4219","0,1347","0,4371"
Fagus,2025-Omega-2,Buchs,"0,95","6,7075",05.04.2024,19.05.2024,"3,0606","0,3998","0,1306","0,4418"
Fagus,2025-Omega-2,Buchs,"0,96","6,8522",05.04.2024,19.05.2024,"2,9838","0,3734","0,1251","0,4431"
Fagus,2025-Omega-2,Buchs,"0,97","7,0893",05.04.2024,19.05.2024,"2,8943","0,337","0,1164","0,4496"
Fagus,2025-Omega-2,Buchs,"0,98","7,3737",05.04.2024,19.05.2024,"2,7828","0,2906","0,1044","0,4614"
Fagus,2025-Omega-2,Buchs,"0,99","7,8752",05.04.2024,19.05.2024,"2,6054","0,2236","0,0858","0,4777"
Fagus,2025-Omega-2,Buchs,"0,999","9,3344",05.04.2024,19.05.2024,"2,186","0,0897","0,041","0,5341"
Fagus,2025-Omega-2,Buchs,"0,9999","10,6385",05.04.2024,19.05.2024,"1,8951","0,0354","0,0187","0,6041"
Fagus,2025-Omega-2,Buchs,1,"12,0552",05.04.2024,19.05.2024,"1,6625","0,0148","0,0089","0,6912"
Fagus,2025-Omega-2,Buchs,1,"13,8084",05.04.2024,19.05.2024,"1,4333","0,0079","0,0055","0,7207"
Fagus,2025-Omega-2,Buchs,1,"15,9056",05.04.2024,19.05.2024,"1,2238","0,005","0,0041","0,7566"
Fraxinus,2025-Omega-2,Buchs,0,"2,2231",11.03.2024,12.04.2024,"38,7299","5,6861","0,1468","0,4191"
Fraxinus,2025-Omega-2,Buchs,"0,2","2,2231",11.03.2024,12.04.2024,"38,7299","5,6859","0,1468","0,4191"
Fraxinus,2025-Omega-2,Buchs,"0,4","2,2386",11.03.2024,12.04.2024,"38,4984","5,5789","0,1449","0,4206"
Fraxinus,2025-Omega-2,Buchs,"0,6","2,3641",11.03.2024,12.04.2024,"36,5812","4,7701","0,1304","0,4341"
Fraxinus,2025-Omega-2,Buchs,"0,75","2,5039",11.03.2024,12.04.2024,"34,5304","3,9867","0,1155","0,4504"
Fraxinus,2025-Omega-2,Buchs,"0,8","2,5626",11.03.2024,12.04.2024,"33,7111","3,6944","0,1096","0,458"
Fraxinus,2025-Omega-2,Buchs,"0,85","2,6273",11.03.2024,12.04.2024,"32,8433","3,3592","0,1023","0,4658"
Fraxinus,2025-Omega-2,Buchs,"0,9","2,7067",11.03.2024,12.04.2024,"31,7878","2,968","0,0934","0,4754"
Fraxinus,2025-Omega-2,Buchs,"0,91","2,7268",11.03.2024,12.04.2024,"31,523","2,879","0,0913","0,4769"
Fraxinus,2025-Omega-2,Buchs,"0,92","2,7489",11.03.2024,12.04.2024,"31,241","2,7771","0,0889","0,4791"
Fraxinus,2025-Omega-2,Buchs,"0,93","2,7731",11.03.2024,12.04.2024,"30,9421","2,6702","0,0863","0,4808"
Fraxinus,2025-Omega-2,Buchs,"0,94","2,8001",11.03.2024,12.04.2024,"30,5995","2,5483","0,0833","0,4831"
Fraxinus,2025-Omega-2,Buchs,"0,95","2,834",11.03.2024,12.04.2024,"30,1986","2,4166","0,08","0,4866"
Fraxinus,2025-Omega-2,Buchs,"0,96","2,8726",11.03.2024,12.04.2024,"29,7498","2,2646","0,0761","0,4922"
Fraxinus,2025-Omega-2,Buchs,"0,97","2,9251",11.03.2024,12.04.2024,"29,1684","2,0918","0,0717","0,4962"
Fraxinus,2025-Omega-2,Buchs,"0,98","2,9975",11.03.2024,12.04.2024,"28,4008","1,8627","0,0656","0,5011"
Fraxinus,2025-Omega-2,Buchs,"0,99","3,1153",11.03.2024,12.04.2024,"27,1786","1,5276","0,0562","0,5128"
Fraxinus,2025-Omega-2,Buchs,"0,999","3,4988",11.03.2024,12.04.2024,"23,8892","0,7962","0,0333","0,5395"
Fraxinus,2025-Omega-2,Buchs,"0,9999","3,9299",11.03.2024,12.04.2024,"21,0577","0,4195","0,0199","0,5521"
Fraxinus,2025-Omega-2,Buchs,1,"4,4514",11.03.2024,12.04.2024,"18,4565","0,2331","0,0126","0,5578"
Fraxinus,2025-Omega-2,Buchs,1,"5,159",11.03.2024,12.04.2024,"15,7595","0,1449","0,0092","0,5761"
Fraxinus,2025-Omega-2,Buchs,1,"5,9165",11.03.2024,12.04.2024,"13,6452","0,1058","0,0078","0,5963"
Pinaceae,2025-Omega-2,Buchs,0,"2,2741",06.04.2024,22.04.2024,"14,3146","4,1318","0,2886","0,6606"
Pinaceae,2025-Omega-2,Buchs,"0,2","2,2741",06.04.2024,22.04.2024,"14,3146","4,1317","0,2886","0,6606"
Pinaceae,2025-Omega-2,Buchs,"0,4","2,2746",06.04.2024,22.04.2024,"14,2941","4,1201","0,2882","0,6609"
Pinaceae,2025-Omega-2,Buchs,"0,6","2,2804",06.04.2024,22.04.2024,"14,2114","4,0041","0,2818","0,6644"
Pinaceae,2025-Omega-2,Buchs,"0,75","2,2864",06.04.2024,22.04.2024,"14,1358","3,8629","0,2733","0,6667"
Pinaceae,2025-Omega-2,Buchs,"0,8","2,288",06.04.2024,22.04.2024,"14,1093","3,8011","0,2694","0,6686"
Pinaceae,2025-Omega-2,Buchs,"0,85","2,2923",06.04.2024,22.04.2024,"14,0674","3,7366","0,2656","0,6691"
Pinaceae,2025-Omega-2,Buchs,"0,9","2,2959",06.04.2024,22.04.2024,"14,0286","3,6477","0,26","0,6712"
Pinaceae,2025-Omega-2,Buchs,"0,91","2,2973",06.04.2024,22.04.2024,"14,0164","3,6282","0,2589","0,6726"
Pinaceae,2025-Omega-2,Buchs,"0,92","2,2975",06.04.2024,22.04.2024,"14,0092","3,6049","0,2573","0,674"
Pinaceae,2025-Omega-2,Buchs,"0,93","2,2981",06.04.2024,22.04.2024,"13,999","3,5771","0,2555","0,6747"
Pinaceae,2025-Omega-2,Buchs,"0,94","2,2989",06.04.2024,22.04.2024,"13,9898","3,5511","0,2538","0,6744"
Pinaceae,2025-Omega-2,Buchs,"0,95","2,3008",06.04.2024,22.04.2024,"13,9724","3,5158","0,2516","0,6737"
Pinaceae,2025-Omega-2,Buchs,"0,96","2,302",06.04.2024,22.04.2024,"13,9561","3,4765","0,2491","0,6762"
Pinaceae,2025-Omega-2,Buchs,"0,97","2,3044",06.04.2024,22.04.2024,"13,9316","3,4257","0,2459","0,6767"
Pinaceae,2025-Omega-2,Buchs,"0,98","2,3089",06.04.2024,22.04.2024,"13,8959","3,358","0,2417","0,6784"
Pinaceae,2025-Omega-2,Buchs,"0,99","2,3162",06.04.2024,22.04.2024,"13,8468","3,2487","0,2346","0,6774"
Pinaceae,2025-Omega-2,Buchs,"0,999","2,3435",06.04.2024,22.04.2024,"13,6579","2,9496","0,216","0,6799"
Pinaceae,2025-Omega-2,Buchs,"0,9999","2,3816",06.04.2024,22.04.2024,"13,4373","2,7344","0,2035","0,6915"
Pinaceae,2025-Omega-2,Buchs,1,"2,4632",06.04.2024,22.04.2024,"13,039","2,537","0,1946","0,7007"
Pinaceae,2025-Omega-2,Buchs,1,"2,5913",06.04.2024,22.04.2024,"12,4559","2,302","0,1848","0,7066"
Pinaceae,2025-Omega-2,Buchs,1,"2,7722",06.04.2024,22.04.2024,"11,7768","2,0753","0,1762","0,708"
Poaceae,2025-Omega-2,Buchs,0,"11,3987",24.04.2024,03.08.2024,"11,0332","1,432","0,1298","0,8018"
Poaceae,2025-Omega-2,Buchs,"0,2","11,3989",24.04.2024,03.08.2024,"11,0331","1,432","0,1298","0,8018"
Poaceae,2025-Omega-2,Buchs,"0,4","11,426",24.04.2024,03.08.2024,"11,0089","1,4224","0,1292","0,8018"
Poaceae,2025-Omega-2,Buchs,"0,6","11,8057",24.04.2024,03.08.2024,"10,6594","1,3437","0,1261","0,8054"
Poaceae,2025-Omega-2,Buchs,"0,75","12,3021",24.04.2024,03.08.2024,"10,2335","1,2553","0,1227","0,8093"
Poaceae,2025-Omega-2,Buchs,"0,8","12,5117",24.04.2024,03.08.2024,"10,059","1,2167","0,121","0,8101"
Poaceae,2025-Omega-2,Buchs,"0,85","12,7792",24.04.2024,03.08.2024,"9,8498","1,1795","0,1198","0,8108"
Poaceae,2025-Omega-2,Buchs,"0,9","13,1596",24.04.2024,03.08.2024,"9,565","1,1249","0,1176","0,811"
Poaceae,2025-Omega-2,Buchs,"0,91","13,2576",24.04.2024,03.08.2024,"9,4942","1,1099","0,1169","0,8113"
Poaceae,2025-Omega-2,Buchs,"0,92","13,3579",24.04.2024,03.08.2024,"9,4216","1,0973","0,1165","0,8117"
Poaceae,2025-Omega-2,Buchs,"0,93","13,4747",24.04.2024,03.08.2024,"9,3383","1,0813","0,1158","0,8126"
Poaceae,2025-Omega-2,Buchs,"0,94","13,6176",24.04.2024,03.08.2024,"9,2403","1,0652","0,1153","0,8134"
Poaceae,2025-Omega-2,Buchs,"0,95","13,7784",24.04.2024,03.08.2024,"9,1311","1,0425","0,1142","0,8152"
Poaceae,2025-Omega-2,Buchs,"0,96","13,9746",24.04.2024,03.08.2024,"9,0013","1,0191","0,1132","0,8153"
Poaceae,2025-Omega-2,Buchs,"0,97","14,2464",24.04.2024,03.08.2024,"8,8274","0,9876","0,1119","0,8165"
Poaceae,2025-Omega-2,Buchs,"0,98","14,6339",24.04.2024,03.08.2024,"8,5937","0,9474","0,1102","0,8166"
Poaceae,2025-Omega-2,Buchs,"0,99","15,321",24.04.2024,03.08.2024,"8,1999","0,8783","0,1071","0,8168"
Poaceae,2025-Omega-2,Buchs,"0,999","18,0063",24.04.2024,03.08.2024,"6,9267","0,6896","0,0996","0,8199"
Poaceae,2025-Omega-2,Buchs,"0,9999","21,2315",24.04.2024,03.08.2024,"5,8026","0,5235","0,0902","0,8236"
Poaceae,2025-Omega-2,Buchs,1,"25,4111",24.04.2024,03.08.2024,"4,7476","0,3904","0,0822","0,8288"
Poaceae,2025-Omega-2,Buchs,1,"30,6983",24.04.2024,03.08.2024,"3,8003","0,2783","0,0732","0,8341"
Poaceae,2025-Omega-2,Buchs,1,"35,8583",24.04.2024,03.08.2024,"3,1399","0,2132","0,0679","0,8279"
Populus,2025-Omega-2,Buchs,0,"4,6139",15.02.2024,24.02.2024,"2,9688","2,8041","0,9445","0,0152"
Populus,2025-Omega-2,Buchs,"0,2","4,6139",15.02.2024,24.02.2024,"2,9688","2,804","0,9445","0,0152"
Populus,2025-Omega-2,Buchs,"0,4","4,6686",15.02.2024,24.02.2024,"2,9323","2,7451","0,9362","0,0144"
Populus,2025-Omega-2,Buchs,"0,6","5,3963",15.02.2024,24.02.2024,"2,5764","2,4024","0,9325","0,0162"
Populus,2025-Omega-2,Buchs,"0,75","6,344",15.02.2024,24.02.2024,"2,2205","2,0817","0,9375","0,0182"
Populus,2025-Omega-2,Buchs,"0,8","6,6924",15.02.2024,24.02.2024,"2,099","1,9643","0,9358","0,0171"
Populus,2025-Omega-2,Buchs,"0,85","7,2028",15.02.2024,24.02.2024,"1,9653","1,8278","0,93","0,0174"
Populus,2025-Omega-2,Buchs,"0,9","7,8814",15.02.2024,24.02.2024,"1,8003","1,6674","0,9261","0,0174"
Populus,2025-Omega-2,Buchs,"0,91","8,099",15.02.2024,24.02.2024,"1,7448","1,6285","0,9334","0,0179"
Populus,2025-Omega-2,Buchs,"0,92","8,357",15.02.2024,24.02.2024,"1,684","1,5897","0,944","0,0168"
Populus,2025-Omega-2,Buchs,"0,93","8,6279",15.02.2024,24.02.2024,"1,6354","1,5497","0,9476","0,0146"
Populus,2025-Omega-2,Buchs,"0,94","8,9593",15.02.2024,24.02.2024,"1,5764","1,5015","0,9525","0,0163"
Populus,2025-Omega-2,Buchs,"0,95","9,343",15.02.2024,24.02.2024,"1,5156","1,4448","0,9533","0,0151"
Populus,2025-Omega-2,Buchs,"0,96","9,6632",15.02.2024,24.02.2024,"1,4462","1,3792","0,9537","0,0107"
Populus,2025-Omega-2,Buchs,"0,97","10,1907",15.02.2024,24.02.2024,"1,3681","1,3026","0,9521","0,008"
Populus,2025-Omega-2,Buchs,"0,98","11,0244",15.02.2024,24.02.2024,"1,2743","1,1941","0,937","0,0097"
Populus,2025-Omega-2,Buchs,"0,99","12,8123",15.02.2024,24.02.2024,"1,0955","1,0362","0,9459","0,0066"
Populus,2025-Omega-2,Buchs,"0,999","21,3182",15.02.2024,24.02.2024,"0,6545","0,6525","0,9969","-0,0084"
Populus,2025-Omega-2,Buchs,"0,9999","32,4881",15.02.2024,24.02.2024,"0,4184","0,4174","0,9976","-0,0181"
Populus,2025-Omega-2,Buchs,1,"61,0332",15.02.2024,24.02.2024,"0,2222","0,259","1,1657","-0,0348"
Populus,2025-Omega-2,Buchs,1,"105,7646",15.02.2024,24.02.2024,"0,125","0,156","1,2481","-0,0492"
Populus,2025-Omega-2,Buchs,1,"232,2327",15.02.2024,24.02.2024,"0,0556","0,107","1,9259","-0,0975"
Quercus,2025-Omega-2,Buchs,0,"2,6293",05.04.2024,17.05.2024,"16,8336","3,1193","0,1853","0,2817"
Quercus,2025-Omega-2,Buchs,"0,2","2,6293",05.04.2024,17.05.2024,"16,8336","3,1191","0,1853","0,2817"
Quercus,2025-Omega-2,Buchs,"0,4","2,6515",05.04.2024,17.05.2024,"16,7113","3,0594","0,1831","0,282"
Quercus,2025-Omega-2,Buchs,"0,6","2,8368",05.04.2024,17.05.2024,"15,6656","2,6489","0,1691","0,2902"
Quercus,2025-Omega-2,Buchs,"0,75","3,0539",05.04.2024,17.05.2024,"14,5371","2,2322","0,1536","0,3028"
Quercus,2025-Omega-2,Buchs,"0,8","3,1485",05.04.2024,17.05.2024,"14,0821","2,0815","0,1478","0,3071"
Quercus,2025-Omega-2,Buchs,"0,85","3,2576",05.04.2024,17.05.2024,"13,6016","1,9119","0,1406","0,3137"
Quercus,2025-Omega-2,Buchs,"0,9","3,4095",05.04.2024,17.05.2024,"12,9447","1,7084","0,132","0,3184"
Quercus,2025-Omega-2,Buchs,"0,91","3,4494",05.04.2024,17.05.2024,"12,7896","1,657","0,1296","0,3209"
Quercus,2025-Omega-2,Buchs,"0,92","3,4891",05.04.2024,17.05.2024,"12,614","1,5984","0,1267","0,3237"
Quercus,2025-Omega-2,Buchs,"0,93","3,5337",05.04.2024,17.05.2024,"12,4363","1,5431","0,1241","0,3263"
Quercus,2025-Omega-2,Buchs,"0,94","3,5848",05.04.2024,17.05.2024,"12,2219","1,4796","0,1211","0,3263"
Quercus,2025-Omega-2,Buchs,"0,95","3,6493",05.04.2024,17.05.2024,"11,9773","1,4067","0,1174","0,3297"
Quercus,2025-Omega-2,Buchs,"0,96","3,7229",05.04.2024,17.05.2024,"11,7035","1,3247","0,1132","0,3333"
Quercus,2025-Omega-2,Buchs,"0,97","3,822",05.04.2024,17.05.2024,"11,341","1,2274","0,1082","0,3351"
Quercus,2025-Omega-2,Buchs,"0,98","3,9588",05.04.2024,17.05.2024,"10,8843","1,1039","0,1014","0,3377"
Quercus,2025-Omega-2,Buchs,"0,99","4,1952",05.04.2024,17.05.2024,"10,1483","0,9147","0,0901","0,3495"
Quercus,2025-Omega-2,Buchs,"0,999","4,9925",05.04.2024,17.05.2024,"8,1069","0,4817","0,0594","0,381"
Quercus,2025-Omega-2,Buchs,"0,9999","5,9261",05.04.2024,17.05.2024,"6,4487","0,2447","0,0379","0,4"
Quercus,2025-Omega-2,Buchs,1,"7,2291",05.04.2024,17.05.2024,"5,0364","0,1185","0,0235","0,4319"
Quercus,2025-Omega-2,Buchs,1,"9,5766",05.04.2024,17.05.2024,"3,6559","0,0506","0,0138","0,4607"
Quercus,2025-Omega-2,Buchs,1,"12,5574",05.04.2024,17.05.2024,"2,7427","0,0246","0,009","0,4924"
Taxus,2025-Omega-2,Buchs,0,"3,093",09.02.2024,07.03.2024,"38,9267","6,2053","0,1594","0,2604"
Taxus,2025-Omega-2,Buchs,"0,2","3,093",09.02.2024,07.03.2024,"38,9267","6,2051","0,1594","0,2604"
Taxus,2025-Omega-2,Buchs,"0,4","3,0969",09.02.2024,07.03.2024,"38,8567","6,1109","0,1573","0,2624"
Taxus,2025-Omega-2,Buchs,"0,6","3,1393",09.02.2024,07.03.2024,"38,1163","5,4514","0,143","0,2701"
Taxus,2025-Omega-2,Buchs,"0,75","3,1849",09.02.2024,07.03.2024,"37,2712","4,7975","0,1287","0,2768"
Taxus,2025-Omega-2,Buchs,"0,8","3,2056",09.02.2024,07.03.2024,"36,9228","4,5398","0,123","0,279"
Taxus,2025-Omega-2,Buchs,"0,85","3,2351",09.02.2024,07.03.2024,"36,4757","4,2524","0,1166","0,2845"
Taxus,2025-Omega-2,Buchs,"0,9","3,2745",09.02.2024,07.03.2024,"35,8755","3,905","0,1088","0,2892"
Taxus,2025-Omega-2,Buchs,"0,91","3,2845",09.02.2024,07.03.2024,"35,7341","3,819","0,1069","0,2905"
Taxus,2025-Omega-2,Buchs,"0,92","3,2948",09.02.2024,07.03.2024,"35,5841","3,7269","0,1047","0,293"
Taxus,2025-Omega-2,Buchs,"0,93","3,3086",09.02.2024,07.03.2024,"35,3906","3,6299","0,1026","0,2951"
Taxus,2025-Omega-2,Buchs,"0,94","3,3236",09.02.2024,07.03.2024,"35,1718","3,5147","0,0999","0,2985"
Taxus,2025-Omega-2,Buchs,"0,95","3,344",09.02.2024,07.03.2024,"34,9089","3,3916","0,0972","0,3025"
Taxus,2025-Omega-2,Buchs,"0,96","3,3672",09.02.2024,07.03.2024,"34,6075","3,2506","0,0939","0,3041"
Taxus,2025-Omega-2,Buchs,"0,97","3,3969",09.02.2024,07.03.2024,"34,2101","3,075","0,0899","0,3089"
Taxus,2025-Omega-2,Buchs,"0,98","3,4378",09.02.2024,07.03.2024,"33,6799","2,8466","0,0845","0,3139"
Taxus,2025-Omega-2,Buchs,"0,99","3,5092",09.02.2024,07.03.2024,"32,7958","2,4836","0,0757","0,3266"
Taxus,2025-Omega-2,Buchs,"0,999","3,8441",09.02.2024,07.03.2024,"29,4326","1,5585","0,053","0,3592"
Taxus,2025-Omega-2,Buchs,"0,9999","4,3604",09.02.2024,07.03.2024,"25,52","0,9314","0,0365","0,3909"
Taxus,2025-Omega-2,Buchs,1,"5,2252",09.02.2024,07.03.2024,"20,905","0,5068","0,0242","0,412"
Taxus,2025-Omega-2,Buchs,1,"6,959",09.02.2024,07.03.2024,"15,5265","0,2378","0,0153","0,4425"
Taxus,2025-Omega-2,Buchs,1,"9,543",09.02.2024,07.03.2024,"11,1848","0,1171","0,0105","0,4674"
Pinaceae,2025-Omega-2,Payerne,0,"3,1858",04.05.2024,22.05.2024,"12,9761","2,1944","0,1691","0,6696"
Pinaceae,2025-Omega-2,Payerne,"0,2","3,1858",04.05.2024,22.05.2024,"12,9761","2,1944","0,1691","0,6696"
Pinaceae,2025-Omega-2,Payerne,"0,4","3,188",04.05.2024,22.05.2024,"12,9697","2,1863","0,1686","0,6696"
Pinaceae,2025-Omega-2,Payerne,"0,6","3,1978",04.05.2024,22.05.2024,"12,9149","2,1273","0,1647","0,6713"
Pinaceae,2025-Omega-2,Payerne,"0,75","3,2118",04.05.2024,22.05.2024,"12,8473","2,0649","0,1607","0,6777"
Pinaceae,2025-Omega-2,Payerne,"0,8","3,2179",04.05.2024,22.05.2024,"12,8235","2,0429","0,1593","0,6796"
Pinaceae,2025-Omega-2,Payerne,"0,85","3,2253",04.05.2024,22.05.2024,"12,7933","2,0122","0,1573","0,6845"
Pinaceae,2025-Omega-2,Payerne,"0,9","3,2334",04.05.2024,22.05.2024,"12,7586","1,975","0,1548","0,6854"
Pinaceae,2025-Omega-2,Payerne,"0,91","3,2349",04.05.2024,22.05.2024,"12,7522","1,9669","0,1542","0,6866"
Pinaceae,2025-Omega-2,Payerne,"0,92","3,2373",04.05.2024,22.05.2024,"12,7422","1,9592","0,1538","0,6875"
Pinaceae,2025-Omega-2,Payerne,"0,93","3,2395",04.05.2024,22.05.2024,"12,7294","1,9499","0,1532","0,6885"
Pinaceae,2025-Omega-2,Payerne,"0,94","3,243",04.05.2024,22.05.2024,"12,7157","1,9397","0,1525","0,687"
Pinaceae,2025-Omega-2,Payerne,"0,95","3,2496",04.05.2024,22.05.2024,"12,691","1,9271","0,1519","0,6888"
Pinaceae,2025-Omega-2,Payerne,"0,96","3,2543",04.05.2024,22.05.2024,"12,6718","1,9117","0,1509","0,6906"
Pinaceae,2025-Omega-2,Payerne,"0,97","3,2598",04.05.2024,22.05.2024,"12,6462","1,8934","0,1497","0,6947"
Pinaceae,2025-Omega-2,Payerne,"0,98","3,2733",04.05.2024,22.05.2024,"12,5941","1,8691","0,1484","0,695"
Pinaceae,2025-Omega-2,Payerne,"0,99","3,295",04.05.2024,22.05.2024,"12,5119","1,8247","0,1458","0,704"
Pinaceae,2025-Omega-2,Payerne,"0,999","3,3707",04.05.2024,22.05.2024,"12,2113","1,7009","0,1393","0,7101"
Pinaceae,2025-Omega-2,Payerne,"0,9999","3,4867",04.05.2024,22.05.2024,"11,7837","1,5857","0,1346","0,712"
Pinaceae,2025-Omega-2,Payerne,1,"3,6806",04.05.2024,22.05.2024,"11,144","1,4719","0,1321","0,7121"
Pinaceae,2025-Omega-2,Payerne,1,"3,9795",04.05.2024,22.05.2024,"10,2604","1,338","0,1304","0,7149"
Pinaceae,2025-Omega-2,Payerne,1,"4,3852",04.05.2024,22.05.2024,"9,3266","1,2203","0,1308","0,7131"
Poaceae,2025-Omega-2,Payerne,0,"5,115",06.05.2024,04.08.2024,"16,2745","3,829","0,2353","0,8003"
Poaceae,2025-Omega-2,Payerne,"0,2","5,115",06.05.2024,04.08.2024,"16,2745","3,829","0,2353","0,8003"
Poaceae,2025-Omega-2,Payerne,"0,4","5,1182",06.05.2024,04.08.2024,"16,2621","3,8211","0,235","0,8003"
Poaceae,2025-Omega-2,Payerne,"0,6","5,1994",06.05.2024,04.08.2024,"15,9898","3,6909","0,2308","0,7976"
Poaceae,2025-Omega-2,Payerne,"0,75","5,3189",06.05.2024,04.08.2024,"15,61","3,537","0,2266","0,7966"
Poaceae,2025-Omega-2,Payerne,"0,8","5,3745",06.05.2024,04.08.2024,"15,4461","3,4746","0,225","0,7978"
Poaceae,2025-Omega-2,Payerne,"0,85","5,4347",06.05.2024,04.08.2024,"15,2625","3,4052","0,2231","0,7979"
Poaceae,2025-Omega-2,Payerne,"0,9","5,5172",06.05.2024,04.08.2024,"15,0242","3,3152","0,2207","0,7965"
Poaceae,2025-Omega-2,Payerne,"0,91","5,5403",06.05.2024,04.08.2024,"14,9567","3,3026","0,2208","0,7945"
Poaceae,2025-Omega-2,Payerne,"0,92","5,5649",06.05.2024,04.08.2024,"14,887","3,2726","0,2198","0,7947"
Poaceae,2025-Omega-2,Payerne,"0,93","5,5914",06.05.2024,04.08.2024,"14,8129","3,2411","0,2188","0,7946"
Poaceae,2025-Omega-2,Payerne,"0,94","5,6248",06.05.2024,04.08.2024,"14,7237","3,2079","0,2179","0,7952"
Poaceae,2025-Omega-2,Payerne,"0,95","5,662",06.05.2024,04.08.2024,"14,6224","3,174","0,2171","0,7949"
Poaceae,2025-Omega-2,Payerne,"0,96","5,7068",06.05.2024,04.08.2024,"14,5003","3,1298","0,2158","0,7949"
Poaceae,2025-Omega-2,Payerne,"0,97","5,7702",06.05.2024,04.08.2024,"14,3345","3,0738","0,2144","0,7936"
Poaceae,2025-Omega-2,Payerne,"0,98","5,8586",06.05.2024,04.08.2024,"14,1097","2,9956","0,2123","0,7941"
Poaceae,2025-Omega-2,Payerne,"0,99","6,0192",06.05.2024,04.08.2024,"13,7218","2,8828","0,2101","0,7961"
Poaceae,2025-Omega-2,Payerne,"0,999","6,6114",06.05.2024,04.08.2024,"12,4425","2,4921","0,2003","0,7902"
Poaceae,2025-Omega-2,Payerne,"0,9999","7,3504",06.05.2024,04.08.2024,"11,157","2,1291","0,1908","0,7872"
Poaceae,2025-Omega-2,Payerne,1,"8,3596",06.05.2024,04.08.2024,"9,789","1,7977","0,1836","0,7826"
Poaceae,2025-Omega-2,Payerne,1,"9,6648",06.05.2024,04.08.2024,"8,436","1,4907","0,1767","0,7771"
Poaceae,2025-Omega-2,Payerne,1,"10,9596",06.05.2024,04.08.2024,"7,4226","1,2358","0,1665","0,777"
Quercus,2025-Omega-2,Payerne,0,"5,6789",03.05.2024,18.06.2024,"1,0221","0,3147","0,3079","0,3965"
Quercus,2025-Omega-2,Payerne,"0,2","5,6789",03.05.2024,18.06.2024,"1,0221","0,3147","0,3079","0,3965"
Quercus,2025-Omega-2,Payerne,"0,4","5,691",03.05.2024,18.06.2024,"1,0088","0,308","0,3053","0,3898"
Quercus,2025-Omega-2,Payerne,"0,6","6,0731",03.05.2024,18.06.2024,"0,9035","0,2621","0,29","0,3823"
Quercus,2025-Omega-2,Payerne,"0,75","6,6245",03.05.2024,18.06.2024,"0,7997","0,217","0,2713","0,3862"
Quercus,2025-Omega-2,Payerne,"0,8","6,8922",03.05.2024,18.06.2024,"0,7583","0,2013","0,2654","0,3805"
Quercus,2025-Omega-2,Payerne,"0,85","7,1936",03.05.2024,18.06.2024,"0,7066","0,1822","0,2579","0,3757"
Quercus,2025-Omega-2,Payerne,"0,9","7,6468",03.05.2024,18.06.2024,"0,6472","0,1576","0,2435","0,389"
Quercus,2025-Omega-2,Payerne,"0,91","7,7602",03.05.2024,18.06.2024,"0,6372","0,1536","0,2411","0,3895"
Quercus,2025-Omega-2,Payerne,"0,92","7,9461",03.05.2024,18.06.2024,"0,6217","0,1497","0,2408","0,3933"
Quercus,2025-Omega-2,Payerne,"0,93","8,1226",03.05.2024,18.06.2024,"0,6069","0,1444","0,2379","0,3955"
Quercus,2025-Omega-2,Payerne,"0,94","8,2888",03.05.2024,18.06.2024,"0,5899","0,138","0,2339","0,3855"
Quercus,2025-Omega-2,Payerne,"0,95","8,4792",03.05.2024,18.06.2024,"0,5703","0,1312","0,2301","0,3838"
Quercus,2025-Omega-2,Payerne,"0,96","8,8419",03.05.2024,18.06.2024,"0,543","0,1245","0,2292","0,3779"
Quercus,2025-Omega-2,Payerne,"0,97","9,3528",03.05.2024,18.06.2024,"0,5086","0,1149","0,226","0,3762"
Quercus,2025-Omega-2,Payerne,"0,98","9,8748",03.05.2024,18.06.2024,"0,4769","0,1056","0,2215","0,3786"
Quercus,2025-Omega-2,Payerne,"0,99","10,8437",03.05.2024,18.06.2024,"0,4174","0,0846","0,2026","0,39"
Quercus,2025-Omega-2,Payerne,"0,999","16,2604",03.05.2024,18.06.2024,"0,2582","0,0476","0,1844","0,3638"
Quercus,2025-Omega-2,Payerne,"0,9999","26,5177",03.05.2024,18.06.2024,"0,1555","0,0241","0,1549","0,3622"
Quercus,2025-Omega-2,Payerne,1,"42,6253",03.05.2024,18.06.2024,"0,0887","0,0123","0,139","0,3939"
Quercus,2025-Omega-2,Payerne,1,"72,0522",03.05.2024,18.06.2024,"0,0469","0,0059","0,1253","0,3638"
Quercus,2025-Omega-2,Payerne,1,"118,0537",03.05.2024,18.06.2024,"0,0296","0,0034","0,1137","0,4266"
Alnus,2025-Omega-2,Neuchatel,0,"98,0115",03.02.2024,26.02.2024,"0,4066","0,0328","0,0807","0,4731"
Alnus,2025-Omega-2,Neuchatel,"0,2","98,0115",03.02.2024,26.02.2024,"0,4066","0,0328","0,0807","0,4731"
Alnus,2025-Omega-2,Neuchatel,"0,4","98,3819",03.02.2024,26.02.2024,"0,4044","0,032","0,0792","0,4805"
Alnus,2025-Omega-2,Neuchatel,"0,6","112,6939",03.02.2024,26.02.2024,"0,3473","0,0295","0,085","0,4642"
Alnus,2025-Omega-2,Neuchatel,"0,75","142,6484",03.02.2024,26.02.2024,"0,2757","0,0254","0,092","0,4833"
Alnus,2025-Omega-2,Neuchatel,"0,8","157,0056",03.02.2024,26.02.2024,"0,2532","0,0232","0,0916","0,4817"
Alnus,2025-Omega-2,Neuchatel,"0,85","187,7946",03.02.2024,26.02.2024,"0,2228","0,0213","0,0957","0,4594"
Alnus,2025-Omega-2,Neuchatel,"0,9","215,9625",03.02.2024,26.02.2024,"0,1896","0,0191","0,101","0,4487"
Alnus,2025-Omega-2,Neuchatel,"0,91","223,1126",03.02.2024,26.02.2024,"0,186","0,0186","0,0998","0,458"
Alnus,2025-Omega-2,Neuchatel,"0,92","239,3142",03.02.2024,26.02.2024,"0,1766","0,018","0,1021","0,4569"
Alnus,2025-Omega-2,Neuchatel,"0,93","247,0911",03.02.2024,26.02.2024,"0,1693","0,0176","0,1039","0,4445"
Alnus,2025-Omega-2,Neuchatel,"0,94","267,1225",03.02.2024,26.02.2024,"0,1592","0,0159","0,1","0,4507"
Alnus,2025-Omega-2,Neuchatel,"0,95","280,9558",03.02.2024,26.02.2024,"0,1491","0,0153","0,1028","0,4574"
Alnus,2025-Omega-2,Neuchatel,"0,96","293,9949",03.02.2024,26.02.2024,"0,1411","0,0133","0,0943","0,466"
Alnus,2025-Omega-2,Neuchatel,"0,97","312,4431",03.02.2024,26.02.2024,"0,1331","0,012","0,0901","0,4887"
Alnus,2025-Omega-2,Neuchatel,"0,98","346,601",03.02.2024,26.02.2024,"0,1201","0,0107","0,089","0,4864"
Alnus,2025-Omega-2,Neuchatel,"0,99","429,1811",03.02.2024,26.02.2024,"0,0948","0,0089","0,0942","0,4526"
Alnus,2025-Omega-2,Neuchatel,"0,999","889,6203",03.02.2024,26.02.2024,"0,0492","0,0046","0,0929","0,4577"
Alnus,2025-Omega-2,Neuchatel,"0,9999",1000,03.02.2024,26.02.2024,"0,0326","0,004","0,1225","0,4145"
Alnus,2025-Omega-2,Neuchatel,1,1000,03.02.2024,26.02.2024,"0,0246","0,0018","0,0733","0,3611"
Alnus,2025-Omega-2,Neuchatel,1,1000,03.02.2024,26.02.2024,"0,0159","0,0004","0,0275","0,4061"
Alnus,2025-Omega-2,Neuchatel,1,1000,03.02.2024,26.02.2024,"0,008",0,0,"0,3664"
Betula,2025-Omega-2,Neuchatel,0,"296,5111",22.03.2024,18.04.2024,"0,2493","0,0515","0,2064","0,4077"
Betula,2025-Omega-2,Neuchatel,"0,2","296,5111",22.03.2024,18.04.2024,"0,2493","0,0515","0,2064","0,4077"
Betula,2025-Omega-2,Neuchatel,"0,4","299,108",22.03.2024,18.04.2024,"0,2474","0,0472","0,1909","0,4106"
Betula,2025-Omega-2,Neuchatel,"0,6","345,1902",22.03.2024,18.04.2024,"0,2133","0,0397","0,1863","0,411"
Betula,2025-Omega-2,Neuchatel,"0,75","389,1856",22.03.2024,18.04.2024,"0,1916","0,0334","0,1741","0,453"
Betula,2025-Omega-2,Neuchatel,"0,8","407,1896",22.03.2024,18.04.2024,"0,1811","0,0317","0,1751","0,4563"
Betula,2025-Omega-2,Neuchatel,"0,85","432,9234",22.03.2024,18.04.2024,"0,1699","0,0291","0,1714","0,4455"
Betula,2025-Omega-2,Neuchatel,"0,9","466,6937",22.03.2024,18.04.2024,"0,1575","0,0245","0,1555","0,4373"
Betula,2025-Omega-2,Neuchatel,"0,91","473,4764",22.03.2024,18.04.2024,"0,1556","0,024","0,1545","0,44"
Betula,2025-Omega-2,Neuchatel,"0,92","487,1922",22.03.2024,18.04.2024,"0,1507","0,0232","0,1541","0,4479"
Betula,2025-Omega-2,Neuchatel,"0,93","493,3417",22.03.2024,18.04.2024,"0,1488","0,0216","0,1454","0,4592"
Betula,2025-Omega-2,Neuchatel,"0,94","518,0158",22.03.2024,18.04.2024,"0,1414","0,0172","0,1217","0,452"
Betula,2025-Omega-2,Neuchatel,"0,95","573,9005",22.03.2024,18.04.2024,"0,1314","0,0159","0,1213","0,4666"
Betula,2025-Omega-2,Neuchatel,"0,96","607,9602",22.03.2024,18.04.2024,"0,1246","0,015","0,1201","0,4608"
Betula,2025-Omega-2,Neuchatel,"0,97","644,8708",22.03.2024,18.04.2024,"0,1172","0,0136","0,116","0,4684"
Betula,2025-Omega-2,Neuchatel,"0,98","684,0028",22.03.2024,18.04.2024,"0,1073","0,0117","0,1095","0,493"
Betula,2025-Omega-2,Neuchatel,"0,99","788,5057",22.03.2024,18.04.2024,"0,0936","0,0098","0,1049","0,5084"
Betula,2025-Omega-2,Neuchatel,"0,999",1000,22.03.2024,18.04.2024,"0,0564","0,0049","0,087","0,5136"
Betula,2025-Omega-2,Neuchatel,"0,9999",1000,22.03.2024,18.04.2024,"0,0329","0,0015","0,0459","0,6075"
Betula,2025-Omega-2,Neuchatel,1,1000,22.03.2024,18.04.2024,"0,0198","0,0006","0,0304","0,592"
Betula,2025-Omega-2,Neuchatel,1,1000,22.03.2024,18.04.2024,"0,0099","0,0002","0,0152","0,537"
Betula,2025-Omega-2,Neuchatel,1,1000,22.03.2024,18.04.2024,"0,0043",0,0,"0,3521"
Corylus,2025-Omega-2,Neuchatel,0,"65,2963",30.01.2024,19.02.2024,"0,4412","0,0564","0,1279","0,3646"
Corylus,2025-Omega-2,Neuchatel,"0,2","65,2963",30.01.2024,19.02.2024,"0,4412","0,0564","0,1279","0,3646"
Corylus,2025-Omega-2,Neuchatel,"0,4","65,4907",30.01.2024,19.02.2024,"0,4379","0,055","0,1256","0,3716"
Corylus,2025-Omega-2,Neuchatel,"0,6","82,0262",30.01.2024,19.02.2024,"0,3542","0,0445","0,1257","0,3779"
Corylus,2025-Omega-2,Neuchatel,"0,75","101,6378",30.01.2024,19.02.2024,"0,2799","0,0352","0,1258","0,3493"
Corylus,2025-Omega-2,Neuchatel,"0,8","112,4706",30.01.2024,19.02.2024,"0,2579","0,0306","0,1187","0,3618"
Corylus,2025-Omega-2,Neuchatel,"0,85","129,3201",30.01.2024,19.02.2024,"0,2289","0,0267","0,1166","0,3608"
Corylus,2025-Omega-2,Neuchatel,"0,9","151,3975",30.01.2024,19.02.2024,"0,1917","0,0238","0,124","0,3621"
Corylus,2025-Omega-2,Neuchatel,"0,91","152,551",30.01.2024,19.02.2024,"0,1875","0,0233","0,1245","0,3654"
Corylus,2025-Omega-2,Neuchatel,"0,92","158,5804",30.01.2024,19.02.2024,"0,1801","0,0225","0,1249","0,3561"
Corylus,2025-Omega-2,Neuchatel,"0,93","168,9564",30.01.2024,19.02.2024,"0,1726","0,0176","0,1022","0,3695"
Corylus,2025-Omega-2,Neuchatel,"0,94","173,8924",30.01.2024,19.02.2024,"0,1652","0,0164","0,099","0,3558"
Corylus,2025-Omega-2,Neuchatel,"0,95","184,3448",30.01.2024,19.02.2024,"0,1578","0,0158","0,1001","0,356"
Corylus,2025-Omega-2,Neuchatel,"0,96","200,578",30.01.2024,19.02.2024,"0,1474","0,0145","0,0984","0,3287"
Corylus,2025-Omega-2,Neuchatel,"0,97","242,5808",30.01.2024,19.02.2024,"0,1269","0,0128","0,1008","0,3497"
Corylus,2025-Omega-2,Neuchatel,"0,98","272,4945",30.01.2024,19.02.2024,"0,1104","0,0118","0,1069","0,362"
Corylus,2025-Omega-2,Neuchatel,"0,99","329,873",30.01.2024,19.02.2024,"0,092","0,0086","0,0937","0,3813"
Corylus,2025-Omega-2,Neuchatel,"0,999","665,7616",30.01.2024,19.02.2024,"0,0448","0,0043","0,0966","0,429"
Corylus,2025-Omega-2,Neuchatel,"0,9999","877,12",30.01.2024,19.02.2024,"0,0281","0,0022","0,0782","0,4101"
Corylus,2025-Omega-2,Neuchatel,1,1000,30.01.2024,19.02.2024,"0,0124","0,0007","0,0574","0,4432"
Corylus,2025-Omega-2,Neuchatel,1,1000,30.01.2024,19.02.2024,"0,0058","0,0003","0,0492","0,3135"
Corylus,2025-Omega-2,Neuchatel,1,1000,30.01.2024,19.02.2024,"0,0033","0,0001","0,043","0,3322"
Cupressaceae,2025-Omega-2,Neuchatel,0,"2,6017",02.04.2024,11.04.2024,"3,4949","0,7657","0,2191","0,3593"
Cupressaceae,2025-Omega-2,Neuchatel,"0,2","2,6017",02.04.2024,11.04.2024,"3,4949","0,7657","0,2191","0,3593"
Cupressaceae,2025-Omega-2,Neuchatel,"0,4","2,6357",02.04.2024,11.04.2024,"3,4567","0,7579","0,2193","0,3584"
Cupressaceae,2025-Omega-2,Neuchatel,"0,6","3,0139",02.04.2024,11.04.2024,"3,0261","0,6689","0,221","0,3643"
Cupressaceae,2025-Omega-2,Neuchatel,"0,75","3,5628",02.04.2024,11.04.2024,"2,4983","0,569","0,2277","0,354"
Cupressaceae,2025-Omega-2,Neuchatel,"0,8","3,8625",02.04.2024,11.04.2024,"2,3177","0,5353","0,231","0,3474"
Cupressaceae,2025-Omega-2,Neuchatel,"0,85","4,2771",02.04.2024,11.04.2024,"2,1198","0,4953","0,2337","0,349"
Cupressaceae,2025-Omega-2,Neuchatel,"0,9","4,7326",02.04.2024,11.04.2024,"1,8872","0,446","0,2363","0,3595"
Cupressaceae,2025-Omega-2,Neuchatel,"0,91","4,8627",02.04.2024,11.04.2024,"1,8264","0,432","0,2366","0,3578"
Cupressaceae,2025-Omega-2,Neuchatel,"0,92","5,04",02.04.2024,11.04.2024,"1,7708","0,42","0,2372","0,3562"
Cupressaceae,2025-Omega-2,Neuchatel,"0,93","5,2218",02.04.2024,11.04.2024,"1,7118","0,4046","0,2364","0,3619"
Cupressaceae,2025-Omega-2,Neuchatel,"0,94","5,3956",02.04.2024,11.04.2024,"1,6545","0,3887","0,235","0,3618"
Cupressaceae,2025-Omega-2,Neuchatel,"0,95","5,7338",02.04.2024,11.04.2024,"1,5556","0,3715","0,2388","0,3615"
Cupressaceae,2025-Omega-2,Neuchatel,"0,96","6,1789",02.04.2024,11.04.2024,"1,4514","0,3514","0,2421","0,3582"
Cupressaceae,2025-Omega-2,Neuchatel,"0,97","6,8544",02.04.2024,11.04.2024,"1,2986","0,3273","0,252","0,3515"
Cupressaceae,2025-Omega-2,Neuchatel,"0,98","7,8095",02.04.2024,11.04.2024,"1,1337","0,2952","0,2604","0,3541"
Cupressaceae,2025-Omega-2,Neuchatel,"0,99","9,7454",02.04.2024,11.04.2024,"0,9236","0,2469","0,2674","0,3423"
Cupressaceae,2025-Omega-2,Neuchatel,"0,999","17,4383",02.04.2024,11.04.2024,"0,4479","0,1356","0,3028","0,3212"
Cupressaceae,2025-Omega-2,Neuchatel,"0,9999","28,9632",02.04.2024,11.04.2024,"0,2257","0,0728","0,3227","0,3138"
Cupressaceae,2025-Omega-2,Neuchatel,1,"49,4328",02.04.2024,11.04.2024,"0,1094","0,0373","0,3413","0,2696"
Cupressaceae,2025-Omega-2,Neuchatel,1,"99,3918",02.04.2024,11.04.2024,"0,0503","0,0163","0,3241","0,3156"
Cupressaceae,2025-Omega-2,Neuchatel,1,"275,0694",02.04.2024,11.04.2024,"0,0226","0,0082","0,3644","0,2377"
Fraxinus,2025-Omega-2,Neuchatel,0,"0,547",20.03.2024,11.04.2024,"109,0454","40,2691","0,3693","0,4502"
Fraxinus,2025-Omega-2,Neuchatel,"0,2","0,547",20.03.2024,11.04.2024,"109,0454","40,2691","0,3693","0,4502"
Fraxinus,2025-Omega-2,Neuchatel,"0,4","0,5475",20.03.2024,11.04.2024,"108,9722","40,2033","0,3689","0,4502"
Fraxinus,2025-Omega-2,Neuchatel,"0,6","0,5638",20.03.2024,11.04.2024,"106,4046","38,5506","0,3623","0,451"
Fraxinus,2025-Omega-2,Neuchatel,"0,75","0,5891",20.03.2024,11.04.2024,"102,6304","36,1316","0,3521","0,4533"
Fraxinus,2025-Omega-2,Neuchatel,"0,8","0,6002",20.03.2024,11.04.2024,"100,9969","35,092","0,3475","0,4547"
Fraxinus,2025-Omega-2,Neuchatel,"0,85","0,6149",20.03.2024,11.04.2024,"98,9918","33,8125","0,3416","0,4569"
Fraxinus,2025-Omega-2,Neuchatel,"0,9","0,6364",20.03.2024,11.04.2024,"96,216","32,0505","0,3331","0,4616"
Fraxinus,2025-Omega-2,Neuchatel,"0,91","0,6422",20.03.2024,11.04.2024,"95,4941","31,6235","0,3312","0,4622"
Fraxinus,2025-Omega-2,Neuchatel,"0,92","0,6484",20.03.2024,11.04.2024,"94,7363","31,1254","0,3285","0,4633"
Fraxinus,2025-Omega-2,Neuchatel,"0,93","0,6561",20.03.2024,11.04.2024,"93,8239","30,5818","0,3259","0,4647"
Fraxinus,2025-Omega-2,Neuchatel,"0,94","0,6648",20.03.2024,11.04.2024,"92,7912","29,9364","0,3226","0,4644"
Fraxinus,2025-Omega-2,Neuchatel,"0,95","0,6758",20.03.2024,11.04.2024,"91,5389","29,1847","0,3188","0,4645"
Fraxinus,2025-Omega-2,Neuchatel,"0,96","0,6888",20.03.2024,11.04.2024,"90,0586","28,2549","0,3137","0,4656"
Fraxinus,2025-Omega-2,Neuchatel,"0,97","0,707",20.03.2024,11.04.2024,"88,1201","27,0519","0,307","0,4677"
Fraxinus,2025-Omega-2,Neuchatel,"0,98","0,7355",20.03.2024,11.04.2024,"85,3046","25,393","0,2977","0,4742"
Fraxinus,2025-Omega-2,Neuchatel,"0,99","0,7851",20.03.2024,11.04.2024,"80,6745","22,648","0,2807","0,4778"
Fraxinus,2025-Omega-2,Neuchatel,"0,999","0,9883",20.03.2024,11.04.2024,"65,7298","14,4528","0,2199","0,5004"
Fraxinus,2025-Omega-2,Neuchatel,"0,9999","1,2207",20.03.2024,11.04.2024,"53,8444","8,6817","0,1612","0,5343"
Fraxinus,2025-Omega-2,Neuchatel,1,"1,4668",20.03.2024,11.04.2024,"45,0029","5,2028","0,1156","0,5503"
Fraxinus,2025-Omega-2,Neuchatel,1,"1,7277",20.03.2024,11.04.2024,"38,3119","3,1651","0,0826","0,5754"
Fraxinus,2025-Omega-2,Neuchatel,1,"1,9424",20.03.2024,11.04.2024,"34,1519","2,1719","0,0636","0,5961"
Platanus,2025-Omega-2,Neuchatel,0,"13,5001",02.04.2024,18.04.2024,"3,8716","0,1195","0,0309","0,5563"
Platanus,2025-Omega-2,Neuchatel,"0,2","13,5001",02.04.2024,18.04.2024,"3,8716","0,1195","0,0309","0,5563"
Platanus,2025-Omega-2,Neuchatel,"0,4","13,5232",02.04.2024,18.04.2024,"3,8625","0,1185","0,0307","0,5569"
Platanus,2025-Omega-2,Neuchatel,"0,6","15,0022",02.04.2024,18.04.2024,"3,4744","0,1023","0,0294","0,5702"
Platanus,2025-Omega-2,Neuchatel,"0,75","17,624",02.04.2024,18.04.2024,"2,9433","0,0806","0,0274","0,5713"
Platanus,2025-Omega-2,Neuchatel,"0,8","19,0937",02.04.2024,18.04.2024,"2,7105","0,0746","0,0275","0,5759"
Platanus,2025-Omega-2,Neuchatel,"0,85","20,597",02.04.2024,18.04.2024,"2,4807","0,0684","0,0276","0,5688"
Platanus,2025-Omega-2,Neuchatel,"0,9","23,2459",02.04.2024,18.04.2024,"2,1948","0,0588","0,0268","0,5683"
Platanus,2025-Omega-2,Neuchatel,"0,91","23,8127",02.04.2024,18.04.2024,"2,1366","0,0574","0,0269","0,5686"
Platanus,2025-Omega-2,Neuchatel,"0,92","24,7598",02.04.2024,18.04.2024,"2,0579","0,0549","0,0267","0,5606"
Platanus,2025-Omega-2,Neuchatel,"0,93","25,4258",02.04.2024,18.04.2024,"1,9997","0,0534","0,0267","0,5639"
Platanus,2025-Omega-2,Neuchatel,"0,94","26,3308",02.04.2024,18.04.2024,"1,9241","0,0508","0,0264","0,569"
Platanus,2025-Omega-2,Neuchatel,"0,95","27,6303",02.04.2024,18.04.2024,"1,8261","0,048","0,0263","0,5632"
Platanus,2025-Omega-2,Neuchatel,"0,96","29,5763",02.04.2024,18.04.2024,"1,7056","0,0458","0,0269","0,5643"
Platanus,2025-Omega-2,Neuchatel,"0,97","33,0258",02.04.2024,18.04.2024,"1,5391","0,0423","0,0275","0,5614"
Platanus,2025-Omega-2,Neuchatel,"0,98","36,6794",02.04.2024,18.04.2024,"1,3695","0,0358","0,0261","0,5682"
Platanus,2025-Omega-2,Neuchatel,"0,99","45,6567",02.04.2024,18.04.2024,"1,0876","0,0278","0,0256","0,5826"
Platanus,2025-Omega-2,Neuchatel,"0,999","101,8815",02.04.2024,18.04.2024,"0,4851","0,0138","0,0285","0,5224"
Platanus,2025-Omega-2,Neuchatel,"0,9999","197,0899",02.04.2024,18.04.2024,"0,2226","0,0052","0,0233","0,4952"
Platanus,2025-Omega-2,Neuchatel,1,"386,7887",02.04.2024,18.04.2024,"0,1144","0,0019","0,0165","0,5194"
Platanus,2025-Omega-2,Neuchatel,1,"857,4096",02.04.2024,18.04.2024,"0,046","0,0007","0,015","0,4758"
Platanus,2025-Omega-2,Neuchatel,1,1000,02.04.2024,18.04.2024,"0,0276","0,0001","0,005","0,4403"
Quercus,2025-Omega-2,Neuchatel,0,"6,4152",21.04.2024,03.05.2024,"24,4324","4,1838","0,1712","0,4221"
Quercus,2025-Omega-2,Neuchatel,"0,2","6,4152",21.04.2024,03.05.2024,"24,4324","4,1838","0,1712","0,4221"
Quercus,2025-Omega-2,Neuchatel,"0,4","6,421",21.04.2024,03.05.2024,"24,4057","4,1646","0,1706","0,422"
Quercus,2025-Omega-2,Neuchatel,"0,6","6,5881",21.04.2024,03.05.2024,"23,75","3,8089","0,1604","0,4308"
Quercus,2025-Omega-2,Neuchatel,"0,75","6,8584",21.04.2024,03.05.2024,"22,7898","3,3822","0,1484","0,4435"
Quercus,2025-Omega-2,Neuchatel,"0,8","6,9759",21.04.2024,03.05.2024,"22,3825","3,2226","0,144","0,447"
Quercus,2025-Omega-2,Neuchatel,"0,85","7,1202",21.04.2024,03.05.2024,"21,9231","3,0356","0,1385","0,4528"
Quercus,2025-Omega-2,Neuchatel,"0,9","7,3188",21.04.2024,03.05.2024,"21,2647","2,8019","0,1318","0,4555"
Quercus,2025-Omega-2,Neuchatel,"0,91","7,3793",21.04.2024,03.05.2024,"21,0978","2,7441","0,1301","0,4551"
Quercus,2025-Omega-2,Neuchatel,"0,92","7,4464",21.04.2024,03.05.2024,"20,8921","2,6771","0,1281","0,4583"
Quercus,2025-Omega-2,Neuchatel,"0,93","7,507",21.04.2024,03.05.2024,"20,7038","2,611","0,1261","0,4597"
Quercus,2025-Omega-2,Neuchatel,"0,94","7,5867",21.04.2024,03.05.2024,"20,4781","2,5337","0,1237","0,4605"
Quercus,2025-Omega-2,Neuchatel,"0,95","7,6902",21.04.2024,03.05.2024,"20,1763","2,4529","0,1216","0,4634"
Quercus,2025-Omega-2,Neuchatel,"0,96","7,8202",21.04.2024,03.05.2024,"19,8077","2,3556","0,1189","0,469"
Quercus,2025-Omega-2,Neuchatel,"0,97","7,9726",21.04.2024,03.05.2024,"19,3937","2,2449","0,1158","0,4715"
Quercus,2025-Omega-2,Neuchatel,"0,98","8,2208",21.04.2024,03.05.2024,"18,7887","2,0812","0,1108","0,4739"
Quercus,2025-Omega-2,Neuchatel,"0,99","8,6288",21.04.2024,03.05.2024,"17,7885","1,8323","0,103","0,4785"
Quercus,2025-Omega-2,Neuchatel,"0,999","10,5701",21.04.2024,03.05.2024,"14,3389","1,1946","0,0833","0,4857"
Quercus,2025-Omega-2,Neuchatel,"0,9999","13,566",21.04.2024,03.05.2024,"10,9869","0,7646","0,0696","0,5012"
Quercus,2025-Omega-2,Neuchatel,1,"18,9094",21.04.2024,03.05.2024,"7,7484","0,4585","0,0592","0,4926"
Quercus,2025-Omega-2,Neuchatel,1,"28,383",21.04.2024,03.05.2024,"5,0628","0,2596","0,0513","0,5379"
Quercus,2025-Omega-2,Neuchatel,1,"41,2037",21.04.2024,03.05.2024,"3,4161","0,1561","0,0457","0,5671"
Taxus,2025-Omega-2,Neuchatel,0,"8,338",08.02.2024,08.03.2024,"21,4946","0,5239","0,0244","0,5789"
Taxus,2025-Omega-2,Neuchatel,"0,2","8,338",08.02.2024,08.03.2024,"21,4946","0,5239","0,0244","0,5789"
Taxus,2025-Omega-2,Neuchatel,"0,4","8,3846",08.02.2024,08.03.2024,"21,3849","0,5174","0,0242","0,581"
Taxus,2025-Omega-2,Neuchatel,"0,6","9,544",08.02.2024,08.03.2024,"18,6401","0,4246","0,0228","0,5864"
Taxus,2025-Omega-2,Neuchatel,"0,75","11,5133",08.02.2024,08.03.2024,"15,3495","0,3293","0,0215","0,5882"
Taxus,2025-Omega-2,Neuchatel,"0,8","12,4859",08.02.2024,08.03.2024,"14,0907","0,298","0,0211","0,5893"
Taxus,2025-Omega-2,Neuchatel,"0,85","13,7714",08.02.2024,08.03.2024,"12,6883","0,2651","0,0209","0,5908"
Taxus,2025-Omega-2,Neuchatel,"0,9","15,6722",08.02.2024,08.03.2024,"10,9564","0,2277","0,0208","0,5908"
Taxus,2025-Omega-2,Neuchatel,"0,91","16,3483",08.02.2024,08.03.2024,"10,5532","0,2178","0,0206","0,593"
Taxus,2025-Omega-2,Neuchatel,"0,92","17,0275",08.02.2024,08.03.2024,"10,1348","0,2082","0,0205","0,5904"
Taxus,2025-Omega-2,Neuchatel,"0,93","17,7864",08.02.2024,08.03.2024,"9,6796","0,1949","0,0201","0,5871"
Taxus,2025-Omega-2,Neuchatel,"0,94","18,4901",08.02.2024,08.03.2024,"9,1777","0,1837","0,02","0,5886"
Taxus,2025-Omega-2,Neuchatel,"0,95","19,5987",08.02.2024,08.03.2024,"8,6005","0,1688","0,0196","0,5898"
Taxus,2025-Omega-2,Neuchatel,"0,96","20,9268",08.02.2024,08.03.2024,"7,9523","0,1541","0,0194","0,5847"
Taxus,2025-Omega-2,Neuchatel,"0,97","23,001",08.02.2024,08.03.2024,"7,1748","0,1366","0,019","0,5844"
Taxus,2025-Omega-2,Neuchatel,"0,98","27,0058",08.02.2024,08.03.2024,"6,1783","0,1179","0,0191","0,5898"
Taxus,2025-Omega-2,Neuchatel,"0,99","34,0503",08.02.2024,08.03.2024,"4,7519","0,0898","0,0189","0,5836"
Taxus,2025-Omega-2,Neuchatel,"0,999","86,7904",08.02.2024,08.03.2024,"1,7746","0,0321","0,0181","0,5387"
Taxus,2025-Omega-2,Neuchatel,"0,9999","260,6226",08.02.2024,08.03.2024,"0,5911","0,0103","0,0175","0,5354"
Taxus,2025-Omega-2,Neuchatel,1,"764,6159",08.02.2024,08.03.2024,"0,173","0,0026","0,015","0,549"
Taxus,2025-Omega-2,Neuchatel,1,1000,08.02.2024,08.03.2024,"0,0504","0,0009","0,0174","0,4244"
Taxus,2025-Omega-2,Neuchatel,1,1000,08.02.2024,08.03.2024,"0,0223",0,0,"0,516"
Alnus,2025-Omega-2,Luzern,0,"4,7751",07.02.2024,02.03.2024,"12,4835","0,3555","0,0285","0,7003"
Alnus,2025-Omega-2,Luzern,"0,2","4,7751",07.02.2024,02.03.2024,"12,4835","0,3555","0,0285","0,7003"
Alnus,2025-Omega-2,Luzern,"0,4","4,7798",07.02.2024,02.03.2024,"12,4682","0,3531","0,0283","0,7011"
Alnus,2025-Omega-2,Luzern,"0,6","5,0044",07.02.2024,02.03.2024,"11,9009","0,3193","0,0268","0,7075"
Alnus,2025-Omega-2,Luzern,"0,75","5,422",07.02.2024,02.03.2024,"10,9349","0,2785","0,0255","0,7126"
Alnus,2025-Omega-2,Luzern,"0,8","5,613",07.02.2024,02.03.2024,"10,5314","0,2657","0,0252","0,7166"
Alnus,2025-Omega-2,Luzern,"0,85","5,8766",07.02.2024,02.03.2024,"10,037","0,2486","0,0248","0,7156"
Alnus,2025-Omega-2,Luzern,"0,9","6,2032",07.02.2024,02.03.2024,"9,471","0,2288","0,0242","0,7199"
Alnus,2025-Omega-2,Luzern,"0,91","6,3014",07.02.2024,02.03.2024,"9,3189","0,2223","0,0239","0,723"
Alnus,2025-Omega-2,Luzern,"0,92","6,3929",07.02.2024,02.03.2024,"9,1793","0,2149","0,0234","0,7227"
Alnus,2025-Omega-2,Luzern,"0,93","6,5151",07.02.2024,02.03.2024,"9,0036","0,2086","0,0232","0,7256"
Alnus,2025-Omega-2,Luzern,"0,94","6,67",07.02.2024,02.03.2024,"8,7939","0,2024","0,023","0,7248"
Alnus,2025-Omega-2,Luzern,"0,95","6,8419",07.02.2024,02.03.2024,"8,5376","0,196","0,023","0,7266"
Alnus,2025-Omega-2,Luzern,"0,96","7,0878",07.02.2024,02.03.2024,"8,2292","0,1876","0,0228","0,7303"
Alnus,2025-Omega-2,Luzern,"0,97","7,3875",07.02.2024,02.03.2024,"7,8695","0,1757","0,0223","0,7356"
Alnus,2025-Omega-2,Luzern,"0,98","7,8727",07.02.2024,02.03.2024,"7,3598","0,1611","0,0219","0,74"
Alnus,2025-Omega-2,Luzern,"0,99","8,8505",07.02.2024,02.03.2024,"6,5292","0,1367","0,0209","0,7245"
Alnus,2025-Omega-2,Luzern,"0,999","13,6657",07.02.2024,02.03.2024,"4,1285","0,0794","0,0192","0,7115"
Alnus,2025-Omega-2,Luzern,"0,9999","23,031",07.02.2024,02.03.2024,"2,3771","0,0396","0,0166","0,7021"
Alnus,2025-Omega-2,Luzern,1,"45,5653",07.02.2024,02.03.2024,"1,1896","0,0188","0,0158","0,7144"
Alnus,2025-Omega-2,Luzern,1,"102,9917",07.02.2024,02.03.2024,"0,5062","0,0074","0,0146","0,7314"
Alnus,2025-Omega-2,Luzern,1,"209,8284",07.02.2024,02.03.2024,"0,2438","0,0028","0,0117","0,6557"
Betula,2025-Omega-2,Luzern,0,"26,5739",25.03.2024,19.04.2024,"10,2389","0,208","0,0203","0,5511"
Betula,2025-Omega-2,Luzern,"0,2","26,5739",25.03.2024,19.04.2024,"10,2389","0,208","0,0203","0,5511"
Betula,2025-Omega-2,Luzern,"0,4","26,8348",25.03.2024,19.04.2024,"10,1381","0,2037","0,0201","0,5507"
Betula,2025-Omega-2,Luzern,"0,6","30,044",25.03.2024,19.04.2024,"9,0455","0,1653","0,0183","0,5502"
Betula,2025-Omega-2,Luzern,"0,75","34,4795",25.03.2024,19.04.2024,"7,8281","0,1328","0,017","0,5694"
Betula,2025-Omega-2,Luzern,"0,8","36,765",25.03.2024,19.04.2024,"7,3386","0,1167","0,0159","0,5685"
Betula,2025-Omega-2,Luzern,"0,85","39,4622",25.03.2024,19.04.2024,"6,8058","0,1023","0,015","0,5763"
Betula,2025-Omega-2,Luzern,"0,9","43,3172",25.03.2024,19.04.2024,"6,1574","0,0875","0,0142","0,5757"
Betula,2025-Omega-2,Luzern,"0,91","44,3823",25.03.2024,19.04.2024,"6,0098","0,084","0,014","0,5757"
Betula,2025-Omega-2,Luzern,"0,92","45,6318",25.03.2024,19.04.2024,"5,8375","0,0804","0,0138","0,5742"
Betula,2025-Omega-2,Luzern,"0,93","46,8256",25.03.2024,19.04.2024,"5,6712","0,0777","0,0137","0,5821"
Betula,2025-Omega-2,Luzern,"0,94","48,6543",25.03.2024,19.04.2024,"5,4509","0,0743","0,0136","0,5793"
Betula,2025-Omega-2,Luzern,"0,95","50,693",25.03.2024,19.04.2024,"5,2232","0,0694","0,0133","0,5662"
Betula,2025-Omega-2,Luzern,"0,96","53,4507",25.03.2024,19.04.2024,"4,958","0,0641","0,0129","0,5719"
Betula,2025-Omega-2,Luzern,"0,97","57,0686",25.03.2024,19.04.2024,"4,6433","0,0573","0,0123","0,5808"
Betula,2025-Omega-2,Luzern,"0,98","62,7297",25.03.2024,19.04.2024,"4,2193","0,0501","0,0119","0,5986"
Betula,2025-Omega-2,Luzern,"0,99","73,8264",25.03.2024,19.04.2024,"3,5729","0,0393","0,011","0,6261"
Betula,2025-Omega-2,Luzern,"0,999","128,8105",25.03.2024,19.04.2024,"2,0181","0,0171","0,0085","0,6577"
Betula,2025-Omega-2,Luzern,"0,9999","228,0866",25.03.2024,19.04.2024,"1,1106","0,0068","0,0062","0,644"
Betula,2025-Omega-2,Luzern,1,"431,2695",25.03.2024,19.04.2024,"0,5797","0,0033","0,0058","0,6697"
Betula,2025-Omega-2,Luzern,1,"873,288",25.03.2024,19.04.2024,"0,2758","0,0014","0,005","0,6096"
Betula,2025-Omega-2,Luzern,1,1000,25.03.2024,19.04.2024,"0,1522","0,0004","0,0028","0,5838"
Corylus,2025-Omega-2,Luzern,0,"15,4744",21.01.2024,24.02.2024,"5,3954","0,711","0,1318","0,537"
Corylus,2025-Omega-2,Luzern,"0,2","15,4744",21.01.2024,24.02.2024,"5,3954","0,711","0,1318","0,537"
Corylus,2025-Omega-2,Luzern,"0,4","15,5703",21.01.2024,24.02.2024,"5,3587","0,6992","0,1305","0,5389"
Corylus,2025-Omega-2,Luzern,"0,6","16,9787",21.01.2024,24.02.2024,"4,8818","0,5979","0,1225","0,5382"
Corylus,2025-Omega-2,Luzern,"0,75","19,0658",21.01.2024,24.02.2024,"4,3227","0,4862","0,1125","0,5434"
Corylus,2025-Omega-2,Luzern,"0,8","20,0583",21.01.2024,24.02.2024,"4,0975","0,4509","0,11","0,5483"
Corylus,2025-Omega-2,Luzern,"0,85","21,342",21.01.2024,24.02.2024,"3,8256","0,4071","0,1064","0,555"
Corylus,2025-Omega-2,Luzern,"0,9","23,5848",21.01.2024,24.02.2024,"3,4492","0,3556","0,1031","0,5604"
Corylus,2025-Omega-2,Luzern,"0,91","24,1503",21.01.2024,24.02.2024,"3,3733","0,3457","0,1025","0,5607"
Corylus,2025-Omega-2,Luzern,"0,92","24,9207",21.01.2024,24.02.2024,"3,2716","0,3333","0,1019","0,5626"
Corylus,2025-Omega-2,Luzern,"0,93","25,7787",21.01.2024,24.02.2024,"3,1595","0,3195","0,1011","0,5645"
Corylus,2025-Omega-2,Luzern,"0,94","26,6618",21.01.2024,24.02.2024,"3,0539","0,3045","0,0997","0,5628"
Corylus,2025-Omega-2,Luzern,"0,95","27,7691",21.01.2024,24.02.2024,"2,9309","0,2888","0,0985","0,5648"
Corylus,2025-Omega-2,Luzern,"0,96","29,3935",21.01.2024,24.02.2024,"2,7699","0,2711","0,0979","0,5639"
Corylus,2025-Omega-2,Luzern,"0,97","31,7607",21.01.2024,24.02.2024,"2,5755","0,2473","0,096","0,5681"
Corylus,2025-Omega-2,Luzern,"0,98","34,9236",21.01.2024,24.02.2024,"2,3359","0,222","0,0951","0,5783"
Corylus,2025-Omega-2,Luzern,"0,99","41,347",21.01.2024,24.02.2024,"1,9599","0,1779","0,0908","0,5725"
Corylus,2025-Omega-2,Luzern,"0,999","81,9184",21.01.2024,24.02.2024,"0,9891","0,0869","0,0878","0,5975"
Corylus,2025-Omega-2,Luzern,"0,9999","179,3483",21.01.2024,24.02.2024,"0,4355","0,0385","0,0883","0,5765"
Corylus,2025-Omega-2,Luzern,1,"476,2491",21.01.2024,24.02.2024,"0,1612","0,0152","0,0944","0,5394"
Corylus,2025-Omega-2,Luzern,1,1000,21.01.2024,24.02.2024,"0,0521","0,0056","0,1071","0,4697"
Corylus,2025-Omega-2,Luzern,1,1000,21.01.2024,24.02.2024,"0,0193","0,0025","0,1282","0,4305"
Cupressaceae,2025-Omega-2,Luzern,0,"1,0776",15.02.2024,08.03.2024,"8,1799","7,3044","0,893","0,4698"
Cupressaceae,2025-Omega-2,Luzern,"0,2","1,0776",15.02.2024,08.03.2024,"8,1799","7,3044","0,893","0,4698"
Cupressaceae,2025-Omega-2,Luzern,"0,4","1,0865",15.02.2024,08.03.2024,"8,1062","7,2634","0,896","0,469"
Cupressaceae,2025-Omega-2,Luzern,"0,6","1,1614",15.02.2024,08.03.2024,"7,3925","6,7611","0,9146","0,4679"
Cupressaceae,2025-Omega-2,Luzern,"0,75","1,2565",15.02.2024,08.03.2024,"6,6491","6,1564","0,9259","0,4659"
Cupressaceae,2025-Omega-2,Luzern,"0,8","1,3037",15.02.2024,08.03.2024,"6,3544","5,928","0,9329","0,4672"
Cupressaceae,2025-Omega-2,Luzern,"0,85","1,3619",15.02.2024,08.03.2024,"6,0087","5,6517","0,9406","0,4658"
Cupressaceae,2025-Omega-2,Luzern,"0,9","1,4389",15.02.2024,08.03.2024,"5,5904","5,3122","0,9502","0,4633"
Cupressaceae,2025-Omega-2,Luzern,"0,91","1,4608",15.02.2024,08.03.2024,"5,4824","5,2262","0,9533","0,4636"
Cupressaceae,2025-Omega-2,Luzern,"0,92","1,4762",15.02.2024,08.03.2024,"5,3739","5,1425","0,9569","0,4623"
Cupressaceae,2025-Omega-2,Luzern,"0,93","1,5015",15.02.2024,08.03.2024,"5,2566","5,0288","0,9567","0,4615"
Cupressaceae,2025-Omega-2,Luzern,"0,94","1,5309",15.02.2024,08.03.2024,"5,119","4,9086","0,9589","0,4615"
Cupressaceae,2025-Omega-2,Luzern,"0,95","1,5601",15.02.2024,08.03.2024,"4,9615","4,7824","0,9639","0,4617"
Cupressaceae,2025-Omega-2,Luzern,"0,96","1,5913",15.02.2024,08.03.2024,"4,7855","4,63","0,9675","0,4601"
Cupressaceae,2025-Omega-2,Luzern,"0,97","1,6453",15.02.2024,08.03.2024,"4,5503","4,4233","0,9721","0,46"
Cupressaceae,2025-Omega-2,Luzern,"0,98","1,726",15.02.2024,08.03.2024,"4,242","4,1663","0,9821","0,4594"
Cupressaceae,2025-Omega-2,Luzern,"0,99","1,8586",15.02.2024,08.03.2024,"3,7949","3,743","0,9863","0,451"
Cupressaceae,2025-Omega-2,Luzern,"0,999","2,2786",15.02.2024,08.03.2024,"2,4946","2,5856","1,0365","0,4348"
Cupressaceae,2025-Omega-2,Luzern,"0,9999","2,8607",15.02.2024,08.03.2024,"1,6179","1,7316","1,0703","0,4024"
Cupressaceae,2025-Omega-2,Luzern,1,"3,5393",15.02.2024,08.03.2024,"1,0355","1,1155","1,0772","0,3916"
Cupressaceae,2025-Omega-2,Luzern,1,"4,2928",15.02.2024,08.03.2024,"0,6425","0,698","1,0864","0,3967"
Cupressaceae,2025-Omega-2,Luzern,1,"5,4191",15.02.2024,08.03.2024,"0,433","0,4905","1,1328","0,3891"
Fagus,2025-Omega-2,Luzern,0,"1,1411",06.04.2024,16.05.2024,"5,5403","1,0051","0,1814","0,3686"
Fagus,2025-Omega-2,Luzern,"0,2","1,1411",06.04.2024,16.05.2024,"5,5403","1,0051","0,1814","0,3686"
Fagus,2025-Omega-2,Luzern,"0,4","1,158",06.04.2024,16.05.2024,"5,4802","0,9891","0,1805","0,3715"
Fagus,2025-Omega-2,Luzern,"0,6","1,3629",06.04.2024,16.05.2024,"4,8232","0,8437","0,1749","0,3819"
Fagus,2025-Omega-2,Luzern,"0,75","1,6637",06.04.2024,16.05.2024,"4,1336","0,6934","0,1677","0,403"
Fagus,2025-Omega-2,Luzern,"0,8","1,8227",06.04.2024,16.05.2024,"3,863","0,6362","0,1647","0,4099"
Fagus,2025-Omega-2,Luzern,"0,85","2,0239",06.04.2024,16.05.2024,"3,5679","0,5709","0,16","0,417"
Fagus,2025-Omega-2,Luzern,"0,9","2,3224",06.04.2024,16.05.2024,"3,2193","0,4892","0,152","0,4329"
Fagus,2025-Omega-2,Luzern,"0,91","2,3989",06.04.2024,16.05.2024,"3,1389","0,4702","0,1498","0,437"
Fagus,2025-Omega-2,Luzern,"0,92","2,5079",06.04.2024,16.05.2024,"3,0334","0,451","0,1487","0,4406"
Fagus,2025-Omega-2,Luzern,"0,93","2,6227",06.04.2024,16.05.2024,"2,9347","0,4304","0,1467","0,4446"
Fagus,2025-Omega-2,Luzern,"0,94","2,7557",06.04.2024,16.05.2024,"2,8221","0,4073","0,1443","0,4505"
Fagus,2025-Omega-2,Luzern,"0,95","2,9288",06.04.2024,16.05.2024,"2,6883","0,3786","0,1408","0,4593"
Fagus,2025-Omega-2,Luzern,"0,96","3,1635",06.04.2024,16.05.2024,"2,5414","0,3487","0,1372","0,4659"
Fagus,2025-Omega-2,Luzern,"0,97","3,5013",06.04.2024,16.05.2024,"2,3584","0,3132","0,1328","0,4753"
Fagus,2025-Omega-2,Luzern,"0,98","4,0115",06.04.2024,16.05.2024,"2,1357","0,2685","0,1257","0,4872"
Fagus,2025-Omega-2,Luzern,"0,99","4,9625",06.04.2024,16.05.2024,"1,8193","0,2078","0,1142","0,5134"
Fagus,2025-Omega-2,Luzern,"0,999","9,2341",06.04.2024,16.05.2024,"1,0705","0,0771","0,072","0,591"
Fagus,2025-Omega-2,Luzern,"0,9999","12,8004",06.04.2024,16.05.2024,"0,7465","0,0307","0,0412","0,6667"
Fagus,2025-Omega-2,Luzern,1,"16,2991",06.04.2024,16.05.2024,"0,57","0,0134","0,0236","0,7462"
Fagus,2025-Omega-2,Luzern,1,"21,4506",06.04.2024,16.05.2024,"0,4323","0,0062","0,0144","0,7925"
Fagus,2025-Omega-2,Luzern,1,"26,7646",06.04.2024,16.05.2024,"0,3383","0,0029","0,0087","0,7925"
Fraxinus,2025-Omega-2,Luzern,0,"0,7297",22.03.2024,12.04.2024,"100,1846","14,7778","0,1475","0,4495"
Fraxinus,2025-Omega-2,Luzern,"0,2","0,7297",22.03.2024,12.04.2024,"100,1846","14,7778","0,1475","0,4495"
Fraxinus,2025-Omega-2,Luzern,"0,4","0,7316",22.03.2024,12.04.2024,"99,9257","14,6774","0,1469","0,4494"
Fraxinus,2025-Omega-2,Luzern,"0,6","0,7623",22.03.2024,12.04.2024,"95,9517","13,4464","0,1401","0,4521"
Fraxinus,2025-Omega-2,Luzern,"0,75","0,8043",22.03.2024,12.04.2024,"90,9622","11,9499","0,1314","0,459"
Fraxinus,2025-Omega-2,Luzern,"0,8","0,8226",22.03.2024,12.04.2024,"88,9204","11,3566","0,1277","0,4607"
Fraxinus,2025-Omega-2,Luzern,"0,85","0,8446",22.03.2024,12.04.2024,"86,5656","10,6607","0,1232","0,4652"
Fraxinus,2025-Omega-2,Luzern,"0,9","0,8754",22.03.2024,12.04.2024,"83,4461","9,7751","0,1171","0,4699"
Fraxinus,2025-Omega-2,Luzern,"0,91","0,8835",22.03.2024,12.04.2024,"82,6631","9,5625","0,1157","0,4716"
Fraxinus,2025-Omega-2,Luzern,"0,92","0,8924",22.03.2024,12.04.2024,"81,8266","9,3229","0,1139","0,4736"
Fraxinus,2025-Omega-2,Luzern,"0,93","0,9033",22.03.2024,12.04.2024,"80,8362","9,0666","0,1122","0,4748"
Fraxinus,2025-Omega-2,Luzern,"0,94","0,916",22.03.2024,12.04.2024,"79,699","8,7844","0,1102","0,4752"
Fraxinus,2025-Omega-2,Luzern,"0,95","0,9307",22.03.2024,12.04.2024,"78,4308","8,4452","0,1077","0,4773"
Fraxinus,2025-Omega-2,Luzern,"0,96","0,9489",22.03.2024,12.04.2024,"76,8594","8,0674","0,105","0,4773"
Fraxinus,2025-Omega-2,Luzern,"0,97","0,9722",22.03.2024,12.04.2024,"74,9709","7,6026","0,1014","0,4797"
Fraxinus,2025-Omega-2,Luzern,"0,98","1,0065",22.03.2024,12.04.2024,"72,3476","6,9658","0,0963","0,4827"
Fraxinus,2025-Omega-2,Luzern,"0,99","1,0689",22.03.2024,12.04.2024,"68,0915","6,0038","0,0882","0,4889"
Fraxinus,2025-Omega-2,Luzern,"0,999","1,3077",22.03.2024,12.04.2024,"55,5805","3,5557","0,064","0,5078"
Fraxinus,2025-Omega-2,Luzern,"0,9999","1,6112",22.03.2024,12.04.2024,"45,3622","2,0792","0,0458","0,5299"
Fraxinus,2025-Omega-2,Luzern,1,"1,9887",22.03.2024,12.04.2024,"37,2284","1,2194","0,0328","0,5477"
Fraxinus,2025-Omega-2,Luzern,1,"2,4656",22.03.2024,12.04.2024,"30,5853","0,7308","0,0239","0,5643"
Fraxinus,2025-Omega-2,Luzern,1,"2,8748",22.03.2024,12.04.2024,"26,5613","0,5139","0,0193","0,5706"
Pinaceae,2025-Omega-2,Luzern,0,"5,4758",06.04.2024,22.04.2024,"11,0082","2,7234","0,2474","0,7026"
Pinaceae,2025-Omega-2,Luzern,"0,2","5,4758",06.04.2024,22.04.2024,"11,0082","2,7234","0,2474","0,7026"
Pinaceae,2025-Omega-2,Luzern,"0,4","5,4784",06.04.2024,22.04.2024,"10,9939","2,7183","0,2473","0,7032"
Pinaceae,2025-Omega-2,Luzern,"0,6","5,4961",06.04.2024,22.04.2024,"10,9102","2,6781","0,2455","0,7135"
Pinaceae,2025-Omega-2,Luzern,"0,75","5,5147",06.04.2024,22.04.2024,"10,8346","2,6377","0,2434","0,7214"
Pinaceae,2025-Omega-2,Luzern,"0,8","5,5178",06.04.2024,22.04.2024,"10,8142","2,6204","0,2423","0,7239"
Pinaceae,2025-Omega-2,Luzern,"0,85","5,5199",06.04.2024,22.04.2024,"10,7968","2,6029","0,2411","0,7222"
Pinaceae,2025-Omega-2,Luzern,"0,9","5,5273",06.04.2024,22.04.2024,"10,7662","2,5821","0,2398","0,7246"
Pinaceae,2025-Omega-2,Luzern,"0,91","5,5284",06.04.2024,22.04.2024,"10,7601","2,5783","0,2396","0,7244"
Pinaceae,2025-Omega-2,Luzern,"0,92","5,5296",06.04.2024,22.04.2024,"10,755","2,5722","0,2392","0,7248"
Pinaceae,2025-Omega-2,Luzern,"0,93","5,5298",06.04.2024,22.04.2024,"10,7519","2,5659","0,2386","0,7259"
Pinaceae,2025-Omega-2,Luzern,"0,94","5,5312",06.04.2024,22.04.2024,"10,7458","2,5599","0,2382","0,7272"
Pinaceae,2025-Omega-2,Luzern,"0,95","5,5367",06.04.2024,22.04.2024,"10,7294","2,551","0,2378","0,7294"
Pinaceae,2025-Omega-2,Luzern,"0,96","5,5393",06.04.2024,22.04.2024,"10,7172","2,5394","0,2369","0,7309"
Pinaceae,2025-Omega-2,Luzern,"0,97","5,5407",06.04.2024,22.04.2024,"10,707","2,5261","0,2359","0,732"
Pinaceae,2025-Omega-2,Luzern,"0,98","5,543",06.04.2024,22.04.2024,"10,6978","2,5092","0,2346","0,7344"
Pinaceae,2025-Omega-2,Luzern,"0,99","5,5482",06.04.2024,22.04.2024,"10,6641","2,477","0,2323","0,7358"
Pinaceae,2025-Omega-2,Luzern,"0,999","5,5663",06.04.2024,22.04.2024,"10,5875","2,38","0,2248","0,7504"
Pinaceae,2025-Omega-2,Luzern,"0,9999","5,5799",06.04.2024,22.04.2024,"10,5385","2,2681","0,2152","0,7609"
Pinaceae,2025-Omega-2,Luzern,1,"5,5905",06.04.2024,22.04.2024,"10,5017","2,1383","0,2036","0,7684"
Pinaceae,2025-Omega-2,Luzern,1,"5,6064",06.04.2024,22.04.2024,"10,4547","1,9724","0,1887","0,7705"
Pinaceae,2025-Omega-2,Luzern,1,"5,6161",06.04.2024,22.04.2024,"10,4231","1,8137","0,174","0,7767"
Platanus,2025-Omega-2,Luzern,0,"3,1426",06.04.2024,18.04.2024,"11,0873","0,4799","0,0433","0,4274"
Platanus,2025-Omega-2,Luzern,"0,2","3,1426",06.04.2024,18.04.2024,"11,0873","0,4799","0,0433","0,4274"
Platanus,2025-Omega-2,Luzern,"0,4","3,1568",06.04.2024,18.04.2024,"11,0473","0,4743","0,0429","0,4294"
Platanus,2025-Omega-2,Luzern,"0,6","3,2746",06.04.2024,18.04.2024,"10,5972","0,4289","0,0405","0,4295"
Platanus,2025-Omega-2,Luzern,"0,75","3,4318",06.04.2024,18.04.2024,"10,0871","0,3826","0,0379","0,4321"
Platanus,2025-Omega-2,Luzern,"0,8","3,4993",06.04.2024,18.04.2024,"9,8801","0,3661","0,0371","0,4335"
Platanus,2025-Omega-2,Luzern,"0,85","3,5703",06.04.2024,18.04.2024,"9,6544","0,3468","0,0359","0,4392"
Platanus,2025-Omega-2,Luzern,"0,9","3,67",06.04.2024,18.04.2024,"9,3512","0,3236","0,0346","0,4413"
Platanus,2025-Omega-2,Luzern,"0,91","3,6939",06.04.2024,18.04.2024,"9,2818","0,3172","0,0342","0,4427"
Platanus,2025-Omega-2,Luzern,"0,92","3,732",06.04.2024,18.04.2024,"9,1896","0,3106","0,0338","0,443"
Platanus,2025-Omega-2,Luzern,"0,93","3,759",06.04.2024,18.04.2024,"9,1055","0,3032","0,0333","0,4417"
Platanus,2025-Omega-2,Luzern,"0,94","3,8033",06.04.2024,18.04.2024,"8,9986","0,2949","0,0328","0,4453"
Platanus,2025-Omega-2,Luzern,"0,95","3,8527",06.04.2024,18.04.2024,"8,8691","0,2853","0,0322","0,4434"
Platanus,2025-Omega-2,Luzern,"0,96","3,9143",06.04.2024,18.04.2024,"8,7329","0,2743","0,0314","0,4463"
Platanus,2025-Omega-2,Luzern,"0,97","3,9977",06.04.2024,18.04.2024,"8,5232","0,2607","0,0306","0,4414"
Platanus,2025-Omega-2,Luzern,"0,98","4,1009",06.04.2024,18.04.2024,"8,2761","0,2451","0,0296","0,4397"
Platanus,2025-Omega-2,Luzern,"0,99","4,2891",06.04.2024,18.04.2024,"7,8728","0,2183","0,0277","0,4408"
Platanus,2025-Omega-2,Luzern,"0,999","4,9652",06.04.2024,18.04.2024,"6,6615","0,1427","0,0214","0,4401"
Platanus,2025-Omega-2,Luzern,"0,9999","6,0126",06.04.2024,18.04.2024,"5,4409","0,0894","0,0164","0,4729"
Platanus,2025-Omega-2,Luzern,1,"7,6317",06.04.2024,18.04.2024,"4,2148","0,0544","0,0129","0,5087"
Platanus,2025-Omega-2,Luzern,1,"10,0448",06.04.2024,18.04.2024,"3,1157","0,0311","0,01","0,5347"
Platanus,2025-Omega-2,Luzern,1,"13,1789",06.04.2024,18.04.2024,"2,3584","0,0201","0,0085","0,5024"
Poaceae,2025-Omega-2,Luzern,0,"6,4167",05.04.2024,10.06.2024,"10,4029","3,8548","0,3706","0,5133"
Poaceae,2025-Omega-2,Luzern,"0,2","6,4167",05.04.2024,10.06.2024,"10,4029","3,8548","0,3706","0,5133"
Poaceae,2025-Omega-2,Luzern,"0,4","6,4246",05.04.2024,10.06.2024,"10,3891","3,8366","0,3693","0,5135"
Poaceae,2025-Omega-2,Luzern,"0,6","6,6024",05.04.2024,10.06.2024,"10,1055","3,6499","0,3612","0,5182"
Poaceae,2025-Omega-2,Luzern,"0,75","6,8367",05.04.2024,10.06.2024,"9,7395","3,4336","0,3525","0,5296"
Poaceae,2025-Omega-2,Luzern,"0,8","6,9419",05.04.2024,10.06.2024,"9,5857","3,3524","0,3497","0,5337"
Poaceae,2025-Omega-2,Luzern,"0,85","7,0633",05.04.2024,10.06.2024,"9,4128","3,2567","0,346","0,5339"
Poaceae,2025-Omega-2,Luzern,"0,9","7,2115",05.04.2024,10.06.2024,"9,2047","3,1222","0,3392","0,5373"
Poaceae,2025-Omega-2,Luzern,"0,91","7,2565",05.04.2024,10.06.2024,"9,1464","3,0942","0,3383","0,5379"
Poaceae,2025-Omega-2,Luzern,"0,92","7,3101",05.04.2024,10.06.2024,"9,08","3,0662","0,3377","0,5389"
Poaceae,2025-Omega-2,Luzern,"0,93","7,3614",05.04.2024,10.06.2024,"9,0118","3,0294","0,3362","0,5387"
Poaceae,2025-Omega-2,Luzern,"0,94","7,4215",05.04.2024,10.06.2024,"8,9319","2,9868","0,3344","0,5405"
Poaceae,2025-Omega-2,Luzern,"0,95","7,4932",05.04.2024,10.06.2024,"8,8438","2,9326","0,3316","0,5424"
Poaceae,2025-Omega-2,Luzern,"0,96","7,5778",05.04.2024,10.06.2024,"8,7398","2,8748","0,3289","0,5425"
Poaceae,2025-Omega-2,Luzern,"0,97","7,6811",05.04.2024,10.06.2024,"8,6051","2,8077","0,3263","0,5445"
Poaceae,2025-Omega-2,Luzern,"0,98","7,8426",05.04.2024,10.06.2024,"8,4174","2,7113","0,3221","0,5489"
Poaceae,2025-Omega-2,Luzern,"0,99","8,1157",05.04.2024,10.06.2024,"8,1129","2,5591","0,3154","0,5539"
Poaceae,2025-Omega-2,Luzern,"0,999","9,1121",05.04.2024,10.06.2024,"7,1545","2,1133","0,2954","0,5605"
Poaceae,2025-Omega-2,Luzern,"0,9999","10,3316",05.04.2024,10.06.2024,"6,2506","1,724","0,2758","0,577"
Poaceae,2025-Omega-2,Luzern,1,"11,9472",05.04.2024,10.06.2024,"5,355","1,3726","0,2563","0,5828"
Poaceae,2025-Omega-2,Luzern,1,"14,1194",05.04.2024,10.06.2024,"4,4841","1,0303","0,2298","0,5825"
Poaceae,2025-Omega-2,Luzern,1,"16,478",05.04.2024,10.06.2024,"3,8231","0,7815","0,2044","0,5947"
Quercus,2025-Omega-2,Luzern,0,"6,7469",07.04.2024,08.05.2024,"13,336","2,6795","0,2009","0,2243"
Quercus,2025-Omega-2,Luzern,"0,2","6,7469",07.04.2024,08.05.2024,"13,336","2,6795","0,2009","0,2243"
Quercus,2025-Omega-2,Luzern,"0,4","6,7841",07.04.2024,08.05.2024,"13,2639","2,6438","0,1993","0,2253"
Quercus,2025-Omega-2,Luzern,"0,6","7,2779",07.04.2024,08.05.2024,"12,3486","2,3169","0,1876","0,2354"
Quercus,2025-Omega-2,Luzern,"0,75","7,9086",07.04.2024,08.05.2024,"11,3269","1,9707","0,174","0,2437"
Quercus,2025-Omega-2,Luzern,"0,8","8,1852",07.04.2024,08.05.2024,"10,9189","1,8428","0,1688","0,2488"
Quercus,2025-Omega-2,Luzern,"0,85","8,5478",07.04.2024,08.05.2024,"10,4316","1,7022","0,1632","0,2533"
Quercus,2025-Omega-2,Luzern,"0,9","9,0285",07.04.2024,08.05.2024,"9,8587","1,5269","0,1549","0,261"
Quercus,2025-Omega-2,Luzern,"0,91","9,1741",07.04.2024,08.05.2024,"9,6998","1,4918","0,1538","0,2596"
Quercus,2025-Omega-2,Luzern,"0,92","9,3346",07.04.2024,08.05.2024,"9,5213","1,4463","0,1519","0,2581"
Quercus,2025-Omega-2,Luzern,"0,93","9,5312",07.04.2024,08.05.2024,"9,3183","1,3974","0,15","0,2608"
Quercus,2025-Omega-2,Luzern,"0,94","9,7093",07.04.2024,08.05.2024,"9,129","1,3476","0,1476","0,2607"
Quercus,2025-Omega-2,Luzern,"0,95","9,9757",07.04.2024,08.05.2024,"8,8787","1,2943","0,1458","0,2606"
Quercus,2025-Omega-2,Luzern,"0,96","10,2882",07.04.2024,08.05.2024,"8,5955","1,2305","0,1432","0,2613"
Quercus,2025-Omega-2,Luzern,"0,97","10,7051",07.04.2024,08.05.2024,"8,2456","1,1508","0,1396","0,2639"
Quercus,2025-Omega-2,Luzern,"0,98","11,316",07.04.2024,08.05.2024,"7,7681","1,0493","0,1351","0,2676"
Quercus,2025-Omega-2,Luzern,"0,99","12,4642",07.04.2024,08.05.2024,"6,9983","0,8925","0,1275","0,2742"
Quercus,2025-Omega-2,Luzern,"0,999","17,6923",07.04.2024,08.05.2024,"4,8862","0,5217","0,1068","0,2849"
Quercus,2025-Omega-2,Luzern,"0,9999","26,3871",07.04.2024,08.05.2024,"3,2162","0,292","0,0908","0,3037"
Quercus,2025-Omega-2,Luzern,1,"43,7194",07.04.2024,08.05.2024,"1,9722","0,1538","0,078","0,3178"
Quercus,2025-Omega-2,Luzern,1,"75,9876",07.04.2024,08.05.2024,"1,1182","0,0705","0,063","0,3135"
Quercus,2025-Omega-2,Luzern,1,"126,5736",07.04.2024,08.05.2024,"0,6685","0,0399","0,0596","0,363"
Taxus,2025-Omega-2,Luzern,0,"4,5162",10.02.2024,13.03.2024,"52,2499","1,8921","0,0362","0,541"
Taxus,2025-Omega-2,Luzern,"0,2","4,5162",10.02.2024,13.03.2024,"52,2499","1,8921","0,0362","0,541"
Taxus,2025-Omega-2,Luzern,"0,4","4,5289",10.02.2024,13.03.2024,"52,088","1,8681","0,0359","0,5408"
Taxus,2025-Omega-2,Luzern,"0,6","4,7626",10.02.2024,13.03.2024,"49,4196","1,6359","0,0331","0,542"
Taxus,2025-Omega-2,Luzern,"0,75","5,1003",10.02.2024,13.03.2024,"46,0664","1,4097","0,0306","0,5431"
Taxus,2025-Omega-2,Luzern,"0,8","5,2555",10.02.2024,13.03.2024,"44,6542","1,318","0,0295","0,5418"
Taxus,2025-Omega-2,Luzern,"0,85","5,4498",10.02.2024,13.03.2024,"43,0382","1,218","0,0283","0,5406"
Taxus,2025-Omega-2,Luzern,"0,9","5,7062",10.02.2024,13.03.2024,"40,9404","1,0967","0,0268","0,5413"
Taxus,2025-Omega-2,Luzern,"0,91","5,7851",10.02.2024,13.03.2024,"40,3787","1,071","0,0265","0,5414"
Taxus,2025-Omega-2,Luzern,"0,92","5,8705",10.02.2024,13.03.2024,"39,7805","1,0418","0,0262","0,5425"
Taxus,2025-Omega-2,Luzern,"0,93","5,9659",10.02.2024,13.03.2024,"39,0991","1,0082","0,0258","0,5424"
Taxus,2025-Omega-2,Luzern,"0,94","6,0845",10.02.2024,13.03.2024,"38,3176","0,973","0,0254","0,542"
Taxus,2025-Omega-2,Luzern,"0,95","6,2257",10.02.2024,13.03.2024,"37,4305","0,9317","0,0249","0,5434"
Taxus,2025-Omega-2,Luzern,"0,96","6,4016",10.02.2024,13.03.2024,"36,3701","0,8872","0,0244","0,5432"
Taxus,2025-Omega-2,Luzern,"0,97","6,6298",10.02.2024,13.03.2024,"35,0738","0,83","0,0237","0,5431"
Taxus,2025-Omega-2,Luzern,"0,98","6,9816",10.02.2024,13.03.2024,"33,2429","0,7556","0,0227","0,5428"
Taxus,2025-Omega-2,Luzern,"0,99","7,6419",10.02.2024,13.03.2024,"30,2288","0,6481","0,0214","0,5428"
Taxus,2025-Omega-2,Luzern,"0,999","10,7359",10.02.2024,13.03.2024,"21,2649","0,375","0,0176","0,5515"
Taxus,2025-Omega-2,Luzern,"0,9999","16,3684",10.02.2024,13.03.2024,"13,7694","0,2038","0,0148","0,5615"
Taxus,2025-Omega-2,Luzern,1,"27,6679",10.02.2024,13.03.2024,"7,936","0,0976","0,0123","0,5646"
Taxus,2025-Omega-2,Luzern,1,"55,6193",10.02.2024,13.03.2024,"3,8139","0,041","0,0107","0,5863"
Taxus,2025-Omega-2,Luzern,1,"109,5166",10.02.2024,13.03.2024,"1,8865","0,0195","0,0103","0,6295"
Alnus,2025-Gamma-2,Basel,0,"3,739",02.02.2024,08.03.2024,"39,3676","0,6373","0,0162","0,7461"
Alnus,2025-Gamma-2,Basel,"0,2","3,739",02.02.2024,08.03.2024,"39,3676","0,6373","0,0162","0,7461"
Alnus,2025-Gamma-2,Basel,"0,4","3,7414",02.02.2024,08.03.2024,"39,3445","0,6317","0,0161","0,7473"
Alnus,2025-Gamma-2,Basel,"0,6","3,8082",02.02.2024,08.03.2024,"38,6608","0,5786","0,015","0,7482"
Alnus,2025-Gamma-2,Basel,"0,75","3,911",02.02.2024,08.03.2024,"37,6367","0,5261","0,014","0,7479"
Alnus,2025-Gamma-2,Basel,"0,8","3,9562",02.02.2024,08.03.2024,"37,189","0,5056","0,0136","0,7513"
Alnus,2025-Gamma-2,Basel,"0,85","4,0164",02.02.2024,08.03.2024,"36,6438","0,4833","0,0132","0,75"
Alnus,2025-Gamma-2,Basel,"0,9","4,0975",02.02.2024,08.03.2024,"35,9023","0,4493","0,0125","0,7514"
Alnus,2025-Gamma-2,Basel,"0,91","4,1187",02.02.2024,08.03.2024,"35,7227","0,4442","0,0124","0,7493"
Alnus,2025-Gamma-2,Basel,"0,92","4,1431",02.02.2024,08.03.2024,"35,5107","0,4355","0,0123","0,7491"
Alnus,2025-Gamma-2,Basel,"0,93","4,1671",02.02.2024,08.03.2024,"35,2869","0,4262","0,0121","0,7483"
Alnus,2025-Gamma-2,Basel,"0,94","4,1989",02.02.2024,08.03.2024,"35,0098","0,4173","0,0119","0,7484"
Alnus,2025-Gamma-2,Basel,"0,95","4,2347",02.02.2024,08.03.2024,"34,711","0,403","0,0116","0,7506"
Alnus,2025-Gamma-2,Basel,"0,96","4,2823",02.02.2024,08.03.2024,"34,3172","0,3903","0,0114","0,7496"
Alnus,2025-Gamma-2,Basel,"0,97","4,3444",02.02.2024,08.03.2024,"33,8319","0,3737","0,011","0,7583"
Alnus,2025-Gamma-2,Basel,"0,98","4,4359",02.02.2024,08.03.2024,"33,1322","0,3537","0,0107","0,7562"
Alnus,2025-Gamma-2,Basel,"0,99","4,603",02.02.2024,08.03.2024,"31,921","0,3206","0,01","0,7641"
Alnus,2025-Gamma-2,Basel,"0,999","5,3537",02.02.2024,08.03.2024,"27,4749","0,2331","0,0085","0,7423"
Alnus,2025-Gamma-2,Basel,"0,9999","6,5007",02.02.2024,08.03.2024,"22,6931","0,1659","0,0073","0,7428"
Alnus,2025-Gamma-2,Basel,1,"8,5021",02.02.2024,08.03.2024,"17,4844","0,1162","0,0066","0,7315"
Alnus,2025-Gamma-2,Basel,1,"12,2413",02.02.2024,08.03.2024,"12,2533","0,0724","0,0059","0,7461"
Alnus,2025-Gamma-2,Basel,1,"17,8191",02.02.2024,08.03.2024,"8,5048","0,0485","0,0057","0,7762"
Betula,2025-Gamma-2,Basel,0,"1,569",20.03.2024,18.04.2024,"52,1034","8,2579","0,1585","0,4767"
Betula,2025-Gamma-2,Basel,"0,2","1,569",20.03.2024,18.04.2024,"52,1034","8,2579","0,1585","0,4767"
Betula,2025-Gamma-2,Basel,"0,4","1,5762",20.03.2024,18.04.2024,"51,9034","8,2071","0,1581","0,4758"
Betula,2025-Gamma-2,Basel,"0,6","1,6591",20.03.2024,18.04.2024,"49,5038","7,5102","0,1517","0,4821"
Betula,2025-Gamma-2,Basel,"0,75","1,7655",20.03.2024,18.04.2024,"46,6778","6,7057","0,1437","0,4883"
Betula,2025-Gamma-2,Basel,"0,8","1,8144",20.03.2024,18.04.2024,"45,529","6,3857","0,1403","0,4928"
Betula,2025-Gamma-2,Basel,"0,85","1,8782",20.03.2024,18.04.2024,"44,0657","6,0142","0,1365","0,4958"
Betula,2025-Gamma-2,Basel,"0,9","1,9629",20.03.2024,18.04.2024,"42,3113","5,5432","0,131","0,4991"
Betula,2025-Gamma-2,Basel,"0,91","1,9847",20.03.2024,18.04.2024,"41,8631","5,4224","0,1295","0,4995"
Betula,2025-Gamma-2,Basel,"0,92","2,0082",20.03.2024,18.04.2024,"41,3909","5,2944","0,1279","0,5014"
Betula,2025-Gamma-2,Basel,"0,93","2,0385",20.03.2024,18.04.2024,"40,8263","5,1593","0,1264","0,5037"
Betula,2025-Gamma-2,Basel,"0,94","2,0716",20.03.2024,18.04.2024,"40,1832","5,0055","0,1246","0,5054"
Betula,2025-Gamma-2,Basel,"0,95","2,1127",20.03.2024,18.04.2024,"39,4385","4,8241","0,1223","0,5068"
Betula,2025-Gamma-2,Basel,"0,96","2,1646",20.03.2024,18.04.2024,"38,5412","4,6261","0,12","0,507"
Betula,2025-Gamma-2,Basel,"0,97","2,2321",20.03.2024,18.04.2024,"37,4069","4,3701","0,1168","0,5123"
Betula,2025-Gamma-2,Basel,"0,98","2,3283",20.03.2024,18.04.2024,"35,9087","4,025","0,1121","0,5165"
Betula,2025-Gamma-2,Basel,"0,99","2,5062",20.03.2024,18.04.2024,"33,4031","3,4908","0,1045","0,523"
Betula,2025-Gamma-2,Basel,"0,999","3,2825",20.03.2024,18.04.2024,"25,6542","2,0627","0,0804","0,5473"
Betula,2025-Gamma-2,Basel,"0,9999","4,4187",20.03.2024,18.04.2024,"18,9509","1,1129","0,0587","0,562"
Betula,2025-Gamma-2,Basel,1,"6,3456",20.03.2024,18.04.2024,"13,1256","0,5269","0,0401","0,5632"
Betula,2025-Gamma-2,Basel,1,"10,035",20.03.2024,18.04.2024,"8,2633","0,2108","0,0255","0,549"
Betula,2025-Gamma-2,Basel,1,"15,5204",20.03.2024,18.04.2024,"5,3108","0,0976","0,0184","0,5737"
Corylus,2025-Gamma-2,Basel,0,"4,0653",26.01.2024,19.02.2024,"11,4042","1,7582","0,1542","0,5584"
Corylus,2025-Gamma-2,Basel,"0,2","4,0653",26.01.2024,19.02.2024,"11,4042","1,7582","0,1542","0,5584"
Corylus,2025-Gamma-2,Basel,"0,4","4,0774",26.01.2024,19.02.2024,"11,3778","1,7346","0,1525","0,5618"
Corylus,2025-Gamma-2,Basel,"0,6","4,2774",26.01.2024,19.02.2024,"10,8718","1,5328","0,141","0,5719"
Corylus,2025-Gamma-2,Basel,"0,75","4,5862",26.01.2024,19.02.2024,"10,19","1,3295","0,1305","0,5789"
Corylus,2025-Gamma-2,Basel,"0,8","4,7165",26.01.2024,19.02.2024,"9,9274","1,2505","0,126","0,5844"
Corylus,2025-Gamma-2,Basel,"0,85","4,8882",26.01.2024,19.02.2024,"9,5961","1,1671","0,1216","0,5856"
Corylus,2025-Gamma-2,Basel,"0,9","5,1293",26.01.2024,19.02.2024,"9,1612","1,0652","0,1163","0,597"
Corylus,2025-Gamma-2,Basel,"0,91","5,1883",26.01.2024,19.02.2024,"9,0596","1,0368","0,1144","0,5972"
Corylus,2025-Gamma-2,Basel,"0,92","5,25",26.01.2024,19.02.2024,"8,9554","1,0104","0,1128","0,6001"
Corylus,2025-Gamma-2,Basel,"0,93","5,3401",26.01.2024,19.02.2024,"8,8114","0,9776","0,1109","0,6038"
Corylus,2025-Gamma-2,Basel,"0,94","5,4305",26.01.2024,19.02.2024,"8,6716","0,9459","0,1091","0,6056"
Corylus,2025-Gamma-2,Basel,"0,95","5,5362",26.01.2024,19.02.2024,"8,5145","0,9098","0,1069","0,6086"
Corylus,2025-Gamma-2,Basel,"0,96","5,6521",26.01.2024,19.02.2024,"8,3325","0,8659","0,1039","0,6118"
Corylus,2025-Gamma-2,Basel,"0,97","5,8452",26.01.2024,19.02.2024,"8,0686","0,8133","0,1008","0,6184"
Corylus,2025-Gamma-2,Basel,"0,98","6,1167",26.01.2024,19.02.2024,"7,6954","0,7445","0,0968","0,6224"
Corylus,2025-Gamma-2,Basel,"0,99","6,6399",26.01.2024,19.02.2024,"7,0876","0,6394","0,0902","0,6362"
Corylus,2025-Gamma-2,Basel,"0,999","8,844",26.01.2024,19.02.2024,"5,2544","0,3787","0,0721","0,6577"
Corylus,2025-Gamma-2,Basel,"0,9999","12,5353",26.01.2024,19.02.2024,"3,6915","0,2156","0,0584","0,6729"
Corylus,2025-Gamma-2,Basel,1,"19,268",26.01.2024,19.02.2024,"2,3482","0,1203","0,0512","0,7046"
Corylus,2025-Gamma-2,Basel,1,"34,548",26.01.2024,19.02.2024,"1,2605","0,057","0,0452","0,7388"
Corylus,2025-Gamma-2,Basel,1,"57,6017",26.01.2024,19.02.2024,"0,7216","0,0289","0,0401","0,7483"
Cupressaceae,2025-Gamma-2,Basel,0,"7,9239",11.02.2024,01.03.2024,"5,7195","5,2303","0,9145","0,4452"
Cupressaceae,2025-Gamma-2,Basel,"0,2","7,9239",11.02.2024,01.03.2024,"5,7195","5,2303","0,9145","0,4452"
Cupressaceae,2025-Gamma-2,Basel,"0,4","8,0565",11.02.2024,01.03.2024,"5,639","5,1594","0,915","0,4438"
Cupressaceae,2025-Gamma-2,Basel,"0,6","9,2788",11.02.2024,01.03.2024,"4,9088","4,575","0,932","0,4386"
Cupressaceae,2025-Gamma-2,Basel,"0,75","11,039",11.02.2024,01.03.2024,"4,1556","3,9624","0,9535","0,4268"
Cupressaceae,2025-Gamma-2,Basel,"0,8","11,8602",11.02.2024,01.03.2024,"3,8815","3,7283","0,9605","0,4231"
Cupressaceae,2025-Gamma-2,Basel,"0,85","12,8382",11.02.2024,01.03.2024,"3,5882","3,4649","0,9656","0,418"
Cupressaceae,2025-Gamma-2,Basel,"0,9","14,2403",11.02.2024,01.03.2024,"3,2266","3,1294","0,9699","0,4097"
Cupressaceae,2025-Gamma-2,Basel,"0,91","14,6578",11.02.2024,01.03.2024,"3,1386","3,0529","0,9727","0,4077"
Cupressaceae,2025-Gamma-2,Basel,"0,92","15,0213",11.02.2024,01.03.2024,"3,0642","2,9705","0,9694","0,4054"
Cupressaceae,2025-Gamma-2,Basel,"0,93","15,5531",11.02.2024,01.03.2024,"2,9635","2,8761","0,9705","0,4016"
Cupressaceae,2025-Gamma-2,Basel,"0,94","16,0943",11.02.2024,01.03.2024,"2,8547","2,7702","0,9704","0,3987"
Cupressaceae,2025-Gamma-2,Basel,"0,95","16,8535",11.02.2024,01.03.2024,"2,743","2,6583","0,9691","0,3973"
Cupressaceae,2025-Gamma-2,Basel,"0,96","17,672",11.02.2024,01.03.2024,"2,602","2,5266","0,971","0,3958"
Cupressaceae,2025-Gamma-2,Basel,"0,97","18,9158",11.02.2024,01.03.2024,"2,4203","2,3627","0,9762","0,3882"
Cupressaceae,2025-Gamma-2,Basel,"0,98","20,8127",11.02.2024,01.03.2024,"2,1967","2,1438","0,9759","0,3846"
Cupressaceae,2025-Gamma-2,Basel,"0,99","24,3357",11.02.2024,01.03.2024,"1,8396","1,8116","0,9848","0,3687"
Cupressaceae,2025-Gamma-2,Basel,"0,999","41,081",11.02.2024,01.03.2024,"1,0214","0,9968","0,9759","0,3348"
Cupressaceae,2025-Gamma-2,Basel,"0,9999","77,0567",11.02.2024,01.03.2024,"0,5418","0,5177","0,9555","0,2968"
Cupressaceae,2025-Gamma-2,Basel,1,"172,6614",11.02.2024,01.03.2024,"0,2593","0,2281","0,8798","0,2654"
Cupressaceae,2025-Gamma-2,Basel,1,"368,9057",11.02.2024,01.03.2024,"0,1149","0,0965","0,8399","0,1748"
Cupressaceae,2025-Gamma-2,Basel,1,"742,7123",11.02.2024,01.03.2024,"0,0538","0,0438","0,8127","0,1636"
Fagus,2025-Gamma-2,Basel,0,"4,3861",06.04.2024,05.05.2024,"1,4739","0,1837","0,1247","0,4982"
Fagus,2025-Gamma-2,Basel,"0,2","4,3861",06.04.2024,05.05.2024,"1,4739","0,1837","0,1247","0,4982"
Fagus,2025-Gamma-2,Basel,"0,4","4,4238",06.04.2024,05.05.2024,"1,4606","0,1766","0,1209","0,5014"
Fagus,2025-Gamma-2,Basel,"0,6","4,8007",06.04.2024,05.05.2024,"1,3349","0,1425","0,1067","0,5165"
Fagus,2025-Gamma-2,Basel,"0,75","5,2112",06.04.2024,05.05.2024,"1,2293","0,1113","0,0905","0,5305"
Fagus,2025-Gamma-2,Basel,"0,8","5,3942",06.04.2024,05.05.2024,"1,1856","0,1014","0,0856","0,5337"
Fagus,2025-Gamma-2,Basel,"0,85","5,6091",06.04.2024,05.05.2024,"1,1347","0,0901","0,0794","0,5423"
Fagus,2025-Gamma-2,Basel,"0,9","5,8694",06.04.2024,05.05.2024,"1,0764","0,0752","0,0698","0,5488"
Fagus,2025-Gamma-2,Basel,"0,91","5,9392",06.04.2024,05.05.2024,"1,062","0,0731","0,0689","0,5504"
Fagus,2025-Gamma-2,Basel,"0,92","6,0025",06.04.2024,05.05.2024,"1,0479","0,0709","0,0677","0,5534"
Fagus,2025-Gamma-2,Basel,"0,93","6,0773",06.04.2024,05.05.2024,"1,0347","0,0672","0,065","0,5561"
Fagus,2025-Gamma-2,Basel,"0,94","6,1779",06.04.2024,05.05.2024,"1,021","0,0625","0,0612","0,5545"
Fagus,2025-Gamma-2,Basel,"0,95","6,2647",06.04.2024,05.05.2024,"1,0058","0,059","0,0587","0,5582"
Fagus,2025-Gamma-2,Basel,"0,96","6,452",06.04.2024,05.05.2024,"0,9794","0,055","0,0561","0,5641"
Fagus,2025-Gamma-2,Basel,"0,97","6,5806",06.04.2024,05.05.2024,"0,9569","0,0511","0,0534","0,5679"
Fagus,2025-Gamma-2,Basel,"0,98","6,8284",06.04.2024,05.05.2024,"0,9252","0,0462","0,0499","0,5765"
Fagus,2025-Gamma-2,Basel,"0,99","7,2534",06.04.2024,05.05.2024,"0,8652","0,037","0,0427","0,5937"
Fagus,2025-Gamma-2,Basel,"0,999","8,6989",06.04.2024,05.05.2024,"0,7042","0,0217","0,0308","0,6378"
Fagus,2025-Gamma-2,Basel,"0,9999","10,5549",06.04.2024,05.05.2024,"0,5713","0,0141","0,0247","0,673"
Fagus,2025-Gamma-2,Basel,1,"12,5719",06.04.2024,05.05.2024,"0,4606","0,0096","0,0209","0,721"
Fagus,2025-Gamma-2,Basel,1,"14,7766",06.04.2024,05.05.2024,"0,3769","0,0051","0,0136","0,7213"
Fagus,2025-Gamma-2,Basel,1,"16,7121",06.04.2024,05.05.2024,"0,3153","0,0027","0,0084","0,763"
Fraxinus,2025-Gamma-2,Basel,0,"0,9254",15.03.2024,11.04.2024,"48,7181","5,8157","0,1194","0,6312"
Fraxinus,2025-Gamma-2,Basel,"0,2","0,9255",15.03.2024,11.04.2024,"48,7175","5,8157","0,1194","0,6312"
Fraxinus,2025-Gamma-2,Basel,"0,4","0,9317",15.03.2024,11.04.2024,"48,4557","5,761","0,1189","0,6326"
Fraxinus,2025-Gamma-2,Basel,"0,6","1,0114",15.03.2024,11.04.2024,"45,5103","5,0855","0,1117","0,6421"
Fraxinus,2025-Gamma-2,Basel,"0,75","1,113",15.03.2024,11.04.2024,"42,2966","4,363","0,1032","0,6581"
Fraxinus,2025-Gamma-2,Basel,"0,8","1,1573",15.03.2024,11.04.2024,"41,0519","4,1025","0,0999","0,6663"
Fraxinus,2025-Gamma-2,Basel,"0,85","1,2081",15.03.2024,11.04.2024,"39,6829","3,8158","0,0962","0,6771"
Fraxinus,2025-Gamma-2,Basel,"0,9","1,2773",15.03.2024,11.04.2024,"38,0227","3,4834","0,0916","0,6836"
Fraxinus,2025-Gamma-2,Basel,"0,91","1,2942",15.03.2024,11.04.2024,"37,6126","3,4053","0,0905","0,6852"
Fraxinus,2025-Gamma-2,Basel,"0,92","1,3126",15.03.2024,11.04.2024,"37,1778","3,3171","0,0892","0,6869"
Fraxinus,2025-Gamma-2,Basel,"0,93","1,3353",15.03.2024,11.04.2024,"36,6866","3,2288","0,088","0,6903"
Fraxinus,2025-Gamma-2,Basel,"0,94","1,3608",15.03.2024,11.04.2024,"36,1393","3,1278","0,0865","0,695"
Fraxinus,2025-Gamma-2,Basel,"0,95","1,3895",15.03.2024,11.04.2024,"35,5479","3,019","0,0849","0,6996"
Fraxinus,2025-Gamma-2,Basel,"0,96","1,424",15.03.2024,11.04.2024,"34,8472","2,886","0,0828","0,7019"
Fraxinus,2025-Gamma-2,Basel,"0,97","1,4669",15.03.2024,11.04.2024,"34,0198","2,7276","0,0802","0,7051"
Fraxinus,2025-Gamma-2,Basel,"0,98","1,5269",15.03.2024,11.04.2024,"32,9146","2,5295","0,0768","0,712"
Fraxinus,2025-Gamma-2,Basel,"0,99","1,6266",15.03.2024,11.04.2024,"31,1763","2,2439","0,072","0,7185"
Fraxinus,2025-Gamma-2,Basel,"0,999","1,9469",15.03.2024,11.04.2024,"26,4667","1,569","0,0593","0,74"
Fraxinus,2025-Gamma-2,Basel,"0,9999","2,2714",15.03.2024,11.04.2024,"22,7873","1,1512","0,0505","0,7543"
Fraxinus,2025-Gamma-2,Basel,1,"2,6663",15.03.2024,11.04.2024,"19,3985","0,8632","0,0445","0,755"
Fraxinus,2025-Gamma-2,Basel,1,"3,2249",15.03.2024,11.04.2024,"15,9539","0,6692","0,0419","0,7464"
Fraxinus,2025-Gamma-2,Basel,1,"3,8605",15.03.2024,11.04.2024,"13,3028","0,5465","0,0411","0,736"
Pinaceae,2025-Gamma-2,Basel,0,"3,5952",09.04.2024,18.04.2024,"5,7656","2,3373","0,4054","0,6512"
Pinaceae,2025-Gamma-2,Basel,"0,2","3,5952",09.04.2024,18.04.2024,"5,7656","2,3373","0,4054","0,6512"
Pinaceae,2025-Gamma-2,Basel,"0,4","3,5968",09.04.2024,18.04.2024,"5,7639","2,33","0,4042","0,6512"
Pinaceae,2025-Gamma-2,Basel,"0,6","3,6064",09.04.2024,18.04.2024,"5,7413","2,279","0,3969","0,6582"
Pinaceae,2025-Gamma-2,Basel,"0,75","3,6145",09.04.2024,18.04.2024,"5,6978","2,2181","0,3893","0,6563"
Pinaceae,2025-Gamma-2,Basel,"0,8","3,6259",09.04.2024,18.04.2024,"5,677","2,1937","0,3864","0,6594"
Pinaceae,2025-Gamma-2,Basel,"0,85","3,6413",09.04.2024,18.04.2024,"5,6559","2,1604","0,382","0,662"
Pinaceae,2025-Gamma-2,Basel,"0,9","3,6624",09.04.2024,18.04.2024,"5,6264","2,1173","0,3763","0,6549"
Pinaceae,2025-Gamma-2,Basel,"0,91","3,668",09.04.2024,18.04.2024,"5,6159","2,1079","0,3753","0,6555"
Pinaceae,2025-Gamma-2,Basel,"0,92","3,6702",09.04.2024,18.04.2024,"5,6125","2,0952","0,3733","0,6565"
Pinaceae,2025-Gamma-2,Basel,"0,93","3,6736",09.04.2024,18.04.2024,"5,6055","2,0767","0,3705","0,6518"
Pinaceae,2025-Gamma-2,Basel,"0,94","3,6756",09.04.2024,18.04.2024,"5,6021","2,0587","0,3675","0,6477"
Pinaceae,2025-Gamma-2,Basel,"0,95","3,6836",09.04.2024,18.04.2024,"5,5899","2,041","0,3651","0,6479"
Pinaceae,2025-Gamma-2,Basel,"0,96","3,6851",09.04.2024,18.04.2024,"5,583","2,0207","0,3619","0,6499"
Pinaceae,2025-Gamma-2,Basel,"0,97","3,7058",09.04.2024,18.04.2024,"5,5552","1,9934","0,3588","0,6501"
Pinaceae,2025-Gamma-2,Basel,"0,98","3,7291",09.04.2024,18.04.2024,"5,5222","1,954","0,3538","0,6521"
Pinaceae,2025-Gamma-2,Basel,"0,99","3,7564",09.04.2024,18.04.2024,"5,4805","1,8854","0,344","0,6585"
Pinaceae,2025-Gamma-2,Basel,"0,999","3,8994",09.04.2024,18.04.2024,"5,2721","1,6528","0,3135","0,6756"
Pinaceae,2025-Gamma-2,Basel,"0,9999","4,1461",09.04.2024,18.04.2024,"4,9856","1,4213","0,2851","0,6986"
Pinaceae,2025-Gamma-2,Basel,1,"4,565",09.04.2024,18.04.2024,"4,563","1,1785","0,2583","0,7105"
Pinaceae,2025-Gamma-2,Basel,1,"5,2671",09.04.2024,18.04.2024,"3,9708","0,931","0,2345","0,7198"
Pinaceae,2025-Gamma-2,Basel,1,"6,0298",09.04.2024,18.04.2024,"3,4532","0,7623","0,2208","0,7512"
Platanus,2025-Gamma-2,Basel,0,"5,1112",24.03.2024,18.04.2024,"28,1178","0,2823","0,01","0,6849"
Platanus,2025-Gamma-2,Basel,"0,2","5,1112",24.03.2024,18.04.2024,"28,1178","0,2823","0,01","0,6849"
Platanus,2025-Gamma-2,Basel,"0,4","5,1291",24.03.2024,18.04.2024,"27,9982","0,279","0,01","0,6851"
Platanus,2025-Gamma-2,Basel,"0,6","5,4264",24.03.2024,18.04.2024,"26,4182","0,2434","0,0092","0,6885"
Platanus,2025-Gamma-2,Basel,"0,75","5,8474",24.03.2024,18.04.2024,"24,4459","0,2042","0,0084","0,6978"
Platanus,2025-Gamma-2,Basel,"0,8","6,0341",24.03.2024,18.04.2024,"23,6684","0,191","0,0081","0,7022"
Platanus,2025-Gamma-2,Basel,"0,85","6,2858",24.03.2024,18.04.2024,"22,7142","0,1744","0,0077","0,7053"
Platanus,2025-Gamma-2,Basel,"0,9","6,6619",24.03.2024,18.04.2024,"21,4103","0,1603","0,0075","0,7118"
Platanus,2025-Gamma-2,Basel,"0,91","6,7682",24.03.2024,18.04.2024,"21,0721","0,1563","0,0074","0,7135"
Platanus,2025-Gamma-2,Basel,"0,92","6,8968",24.03.2024,18.04.2024,"20,6714","0,1516","0,0073","0,7145"
Platanus,2025-Gamma-2,Basel,"0,93","7,0309",24.03.2024,18.04.2024,"20,2671","0,1472","0,0073","0,7158"
Platanus,2025-Gamma-2,Basel,"0,94","7,2053",24.03.2024,18.04.2024,"19,7858","0,1431","0,0072","0,7193"
Platanus,2025-Gamma-2,Basel,"0,95","7,4078",24.03.2024,18.04.2024,"19,2314","0,1379","0,0072","0,7196"
Platanus,2025-Gamma-2,Basel,"0,96","7,671",24.03.2024,18.04.2024,"18,5707","0,1318","0,0071","0,724"
Platanus,2025-Gamma-2,Basel,"0,97","8,0277",24.03.2024,18.04.2024,"17,7093","0,124","0,007","0,7262"
Platanus,2025-Gamma-2,Basel,"0,98","8,5871",24.03.2024,18.04.2024,"16,5384","0,11","0,0067","0,7302"
Platanus,2025-Gamma-2,Basel,"0,99","9,7415",24.03.2024,18.04.2024,"14,5349","0,0916","0,0063","0,7519"
Platanus,2025-Gamma-2,Basel,"0,999","16,0661",24.03.2024,18.04.2024,"8,6378","0,0435","0,005","0,7833"
Platanus,2025-Gamma-2,Basel,"0,9999","33,7051",24.03.2024,18.04.2024,"4,0387","0,0224","0,0056","0,8056"
Platanus,2025-Gamma-2,Basel,1,"100,8335",24.03.2024,18.04.2024,"1,3043","0,0071","0,0054","0,8013"
Platanus,2025-Gamma-2,Basel,1,"622,3406",24.03.2024,18.04.2024,"0,2072","0,0004","0,0019","0,7565"
Platanus,2025-Gamma-2,Basel,1,1000,24.03.2024,18.04.2024,"0,0307",0,0,"0,587"
Populus,2025-Gamma-2,Basel,0,"0,4346",15.02.2024,24.02.2024,"18,6305","3,7659","0,2021","0,4393"
Populus,2025-Gamma-2,Basel,"0,2","0,4346",15.02.2024,24.02.2024,"18,6305","3,7658","0,2021","0,4393"
Populus,2025-Gamma-2,Basel,"0,4","0,4369",15.02.2024,24.02.2024,"18,5037","3,6994","0,1999","0,442"
Populus,2025-Gamma-2,Basel,"0,6","0,4993",15.02.2024,24.02.2024,"16,1349","3,1662","0,1962","0,4452"
Populus,2025-Gamma-2,Basel,"0,75","0,612",15.02.2024,24.02.2024,"13,3163","2,6499","0,199","0,4443"
Populus,2025-Gamma-2,Basel,"0,8","0,6689",15.02.2024,24.02.2024,"12,1575","2,4536","0,2018","0,4467"
Populus,2025-Gamma-2,Basel,"0,85","0,7414",15.02.2024,24.02.2024,"10,9846","2,2312","0,2031","0,4482"
Populus,2025-Gamma-2,Basel,"0,9","0,8801",15.02.2024,24.02.2024,"9,4851","1,9604","0,2067","0,4467"
Populus,2025-Gamma-2,Basel,"0,91","0,9111",15.02.2024,24.02.2024,"9,1553","1,8992","0,2074","0,4488"
Populus,2025-Gamma-2,Basel,"0,92","0,9613",15.02.2024,24.02.2024,"8,7731","1,8311","0,2087","0,4475"
Populus,2025-Gamma-2,Basel,"0,93","1,0077",15.02.2024,24.02.2024,"8,3737","1,7587","0,21","0,4525"
Populus,2025-Gamma-2,Basel,"0,94","1,0589",15.02.2024,24.02.2024,"7,9676","1,6758","0,2103","0,4534"
Populus,2025-Gamma-2,Basel,"0,95","1,1283",15.02.2024,24.02.2024,"7,4757","1,5866","0,2122","0,4536"
Populus,2025-Gamma-2,Basel,"0,96","1,2351",15.02.2024,24.02.2024,"6,8858","1,4862","0,2158","0,4549"
Populus,2025-Gamma-2,Basel,"0,97","1,3898",15.02.2024,24.02.2024,"6,2092","1,3681","0,2203","0,4529"
Populus,2025-Gamma-2,Basel,"0,98","1,5934",15.02.2024,24.02.2024,"5,3864","1,2009","0,223","0,4536"
Populus,2025-Gamma-2,Basel,"0,99","2,1626",15.02.2024,24.02.2024,"4,1498","0,9813","0,2365","0,4518"
Populus,2025-Gamma-2,Basel,"0,999","5,6626",15.02.2024,24.02.2024,"1,6181","0,4547","0,281","0,4438"
Populus,2025-Gamma-2,Basel,"0,9999","16,0077",15.02.2024,24.02.2024,"0,5818","0,2072","0,3562","0,4566"
Populus,2025-Gamma-2,Basel,1,"46,4481",15.02.2024,24.02.2024,"0,2166","0,0824","0,3805","0,4315"
Populus,2025-Gamma-2,Basel,1,"146,99",15.02.2024,24.02.2024,"0,0506","0,028","0,5536","0,3803"
Populus,2025-Gamma-2,Basel,1,"250,8387",15.02.2024,24.02.2024,"0,0191","0,0121","0,6332","0,2896"
Quercus,2025-Gamma-2,Basel,0,"2,5603",03.04.2024,05.05.2024,"43,8724","3,2794","0,0747","0,5249"
Quercus,2025-Gamma-2,Basel,"0,2","2,5603",03.04.2024,05.05.2024,"43,8724","3,2794","0,0747","0,5249"
Quercus,2025-Gamma-2,Basel,"0,4","2,5688",03.04.2024,05.05.2024,"43,7476","3,2535","0,0744","0,5252"
Quercus,2025-Gamma-2,Basel,"0,6","2,6912",03.04.2024,05.05.2024,"42,1535","2,9559","0,0701","0,5302"
Quercus,2025-Gamma-2,Basel,"0,75","2,8516",03.04.2024,05.05.2024,"40,2548","2,6198","0,0651","0,5387"
Quercus,2025-Gamma-2,Basel,"0,8","2,9219",03.04.2024,05.05.2024,"39,4513","2,4849","0,063","0,5434"
Quercus,2025-Gamma-2,Basel,"0,85","3,0044",03.04.2024,05.05.2024,"38,5644","2,3285","0,0604","0,5451"
Quercus,2025-Gamma-2,Basel,"0,9","3,1188",03.04.2024,05.05.2024,"37,3683","2,1404","0,0573","0,5517"
Quercus,2025-Gamma-2,Basel,"0,91","3,1486",03.04.2024,05.05.2024,"37,0586","2,1005","0,0567","0,5526"
Quercus,2025-Gamma-2,Basel,"0,92","3,1818",03.04.2024,05.05.2024,"36,7356","2,0464","0,0557","0,5535"
Quercus,2025-Gamma-2,Basel,"0,93","3,2181",03.04.2024,05.05.2024,"36,3785","1,9964","0,0549","0,5554"
Quercus,2025-Gamma-2,Basel,"0,94","3,2617",03.04.2024,05.05.2024,"35,9627","1,926","0,0536","0,5573"
Quercus,2025-Gamma-2,Basel,"0,95","3,3062",03.04.2024,05.05.2024,"35,5263","1,8585","0,0523","0,5611"
Quercus,2025-Gamma-2,Basel,"0,96","3,3628",03.04.2024,05.05.2024,"34,9858","1,7755","0,0507","0,562"
Quercus,2025-Gamma-2,Basel,"0,97","3,4372",03.04.2024,05.05.2024,"34,3052","1,6775","0,0489","0,5653"
Quercus,2025-Gamma-2,Basel,"0,98","3,5409",03.04.2024,05.05.2024,"33,4023","1,5409","0,0461","0,5695"
Quercus,2025-Gamma-2,Basel,"0,99","3,7231",03.04.2024,05.05.2024,"31,8904","1,3405","0,042","0,5787"
Quercus,2025-Gamma-2,Basel,"0,999","4,3386",03.04.2024,05.05.2024,"27,3847","0,8164","0,0298","0,5986"
Quercus,2025-Gamma-2,Basel,"0,9999","5,0163",03.04.2024,05.05.2024,"23,4115","0,4714","0,0201","0,6192"
Quercus,2025-Gamma-2,Basel,1,"5,8701",03.04.2024,05.05.2024,"19,6515","0,2436","0,0124","0,6237"
Quercus,2025-Gamma-2,Basel,1,"7,139",03.04.2024,05.05.2024,"15,8163","0,1148","0,0073","0,6348"
Quercus,2025-Gamma-2,Basel,1,"8,79",03.04.2024,05.05.2024,"12,6474","0,0583","0,0046","0,64"
Taxus,2025-Gamma-2,Basel,0,"2,7347",03.02.2024,18.03.2024,"133,613","6,8017","0,0509","0,668"
Taxus,2025-Gamma-2,Basel,"0,2","2,7347",03.02.2024,18.03.2024,"133,6126","6,8017","0,0509","0,668"
Taxus,2025-Gamma-2,Basel,"0,4","2,7358",03.02.2024,18.03.2024,"133,5205","6,7207","0,0503","0,6704"
Taxus,2025-Gamma-2,Basel,"0,6","2,7593",03.02.2024,18.03.2024,"131,9183","6,119","0,0464","0,6737"
Taxus,2025-Gamma-2,Basel,"0,75","2,7933",03.02.2024,18.03.2024,"129,7218","5,4387","0,0419","0,6783"
Taxus,2025-Gamma-2,Basel,"0,8","2,8095",03.02.2024,18.03.2024,"128,7428","5,1741","0,0402","0,6797"
Taxus,2025-Gamma-2,Basel,"0,85","2,83",03.02.2024,18.03.2024,"127,5556","4,8789","0,0382","0,6828"
Taxus,2025-Gamma-2,Basel,"0,9","2,8579",03.02.2024,18.03.2024,"125,9725","4,5149","0,0358","0,6829"
Taxus,2025-Gamma-2,Basel,"0,91","2,8654",03.02.2024,18.03.2024,"125,5689","4,4266","0,0353","0,6854"
Taxus,2025-Gamma-2,Basel,"0,92","2,8739",03.02.2024,18.03.2024,"125,1202","4,3325","0,0346","0,6846"
Taxus,2025-Gamma-2,Basel,"0,93","2,8831",03.02.2024,18.03.2024,"124,6155","4,2185","0,0339","0,6864"
Taxus,2025-Gamma-2,Basel,"0,94","2,8947",03.02.2024,18.03.2024,"123,9819","4,0952","0,033","0,687"
Taxus,2025-Gamma-2,Basel,"0,95","2,9081",03.02.2024,18.03.2024,"123,2704","3,967","0,0322","0,689"
Taxus,2025-Gamma-2,Basel,"0,96","2,9253",03.02.2024,18.03.2024,"122,418","3,8045","0,0311","0,6918"
Taxus,2025-Gamma-2,Basel,"0,97","2,9475",03.02.2024,18.03.2024,"121,3222","3,6011","0,0297","0,6971"
Taxus,2025-Gamma-2,Basel,"0,98","2,9819",03.02.2024,18.03.2024,"119,7257","3,3242","0,0278","0,6995"
Taxus,2025-Gamma-2,Basel,"0,99","3,046",03.02.2024,18.03.2024,"116,9176","2,9136","0,0249","0,7037"
Taxus,2025-Gamma-2,Basel,"0,999","3,3275",03.02.2024,18.03.2024,"106,2744","1,8571","0,0175","0,7091"
Taxus,2025-Gamma-2,Basel,"0,9999","3,7806",03.02.2024,18.03.2024,"93,2413","1,1301","0,0121","0,7183"
Taxus,2025-Gamma-2,Basel,1,"4,5523",03.02.2024,18.03.2024,"77,5121","0,6629","0,0086","0,7257"
Taxus,2025-Gamma-2,Basel,1,"5,9669",03.02.2024,18.03.2024,"59,4401","0,3524","0,0059","0,731"
Taxus,2025-Gamma-2,Basel,1,"7,9152",03.02.2024,18.03.2024,"45,0794","0,208","0,0046","0,7307"
Alnus,2025-Gamma-2,Buchs,0,"4,9166",26.01.2024,24.02.2024,"17,0071","0,8887","0,0523","0,4649"
Alnus,2025-Gamma-2,Buchs,"0,2","4,9166",26.01.2024,24.02.2024,"17,0071","0,8887","0,0523","0,4649"
Alnus,2025-Gamma-2,Buchs,"0,4","4,9192",26.01.2024,24.02.2024,"16,9932","0,8833","0,052","0,4649"
Alnus,2025-Gamma-2,Buchs,"0,6","5,0129",26.01.2024,24.02.2024,"16,6309","0,8209","0,0494","0,4733"
Alnus,2025-Gamma-2,Buchs,"0,75","5,1374",26.01.2024,24.02.2024,"16,1395","0,7499","0,0465","0,4797"
Alnus,2025-Gamma-2,Buchs,"0,8","5,1873",26.01.2024,24.02.2024,"15,9543","0,7216","0,0452","0,4846"
Alnus,2025-Gamma-2,Buchs,"0,85","5,2597",26.01.2024,24.02.2024,"15,71","0,6882","0,0438","0,4909"
Alnus,2025-Gamma-2,Buchs,"0,9","5,3612",26.01.2024,24.02.2024,"15,3604","0,6462","0,0421","0,4961"
Alnus,2025-Gamma-2,Buchs,"0,91","5,3874",26.01.2024,24.02.2024,"15,2753","0,6358","0,0416","0,4952"
Alnus,2025-Gamma-2,Buchs,"0,92","5,4155",26.01.2024,24.02.2024,"15,1792","0,6248","0,0412","0,498"
Alnus,2025-Gamma-2,Buchs,"0,93","5,4465",26.01.2024,24.02.2024,"15,0698","0,6134","0,0407","0,5028"
Alnus,2025-Gamma-2,Buchs,"0,94","5,4859",26.01.2024,24.02.2024,"14,9413","0,5991","0,0401","0,5016"
Alnus,2025-Gamma-2,Buchs,"0,95","5,5265",26.01.2024,24.02.2024,"14,8036","0,5826","0,0394","0,5037"
Alnus,2025-Gamma-2,Buchs,"0,96","5,5778",26.01.2024,24.02.2024,"14,6288","0,567","0,0388","0,5072"
Alnus,2025-Gamma-2,Buchs,"0,97","5,6558",26.01.2024,24.02.2024,"14,3897","0,5438","0,0378","0,5072"
Alnus,2025-Gamma-2,Buchs,"0,98","5,7642",26.01.2024,24.02.2024,"14,0667","0,5086","0,0362","0,5145"
Alnus,2025-Gamma-2,Buchs,"0,99","5,965",26.01.2024,24.02.2024,"13,521","0,4596","0,034","0,5216"
Alnus,2025-Gamma-2,Buchs,"0,999","6,7871",26.01.2024,24.02.2024,"11,5954","0,3218","0,0277","0,5322"
Alnus,2025-Gamma-2,Buchs,"0,9999","8,1472",26.01.2024,24.02.2024,"9,399","0,2138","0,0227","0,5584"
Alnus,2025-Gamma-2,Buchs,1,"10,5654",26.01.2024,24.02.2024,"7,0425","0,1337","0,019","0,5698"
Alnus,2025-Gamma-2,Buchs,1,"14,9283",26.01.2024,24.02.2024,"4,8095","0,0727","0,0151","0,6027"
Alnus,2025-Gamma-2,Buchs,1,"21,5762",26.01.2024,24.02.2024,"3,2841","0,0434","0,0132","0,5995"
Betula,2025-Gamma-2,Buchs,0,"3,1703",17.03.2024,18.04.2024,"57,3918","6,9831","0,1217","0,3107"
Betula,2025-Gamma-2,Buchs,"0,2","3,1703",17.03.2024,18.04.2024,"57,3918","6,9831","0,1217","0,3107"
Betula,2025-Gamma-2,Buchs,"0,4","3,1768",17.03.2024,18.04.2024,"57,274","6,9353","0,1211","0,3099"
Betula,2025-Gamma-2,Buchs,"0,6","3,2667",17.03.2024,18.04.2024,"55,6169","6,3756","0,1146","0,3142"
Betula,2025-Gamma-2,Buchs,"0,75","3,3888",17.03.2024,18.04.2024,"53,5122","5,728","0,107","0,3204"
Betula,2025-Gamma-2,Buchs,"0,8","3,442",17.03.2024,18.04.2024,"52,6218","5,4725","0,104","0,322"
Betula,2025-Gamma-2,Buchs,"0,85","3,5104",17.03.2024,18.04.2024,"51,516","5,1665","0,1003","0,3228"
Betula,2025-Gamma-2,Buchs,"0,9","3,6108",17.03.2024,18.04.2024,"50,0276","4,7751","0,0954","0,3272"
Betula,2025-Gamma-2,Buchs,"0,91","3,6384",17.03.2024,18.04.2024,"49,6387","4,6809","0,0943","0,3276"
Betula,2025-Gamma-2,Buchs,"0,92","3,6653",17.03.2024,18.04.2024,"49,2366","4,5767","0,093","0,3293"
Betula,2025-Gamma-2,Buchs,"0,93","3,6968",17.03.2024,18.04.2024,"48,8003","4,4588","0,0914","0,3297"
Betula,2025-Gamma-2,Buchs,"0,94","3,7362",17.03.2024,18.04.2024,"48,2455","4,3226","0,0896","0,3314"
Betula,2025-Gamma-2,Buchs,"0,95","3,779",17.03.2024,18.04.2024,"47,665","4,1712","0,0875","0,3329"
Betula,2025-Gamma-2,Buchs,"0,96","3,8354",17.03.2024,18.04.2024,"46,9163","3,997","0,0852","0,3337"
Betula,2025-Gamma-2,Buchs,"0,97","3,911",17.03.2024,18.04.2024,"45,9543","3,7784","0,0822","0,3364"
Betula,2025-Gamma-2,Buchs,"0,98","4,0224",17.03.2024,18.04.2024,"44,6231","3,476","0,0779","0,3399"
Betula,2025-Gamma-2,Buchs,"0,99","4,226",17.03.2024,18.04.2024,"42,3259","3,0023","0,0709","0,3445"
Betula,2025-Gamma-2,Buchs,"0,999","5,1049",17.03.2024,18.04.2024,"34,6425","1,7486","0,0505","0,3673"
Betula,2025-Gamma-2,Buchs,"0,9999","6,5805",17.03.2024,18.04.2024,"26,5315","0,8861","0,0334","0,3951"
Betula,2025-Gamma-2,Buchs,1,"9,321",17.03.2024,18.04.2024,"18,4813","0,4008","0,0217","0,4324"
Betula,2025-Gamma-2,Buchs,1,"15,1626",17.03.2024,18.04.2024,"11,15","0,1585","0,0142","0,466"
Betula,2025-Gamma-2,Buchs,1,"24,9547",17.03.2024,18.04.2024,"6,6452","0,0725","0,0109","0,4931"
Corylus,2025-Gamma-2,Buchs,0,"5,4911",23.01.2024,16.03.2024,"10,1683","1,1595","0,114","0,3879"
Corylus,2025-Gamma-2,Buchs,"0,2","5,4911",23.01.2024,16.03.2024,"10,1683","1,1595","0,114","0,3879"
Corylus,2025-Gamma-2,Buchs,"0,4","5,498",23.01.2024,16.03.2024,"10,1523","1,1491","0,1132","0,3882"
Corylus,2025-Gamma-2,Buchs,"0,6","5,6932",23.01.2024,16.03.2024,"9,7799","1,0375","0,1061","0,3969"
Corylus,2025-Gamma-2,Buchs,"0,75","6,0052",23.01.2024,16.03.2024,"9,2532","0,9072","0,098","0,4078"
Corylus,2025-Gamma-2,Buchs,"0,8","6,1431",23.01.2024,16.03.2024,"9,0365","0,857","0,0948","0,4104"
Corylus,2025-Gamma-2,Buchs,"0,85","6,3159",23.01.2024,16.03.2024,"8,778","0,7985","0,091","0,4174"
Corylus,2025-Gamma-2,Buchs,"0,9","6,5593",23.01.2024,16.03.2024,"8,4337","0,7212","0,0855","0,4213"
Corylus,2025-Gamma-2,Buchs,"0,91","6,6301",23.01.2024,16.03.2024,"8,3437","0,7013","0,084","0,422"
Corylus,2025-Gamma-2,Buchs,"0,92","6,7026",23.01.2024,16.03.2024,"8,2496","0,682","0,0827","0,4243"
Corylus,2025-Gamma-2,Buchs,"0,93","6,7836",23.01.2024,16.03.2024,"8,1497","0,6613","0,0811","0,4256"
Corylus,2025-Gamma-2,Buchs,"0,94","6,8805",23.01.2024,16.03.2024,"8,031","0,6379","0,0794","0,4293"
Corylus,2025-Gamma-2,Buchs,"0,95","7,001",23.01.2024,16.03.2024,"7,8943","0,6107","0,0774","0,4305"
Corylus,2025-Gamma-2,Buchs,"0,96","7,1538",23.01.2024,16.03.2024,"7,7217","0,5791","0,075","0,4325"
Corylus,2025-Gamma-2,Buchs,"0,97","7,3669",23.01.2024,16.03.2024,"7,5014","0,543","0,0724","0,4351"
Corylus,2025-Gamma-2,Buchs,"0,98","7,661",23.01.2024,16.03.2024,"7,1995","0,4983","0,0692","0,4306"
Corylus,2025-Gamma-2,Buchs,"0,99","8,251",23.01.2024,16.03.2024,"6,6825","0,4212","0,063","0,4397"
Corylus,2025-Gamma-2,Buchs,"0,999","10,8558",23.01.2024,16.03.2024,"5,0547","0,2374","0,047","0,4637"
Corylus,2025-Gamma-2,Buchs,"0,9999","15,25",23.01.2024,16.03.2024,"3,573","0,1227","0,0343","0,4886"
Corylus,2025-Gamma-2,Buchs,1,"23,0921",23.01.2024,16.03.2024,"2,34","0,055","0,0235","0,5153"
Corylus,2025-Gamma-2,Buchs,1,"39,9578",23.01.2024,16.03.2024,"1,3282","0,0206","0,0155","0,5649"
Corylus,2025-Gamma-2,Buchs,1,"63,8659",23.01.2024,16.03.2024,"0,8041","0,0092","0,0115","0,6099"
Cupressaceae,2025-Gamma-2,Buchs,0,"0,7329",03.04.2024,12.04.2024,"14,4897","6,1783","0,4264","0,1923"
Cupressaceae,2025-Gamma-2,Buchs,"0,2","0,7329",03.04.2024,12.04.2024,"14,4897","6,1783","0,4264","0,1923"
Cupressaceae,2025-Gamma-2,Buchs,"0,4","0,7357",03.04.2024,12.04.2024,"14,3803","6,1462","0,4274","0,1915"
Cupressaceae,2025-Gamma-2,Buchs,"0,6","0,7774",03.04.2024,12.04.2024,"13,3821","5,7729","0,4314","0,1901"
Cupressaceae,2025-Gamma-2,Buchs,"0,75","0,8332",03.04.2024,12.04.2024,"12,3074","5,3129","0,4317","0,1865"
Cupressaceae,2025-Gamma-2,Buchs,"0,8","0,8613",03.04.2024,12.04.2024,"11,8317","5,1229","0,433","0,1867"
Cupressaceae,2025-Gamma-2,Buchs,"0,85","0,8873",03.04.2024,12.04.2024,"11,3352","4,9062","0,4328","0,1836"
Cupressaceae,2025-Gamma-2,Buchs,"0,9","0,9351",03.04.2024,12.04.2024,"10,646","4,6289","0,4348","0,1824"
Cupressaceae,2025-Gamma-2,Buchs,"0,91","0,9463",03.04.2024,12.04.2024,"10,5175","4,5592","0,4335","0,1829"
Cupressaceae,2025-Gamma-2,Buchs,"0,92","0,9551",03.04.2024,12.04.2024,"10,3734","4,4863","0,4325","0,1812"
Cupressaceae,2025-Gamma-2,Buchs,"0,93","0,9657",03.04.2024,12.04.2024,"10,1772","4,4009","0,4324","0,1803"
Cupressaceae,2025-Gamma-2,Buchs,"0,94","0,979",03.04.2024,12.04.2024,"9,9445","4,3055","0,433","0,1816"
Cupressaceae,2025-Gamma-2,Buchs,"0,95","1,001",03.04.2024,12.04.2024,"9,6772","4,1958","0,4336","0,1817"
Cupressaceae,2025-Gamma-2,Buchs,"0,96","1,026",03.04.2024,12.04.2024,"9,3716","4,0667","0,4339","0,1804"
Cupressaceae,2025-Gamma-2,Buchs,"0,97","1,0599",03.04.2024,12.04.2024,"9,0105","3,9052","0,4334","0,1794"
Cupressaceae,2025-Gamma-2,Buchs,"0,98","1,1116",03.04.2024,12.04.2024,"8,5348","3,68","0,4312","0,175"
Cupressaceae,2025-Gamma-2,Buchs,"0,99","1,1974",03.04.2024,12.04.2024,"7,7275","3,3255","0,4304","0,1736"
Cupressaceae,2025-Gamma-2,Buchs,"0,999","1,6743",03.04.2024,12.04.2024,"5,3004","2,2871","0,4315","0,1681"
Cupressaceae,2025-Gamma-2,Buchs,"0,9999","2,6439",03.04.2024,12.04.2024,"3,3004","1,4594","0,4422","0,1696"
Cupressaceae,2025-Gamma-2,Buchs,1,"4,6023",03.04.2024,12.04.2024,"1,8993","0,8442","0,4445","0,162"
Cupressaceae,2025-Gamma-2,Buchs,1,"10,3206",03.04.2024,12.04.2024,"0,8698","0,4171","0,4795","0,1355"
Cupressaceae,2025-Gamma-2,Buchs,1,"23,5005",03.04.2024,12.04.2024,"0,4062","0,2112","0,5199","0,1156"
Fagus,2025-Gamma-2,Buchs,0,"3,9382",05.04.2024,19.05.2024,"5,4565","1,386","0,254","0,3682"
Fagus,2025-Gamma-2,Buchs,"0,2","3,9382",05.04.2024,19.05.2024,"5,4565","1,386","0,254","0,3682"
Fagus,2025-Gamma-2,Buchs,"0,4","3,9636",05.04.2024,19.05.2024,"5,4148","1,3648","0,2521","0,3698"
Fagus,2025-Gamma-2,Buchs,"0,6","4,2566",05.04.2024,19.05.2024,"5,0085","1,1591","0,2314","0,3828"
Fagus,2025-Gamma-2,Buchs,"0,75","4,6731",05.04.2024,19.05.2024,"4,5417","0,9586","0,2111","0,3967"
Fagus,2025-Gamma-2,Buchs,"0,8","4,8392",05.04.2024,19.05.2024,"4,3724","0,8875","0,203","0,4028"
Fagus,2025-Gamma-2,Buchs,"0,85","5,0391",05.04.2024,19.05.2024,"4,1903","0,8071","0,1926","0,409"
Fagus,2025-Gamma-2,Buchs,"0,9","5,3045",05.04.2024,19.05.2024,"3,9615","0,7141","0,1803","0,4153"
Fagus,2025-Gamma-2,Buchs,"0,91","5,3808",05.04.2024,19.05.2024,"3,9005","0,6928","0,1776","0,4173"
Fagus,2025-Gamma-2,Buchs,"0,92","5,4662",05.04.2024,19.05.2024,"3,8434","0,6708","0,1745","0,4176"
Fagus,2025-Gamma-2,Buchs,"0,93","5,5536",05.04.2024,19.05.2024,"3,7848","0,6434","0,17","0,4186"
Fagus,2025-Gamma-2,Buchs,"0,94","5,6551",05.04.2024,19.05.2024,"3,7103","0,6158","0,166","0,4232"
Fagus,2025-Gamma-2,Buchs,"0,95","5,799",05.04.2024,19.05.2024,"3,6208","0,5822","0,1608","0,4255"
Fagus,2025-Gamma-2,Buchs,"0,96","5,963",05.04.2024,19.05.2024,"3,5259","0,542","0,1537","0,4294"
Fagus,2025-Gamma-2,Buchs,"0,97","6,1664",05.04.2024,19.05.2024,"3,4121","0,4952","0,1451","0,4355"
Fagus,2025-Gamma-2,Buchs,"0,98","6,4318",05.04.2024,19.05.2024,"3,2528","0,443","0,1362","0,44"
Fagus,2025-Gamma-2,Buchs,"0,99","6,9245",05.04.2024,19.05.2024,"3,0274","0,3604","0,1191","0,4547"
Fagus,2025-Gamma-2,Buchs,"0,999","8,586",05.04.2024,19.05.2024,"2,4256","0,178","0,0734","0,4936"
Fagus,2025-Gamma-2,Buchs,"0,9999","10,5321",05.04.2024,19.05.2024,"1,9607","0,0899","0,0458","0,5312"
Fagus,2025-Gamma-2,Buchs,1,"12,6317",05.04.2024,19.05.2024,"1,6239","0,0459","0,0283","0,5773"
Fagus,2025-Gamma-2,Buchs,1,"14,9092",05.04.2024,19.05.2024,"1,3434","0,0221","0,0165","0,6171"
Fagus,2025-Gamma-2,Buchs,1,"17,1697",05.04.2024,19.05.2024,"1,1466","0,0127","0,0111","0,6672"
Fraxinus,2025-Gamma-2,Buchs,0,"2,7243",11.03.2024,12.04.2024,"31,378","2,7159","0,0866","0,476"
Fraxinus,2025-Gamma-2,Buchs,"0,2","2,7243",11.03.2024,12.04.2024,"31,378","2,7159","0,0866","0,476"
Fraxinus,2025-Gamma-2,Buchs,"0,4","2,7283",11.03.2024,12.04.2024,"31,319","2,6867","0,0858","0,477"
Fraxinus,2025-Gamma-2,Buchs,"0,6","2,7791",11.03.2024,12.04.2024,"30,6408","2,3895","0,078","0,4837"
Fraxinus,2025-Gamma-2,Buchs,"0,75","2,8412",11.03.2024,12.04.2024,"29,8506","2,059","0,069","0,4911"
Fraxinus,2025-Gamma-2,Buchs,"0,8","2,8649",11.03.2024,12.04.2024,"29,5517","1,9379","0,0656","0,4952"
Fraxinus,2025-Gamma-2,Buchs,"0,85","2,8937",11.03.2024,12.04.2024,"29,2082","1,8002","0,0616","0,4977"
Fraxinus,2025-Gamma-2,Buchs,"0,9","2,9335",11.03.2024,12.04.2024,"28,7468","1,6302","0,0567","0,5039"
Fraxinus,2025-Gamma-2,Buchs,"0,91","2,9439",11.03.2024,12.04.2024,"28,6305","1,5904","0,0555","0,5049"
Fraxinus,2025-Gamma-2,Buchs,"0,92","2,9535",11.03.2024,12.04.2024,"28,5195","1,5478","0,0543","0,5049"
Fraxinus,2025-Gamma-2,Buchs,"0,93","2,9652",11.03.2024,12.04.2024,"28,3785","1,4972","0,0528","0,5072"
Fraxinus,2025-Gamma-2,Buchs,"0,94","2,9779",11.03.2024,12.04.2024,"28,2385","1,4454","0,0512","0,5105"
Fraxinus,2025-Gamma-2,Buchs,"0,95","2,9925",11.03.2024,12.04.2024,"28,077","1,3862","0,0494","0,5128"
Fraxinus,2025-Gamma-2,Buchs,"0,96","3,0115",11.03.2024,12.04.2024,"27,8597","1,3195","0,0474","0,5131"
Fraxinus,2025-Gamma-2,Buchs,"0,97","3,0366",11.03.2024,12.04.2024,"27,5977","1,2409","0,045","0,5157"
Fraxinus,2025-Gamma-2,Buchs,"0,98","3,07",11.03.2024,12.04.2024,"27,2582","1,1324","0,0415","0,5198"
Fraxinus,2025-Gamma-2,Buchs,"0,99","3,1221",11.03.2024,12.04.2024,"26,7147","0,9613","0,036","0,5252"
Fraxinus,2025-Gamma-2,Buchs,"0,999","3,3072",11.03.2024,12.04.2024,"25,0063","0,5579","0,0223","0,5397"
Fraxinus,2025-Gamma-2,Buchs,"0,9999","3,514",11.03.2024,12.04.2024,"23,3622","0,3281","0,014","0,5538"
Fraxinus,2025-Gamma-2,Buchs,1,"3,7654",11.03.2024,12.04.2024,"21,6576","0,2165","0,01","0,5687"
Fraxinus,2025-Gamma-2,Buchs,1,"4,1237",11.03.2024,12.04.2024,"19,6879","0,1564","0,0079","0,5847"
Fraxinus,2025-Gamma-2,Buchs,1,"4,508",11.03.2024,12.04.2024,"17,8902","0,1268","0,0071","0,5988"
Pinaceae,2025-Gamma-2,Buchs,0,"2,4119",06.04.2024,22.04.2024,"13,3842","4,0188","0,3003","0,6882"
Pinaceae,2025-Gamma-2,Buchs,"0,2","2,4119",06.04.2024,22.04.2024,"13,3842","4,0188","0,3003","0,6882"
Pinaceae,2025-Gamma-2,Buchs,"0,4","2,4123",06.04.2024,22.04.2024,"13,3822","4,0169","0,3002","0,6886"
Pinaceae,2025-Gamma-2,Buchs,"0,6","2,4272",06.04.2024,22.04.2024,"13,2974","3,9462","0,2968","0,6906"
Pinaceae,2025-Gamma-2,Buchs,"0,75","2,447",06.04.2024,22.04.2024,"13,2004","3,8384","0,2908","0,6923"
Pinaceae,2025-Gamma-2,Buchs,"0,8","2,4563",06.04.2024,22.04.2024,"13,1585","3,7955","0,2884","0,6949"
Pinaceae,2025-Gamma-2,Buchs,"0,85","2,4663",06.04.2024,22.04.2024,"13,1023","3,7441","0,2858","0,6967"
Pinaceae,2025-Gamma-2,Buchs,"0,9","2,4808",06.04.2024,22.04.2024,"13,0186","3,6679","0,2817","0,6992"
Pinaceae,2025-Gamma-2,Buchs,"0,91","2,487",06.04.2024,22.04.2024,"12,9931","3,6475","0,2807","0,6991"
Pinaceae,2025-Gamma-2,Buchs,"0,92","2,4912",06.04.2024,22.04.2024,"12,9737","3,6257","0,2795","0,6996"
Pinaceae,2025-Gamma-2,Buchs,"0,93","2,4971",06.04.2024,22.04.2024,"12,9461","3,6018","0,2782","0,7003"
Pinaceae,2025-Gamma-2,Buchs,"0,94","2,5017",06.04.2024,22.04.2024,"12,9195","3,5757","0,2768","0,6997"
Pinaceae,2025-Gamma-2,Buchs,"0,95","2,5079",06.04.2024,22.04.2024,"12,893","3,5423","0,2747","0,6989"
Pinaceae,2025-Gamma-2,Buchs,"0,96","2,5207",06.04.2024,22.04.2024,"12,8409","3,5038","0,2729","0,6998"
Pinaceae,2025-Gamma-2,Buchs,"0,97","2,5334",06.04.2024,22.04.2024,"12,7868","3,4512","0,2699","0,7004"
Pinaceae,2025-Gamma-2,Buchs,"0,98","2,5529",06.04.2024,22.04.2024,"12,7041","3,3733","0,2655","0,6999"
Pinaceae,2025-Gamma-2,Buchs,"0,99","2,5791",06.04.2024,22.04.2024,"12,5795","3,2437","0,2579","0,7018"
Pinaceae,2025-Gamma-2,Buchs,"0,999","2,699",06.04.2024,22.04.2024,"12,0821","2,78","0,2301","0,7135"
Pinaceae,2025-Gamma-2,Buchs,"0,9999","2,8835",06.04.2024,22.04.2024,"11,4102","2,2655","0,1986","0,7204"
Pinaceae,2025-Gamma-2,Buchs,1,"3,172",06.04.2024,22.04.2024,"10,4972","1,7368","0,1655","0,7218"
Pinaceae,2025-Gamma-2,Buchs,1,"3,6113",06.04.2024,22.04.2024,"9,3483","1,2795","0,1369","0,7133"
Pinaceae,2025-Gamma-2,Buchs,1,"4,1768",06.04.2024,22.04.2024,"8,2167","0,9799","0,1193","0,7011"
Poaceae,2025-Gamma-2,Buchs,0,"8,3181",24.04.2024,03.08.2024,"15,041","2,6592","0,1768","0,7725"
Poaceae,2025-Gamma-2,Buchs,"0,2","8,3181",24.04.2024,03.08.2024,"15,041","2,6592","0,1768","0,7725"
Poaceae,2025-Gamma-2,Buchs,"0,4","8,3242",24.04.2024,03.08.2024,"15,0273","2,6495","0,1763","0,7724"
Poaceae,2025-Gamma-2,Buchs,"0,6","8,4865",24.04.2024,03.08.2024,"14,7378","2,5145","0,1706","0,7745"
Poaceae,2025-Gamma-2,Buchs,"0,75","8,7153",24.04.2024,03.08.2024,"14,3541","2,3701","0,1651","0,7781"
Poaceae,2025-Gamma-2,Buchs,"0,8","8,8064",24.04.2024,03.08.2024,"14,1998","2,3077","0,1625","0,7786"
Poaceae,2025-Gamma-2,Buchs,"0,85","8,9296",24.04.2024,03.08.2024,"14,0044","2,2327","0,1594","0,779"
Poaceae,2025-Gamma-2,Buchs,"0,9","9,0742",24.04.2024,03.08.2024,"13,7703","2,1391","0,1553","0,7809"
Poaceae,2025-Gamma-2,Buchs,"0,91","9,1132",24.04.2024,03.08.2024,"13,7098","2,115","0,1543","0,7808"
Poaceae,2025-Gamma-2,Buchs,"0,92","9,1549",24.04.2024,03.08.2024,"13,6462","2,0912","0,1532","0,7817"
Poaceae,2025-Gamma-2,Buchs,"0,93","9,2009",24.04.2024,03.08.2024,"13,5746","2,0661","0,1522","0,7826"
Poaceae,2025-Gamma-2,Buchs,"0,94","9,2605",24.04.2024,03.08.2024,"13,4841","2,0301","0,1506","0,7845"
Poaceae,2025-Gamma-2,Buchs,"0,95","9,3278",24.04.2024,03.08.2024,"13,3838","1,9937","0,149","0,7853"
Poaceae,2025-Gamma-2,Buchs,"0,96","9,4178",24.04.2024,03.08.2024,"13,2496","1,9482","0,147","0,7864"
Poaceae,2025-Gamma-2,Buchs,"0,97","9,5258",24.04.2024,03.08.2024,"13,0901","1,893","0,1446","0,7877"
Poaceae,2025-Gamma-2,Buchs,"0,98","9,6781",24.04.2024,03.08.2024,"12,8753","1,8269","0,1419","0,7901"
Poaceae,2025-Gamma-2,Buchs,"0,99","9,9665",24.04.2024,03.08.2024,"12,5027","1,7124","0,137","0,7922"
Poaceae,2025-Gamma-2,Buchs,"0,999","10,9546",24.04.2024,03.08.2024,"11,3672","1,3803","0,1214","0,8035"
Poaceae,2025-Gamma-2,Buchs,"0,9999","12,1213",24.04.2024,03.08.2024,"10,2472","1,1223","0,1095","0,8111"
Poaceae,2025-Gamma-2,Buchs,1,"13,6595",24.04.2024,03.08.2024,"9,0829","0,8969","0,0987","0,8172"
Poaceae,2025-Gamma-2,Buchs,1,"15,6713",24.04.2024,03.08.2024,"7,8981","0,6987","0,0885","0,8226"
Poaceae,2025-Gamma-2,Buchs,1,"17,7172",24.04.2024,03.08.2024,"6,9824","0,5764","0,0825","0,8307"
Populus,2025-Gamma-2,Buchs,0,"4,1971",15.02.2024,24.02.2024,"3,224","3,6013","1,117","-0,0269"
Populus,2025-Gamma-2,Buchs,"0,2","4,1971",15.02.2024,24.02.2024,"3,224","3,6013","1,117","-0,0269"
Populus,2025-Gamma-2,Buchs,"0,4","4,2673",15.02.2024,24.02.2024,"3,1771","3,5611","1,1209","-0,0275"
Populus,2025-Gamma-2,Buchs,"0,6","4,8755",15.02.2024,24.02.2024,"2,8195","3,1555","1,1192","-0,0296"
Populus,2025-Gamma-2,Buchs,"0,75","5,6478",15.02.2024,24.02.2024,"2,434","2,7195","1,1173","-0,0338"
Populus,2025-Gamma-2,Buchs,"0,8","6,0346",15.02.2024,24.02.2024,"2,2726","2,5594","1,1262","-0,0335"
Populus,2025-Gamma-2,Buchs,"0,85","6,5825",15.02.2024,24.02.2024,"2,0903","2,3699","1,1338","-0,0344"
Populus,2025-Gamma-2,Buchs,"0,9","7,4677",15.02.2024,24.02.2024,"1,849","2,1381","1,1564","-0,0358"
Populus,2025-Gamma-2,Buchs,"0,91","7,6242",15.02.2024,24.02.2024,"1,809","2,084","1,152","-0,0355"
Populus,2025-Gamma-2,Buchs,"0,92","7,8983",15.02.2024,24.02.2024,"1,7604","2,0238","1,1496","-0,0361"
Populus,2025-Gamma-2,Buchs,"0,93","8,1319",15.02.2024,24.02.2024,"1,7136","1,959","1,1432","-0,0361"
Populus,2025-Gamma-2,Buchs,"0,94","8,5471",15.02.2024,24.02.2024,"1,6337","1,891","1,1575","-0,035"
Populus,2025-Gamma-2,Buchs,"0,95","8,9156",15.02.2024,24.02.2024,"1,5729","1,8102","1,1508","-0,0363"
Populus,2025-Gamma-2,Buchs,"0,96","9,5729",15.02.2024,24.02.2024,"1,4757","1,7129","1,1607","-0,0368"
Populus,2025-Gamma-2,Buchs,"0,97","10,2835",15.02.2024,24.02.2024,"1,3802","1,6025","1,161","-0,0371"
Populus,2025-Gamma-2,Buchs,"0,98","11,0742",15.02.2024,24.02.2024,"1,257","1,4486","1,1525","-0,0383"
Populus,2025-Gamma-2,Buchs,"0,99","13,5179",15.02.2024,24.02.2024,"1,0452","1,2323","1,1791","-0,0453"
Populus,2025-Gamma-2,Buchs,"0,999","24,4777",15.02.2024,24.02.2024,"0,5799","0,7149","1,2329","-0,0514"
Populus,2025-Gamma-2,Buchs,"0,9999","42,2237",15.02.2024,24.02.2024,"0,3108","0,4125","1,3274","-0,0693"
Populus,2025-Gamma-2,Buchs,1,"76,2982",15.02.2024,24.02.2024,"0,1649","0,2398","1,4541","-0,0836"
Populus,2025-Gamma-2,Buchs,1,"155,2421",15.02.2024,24.02.2024,"0,0833","0,1333","1,5995","-0,1262"
Populus,2025-Gamma-2,Buchs,1,"197,2174",15.02.2024,24.02.2024,"0,066","0,0849","1,2862","-0,1295"
Quercus,2025-Gamma-2,Buchs,0,"4,7726",05.04.2024,17.05.2024,"8,4856","0,6819","0,0804","0,3596"
Quercus,2025-Gamma-2,Buchs,"0,2","4,7726",05.04.2024,17.05.2024,"8,4856","0,6819","0,0804","0,3596"
Quercus,2025-Gamma-2,Buchs,"0,4","4,7824",05.04.2024,17.05.2024,"8,4569","0,6712","0,0794","0,3613"
Quercus,2025-Gamma-2,Buchs,"0,6","4,9037",05.04.2024,17.05.2024,"8,1218","0,5815","0,0716","0,3663"
Quercus,2025-Gamma-2,Buchs,"0,75","5,0786",05.04.2024,17.05.2024,"7,7168","0,4893","0,0634","0,3696"
Quercus,2025-Gamma-2,Buchs,"0,8","5,1486",05.04.2024,17.05.2024,"7,5662","0,457","0,0604","0,3714"
Quercus,2025-Gamma-2,Buchs,"0,85","5,2312",05.04.2024,17.05.2024,"7,3959","0,42","0,0568","0,3776"
Quercus,2025-Gamma-2,Buchs,"0,9","5,3394",05.04.2024,17.05.2024,"7,1653","0,3738","0,0522","0,3848"
Quercus,2025-Gamma-2,Buchs,"0,91","5,3678",05.04.2024,17.05.2024,"7,1169","0,3636","0,0511","0,3856"
Quercus,2025-Gamma-2,Buchs,"0,92","5,4025",05.04.2024,17.05.2024,"7,0494","0,3531","0,0501","0,3866"
Quercus,2025-Gamma-2,Buchs,"0,93","5,4434",05.04.2024,17.05.2024,"6,9864","0,3391","0,0485","0,3898"
Quercus,2025-Gamma-2,Buchs,"0,94","5,4806",05.04.2024,17.05.2024,"6,9174","0,3254","0,047","0,3908"
Quercus,2025-Gamma-2,Buchs,"0,95","5,5405",05.04.2024,17.05.2024,"6,8161","0,3091","0,0454","0,3954"
Quercus,2025-Gamma-2,Buchs,"0,96","5,6049",05.04.2024,17.05.2024,"6,7066","0,2917","0,0435","0,4003"
Quercus,2025-Gamma-2,Buchs,"0,97","5,7007",05.04.2024,17.05.2024,"6,5637","0,2678","0,0408","0,4042"
Quercus,2025-Gamma-2,Buchs,"0,98","5,812",05.04.2024,17.05.2024,"6,3732","0,2397","0,0376","0,407"
Quercus,2025-Gamma-2,Buchs,"0,99","6,0399",05.04.2024,17.05.2024,"6,076","0,2024","0,0333","0,4167"
Quercus,2025-Gamma-2,Buchs,"0,999","6,9982",05.04.2024,17.05.2024,"5,0804","0,1095","0,0216","0,4373"
Quercus,2025-Gamma-2,Buchs,"0,9999","8,4446",05.04.2024,17.05.2024,"4,1","0,0571","0,0139","0,4491"
Quercus,2025-Gamma-2,Buchs,1,"10,94",05.04.2024,17.05.2024,"3,1089","0,0259","0,0083","0,4564"
Quercus,2025-Gamma-2,Buchs,1,"15,5684",05.04.2024,17.05.2024,"2,1197","0,0111","0,0052","0,5195"
Quercus,2025-Gamma-2,Buchs,1,"22,4018",05.04.2024,17.05.2024,"1,4454","0,006","0,0042","0,5558"
Taxus,2025-Gamma-2,Buchs,0,"3,1699",09.02.2024,07.03.2024,"37,6737","3,7424","0,0993","0,3338"
Taxus,2025-Gamma-2,Buchs,"0,2","3,1699",09.02.2024,07.03.2024,"37,6737","3,7424","0,0993","0,3338"
Taxus,2025-Gamma-2,Buchs,"0,4","3,1718",09.02.2024,07.03.2024,"37,6414","3,7085","0,0985","0,3356"
Taxus,2025-Gamma-2,Buchs,"0,6","3,1937",09.02.2024,07.03.2024,"37,2471","3,3833","0,0908","0,3418"
Taxus,2025-Gamma-2,Buchs,"0,75","3,2287",09.02.2024,07.03.2024,"36,6891","3,0162","0,0822","0,353"
Taxus,2025-Gamma-2,Buchs,"0,8","3,2426",09.02.2024,07.03.2024,"36,4466","2,8684","0,0787","0,3564"
Taxus,2025-Gamma-2,Buchs,"0,85","3,2605",09.02.2024,07.03.2024,"36,1688","2,7075","0,0749","0,3596"
Taxus,2025-Gamma-2,Buchs,"0,9","3,2826",09.02.2024,07.03.2024,"35,8123","2,489","0,0695","0,3665"
Taxus,2025-Gamma-2,Buchs,"0,91","3,2877",09.02.2024,07.03.2024,"35,7162","2,4403","0,0683","0,3667"
Taxus,2025-Gamma-2,Buchs,"0,92","3,2951",09.02.2024,07.03.2024,"35,6095","2,3848","0,067","0,3675"
Taxus,2025-Gamma-2,Buchs,"0,93","3,303",09.02.2024,07.03.2024,"35,4979","2,3259","0,0655","0,3701"
Taxus,2025-Gamma-2,Buchs,"0,94","3,314",09.02.2024,07.03.2024,"35,3355","2,2544","0,0638","0,3739"
Taxus,2025-Gamma-2,Buchs,"0,95","3,324",09.02.2024,07.03.2024,"35,1854","2,1781","0,0619","0,3774"
Taxus,2025-Gamma-2,Buchs,"0,96","3,3383",09.02.2024,07.03.2024,"34,9889","2,087","0,0596","0,3797"
Taxus,2025-Gamma-2,Buchs,"0,97","3,355",09.02.2024,07.03.2024,"34,7489","1,9787","0,0569","0,3848"
Taxus,2025-Gamma-2,Buchs,"0,98","3,3816",09.02.2024,07.03.2024,"34,4017","1,8294","0,0532","0,3913"
Taxus,2025-Gamma-2,Buchs,"0,99","3,438",09.02.2024,07.03.2024,"33,7333","1,5966","0,0473","0,4003"
Taxus,2025-Gamma-2,Buchs,"0,999","3,6625",09.02.2024,07.03.2024,"31,3417","0,9873","0,0315","0,433"
Taxus,2025-Gamma-2,Buchs,"0,9999","4,0037",09.02.2024,07.03.2024,"28,3673","0,5799","0,0204","0,4653"
Taxus,2025-Gamma-2,Buchs,1,"4,5713",09.02.2024,07.03.2024,"24,5341","0,3229","0,0132","0,492"
Taxus,2025-Gamma-2,Buchs,1,"5,6094",09.02.2024,07.03.2024,"19,7652","0,1738","0,0088","0,5058"
Taxus,2025-Gamma-2,Buchs,1,"7,0744",09.02.2024,07.03.2024,"15,545","0,1039","0,0067","0,5133"
Pinaceae,2025-Gamma-2,Payerne,0,"3,6327",04.05.2024,22.05.2024,"11,4118","1,7242","0,1511","0,7073"
Pinaceae,2025-Gamma-2,Payerne,"0,2","3,6327",04.05.2024,22.05.2024,"11,4118","1,7242","0,1511","0,7073"
Pinaceae,2025-Gamma-2,Payerne,"0,4","3,6344",04.05.2024,22.05.2024,"11,4072","1,7211","0,1509","0,7074"
Pinaceae,2025-Gamma-2,Payerne,"0,6","3,6826",04.05.2024,22.05.2024,"11,2683","1,6893","0,1499","0,7048"
Pinaceae,2025-Gamma-2,Payerne,"0,75","3,7449",04.05.2024,22.05.2024,"11,0801","1,6479","0,1487","0,7033"
Pinaceae,2025-Gamma-2,Payerne,"0,8","3,7844",04.05.2024,22.05.2024,"10,9796","1,6309","0,1485","0,7011"
Pinaceae,2025-Gamma-2,Payerne,"0,85","3,8193",04.05.2024,22.05.2024,"10,8882","1,609","0,1478","0,7037"
Pinaceae,2025-Gamma-2,Payerne,"0,9","3,8763",04.05.2024,22.05.2024,"10,7392","1,5773","0,1469","0,702"
Pinaceae,2025-Gamma-2,Payerne,"0,91","3,8898",04.05.2024,22.05.2024,"10,7","1,5685","0,1466","0,7021"
Pinaceae,2025-Gamma-2,Payerne,"0,92","3,9119",04.05.2024,22.05.2024,"10,6524","1,5598","0,1464","0,7017"
Pinaceae,2025-Gamma-2,Payerne,"0,93","3,9296",04.05.2024,22.05.2024,"10,6013","1,5523","0,1464","0,7004"
Pinaceae,2025-Gamma-2,Payerne,"0,94","3,9511",04.05.2024,22.05.2024,"10,551","1,5454","0,1465","0,7025"
Pinaceae,2025-Gamma-2,Payerne,"0,95","3,9719",04.05.2024,22.05.2024,"10,4962","1,5349","0,1462","0,7023"
Pinaceae,2025-Gamma-2,Payerne,"0,96","4,0104",04.05.2024,22.05.2024,"10,4112","1,5213","0,1461","0,702"
Pinaceae,2025-Gamma-2,Payerne,"0,97","4,0486",04.05.2024,22.05.2024,"10,3107","1,5043","0,1459","0,7028"
Pinaceae,2025-Gamma-2,Payerne,"0,98","4,1178",04.05.2024,22.05.2024,"10,159","1,4827","0,1459","0,7023"
Pinaceae,2025-Gamma-2,Payerne,"0,99","4,2355",04.05.2024,22.05.2024,"9,9087","1,4381","0,1451","0,7049"
Pinaceae,2025-Gamma-2,Payerne,"0,999","4,746",04.05.2024,22.05.2024,"8,8843","1,2839","0,1445","0,7091"
Pinaceae,2025-Gamma-2,Payerne,"0,9999","5,5013",04.05.2024,22.05.2024,"7,6791","1,116","0,1453","0,7175"
Pinaceae,2025-Gamma-2,Payerne,1,"6,7924",04.05.2024,22.05.2024,"6,2043","0,898","0,1447","0,7084"
Pinaceae,2025-Gamma-2,Payerne,1,"9,3826",04.05.2024,22.05.2024,"4,5239","0,6181","0,1366","0,7172"
Pinaceae,2025-Gamma-2,Payerne,1,"12,8331",04.05.2024,22.05.2024,"3,2319","0,3885","0,1202","0,7177"
Poaceae,2025-Gamma-2,Payerne,0,"4,525",06.05.2024,04.08.2024,"18,5214","4,7159","0,2546","0,8"
Poaceae,2025-Gamma-2,Payerne,"0,2","4,525",06.05.2024,04.08.2024,"18,5214","4,7159","0,2546","0,8"
Poaceae,2025-Gamma-2,Payerne,"0,4","4,5274",06.05.2024,04.08.2024,"18,5102","4,7096","0,2544","0,7998"
Poaceae,2025-Gamma-2,Payerne,"0,6","4,5942",06.05.2024,04.08.2024,"18,2138","4,5573","0,2502","0,8005"
Poaceae,2025-Gamma-2,Payerne,"0,75","4,6898",06.05.2024,04.08.2024,"17,8211","4,3277","0,2428","0,7994"
Poaceae,2025-Gamma-2,Payerne,"0,8","4,7312",06.05.2024,04.08.2024,"17,6517","4,2543","0,241","0,7999"
Poaceae,2025-Gamma-2,Payerne,"0,85","4,7772",06.05.2024,04.08.2024,"17,4715","4,1549","0,2378","0,8011"
Poaceae,2025-Gamma-2,Payerne,"0,9","4,8444",06.05.2024,04.08.2024,"17,2175","4,0349","0,2344","0,8004"
Poaceae,2025-Gamma-2,Payerne,"0,91","4,8629",06.05.2024,04.08.2024,"17,1484","3,9978","0,2331","0,8013"
Poaceae,2025-Gamma-2,Payerne,"0,92","4,8827",06.05.2024,04.08.2024,"17,0762","3,9631","0,2321","0,8002"
Poaceae,2025-Gamma-2,Payerne,"0,93","4,9066",06.05.2024,04.08.2024,"16,9928","3,9236","0,2309","0,7998"
Poaceae,2025-Gamma-2,Payerne,"0,94","4,9333",06.05.2024,04.08.2024,"16,9","3,8605","0,2284","0,7987"
Poaceae,2025-Gamma-2,Payerne,"0,95","4,9623",06.05.2024,04.08.2024,"16,7968","3,8021","0,2264","0,7977"
Poaceae,2025-Gamma-2,Payerne,"0,96","4,9977",06.05.2024,04.08.2024,"16,6676","3,7492","0,2249","0,7986"
Poaceae,2025-Gamma-2,Payerne,"0,97","5,0486",06.05.2024,04.08.2024,"16,4886","3,679","0,2231","0,799"
Poaceae,2025-Gamma-2,Payerne,"0,98","5,1192",06.05.2024,04.08.2024,"16,2506","3,5898","0,2209","0,7996"
Poaceae,2025-Gamma-2,Payerne,"0,99","5,2364",06.05.2024,04.08.2024,"15,8631","3,443","0,217","0,7983"
Poaceae,2025-Gamma-2,Payerne,"0,999","5,6851",06.05.2024,04.08.2024,"14,561","2,9845","0,205","0,8011"
Poaceae,2025-Gamma-2,Payerne,"0,9999","6,2363",06.05.2024,04.08.2024,"13,2248","2,5915","0,196","0,7971"
Poaceae,2025-Gamma-2,Payerne,1,"6,9552",06.05.2024,04.08.2024,"11,8252","2,2072","0,1867","0,7952"
Poaceae,2025-Gamma-2,Payerne,1,"7,9683",06.05.2024,04.08.2024,"10,3151","1,8782","0,1821","0,7965"
Poaceae,2025-Gamma-2,Payerne,1,"8,967",06.05.2024,04.08.2024,"9,1769","1,5917","0,1734","0,7965"
Quercus,2025-Gamma-2,Payerne,0,"12,4617",03.05.2024,18.06.2024,"0,4843","0,2015","0,416","0,3636"
Quercus,2025-Gamma-2,Payerne,"0,2","12,4617",03.05.2024,18.06.2024,"0,4843","0,2015","0,416","0,3636"
Quercus,2025-Gamma-2,Payerne,"0,4","12,585",03.05.2024,18.06.2024,"0,4791","0,1984","0,4141","0,369"
Quercus,2025-Gamma-2,Payerne,"0,6","13,4947",03.05.2024,18.06.2024,"0,4378","0,1752","0,4001","0,3606"
Quercus,2025-Gamma-2,Payerne,"0,75","14,8409",03.05.2024,18.06.2024,"0,3894","0,1469","0,3772","0,3692"
Quercus,2025-Gamma-2,Payerne,"0,8","15,5964",03.05.2024,18.06.2024,"0,3709","0,1379","0,3718","0,369"
Quercus,2025-Gamma-2,Payerne,"0,85","16,2825",03.05.2024,18.06.2024,"0,3491","0,1289","0,3694","0,3674"
Quercus,2025-Gamma-2,Payerne,"0,9","17,5335",03.05.2024,18.06.2024,"0,3192","0,1177","0,3689","0,3333"
Quercus,2025-Gamma-2,Payerne,"0,91","17,6955",03.05.2024,18.06.2024,"0,3151","0,1141","0,3621","0,3388"
Quercus,2025-Gamma-2,Payerne,"0,92","18,1361",03.05.2024,18.06.2024,"0,3055","0,1102","0,3607","0,3292"
Quercus,2025-Gamma-2,Payerne,"0,93","18,4202",03.05.2024,18.06.2024,"0,2989","0,1064","0,356","0,3352"
Quercus,2025-Gamma-2,Payerne,"0,94","18,7415",03.05.2024,18.06.2024,"0,2896","0,1041","0,3596","0,3121"
Quercus,2025-Gamma-2,Payerne,"0,95","19,2148",03.05.2024,18.06.2024,"0,2811","0,1005","0,3574","0,318"
Quercus,2025-Gamma-2,Payerne,"0,96","19,7015",03.05.2024,18.06.2024,"0,2704","0,0954","0,3529","0,3105"
Quercus,2025-Gamma-2,Payerne,"0,97","20,6383",03.05.2024,18.06.2024,"0,2549","0,089","0,3491","0,3002"
Quercus,2025-Gamma-2,Payerne,"0,98","21,6172",03.05.2024,18.06.2024,"0,2368","0,0814","0,3438","0,2942"
Quercus,2025-Gamma-2,Payerne,"0,99","23,5598",03.05.2024,18.06.2024,"0,2102","0,0722","0,3434","0,284"
Quercus,2025-Gamma-2,Payerne,"0,999","34,3866",03.05.2024,18.06.2024,"0,1359","0,0402","0,2956","0,3015"
Quercus,2025-Gamma-2,Payerne,"0,9999","59,6257",03.05.2024,18.06.2024,"0,0787","0,0225","0,2858","0,3331"
Quercus,2025-Gamma-2,Payerne,1,"92,1263",03.05.2024,18.06.2024,"0,0462","0,0093","0,2019","0,3472"
Quercus,2025-Gamma-2,Payerne,1,"155,7333",03.05.2024,18.06.2024,"0,0236","0,0042","0,1777","0,3411"
Quercus,2025-Gamma-2,Payerne,1,"277,261",03.05.2024,18.06.2024,"0,0129","0,0025","0,1949","0,3601"
Alnus,2025-Gamma-2,Neuchatel,0,"5,4353",03.02.2024,26.02.2024,"8,0761","0,3455","0,0428","0,5961"
Alnus,2025-Gamma-2,Neuchatel,"0,2","5,4353",03.02.2024,26.02.2024,"8,0761","0,3455","0,0428","0,5961"
Alnus,2025-Gamma-2,Neuchatel,"0,4","5,4476",03.02.2024,26.02.2024,"8,0609","0,3413","0,0423","0,5993"
Alnus,2025-Gamma-2,Neuchatel,"0,6","5,7402",03.02.2024,26.02.2024,"7,598","0,3014","0,0397","0,611"
Alnus,2025-Gamma-2,Neuchatel,"0,75","6,3228",03.02.2024,26.02.2024,"6,8695","0,2589","0,0377","0,6127"
Alnus,2025-Gamma-2,Neuchatel,"0,8","6,5702",03.02.2024,26.02.2024,"6,583","0,242","0,0368","0,6162"
Alnus,2025-Gamma-2,Neuchatel,"0,85","6,8384",03.02.2024,26.02.2024,"6,2835","0,2251","0,0358","0,6171"
Alnus,2025-Gamma-2,Neuchatel,"0,9","7,3605",03.02.2024,26.02.2024,"5,8394","0,2029","0,0347","0,6209"
Alnus,2025-Gamma-2,Neuchatel,"0,91","7,4691",03.02.2024,26.02.2024,"5,7446","0,1975","0,0344","0,6235"
Alnus,2025-Gamma-2,Neuchatel,"0,92","7,647",03.02.2024,26.02.2024,"5,6245","0,1923","0,0342","0,6227"
Alnus,2025-Gamma-2,Neuchatel,"0,93","7,8266",03.02.2024,26.02.2024,"5,4835","0,185","0,0337","0,6244"
Alnus,2025-Gamma-2,Neuchatel,"0,94","8,029",03.02.2024,26.02.2024,"5,3236","0,1785","0,0335","0,625"
Alnus,2025-Gamma-2,Neuchatel,"0,95","8,3124",03.02.2024,26.02.2024,"5,1485","0,1701","0,033","0,6279"
Alnus,2025-Gamma-2,Neuchatel,"0,96","8,6841",03.02.2024,26.02.2024,"4,9272","0,161","0,0327","0,6215"
Alnus,2025-Gamma-2,Neuchatel,"0,97","9,1442",03.02.2024,26.02.2024,"4,6675","0,1498","0,0321","0,6216"
Alnus,2025-Gamma-2,Neuchatel,"0,98","9,8916",03.02.2024,26.02.2024,"4,3044","0,1354","0,0314","0,6213"
Alnus,2025-Gamma-2,Neuchatel,"0,99","11,2644",03.02.2024,26.02.2024,"3,7662","0,1151","0,0306","0,6236"
Alnus,2025-Gamma-2,Neuchatel,"0,999","18,7539",03.02.2024,26.02.2024,"2,2283","0,0595","0,0267","0,6544"
Alnus,2025-Gamma-2,Neuchatel,"0,9999","32,7951",03.02.2024,26.02.2024,"1,2473","0,0299","0,024","0,6389"
Alnus,2025-Gamma-2,Neuchatel,1,"65,5503",03.02.2024,26.02.2024,"0,6207","0,015","0,0242","0,6458"
Alnus,2025-Gamma-2,Neuchatel,1,"137,4111",03.02.2024,26.02.2024,"0,2908","0,0055","0,0191","0,6519"
Alnus,2025-Gamma-2,Neuchatel,1,"272,3927",03.02.2024,26.02.2024,"0,1454","0,0025","0,0171","0,5259"
Betula,2025-Gamma-2,Neuchatel,0,"7,7305",22.03.2024,18.04.2024,"9,6716","0,6397","0,0661","0,595"
Betula,2025-Gamma-2,Neuchatel,"0,2","7,7305",22.03.2024,18.04.2024,"9,6716","0,6397","0,0661","0,595"
Betula,2025-Gamma-2,Neuchatel,"0,4","7,8026",22.03.2024,18.04.2024,"9,5804","0,6292","0,0657","0,5968"
Betula,2025-Gamma-2,Neuchatel,"0,6","8,719",22.03.2024,18.04.2024,"8,5784","0,5281","0,0616","0,6041"
Betula,2025-Gamma-2,Neuchatel,"0,75","10,001",22.03.2024,18.04.2024,"7,4921","0,439","0,0586","0,6049"
Betula,2025-Gamma-2,Neuchatel,"0,8","10,6087",22.03.2024,18.04.2024,"7,0736","0,4002","0,0566","0,6094"
Betula,2025-Gamma-2,Neuchatel,"0,85","11,3411",22.03.2024,18.04.2024,"6,6098","0,3583","0,0542","0,6109"
Betula,2025-Gamma-2,Neuchatel,"0,9","12,4923",22.03.2024,18.04.2024,"5,9947","0,3095","0,0516","0,6114"
Betula,2025-Gamma-2,Neuchatel,"0,91","12,8235",22.03.2024,18.04.2024,"5,8403","0,2998","0,0513","0,609"
Betula,2025-Gamma-2,Neuchatel,"0,92","13,1388",22.03.2024,18.04.2024,"5,6865","0,287","0,0505","0,6105"
Betula,2025-Gamma-2,Neuchatel,"0,93","13,5299",22.03.2024,18.04.2024,"5,5271","0,2754","0,0498","0,6097"
Betula,2025-Gamma-2,Neuchatel,"0,94","14,0041",22.03.2024,18.04.2024,"5,3243","0,2629","0,0494","0,6107"
Betula,2025-Gamma-2,Neuchatel,"0,95","14,6787",22.03.2024,18.04.2024,"5,098","0,2474","0,0485","0,6145"
Betula,2025-Gamma-2,Neuchatel,"0,96","15,5313",22.03.2024,18.04.2024,"4,8147","0,2274","0,0472","0,6129"
Betula,2025-Gamma-2,Neuchatel,"0,97","16,5222",22.03.2024,18.04.2024,"4,5108","0,204","0,0452","0,6163"
Betula,2025-Gamma-2,Neuchatel,"0,98","18,1756",22.03.2024,18.04.2024,"4,0836","0,1772","0,0434","0,6188"
Betula,2025-Gamma-2,Neuchatel,"0,99","21,6441",22.03.2024,18.04.2024,"3,4351","0,1411","0,0411","0,6199"
Betula,2025-Gamma-2,Neuchatel,"0,999","40,7756",22.03.2024,18.04.2024,"1,8118","0,0573","0,0316","0,5895"
Betula,2025-Gamma-2,Neuchatel,"0,9999","85,255",22.03.2024,18.04.2024,"0,8718","0,0242","0,0278","0,6146"
Betula,2025-Gamma-2,Neuchatel,1,"182,2709",22.03.2024,18.04.2024,"0,3956","0,0079","0,02","0,644"
Betula,2025-Gamma-2,Neuchatel,1,"396,5319",22.03.2024,18.04.2024,"0,1755","0,0037","0,021","0,6868"
Betula,2025-Gamma-2,Neuchatel,1,"726,0581",22.03.2024,18.04.2024,"0,0942","0,0017","0,0183","0,6955"
Corylus,2025-Gamma-2,Neuchatel,0,"6,3958",30.01.2024,19.02.2024,"4,9039","0,6117","0,1247","0,4428"
Corylus,2025-Gamma-2,Neuchatel,"0,2","6,3958",30.01.2024,19.02.2024,"4,9039","0,6117","0,1247","0,4428"
Corylus,2025-Gamma-2,Neuchatel,"0,4","6,418",30.01.2024,19.02.2024,"4,8799","0,6037","0,1237","0,4456"
Corylus,2025-Gamma-2,Neuchatel,"0,6","7,0274",30.01.2024,19.02.2024,"4,438","0,5183","0,1168","0,4561"
Corylus,2025-Gamma-2,Neuchatel,"0,75","8,0393",30.01.2024,19.02.2024,"3,8763","0,4281","0,1104","0,4671"
Corylus,2025-Gamma-2,Neuchatel,"0,8","8,4516",30.01.2024,19.02.2024,"3,6771","0,3969","0,1079","0,4691"
Corylus,2025-Gamma-2,Neuchatel,"0,85","9,0463",30.01.2024,19.02.2024,"3,4241","0,3577","0,1045","0,4741"
Corylus,2025-Gamma-2,Neuchatel,"0,9","9,9401",30.01.2024,19.02.2024,"3,1058","0,3138","0,101","0,4772"
Corylus,2025-Gamma-2,Neuchatel,"0,91","10,1922",30.01.2024,19.02.2024,"3,009","0,3029","0,1007","0,4744"
Corylus,2025-Gamma-2,Neuchatel,"0,92","10,4302",30.01.2024,19.02.2024,"2,9337","0,2913","0,0993","0,4761"
Corylus,2025-Gamma-2,Neuchatel,"0,93","10,7225",30.01.2024,19.02.2024,"2,8436","0,2798","0,0984","0,4715"
Corylus,2025-Gamma-2,Neuchatel,"0,94","11,1037",30.01.2024,19.02.2024,"2,7469","0,2653","0,0966","0,4725"
Corylus,2025-Gamma-2,Neuchatel,"0,95","11,5637",30.01.2024,19.02.2024,"2,6312","0,2528","0,0961","0,474"
Corylus,2025-Gamma-2,Neuchatel,"0,96","12,189",30.01.2024,19.02.2024,"2,4931","0,2371","0,0951","0,4762"
Corylus,2025-Gamma-2,Neuchatel,"0,97","13,1176",30.01.2024,19.02.2024,"2,2988","0,2155","0,0937","0,4736"
Corylus,2025-Gamma-2,Neuchatel,"0,98","14,316",30.01.2024,19.02.2024,"2,0975","0,1917","0,0914","0,4764"
Corylus,2025-Gamma-2,Neuchatel,"0,99","16,9705",30.01.2024,19.02.2024,"1,7586","0,1524","0,0867","0,4858"
Corylus,2025-Gamma-2,Neuchatel,"0,999","31,7148",30.01.2024,19.02.2024,"0,8937","0,0699","0,0782","0,5125"
Corylus,2025-Gamma-2,Neuchatel,"0,9999","68,8601",30.01.2024,19.02.2024,"0,3985","0,027","0,0679","0,4575"
Corylus,2025-Gamma-2,Neuchatel,1,"190,9854",30.01.2024,19.02.2024,"0,1405","0,0103","0,073","0,4271"
Corylus,2025-Gamma-2,Neuchatel,1,1000,30.01.2024,19.02.2024,"0,0298","0,0026","0,0861","0,4047"
Corylus,2025-Gamma-2,Neuchatel,1,1000,30.01.2024,19.02.2024,"0,0066","0,0013","0,1936","0,2876"
Cupressaceae,2025-Gamma-2,Neuchatel,0,"0,6549",02.04.2024,11.04.2024,"20,3461","5,6041","0,2754","0,4504"
Cupressaceae,2025-Gamma-2,Neuchatel,"0,2","0,6549",02.04.2024,11.04.2024,"20,3461","5,6041","0,2754","0,4504"
Cupressaceae,2025-Gamma-2,Neuchatel,"0,4","0,6559",02.04.2024,11.04.2024,"20,2002","5,5598","0,2752","0,4503"
Cupressaceae,2025-Gamma-2,Neuchatel,"0,6","0,6974",02.04.2024,11.04.2024,"18,5732","5,0594","0,2724","0,4504"
Cupressaceae,2025-Gamma-2,Neuchatel,"0,75","0,7591",02.04.2024,11.04.2024,"16,7606","4,5326","0,2704","0,4456"
Cupressaceae,2025-Gamma-2,Neuchatel,"0,8","0,7893",02.04.2024,11.04.2024,"16,0401","4,3285","0,2699","0,4432"
Cupressaceae,2025-Gamma-2,Neuchatel,"0,85","0,8203",02.04.2024,11.04.2024,"15,2693","4,0668","0,2663","0,4367"
Cupressaceae,2025-Gamma-2,Neuchatel,"0,9","0,873",02.04.2024,11.04.2024,"14,2102","3,7578","0,2644","0,434"
Cupressaceae,2025-Gamma-2,Neuchatel,"0,91","0,8894",02.04.2024,11.04.2024,"13,9341","3,6846","0,2644","0,4389"
Cupressaceae,2025-Gamma-2,Neuchatel,"0,92","0,9041",02.04.2024,11.04.2024,"13,6824","3,6045","0,2634","0,4402"
Cupressaceae,2025-Gamma-2,Neuchatel,"0,93","0,9217",02.04.2024,11.04.2024,"13,3161","3,5103","0,2636","0,4419"
Cupressaceae,2025-Gamma-2,Neuchatel,"0,94","0,9442",02.04.2024,11.04.2024,"12,9584","3,4102","0,2632","0,445"
Cupressaceae,2025-Gamma-2,Neuchatel,"0,95","0,9639",02.04.2024,11.04.2024,"12,5574","3,2906","0,262","0,447"
Cupressaceae,2025-Gamma-2,Neuchatel,"0,96","1,0014",02.04.2024,11.04.2024,"12,0956","3,1572","0,261","0,4433"
Cupressaceae,2025-Gamma-2,Neuchatel,"0,97","1,051",02.04.2024,11.04.2024,"11,4393","2,9871","0,2611","0,4449"
Cupressaceae,2025-Gamma-2,Neuchatel,"0,98","1,1261",02.04.2024,11.04.2024,"10,6425","2,765","0,2598","0,4444"
Cupressaceae,2025-Gamma-2,Neuchatel,"0,99","1,2564",02.04.2024,11.04.2024,"9,3456","2,4142","0,2583","0,4311"
Cupressaceae,2025-Gamma-2,Neuchatel,"0,999","1,9399",02.04.2024,11.04.2024,"5,7015","1,4956","0,2623","0,4135"
Cupressaceae,2025-Gamma-2,Neuchatel,"0,9999","3,4369",02.04.2024,11.04.2024,"3,1563","0,838","0,2655","0,3843"
Cupressaceae,2025-Gamma-2,Neuchatel,1,"6,47",02.04.2024,11.04.2024,"1,5747","0,4317","0,2741","0,3582"
Cupressaceae,2025-Gamma-2,Neuchatel,1,"16,5305",02.04.2024,11.04.2024,"0,6233","0,1906","0,3058","0,3043"
Cupressaceae,2025-Gamma-2,Neuchatel,1,"34,3404",02.04.2024,11.04.2024,"0,2708","0,0907","0,335","0,2447"
Fraxinus,2025-Gamma-2,Neuchatel,0,"1,0075",20.03.2024,11.04.2024,"64,6821","12,3158","0,1904","0,5206"
Fraxinus,2025-Gamma-2,Neuchatel,"0,2","1,0075",20.03.2024,11.04.2024,"64,6821","12,3158","0,1904","0,5206"
Fraxinus,2025-Gamma-2,Neuchatel,"0,4","1,0107",20.03.2024,11.04.2024,"64,4866","12,249","0,1899","0,5205"
Fraxinus,2025-Gamma-2,Neuchatel,"0,6","1,0512",20.03.2024,11.04.2024,"62,1251","11,2557","0,1812","0,5259"
Fraxinus,2025-Gamma-2,Neuchatel,"0,75","1,1015",20.03.2024,11.04.2024,"59,4127","10,0812","0,1697","0,5324"
Fraxinus,2025-Gamma-2,Neuchatel,"0,8","1,1227",20.03.2024,11.04.2024,"58,3061","9,6257","0,1651","0,5355"
Fraxinus,2025-Gamma-2,Neuchatel,"0,85","1,1478",20.03.2024,11.04.2024,"57,056","9,0894","0,1593","0,5366"
Fraxinus,2025-Gamma-2,Neuchatel,"0,9","1,181",20.03.2024,11.04.2024,"55,4732","8,4183","0,1518","0,5419"
Fraxinus,2025-Gamma-2,Neuchatel,"0,91","1,1901",20.03.2024,11.04.2024,"55,0648","8,2594","0,15","0,5445"
Fraxinus,2025-Gamma-2,Neuchatel,"0,92","1,2001",20.03.2024,11.04.2024,"54,6217","8,0859","0,148","0,5453"
Fraxinus,2025-Gamma-2,Neuchatel,"0,93","1,211",20.03.2024,11.04.2024,"54,1552","7,9002","0,1459","0,546"
Fraxinus,2025-Gamma-2,Neuchatel,"0,94","1,2232",20.03.2024,11.04.2024,"53,6359","7,6761","0,1431","0,5473"
Fraxinus,2025-Gamma-2,Neuchatel,"0,95","1,2383",20.03.2024,11.04.2024,"52,995","7,4361","0,1403","0,5495"
Fraxinus,2025-Gamma-2,Neuchatel,"0,96","1,2558",20.03.2024,11.04.2024,"52,2749","7,1579","0,1369","0,5497"
Fraxinus,2025-Gamma-2,Neuchatel,"0,97","1,2787",20.03.2024,11.04.2024,"51,3638","6,8181","0,1327","0,5531"
Fraxinus,2025-Gamma-2,Neuchatel,"0,98","1,3093",20.03.2024,11.04.2024,"50,1847","6,3819","0,1272","0,555"
Fraxinus,2025-Gamma-2,Neuchatel,"0,99","1,3638",20.03.2024,11.04.2024,"48,198","5,6883","0,118","0,5622"
Fraxinus,2025-Gamma-2,Neuchatel,"0,999","1,5429",20.03.2024,11.04.2024,"42,6085","3,863","0,0907","0,5873"
Fraxinus,2025-Gamma-2,Neuchatel,"0,9999","1,7333",20.03.2024,11.04.2024,"37,9593","2,6372","0,0695","0,6086"
Fraxinus,2025-Gamma-2,Neuchatel,1,"1,9383",20.03.2024,11.04.2024,"34,0024","1,764","0,0519","0,6287"
Fraxinus,2025-Gamma-2,Neuchatel,1,"2,1702",20.03.2024,11.04.2024,"30,4426","1,1702","0,0384","0,6457"
Fraxinus,2025-Gamma-2,Neuchatel,1,"2,3792",20.03.2024,11.04.2024,"27,8286","0,8537","0,0307","0,6428"
Platanus,2025-Gamma-2,Neuchatel,0,"3,9988",02.04.2024,18.04.2024,"14,415","0,4678","0,0325","0,5594"
Platanus,2025-Gamma-2,Neuchatel,"0,2","3,9988",02.04.2024,18.04.2024,"14,415","0,4678","0,0325","0,5594"
Platanus,2025-Gamma-2,Neuchatel,"0,4","4,0051",02.04.2024,18.04.2024,"14,3874","0,4637","0,0322","0,5607"
Platanus,2025-Gamma-2,Neuchatel,"0,6","4,1211",02.04.2024,18.04.2024,"13,9411","0,4281","0,0307","0,565"
Platanus,2025-Gamma-2,Neuchatel,"0,75","4,3062",02.04.2024,18.04.2024,"13,3008","0,3843","0,0289","0,5661"
Platanus,2025-Gamma-2,Neuchatel,"0,8","4,3886",02.04.2024,18.04.2024,"13,0261","0,3649","0,028","0,5698"
Platanus,2025-Gamma-2,Neuchatel,"0,85","4,4977",02.04.2024,18.04.2024,"12,6901","0,3455","0,0272","0,57"
Platanus,2025-Gamma-2,Neuchatel,"0,9","4,6632",02.04.2024,18.04.2024,"12,2172","0,321","0,0263","0,5721"
Platanus,2025-Gamma-2,Neuchatel,"0,91","4,699",02.04.2024,18.04.2024,"12,1233","0,3145","0,0259","0,5725"
Platanus,2025-Gamma-2,Neuchatel,"0,92","4,7459",02.04.2024,18.04.2024,"11,9926","0,3091","0,0258","0,5696"
Platanus,2025-Gamma-2,Neuchatel,"0,93","4,799",02.04.2024,18.04.2024,"11,8527","0,3023","0,0255","0,5691"
Platanus,2025-Gamma-2,Neuchatel,"0,94","4,8547",02.04.2024,18.04.2024,"11,7056","0,2921","0,025","0,5684"
Platanus,2025-Gamma-2,Neuchatel,"0,95","4,9341",02.04.2024,18.04.2024,"11,5177","0,2825","0,0245","0,5681"
Platanus,2025-Gamma-2,Neuchatel,"0,96","5,0286",02.04.2024,18.04.2024,"11,2828","0,2716","0,0241","0,57"
Platanus,2025-Gamma-2,Neuchatel,"0,97","5,1594",02.04.2024,18.04.2024,"10,9723","0,2552","0,0233","0,5718"
Platanus,2025-Gamma-2,Neuchatel,"0,98","5,3614",02.04.2024,18.04.2024,"10,5261","0,2351","0,0223","0,5828"
Platanus,2025-Gamma-2,Neuchatel,"0,99","5,7274",02.04.2024,18.04.2024,"9,7969","0,2101","0,0215","0,5817"
Platanus,2025-Gamma-2,Neuchatel,"0,999","7,2937",02.04.2024,18.04.2024,"7,5337","0,1423","0,0189","0,5978"
Platanus,2025-Gamma-2,Neuchatel,"0,9999","10,2868",02.04.2024,18.04.2024,"5,2635","0,0888","0,0169","0,6196"
Platanus,2025-Gamma-2,Neuchatel,1,"16,55",02.04.2024,18.04.2024,"3,2394","0,0534","0,0165","0,6303"
Platanus,2025-Gamma-2,Neuchatel,1,"30,1018",02.04.2024,18.04.2024,"1,7616","0,0266","0,0151","0,6318"
Platanus,2025-Gamma-2,Neuchatel,1,"51,4379",02.04.2024,18.04.2024,"1,0069","0,0143","0,0142","0,6271"
Quercus,2025-Gamma-2,Neuchatel,0,"6,6766",21.04.2024,03.05.2024,"23,3574","3,8527","0,1649","0,3894"
Quercus,2025-Gamma-2,Neuchatel,"0,2","6,6766",21.04.2024,03.05.2024,"23,3574","3,8527","0,1649","0,3894"
Quercus,2025-Gamma-2,Neuchatel,"0,4","6,6893",21.04.2024,03.05.2024,"23,3213","3,8212","0,1638","0,3909"
Quercus,2025-Gamma-2,Neuchatel,"0,6","6,8272",21.04.2024,03.05.2024,"22,8112","3,5257","0,1546","0,3942"
Quercus,2025-Gamma-2,Neuchatel,"0,75","6,9896",21.04.2024,03.05.2024,"22,1982","3,212","0,1447","0,4011"
Quercus,2025-Gamma-2,Neuchatel,"0,8","7,0845",21.04.2024,03.05.2024,"21,9044","3,0946","0,1413","0,4036"
Quercus,2025-Gamma-2,Neuchatel,"0,85","7,1783",21.04.2024,03.05.2024,"21,6119","2,9475","0,1364","0,4079"
Quercus,2025-Gamma-2,Neuchatel,"0,9","7,2998",21.04.2024,03.05.2024,"21,2099","2,7667","0,1304","0,4095"
Quercus,2025-Gamma-2,Neuchatel,"0,91","7,3303",21.04.2024,03.05.2024,"21,1205","2,7195","0,1288","0,4096"
Quercus,2025-Gamma-2,Neuchatel,"0,92","7,3657",21.04.2024,03.05.2024,"21,0056","2,6684","0,127","0,4125"
Quercus,2025-Gamma-2,Neuchatel,"0,93","7,3951",21.04.2024,03.05.2024,"20,9108","2,6187","0,1252","0,4145"
Quercus,2025-Gamma-2,Neuchatel,"0,94","7,4375",21.04.2024,03.05.2024,"20,7772","2,5588","0,1232","0,4194"
Quercus,2025-Gamma-2,Neuchatel,"0,95","7,4916",21.04.2024,03.05.2024,"20,6157","2,4883","0,1207","0,4242"
Quercus,2025-Gamma-2,Neuchatel,"0,96","7,5649",21.04.2024,03.05.2024,"20,4127","2,4054","0,1178","0,4267"
Quercus,2025-Gamma-2,Neuchatel,"0,97","7,6536",21.04.2024,03.05.2024,"20,1175","2,3051","0,1146","0,4279"
Quercus,2025-Gamma-2,Neuchatel,"0,98","7,7842",21.04.2024,03.05.2024,"19,7356","2,1853","0,1107","0,4309"
Quercus,2025-Gamma-2,Neuchatel,"0,99","8,0494",21.04.2024,03.05.2024,"19,0425","1,9863","0,1043","0,44"
Quercus,2025-Gamma-2,Neuchatel,"0,999","9,0959",21.04.2024,03.05.2024,"16,6627","1,4564","0,0874","0,475"
Quercus,2025-Gamma-2,Neuchatel,"0,9999","10,5441",21.04.2024,03.05.2024,"14,18","1,0363","0,0731","0,4983"
Quercus,2025-Gamma-2,Neuchatel,1,"13,0101",21.04.2024,03.05.2024,"11,3555","0,7116","0,0627","0,5143"
Quercus,2025-Gamma-2,Neuchatel,1,"17,3632",21.04.2024,03.05.2024,"8,3761","0,4605","0,055","0,5672"
Quercus,2025-Gamma-2,Neuchatel,1,"23,6569",21.04.2024,03.05.2024,"6,0644","0,2983","0,0492","0,5798"
Taxus,2025-Gamma-2,Neuchatel,0,"2,6725",08.02.2024,08.03.2024,"75,9786","2,8322","0,0373","0,5586"
Taxus,2025-Gamma-2,Neuchatel,"0,2","2,6725",08.02.2024,08.03.2024,"75,9786","2,8322","0,0373","0,5586"
Taxus,2025-Gamma-2,Neuchatel,"0,4","2,6768",08.02.2024,08.03.2024,"75,8208","2,8026","0,037","0,5596"
Taxus,2025-Gamma-2,Neuchatel,"0,6","2,7891",08.02.2024,08.03.2024,"72,4205","2,4859","0,0343","0,5614"
Taxus,2025-Gamma-2,Neuchatel,"0,75","2,953",08.02.2024,08.03.2024,"67,6376","2,1554","0,0319","0,5613"
Taxus,2025-Gamma-2,Neuchatel,"0,8","3,045",08.02.2024,08.03.2024,"65,6048","2,0305","0,031","0,5634"
Taxus,2025-Gamma-2,Neuchatel,"0,85","3,1554",08.02.2024,08.03.2024,"63,106","1,881","0,0298","0,5656"
Taxus,2025-Gamma-2,Neuchatel,"0,9","3,3192",08.02.2024,08.03.2024,"59,8116","1,6979","0,0284","0,5681"
Taxus,2025-Gamma-2,Neuchatel,"0,91","3,3656",08.02.2024,08.03.2024,"58,9918","1,6581","0,0281","0,5707"
Taxus,2025-Gamma-2,Neuchatel,"0,92","3,4174",08.02.2024,08.03.2024,"58,067","1,6126","0,0278","0,5728"
Taxus,2025-Gamma-2,Neuchatel,"0,93","3,4826",08.02.2024,08.03.2024,"56,9858","1,5591","0,0274","0,5727"
Taxus,2025-Gamma-2,Neuchatel,"0,94","3,5495",08.02.2024,08.03.2024,"55,8475","1,5004","0,0269","0,5769"
Taxus,2025-Gamma-2,Neuchatel,"0,95","3,6315",08.02.2024,08.03.2024,"54,4279","1,4381","0,0264","0,5769"
Taxus,2025-Gamma-2,Neuchatel,"0,96","3,7419",08.02.2024,08.03.2024,"52,7469","1,3604","0,0258","0,5807"
Taxus,2025-Gamma-2,Neuchatel,"0,97","3,8901",08.02.2024,08.03.2024,"50,5842","1,2673","0,0251","0,5824"
Taxus,2025-Gamma-2,Neuchatel,"0,98","4,1195",08.02.2024,08.03.2024,"47,6055","1,1542","0,0242","0,5833"
Taxus,2025-Gamma-2,Neuchatel,"0,99","4,5637",08.02.2024,08.03.2024,"42,6594","0,9635","0,0226","0,5933"
Taxus,2025-Gamma-2,Neuchatel,"0,999","6,7713",08.02.2024,08.03.2024,"27,9547","0,5211","0,0186","0,6091"
Taxus,2025-Gamma-2,Neuchatel,"0,9999","11,0229",08.02.2024,08.03.2024,"16,5001","0,2601","0,0158","0,6253"
Taxus,2025-Gamma-2,Neuchatel,1,"20,2242",08.02.2024,08.03.2024,"8,6406","0,1181","0,0137","0,6326"
Taxus,2025-Gamma-2,Neuchatel,1,"41,9382",08.02.2024,08.03.2024,"3,9319","0,0489","0,0124","0,6423"
Taxus,2025-Gamma-2,Neuchatel,1,"77,0808",08.02.2024,08.03.2024,"1,9388","0,0223","0,0115","0,6558"
Alnus,2025-Gamma-2,Luzern,0,"2,891",07.02.2024,02.03.2024,"21,5425","0,968","0,0449","0,625"
Alnus,2025-Gamma-2,Luzern,"0,2","2,891",07.02.2024,02.03.2024,"21,5425","0,968","0,0449","0,625"
Alnus,2025-Gamma-2,Luzern,"0,4","2,892",07.02.2024,02.03.2024,"21,5314","0,9626","0,0447","0,6258"
Alnus,2025-Gamma-2,Luzern,"0,6","2,9391",07.02.2024,02.03.2024,"21,1016","0,8821","0,0418","0,631"
Alnus,2025-Gamma-2,Luzern,"0,75","3,0205",07.02.2024,02.03.2024,"20,4293","0,7989","0,0391","0,6373"
Alnus,2025-Gamma-2,Luzern,"0,8","3,0568",07.02.2024,02.03.2024,"20,1668","0,7588","0,0376","0,6394"
Alnus,2025-Gamma-2,Luzern,"0,85","3,1018",07.02.2024,02.03.2024,"19,8335","0,7203","0,0363","0,6425"
Alnus,2025-Gamma-2,Luzern,"0,9","3,1716",07.02.2024,02.03.2024,"19,3467","0,6687","0,0346","0,6478"
Alnus,2025-Gamma-2,Luzern,"0,91","3,1897",07.02.2024,02.03.2024,"19,2231","0,6533","0,034","0,6495"
Alnus,2025-Gamma-2,Luzern,"0,92","3,2054",07.02.2024,02.03.2024,"19,0995","0,6407","0,0335","0,6495"
Alnus,2025-Gamma-2,Luzern,"0,93","3,2264",07.02.2024,02.03.2024,"18,9571","0,628","0,0331","0,6499"
Alnus,2025-Gamma-2,Luzern,"0,94","3,2522",07.02.2024,02.03.2024,"18,78","0,6124","0,0326","0,6526"
Alnus,2025-Gamma-2,Luzern,"0,95","3,2817",07.02.2024,02.03.2024,"18,6015","0,592","0,0318","0,6534"
Alnus,2025-Gamma-2,Luzern,"0,96","3,3226",07.02.2024,02.03.2024,"18,3418","0,5682","0,031","0,654"
Alnus,2025-Gamma-2,Luzern,"0,97","3,3779",07.02.2024,02.03.2024,"17,9911","0,5452","0,0303","0,6594"
Alnus,2025-Gamma-2,Luzern,"0,98","3,4528",07.02.2024,02.03.2024,"17,5432","0,5117","0,0292","0,6666"
Alnus,2025-Gamma-2,Luzern,"0,99","3,6001",07.02.2024,02.03.2024,"16,7203","0,4555","0,0272","0,6709"
Alnus,2025-Gamma-2,Luzern,"0,999","4,2994",07.02.2024,02.03.2024,"13,7466","0,304","0,0221","0,6788"
Alnus,2025-Gamma-2,Luzern,"0,9999","5,5657",07.02.2024,02.03.2024,"10,3626","0,195","0,0188","0,7235"
Alnus,2025-Gamma-2,Luzern,1,"7,8878",07.02.2024,02.03.2024,"7,1105","0,1097","0,0154","0,7596"
Alnus,2025-Gamma-2,Luzern,1,"12,9251",07.02.2024,02.03.2024,"4,2153","0,0548","0,013","0,7841"
Alnus,2025-Gamma-2,Luzern,1,"20,9041",07.02.2024,02.03.2024,"2,541","0,028","0,011","0,7746"
Betula,2025-Gamma-2,Luzern,0,"5,8617",25.03.2024,19.04.2024,"52,1571","1,8227","0,0349","0,5385"
Betula,2025-Gamma-2,Luzern,"0,2","5,8617",25.03.2024,19.04.2024,"52,1571","1,8227","0,0349","0,5385"
Betula,2025-Gamma-2,Luzern,"0,4","5,8822",25.03.2024,19.04.2024,"51,9741","1,7965","0,0346","0,5394"
Betula,2025-Gamma-2,Luzern,"0,6","6,1588",25.03.2024,19.04.2024,"49,431","1,5751","0,0319","0,5438"
Betula,2025-Gamma-2,Luzern,"0,75","6,5583",25.03.2024,19.04.2024,"46,2174","1,3624","0,0295","0,5501"
Betula,2025-Gamma-2,Luzern,"0,8","6,7316",25.03.2024,19.04.2024,"44,9347","1,2761","0,0284","0,5527"
Betula,2025-Gamma-2,Luzern,"0,85","6,966",25.03.2024,19.04.2024,"43,3005","1,1793","0,0272","0,5561"
Betula,2025-Gamma-2,Luzern,"0,9","7,296",25.03.2024,19.04.2024,"41,1976","1,0636","0,0258","0,5625"
Betula,2025-Gamma-2,Luzern,"0,91","7,3879",25.03.2024,19.04.2024,"40,6694","1,0328","0,0254","0,5629"
Betula,2025-Gamma-2,Luzern,"0,92","7,4918",25.03.2024,19.04.2024,"40,0818","1,0026","0,025","0,5636"
Betula,2025-Gamma-2,Luzern,"0,93","7,599",25.03.2024,19.04.2024,"39,4667","0,9661","0,0245","0,5656"
Betula,2025-Gamma-2,Luzern,"0,94","7,7345",25.03.2024,19.04.2024,"38,7275","0,928","0,024","0,5641"
Betula,2025-Gamma-2,Luzern,"0,95","7,8994",25.03.2024,19.04.2024,"37,8561","0,8855","0,0234","0,5631"
Betula,2025-Gamma-2,Luzern,"0,96","8,1101",25.03.2024,19.04.2024,"36,8244","0,8363","0,0227","0,5687"
Betula,2025-Gamma-2,Luzern,"0,97","8,4026",25.03.2024,19.04.2024,"35,4835","0,7759","0,0219","0,5696"
Betula,2025-Gamma-2,Luzern,"0,98","8,8397",25.03.2024,19.04.2024,"33,6953","0,6998","0,0208","0,5724"
Betula,2025-Gamma-2,Luzern,"0,99","9,656",25.03.2024,19.04.2024,"30,673","0,5842","0,019","0,5764"
Betula,2025-Gamma-2,Luzern,"0,999","13,6902",25.03.2024,19.04.2024,"21,3924","0,29","0,0136","0,5919"
Betula,2025-Gamma-2,Luzern,"0,9999","21,5202",25.03.2024,19.04.2024,"13,5159","0,1263","0,0093","0,6018"
Betula,2025-Gamma-2,Luzern,1,"38,8037",25.03.2024,19.04.2024,"7,4158","0,051","0,0069","0,653"
Betula,2025-Gamma-2,Luzern,1,"85,8691",25.03.2024,19.04.2024,"3,3666","0,0203","0,006","0,647"
Betula,2025-Gamma-2,Luzern,1,"176,4494",25.03.2024,19.04.2024,"1,651","0,0108","0,0065","0,7136"
Corylus,2025-Gamma-2,Luzern,0,"6,7851",21.01.2024,24.02.2024,"12,5954","2,1712","0,1724","0,4845"
Corylus,2025-Gamma-2,Luzern,"0,2","6,7851",21.01.2024,24.02.2024,"12,5954","2,1712","0,1724","0,4845"
Corylus,2025-Gamma-2,Luzern,"0,4","6,7949",21.01.2024,24.02.2024,"12,5766","2,1522","0,1711","0,4862"
Corylus,2025-Gamma-2,Luzern,"0,6","6,9951",21.01.2024,24.02.2024,"12,1967","1,9266","0,158","0,494"
Corylus,2025-Gamma-2,Luzern,"0,75","7,3072",21.01.2024,24.02.2024,"11,6258","1,682","0,1447","0,4982"
Corylus,2025-Gamma-2,Luzern,"0,8","7,4597",21.01.2024,24.02.2024,"11,3892","1,5783","0,1386","0,5044"
Corylus,2025-Gamma-2,Luzern,"0,85","7,637",21.01.2024,24.02.2024,"11,1213","1,4787","0,133","0,5083"
Corylus,2025-Gamma-2,Luzern,"0,9","7,9015",21.01.2024,24.02.2024,"10,7374","1,3432","0,1251","0,5132"
Corylus,2025-Gamma-2,Luzern,"0,91","7,9734",21.01.2024,24.02.2024,"10,6362","1,3111","0,1233","0,5139"
Corylus,2025-Gamma-2,Luzern,"0,92","8,0485",21.01.2024,24.02.2024,"10,5375","1,2781","0,1213","0,5166"
Corylus,2025-Gamma-2,Luzern,"0,93","8,1365",21.01.2024,24.02.2024,"10,4194","1,2364","0,1187","0,5174"
Corylus,2025-Gamma-2,Luzern,"0,94","8,2388",21.01.2024,24.02.2024,"10,2595","1,1929","0,1163","0,5193"
Corylus,2025-Gamma-2,Luzern,"0,95","8,3623",21.01.2024,24.02.2024,"10,0949","1,1465","0,1136","0,5179"
Corylus,2025-Gamma-2,Luzern,"0,96","8,5333",21.01.2024,24.02.2024,"9,8841","1,0952","0,1108","0,5197"
Corylus,2025-Gamma-2,Luzern,"0,97","8,7322",21.01.2024,24.02.2024,"9,6366","1,0161","0,1054","0,5224"
Corylus,2025-Gamma-2,Luzern,"0,98","9,0387",21.01.2024,24.02.2024,"9,294","0,9341","0,1005","0,5314"
Corylus,2025-Gamma-2,Luzern,"0,99","9,6116",21.01.2024,24.02.2024,"8,6838","0,8026","0,0924","0,5439"
Corylus,2025-Gamma-2,Luzern,"0,999","12,33",21.01.2024,24.02.2024,"6,7221","0,4772","0,071","0,5662"
Corylus,2025-Gamma-2,Luzern,"0,9999","16,8904",21.01.2024,24.02.2024,"4,8552","0,2721","0,056","0,6055"
Corylus,2025-Gamma-2,Luzern,1,"26,1626",21.01.2024,24.02.2024,"3,1221","0,1386","0,0444","0,6608"
Corylus,2025-Gamma-2,Luzern,1,"47,9819",21.01.2024,24.02.2024,"1,6851","0,0657","0,039","0,6755"
Corylus,2025-Gamma-2,Luzern,1,"88,4395",21.01.2024,24.02.2024,"0,8959","0,0313","0,035","0,699"
Cupressaceae,2025-Gamma-2,Luzern,0,"1,1023",15.02.2024,08.03.2024,"8,8773","8,5974","0,9685","0,4409"
Cupressaceae,2025-Gamma-2,Luzern,"0,2","1,1023",15.02.2024,08.03.2024,"8,8773","8,5974","0,9685","0,4409"
Cupressaceae,2025-Gamma-2,Luzern,"0,4","1,108",15.02.2024,08.03.2024,"8,8085","8,558","0,9716","0,4397"
Cupressaceae,2025-Gamma-2,Luzern,"0,6","1,1928",15.02.2024,08.03.2024,"8,111","8,0419","0,9915","0,4388"
Cupressaceae,2025-Gamma-2,Luzern,"0,75","1,3111",15.02.2024,08.03.2024,"7,2914","7,4328","1,0194","0,4366"
Cupressaceae,2025-Gamma-2,Luzern,"0,8","1,3549",15.02.2024,08.03.2024,"6,9815","7,1974","1,0309","0,4337"
Cupressaceae,2025-Gamma-2,Luzern,"0,85","1,4238",15.02.2024,08.03.2024,"6,5981","6,9138","1,0479","0,4324"
Cupressaceae,2025-Gamma-2,Luzern,"0,9","1,5087",15.02.2024,08.03.2024,"6,1344","6,5516","1,068","0,4313"
Cupressaceae,2025-Gamma-2,Luzern,"0,91","1,5247",15.02.2024,08.03.2024,"6,031","6,4618","1,0714","0,4307"
Cupressaceae,2025-Gamma-2,Luzern,"0,92","1,5474",15.02.2024,08.03.2024,"5,9139","6,3673","1,0767","0,4293"
Cupressaceae,2025-Gamma-2,Luzern,"0,93","1,5655",15.02.2024,08.03.2024,"5,7757","6,2663","1,0849","0,4288"
Cupressaceae,2025-Gamma-2,Luzern,"0,94","1,5953",15.02.2024,08.03.2024,"5,617","6,142","1,0935","0,4282"
Cupressaceae,2025-Gamma-2,Luzern,"0,95","1,6258",15.02.2024,08.03.2024,"5,4653","6,0062","1,099","0,4268"
Cupressaceae,2025-Gamma-2,Luzern,"0,96","1,6791",15.02.2024,08.03.2024,"5,2746","5,8379","1,1068","0,4286"
Cupressaceae,2025-Gamma-2,Luzern,"0,97","1,7366",15.02.2024,08.03.2024,"5,0179","5,6284","1,1217","0,426"
Cupressaceae,2025-Gamma-2,Luzern,"0,98","1,8379",15.02.2024,08.03.2024,"4,6906","5,3352","1,1374","0,4222"
Cupressaceae,2025-Gamma-2,Luzern,"0,99","2,0237",15.02.2024,08.03.2024,"4,1703","4,8732","1,1686","0,4196"
Cupressaceae,2025-Gamma-2,Luzern,"0,999","2,7085",15.02.2024,08.03.2024,"2,7269","3,5107","1,2874","0,425"
Cupressaceae,2025-Gamma-2,Luzern,"0,9999","3,5775",15.02.2024,08.03.2024,"1,6777","2,3826","1,4202","0,417"
Cupressaceae,2025-Gamma-2,Luzern,1,"4,9593",15.02.2024,08.03.2024,"0,9482","1,4944","1,576","0,402"
Cupressaceae,2025-Gamma-2,Luzern,1,"7,8987",15.02.2024,08.03.2024,"0,4543","0,8081","1,7786","0,3703"
Cupressaceae,2025-Gamma-2,Luzern,1,"12,5703",15.02.2024,08.03.2024,"0,2369","0,4464","1,8841","0,3462"
Fagus,2025-Gamma-2,Luzern,0,"1,8897",06.04.2024,16.05.2024,"4,3444","0,9909","0,2281","0,3767"
Fagus,2025-Gamma-2,Luzern,"0,2","1,8897",06.04.2024,16.05.2024,"4,3444","0,9909","0,2281","0,3767"
Fagus,2025-Gamma-2,Luzern,"0,4","1,9179",06.04.2024,16.05.2024,"4,297","0,9736","0,2266","0,3783"
Fagus,2025-Gamma-2,Luzern,"0,6","2,2284",06.04.2024,16.05.2024,"3,8092","0,8298","0,2178","0,3955"
Fagus,2025-Gamma-2,Luzern,"0,75","2,6503",06.04.2024,16.05.2024,"3,3095","0,6881","0,2079","0,4105"
Fagus,2025-Gamma-2,Luzern,"0,8","2,8155",06.04.2024,16.05.2024,"3,1426","0,6314","0,2009","0,4176"
Fagus,2025-Gamma-2,Luzern,"0,85","3,0578",06.04.2024,16.05.2024,"2,9334","0,5756","0,1962","0,4277"
Fagus,2025-Gamma-2,Luzern,"0,9","3,399",06.04.2024,16.05.2024,"2,6772","0,5129","0,1916","0,436"
Fagus,2025-Gamma-2,Luzern,"0,91","3,4796",06.04.2024,16.05.2024,"2,6226","0,4993","0,1904","0,4365"
Fagus,2025-Gamma-2,Luzern,"0,92","3,5837",06.04.2024,16.05.2024,"2,5565","0,4819","0,1885","0,4406"
Fagus,2025-Gamma-2,Luzern,"0,93","3,7498",06.04.2024,16.05.2024,"2,4676","0,4639","0,188","0,4434"
Fagus,2025-Gamma-2,Luzern,"0,94","3,8523",06.04.2024,16.05.2024,"2,4108","0,4423","0,1835","0,4463"
Fagus,2025-Gamma-2,Luzern,"0,95","4,0258",06.04.2024,16.05.2024,"2,3185","0,4155","0,1792","0,4523"
Fagus,2025-Gamma-2,Luzern,"0,96","4,2482",06.04.2024,16.05.2024,"2,2096","0,3892","0,1761","0,4522"
Fagus,2025-Gamma-2,Luzern,"0,97","4,5486",06.04.2024,16.05.2024,"2,086","0,3603","0,1727","0,4578"
Fagus,2025-Gamma-2,Luzern,"0,98","4,9508",06.04.2024,16.05.2024,"1,9276","0,3196","0,1658","0,4699"
Fagus,2025-Gamma-2,Luzern,"0,99","5,7017",06.04.2024,16.05.2024,"1,7095","0,2591","0,1516","0,4925"
Fagus,2025-Gamma-2,Luzern,"0,999","8,4247",06.04.2024,16.05.2024,"1,1721","0,1348","0,115","0,5499"
Fagus,2025-Gamma-2,Luzern,"0,9999","11,3637",06.04.2024,16.05.2024,"0,846","0,0688","0,0813","0,5913"
Fagus,2025-Gamma-2,Luzern,1,"14,3732",06.04.2024,16.05.2024,"0,6589","0,0339","0,0515","0,6508"
Fagus,2025-Gamma-2,Luzern,1,"17,656",06.04.2024,16.05.2024,"0,5259","0,0177","0,0336","0,7088"
Fagus,2025-Gamma-2,Luzern,1,"20,3352",06.04.2024,16.05.2024,"0,4438","0,0097","0,0218","0,7737"
Fraxinus,2025-Gamma-2,Luzern,0,"1,2965",22.03.2024,12.04.2024,"57,77","5,0696","0,0878","0,5182"
Fraxinus,2025-Gamma-2,Luzern,"0,2","1,2965",22.03.2024,12.04.2024,"57,77","5,0696","0,0878","0,5182"
Fraxinus,2025-Gamma-2,Luzern,"0,4","1,2996",22.03.2024,12.04.2024,"57,6169","5,0348","0,0874","0,519"
Fraxinus,2025-Gamma-2,Luzern,"0,6","1,3494",22.03.2024,12.04.2024,"55,4142","4,5443","0,082","0,5231"
Fraxinus,2025-Gamma-2,Luzern,"0,75","1,4174",22.03.2024,12.04.2024,"52,8226","3,9846","0,0754","0,5277"
Fraxinus,2025-Gamma-2,Luzern,"0,8","1,4445",22.03.2024,12.04.2024,"51,8369","3,7793","0,0729","0,5312"
Fraxinus,2025-Gamma-2,Luzern,"0,85","1,4792",22.03.2024,12.04.2024,"50,5956","3,5252","0,0697","0,5331"
Fraxinus,2025-Gamma-2,Luzern,"0,9","1,5267",22.03.2024,12.04.2024,"49,0528","3,2273","0,0658","0,5364"
Fraxinus,2025-Gamma-2,Luzern,"0,91","1,5379",22.03.2024,12.04.2024,"48,7135","3,1608","0,0649","0,5376"
Fraxinus,2025-Gamma-2,Luzern,"0,92","1,55",22.03.2024,12.04.2024,"48,3457","3,0889","0,0639","0,5391"
Fraxinus,2025-Gamma-2,Luzern,"0,93","1,5642",22.03.2024,12.04.2024,"47,9117","3,0108","0,0628","0,5388"
Fraxinus,2025-Gamma-2,Luzern,"0,94","1,5814",22.03.2024,12.04.2024,"47,3948","2,9171","0,0615","0,5399"
Fraxinus,2025-Gamma-2,Luzern,"0,95","1,6019",22.03.2024,12.04.2024,"46,8013","2,8142","0,0601","0,5404"
Fraxinus,2025-Gamma-2,Luzern,"0,96","1,6244",22.03.2024,12.04.2024,"46,14","2,6997","0,0585","0,5428"
Fraxinus,2025-Gamma-2,Luzern,"0,97","1,6519",22.03.2024,12.04.2024,"45,3643","2,5597","0,0564","0,5437"
Fraxinus,2025-Gamma-2,Luzern,"0,98","1,6927",22.03.2024,12.04.2024,"44,2839","2,3752","0,0536","0,5455"
Fraxinus,2025-Gamma-2,Luzern,"0,99","1,76",22.03.2024,12.04.2024,"42,6069","2,0728","0,0487","0,5517"
Fraxinus,2025-Gamma-2,Luzern,"0,999","1,9829",22.03.2024,12.04.2024,"37,9375","1,3833","0,0365","0,5639"
Fraxinus,2025-Gamma-2,Luzern,"0,9999","2,2013",22.03.2024,12.04.2024,"34,3823","0,9372","0,0273","0,5728"
Fraxinus,2025-Gamma-2,Luzern,1,"2,4225",22.03.2024,12.04.2024,"31,4386","0,6526","0,0208","0,5816"
Fraxinus,2025-Gamma-2,Luzern,1,"2,6832",22.03.2024,12.04.2024,"28,5226","0,4647","0,0163","0,5955"
Fraxinus,2025-Gamma-2,Luzern,1,"2,938",22.03.2024,12.04.2024,"26,204","0,3628","0,0138","0,6031"
Pinaceae,2025-Gamma-2,Luzern,0,"5,5464",06.04.2024,22.04.2024,"10,6488","2,5211","0,2368","0,7567"
Pinaceae,2025-Gamma-2,Luzern,"0,2","5,5464",06.04.2024,22.04.2024,"10,6488","2,5211","0,2368","0,7567"
Pinaceae,2025-Gamma-2,Luzern,"0,4","5,5465",06.04.2024,22.04.2024,"10,6477","2,5187","0,2366","0,7575"
Pinaceae,2025-Gamma-2,Luzern,"0,6","5,5519",06.04.2024,22.04.2024,"10,6242","2,4668","0,2322","0,7609"
Pinaceae,2025-Gamma-2,Luzern,"0,75","5,5579",06.04.2024,22.04.2024,"10,6008","2,3889","0,2254","0,7641"
Pinaceae,2025-Gamma-2,Luzern,"0,8","5,5599",06.04.2024,22.04.2024,"10,5895","2,3607","0,2229","0,7644"
Pinaceae,2025-Gamma-2,Luzern,"0,85","5,5631",06.04.2024,22.04.2024,"10,5803","2,3255","0,2198","0,7647"
Pinaceae,2025-Gamma-2,Luzern,"0,9","5,5664",06.04.2024,22.04.2024,"10,5701","2,2777","0,2155","0,7674"
Pinaceae,2025-Gamma-2,Luzern,"0,91","5,5675",06.04.2024,22.04.2024,"10,5681","2,2631","0,2141","0,768"
Pinaceae,2025-Gamma-2,Luzern,"0,92","5,5675",06.04.2024,22.04.2024,"10,5681","2,2509","0,213","0,7688"
Pinaceae,2025-Gamma-2,Luzern,"0,93","5,5692",06.04.2024,22.04.2024,"10,565","2,236","0,2116","0,7685"
Pinaceae,2025-Gamma-2,Luzern,"0,94","5,5693",06.04.2024,22.04.2024,"10,5599","2,219","0,2101","0,7663"
Pinaceae,2025-Gamma-2,Luzern,"0,95","5,5699",06.04.2024,22.04.2024,"10,5568","2,1979","0,2082","0,7676"
Pinaceae,2025-Gamma-2,Luzern,"0,96","5,5713",06.04.2024,22.04.2024,"10,5507","2,1735","0,206","0,7659"
Pinaceae,2025-Gamma-2,Luzern,"0,97","5,5739",06.04.2024,22.04.2024,"10,5436","2,144","0,2033","0,7676"
Pinaceae,2025-Gamma-2,Luzern,"0,98","5,5789",06.04.2024,22.04.2024,"10,5262","2,103","0,1998","0,7696"
Pinaceae,2025-Gamma-2,Luzern,"0,99","5,5827",06.04.2024,22.04.2024,"10,517","2,0301","0,193","0,7738"
Pinaceae,2025-Gamma-2,Luzern,"0,999","5,601",06.04.2024,22.04.2024,"10,4711","1,8019","0,1721","0,7786"
Pinaceae,2025-Gamma-2,Luzern,"0,9999","5,6219",06.04.2024,22.04.2024,"10,4169","1,5693","0,1506","0,7834"
Pinaceae,2025-Gamma-2,Luzern,1,"5,6427",06.04.2024,22.04.2024,"10,3628","1,3072","0,1261","0,7862"
Pinaceae,2025-Gamma-2,Luzern,1,"5,6977",06.04.2024,22.04.2024,"10,2494","1,0252","0,1","0,7868"
Pinaceae,2025-Gamma-2,Luzern,1,"5,8114",06.04.2024,22.04.2024,"10,0584","0,8032","0,0798","0,7834"
Platanus,2025-Gamma-2,Luzern,0,"3,6244",06.04.2024,18.04.2024,"9,49","0,2714","0,0286","0,4685"
Platanus,2025-Gamma-2,Luzern,"0,2","3,6244",06.04.2024,18.04.2024,"9,49","0,2714","0,0286","0,4685"
Platanus,2025-Gamma-2,Luzern,"0,4","3,6371",06.04.2024,18.04.2024,"9,4499","0,2685","0,0284","0,4668"
Platanus,2025-Gamma-2,Luzern,"0,6","3,7525",06.04.2024,18.04.2024,"9,1281","0,2462","0,027","0,4713"
Platanus,2025-Gamma-2,Luzern,"0,75","3,9177",06.04.2024,18.04.2024,"8,7034","0,2181","0,0251","0,4768"
Platanus,2025-Gamma-2,Luzern,"0,8","3,9813",06.04.2024,18.04.2024,"8,5471","0,2089","0,0244","0,4759"
Platanus,2025-Gamma-2,Luzern,"0,85","4,0739",06.04.2024,18.04.2024,"8,3214","0,1933","0,0232","0,4816"
Platanus,2025-Gamma-2,Luzern,"0,9","4,1977",06.04.2024,18.04.2024,"8,0356","0,1778","0,0221","0,4817"
Platanus,2025-Gamma-2,Luzern,"0,91","4,2271",06.04.2024,18.04.2024,"7,9809","0,174","0,0218","0,4827"
Platanus,2025-Gamma-2,Luzern,"0,92","4,2659",06.04.2024,18.04.2024,"7,8967","0,1684","0,0213","0,4792"
Platanus,2025-Gamma-2,Luzern,"0,93","4,3085",06.04.2024,18.04.2024,"7,8073","0,163","0,0209","0,4789"
Platanus,2025-Gamma-2,Luzern,"0,94","4,3577",06.04.2024,18.04.2024,"7,7044","0,1586","0,0206","0,4806"
Platanus,2025-Gamma-2,Luzern,"0,95","4,4179",06.04.2024,18.04.2024,"7,6056","0,1546","0,0203","0,4796"
Platanus,2025-Gamma-2,Luzern,"0,96","4,4865",06.04.2024,18.04.2024,"7,4681","0,1503","0,0201","0,4807"
Platanus,2025-Gamma-2,Luzern,"0,97","4,5899",06.04.2024,18.04.2024,"7,2784","0,1426","0,0196","0,4828"
Platanus,2025-Gamma-2,Luzern,"0,98","4,7078",06.04.2024,18.04.2024,"7,0607","0,1336","0,0189","0,4836"
Platanus,2025-Gamma-2,Luzern,"0,99","4,9571",06.04.2024,18.04.2024,"6,6735","0,1161","0,0174","0,4844"
Platanus,2025-Gamma-2,Luzern,"0,999","6,1028",06.04.2024,18.04.2024,"5,3126","0,0736","0,0139","0,5246"
Platanus,2025-Gamma-2,Luzern,"0,9999","7,8588",06.04.2024,18.04.2024,"4,0425","0,0404","0,01","0,5395"
Platanus,2025-Gamma-2,Luzern,1,"10,9143",06.04.2024,18.04.2024,"2,7965","0,0253","0,009","0,5314"
Platanus,2025-Gamma-2,Luzern,1,"16,7815",06.04.2024,18.04.2024,"1,7428","0,0141","0,0081","0,5987"
Platanus,2025-Gamma-2,Luzern,1,"25,7789",06.04.2024,18.04.2024,"1,1191","0,0088","0,0079","0,6447"
Poaceae,2025-Gamma-2,Luzern,0,"5,7177",05.04.2024,10.06.2024,"11,6318","4,5575","0,3918","0,5023"
Poaceae,2025-Gamma-2,Luzern,"0,2","5,7177",05.04.2024,10.06.2024,"11,6318","4,5575","0,3918","0,5023"
Poaceae,2025-Gamma-2,Luzern,"0,4","5,7312",05.04.2024,10.06.2024,"11,6085","4,5449","0,3915","0,5028"
Poaceae,2025-Gamma-2,Luzern,"0,6","5,893",05.04.2024,10.06.2024,"11,3062","4,3583","0,3855","0,5063"
Poaceae,2025-Gamma-2,Luzern,"0,75","6,1094",05.04.2024,10.06.2024,"10,9238","4,1398","0,379","0,5095"
Poaceae,2025-Gamma-2,Luzern,"0,8","6,1967",05.04.2024,10.06.2024,"10,7785","4,0424","0,375","0,5134"
Poaceae,2025-Gamma-2,Luzern,"0,85","6,3107",05.04.2024,10.06.2024,"10,5859","3,9435","0,3725","0,5163"
Poaceae,2025-Gamma-2,Luzern,"0,9","6,4429",05.04.2024,10.06.2024,"10,3551","3,8043","0,3674","0,5174"
Poaceae,2025-Gamma-2,Luzern,"0,91","6,4798",05.04.2024,10.06.2024,"10,2997","3,7741","0,3664","0,5193"
Poaceae,2025-Gamma-2,Luzern,"0,92","6,5213",05.04.2024,10.06.2024,"10,2356","3,7402","0,3654","0,5186"
Poaceae,2025-Gamma-2,Luzern,"0,93","6,5661",05.04.2024,10.06.2024,"10,1651","3,7027","0,3643","0,5182"
Poaceae,2025-Gamma-2,Luzern,"0,94","6,6132",05.04.2024,10.06.2024,"10,0904","3,6567","0,3624","0,5202"
Poaceae,2025-Gamma-2,Luzern,"0,95","6,6677",05.04.2024,10.06.2024,"9,9991","3,6061","0,3606","0,522"
Poaceae,2025-Gamma-2,Luzern,"0,96","6,7553",05.04.2024,10.06.2024,"9,876","3,5488","0,3593","0,5231"
Poaceae,2025-Gamma-2,Luzern,"0,97","6,8491",05.04.2024,10.06.2024,"9,7298","3,4757","0,3572","0,5251"
Poaceae,2025-Gamma-2,Luzern,"0,98","6,983",05.04.2024,10.06.2024,"9,5416","3,3729","0,3535","0,5283"
Poaceae,2025-Gamma-2,Luzern,"0,99","7,1989",05.04.2024,10.06.2024,"9,2383","3,2122","0,3477","0,5316"
Poaceae,2025-Gamma-2,Luzern,"0,999","8,0082",05.04.2024,10.06.2024,"8,2322","2,706","0,3287","0,5417"
Poaceae,2025-Gamma-2,Luzern,"0,9999","8,9913",05.04.2024,10.06.2024,"7,263","2,2656","0,3119","0,5475"
Poaceae,2025-Gamma-2,Luzern,1,"10,2014",05.04.2024,10.06.2024,"6,3409","1,839","0,29","0,5526"
Poaceae,2025-Gamma-2,Luzern,1,"11,9376",05.04.2024,10.06.2024,"5,3758","1,4031","0,261","0,5682"
Poaceae,2025-Gamma-2,Luzern,1,"13,6809",05.04.2024,10.06.2024,"4,6699","1,1194","0,2397","0,5751"
Quercus,2025-Gamma-2,Luzern,0,"10,3157",07.04.2024,08.05.2024,"8,2955","0,9029","0,1088","0,2893"
Quercus,2025-Gamma-2,Luzern,"0,2","10,3157",07.04.2024,08.05.2024,"8,2955","0,9029","0,1088","0,2893"
Quercus,2025-Gamma-2,Luzern,"0,4","10,3526",07.04.2024,08.05.2024,"8,2537","0,8904","0,1079","0,2906"
Quercus,2025-Gamma-2,Luzern,"0,6","10,9207",07.04.2024,08.05.2024,"7,7551","0,7924","0,1022","0,2952"
Quercus,2025-Gamma-2,Luzern,"0,75","11,7068",07.04.2024,08.05.2024,"7,1855","0,687","0,0956","0,3072"
Quercus,2025-Gamma-2,Luzern,"0,8","12,089",07.04.2024,08.05.2024,"6,9332","0,647","0,0933","0,3075"
Quercus,2025-Gamma-2,Luzern,"0,85","12,4799",07.04.2024,08.05.2024,"6,6853","0,6028","0,0902","0,3112"
Quercus,2025-Gamma-2,Luzern,"0,9","13,0681",07.04.2024,08.05.2024,"6,3527","0,5523","0,0869","0,3088"
Quercus,2025-Gamma-2,Luzern,"0,91","13,2051",07.04.2024,08.05.2024,"6,2762","0,5397","0,086","0,3095"
Quercus,2025-Gamma-2,Luzern,"0,92","13,3703",07.04.2024,08.05.2024,"6,1948","0,5261","0,0849","0,3078"
Quercus,2025-Gamma-2,Luzern,"0,93","13,5613",07.04.2024,08.05.2024,"6,1015","0,5124","0,084","0,3103"
Quercus,2025-Gamma-2,Luzern,"0,94","13,8435",07.04.2024,08.05.2024,"5,9691","0,4932","0,0826","0,3153"
Quercus,2025-Gamma-2,Luzern,"0,95","14,1238",07.04.2024,08.05.2024,"5,8416","0,4746","0,0812","0,3169"
Quercus,2025-Gamma-2,Luzern,"0,96","14,4664",07.04.2024,08.05.2024,"5,6919","0,4536","0,0797","0,3168"
Quercus,2025-Gamma-2,Luzern,"0,97","14,9877",07.04.2024,08.05.2024,"5,4857","0,4241","0,0773","0,3193"
Quercus,2025-Gamma-2,Luzern,"0,98","15,6907",07.04.2024,08.05.2024,"5,2203","0,3902","0,0748","0,3186"
Quercus,2025-Gamma-2,Luzern,"0,99","17,0081",07.04.2024,08.05.2024,"4,7998","0,3356","0,0699","0,3257"
Quercus,2025-Gamma-2,Luzern,"0,999","22,6516",07.04.2024,08.05.2024,"3,5653","0,2007","0,0563","0,3285"
Quercus,2025-Gamma-2,Luzern,"0,9999","31,4992",07.04.2024,08.05.2024,"2,5027","0,1203","0,0481","0,3412"
Quercus,2025-Gamma-2,Luzern,1,"46,6271",07.04.2024,08.05.2024,"1,6819","0,0676","0,0402","0,3857"
Quercus,2025-Gamma-2,Luzern,1,"78,6291",07.04.2024,08.05.2024,"0,9907","0,0326","0,0329","0,4147"
Quercus,2025-Gamma-2,Luzern,1,"124,4984",07.04.2024,08.05.2024,"0,6212","0,0172","0,0277","0,4629"
Taxus,2025-Gamma-2,Luzern,0,"3,1785",10.02.2024,13.03.2024,"74,1453","3,0353","0,0409","0,5778"
Taxus,2025-Gamma-2,Luzern,"0,2","3,1785",10.02.2024,13.03.2024,"74,1453","3,0353","0,0409","0,5778"
Taxus,2025-Gamma-2,Luzern,"0,4","3,1805",10.02.2024,13.03.2024,"74,0883","2,9985","0,0405","0,5776"
Taxus,2025-Gamma-2,Luzern,"0,6","3,2497",10.02.2024,13.03.2024,"72,357","2,699","0,0373","0,5811"
Taxus,2025-Gamma-2,Luzern,"0,75","3,3554",10.02.2024,13.03.2024,"69,8425","2,3833","0,0341","0,5819"
Taxus,2025-Gamma-2,Luzern,"0,8","3,4039",10.02.2024,13.03.2024,"68,7526","2,2586","0,0329","0,5802"
Taxus,2025-Gamma-2,Luzern,"0,85","3,4687",10.02.2024,13.03.2024,"67,3887","2,1133","0,0314","0,5802"
Taxus,2025-Gamma-2,Luzern,"0,9","3,5567",10.02.2024,13.03.2024,"65,5812","1,9279","0,0294","0,5824"
Taxus,2025-Gamma-2,Luzern,"0,91","3,5802",10.02.2024,13.03.2024,"65,1115","1,8822","0,0289","0,5837"
Taxus,2025-Gamma-2,Luzern,"0,92","3,6081",10.02.2024,13.03.2024,"64,5845","1,8458","0,0286","0,586"
Taxus,2025-Gamma-2,Luzern,"0,93","3,639",10.02.2024,13.03.2024,"63,9956","1,7977","0,0281","0,5865"
Taxus,2025-Gamma-2,Luzern,"0,94","3,6765",10.02.2024,13.03.2024,"63,3248","1,7409","0,0275","0,586"
Taxus,2025-Gamma-2,Luzern,"0,95","3,7217",10.02.2024,13.03.2024,"62,5333","1,6748","0,0268","0,5865"
Taxus,2025-Gamma-2,Luzern,"0,96","3,778",10.02.2024,13.03.2024,"61,5588","1,5982","0,026","0,5851"
Taxus,2025-Gamma-2,Luzern,"0,97","3,8501",10.02.2024,13.03.2024,"60,3257","1,5035","0,0249","0,5876"
Taxus,2025-Gamma-2,Luzern,"0,98","3,96",10.02.2024,13.03.2024,"58,5365","1,3799","0,0236","0,5858"
Taxus,2025-Gamma-2,Luzern,"0,99","4,1689",10.02.2024,13.03.2024,"55,4829","1,1882","0,0214","0,5869"
Taxus,2025-Gamma-2,Luzern,"0,999","5,0886",10.02.2024,13.03.2024,"44,9842","0,715","0,0159","0,6077"
Taxus,2025-Gamma-2,Luzern,"0,9999","6,6185",10.02.2024,13.03.2024,"34,3598","0,422","0,0123","0,6125"
Taxus,2025-Gamma-2,Luzern,1,"9,2753",10.02.2024,13.03.2024,"24,315","0,2297","0,0094","0,6158"
Taxus,2025-Gamma-2,Luzern,1,"14,4382",10.02.2024,13.03.2024,"15,4475","0,1202","0,0078","0,6435"
Taxus,2025-Gamma-2,Luzern,1,"22,3583",10.02.2024,13.03.2024,"9,9349","0,0673","0,0068","0,6512"
Alnus,2025-Beta-2,Basel,0,"3,858",02.02.2024,08.03.2024,"38,1287","0,6798","0,0178","0,7439"
Alnus,2025-Beta-2,Basel,"0,2","3,858",02.02.2024,08.03.2024,"38,1287","0,6798","0,0178","0,7439"
Alnus,2025-Beta-2,Basel,"0,4","3,8595",02.02.2024,08.03.2024,"38,1148","0,6751","0,0177","0,745"
Alnus,2025-Beta-2,Basel,"0,6","3,9226",02.02.2024,08.03.2024,"37,4925","0,6301","0,0168","0,744"
Alnus,2025-Beta-2,Basel,"0,75","4,0128",02.02.2024,08.03.2024,"36,646","0,5748","0,0157","0,7522"
Alnus,2025-Beta-2,Basel,"0,8","4,0515",02.02.2024,08.03.2024,"36,287","0,5521","0,0152","0,7486"
Alnus,2025-Beta-2,Basel,"0,85","4,1013",02.02.2024,08.03.2024,"35,8421","0,5239","0,0146","0,7524"
Alnus,2025-Beta-2,Basel,"0,9","4,1709",02.02.2024,08.03.2024,"35,2594","0,4947","0,014","0,7467"
Alnus,2025-Beta-2,Basel,"0,91","4,1881",02.02.2024,08.03.2024,"35,1041","0,4865","0,0139","0,748"
Alnus,2025-Beta-2,Basel,"0,92","4,209",02.02.2024,08.03.2024,"34,9404","0,4796","0,0137","0,746"
Alnus,2025-Beta-2,Basel,"0,93","4,2319",02.02.2024,08.03.2024,"34,7407","0,4682","0,0135","0,7454"
Alnus,2025-Beta-2,Basel,"0,94","4,2579",02.02.2024,08.03.2024,"34,5229","0,4568","0,0132","0,7466"
Alnus,2025-Beta-2,Basel,"0,95","4,2878",02.02.2024,08.03.2024,"34,286","0,4461","0,013","0,7479"
Alnus,2025-Beta-2,Basel,"0,96","4,3268",02.02.2024,08.03.2024,"33,9792","0,4306","0,0127","0,7517"
Alnus,2025-Beta-2,Basel,"0,97","4,3807",02.02.2024,08.03.2024,"33,5825","0,4138","0,0123","0,7544"
Alnus,2025-Beta-2,Basel,"0,98","4,4554",02.02.2024,08.03.2024,"33,0232","0,3917","0,0119","0,7566"
Alnus,2025-Beta-2,Basel,"0,99","4,5932",02.02.2024,08.03.2024,"32,04","0,3607","0,0113","0,7605"
Alnus,2025-Beta-2,Basel,"0,999","5,1159",02.02.2024,08.03.2024,"28,8274","0,2754","0,0096","0,7732"
Alnus,2025-Beta-2,Basel,"0,9999","5,8303",02.02.2024,08.03.2024,"25,2967","0,2134","0,0084","0,7884"
Alnus,2025-Beta-2,Basel,1,"6,8453",02.02.2024,08.03.2024,"21,5722","0,1597","0,0074","0,7792"
Alnus,2025-Beta-2,Basel,1,"8,3357",02.02.2024,08.03.2024,"17,7628","0,1198","0,0067","0,7766"
Alnus,2025-Beta-2,Basel,1,"9,9269",02.02.2024,08.03.2024,"14,9096","0,0964","0,0065","0,7801"
Betula,2025-Beta-2,Basel,0,"1,8403",20.03.2024,18.04.2024,"44,5963","6,564","0,1472","0,46"
Betula,2025-Beta-2,Basel,"0,2","1,8403",20.03.2024,18.04.2024,"44,5963","6,564","0,1472","0,46"
Betula,2025-Beta-2,Basel,"0,4","1,8437",20.03.2024,18.04.2024,"44,5187","6,538","0,1469","0,4601"
Betula,2025-Beta-2,Basel,"0,6","1,9125",20.03.2024,18.04.2024,"42,9532","5,9682","0,1389","0,4628"
Betula,2025-Beta-2,Basel,"0,75","2,0148",20.03.2024,18.04.2024,"40,8076","5,2952","0,1298","0,4702"
Betula,2025-Beta-2,Basel,"0,8","2,0581",20.03.2024,18.04.2024,"39,9526","5,0453","0,1263","0,471"
Betula,2025-Beta-2,Basel,"0,85","2,1149",20.03.2024,18.04.2024,"38,8952","4,7489","0,1221","0,4738"
Betula,2025-Beta-2,Basel,"0,9","2,1917",20.03.2024,18.04.2024,"37,5426","4,3757","0,1166","0,4781"
Betula,2025-Beta-2,Basel,"0,91","2,2106",20.03.2024,18.04.2024,"37,2073","4,2913","0,1153","0,4786"
Betula,2025-Beta-2,Basel,"0,92","2,2305",20.03.2024,18.04.2024,"36,865","4,1889","0,1136","0,479"
Betula,2025-Beta-2,Basel,"0,93","2,2567",20.03.2024,18.04.2024,"36,4261","4,0868","0,1122","0,4778"
Betula,2025-Beta-2,Basel,"0,94","2,2873",20.03.2024,18.04.2024,"35,9241","3,9621","0,1103","0,4793"
Betula,2025-Beta-2,Basel,"0,95","2,3221",20.03.2024,18.04.2024,"35,3712","3,8341","0,1084","0,4812"
Betula,2025-Beta-2,Basel,"0,96","2,3668",20.03.2024,18.04.2024,"34,6771","3,6806","0,1061","0,4818"
Betula,2025-Beta-2,Basel,"0,97","2,4243",20.03.2024,18.04.2024,"33,8421","3,4809","0,1029","0,4837"
Betula,2025-Beta-2,Basel,"0,98","2,51",20.03.2024,18.04.2024,"32,6878","3,2226","0,0986","0,4858"
Betula,2025-Beta-2,Basel,"0,99","2,6627",20.03.2024,18.04.2024,"30,7696","2,8161","0,0915","0,4901"
Betula,2025-Beta-2,Basel,"0,999","3,3123",20.03.2024,18.04.2024,"24,5515","1,7722","0,0722","0,5028"
Betula,2025-Beta-2,Basel,"0,9999","4,3207",20.03.2024,18.04.2024,"18,7657","1,0512","0,056","0,5115"
Betula,2025-Beta-2,Basel,1,"6,0316",20.03.2024,18.04.2024,"13,4443","0,5904","0,0439","0,5183"
Betula,2025-Beta-2,Basel,1,"9,0655",20.03.2024,18.04.2024,"8,9082","0,3155","0,0354","0,526"
Betula,2025-Beta-2,Basel,1,"13,2313",20.03.2024,18.04.2024,"6,1563","0,1837","0,0298","0,5312"
Corylus,2025-Beta-2,Basel,0,"5,1363",26.01.2024,19.02.2024,"8,9096","1,1877","0,1333","0,5597"
Corylus,2025-Beta-2,Basel,"0,2","5,1363",26.01.2024,19.02.2024,"8,9096","1,1877","0,1333","0,5597"
Corylus,2025-Beta-2,Basel,"0,4","5,1444",26.01.2024,19.02.2024,"8,895","1,1805","0,1327","0,5601"
Corylus,2025-Beta-2,Basel,"0,6","5,4271",26.01.2024,19.02.2024,"8,4522","1,0714","0,1268","0,5659"
Corylus,2025-Beta-2,Basel,"0,75","5,8413",26.01.2024,19.02.2024,"7,8848","0,9466","0,1201","0,5782"
Corylus,2025-Beta-2,Basel,"0,8","6,0259",26.01.2024,19.02.2024,"7,6576","0,8986","0,1173","0,5807"
Corylus,2025-Beta-2,Basel,"0,85","6,24",26.01.2024,19.02.2024,"7,3955","0,845","0,1143","0,5874"
Corylus,2025-Beta-2,Basel,"0,9","6,5818",26.01.2024,19.02.2024,"7,0323","0,7788","0,1108","0,5917"
Corylus,2025-Beta-2,Basel,"0,91","6,6625",26.01.2024,19.02.2024,"6,9413","0,7623","0,1098","0,5925"
Corylus,2025-Beta-2,Basel,"0,92","6,7502",26.01.2024,19.02.2024,"6,8455","0,7409","0,1082","0,595"
Corylus,2025-Beta-2,Basel,"0,93","6,8663",26.01.2024,19.02.2024,"6,7288","0,7235","0,1075","0,5985"
Corylus,2025-Beta-2,Basel,"0,94","6,9924",26.01.2024,19.02.2024,"6,6064","0,7005","0,106","0,5984"
Corylus,2025-Beta-2,Basel,"0,95","7,1333",26.01.2024,19.02.2024,"6,4653","0,6761","0,1046","0,5984"
Corylus,2025-Beta-2,Basel,"0,96","7,3056",26.01.2024,19.02.2024,"6,32","0,6457","0,1022","0,5989"
Corylus,2025-Beta-2,Basel,"0,97","7,5292",26.01.2024,19.02.2024,"6,1206","0,6128","0,1001","0,603"
Corylus,2025-Beta-2,Basel,"0,98","7,8941",26.01.2024,19.02.2024,"5,8341","0,5653","0,0969","0,6079"
Corylus,2025-Beta-2,Basel,"0,99","8,6083",26.01.2024,19.02.2024,"5,3347","0,4998","0,0937","0,6163"
Corylus,2025-Beta-2,Basel,"0,999","11,4363",26.01.2024,19.02.2024,"3,9738","0,3157","0,0794","0,6347"
Corylus,2025-Beta-2,Basel,"0,9999","15,7802",26.01.2024,19.02.2024,"2,8098","0,1953","0,0695","0,6302"
Corylus,2025-Beta-2,Basel,1,"22,8709",26.01.2024,19.02.2024,"1,9132","0,1179","0,0616","0,6409"
Corylus,2025-Beta-2,Basel,1,"35,3372",26.01.2024,19.02.2024,"1,2382","0,0699","0,0565","0,6712"
Corylus,2025-Beta-2,Basel,1,"48,4079",26.01.2024,19.02.2024,"0,8743","0,0461","0,0527","0,6667"
Cupressaceae,2025-Beta-2,Basel,0,"11,1286",11.02.2024,01.03.2024,"3,8459","4,6337","1,2048","0,3895"
Cupressaceae,2025-Beta-2,Basel,"0,2","11,1286",11.02.2024,01.03.2024,"3,8459","4,6337","1,2048","0,3895"
Cupressaceae,2025-Beta-2,Basel,"0,4","11,2733",11.02.2024,01.03.2024,"3,8016","4,5975","1,2094","0,3878"
Cupressaceae,2025-Beta-2,Basel,"0,6","12,7556",11.02.2024,01.03.2024,"3,3914","4,2021","1,239","0,3853"
Cupressaceae,2025-Beta-2,Basel,"0,75","14,8014",11.02.2024,01.03.2024,"2,9602","3,7528","1,2677","0,3756"
Cupressaceae,2025-Beta-2,Basel,"0,8","15,5062",11.02.2024,01.03.2024,"2,8103","3,5771","1,2728","0,3722"
Cupressaceae,2025-Beta-2,Basel,"0,85","16,71",11.02.2024,01.03.2024,"2,5969","3,383","1,3027","0,3656"
Cupressaceae,2025-Beta-2,Basel,"0,9","18,4726",11.02.2024,01.03.2024,"2,3559","3,1201","1,3244","0,362"
Cupressaceae,2025-Beta-2,Basel,"0,91","18,9767",11.02.2024,01.03.2024,"2,3004","3,0539","1,3275","0,3588"
Cupressaceae,2025-Beta-2,Basel,"0,92","19,61",11.02.2024,01.03.2024,"2,245","2,9774","1,3263","0,3586"
Cupressaceae,2025-Beta-2,Basel,"0,93","20,2098",11.02.2024,01.03.2024,"2,1903","2,9069","1,3272","0,3574"
Cupressaceae,2025-Beta-2,Basel,"0,94","20,8947",11.02.2024,01.03.2024,"2,1146","2,8139","1,3307","0,3546"
Cupressaceae,2025-Beta-2,Basel,"0,95","21,8566",11.02.2024,01.03.2024,"2,026","2,7192","1,3422","0,3501"
Cupressaceae,2025-Beta-2,Basel,"0,96","22,5661",11.02.2024,01.03.2024,"1,9409","2,6136","1,3466","0,3465"
Cupressaceae,2025-Beta-2,Basel,"0,97","23,9823",11.02.2024,01.03.2024,"1,8324","2,4611","1,3431","0,3434"
Cupressaceae,2025-Beta-2,Basel,"0,98","25,8648",11.02.2024,01.03.2024,"1,6987","2,2763","1,34","0,3376"
Cupressaceae,2025-Beta-2,Basel,"0,99","29,5374",11.02.2024,01.03.2024,"1,4772","1,9799","1,3402","0,3316"
Cupressaceae,2025-Beta-2,Basel,"0,999","46,6734",11.02.2024,01.03.2024,"0,9399","1,2132","1,2908","0,3087"
Cupressaceae,2025-Beta-2,Basel,"0,9999","80,5028",11.02.2024,01.03.2024,"0,5597","0,6984","1,2479","0,2934"
Cupressaceae,2025-Beta-2,Basel,1,"139,9343",11.02.2024,01.03.2024,"0,3313","0,3899","1,1772","0,2623"
Cupressaceae,2025-Beta-2,Basel,1,"220,5957",11.02.2024,01.03.2024,"0,1886","0,1952","1,0351","0,2243"
Cupressaceae,2025-Beta-2,Basel,1,"342,7563",11.02.2024,01.03.2024,"0,1166","0,1128","0,9676","0,1852"
Fagus,2025-Beta-2,Basel,0,"8,0845",06.04.2024,05.05.2024,"0,7194","0,0131","0,0182","0,633"
Fagus,2025-Beta-2,Basel,"0,2","8,0845",06.04.2024,05.05.2024,"0,7194","0,0131","0,0182","0,633"
Fagus,2025-Beta-2,Basel,"0,4","8,0845",06.04.2024,05.05.2024,"0,7194","0,0127","0,0176","0,637"
Fagus,2025-Beta-2,Basel,"0,6","8,3777",06.04.2024,05.05.2024,"0,6959","0,0102","0,0147","0,6552"
Fagus,2025-Beta-2,Basel,"0,75","8,6939",06.04.2024,05.05.2024,"0,6729","0,0082","0,0121","0,6832"
Fagus,2025-Beta-2,Basel,"0,8","8,8174",06.04.2024,05.05.2024,"0,6606","0,0072","0,0108","0,7002"
Fagus,2025-Beta-2,Basel,"0,85","8,9473",06.04.2024,05.05.2024,"0,6496","0,0063","0,0097","0,7074"
Fagus,2025-Beta-2,Basel,"0,9","9,1477",06.04.2024,05.05.2024,"0,636","0,0059","0,0093","0,7133"
Fagus,2025-Beta-2,Basel,"0,91","9,2384",06.04.2024,05.05.2024,"0,6318","0,0057","0,0091","0,7191"
Fagus,2025-Beta-2,Basel,"0,92","9,2888",06.04.2024,05.05.2024,"0,6288","0,0055","0,0088","0,7248"
Fagus,2025-Beta-2,Basel,"0,93","9,3329",06.04.2024,05.05.2024,"0,6257","0,0055","0,0088","0,7236"
Fagus,2025-Beta-2,Basel,"0,94","9,3998",06.04.2024,05.05.2024,"0,6215","0,0055","0,0089","0,7237"
Fagus,2025-Beta-2,Basel,"0,95","9,5132",06.04.2024,05.05.2024,"0,6149","0,0055","0,009","0,7236"
Fagus,2025-Beta-2,Basel,"0,96","9,609",06.04.2024,05.05.2024,"0,6083","0,0051","0,0084","0,7249"
Fagus,2025-Beta-2,Basel,"0,97","9,8074",06.04.2024,05.05.2024,"0,5902","0,0047","0,008","0,7107"
Fagus,2025-Beta-2,Basel,"0,98","10,0204",06.04.2024,05.05.2024,"0,5734","0,0047","0,0082","0,7122"
Fagus,2025-Beta-2,Basel,"0,99","10,429",06.04.2024,05.05.2024,"0,5542","0,0041","0,0074","0,732"
Fagus,2025-Beta-2,Basel,"0,999","11,8788",06.04.2024,05.05.2024,"0,4731","0,0029","0,006","0,7403"
Fagus,2025-Beta-2,Basel,"0,9999","13,0453",06.04.2024,05.05.2024,"0,426","0,0018","0,0043","0,7796"
Fagus,2025-Beta-2,Basel,1,"14,9058",06.04.2024,05.05.2024,"0,3715","0,0008","0,0022","0,8122"
Fagus,2025-Beta-2,Basel,1,"17,017",06.04.2024,05.05.2024,"0,3165","0,0006","0,0019","0,8274"
Fagus,2025-Beta-2,Basel,1,"19,9706",06.04.2024,05.05.2024,"0,2696","0,0004","0,0015","0,8245"
Fraxinus,2025-Beta-2,Basel,0,"0,8686",15.03.2024,11.04.2024,"52,1429","6,5337","0,1253","0,63"
Fraxinus,2025-Beta-2,Basel,"0,2","0,8686",15.03.2024,11.04.2024,"52,1429","6,5337","0,1253","0,63"
Fraxinus,2025-Beta-2,Basel,"0,4","0,871",15.03.2024,11.04.2024,"52,0207","6,4893","0,1247","0,63"
Fraxinus,2025-Beta-2,Basel,"0,6","0,9188",15.03.2024,11.04.2024,"49,8961","5,8915","0,1181","0,6388"
Fraxinus,2025-Beta-2,Basel,"0,75","0,983",15.03.2024,11.04.2024,"47,3185","5,2348","0,1106","0,6483"
Fraxinus,2025-Beta-2,Basel,"0,8","1,0118",15.03.2024,11.04.2024,"46,2761","4,9773","0,1076","0,6548"
Fraxinus,2025-Beta-2,Basel,"0,85","1,0465",15.03.2024,11.04.2024,"45,0532","4,6818","0,1039","0,6588"
Fraxinus,2025-Beta-2,Basel,"0,9","1,097",15.03.2024,11.04.2024,"43,4532","4,3319","0,0997","0,6678"
Fraxinus,2025-Beta-2,Basel,"0,91","1,1087",15.03.2024,11.04.2024,"43,0879","4,2519","0,0987","0,671"
Fraxinus,2025-Beta-2,Basel,"0,92","1,1226",15.03.2024,11.04.2024,"42,6699","4,1611","0,0975","0,6731"
Fraxinus,2025-Beta-2,Basel,"0,93","1,1373",15.03.2024,11.04.2024,"42,248","4,0654","0,0962","0,6731"
Fraxinus,2025-Beta-2,Basel,"0,94","1,1543",15.03.2024,11.04.2024,"41,7471","3,9561","0,0948","0,678"
Fraxinus,2025-Beta-2,Basel,"0,95","1,1762",15.03.2024,11.04.2024,"41,1496","3,839","0,0933","0,6786"
Fraxinus,2025-Beta-2,Basel,"0,96","1,2026",15.03.2024,11.04.2024,"40,4368","3,6932","0,0913","0,6829"
Fraxinus,2025-Beta-2,Basel,"0,97","1,2346",15.03.2024,11.04.2024,"39,6098","3,5211","0,0889","0,6879"
Fraxinus,2025-Beta-2,Basel,"0,98","1,2806",15.03.2024,11.04.2024,"38,4343","3,298","0,0858","0,6944"
Fraxinus,2025-Beta-2,Basel,"0,99","1,3618",15.03.2024,11.04.2024,"36,5855","2,9539","0,0807","0,7034"
Fraxinus,2025-Beta-2,Basel,"0,999","1,6387",15.03.2024,11.04.2024,"31,2572","2,1145","0,0676","0,7305"
Fraxinus,2025-Beta-2,Basel,"0,9999","1,9253",15.03.2024,11.04.2024,"27,0219","1,5818","0,0585","0,7446"
Fraxinus,2025-Beta-2,Basel,1,"2,2189",15.03.2024,11.04.2024,"23,5724","1,2213","0,0518","0,7539"
Fraxinus,2025-Beta-2,Basel,1,"2,5265",15.03.2024,11.04.2024,"20,7062","0,9749","0,0471","0,7587"
Fraxinus,2025-Beta-2,Basel,1,"2,7941",15.03.2024,11.04.2024,"18,6818","0,8428","0,0451","0,7491"
Pinaceae,2025-Beta-2,Basel,0,"3,295",09.04.2024,18.04.2024,"6,5881","2,9319","0,445","0,5694"
Pinaceae,2025-Beta-2,Basel,"0,2","3,295",09.04.2024,18.04.2024,"6,5881","2,9319","0,445","0,5694"
Pinaceae,2025-Beta-2,Basel,"0,4","3,2987",09.04.2024,18.04.2024,"6,5741","2,9129","0,4431","0,5711"
Pinaceae,2025-Beta-2,Basel,"0,6","3,3388",09.04.2024,18.04.2024,"6,463","2,783","0,4306","0,5833"
Pinaceae,2025-Beta-2,Basel,"0,75","3,3692",09.04.2024,18.04.2024,"6,3588","2,6745","0,4206","0,5983"
Pinaceae,2025-Beta-2,Basel,"0,8","3,379",09.04.2024,18.04.2024,"6,3237","2,636","0,4169","0,604"
Pinaceae,2025-Beta-2,Basel,"0,85","3,3861",09.04.2024,18.04.2024,"6,2925","2,597","0,4127","0,6094"
Pinaceae,2025-Beta-2,Basel,"0,9","3,4108",09.04.2024,18.04.2024,"6,2334","2,5445","0,4082","0,6128"
Pinaceae,2025-Beta-2,Basel,"0,91","3,4142",09.04.2024,18.04.2024,"6,2229","2,5326","0,407","0,6112"
Pinaceae,2025-Beta-2,Basel,"0,92","3,4198",09.04.2024,18.04.2024,"6,2037","2,5202","0,4062","0,6137"
Pinaceae,2025-Beta-2,Basel,"0,93","3,4279",09.04.2024,18.04.2024,"6,1846","2,5058","0,4052","0,6148"
Pinaceae,2025-Beta-2,Basel,"0,94","3,4326",09.04.2024,18.04.2024,"6,1707","2,4875","0,4031","0,6168"
Pinaceae,2025-Beta-2,Basel,"0,95","3,4371",09.04.2024,18.04.2024,"6,1655","2,4658","0,3999","0,6208"
Pinaceae,2025-Beta-2,Basel,"0,96","3,4451",09.04.2024,18.04.2024,"6,1499","2,4441","0,3974","0,6217"
Pinaceae,2025-Beta-2,Basel,"0,97","3,4547",09.04.2024,18.04.2024,"6,1256","2,4184","0,3948","0,6255"
Pinaceae,2025-Beta-2,Basel,"0,98","3,4729",09.04.2024,18.04.2024,"6,0802","2,3811","0,3916","0,6289"
Pinaceae,2025-Beta-2,Basel,"0,99","3,5042",09.04.2024,18.04.2024,"6,0195","2,3252","0,3863","0,6356"
Pinaceae,2025-Beta-2,Basel,"0,999","3,5726",09.04.2024,18.04.2024,"5,8457","2,1188","0,3625","0,6468"
Pinaceae,2025-Beta-2,Basel,"0,9999","3,66",09.04.2024,18.04.2024,"5,6855","1,8956","0,3334","0,6514"
Pinaceae,2025-Beta-2,Basel,1,"3,718",09.04.2024,18.04.2024,"5,5864","1,693","0,3031","0,659"
Pinaceae,2025-Beta-2,Basel,1,"3,8241",09.04.2024,18.04.2024,"5,4301","1,5394","0,2835","0,6709"
Pinaceae,2025-Beta-2,Basel,1,"3,9152",09.04.2024,18.04.2024,"5,2981","1,4573","0,2751","0,6865"
Platanus,2025-Beta-2,Basel,0,"8,2416",24.03.2024,18.04.2024,"17,0337","0,0908","0,0053","0,7135"
Platanus,2025-Beta-2,Basel,"0,2","8,2416",24.03.2024,18.04.2024,"17,0337","0,0908","0,0053","0,7135"
Platanus,2025-Beta-2,Basel,"0,4","8,2562",24.03.2024,18.04.2024,"16,9937","0,0898","0,0053","0,7142"
Platanus,2025-Beta-2,Basel,"0,6","8,7683",24.03.2024,18.04.2024,"15,9839","0,0814","0,0051","0,7225"
Platanus,2025-Beta-2,Basel,"0,75","9,604",24.03.2024,18.04.2024,"14,579","0,0717","0,0049","0,7324"
Platanus,2025-Beta-2,Basel,"0,8","9,9977",24.03.2024,18.04.2024,"14,0373","0,0673","0,0048","0,7321"
Platanus,2025-Beta-2,Basel,"0,85","10,495",24.03.2024,18.04.2024,"13,3853","0,063","0,0047","0,7345"
Platanus,2025-Beta-2,Basel,"0,9","11,2339",24.03.2024,18.04.2024,"12,5081","0,057","0,0046","0,7403"
Platanus,2025-Beta-2,Basel,"0,91","11,431",24.03.2024,18.04.2024,"12,298","0,0554","0,0045","0,7426"
Platanus,2025-Beta-2,Basel,"0,92","11,6246",24.03.2024,18.04.2024,"12,0897","0,0548","0,0045","0,7397"
Platanus,2025-Beta-2,Basel,"0,93","11,8802",24.03.2024,18.04.2024,"11,8317","0,0526","0,0044","0,7452"
Platanus,2025-Beta-2,Basel,"0,94","12,2058",24.03.2024,18.04.2024,"11,5331","0,0501","0,0043","0,7462"
Platanus,2025-Beta-2,Basel,"0,95","12,5772",24.03.2024,18.04.2024,"11,1869","0,0482","0,0043","0,7466"
Platanus,2025-Beta-2,Basel,"0,96","13,0474",24.03.2024,18.04.2024,"10,7888","0,0454","0,0042","0,7597"
Platanus,2025-Beta-2,Basel,"0,97","13,737",24.03.2024,18.04.2024,"10,2623","0,043","0,0042","0,7611"
Platanus,2025-Beta-2,Basel,"0,98","14,7151",24.03.2024,18.04.2024,"9,5924","0,0391","0,0041","0,7733"
Platanus,2025-Beta-2,Basel,"0,99","16,6511",24.03.2024,18.04.2024,"8,5128","0,0346","0,0041","0,7817"
Platanus,2025-Beta-2,Basel,"0,999","26,8526",24.03.2024,18.04.2024,"5,3695","0,0228","0,0042","0,7777"
Platanus,2025-Beta-2,Basel,"0,9999","47,0804",24.03.2024,18.04.2024,"3,1207","0,0127","0,0041","0,7922"
Platanus,2025-Beta-2,Basel,1,"91,964",24.03.2024,18.04.2024,"1,6218","0,0074","0,0046","0,8111"
Platanus,2025-Beta-2,Basel,1,"212,7518",24.03.2024,18.04.2024,"0,7085","0,0043","0,0061","0,8251"
Platanus,2025-Beta-2,Basel,1,"409,3033",24.03.2024,18.04.2024,"0,3615","0,0034","0,0095","0,7941"
Populus,2025-Beta-2,Basel,0,"1,8417",15.02.2024,24.02.2024,"5,6874","1,9566","0,344","0,4976"
Populus,2025-Beta-2,Basel,"0,2","1,8417",15.02.2024,24.02.2024,"5,6874","1,9566","0,344","0,4976"
Populus,2025-Beta-2,Basel,"0,4","1,8838",15.02.2024,24.02.2024,"5,5721","1,9288","0,3462","0,4987"
Populus,2025-Beta-2,Basel,"0,6","2,3835",15.02.2024,24.02.2024,"4,5118","1,673","0,3708","0,4972"
Populus,2025-Beta-2,Basel,"0,75","3,0688",15.02.2024,24.02.2024,"3,6304","1,4141","0,3895","0,5109"
Populus,2025-Beta-2,Basel,"0,8","3,4043",15.02.2024,24.02.2024,"3,3053","1,3156","0,398","0,5161"
Populus,2025-Beta-2,Basel,"0,85","3,819",15.02.2024,24.02.2024,"2,9558","1,2023","0,4068","0,5168"
Populus,2025-Beta-2,Basel,"0,9","4,4511",15.02.2024,24.02.2024,"2,6103","1,0637","0,4075","0,5246"
Populus,2025-Beta-2,Basel,"0,91","4,6498",15.02.2024,24.02.2024,"2,5251","1,0344","0,4097","0,5266"
Populus,2025-Beta-2,Basel,"0,92","4,8687",15.02.2024,24.02.2024,"2,419","1,0025","0,4144","0,5265"
Populus,2025-Beta-2,Basel,"0,93","5,0795",15.02.2024,24.02.2024,"2,3405","0,9701","0,4145","0,5288"
Populus,2025-Beta-2,Basel,"0,94","5,3731",15.02.2024,24.02.2024,"2,2269","0,9292","0,4173","0,533"
Populus,2025-Beta-2,Basel,"0,95","5,6441",15.02.2024,24.02.2024,"2,1189","0,8842","0,4173","0,5355"
Populus,2025-Beta-2,Basel,"0,96","5,9232",15.02.2024,24.02.2024,"2,0103","0,8354","0,4156","0,536"
Populus,2025-Beta-2,Basel,"0,97","6,4669",15.02.2024,24.02.2024,"1,8608","0,7765","0,4173","0,5434"
Populus,2025-Beta-2,Basel,"0,98","7,5463",15.02.2024,24.02.2024,"1,6335","0,7062","0,4323","0,5473"
Populus,2025-Beta-2,Basel,"0,99","9,1671",15.02.2024,24.02.2024,"1,3774","0,5913","0,4293","0,5512"
Populus,2025-Beta-2,Basel,"0,999","16,1528",15.02.2024,24.02.2024,"0,7916","0,3227","0,4077","0,5683"
Populus,2025-Beta-2,Basel,"0,9999","30,6556",15.02.2024,24.02.2024,"0,4177","0,1661","0,3976","0,5722"
Populus,2025-Beta-2,Basel,1,"50,4544",15.02.2024,24.02.2024,"0,2196","0,083","0,3781","0,5385"
Populus,2025-Beta-2,Basel,1,"91,3163",15.02.2024,24.02.2024,"0,1066","0,0358","0,336","0,5152"
Populus,2025-Beta-2,Basel,1,"146,994",15.02.2024,24.02.2024,"0,0528","0,0177","0,3359","0,4375"
Quercus,2025-Beta-2,Basel,0,"1,7704",03.04.2024,05.05.2024,"59,2897","8,5456","0,1441","0,4471"
Quercus,2025-Beta-2,Basel,"0,2","1,7704",03.04.2024,05.05.2024,"59,2897","8,5456","0,1441","0,4471"
Quercus,2025-Beta-2,Basel,"0,4","1,7745",03.04.2024,05.05.2024,"59,1825","8,4905","0,1435","0,448"
Quercus,2025-Beta-2,Basel,"0,6","1,8546",03.04.2024,05.05.2024,"57,2281","7,7861","0,1361","0,4563"
Quercus,2025-Beta-2,Basel,"0,75","1,9736",03.04.2024,05.05.2024,"54,5594","6,9406","0,1272","0,4734"
Quercus,2025-Beta-2,Basel,"0,8","2,0241",03.04.2024,05.05.2024,"53,4789","6,6248","0,1239","0,4775"
Quercus,2025-Beta-2,Basel,"0,85","2,0928",03.04.2024,05.05.2024,"52,133","6,2574","0,12","0,4834"
Quercus,2025-Beta-2,Basel,"0,9","2,1814",03.04.2024,05.05.2024,"50,4603","5,7988","0,1149","0,4889"
Quercus,2025-Beta-2,Basel,"0,91","2,206",03.04.2024,05.05.2024,"50,0199","5,6814","0,1136","0,4902"
Quercus,2025-Beta-2,Basel,"0,92","2,2347",03.04.2024,05.05.2024,"49,5286","5,5505","0,1121","0,4918"
Quercus,2025-Beta-2,Basel,"0,93","2,2628",03.04.2024,05.05.2024,"49,0473","5,4116","0,1103","0,4943"
Quercus,2025-Beta-2,Basel,"0,94","2,2955",03.04.2024,05.05.2024,"48,4767","5,261","0,1085","0,496"
Quercus,2025-Beta-2,Basel,"0,95","2,3376",03.04.2024,05.05.2024,"47,7807","5,0905","0,1065","0,4983"
Quercus,2025-Beta-2,Basel,"0,96","2,3908",03.04.2024,05.05.2024,"46,9151","4,882","0,1041","0,5"
Quercus,2025-Beta-2,Basel,"0,97","2,4602",03.04.2024,05.05.2024,"45,8512","4,6196","0,1008","0,5028"
Quercus,2025-Beta-2,Basel,"0,98","2,5616",03.04.2024,05.05.2024,"44,3867","4,2683","0,0962","0,5119"
Quercus,2025-Beta-2,Basel,"0,99","2,7381",03.04.2024,05.05.2024,"42,0097","3,7319","0,0888","0,5216"
Quercus,2025-Beta-2,Basel,"0,999","3,3985",03.04.2024,05.05.2024,"34,8174","2,3259","0,0668","0,543"
Quercus,2025-Beta-2,Basel,"0,9999","4,1692",03.04.2024,05.05.2024,"28,7378","1,3682","0,0476","0,5888"
Quercus,2025-Beta-2,Basel,1,"5,0371",03.04.2024,05.05.2024,"23,6522","0,784","0,0331","0,6149"
Quercus,2025-Beta-2,Basel,1,"6,0581",03.04.2024,05.05.2024,"19,3277","0,434","0,0225","0,6335"
Quercus,2025-Beta-2,Basel,1,"6,9687",03.04.2024,05.05.2024,"16,5036","0,2776","0,0168","0,6399"
Taxus,2025-Beta-2,Basel,0,"2,7549",03.02.2024,18.03.2024,"133,3545","5,5677","0,0418","0,6842"
Taxus,2025-Beta-2,Basel,"0,2","2,7549",03.02.2024,18.03.2024,"133,3545","5,5677","0,0418","0,6842"
Taxus,2025-Beta-2,Basel,"0,4","2,7565",03.02.2024,18.03.2024,"133,2431","5,5245","0,0415","0,6845"
Taxus,2025-Beta-2,Basel,"0,6","2,7841",03.02.2024,18.03.2024,"131,4782","5,0573","0,0385","0,6861"
Taxus,2025-Beta-2,Basel,"0,75","2,8267",03.02.2024,18.03.2024,"128,9684","4,5388","0,0352","0,6876"
Taxus,2025-Beta-2,Basel,"0,8","2,8465",03.02.2024,18.03.2024,"127,8456","4,3386","0,0339","0,6887"
Taxus,2025-Beta-2,Basel,"0,85","2,8711",03.02.2024,18.03.2024,"126,4575","4,111","0,0325","0,6914"
Taxus,2025-Beta-2,Basel,"0,9","2,9071",03.02.2024,18.03.2024,"124,4551","3,8279","0,0308","0,6932"
Taxus,2025-Beta-2,Basel,"0,91","2,9168",03.02.2024,18.03.2024,"123,9509","3,7618","0,0303","0,6923"
Taxus,2025-Beta-2,Basel,"0,92","2,928",03.02.2024,18.03.2024,"123,3781","3,6837","0,0299","0,6925"
Taxus,2025-Beta-2,Basel,"0,93","2,9412",03.02.2024,18.03.2024,"122,7291","3,6032","0,0294","0,6934"
Taxus,2025-Beta-2,Basel,"0,94","2,9563",03.02.2024,18.03.2024,"121,9501","3,5009","0,0287","0,6938"
Taxus,2025-Beta-2,Basel,"0,95","2,9745",03.02.2024,18.03.2024,"121,0407","3,4027","0,0281","0,6945"
Taxus,2025-Beta-2,Basel,"0,96","2,9976",03.02.2024,18.03.2024,"119,91","3,2798","0,0274","0,6945"
Taxus,2025-Beta-2,Basel,"0,97","3,0272",03.02.2024,18.03.2024,"118,4882","3,1149","0,0263","0,6964"
Taxus,2025-Beta-2,Basel,"0,98","3,073",03.02.2024,18.03.2024,"116,431","2,8935","0,0249","0,6997"
Taxus,2025-Beta-2,Basel,"0,99","3,1574",03.02.2024,18.03.2024,"112,8896","2,5652","0,0227","0,7015"
Taxus,2025-Beta-2,Basel,"0,999","3,5397",03.02.2024,18.03.2024,"99,8227","1,6847","0,0169","0,7101"
Taxus,2025-Beta-2,Basel,"0,9999","4,1739",03.02.2024,18.03.2024,"84,3982","1,0499","0,0124","0,7071"
Taxus,2025-Beta-2,Basel,1,"5,2628",03.02.2024,18.03.2024,"66,9372","0,6427","0,0096","0,716"
Taxus,2025-Beta-2,Basel,1,"7,3276",03.02.2024,18.03.2024,"48,1777","0,3648","0,0076","0,7125"
Taxus,2025-Beta-2,Basel,1,"10,2714",03.02.2024,18.03.2024,"34,4665","0,2272","0,0066","0,7086"
Alnus,2025-Beta-2,Buchs,0,"4,8453",26.01.2024,24.02.2024,"17,4664","1,0358","0,0593","0,4722"
Alnus,2025-Beta-2,Buchs,"0,2","4,8453",26.01.2024,24.02.2024,"17,4664","1,0358","0,0593","0,4722"
Alnus,2025-Beta-2,Buchs,"0,4","4,8465",26.01.2024,24.02.2024,"17,4612","1,0323","0,0591","0,4729"
Alnus,2025-Beta-2,Buchs,"0,6","4,9173",26.01.2024,24.02.2024,"17,1365","0,9804","0,0572","0,478"
Alnus,2025-Beta-2,Buchs,"0,75","5,0176",26.01.2024,24.02.2024,"16,7232","0,9135","0,0546","0,4804"
Alnus,2025-Beta-2,Buchs,"0,8","5,0611",26.01.2024,24.02.2024,"16,549","0,8882","0,0537","0,4836"
Alnus,2025-Beta-2,Buchs,"0,85","5,114",26.01.2024,24.02.2024,"16,3378","0,8571","0,0525","0,484"
Alnus,2025-Beta-2,Buchs,"0,9","5,1852",26.01.2024,24.02.2024,"16,0546","0,8195","0,051","0,4892"
Alnus,2025-Beta-2,Buchs,"0,91","5,2034",26.01.2024,24.02.2024,"15,9828","0,8083","0,0506","0,4888"
Alnus,2025-Beta-2,Buchs,"0,92","5,2251",26.01.2024,24.02.2024,"15,9012","0,7975","0,0502","0,49"
Alnus,2025-Beta-2,Buchs,"0,93","5,2511",26.01.2024,24.02.2024,"15,8051","0,7833","0,0496","0,4917"
Alnus,2025-Beta-2,Buchs,"0,94","5,2774",26.01.2024,24.02.2024,"15,7003","0,7687","0,049","0,4925"
Alnus,2025-Beta-2,Buchs,"0,95","5,3113",26.01.2024,24.02.2024,"15,5759","0,7561","0,0485","0,4951"
Alnus,2025-Beta-2,Buchs,"0,96","5,3468",26.01.2024,24.02.2024,"15,4433","0,7389","0,0478","0,4967"
Alnus,2025-Beta-2,Buchs,"0,97","5,3978",26.01.2024,24.02.2024,"15,2628","0,7139","0,0468","0,5021"
Alnus,2025-Beta-2,Buchs,"0,98","5,4723",26.01.2024,24.02.2024,"15,0029","0,6851","0,0457","0,5051"
Alnus,2025-Beta-2,Buchs,"0,99","5,606",26.01.2024,24.02.2024,"14,559","0,6382","0,0438","0,5057"
Alnus,2025-Beta-2,Buchs,"0,999","6,1047",26.01.2024,24.02.2024,"13,0574","0,5033","0,0385","0,5092"
Alnus,2025-Beta-2,Buchs,"0,9999","6,7555",26.01.2024,24.02.2024,"11,4617","0,3869","0,0338","0,5261"
Alnus,2025-Beta-2,Buchs,1,"7,6082",26.01.2024,24.02.2024,"9,7338","0,2936","0,0302","0,5391"
Alnus,2025-Beta-2,Buchs,1,"8,8133",26.01.2024,24.02.2024,"8,0246","0,2173","0,0271","0,5408"
Alnus,2025-Beta-2,Buchs,1,"10,1257",26.01.2024,24.02.2024,"6,6817","0,172","0,0257","0,5547"
Betula,2025-Beta-2,Buchs,0,"3,5965",17.03.2024,18.04.2024,"50,0169","3,1297","0,0626","0,384"
Betula,2025-Beta-2,Buchs,"0,2","3,5965",17.03.2024,18.04.2024,"50,0169","3,1297","0,0626","0,384"
Betula,2025-Beta-2,Buchs,"0,4","3,6002",17.03.2024,18.04.2024,"49,9633","3,113","0,0623","0,3847"
Betula,2025-Beta-2,Buchs,"0,6","3,6636",17.03.2024,18.04.2024,"48,9824","2,885","0,0589","0,3831"
Betula,2025-Beta-2,Buchs,"0,75","3,7603",17.03.2024,18.04.2024,"47,6116","2,6141","0,0549","0,3891"
Betula,2025-Beta-2,Buchs,"0,8","3,804",17.03.2024,18.04.2024,"47,0106","2,5038","0,0533","0,3899"
Betula,2025-Beta-2,Buchs,"0,85","3,8583",17.03.2024,18.04.2024,"46,3002","2,3843","0,0515","0,3927"
Betula,2025-Beta-2,Buchs,"0,9","3,9307",17.03.2024,18.04.2024,"45,3678","2,2303","0,0492","0,3962"
Betula,2025-Beta-2,Buchs,"0,91","3,9511",17.03.2024,18.04.2024,"45,1206","2,1904","0,0485","0,3966"
Betula,2025-Beta-2,Buchs,"0,92","3,9725",17.03.2024,18.04.2024,"44,8538","2,1498","0,0479","0,3984"
Betula,2025-Beta-2,Buchs,"0,93","3,9979",17.03.2024,18.04.2024,"44,5517","2,1025","0,0472","0,3987"
Betula,2025-Beta-2,Buchs,"0,94","4,0256",17.03.2024,18.04.2024,"44,2197","2,0522","0,0464","0,4008"
Betula,2025-Beta-2,Buchs,"0,95","4,0586",17.03.2024,18.04.2024,"43,8341","1,9954","0,0455","0,4037"
Betula,2025-Beta-2,Buchs,"0,96","4,1019",17.03.2024,18.04.2024,"43,3453","1,9265","0,0444","0,4039"
Betula,2025-Beta-2,Buchs,"0,97","4,1592",17.03.2024,18.04.2024,"42,6996","1,841","0,0431","0,4052"
Betula,2025-Beta-2,Buchs,"0,98","4,2419",17.03.2024,18.04.2024,"41,8114","1,7277","0,0413","0,4085"
Betula,2025-Beta-2,Buchs,"0,99","4,389",17.03.2024,18.04.2024,"40,2989","1,5485","0,0384","0,4115"
Betula,2025-Beta-2,Buchs,"0,999","5,0048",17.03.2024,18.04.2024,"35,0339","1,0558","0,0301","0,4359"
Betula,2025-Beta-2,Buchs,"0,9999","5,9013",17.03.2024,18.04.2024,"29,5123","0,7052","0,0239","0,4469"
Betula,2025-Beta-2,Buchs,1,"7,248",17.03.2024,18.04.2024,"23,9047","0,4632","0,0194","0,4768"
Betula,2025-Beta-2,Buchs,1,"9,3468",17.03.2024,18.04.2024,"18,5099","0,2925","0,0158","0,4833"
Betula,2025-Beta-2,Buchs,1,"11,648",17.03.2024,18.04.2024,"14,8147","0,2059","0,0139","0,4996"
Corylus,2025-Beta-2,Buchs,0,"5,7218",23.01.2024,16.03.2024,"9,4993","0,8986","0,0946","0,4157"
Corylus,2025-Beta-2,Buchs,"0,2","5,7218",23.01.2024,16.03.2024,"9,4993","0,8986","0,0946","0,4157"
Corylus,2025-Beta-2,Buchs,"0,4","5,726",23.01.2024,16.03.2024,"9,4906","0,8952","0,0943","0,416"
Corylus,2025-Beta-2,Buchs,"0,6","5,88",23.01.2024,16.03.2024,"9,2366","0,8298","0,0898","0,4191"
Corylus,2025-Beta-2,Buchs,"0,75","6,1104",23.01.2024,16.03.2024,"8,8681","0,7456","0,0841","0,4284"
Corylus,2025-Beta-2,Buchs,"0,8","6,227",23.01.2024,16.03.2024,"8,7003","0,7151","0,0822","0,4274"
Corylus,2025-Beta-2,Buchs,"0,85","6,3661",23.01.2024,16.03.2024,"8,5022","0,6786","0,0798","0,4317"
Corylus,2025-Beta-2,Buchs,"0,9","6,5475",23.01.2024,16.03.2024,"8,2652","0,6334","0,0766","0,4334"
Corylus,2025-Beta-2,Buchs,"0,91","6,6062",23.01.2024,16.03.2024,"8,1996","0,6189","0,0755","0,4343"
Corylus,2025-Beta-2,Buchs,"0,92","6,6604",23.01.2024,16.03.2024,"8,1324","0,6047","0,0744","0,4353"
Corylus,2025-Beta-2,Buchs,"0,93","6,7263",23.01.2024,16.03.2024,"8,0497","0,5884","0,0731","0,4363"
Corylus,2025-Beta-2,Buchs,"0,94","6,8145",23.01.2024,16.03.2024,"7,9517","0,5723","0,072","0,4385"
Corylus,2025-Beta-2,Buchs,"0,95","6,8965",23.01.2024,16.03.2024,"7,8562","0,5536","0,0705","0,4393"
Corylus,2025-Beta-2,Buchs,"0,96","7,0051",23.01.2024,16.03.2024,"7,7385","0,5318","0,0687","0,4424"
Corylus,2025-Beta-2,Buchs,"0,97","7,1589",23.01.2024,16.03.2024,"7,5649","0,5057","0,0668","0,4436"
Corylus,2025-Beta-2,Buchs,"0,98","7,3803",23.01.2024,16.03.2024,"7,3292","0,4705","0,0642","0,4461"
Corylus,2025-Beta-2,Buchs,"0,99","7,7451",23.01.2024,16.03.2024,"6,981","0,4146","0,0594","0,4514"
Corylus,2025-Beta-2,Buchs,"0,999","9,3314",23.01.2024,16.03.2024,"5,7858","0,2746","0,0475","0,4759"
Corylus,2025-Beta-2,Buchs,"0,9999","11,5732",23.01.2024,16.03.2024,"4,6714","0,1741","0,0373","0,4834"
Corylus,2025-Beta-2,Buchs,1,"15,041",23.01.2024,16.03.2024,"3,61","0,1043","0,0289","0,5117"
Corylus,2025-Beta-2,Buchs,1,"20,1167",23.01.2024,16.03.2024,"2,7036","0,0596","0,0221","0,5374"
Corylus,2025-Beta-2,Buchs,1,"25,9605",23.01.2024,16.03.2024,"2,0933","0,0362","0,0173","0,5574"
Cupressaceae,2025-Beta-2,Buchs,0,"0,8005",03.04.2024,12.04.2024,"13,5783","5,8692","0,4323","0,1755"
Cupressaceae,2025-Beta-2,Buchs,"0,2","0,8005",03.04.2024,12.04.2024,"13,5783","5,8692","0,4323","0,1755"
Cupressaceae,2025-Beta-2,Buchs,"0,4","0,8026",03.04.2024,12.04.2024,"13,5036","5,8528","0,4334","0,1756"
Cupressaceae,2025-Beta-2,Buchs,"0,6","0,8343",03.04.2024,12.04.2024,"12,8265","5,561","0,4336","0,1748"
Cupressaceae,2025-Beta-2,Buchs,"0,75","0,8782",03.04.2024,12.04.2024,"11,9931","5,1994","0,4335","0,173"
Cupressaceae,2025-Beta-2,Buchs,"0,8","0,8984",03.04.2024,12.04.2024,"11,5921","5,0527","0,4359","0,1721"
Cupressaceae,2025-Beta-2,Buchs,"0,85","0,9324",03.04.2024,12.04.2024,"11,1806","4,8736","0,4359","0,172"
Cupressaceae,2025-Beta-2,Buchs,"0,9","0,979",03.04.2024,12.04.2024,"10,6667","4,6484","0,4358","0,1711"
Cupressaceae,2025-Beta-2,Buchs,"0,91","0,9907",03.04.2024,12.04.2024,"10,5556","4,5945","0,4353","0,1718"
Cupressaceae,2025-Beta-2,Buchs,"0,92","1,0006",03.04.2024,12.04.2024,"10,4393","4,5365","0,4346","0,1704"
Cupressaceae,2025-Beta-2,Buchs,"0,93","1,0148",03.04.2024,12.04.2024,"10,2518","4,4717","0,4362","0,1699"
Cupressaceae,2025-Beta-2,Buchs,"0,94","1,0279",03.04.2024,12.04.2024,"10,0765","4,3929","0,436","0,1672"
Cupressaceae,2025-Beta-2,Buchs,"0,95","1,0428",03.04.2024,12.04.2024,"9,8872","4,3041","0,4353","0,1666"
Cupressaceae,2025-Beta-2,Buchs,"0,96","1,0665",03.04.2024,12.04.2024,"9,6494","4,2038","0,4357","0,1661"
Cupressaceae,2025-Beta-2,Buchs,"0,97","1,0976",03.04.2024,12.04.2024,"9,3664","4,0763","0,4352","0,1658"
Cupressaceae,2025-Beta-2,Buchs,"0,98","1,137",03.04.2024,12.04.2024,"8,9688","3,8948","0,4343","0,1653"
Cupressaceae,2025-Beta-2,Buchs,"0,99","1,2069",03.04.2024,12.04.2024,"8,3265","3,5931","0,4315","0,1632"
Cupressaceae,2025-Beta-2,Buchs,"0,999","1,4909",03.04.2024,12.04.2024,"6,323","2,7579","0,4362","0,1521"
Cupressaceae,2025-Beta-2,Buchs,"0,9999","1,8878",03.04.2024,12.04.2024,"4,6633","2,0488","0,4393","0,1422"
Cupressaceae,2025-Beta-2,Buchs,1,"2,4815",03.04.2024,12.04.2024,"3,401","1,4708","0,4325","0,1279"
Cupressaceae,2025-Beta-2,Buchs,1,"3,3468",03.04.2024,12.04.2024,"2,4184","1,0149","0,4196","0,1228"
Cupressaceae,2025-Beta-2,Buchs,1,"4,4007",03.04.2024,12.04.2024,"1,7378","0,7436","0,4279","0,1162"
Fagus,2025-Beta-2,Buchs,0,"3,9319",05.04.2024,19.05.2024,"5,0607","0,8679","0,1715","0,4092"
Fagus,2025-Beta-2,Buchs,"0,2","3,9319",05.04.2024,19.05.2024,"5,0607","0,8679","0,1715","0,4092"
Fagus,2025-Beta-2,Buchs,"0,4","3,9421",05.04.2024,19.05.2024,"5,0437","0,8613","0,1708","0,41"
Fagus,2025-Beta-2,Buchs,"0,6","4,1463",05.04.2024,19.05.2024,"4,7767","0,7614","0,1594","0,4187"
Fagus,2025-Beta-2,Buchs,"0,75","4,42",05.04.2024,19.05.2024,"4,4403","0,6553","0,1476","0,4288"
Fagus,2025-Beta-2,Buchs,"0,8","4,5336",05.04.2024,19.05.2024,"4,3207","0,6122","0,1417","0,4338"
Fagus,2025-Beta-2,Buchs,"0,85","4,7021",05.04.2024,19.05.2024,"4,161","0,5671","0,1363","0,437"
Fagus,2025-Beta-2,Buchs,"0,9","4,9329",05.04.2024,19.05.2024,"3,9781","0,506","0,1272","0,4458"
Fagus,2025-Beta-2,Buchs,"0,91","4,991",05.04.2024,19.05.2024,"3,931","0,492","0,1252","0,4474"
Fagus,2025-Beta-2,Buchs,"0,92","5,0559",05.04.2024,19.05.2024,"3,8789","0,4789","0,1235","0,4494"
Fagus,2025-Beta-2,Buchs,"0,93","5,1255",05.04.2024,19.05.2024,"3,828","0,4617","0,1206","0,4491"
Fagus,2025-Beta-2,Buchs,"0,94","5,1976",05.04.2024,19.05.2024,"3,7674","0,4447","0,118","0,4506"
Fagus,2025-Beta-2,Buchs,"0,95","5,2812",05.04.2024,19.05.2024,"3,7084","0,4254","0,1147","0,4541"
Fagus,2025-Beta-2,Buchs,"0,96","5,3822",05.04.2024,19.05.2024,"3,6362","0,4027","0,1107","0,4572"
Fagus,2025-Beta-2,Buchs,"0,97","5,5427",05.04.2024,19.05.2024,"3,529","0,3758","0,1065","0,4611"
Fagus,2025-Beta-2,Buchs,"0,98","5,7434",05.04.2024,19.05.2024,"3,3997","0,3418","0,1005","0,4672"
Fagus,2025-Beta-2,Buchs,"0,99","6,1343",05.04.2024,19.05.2024,"3,1848","0,286","0,0898","0,4776"
Fagus,2025-Beta-2,Buchs,"0,999","7,3665",05.04.2024,19.05.2024,"2,6435","0,1572","0,0595","0,514"
Fagus,2025-Beta-2,Buchs,"0,9999","8,6972",05.04.2024,19.05.2024,"2,2485","0,0856","0,0381","0,5461"
Fagus,2025-Beta-2,Buchs,1,"10,2424",05.04.2024,19.05.2024,"1,9464","0,0424","0,0218","0,5936"
Fagus,2025-Beta-2,Buchs,1,"11,8318",05.04.2024,19.05.2024,"1,7026","0,0212","0,0125","0,6361"
Fagus,2025-Beta-2,Buchs,1,"12,9303",05.04.2024,19.05.2024,"1,5371","0,0141","0,0092","0,6595"
Fraxinus,2025-Beta-2,Buchs,0,"2,2802",11.03.2024,12.04.2024,"38,2892","6,74","0,176","0,4233"
Fraxinus,2025-Beta-2,Buchs,"0,2","2,2802",11.03.2024,12.04.2024,"38,2892","6,7399","0,176","0,4233"
Fraxinus,2025-Beta-2,Buchs,"0,4","2,2856",11.03.2024,12.04.2024,"38,2172","6,7085","0,1755","0,4236"
Fraxinus,2025-Beta-2,Buchs,"0,6","2,3622",11.03.2024,12.04.2024,"37,1505","6,267","0,1687","0,4305"
Fraxinus,2025-Beta-2,Buchs,"0,75","2,456",11.03.2024,12.04.2024,"35,8379","5,7152","0,1595","0,4384"
Fraxinus,2025-Beta-2,Buchs,"0,8","2,4936",11.03.2024,12.04.2024,"35,3242","5,4969","0,1556","0,4433"
Fraxinus,2025-Beta-2,Buchs,"0,85","2,5397",11.03.2024,12.04.2024,"34,7077","5,2399","0,151","0,4478"
Fraxinus,2025-Beta-2,Buchs,"0,9","2,5984",11.03.2024,12.04.2024,"33,9282","4,9147","0,1449","0,4529"
Fraxinus,2025-Beta-2,Buchs,"0,91","2,6121",11.03.2024,12.04.2024,"33,7473","4,8342","0,1432","0,4545"
Fraxinus,2025-Beta-2,Buchs,"0,92","2,627",11.03.2024,12.04.2024,"33,5483","4,7464","0,1415","0,4546"
Fraxinus,2025-Beta-2,Buchs,"0,93","2,6448",11.03.2024,12.04.2024,"33,3184","4,6529","0,1396","0,4571"
Fraxinus,2025-Beta-2,Buchs,"0,94","2,6658",11.03.2024,12.04.2024,"33,0557","4,5445","0,1375","0,4586"
Fraxinus,2025-Beta-2,Buchs,"0,95","2,6895",11.03.2024,12.04.2024,"32,7394","4,4191","0,135","0,4602"
Fraxinus,2025-Beta-2,Buchs,"0,96","2,7184",11.03.2024,12.04.2024,"32,3753","4,2706","0,1319","0,4645"
Fraxinus,2025-Beta-2,Buchs,"0,97","2,755",11.03.2024,12.04.2024,"31,9074","4,0816","0,1279","0,4675"
Fraxinus,2025-Beta-2,Buchs,"0,98","2,8038",11.03.2024,12.04.2024,"31,2891","3,8246","0,1222","0,4725"
Fraxinus,2025-Beta-2,Buchs,"0,99","2,8823",11.03.2024,12.04.2024,"30,3234","3,4174","0,1127","0,4794"
Fraxinus,2025-Beta-2,Buchs,"0,999","3,1257",11.03.2024,12.04.2024,"27,4897","2,2898","0,0833","0,5062"
Fraxinus,2025-Beta-2,Buchs,"0,9999","3,364",11.03.2024,12.04.2024,"25,069","1,4633","0,0584","0,5252"
Fraxinus,2025-Beta-2,Buchs,1,"3,5946",11.03.2024,12.04.2024,"23,0974","0,8932","0,0387","0,5394"
Fraxinus,2025-Beta-2,Buchs,1,"3,8484",11.03.2024,12.04.2024,"21,3044","0,5263","0,0247","0,5532"
Fraxinus,2025-Beta-2,Buchs,1,"4,0656",11.03.2024,12.04.2024,"20,0017","0,3628","0,0181","0,5578"
Pinaceae,2025-Beta-2,Buchs,0,"2,2889",06.04.2024,22.04.2024,"14,3044","4,5233","0,3162","0,6448"
Pinaceae,2025-Beta-2,Buchs,"0,2","2,2889",06.04.2024,22.04.2024,"14,3044","4,5233","0,3162","0,6448"
Pinaceae,2025-Beta-2,Buchs,"0,4","2,2897",06.04.2024,22.04.2024,"14,2962","4,5191","0,3161","0,6452"
Pinaceae,2025-Beta-2,Buchs,"0,6","2,2953",06.04.2024,22.04.2024,"14,24","4,4478","0,3123","0,6475"
Pinaceae,2025-Beta-2,Buchs,"0,75","2,3054",06.04.2024,22.04.2024,"14,1512","4,3461","0,3071","0,6517"
Pinaceae,2025-Beta-2,Buchs,"0,8","2,3107",06.04.2024,22.04.2024,"14,1164","4,3047","0,3049","0,6532"
Pinaceae,2025-Beta-2,Buchs,"0,85","2,3173",06.04.2024,22.04.2024,"14,0705","4,2533","0,3023","0,6556"
Pinaceae,2025-Beta-2,Buchs,"0,9","2,3236",06.04.2024,22.04.2024,"14,0215","4,1842","0,2984","0,6569"
Pinaceae,2025-Beta-2,Buchs,"0,91","2,3258",06.04.2024,22.04.2024,"14,0061","4,167","0,2975","0,6579"
Pinaceae,2025-Beta-2,Buchs,"0,92","2,3283",06.04.2024,22.04.2024,"13,9908","4,1501","0,2966","0,6589"
Pinaceae,2025-Beta-2,Buchs,"0,93","2,33",06.04.2024,22.04.2024,"13,9745","4,1254","0,2952","0,6599"
Pinaceae,2025-Beta-2,Buchs,"0,94","2,3326",06.04.2024,22.04.2024,"13,952","4,1019","0,294","0,66"
Pinaceae,2025-Beta-2,Buchs,"0,95","2,3345",06.04.2024,22.04.2024,"13,9387","4,0752","0,2924","0,6602"
Pinaceae,2025-Beta-2,Buchs,"0,96","2,3376",06.04.2024,22.04.2024,"13,9122","4,0382","0,2903","0,6605"
Pinaceae,2025-Beta-2,Buchs,"0,97","2,3419",06.04.2024,22.04.2024,"13,8836","3,9949","0,2877","0,6618"
Pinaceae,2025-Beta-2,Buchs,"0,98","2,3502",06.04.2024,22.04.2024,"13,8142","3,9303","0,2845","0,6636"
Pinaceae,2025-Beta-2,Buchs,"0,99","2,3604",06.04.2024,22.04.2024,"13,7427","3,8229","0,2782","0,6664"
Pinaceae,2025-Beta-2,Buchs,"0,999","2,4065",06.04.2024,22.04.2024,"13,4618","3,4627","0,2572","0,6744"
Pinaceae,2025-Beta-2,Buchs,"0,9999","2,4695",06.04.2024,22.04.2024,"13,1585","3,1063","0,2361","0,6824"
Pinaceae,2025-Beta-2,Buchs,1,"2,5443",06.04.2024,22.04.2024,"12,8082","2,7712","0,2164","0,6828"
Pinaceae,2025-Beta-2,Buchs,1,"2,6518",06.04.2024,22.04.2024,"12,3722","2,4933","0,2015","0,6811"
Pinaceae,2025-Beta-2,Buchs,1,"2,738",06.04.2024,22.04.2024,"12,0229","2,3242","0,1933","0,6878"
Poaceae,2025-Beta-2,Buchs,0,"9,2273",24.04.2024,03.08.2024,"13,6968","2,2382","0,1634","0,7884"
Poaceae,2025-Beta-2,Buchs,"0,2","9,2273",24.04.2024,03.08.2024,"13,6968","2,2382","0,1634","0,7884"
Poaceae,2025-Beta-2,Buchs,"0,4","9,2342",24.04.2024,03.08.2024,"13,6866","2,2327","0,1631","0,7886"
Poaceae,2025-Beta-2,Buchs,"0,6","9,3752",24.04.2024,03.08.2024,"13,4739","2,151","0,1596","0,7908"
Poaceae,2025-Beta-2,Buchs,"0,75","9,5764",24.04.2024,03.08.2024,"13,1904","2,0547","0,1558","0,7922"
Poaceae,2025-Beta-2,Buchs,"0,8","9,6625",24.04.2024,03.08.2024,"13,0657","2,0117","0,154","0,793"
Poaceae,2025-Beta-2,Buchs,"0,85","9,7807",24.04.2024,03.08.2024,"12,9101","1,9662","0,1523","0,7941"
Poaceae,2025-Beta-2,Buchs,"0,9","9,9278",24.04.2024,03.08.2024,"12,7139","1,9052","0,1498","0,795"
Poaceae,2025-Beta-2,Buchs,"0,91","9,9633",24.04.2024,03.08.2024,"12,6682","1,8927","0,1494","0,7945"
Poaceae,2025-Beta-2,Buchs,"0,92","10,0088",24.04.2024,03.08.2024,"12,6091","1,8771","0,1489","0,7948"
Poaceae,2025-Beta-2,Buchs,"0,93","10,0517",24.04.2024,03.08.2024,"12,552","1,8606","0,1482","0,7954"
Poaceae,2025-Beta-2,Buchs,"0,94","10,102",24.04.2024,03.08.2024,"12,4886","1,8408","0,1474","0,7968"
Poaceae,2025-Beta-2,Buchs,"0,95","10,1695",24.04.2024,03.08.2024,"12,4075","1,817","0,1464","0,7975"
Poaceae,2025-Beta-2,Buchs,"0,96","10,2484",24.04.2024,03.08.2024,"12,313","1,7886","0,1453","0,7977"
Poaceae,2025-Beta-2,Buchs,"0,97","10,3504",24.04.2024,03.08.2024,"12,1966","1,7554","0,1439","0,7985"
Poaceae,2025-Beta-2,Buchs,"0,98","10,5022",24.04.2024,03.08.2024,"12,0242","1,711","0,1423","0,8004"
Poaceae,2025-Beta-2,Buchs,"0,99","10,7527",24.04.2024,03.08.2024,"11,7429","1,6432","0,1399","0,8016"
Poaceae,2025-Beta-2,Buchs,"0,999","11,6821",24.04.2024,03.08.2024,"10,8082","1,4388","0,1331","0,8027"
Poaceae,2025-Beta-2,Buchs,"0,9999","12,7711",24.04.2024,03.08.2024,"9,8867","1,2617","0,1276","0,806"
Poaceae,2025-Beta-2,Buchs,1,"14,0413",24.04.2024,03.08.2024,"8,9856","1,0981","0,1222","0,8116"
Poaceae,2025-Beta-2,Buchs,1,"15,5493",24.04.2024,03.08.2024,"8,0963","0,9283","0,1147","0,8157"
Poaceae,2025-Beta-2,Buchs,1,"16,8712",24.04.2024,03.08.2024,"7,4444","0,8182","0,1099","0,8162"
Populus,2025-Beta-2,Buchs,0,"3,7091",15.02.2024,24.02.2024,"3,6111","3,2538","0,901","0,0266"
Populus,2025-Beta-2,Buchs,"0,2","3,7091",15.02.2024,24.02.2024,"3,6111","3,2538","0,901","0,0266"
Populus,2025-Beta-2,Buchs,"0,4","3,7417",15.02.2024,24.02.2024,"3,5868","3,2344","0,9018","0,0266"
Populus,2025-Beta-2,Buchs,"0,6","4,0402",15.02.2024,24.02.2024,"3,3195","2,9918","0,9013","0,0261"
Populus,2025-Beta-2,Buchs,"0,75","4,5093",15.02.2024,24.02.2024,"2,967","2,7021","0,9107","0,022"
Populus,2025-Beta-2,Buchs,"0,8","4,7409",15.02.2024,24.02.2024,"2,8333","2,5908","0,9144","0,0216"
Populus,2025-Beta-2,Buchs,"0,85","5,0623",15.02.2024,24.02.2024,"2,6788","2,4658","0,9205","0,0225"
Populus,2025-Beta-2,Buchs,"0,9","5,3604",15.02.2024,24.02.2024,"2,5139","2,2988","0,9144","0,0218"
Populus,2025-Beta-2,Buchs,"0,91","5,46",15.02.2024,24.02.2024,"2,4635","2,2581","0,9166","0,0218"
Populus,2025-Beta-2,Buchs,"0,92","5,5369",15.02.2024,24.02.2024,"2,434","2,2174","0,911","0,0229"
Populus,2025-Beta-2,Buchs,"0,93","5,6708",15.02.2024,24.02.2024,"2,3767","2,169","0,9126","0,0224"
Populus,2025-Beta-2,Buchs,"0,94","5,8294",15.02.2024,24.02.2024,"2,3212","2,1172","0,9121","0,0225"
Populus,2025-Beta-2,Buchs,"0,95","6,0116",15.02.2024,24.02.2024,"2,2587","2,0517","0,9084","0,0225"
Populus,2025-Beta-2,Buchs,"0,96","6,218",15.02.2024,24.02.2024,"2,1927","1,9796","0,9028","0,0232"
Populus,2025-Beta-2,Buchs,"0,97","6,5222",15.02.2024,24.02.2024,"2,0903","1,8922","0,9053","0,0238"
Populus,2025-Beta-2,Buchs,"0,98","6,9341",15.02.2024,24.02.2024,"1,9514","1,7825","0,9134","0,0206"
Populus,2025-Beta-2,Buchs,"0,99","7,7269",15.02.2024,24.02.2024,"1,75","1,5987","0,9136","0,0174"
Populus,2025-Beta-2,Buchs,"0,999","11,7738",15.02.2024,24.02.2024,"1,1788","1,114","0,945","0,0094"
Populus,2025-Beta-2,Buchs,"0,9999","16,665",15.02.2024,24.02.2024,"0,8056","0,7717","0,958","0,0018"
Populus,2025-Beta-2,Buchs,1,"26,0905",15.02.2024,24.02.2024,"0,5226","0,534","1,0219","-0,0013"
Populus,2025-Beta-2,Buchs,1,"40,0197",15.02.2024,24.02.2024,"0,3299","0,3644","1,1047","-0,0153"
Populus,2025-Beta-2,Buchs,1,"54,2362",15.02.2024,24.02.2024,"0,2326","0,2736","1,1759","-0,0278"
Quercus,2025-Beta-2,Buchs,0,"4,5676",05.04.2024,17.05.2024,"9,2729","1,4598","0,1574","0,2848"
Quercus,2025-Beta-2,Buchs,"0,2","4,5676",05.04.2024,17.05.2024,"9,2729","1,4598","0,1574","0,2848"
Quercus,2025-Beta-2,Buchs,"0,4","4,5828",05.04.2024,17.05.2024,"9,2378","1,4434","0,1562","0,2841"
Quercus,2025-Beta-2,Buchs,"0,6","4,7988",05.04.2024,17.05.2024,"8,7436","1,2611","0,1442","0,2905"
Quercus,2025-Beta-2,Buchs,"0,75","5,0956",05.04.2024,17.05.2024,"8,1586","1,075","0,1318","0,29"
Quercus,2025-Beta-2,Buchs,"0,8","5,2055",05.04.2024,17.05.2024,"7,9551","1,0033","0,1261","0,2913"
Quercus,2025-Beta-2,Buchs,"0,85","5,3419",05.04.2024,17.05.2024,"7,7084","0,9213","0,1195","0,2906"
Quercus,2025-Beta-2,Buchs,"0,9","5,5227",05.04.2024,17.05.2024,"7,3943","0,8248","0,1115","0,2941"
Quercus,2025-Beta-2,Buchs,"0,91","5,5686",05.04.2024,17.05.2024,"7,3171","0,8027","0,1097","0,2966"
Quercus,2025-Beta-2,Buchs,"0,92","5,6198",05.04.2024,17.05.2024,"7,2392","0,7788","0,1076","0,2976"
Quercus,2025-Beta-2,Buchs,"0,93","5,6804",05.04.2024,17.05.2024,"7,1427","0,7507","0,1051","0,2979"
Quercus,2025-Beta-2,Buchs,"0,94","5,7508",05.04.2024,17.05.2024,"7,0333","0,7184","0,1021","0,2984"
Quercus,2025-Beta-2,Buchs,"0,95","5,8357",05.04.2024,17.05.2024,"6,915","0,6857","0,0992","0,3022"
Quercus,2025-Beta-2,Buchs,"0,96","5,936",05.04.2024,17.05.2024,"6,7781","0,6461","0,0953","0,3055"
Quercus,2025-Beta-2,Buchs,"0,97","6,0499",05.04.2024,17.05.2024,"6,5981","0,5985","0,0907","0,3063"
Quercus,2025-Beta-2,Buchs,"0,98","6,2381",05.04.2024,17.05.2024,"6,3546","0,5407","0,0851","0,3066"
Quercus,2025-Beta-2,Buchs,"0,99","6,5659",05.04.2024,17.05.2024,"5,9618","0,4562","0,0765","0,3137"
Quercus,2025-Beta-2,Buchs,"0,999","7,7718",05.04.2024,17.05.2024,"4,8466","0,248","0,0512","0,3538"
Quercus,2025-Beta-2,Buchs,"0,9999","9,1469",05.04.2024,17.05.2024,"3,9591","0,1321","0,0334","0,3799"
Quercus,2025-Beta-2,Buchs,1,"11,0999",05.04.2024,17.05.2024,"3,1775","0,0675","0,0213","0,4242"
Quercus,2025-Beta-2,Buchs,1,"13,9258",05.04.2024,17.05.2024,"2,4552","0,0334","0,0136","0,4531"
Quercus,2025-Beta-2,Buchs,1,"16,942",05.04.2024,17.05.2024,"1,9703","0,0204","0,0104","0,4957"
Taxus,2025-Beta-2,Buchs,0,"3,1796",09.02.2024,07.03.2024,"37,3333","3,928","0,1052","0,3041"
Taxus,2025-Beta-2,Buchs,"0,2","3,1796",09.02.2024,07.03.2024,"37,3333","3,928","0,1052","0,3041"
Taxus,2025-Beta-2,Buchs,"0,4","3,1805",09.02.2024,07.03.2024,"37,3165","3,9053","0,1047","0,3047"
Taxus,2025-Beta-2,Buchs,"0,6","3,2026",09.02.2024,07.03.2024,"36,9668","3,6267","0,0981","0,3102"
Taxus,2025-Beta-2,Buchs,"0,75","3,2309",09.02.2024,07.03.2024,"36,5067","3,3051","0,0905","0,3182"
Taxus,2025-Beta-2,Buchs,"0,8","3,2429",09.02.2024,07.03.2024,"36,3003","3,1815","0,0876","0,3206"
Taxus,2025-Beta-2,Buchs,"0,85","3,2588",09.02.2024,07.03.2024,"36,0665","3,0382","0,0842","0,3231"
Taxus,2025-Beta-2,Buchs,"0,9","3,2808",09.02.2024,07.03.2024,"35,7596","2,8468","0,0796","0,3288"
Taxus,2025-Beta-2,Buchs,"0,91","3,2866",09.02.2024,07.03.2024,"35,6833","2,8031","0,0786","0,3299"
Taxus,2025-Beta-2,Buchs,"0,92","3,2917",09.02.2024,07.03.2024,"35,6052","2,7574","0,0774","0,3304"
Taxus,2025-Beta-2,Buchs,"0,93","3,298",09.02.2024,07.03.2024,"35,5085","2,7016","0,0761","0,3312"
Taxus,2025-Beta-2,Buchs,"0,94","3,3058",09.02.2024,07.03.2024,"35,3888","2,645","0,0747","0,3319"
Taxus,2025-Beta-2,Buchs,"0,95","3,3152",09.02.2024,07.03.2024,"35,2623","2,5727","0,073","0,3336"
Taxus,2025-Beta-2,Buchs,"0,96","3,3268",09.02.2024,07.03.2024,"35,1036","2,4901","0,0709","0,3342"
Taxus,2025-Beta-2,Buchs,"0,97","3,3426",09.02.2024,07.03.2024,"34,8847","2,3916","0,0686","0,3383"
Taxus,2025-Beta-2,Buchs,"0,98","3,3624",09.02.2024,07.03.2024,"34,5865","2,2563","0,0652","0,3439"
Taxus,2025-Beta-2,Buchs,"0,99","3,4013",09.02.2024,07.03.2024,"34,0811","2,0383","0,0598","0,353"
Taxus,2025-Beta-2,Buchs,"0,999","3,5554",09.02.2024,07.03.2024,"32,2761","1,4615","0,0453","0,3807"
Taxus,2025-Beta-2,Buchs,"0,9999","3,7721",09.02.2024,07.03.2024,"30,1729","1,0225","0,0339","0,4005"
Taxus,2025-Beta-2,Buchs,1,"4,0867",09.02.2024,07.03.2024,"27,5736","0,6935","0,0252","0,4136"
Taxus,2025-Beta-2,Buchs,1,"4,6393",09.02.2024,07.03.2024,"24,1001","0,4498","0,0187","0,4448"
Taxus,2025-Beta-2,Buchs,1,"5,2794",09.02.2024,07.03.2024,"20,9836","0,3106","0,0148","0,4594"
Pinaceae,2025-Beta-2,Payerne,0,"3,2624",04.05.2024,22.05.2024,"12,744","2,584","0,2028","0,6375"
Pinaceae,2025-Beta-2,Payerne,"0,2","3,2624",04.05.2024,22.05.2024,"12,744","2,584","0,2028","0,6375"
Pinaceae,2025-Beta-2,Payerne,"0,4","3,2626",04.05.2024,22.05.2024,"12,7413","2,5809","0,2026","0,6376"
Pinaceae,2025-Beta-2,Payerne,"0,6","3,2741",04.05.2024,22.05.2024,"12,6873","2,5152","0,1982","0,6444"
Pinaceae,2025-Beta-2,Payerne,"0,75","3,2958",04.05.2024,22.05.2024,"12,5996","2,44","0,1937","0,6466"
Pinaceae,2025-Beta-2,Payerne,"0,8","3,3011",04.05.2024,22.05.2024,"12,574","2,4083","0,1915","0,6486"
Pinaceae,2025-Beta-2,Payerne,"0,85","3,3133",04.05.2024,22.05.2024,"12,5302","2,3736","0,1894","0,6532"
Pinaceae,2025-Beta-2,Payerne,"0,9","3,3281",04.05.2024,22.05.2024,"12,4662","2,3307","0,187","0,6573"
Pinaceae,2025-Beta-2,Payerne,"0,91","3,3321",04.05.2024,22.05.2024,"12,4507","2,3195","0,1863","0,6585"
Pinaceae,2025-Beta-2,Payerne,"0,92","3,3351",04.05.2024,22.05.2024,"12,4379","2,3091","0,1856","0,6596"
Pinaceae,2025-Beta-2,Payerne,"0,93","3,3393",04.05.2024,22.05.2024,"12,4196","2,2994","0,1851","0,6571"
Pinaceae,2025-Beta-2,Payerne,"0,94","3,3422",04.05.2024,22.05.2024,"12,4041","2,2855","0,1843","0,66"
Pinaceae,2025-Beta-2,Payerne,"0,95","3,3476",04.05.2024,22.05.2024,"12,3803","2,2686","0,1832","0,6604"
Pinaceae,2025-Beta-2,Payerne,"0,96","3,3578",04.05.2024,22.05.2024,"12,3447","2,2457","0,1819","0,6613"
Pinaceae,2025-Beta-2,Payerne,"0,97","3,3693",04.05.2024,22.05.2024,"12,2972","2,2248","0,1809","0,6639"
Pinaceae,2025-Beta-2,Payerne,"0,98","3,3843",04.05.2024,22.05.2024,"12,236","2,1909","0,1791","0,6668"
Pinaceae,2025-Beta-2,Payerne,"0,99","3,4113",04.05.2024,22.05.2024,"12,1345","2,1345","0,1759","0,667"
Pinaceae,2025-Beta-2,Payerne,"0,999","3,5044",04.05.2024,22.05.2024,"11,8056","1,9771","0,1675","0,6815"
Pinaceae,2025-Beta-2,Payerne,"0,9999","3,6238",04.05.2024,22.05.2024,"11,43","1,8451","0,1614","0,6947"
Pinaceae,2025-Beta-2,Payerne,1,"3,7926",04.05.2024,22.05.2024,"10,9494","1,7227","0,1573","0,6998"
Pinaceae,2025-Beta-2,Payerne,1,"3,9803",04.05.2024,22.05.2024,"10,4313","1,6096","0,1543","0,7045"
Pinaceae,2025-Beta-2,Payerne,1,"4,1717",04.05.2024,22.05.2024,"9,968","1,5283","0,1533","0,7042"
Poaceae,2025-Beta-2,Payerne,0,"4,6572",06.05.2024,04.08.2024,"18,0329","4,6883","0,26","0,7968"
Poaceae,2025-Beta-2,Payerne,"0,2","4,6572",06.05.2024,04.08.2024,"18,0329","4,6883","0,26","0,7968"
Poaceae,2025-Beta-2,Payerne,"0,4","4,6588",06.05.2024,04.08.2024,"18,0265","4,682","0,2597","0,7966"
Poaceae,2025-Beta-2,Payerne,"0,6","4,7037",06.05.2024,04.08.2024,"17,8432","4,5573","0,2554","0,7981"
Poaceae,2025-Beta-2,Payerne,"0,75","4,7746",06.05.2024,04.08.2024,"17,5587","4,431","0,2524","0,7983"
Poaceae,2025-Beta-2,Payerne,"0,8","4,8021",06.05.2024,04.08.2024,"17,4508","4,3766","0,2508","0,7981"
Poaceae,2025-Beta-2,Payerne,"0,85","4,8422",06.05.2024,04.08.2024,"17,2965","4,3229","0,2499","0,798"
Poaceae,2025-Beta-2,Payerne,"0,9","4,8928",06.05.2024,04.08.2024,"17,1111","4,2408","0,2478","0,7975"
Poaceae,2025-Beta-2,Payerne,"0,91","4,9046",06.05.2024,04.08.2024,"17,0682","4,2259","0,2476","0,7971"
Poaceae,2025-Beta-2,Payerne,"0,92","4,919",06.05.2024,04.08.2024,"17,0155","4,2109","0,2475","0,7971"
Poaceae,2025-Beta-2,Payerne,"0,93","4,9336",06.05.2024,04.08.2024,"16,9628","4,1903","0,247","0,7957"
Poaceae,2025-Beta-2,Payerne,"0,94","4,9522",06.05.2024,04.08.2024,"16,8942","4,1611","0,2463","0,7966"
Poaceae,2025-Beta-2,Payerne,"0,95","4,9725",06.05.2024,04.08.2024,"16,8226","4,128","0,2454","0,7963"
Poaceae,2025-Beta-2,Payerne,"0,96","4,9964",06.05.2024,04.08.2024,"16,7358","4,0941","0,2446","0,7951"
Poaceae,2025-Beta-2,Payerne,"0,97","5,0282",06.05.2024,04.08.2024,"16,6257","4,0404","0,243","0,7947"
Poaceae,2025-Beta-2,Payerne,"0,98","5,0769",06.05.2024,04.08.2024,"16,457","3,9717","0,2413","0,7922"
Poaceae,2025-Beta-2,Payerne,"0,99","5,1577",06.05.2024,04.08.2024,"16,1883","3,8676","0,2389","0,7933"
Poaceae,2025-Beta-2,Payerne,"0,999","5,4529",06.05.2024,04.08.2024,"15,2849","3,5614","0,233","0,7872"
Poaceae,2025-Beta-2,Payerne,"0,9999","5,8078",06.05.2024,04.08.2024,"14,3316","3,2457","0,2265","0,785"
Poaceae,2025-Beta-2,Payerne,1,"6,1985",06.05.2024,04.08.2024,"13,4077","2,9522","0,2202","0,7836"
Poaceae,2025-Beta-2,Payerne,1,"6,6774",06.05.2024,04.08.2024,"12,4309","2,6973","0,217","0,7826"
Poaceae,2025-Beta-2,Payerne,1,"7,1053",06.05.2024,04.08.2024,"11,6699","2,5055","0,2147","0,7778"
Quercus,2025-Beta-2,Payerne,0,"16,2702",03.05.2024,18.06.2024,"0,3063","0,1386","0,4524","0,3367"
Quercus,2025-Beta-2,Payerne,"0,2","16,2702",03.05.2024,18.06.2024,"0,3063","0,1386","0,4524","0,3367"
Quercus,2025-Beta-2,Payerne,"0,4","16,3741",03.05.2024,18.06.2024,"0,3037","0,136","0,448","0,331"
Quercus,2025-Beta-2,Payerne,"0,6","17,7885",03.05.2024,18.06.2024,"0,2712","0,1082","0,3991","0,3586"
Quercus,2025-Beta-2,Payerne,"0,75","19,397",03.05.2024,18.06.2024,"0,2346","0,0914","0,3897","0,3695"
Quercus,2025-Beta-2,Payerne,"0,8","20,2736",03.05.2024,18.06.2024,"0,2213","0,0825","0,3726","0,3747"
Quercus,2025-Beta-2,Payerne,"0,85","21,4704",03.05.2024,18.06.2024,"0,2028","0,0714","0,3519","0,3668"
Quercus,2025-Beta-2,Payerne,"0,9","22,8576",03.05.2024,18.06.2024,"0,1888","0,0635","0,3366","0,3521"
Quercus,2025-Beta-2,Payerne,"0,91","23,3674",03.05.2024,18.06.2024,"0,1847","0,0613","0,3319","0,3578"
Quercus,2025-Beta-2,Payerne,"0,92","23,7104",03.05.2024,18.06.2024,"0,1803","0,0585","0,3245","0,3677"
Quercus,2025-Beta-2,Payerne,"0,93","24,5353",03.05.2024,18.06.2024,"0,1736","0,0568","0,3273","0,3706"
Quercus,2025-Beta-2,Payerne,"0,94","25,4409",03.05.2024,18.06.2024,"0,167","0,0546","0,3269","0,3524"
Quercus,2025-Beta-2,Payerne,"0,95","26,9467",03.05.2024,18.06.2024,"0,1589","0,0523","0,3295","0,3373"
Quercus,2025-Beta-2,Payerne,"0,96","27,3954",03.05.2024,18.06.2024,"0,1533","0,0474","0,309","0,3543"
Quercus,2025-Beta-2,Payerne,"0,97","28,3794",03.05.2024,18.06.2024,"0,1448","0,044","0,3039","0,3379"
Quercus,2025-Beta-2,Payerne,"0,98","30,2578",03.05.2024,18.06.2024,"0,1311","0,0388","0,2957","0,3206"
Quercus,2025-Beta-2,Payerne,"0,99","34,9385",03.05.2024,18.06.2024,"0,1134","0,0304","0,2679","0,3106"
Quercus,2025-Beta-2,Payerne,"0,999","48,7077",03.05.2024,18.06.2024,"0,0728","0,0158","0,2174","0,3123"
Quercus,2025-Beta-2,Payerne,"0,9999","70,532",03.05.2024,18.06.2024,"0,0454","0,0079","0,1743","0,2556"
Quercus,2025-Beta-2,Payerne,1,"108,8197",03.05.2024,18.06.2024,"0,0266","0,0034","0,1263","0,2961"
Quercus,2025-Beta-2,Payerne,1,"149,0607",03.05.2024,18.06.2024,"0,0174","0,002","0,1129","0,3287"
Quercus,2025-Beta-2,Payerne,1,"184,7337",03.05.2024,18.06.2024,"0,0129","0,0008","0,065","0,3842"
Alnus,2025-Beta-2,Neuchatel,0,"7,4027",03.02.2024,26.02.2024,"5,6836","0,1163","0,0205","0,7027"
Alnus,2025-Beta-2,Neuchatel,"0,2","7,4027",03.02.2024,26.02.2024,"5,6836","0,1163","0,0205","0,7027"
Alnus,2025-Beta-2,Neuchatel,"0,4","7,4119",03.02.2024,26.02.2024,"5,6778","0,1157","0,0204","0,7029"
Alnus,2025-Beta-2,Neuchatel,"0,6","7,769",03.02.2024,26.02.2024,"5,4029","0,107","0,0198","0,7081"
Alnus,2025-Beta-2,Neuchatel,"0,75","8,4864",03.02.2024,26.02.2024,"4,9491","0,0951","0,0192","0,7006"
Alnus,2025-Beta-2,Neuchatel,"0,8","8,7975",03.02.2024,26.02.2024,"4,7841","0,0896","0,0187","0,7014"
Alnus,2025-Beta-2,Neuchatel,"0,85","9,1656",03.02.2024,26.02.2024,"4,5895","0,0836","0,0182","0,7192"
Alnus,2025-Beta-2,Neuchatel,"0,9","9,7741",03.02.2024,26.02.2024,"4,3059","0,0765","0,0178","0,7195"
Alnus,2025-Beta-2,Neuchatel,"0,91","9,9556",03.02.2024,26.02.2024,"4,2365","0,075","0,0177","0,7214"
Alnus,2025-Beta-2,Neuchatel,"0,92","10,1125",03.02.2024,26.02.2024,"4,1728","0,0734","0,0176","0,7224"
Alnus,2025-Beta-2,Neuchatel,"0,93","10,2994",03.02.2024,26.02.2024,"4,0889","0,0717","0,0175","0,729"
Alnus,2025-Beta-2,Neuchatel,"0,94","10,4776",03.02.2024,26.02.2024,"4,0035","0,0693","0,0173","0,7367"
Alnus,2025-Beta-2,Neuchatel,"0,95","10,7605",03.02.2024,26.02.2024,"3,8943","0,0681","0,0175","0,7437"
Alnus,2025-Beta-2,Neuchatel,"0,96","11,0538",03.02.2024,26.02.2024,"3,7865","0,0656","0,0173","0,7463"
Alnus,2025-Beta-2,Neuchatel,"0,97","11,4808",03.02.2024,26.02.2024,"3,6129","0,0622","0,0172","0,7534"
Alnus,2025-Beta-2,Neuchatel,"0,98","12,2819",03.02.2024,26.02.2024,"3,3741","0,0587","0,0174","0,7432"
Alnus,2025-Beta-2,Neuchatel,"0,99","13,6055",03.02.2024,26.02.2024,"3,0203","0,051","0,0169","0,7576"
Alnus,2025-Beta-2,Neuchatel,"0,999","20,0086",03.02.2024,26.02.2024,"2,0176","0,0339","0,0168","0,7505"
Alnus,2025-Beta-2,Neuchatel,"0,9999","32,0479",03.02.2024,26.02.2024,"1,2348","0,0193","0,0156","0,7446"
Alnus,2025-Beta-2,Neuchatel,1,"53,3383",03.02.2024,26.02.2024,"0,7125","0,0119","0,0167","0,7111"
Alnus,2025-Beta-2,Neuchatel,1,"103,4714",03.02.2024,26.02.2024,"0,3581","0,0053","0,0147","0,7035"
Alnus,2025-Beta-2,Neuchatel,1,"185,0143",03.02.2024,26.02.2024,"0,196","0,0031","0,0156","0,6871"
Betula,2025-Beta-2,Neuchatel,0,"31,5595",22.03.2024,18.04.2024,"2,2191","0,0772","0,0348","0,5845"
Betula,2025-Beta-2,Neuchatel,"0,2","31,5595",22.03.2024,18.04.2024,"2,2191","0,0772","0,0348","0,5845"
Betula,2025-Beta-2,Neuchatel,"0,4","31,7092",22.03.2024,18.04.2024,"2,208","0,0769","0,0348","0,5844"
Betula,2025-Beta-2,Neuchatel,"0,6","35,3031",22.03.2024,18.04.2024,"1,9903","0,0671","0,0337","0,5906"
Betula,2025-Beta-2,Neuchatel,"0,75","40,9854",22.03.2024,18.04.2024,"1,7169","0,0578","0,0336","0,5837"
Betula,2025-Beta-2,Neuchatel,"0,8","43,3234",22.03.2024,18.04.2024,"1,6202","0,0531","0,0328","0,5798"
Betula,2025-Beta-2,Neuchatel,"0,85","47,149",22.03.2024,18.04.2024,"1,4875","0,0479","0,0322","0,5862"
Betula,2025-Beta-2,Neuchatel,"0,9","52,174",22.03.2024,18.04.2024,"1,3461","0,0427","0,0317","0,5835"
Betula,2025-Beta-2,Neuchatel,"0,91","53,564",22.03.2024,18.04.2024,"1,3089","0,0408","0,0312","0,5872"
Betula,2025-Beta-2,Neuchatel,"0,92","55,2416",22.03.2024,18.04.2024,"1,2649","0,04","0,0316","0,5849"
Betula,2025-Beta-2,Neuchatel,"0,93","57,388",22.03.2024,18.04.2024,"1,2227","0,0387","0,0316","0,584"
Betula,2025-Beta-2,Neuchatel,"0,94","59,8723",22.03.2024,18.04.2024,"1,1713","0,0375","0,032","0,5855"
Betula,2025-Beta-2,Neuchatel,"0,95","62,6904",22.03.2024,18.04.2024,"1,1155","0,0361","0,0324","0,5731"
Betula,2025-Beta-2,Neuchatel,"0,96","66,9811",22.03.2024,18.04.2024,"1,0441","0,0332","0,0318","0,5833"
Betula,2025-Beta-2,Neuchatel,"0,97","71,6668",22.03.2024,18.04.2024,"0,9691","0,0308","0,0318","0,5787"
Betula,2025-Beta-2,Neuchatel,"0,98","79,05",22.03.2024,18.04.2024,"0,8854","0,0275","0,031","0,5929"
Betula,2025-Beta-2,Neuchatel,"0,99","96,4524",22.03.2024,18.04.2024,"0,7341","0,0233","0,0317","0,5977"
Betula,2025-Beta-2,Neuchatel,"0,999","181,2156",22.03.2024,18.04.2024,"0,3881","0,0137","0,0353","0,615"
Betula,2025-Beta-2,Neuchatel,"0,9999","301,8617",22.03.2024,18.04.2024,"0,2214","0,0074","0,0333","0,5575"
Betula,2025-Beta-2,Neuchatel,1,"548,9175",22.03.2024,18.04.2024,"0,1252","0,0047","0,0372","0,6003"
Betula,2025-Beta-2,Neuchatel,1,"840,1517",22.03.2024,18.04.2024,"0,0756","0,0026","0,0339","0,5921"
Betula,2025-Beta-2,Neuchatel,1,1000,22.03.2024,18.04.2024,"0,0508","0,0012","0,0238","0,6629"
Corylus,2025-Beta-2,Neuchatel,0,"13,9779",30.01.2024,19.02.2024,"2,069","0,1989","0,0962","0,4832"
Corylus,2025-Beta-2,Neuchatel,"0,2","13,9779",30.01.2024,19.02.2024,"2,069","0,1989","0,0962","0,4832"
Corylus,2025-Beta-2,Neuchatel,"0,4","14,0867",30.01.2024,19.02.2024,"2,0574","0,1968","0,0957","0,4842"
Corylus,2025-Beta-2,Neuchatel,"0,6","15,7473",30.01.2024,19.02.2024,"1,8434","0,1719","0,0933","0,4859"
Corylus,2025-Beta-2,Neuchatel,"0,75","18,0883",30.01.2024,19.02.2024,"1,6048","0,1471","0,0916","0,4808"
Corylus,2025-Beta-2,Neuchatel,"0,8","18,9771",30.01.2024,19.02.2024,"1,5197","0,1357","0,0893","0,4759"
Corylus,2025-Beta-2,Neuchatel,"0,85","20,5673",30.01.2024,19.02.2024,"1,4254","0,1249","0,0876","0,4828"
Corylus,2025-Beta-2,Neuchatel,"0,9","23,0292",30.01.2024,19.02.2024,"1,2708","0,1119","0,0881","0,4869"
Corylus,2025-Beta-2,Neuchatel,"0,91","23,7518",30.01.2024,19.02.2024,"1,2328","0,1093","0,0887","0,4861"
Corylus,2025-Beta-2,Neuchatel,"0,92","24,6343",30.01.2024,19.02.2024,"1,1973","0,1059","0,0885","0,4925"
Corylus,2025-Beta-2,Neuchatel,"0,93","25,3485",30.01.2024,19.02.2024,"1,1609","0,1025","0,0883","0,4925"
Corylus,2025-Beta-2,Neuchatel,"0,94","26,1545",30.01.2024,19.02.2024,"1,1212","0,0977","0,0871","0,4969"
Corylus,2025-Beta-2,Neuchatel,"0,95","27,3817",30.01.2024,19.02.2024,"1,0675","0,0912","0,0854","0,4833"
Corylus,2025-Beta-2,Neuchatel,"0,96","29,0355",30.01.2024,19.02.2024,"1,0113","0,086","0,0851","0,4867"
Corylus,2025-Beta-2,Neuchatel,"0,97","30,3887",30.01.2024,19.02.2024,"0,9468","0,0791","0,0835","0,4873"
Corylus,2025-Beta-2,Neuchatel,"0,98","33,6538",30.01.2024,19.02.2024,"0,841","0,0702","0,0835","0,4958"
Corylus,2025-Beta-2,Neuchatel,"0,99","40,0697",30.01.2024,19.02.2024,"0,7086","0,0574","0,0809","0,4835"
Corylus,2025-Beta-2,Neuchatel,"0,999","74,8828",30.01.2024,19.02.2024,"0,3732","0,03","0,0804","0,4595"
Corylus,2025-Beta-2,Neuchatel,"0,9999","155,2305",30.01.2024,19.02.2024,"0,1806","0,0142","0,0788","0,3986"
Corylus,2025-Beta-2,Neuchatel,1,"335,4477",30.01.2024,19.02.2024,"0,0837","0,0068","0,0816","0,3769"
Corylus,2025-Beta-2,Neuchatel,1,"697,3009",30.01.2024,19.02.2024,"0,0405","0,0021","0,0527","0,4401"
Corylus,2025-Beta-2,Neuchatel,1,1000,30.01.2024,19.02.2024,"0,0265","0,0014","0,0538","0,4458"
Cupressaceae,2025-Beta-2,Neuchatel,0,"1,3464",02.04.2024,11.04.2024,"11,7658","4,3517","0,3699","0,4543"
Cupressaceae,2025-Beta-2,Neuchatel,"0,2","1,3464",02.04.2024,11.04.2024,"11,7658","4,3517","0,3699","0,4543"
Cupressaceae,2025-Beta-2,Neuchatel,"0,4","1,3464",02.04.2024,11.04.2024,"11,7259","4,3306","0,3693","0,4547"
Cupressaceae,2025-Beta-2,Neuchatel,"0,6","1,4235",02.04.2024,11.04.2024,"10,9707","4,022","0,3666","0,4529"
Cupressaceae,2025-Beta-2,Neuchatel,"0,75","1,5677",02.04.2024,11.04.2024,"9,9828","3,6476","0,3654","0,4482"
Cupressaceae,2025-Beta-2,Neuchatel,"0,8","1,6262",02.04.2024,11.04.2024,"9,5939","3,5005","0,3649","0,4466"
Cupressaceae,2025-Beta-2,Neuchatel,"0,85","1,6959",02.04.2024,11.04.2024,"9,1823","3,3384","0,3636","0,4418"
Cupressaceae,2025-Beta-2,Neuchatel,"0,9","1,7888",02.04.2024,11.04.2024,"8,6441","3,1339","0,3625","0,4355"
Cupressaceae,2025-Beta-2,Neuchatel,"0,91","1,8062",02.04.2024,11.04.2024,"8,5382","3,0847","0,3613","0,4359"
Cupressaceae,2025-Beta-2,Neuchatel,"0,92","1,8363",02.04.2024,11.04.2024,"8,375","3,0273","0,3615","0,4339"
Cupressaceae,2025-Beta-2,Neuchatel,"0,93","1,8828",02.04.2024,11.04.2024,"8,2014","2,9659","0,3616","0,4334"
Cupressaceae,2025-Beta-2,Neuchatel,"0,94","1,9182",02.04.2024,11.04.2024,"8,0261","2,8994","0,3612","0,431"
Cupressaceae,2025-Beta-2,Neuchatel,"0,95","1,9715",02.04.2024,11.04.2024,"7,7934","2,8137","0,361","0,4301"
Cupressaceae,2025-Beta-2,Neuchatel,"0,96","2,0417",02.04.2024,11.04.2024,"7,5261","2,7164","0,3609","0,429"
Cupressaceae,2025-Beta-2,Neuchatel,"0,97","2,1234",02.04.2024,11.04.2024,"7,2014","2,6015","0,3612","0,4282"
Cupressaceae,2025-Beta-2,Neuchatel,"0,98","2,2547",02.04.2024,11.04.2024,"6,8142","2,4473","0,3591","0,4271"
Cupressaceae,2025-Beta-2,Neuchatel,"0,99","2,473",02.04.2024,11.04.2024,"6,1059","2,2097","0,3619","0,425"
Cupressaceae,2025-Beta-2,Neuchatel,"0,999","3,6468",02.04.2024,11.04.2024,"4,1771","1,5436","0,3695","0,4128"
Cupressaceae,2025-Beta-2,Neuchatel,"0,9999","5,2204",02.04.2024,11.04.2024,"2,7917","1,0512","0,3766","0,4009"
Cupressaceae,2025-Beta-2,Neuchatel,1,"7,7019",02.04.2024,11.04.2024,"1,8004","0,6897","0,3831","0,3874"
Cupressaceae,2025-Beta-2,Neuchatel,1,"12,1215",02.04.2024,11.04.2024,"1,1233","0,443","0,3944","0,3737"
Cupressaceae,2025-Beta-2,Neuchatel,1,"17,4204",02.04.2024,11.04.2024,"0,7969","0,3125","0,3922","0,3716"
Fraxinus,2025-Beta-2,Neuchatel,0,"0,6509",20.03.2024,11.04.2024,"92,2548","21,3706","0,2316","0,4858"
Fraxinus,2025-Beta-2,Neuchatel,"0,2","0,6509",20.03.2024,11.04.2024,"92,2548","21,3706","0,2316","0,4858"
Fraxinus,2025-Beta-2,Neuchatel,"0,4","0,6514",20.03.2024,11.04.2024,"92,1951","21,3189","0,2312","0,4858"
Fraxinus,2025-Beta-2,Neuchatel,"0,6","0,6685",20.03.2024,11.04.2024,"90,1805","20,2532","0,2246","0,4872"
Fraxinus,2025-Beta-2,Neuchatel,"0,75","0,6939",20.03.2024,11.04.2024,"87,2707","18,883","0,2164","0,4913"
Fraxinus,2025-Beta-2,Neuchatel,"0,8","0,7051",20.03.2024,11.04.2024,"86,0607","18,3337","0,213","0,4936"
Fraxinus,2025-Beta-2,Neuchatel,"0,85","0,7191",20.03.2024,11.04.2024,"84,5932","17,6913","0,2091","0,4933"
Fraxinus,2025-Beta-2,Neuchatel,"0,9","0,7391",20.03.2024,11.04.2024,"82,568","16,8521","0,2041","0,4941"
Fraxinus,2025-Beta-2,Neuchatel,"0,91","0,7448",20.03.2024,11.04.2024,"82,0449","16,6454","0,2029","0,4951"
Fraxinus,2025-Beta-2,Neuchatel,"0,92","0,7509",20.03.2024,11.04.2024,"81,4703","16,4166","0,2015","0,4951"
Fraxinus,2025-Beta-2,Neuchatel,"0,93","0,7574",20.03.2024,11.04.2024,"80,8732","16,1615","0,1998","0,496"
Fraxinus,2025-Beta-2,Neuchatel,"0,94","0,7649",20.03.2024,11.04.2024,"80,1584","15,8708","0,198","0,4961"
Fraxinus,2025-Beta-2,Neuchatel,"0,95","0,7743",20.03.2024,11.04.2024,"79,3378","15,545","0,1959","0,4965"
Fraxinus,2025-Beta-2,Neuchatel,"0,96","0,7866",20.03.2024,11.04.2024,"78,2999","15,1458","0,1934","0,4995"
Fraxinus,2025-Beta-2,Neuchatel,"0,97","0,8026",20.03.2024,11.04.2024,"76,9962","14,6416","0,1902","0,503"
Fraxinus,2025-Beta-2,Neuchatel,"0,98","0,8253",20.03.2024,11.04.2024,"75,1428","13,9694","0,1859","0,5085"
Fraxinus,2025-Beta-2,Neuchatel,"0,99","0,8685",20.03.2024,11.04.2024,"71,9542","12,8479","0,1786","0,5137"
Fraxinus,2025-Beta-2,Neuchatel,"0,999","1,0356",20.03.2024,11.04.2024,"61,848","9,6687","0,1563","0,5323"
Fraxinus,2025-Beta-2,Neuchatel,"0,9999","1,2531",20.03.2024,11.04.2024,"52,3362","7,0861","0,1354","0,5567"
Fraxinus,2025-Beta-2,Neuchatel,1,"1,5059",20.03.2024,11.04.2024,"44,3054","5,0146","0,1132","0,581"
Fraxinus,2025-Beta-2,Neuchatel,1,"1,7827",20.03.2024,11.04.2024,"37,7696","3,3752","0,0894","0,5991"
Fraxinus,2025-Beta-2,Neuchatel,1,"1,9887",20.03.2024,11.04.2024,"33,8897","2,4517","0,0723","0,6177"
Platanus,2025-Beta-2,Neuchatel,0,"11,5705",02.04.2024,18.04.2024,"4,8591","0,0951","0,0196","0,6061"
Platanus,2025-Beta-2,Neuchatel,"0,2","11,5705",02.04.2024,18.04.2024,"4,8591","0,0951","0,0196","0,6061"
Platanus,2025-Beta-2,Neuchatel,"0,4","11,5873",02.04.2024,18.04.2024,"4,8519","0,0945","0,0195","0,6075"
Platanus,2025-Beta-2,Neuchatel,"0,6","12,5737",02.04.2024,18.04.2024,"4,4506","0,0881","0,0198","0,6063"
Platanus,2025-Beta-2,Neuchatel,"0,75","14,2809",02.04.2024,18.04.2024,"3,9032","0,077","0,0197","0,6048"
Platanus,2025-Beta-2,Neuchatel,"0,8","15,0148",02.04.2024,18.04.2024,"3,6969","0,0741","0,02","0,6077"
Platanus,2025-Beta-2,Neuchatel,"0,85","16,0191",02.04.2024,18.04.2024,"3,4477","0,0701","0,0203","0,6114"
Platanus,2025-Beta-2,Neuchatel,"0,9","17,3505",02.04.2024,18.04.2024,"3,1822","0,0642","0,0202","0,6167"
Platanus,2025-Beta-2,Neuchatel,"0,91","17,701",02.04.2024,18.04.2024,"3,1158","0,062","0,0199","0,618"
Platanus,2025-Beta-2,Neuchatel,"0,92","18,2213",02.04.2024,18.04.2024,"3,029","0,0606","0,02","0,6179"
Platanus,2025-Beta-2,Neuchatel,"0,93","18,662",02.04.2024,18.04.2024,"2,9473","0,0589","0,02","0,619"
Platanus,2025-Beta-2,Neuchatel,"0,94","19,3163",02.04.2024,18.04.2024,"2,838","0,0572","0,0202","0,6229"
Platanus,2025-Beta-2,Neuchatel,"0,95","19,9034",02.04.2024,18.04.2024,"2,7451","0,0556","0,0202","0,6281"
Platanus,2025-Beta-2,Neuchatel,"0,96","20,7503",02.04.2024,18.04.2024,"2,6174","0,053","0,0203","0,6191"
Platanus,2025-Beta-2,Neuchatel,"0,97","21,9351",02.04.2024,18.04.2024,"2,4622","0,0497","0,0202","0,6207"
Platanus,2025-Beta-2,Neuchatel,"0,98","24,1954",02.04.2024,18.04.2024,"2,2478","0,0463","0,0206","0,6342"
Platanus,2025-Beta-2,Neuchatel,"0,99","28,4975",02.04.2024,18.04.2024,"1,8934","0,0371","0,0196","0,6105"
Platanus,2025-Beta-2,Neuchatel,"0,999","50,4897",02.04.2024,18.04.2024,"1,0631","0,0164","0,0155","0,632"
Platanus,2025-Beta-2,Neuchatel,"0,9999","98,0427",02.04.2024,18.04.2024,"0,5392","0,0076","0,0142","0,6217"
Platanus,2025-Beta-2,Neuchatel,1,"190,1608",02.04.2024,18.04.2024,"0,2727","0,0039","0,0144","0,6657"
Platanus,2025-Beta-2,Neuchatel,1,"330,474",02.04.2024,18.04.2024,"0,142","0,0023","0,0161","0,5843"
Platanus,2025-Beta-2,Neuchatel,1,"567,3241",02.04.2024,18.04.2024,"0,0776","0,001","0,0134","0,5553"
Quercus,2025-Beta-2,Neuchatel,0,"8,522",21.04.2024,03.05.2024,"18,0756","2,4382","0,1349","0,4471"
Quercus,2025-Beta-2,Neuchatel,"0,2","8,522",21.04.2024,03.05.2024,"18,0756","2,4382","0,1349","0,4471"
Quercus,2025-Beta-2,Neuchatel,"0,4","8,5305",21.04.2024,03.05.2024,"18,0582","2,4244","0,1343","0,448"
Quercus,2025-Beta-2,Neuchatel,"0,6","8,7947",21.04.2024,03.05.2024,"17,5053","2,2442","0,1282","0,4552"
Quercus,2025-Beta-2,Neuchatel,"0,75","9,1757",21.04.2024,03.05.2024,"16,7869","2,0371","0,1214","0,4725"
Quercus,2025-Beta-2,Neuchatel,"0,8","9,3356",21.04.2024,03.05.2024,"16,4997","1,9562","0,1186","0,4726"
Quercus,2025-Beta-2,Neuchatel,"0,85","9,543",21.04.2024,03.05.2024,"16,1124","1,8592","0,1154","0,4761"
Quercus,2025-Beta-2,Neuchatel,"0,9","9,8104",21.04.2024,03.05.2024,"15,6517","1,7305","0,1106","0,4822"
Quercus,2025-Beta-2,Neuchatel,"0,91","9,8977",21.04.2024,03.05.2024,"15,5088","1,7018","0,1097","0,4846"
Quercus,2025-Beta-2,Neuchatel,"0,92","9,9728",21.04.2024,03.05.2024,"15,3606","1,6706","0,1088","0,483"
Quercus,2025-Beta-2,Neuchatel,"0,93","10,0706",21.04.2024,03.05.2024,"15,2177","1,6379","0,1076","0,4836"
Quercus,2025-Beta-2,Neuchatel,"0,94","10,1725",21.04.2024,03.05.2024,"15,0347","1,5992","0,1064","0,4843"
Quercus,2025-Beta-2,Neuchatel,"0,95","10,2874",21.04.2024,03.05.2024,"14,8478","1,5543","0,1047","0,4874"
Quercus,2025-Beta-2,Neuchatel,"0,96","10,4581",21.04.2024,03.05.2024,"14,5847","1,5004","0,1029","0,4914"
Quercus,2025-Beta-2,Neuchatel,"0,97","10,682",21.04.2024,03.05.2024,"14,2735","1,4298","0,1002","0,4962"
Quercus,2025-Beta-2,Neuchatel,"0,98","10,9837",21.04.2024,03.05.2024,"13,8395","1,3387","0,0967","0,5025"
Quercus,2025-Beta-2,Neuchatel,"0,99","11,5463",21.04.2024,03.05.2024,"13,0769","1,2016","0,0919","0,5059"
Quercus,2025-Beta-2,Neuchatel,"0,999","13,7412",21.04.2024,03.05.2024,"10,8213","0,8336","0,077","0,5171"
Quercus,2025-Beta-2,Neuchatel,"0,9999","17,0252",21.04.2024,03.05.2024,"8,539","0,5666","0,0663","0,5184"
Quercus,2025-Beta-2,Neuchatel,1,"21,8574",21.04.2024,03.05.2024,"6,5505","0,3737","0,057","0,5515"
Quercus,2025-Beta-2,Neuchatel,1,"29,7452",21.04.2024,03.05.2024,"4,7489","0,2324","0,0489","0,5805"
Quercus,2025-Beta-2,Neuchatel,1,"38,8861",21.04.2024,03.05.2024,"3,5817","0,1588","0,0443","0,5599"
Taxus,2025-Beta-2,Neuchatel,0,"4,0612",08.02.2024,08.03.2024,"49,0064","0,8299","0,0169","0,6532"
Taxus,2025-Beta-2,Neuchatel,"0,2","4,0612",08.02.2024,08.03.2024,"49,0064","0,8299","0,0169","0,6532"
Taxus,2025-Beta-2,Neuchatel,"0,4","4,0756",08.02.2024,08.03.2024,"48,8448","0,8248","0,0169","0,6528"
Taxus,2025-Beta-2,Neuchatel,"0,6","4,35",08.02.2024,08.03.2024,"45,7479","0,7462","0,0163","0,6546"
Taxus,2025-Beta-2,Neuchatel,"0,75","4,7563",08.02.2024,08.03.2024,"41,7678","0,6556","0,0157","0,6596"
Taxus,2025-Beta-2,Neuchatel,"0,8","4,9626",08.02.2024,08.03.2024,"40,1337","0,6216","0,0155","0,6599"
Taxus,2025-Beta-2,Neuchatel,"0,85","5,2339",08.02.2024,08.03.2024,"38,0591","0,5834","0,0153","0,6637"
Taxus,2025-Beta-2,Neuchatel,"0,9","5,5906",08.02.2024,08.03.2024,"35,4091","0,5318","0,015","0,6643"
Taxus,2025-Beta-2,Neuchatel,"0,91","5,6889",08.02.2024,08.03.2024,"34,749","0,5181","0,0149","0,6633"
Taxus,2025-Beta-2,Neuchatel,"0,92","5,7953",08.02.2024,08.03.2024,"34,0501","0,5055","0,0148","0,666"
Taxus,2025-Beta-2,Neuchatel,"0,93","5,927",08.02.2024,08.03.2024,"33,2503","0,4908","0,0148","0,6674"
Taxus,2025-Beta-2,Neuchatel,"0,94","6,1015",08.02.2024,08.03.2024,"32,3366","0,4759","0,0147","0,6663"
Taxus,2025-Beta-2,Neuchatel,"0,95","6,3106",08.02.2024,08.03.2024,"31,2749","0,4566","0,0146","0,666"
Taxus,2025-Beta-2,Neuchatel,"0,96","6,5844",08.02.2024,08.03.2024,"30,0123","0,4378","0,0146","0,6667"
Taxus,2025-Beta-2,Neuchatel,"0,97","6,9168",08.02.2024,08.03.2024,"28,478","0,4122","0,0145","0,6668"
Taxus,2025-Beta-2,Neuchatel,"0,98","7,4797",08.02.2024,08.03.2024,"26,3515","0,3787","0,0144","0,666"
Taxus,2025-Beta-2,Neuchatel,"0,99","8,5396",08.02.2024,08.03.2024,"22,9245","0,3273","0,0143","0,6673"
Taxus,2025-Beta-2,Neuchatel,"0,999","14,6656",08.02.2024,08.03.2024,"13,3661","0,1769","0,0132","0,6815"
Taxus,2025-Beta-2,Neuchatel,"0,9999","28,1797",08.02.2024,08.03.2024,"6,7586","0,0821","0,0121","0,6831"
Taxus,2025-Beta-2,Neuchatel,1,"64,9036",08.02.2024,08.03.2024,"2,8555","0,0335","0,0117","0,6955"
Taxus,2025-Beta-2,Neuchatel,1,"173,7362",08.02.2024,08.03.2024,"1,0922","0,0129","0,0118","0,727"
Taxus,2025-Beta-2,Neuchatel,1,"379,2842",08.02.2024,08.03.2024,"0,5114","0,0065","0,0126","0,709"
Alnus,2025-Beta-2,Luzern,0,"3,0511",07.02.2024,02.03.2024,"20,3738","0,6793","0,0333","0,6943"
Alnus,2025-Beta-2,Luzern,"0,2","3,0511",07.02.2024,02.03.2024,"20,3738","0,6793","0,0333","0,6943"
Alnus,2025-Beta-2,Luzern,"0,4","3,0519",07.02.2024,02.03.2024,"20,3669","0,6772","0,0332","0,6937"
Alnus,2025-Beta-2,Luzern,"0,6","3,091",07.02.2024,02.03.2024,"20,0759","0,6357","0,0317","0,6973"
Alnus,2025-Beta-2,Luzern,"0,75","3,1543",07.02.2024,02.03.2024,"19,6106","0,5898","0,0301","0,7047"
Alnus,2025-Beta-2,Luzern,"0,8","3,1864",07.02.2024,02.03.2024,"19,4023","0,5705","0,0294","0,7072"
Alnus,2025-Beta-2,Luzern,"0,85","3,2263",07.02.2024,02.03.2024,"19,1377","0,5498","0,0287","0,7084"
Alnus,2025-Beta-2,Luzern,"0,9","3,2799",07.02.2024,02.03.2024,"18,8002","0,5242","0,0279","0,7108"
Alnus,2025-Beta-2,Luzern,"0,91","3,2933",07.02.2024,02.03.2024,"18,7148","0,5182","0,0277","0,7119"
Alnus,2025-Beta-2,Luzern,"0,92","3,3074",07.02.2024,02.03.2024,"18,6231","0,5115","0,0275","0,7118"
Alnus,2025-Beta-2,Luzern,"0,93","3,3233",07.02.2024,02.03.2024,"18,5169","0,5058","0,0273","0,7134"
Alnus,2025-Beta-2,Luzern,"0,94","3,3458",07.02.2024,02.03.2024,"18,3884","0,4983","0,0271","0,7151"
Alnus,2025-Beta-2,Luzern,"0,95","3,3736",07.02.2024,02.03.2024,"18,2203","0,4903","0,0269","0,7194"
Alnus,2025-Beta-2,Luzern,"0,96","3,4031",07.02.2024,02.03.2024,"18,0474","0,4792","0,0266","0,7217"
Alnus,2025-Beta-2,Luzern,"0,97","3,4449",07.02.2024,02.03.2024,"17,8141","0,4641","0,0261","0,7243"
Alnus,2025-Beta-2,Luzern,"0,98","3,5025",07.02.2024,02.03.2024,"17,4911","0,4399","0,0252","0,7298"
Alnus,2025-Beta-2,Luzern,"0,99","3,6187",07.02.2024,02.03.2024,"16,9078","0,4086","0,0242","0,7366"
Alnus,2025-Beta-2,Luzern,"0,999","4,1214",07.02.2024,02.03.2024,"14,7904","0,3159","0,0214","0,7545"
Alnus,2025-Beta-2,Luzern,"0,9999","4,8739",07.02.2024,02.03.2024,"12,3814","0,2418","0,0195","0,7742"
Alnus,2025-Beta-2,Luzern,1,"6,0635",07.02.2024,02.03.2024,"9,8591","0,1794","0,0182","0,7954"
Alnus,2025-Beta-2,Luzern,1,"8,1949",07.02.2024,02.03.2024,"7,2362","0,1237","0,0171","0,8184"
Alnus,2025-Beta-2,Luzern,1,"10,7914",07.02.2024,02.03.2024,"5,3701","0,0851","0,0158","0,7901"
Betula,2025-Beta-2,Luzern,0,"8,4519",25.03.2024,19.04.2024,"34,9868","0,4794","0,0137","0,569"
Betula,2025-Beta-2,Luzern,"0,2","8,4519",25.03.2024,19.04.2024,"34,9868","0,4794","0,0137","0,569"
Betula,2025-Beta-2,Luzern,"0,4","8,4713",25.03.2024,19.04.2024,"34,8933","0,4745","0,0136","0,5701"
Betula,2025-Beta-2,Luzern,"0,6","8,8892",25.03.2024,19.04.2024,"33,1449","0,4268","0,0129","0,5764"
Betula,2025-Beta-2,Luzern,"0,75","9,5143",25.03.2024,19.04.2024,"30,8833","0,3756","0,0122","0,5794"
Betula,2025-Beta-2,Luzern,"0,8","9,8069",25.03.2024,19.04.2024,"29,9182","0,3558","0,0119","0,579"
Betula,2025-Beta-2,Luzern,"0,85","10,1656",25.03.2024,19.04.2024,"28,8237","0,3337","0,0116","0,5838"
Betula,2025-Beta-2,Luzern,"0,9","10,6819",25.03.2024,19.04.2024,"27,3258","0,3072","0,0112","0,5869"
Betula,2025-Beta-2,Luzern,"0,91","10,8111",25.03.2024,19.04.2024,"26,9873","0,3005","0,0111","0,5883"
Betula,2025-Beta-2,Luzern,"0,92","10,9683",25.03.2024,19.04.2024,"26,5873","0,291","0,0109","0,5945"
Betula,2025-Beta-2,Luzern,"0,93","11,1493",25.03.2024,19.04.2024,"26,1453","0,2829","0,0108","0,597"
Betula,2025-Beta-2,Luzern,"0,94","11,3471",25.03.2024,19.04.2024,"25,6645","0,273","0,0106","0,5969"
Betula,2025-Beta-2,Luzern,"0,95","11,6079",25.03.2024,19.04.2024,"25,0695","0,2634","0,0105","0,5983"
Betula,2025-Beta-2,Luzern,"0,96","11,9149",25.03.2024,19.04.2024,"24,3925","0,251","0,0103","0,599"
Betula,2025-Beta-2,Luzern,"0,97","12,3301",25.03.2024,19.04.2024,"23,5237","0,237","0,0101","0,602"
Betula,2025-Beta-2,Luzern,"0,98","12,9421",25.03.2024,19.04.2024,"22,3624","0,2202","0,0098","0,6045"
Betula,2025-Beta-2,Luzern,"0,99","14,1",25.03.2024,19.04.2024,"20,4647","0,1875","0,0092","0,6136"
Betula,2025-Beta-2,Luzern,"0,999","19,2759",25.03.2024,19.04.2024,"14,8211","0,114","0,0077","0,6374"
Betula,2025-Beta-2,Luzern,"0,9999","27,3426",25.03.2024,19.04.2024,"10,377","0,0683","0,0066","0,6536"
Betula,2025-Beta-2,Luzern,1,"39,9163",25.03.2024,19.04.2024,"7,0595","0,0426","0,006","0,6577"
Betula,2025-Beta-2,Luzern,1,"60,9749",25.03.2024,19.04.2024,"4,6114","0,0286","0,0062","0,6878"
Betula,2025-Beta-2,Luzern,1,"84,7355",25.03.2024,19.04.2024,"3,2838","0,0191","0,0058","0,7187"
Corylus,2025-Beta-2,Luzern,0,"9,1148",21.01.2024,24.02.2024,"9,3274","1,3719","0,1471","0,4861"
Corylus,2025-Beta-2,Luzern,"0,2","9,1148",21.01.2024,24.02.2024,"9,3274","1,3719","0,1471","0,4861"
Corylus,2025-Beta-2,Luzern,"0,4","9,1296",21.01.2024,24.02.2024,"9,3125","1,3647","0,1465","0,4864"
Corylus,2025-Beta-2,Luzern,"0,6","9,4494",21.01.2024,24.02.2024,"8,9948","1,2564","0,1397","0,4901"
Corylus,2025-Beta-2,Luzern,"0,75","9,9355",21.01.2024,24.02.2024,"8,5314","1,1135","0,1305","0,4983"
Corylus,2025-Beta-2,Luzern,"0,8","10,1465",21.01.2024,24.02.2024,"8,3434","1,0572","0,1267","0,5027"
Corylus,2025-Beta-2,Luzern,"0,85","10,4013",21.01.2024,24.02.2024,"8,1316","0,998","0,1227","0,5065"
Corylus,2025-Beta-2,Luzern,"0,9","10,7966",21.01.2024,24.02.2024,"7,8334","0,9283","0,1185","0,5153"
Corylus,2025-Beta-2,Luzern,"0,91","10,8893",21.01.2024,24.02.2024,"7,7595","0,9089","0,1171","0,5161"
Corylus,2025-Beta-2,Luzern,"0,92","10,9909",21.01.2024,24.02.2024,"7,6807","0,8905","0,1159","0,5176"
Corylus,2025-Beta-2,Luzern,"0,93","11,1169",21.01.2024,24.02.2024,"7,5948","0,8694","0,1145","0,5203"
Corylus,2025-Beta-2,Luzern,"0,94","11,2428",21.01.2024,24.02.2024,"7,5021","0,8467","0,1129","0,5222"
Corylus,2025-Beta-2,Luzern,"0,95","11,4025",21.01.2024,24.02.2024,"7,3865","0,8224","0,1113","0,5262"
Corylus,2025-Beta-2,Luzern,"0,96","11,6296",21.01.2024,24.02.2024,"7,2407","0,7914","0,1093","0,5298"
Corylus,2025-Beta-2,Luzern,"0,97","11,9594",21.01.2024,24.02.2024,"7,0487","0,7573","0,1074","0,5342"
Corylus,2025-Beta-2,Luzern,"0,98","12,4117",21.01.2024,24.02.2024,"6,7898","0,7041","0,1037","0,5375"
Corylus,2025-Beta-2,Luzern,"0,99","13,1909",21.01.2024,24.02.2024,"6,3657","0,6185","0,0972","0,5507"
Corylus,2025-Beta-2,Luzern,"0,999","16,6626",21.01.2024,24.02.2024,"4,9977","0,4004","0,0801","0,5716"
Corylus,2025-Beta-2,Luzern,"0,9999","21,8396",21.01.2024,24.02.2024,"3,7803","0,2455","0,0649","0,5875"
Corylus,2025-Beta-2,Luzern,1,"30,5382",21.01.2024,24.02.2024,"2,6945","0,1516","0,0563","0,606"
Corylus,2025-Beta-2,Luzern,1,"46,3772",21.01.2024,24.02.2024,"1,7744","0,0917","0,0517","0,6225"
Corylus,2025-Beta-2,Luzern,1,"66,6629",21.01.2024,24.02.2024,"1,2397","0,0587","0,0474","0,651"
Cupressaceae,2025-Beta-2,Luzern,0,"0,5746",15.02.2024,08.03.2024,"15,5928","8,7028","0,5581","0,4876"
Cupressaceae,2025-Beta-2,Luzern,"0,2","0,5746",15.02.2024,08.03.2024,"15,5928","8,7028","0,5581","0,4876"
Cupressaceae,2025-Beta-2,Luzern,"0,4","0,5755",15.02.2024,08.03.2024,"15,5676","8,6853","0,5579","0,4869"
Cupressaceae,2025-Beta-2,Luzern,"0,6","0,6061",15.02.2024,08.03.2024,"14,7102","8,3049","0,5646","0,4861"
Cupressaceae,2025-Beta-2,Luzern,"0,75","0,6565",15.02.2024,08.03.2024,"13,5711","7,8145","0,5758","0,4844"
Cupressaceae,2025-Beta-2,Luzern,"0,8","0,6791",15.02.2024,08.03.2024,"13,1323","7,6203","0,5803","0,4846"
Cupressaceae,2025-Beta-2,Luzern,"0,85","0,7054",15.02.2024,08.03.2024,"12,6106","7,3807","0,5853","0,4849"
Cupressaceae,2025-Beta-2,Luzern,"0,9","0,7453",15.02.2024,08.03.2024,"11,9348","7,0721","0,5926","0,4834"
Cupressaceae,2025-Beta-2,Luzern,"0,91","0,7551",15.02.2024,08.03.2024,"11,7701","6,9959","0,5944","0,4814"
Cupressaceae,2025-Beta-2,Luzern,"0,92","0,7656",15.02.2024,08.03.2024,"11,5992","6,9139","0,5961","0,4821"
Cupressaceae,2025-Beta-2,Luzern,"0,93","0,7803",15.02.2024,08.03.2024,"11,3992","6,8147","0,5978","0,4804"
Cupressaceae,2025-Beta-2,Luzern,"0,94","0,7919",15.02.2024,08.03.2024,"11,1736","6,7114","0,6006","0,4786"
Cupressaceae,2025-Beta-2,Luzern,"0,95","0,807",15.02.2024,08.03.2024,"10,941","6,5854","0,6019","0,4806"
Cupressaceae,2025-Beta-2,Luzern,"0,96","0,8287",15.02.2024,08.03.2024,"10,6549","6,4384","0,6043","0,4811"
Cupressaceae,2025-Beta-2,Luzern,"0,97","0,8572",15.02.2024,08.03.2024,"10,2806","6,2659","0,6095","0,4805"
Cupressaceae,2025-Beta-2,Luzern,"0,98","0,9014",15.02.2024,08.03.2024,"9,783","6,0124","0,6146","0,481"
Cupressaceae,2025-Beta-2,Luzern,"0,99","0,982",15.02.2024,08.03.2024,"8,9333","5,616","0,6287","0,479"
Cupressaceae,2025-Beta-2,Luzern,"0,999","1,3086",15.02.2024,08.03.2024,"6,6552","4,4193","0,664","0,4647"
Cupressaceae,2025-Beta-2,Luzern,"0,9999","1,7237",15.02.2024,08.03.2024,"4,875","3,3932","0,696","0,4693"
Cupressaceae,2025-Beta-2,Luzern,1,"2,3846",15.02.2024,08.03.2024,"3,4213","2,5367","0,7414","0,4725"
Cupressaceae,2025-Beta-2,Luzern,1,"3,3437",15.02.2024,08.03.2024,"2,3496","1,8425","0,7842","0,4692"
Cupressaceae,2025-Beta-2,Luzern,1,"4,1537",15.02.2024,08.03.2024,"1,7767","1,4318","0,8058","0,463"
Fagus,2025-Beta-2,Luzern,0,"0,8807",06.04.2024,16.05.2024,"6,9552","1,5161","0,218","0,3337"
Fagus,2025-Beta-2,Luzern,"0,2","0,8807",06.04.2024,16.05.2024,"6,9552","1,5161","0,218","0,3337"
Fagus,2025-Beta-2,Luzern,"0,4","0,8867",06.04.2024,16.05.2024,"6,9162","1,5044","0,2175","0,3342"
Fagus,2025-Beta-2,Luzern,"0,6","1,0047",06.04.2024,16.05.2024,"6,2827","1,3337","0,2123","0,3398"
Fagus,2025-Beta-2,Luzern,"0,75","1,1859",06.04.2024,16.05.2024,"5,5577","1,1339","0,204","0,3517"
Fagus,2025-Beta-2,Luzern,"0,8","1,2665",06.04.2024,16.05.2024,"5,2875","1,056","0,1997","0,3566"
Fagus,2025-Beta-2,Luzern,"0,85","1,3748",06.04.2024,16.05.2024,"4,9547","0,9746","0,1967","0,3625"
Fagus,2025-Beta-2,Luzern,"0,9","1,5301",06.04.2024,16.05.2024,"4,5638","0,871","0,1908","0,3713"
Fagus,2025-Beta-2,Luzern,"0,91","1,5729",06.04.2024,16.05.2024,"4,4681","0,8476","0,1897","0,3726"
Fagus,2025-Beta-2,Luzern,"0,92","1,6208",06.04.2024,16.05.2024,"4,3609","0,8222","0,1885","0,3756"
Fagus,2025-Beta-2,Luzern,"0,93","1,683",06.04.2024,16.05.2024,"4,2369","0,7965","0,188","0,3744"
Fagus,2025-Beta-2,Luzern,"0,94","1,7447",06.04.2024,16.05.2024,"4,1157","0,7672","0,1864","0,3777"
Fagus,2025-Beta-2,Luzern,"0,95","1,8279",06.04.2024,16.05.2024,"3,9717","0,7334","0,1847","0,3797"
Fagus,2025-Beta-2,Luzern,"0,96","1,926",06.04.2024,16.05.2024,"3,8074","0,6941","0,1823","0,3839"
Fagus,2025-Beta-2,Luzern,"0,97","2,0663",06.04.2024,16.05.2024,"3,613","0,6429","0,1779","0,3923"
Fagus,2025-Beta-2,Luzern,"0,98","2,2785",06.04.2024,16.05.2024,"3,3458","0,581","0,1736","0,4035"
Fagus,2025-Beta-2,Luzern,"0,99","2,6316",06.04.2024,16.05.2024,"2,9804","0,4894","0,1642","0,4172"
Fagus,2025-Beta-2,Luzern,"0,999","4,294",06.04.2024,16.05.2024,"2,0136","0,2752","0,1367","0,4645"
Fagus,2025-Beta-2,Luzern,"0,9999","6,4064",06.04.2024,16.05.2024,"1,4258","0,1506","0,1056","0,5174"
Fagus,2025-Beta-2,Luzern,1,"8,9465",06.04.2024,16.05.2024,"1,0426","0,0768","0,0736","0,5716"
Fagus,2025-Beta-2,Luzern,1,"11,7607",06.04.2024,16.05.2024,"0,8063","0,037","0,0459","0,6247"
Fagus,2025-Beta-2,Luzern,1,"13,8936",06.04.2024,16.05.2024,"0,6784","0,021","0,0309","0,6713"
Fraxinus,2025-Beta-2,Luzern,0,"1,0473",22.03.2024,12.04.2024,"72,7834","9,6167","0,1321","0,4736"
Fraxinus,2025-Beta-2,Luzern,"0,2","1,0473",22.03.2024,12.04.2024,"72,7834","9,6167","0,1321","0,4736"
Fraxinus,2025-Beta-2,Luzern,"0,4","1,0491",22.03.2024,12.04.2024,"72,6626","9,5928","0,132","0,474"
Fraxinus,2025-Beta-2,Luzern,"0,6","1,0872",22.03.2024,12.04.2024,"70,2581","9,0689","0,1291","0,4733"
Fraxinus,2025-Beta-2,Luzern,"0,75","1,14",22.03.2024,12.04.2024,"67,2003","8,4012","0,125","0,4781"
Fraxinus,2025-Beta-2,Luzern,"0,8","1,1616",22.03.2024,12.04.2024,"66,0007","8,1386","0,1233","0,4791"
Fraxinus,2025-Beta-2,Luzern,"0,85","1,1898",22.03.2024,12.04.2024,"64,4946","7,8236","0,1213","0,4813"
Fraxinus,2025-Beta-2,Luzern,"0,9","1,2279",22.03.2024,12.04.2024,"62,558","7,416","0,1185","0,4819"
Fraxinus,2025-Beta-2,Luzern,"0,91","1,2381",22.03.2024,12.04.2024,"62,0592","7,3143","0,1179","0,483"
Fraxinus,2025-Beta-2,Luzern,"0,92","1,2499",22.03.2024,12.04.2024,"61,5274","7,2032","0,1171","0,4847"
Fraxinus,2025-Beta-2,Luzern,"0,93","1,2621",22.03.2024,12.04.2024,"60,9473","7,0849","0,1162","0,4854"
Fraxinus,2025-Beta-2,Luzern,"0,94","1,2758",22.03.2024,12.04.2024,"60,3284","6,9507","0,1152","0,486"
Fraxinus,2025-Beta-2,Luzern,"0,95","1,2929",22.03.2024,12.04.2024,"59,5755","6,7939","0,114","0,4876"
Fraxinus,2025-Beta-2,Luzern,"0,96","1,3121",22.03.2024,12.04.2024,"58,7279","6,6111","0,1126","0,4889"
Fraxinus,2025-Beta-2,Luzern,"0,97","1,3376",22.03.2024,12.04.2024,"57,6442","6,3756","0,1106","0,4883"
Fraxinus,2025-Beta-2,Luzern,"0,98","1,3758",22.03.2024,12.04.2024,"56,102","6,0606","0,108","0,4899"
Fraxinus,2025-Beta-2,Luzern,"0,99","1,4421",22.03.2024,12.04.2024,"53,5933","5,5519","0,1036","0,494"
Fraxinus,2025-Beta-2,Luzern,"0,999","1,6705",22.03.2024,12.04.2024,"46,4473","4,0984","0,0882","0,5071"
Fraxinus,2025-Beta-2,Luzern,"0,9999","1,9087",22.03.2024,12.04.2024,"40,6369","2,9293","0,0721","0,5193"
Fraxinus,2025-Beta-2,Luzern,1,"2,1549",22.03.2024,12.04.2024,"35,9682","2,0328","0,0565","0,5293"
Fraxinus,2025-Beta-2,Luzern,1,"2,4",22.03.2024,12.04.2024,"32,2878","1,3827","0,0428","0,5417"
Fraxinus,2025-Beta-2,Luzern,1,"2,5941",22.03.2024,12.04.2024,"29,8674","1,0357","0,0347","0,5508"
Pinaceae,2025-Beta-2,Luzern,0,"5,4134",06.04.2024,22.04.2024,"11,1604","2,7224","0,2439","0,7073"
Pinaceae,2025-Beta-2,Luzern,"0,2","5,4134",06.04.2024,22.04.2024,"11,1604","2,7224","0,2439","0,7073"
Pinaceae,2025-Beta-2,Luzern,"0,4","5,4154",06.04.2024,22.04.2024,"11,1522","2,7207","0,244","0,708"
Pinaceae,2025-Beta-2,Luzern,"0,6","5,4423",06.04.2024,22.04.2024,"11,0777","2,6766","0,2416","0,7119"
Pinaceae,2025-Beta-2,Luzern,"0,75","5,4617",06.04.2024,22.04.2024,"11,0103","2,6215","0,2381","0,7181"
Pinaceae,2025-Beta-2,Luzern,"0,8","5,473",06.04.2024,22.04.2024,"10,9786","2,598","0,2366","0,7219"
Pinaceae,2025-Beta-2,Luzern,"0,85","5,4805",06.04.2024,22.04.2024,"10,947","2,5753","0,2353","0,7242"
Pinaceae,2025-Beta-2,Luzern,"0,9","5,4893",06.04.2024,22.04.2024,"10,9194","2,5453","0,2331","0,7249"
Pinaceae,2025-Beta-2,Luzern,"0,91","5,4916",06.04.2024,22.04.2024,"10,9133","2,5354","0,2323","0,7235"
Pinaceae,2025-Beta-2,Luzern,"0,92","5,4936",06.04.2024,22.04.2024,"10,9071","2,5286","0,2318","0,7242"
Pinaceae,2025-Beta-2,Luzern,"0,93","5,4969",06.04.2024,22.04.2024,"10,8949","2,5206","0,2314","0,7254"
Pinaceae,2025-Beta-2,Luzern,"0,94","5,5019",06.04.2024,22.04.2024,"10,8816","2,5104","0,2307","0,7265"
Pinaceae,2025-Beta-2,Luzern,"0,95","5,5052",06.04.2024,22.04.2024,"10,8693","2,5015","0,2301","0,7262"
Pinaceae,2025-Beta-2,Luzern,"0,96","5,5108",06.04.2024,22.04.2024,"10,8561","2,4886","0,2292","0,7269"
Pinaceae,2025-Beta-2,Luzern,"0,97","5,5165",06.04.2024,22.04.2024,"10,8356","2,4722","0,2282","0,7273"
Pinaceae,2025-Beta-2,Luzern,"0,98","5,5245",06.04.2024,22.04.2024,"10,8132","2,4483","0,2264","0,7286"
Pinaceae,2025-Beta-2,Luzern,"0,99","5,5355",06.04.2024,22.04.2024,"10,7713","2,4072","0,2235","0,7336"
Pinaceae,2025-Beta-2,Luzern,"0,999","5,5593",06.04.2024,22.04.2024,"10,6876","2,287","0,214","0,7409"
Pinaceae,2025-Beta-2,Luzern,"0,9999","5,5764",06.04.2024,22.04.2024,"10,6242","2,1782","0,205","0,7434"
Pinaceae,2025-Beta-2,Luzern,1,"5,5828",06.04.2024,22.04.2024,"10,5844","2,0611","0,1947","0,7517"
Pinaceae,2025-Beta-2,Luzern,1,"5,5886",06.04.2024,22.04.2024,"10,5477","1,9429","0,1842","0,7557"
Pinaceae,2025-Beta-2,Luzern,1,"5,5984",06.04.2024,22.04.2024,"10,518","1,8513","0,176","0,7609"
Platanus,2025-Beta-2,Luzern,0,"3,943",06.04.2024,18.04.2024,"8,7915","0,2025","0,023","0,4601"
Platanus,2025-Beta-2,Luzern,"0,2","3,943",06.04.2024,18.04.2024,"8,7915","0,2025","0,023","0,4601"
Platanus,2025-Beta-2,Luzern,"0,4","3,9453",06.04.2024,18.04.2024,"8,7849","0,202","0,023","0,4611"
Platanus,2025-Beta-2,Luzern,"0,6","4,035",06.04.2024,18.04.2024,"8,5684","0,1885","0,022","0,4631"
Platanus,2025-Beta-2,Luzern,"0,75","4,1746",06.04.2024,18.04.2024,"8,2453","0,1723","0,0209","0,4612"
Platanus,2025-Beta-2,Luzern,"0,8","4,2276",06.04.2024,18.04.2024,"8,1291","0,1661","0,0204","0,4657"
Platanus,2025-Beta-2,Luzern,"0,85","4,2892",06.04.2024,18.04.2024,"7,9808","0,1574","0,0197","0,4665"
Platanus,2025-Beta-2,Luzern,"0,9","4,3887",06.04.2024,18.04.2024,"7,7818","0,1474","0,0189","0,4706"
Platanus,2025-Beta-2,Luzern,"0,91","4,413",06.04.2024,18.04.2024,"7,7338","0,1457","0,0188","0,4684"
Platanus,2025-Beta-2,Luzern,"0,92","4,4439",06.04.2024,18.04.2024,"7,675","0,1426","0,0186","0,4658"
Platanus,2025-Beta-2,Luzern,"0,93","4,4748",06.04.2024,18.04.2024,"7,6069","0,1395","0,0183","0,4641"
Platanus,2025-Beta-2,Luzern,"0,94","4,51",06.04.2024,18.04.2024,"7,5334","0,1363","0,0181","0,4656"
Platanus,2025-Beta-2,Luzern,"0,95","4,5589",06.04.2024,18.04.2024,"7,4466","0,1307","0,0176","0,4694"
Platanus,2025-Beta-2,Luzern,"0,96","4,6018",06.04.2024,18.04.2024,"7,3385","0,1224","0,0167","0,4729"
Platanus,2025-Beta-2,Luzern,"0,97","4,6752",06.04.2024,18.04.2024,"7,2143","0,1165","0,0161","0,4764"
Platanus,2025-Beta-2,Luzern,"0,98","4,7579",06.04.2024,18.04.2024,"7,0553","0,1097","0,0156","0,479"
Platanus,2025-Beta-2,Luzern,"0,99","4,9575",06.04.2024,18.04.2024,"6,7321","0,0972","0,0144","0,4847"
Platanus,2025-Beta-2,Luzern,"0,999","5,715",06.04.2024,18.04.2024,"5,7559","0,0662","0,0115","0,4972"
Platanus,2025-Beta-2,Luzern,"0,9999","6,6757",06.04.2024,18.04.2024,"4,8077","0,0457","0,0095","0,5102"
Platanus,2025-Beta-2,Luzern,1,"8,3203",06.04.2024,18.04.2024,"3,77","0,0315","0,0084","0,5062"
Platanus,2025-Beta-2,Luzern,1,"10,5532",06.04.2024,18.04.2024,"2,8846","0,02","0,0069","0,5676"
Platanus,2025-Beta-2,Luzern,1,"13,3254",06.04.2024,18.04.2024,"2,2423","0,0149","0,0066","0,5873"
Poaceae,2025-Beta-2,Luzern,0,"6,0443",05.04.2024,10.06.2024,"11,2129","4,266","0,3805","0,519"
Poaceae,2025-Beta-2,Luzern,"0,2","6,0443",05.04.2024,10.06.2024,"11,2129","4,266","0,3805","0,519"
Poaceae,2025-Beta-2,Luzern,"0,4","6,0517",05.04.2024,10.06.2024,"11,1994","4,259","0,3803","0,5194"
Poaceae,2025-Beta-2,Luzern,"0,6","6,1736",05.04.2024,10.06.2024,"10,9768","4,1159","0,375","0,5229"
Poaceae,2025-Beta-2,Luzern,"0,75","6,3358",05.04.2024,10.06.2024,"10,6943","3,9198","0,3665","0,5274"
Poaceae,2025-Beta-2,Luzern,"0,8","6,4009",05.04.2024,10.06.2024,"10,5837","3,8551","0,3642","0,5294"
Poaceae,2025-Beta-2,Luzern,"0,85","6,481",05.04.2024,10.06.2024,"10,4445","3,775","0,3614","0,5298"
Poaceae,2025-Beta-2,Luzern,"0,9","6,5806",05.04.2024,10.06.2024,"10,2696","3,6777","0,3581","0,5343"
Poaceae,2025-Beta-2,Luzern,"0,91","6,6084",05.04.2024,10.06.2024,"10,2224","3,6519","0,3572","0,535"
Poaceae,2025-Beta-2,Luzern,"0,92","6,639",05.04.2024,10.06.2024,"10,1727","3,6236","0,3562","0,5364"
Poaceae,2025-Beta-2,Luzern,"0,93","6,67",05.04.2024,10.06.2024,"10,1198","3,5923","0,355","0,5378"
Poaceae,2025-Beta-2,Luzern,"0,94","6,7075",05.04.2024,10.06.2024,"10,0547","3,5598","0,354","0,5386"
Poaceae,2025-Beta-2,Luzern,"0,95","6,7519",05.04.2024,10.06.2024,"9,9853","3,5198","0,3525","0,5389"
Poaceae,2025-Beta-2,Luzern,"0,96","6,8006",05.04.2024,10.06.2024,"9,9086","3,4779","0,351","0,5408"
Poaceae,2025-Beta-2,Luzern,"0,97","6,8619",05.04.2024,10.06.2024,"9,8091","3,4199","0,3486","0,5435"
Poaceae,2025-Beta-2,Luzern,"0,98","6,9464",05.04.2024,10.06.2024,"9,6792","3,3476","0,3459","0,5434"
Poaceae,2025-Beta-2,Luzern,"0,99","7,098",05.04.2024,10.06.2024,"9,4519","3,2308","0,3418","0,5459"
Poaceae,2025-Beta-2,Luzern,"0,999","7,6422",05.04.2024,10.06.2024,"8,7118","2,8935","0,3321","0,5519"
Poaceae,2025-Beta-2,Luzern,"0,9999","8,2042",05.04.2024,10.06.2024,"8,0624","2,583","0,3204","0,5588"
Poaceae,2025-Beta-2,Luzern,1,"8,8508",05.04.2024,10.06.2024,"7,4245","2,3021","0,3101","0,566"
Poaceae,2025-Beta-2,Luzern,1,"9,6761",05.04.2024,10.06.2024,"6,7559","2,0587","0,3047","0,5674"
Poaceae,2025-Beta-2,Luzern,1,"10,4417",05.04.2024,10.06.2024,"6,2493","1,8749","0,3","0,571"
Quercus,2025-Beta-2,Luzern,0,"16,2927",07.04.2024,08.05.2024,"5,5963","0,6721","0,1201","0,2947"
Quercus,2025-Beta-2,Luzern,"0,2","16,2927",07.04.2024,08.05.2024,"5,5963","0,6721","0,1201","0,2947"
Quercus,2025-Beta-2,Luzern,"0,4","16,3482",07.04.2024,08.05.2024,"5,5784","0,6675","0,1197","0,2959"
Quercus,2025-Beta-2,Luzern,"0,6","17,3755",07.04.2024,08.05.2024,"5,2241","0,5955","0,114","0,2923"
Quercus,2025-Beta-2,Luzern,"0,75","18,816",07.04.2024,08.05.2024,"4,7955","0,5185","0,1081","0,2965"
Quercus,2025-Beta-2,Luzern,"0,8","19,4466",07.04.2024,08.05.2024,"4,6295","0,4837","0,1045","0,2974"
Quercus,2025-Beta-2,Luzern,"0,85","20,3132",07.04.2024,08.05.2024,"4,4217","0,4535","0,1026","0,2979"
Quercus,2025-Beta-2,Luzern,"0,9","21,6273",07.04.2024,08.05.2024,"4,1591","0,4104","0,0987","0,3041"
Quercus,2025-Beta-2,Luzern,"0,91","21,9501",07.04.2024,08.05.2024,"4,0956","0,4002","0,0977","0,3081"
Quercus,2025-Beta-2,Luzern,"0,92","22,2668",07.04.2024,08.05.2024,"4,0376","0,3887","0,0963","0,3101"
Quercus,2025-Beta-2,Luzern,"0,93","22,7463",07.04.2024,08.05.2024,"3,9605","0,3771","0,0952","0,3112"
Quercus,2025-Beta-2,Luzern,"0,94","23,2142",07.04.2024,08.05.2024,"3,8824","0,366","0,0943","0,3172"
Quercus,2025-Beta-2,Luzern,"0,95","23,7488",07.04.2024,08.05.2024,"3,7961","0,3519","0,0927","0,3184"
Quercus,2025-Beta-2,Luzern,"0,96","24,523",07.04.2024,08.05.2024,"3,673","0,3369","0,0917","0,3225"
Quercus,2025-Beta-2,Luzern,"0,97","25,5173",07.04.2024,08.05.2024,"3,5314","0,3172","0,0898","0,3262"
Quercus,2025-Beta-2,Luzern,"0,98","27,0722",07.04.2024,08.05.2024,"3,3182","0,2931","0,0883","0,3297"
Quercus,2025-Beta-2,Luzern,"0,99","29,6115",07.04.2024,08.05.2024,"3,0257","0,2538","0,0839","0,3224"
Quercus,2025-Beta-2,Luzern,"0,999","41,3846",07.04.2024,08.05.2024,"2,1544","0,1581","0,0734","0,3289"
Quercus,2025-Beta-2,Luzern,"0,9999","58,216",07.04.2024,08.05.2024,"1,5077","0,092","0,061","0,3261"
Quercus,2025-Beta-2,Luzern,1,"85,3119",07.04.2024,08.05.2024,"1,0189","0,0523","0,0513","0,3746"
Quercus,2025-Beta-2,Luzern,1,"128,4033",07.04.2024,08.05.2024,"0,6624","0,0285","0,0431","0,4266"
Quercus,2025-Beta-2,Luzern,1,"175,4854",07.04.2024,08.05.2024,"0,4633","0,0189","0,0407","0,4845"
Taxus,2025-Beta-2,Luzern,0,"4,7108",10.02.2024,13.03.2024,"50,0428","1,2134","0,0242","0,5638"
Taxus,2025-Beta-2,Luzern,"0,2","4,7108",10.02.2024,13.03.2024,"50,0428","1,2134","0,0242","0,5638"
Taxus,2025-Beta-2,Luzern,"0,4","4,7147",10.02.2024,13.03.2024,50,"1,2058","0,0241","0,5642"
Taxus,2025-Beta-2,Luzern,"0,6","4,8578",10.02.2024,13.03.2024,"48,4743","1,1098","0,0229","0,5652"
Taxus,2025-Beta-2,Luzern,"0,75","5,09",10.02.2024,13.03.2024,"46,2048","0,9943","0,0215","0,5669"
Taxus,2025-Beta-2,Luzern,"0,8","5,1937",10.02.2024,13.03.2024,"45,2615","0,9467","0,0209","0,5645"
Taxus,2025-Beta-2,Luzern,"0,85","5,3191",10.02.2024,13.03.2024,"44,1235","0,8939","0,0203","0,5652"
Taxus,2025-Beta-2,Luzern,"0,9","5,5062",10.02.2024,13.03.2024,"42,6123","0,8267","0,0194","0,566"
Taxus,2025-Beta-2,Luzern,"0,91","5,554",10.02.2024,13.03.2024,"42,2213","0,813","0,0193","0,5665"
Taxus,2025-Beta-2,Luzern,"0,92","5,6106",10.02.2024,13.03.2024,"41,7877","0,7998","0,0191","0,5656"
Taxus,2025-Beta-2,Luzern,"0,93","5,6755",10.02.2024,13.03.2024,"41,2961","0,7793","0,0189","0,5672"
Taxus,2025-Beta-2,Luzern,"0,94","5,7503",10.02.2024,13.03.2024,"40,7695","0,7589","0,0186","0,5684"
Taxus,2025-Beta-2,Luzern,"0,95","5,8401",10.02.2024,13.03.2024,"40,1238","0,7357","0,0183","0,567"
Taxus,2025-Beta-2,Luzern,"0,96","5,9533",10.02.2024,13.03.2024,"39,3704","0,7045","0,0179","0,5662"
Taxus,2025-Beta-2,Luzern,"0,97","6,0993",10.02.2024,13.03.2024,"38,3986","0,6681","0,0174","0,5683"
Taxus,2025-Beta-2,Luzern,"0,98","6,3185",10.02.2024,13.03.2024,"37,0377","0,6232","0,0168","0,5711"
Taxus,2025-Beta-2,Luzern,"0,99","6,7207",10.02.2024,13.03.2024,"34,7617","0,556","0,016","0,5723"
Taxus,2025-Beta-2,Luzern,"0,999","8,4939",10.02.2024,13.03.2024,"27,369","0,3693","0,0135","0,5753"
Taxus,2025-Beta-2,Luzern,"0,9999","11,2735",10.02.2024,13.03.2024,"20,438","0,2407","0,0118","0,5929"
Taxus,2025-Beta-2,Luzern,1,"15,862",10.02.2024,13.03.2024,"14,3384","0,1488","0,0104","0,5891"
Taxus,2025-Beta-2,Luzern,1,"24,4252",10.02.2024,13.03.2024,"9,1035","0,0862","0,0095","0,6095"
Taxus,2025-Beta-2,Luzern,1,"36,7316",10.02.2024,13.03.2024,"5,9254","0,0551","0,0093","0,5959"
Alnus,2025-Gamma-3,Basel,0,"4,4614",02.02.2024,08.03.2024,"32,9445","1,0681","0,0324","0,7025"
Alnus,2025-Gamma-3,Basel,"0,2","4,4614",02.02.2024,08.03.2024,"32,9445","1,0681","0,0324","0,7025"
Alnus,2025-Gamma-3,Basel,"0,4","4,4651",02.02.2024,08.03.2024,"32,9122","1,0458","0,0318","0,7046"
Alnus,2025-Gamma-3,Basel,"0,6","4,5655",02.02.2024,08.03.2024,"32,1763","0,8901","0,0277","0,7166"
Alnus,2025-Gamma-3,Basel,"0,75","4,7213",02.02.2024,08.03.2024,"31,0898","0,7487","0,0241","0,7232"
Alnus,2025-Gamma-3,Basel,"0,8","4,7909",02.02.2024,08.03.2024,"30,6336","0,7012","0,0229","0,728"
Alnus,2025-Gamma-3,Basel,"0,85","4,8698",02.02.2024,08.03.2024,"30,112","0,6439","0,0214","0,7307"
Alnus,2025-Gamma-3,Basel,"0,9","4,9883",02.02.2024,08.03.2024,"29,4053","0,5792","0,0197","0,7342"
Alnus,2025-Gamma-3,Basel,"0,91","5,0182",02.02.2024,08.03.2024,"29,2173","0,5624","0,0192","0,7365"
Alnus,2025-Gamma-3,Basel,"0,92","5,0515",02.02.2024,08.03.2024,"29,0225","0,5479","0,0189","0,7381"
Alnus,2025-Gamma-3,Basel,"0,93","5,0876",02.02.2024,08.03.2024,"28,8063","0,5332","0,0185","0,7397"
Alnus,2025-Gamma-3,Basel,"0,94","5,1306",02.02.2024,08.03.2024,"28,5506","0,5149","0,018","0,7418"
Alnus,2025-Gamma-3,Basel,"0,95","5,1815",02.02.2024,08.03.2024,"28,272","0,4942","0,0175","0,7409"
Alnus,2025-Gamma-3,Basel,"0,96","5,2489",02.02.2024,08.03.2024,"27,899","0,4721","0,0169","0,7424"
Alnus,2025-Gamma-3,Basel,"0,97","5,3362",02.02.2024,08.03.2024,"27,4487","0,4448","0,0162","0,7453"
Alnus,2025-Gamma-3,Basel,"0,98","5,4592",02.02.2024,08.03.2024,"26,8392","0,4083","0,0152","0,7465"
Alnus,2025-Gamma-3,Basel,"0,99","5,6861",02.02.2024,08.03.2024,"25,7635","0,3565","0,0138","0,7522"
Alnus,2025-Gamma-3,Basel,"0,999","6,5756",02.02.2024,08.03.2024,"22,2425","0,2348","0,0106","0,7616"
Alnus,2025-Gamma-3,Basel,"0,9999","7,7288",02.02.2024,08.03.2024,"18,8966","0,1625","0,0086","0,7576"
Alnus,2025-Gamma-3,Basel,1,"9,3015",02.02.2024,08.03.2024,"15,6819","0,1134","0,0072","0,7658"
Alnus,2025-Gamma-3,Basel,1,"11,5445",02.02.2024,08.03.2024,"12,6268","0,0809","0,0064","0,7477"
Alnus,2025-Gamma-3,Basel,1,"13,9679",02.02.2024,08.03.2024,"10,461","0,0648","0,0062","0,7637"
Betula,2025-Gamma-3,Basel,0,"1,6923",20.03.2024,18.04.2024,"48,7074","8,072","0,1657","0,4678"
Betula,2025-Gamma-3,Basel,"0,2","1,6923",20.03.2024,18.04.2024,"48,7074","8,072","0,1657","0,4678"
Betula,2025-Gamma-3,Basel,"0,4","1,7015",20.03.2024,18.04.2024,"48,4744","8,0055","0,1651","0,4683"
Betula,2025-Gamma-3,Basel,"0,6","1,7955",20.03.2024,18.04.2024,"46,0031","7,2127","0,1568","0,4726"
Betula,2025-Gamma-3,Basel,"0,75","1,9173",20.03.2024,18.04.2024,"43,0584","6,3317","0,147","0,4782"
Betula,2025-Gamma-3,Basel,"0,8","1,972",20.03.2024,18.04.2024,"41,8391","5,985","0,143","0,4798"
Betula,2025-Gamma-3,Basel,"0,85","2,0402",20.03.2024,18.04.2024,"40,4504","5,5915","0,1382","0,4836"
Betula,2025-Gamma-3,Basel,"0,9","2,1364",20.03.2024,18.04.2024,"38,6731","5,0871","0,1315","0,4893"
Betula,2025-Gamma-3,Basel,"0,91","2,1589",20.03.2024,18.04.2024,"38,2361","4,9733","0,1301","0,4904"
Betula,2025-Gamma-3,Basel,"0,92","2,186",20.03.2024,18.04.2024,"37,7733","4,8531","0,1285","0,4924"
Betula,2025-Gamma-3,Basel,"0,93","2,2197",20.03.2024,18.04.2024,"37,1925","4,7062","0,1265","0,4912"
Betula,2025-Gamma-3,Basel,"0,94","2,2534",20.03.2024,18.04.2024,"36,6146","4,5432","0,1241","0,4929"
Betula,2025-Gamma-3,Basel,"0,95","2,2965",20.03.2024,18.04.2024,"35,9355","4,3733","0,1217","0,4949"
Betula,2025-Gamma-3,Basel,"0,96","2,3516",20.03.2024,18.04.2024,"35,0845","4,1563","0,1185","0,4965"
Betula,2025-Gamma-3,Basel,"0,97","2,421",20.03.2024,18.04.2024,"34,106","3,8912","0,1141","0,4993"
Betula,2025-Gamma-3,Basel,"0,98","2,5234",20.03.2024,18.04.2024,"32,6951","3,5581","0,1088","0,5012"
Betula,2025-Gamma-3,Basel,"0,99","2,7136",20.03.2024,18.04.2024,"30,3545","3,0217","0,0995","0,5077"
Betula,2025-Gamma-3,Basel,"0,999","3,5218",20.03.2024,18.04.2024,"23,2522","1,7143","0,0737","0,5357"
Betula,2025-Gamma-3,Basel,"0,9999","4,7888",20.03.2024,18.04.2024,"16,8767","0,8877","0,0526","0,5494"
Betula,2025-Gamma-3,Basel,1,"6,9551",20.03.2024,18.04.2024,"11,4123","0,3966","0,0348","0,5539"
Betula,2025-Gamma-3,Basel,1,"11,2839",20.03.2024,18.04.2024,"6,9396","0,1639","0,0236","0,559"
Betula,2025-Gamma-3,Basel,1,"18,0517",20.03.2024,18.04.2024,"4,3556","0,0821","0,0189","0,5708"
Corylus,2025-Gamma-3,Basel,0,"3,8648",26.01.2024,19.02.2024,"10,8506","1,7103","0,1576","0,5516"
Corylus,2025-Gamma-3,Basel,"0,2","3,8648",26.01.2024,19.02.2024,"10,8506","1,7103","0,1576","0,5516"
Corylus,2025-Gamma-3,Basel,"0,4","3,8827",26.01.2024,19.02.2024,"10,818","1,69","0,1562","0,5523"
Corylus,2025-Gamma-3,Basel,"0,6","4,2155",26.01.2024,19.02.2024,"10,1586","1,5082","0,1485","0,5606"
Corylus,2025-Gamma-3,Basel,"0,75","4,6687",26.01.2024,19.02.2024,"9,3654","1,3147","0,1404","0,5757"
Corylus,2025-Gamma-3,Basel,"0,8","4,8683",26.01.2024,19.02.2024,"9,0555","1,24","0,1369","0,5831"
Corylus,2025-Gamma-3,Basel,"0,85","5,1179",26.01.2024,19.02.2024,"8,6866","1,1549","0,133","0,5894"
Corylus,2025-Gamma-3,Basel,"0,9","5,4632",26.01.2024,19.02.2024,"8,1909","1,056","0,1289","0,5932"
Corylus,2025-Gamma-3,Basel,"0,91","5,5573",26.01.2024,19.02.2024,"8,0596","1,0285","0,1276","0,5942"
Corylus,2025-Gamma-3,Basel,"0,92","5,6738",26.01.2024,19.02.2024,"7,9152","1,0046","0,1269","0,5955"
Corylus,2025-Gamma-3,Basel,"0,93","5,8022",26.01.2024,19.02.2024,"7,7623","0,9788","0,1261","0,598"
Corylus,2025-Gamma-3,Basel,"0,94","5,9545",26.01.2024,19.02.2024,"7,588","0,9488","0,125","0,6025"
Corylus,2025-Gamma-3,Basel,"0,95","6,1108",26.01.2024,19.02.2024,"7,4059","0,9129","0,1233","0,6035"
Corylus,2025-Gamma-3,Basel,"0,96","6,3281",26.01.2024,19.02.2024,"7,1733","0,8705","0,1214","0,6091"
Corylus,2025-Gamma-3,Basel,"0,97","6,586",26.01.2024,19.02.2024,"6,9064","0,8165","0,1182","0,6081"
Corylus,2025-Gamma-3,Basel,"0,98","7,0193",26.01.2024,19.02.2024,"6,5166","0,7528","0,1155","0,6149"
Corylus,2025-Gamma-3,Basel,"0,99","7,8344",26.01.2024,19.02.2024,"5,8656","0,6455","0,1101","0,6246"
Corylus,2025-Gamma-3,Basel,"0,999","11,3591",26.01.2024,19.02.2024,"4,078","0,3738","0,0917","0,6676"
Corylus,2025-Gamma-3,Basel,"0,9999","16,7547",26.01.2024,19.02.2024,"2,7218","0,2217","0,0814","0,6616"
Corylus,2025-Gamma-3,Basel,1,"26,5342",26.01.2024,19.02.2024,"1,7036","0,124","0,0728","0,6741"
Corylus,2025-Gamma-3,Basel,1,"44,2658",26.01.2024,19.02.2024,"1,0161","0,0656","0,0645","0,6809"
Corylus,2025-Gamma-3,Basel,1,"69,5408",26.01.2024,19.02.2024,"0,6312","0,0388","0,0615","0,6672"
Cupressaceae,2025-Gamma-3,Basel,0,"14,8639",11.02.2024,01.03.2024,"3,0228","3,5688","1,1806","0,3757"
Cupressaceae,2025-Gamma-3,Basel,"0,2","14,8639",11.02.2024,01.03.2024,"3,0228","3,5688","1,1806","0,3757"
Cupressaceae,2025-Gamma-3,Basel,"0,4","15,0727",11.02.2024,01.03.2024,"2,9898","3,514","1,1753","0,377"
Cupressaceae,2025-Gamma-3,Basel,"0,6","17,1036",11.02.2024,01.03.2024,"2,6433","3,1367","1,1867","0,3664"
Cupressaceae,2025-Gamma-3,Basel,"0,75","19,1021",11.02.2024,01.03.2024,"2,3258","2,7547","1,1844","0,3579"
Cupressaceae,2025-Gamma-3,Basel,"0,8","19,9877",11.02.2024,01.03.2024,"2,2177","2,6102","1,177","0,3616"
Cupressaceae,2025-Gamma-3,Basel,"0,85","21,2227",11.02.2024,01.03.2024,"2,0855","2,4495","1,1745","0,3565"
Cupressaceae,2025-Gamma-3,Basel,"0,9","23,5159",11.02.2024,01.03.2024,"1,9125","2,2339","1,1681","0,3476"
Cupressaceae,2025-Gamma-3,Basel,"0,91","24,165",11.02.2024,01.03.2024,"1,8639","2,1827","1,171","0,3475"
Cupressaceae,2025-Gamma-3,Basel,"0,92","24,8519",11.02.2024,01.03.2024,"1,8049","2,127","1,1785","0,3472"
Cupressaceae,2025-Gamma-3,Basel,"0,93","25,4973",11.02.2024,01.03.2024,"1,7524","2,0663","1,1791","0,3418"
Cupressaceae,2025-Gamma-3,Basel,"0,94","26,6309",11.02.2024,01.03.2024,"1,6849","2,0055","1,1902","0,3404"
Cupressaceae,2025-Gamma-3,Basel,"0,95","27,4771",11.02.2024,01.03.2024,"1,6282","1,9266","1,1833","0,3398"
Cupressaceae,2025-Gamma-3,Basel,"0,96","28,8093",11.02.2024,01.03.2024,"1,5589","1,84","1,1803","0,3392"
Cupressaceae,2025-Gamma-3,Basel,"0,97","30,2757",11.02.2024,01.03.2024,"1,4723","1,7318","1,1762","0,3374"
Cupressaceae,2025-Gamma-3,Basel,"0,98","33,462",11.02.2024,01.03.2024,"1,3542","1,589","1,1735","0,3366"
Cupressaceae,2025-Gamma-3,Basel,"0,99","38,8577",11.02.2024,01.03.2024,"1,1744","1,3833","1,1779","0,3315"
Cupressaceae,2025-Gamma-3,Basel,"0,999","61,9468",11.02.2024,01.03.2024,"0,7136","0,8386","1,1752","0,3046"
Cupressaceae,2025-Gamma-3,Basel,"0,9999","104,3805",11.02.2024,01.03.2024,"0,4188","0,4911","1,1726","0,2788"
Cupressaceae,2025-Gamma-3,Basel,1,"199,4498",11.02.2024,01.03.2024,"0,2363","0,2668","1,1288","0,2531"
Cupressaceae,2025-Gamma-3,Basel,1,"348,8975",11.02.2024,01.03.2024,"0,1296","0,1325","1,0228","0,2276"
Cupressaceae,2025-Gamma-3,Basel,1,"497,8182",11.02.2024,01.03.2024,"0,0818","0,075","0,9167","0,193"
Fagus,2025-Gamma-3,Basel,0,"8,9679",06.04.2024,05.05.2024,"0,6696","0,0231","0,0345","0,5769"
Fagus,2025-Gamma-3,Basel,"0,2","8,9679",06.04.2024,05.05.2024,"0,6696","0,0231","0,0345","0,5769"
Fagus,2025-Gamma-3,Basel,"0,4","8,9693",06.04.2024,05.05.2024,"0,6684","0,0227","0,0339","0,5777"
Fagus,2025-Gamma-3,Basel,"0,6","9,2414",06.04.2024,05.05.2024,"0,646","0,0176","0,0272","0,6082"
Fagus,2025-Gamma-3,Basel,"0,75","9,6361",06.04.2024,05.05.2024,"0,6163","0,0143","0,0232","0,6229"
Fagus,2025-Gamma-3,Basel,"0,8","9,8268",06.04.2024,05.05.2024,"0,6049","0,0137","0,0226","0,6305"
Fagus,2025-Gamma-3,Basel,"0,85","10,123",06.04.2024,05.05.2024,"0,5841","0,0125","0,0213","0,6488"
Fagus,2025-Gamma-3,Basel,"0,9","10,2951",06.04.2024,05.05.2024,"0,5745","0,0121","0,021","0,6582"
Fagus,2025-Gamma-3,Basel,"0,91","10,3933",06.04.2024,05.05.2024,"0,569","0,0118","0,0208","0,6582"
Fagus,2025-Gamma-3,Basel,"0,92","10,5112",06.04.2024,05.05.2024,"0,5622","0,0118","0,0211","0,6587"
Fagus,2025-Gamma-3,Basel,"0,93","10,6228",06.04.2024,05.05.2024,"0,5562","0,0118","0,0213","0,6587"
Fagus,2025-Gamma-3,Basel,"0,94","10,8094",06.04.2024,05.05.2024,"0,5448","0,0116","0,0214","0,6618"
Fagus,2025-Gamma-3,Basel,"0,95","10,9064",06.04.2024,05.05.2024,"0,5388","0,0114","0,0212","0,6656"
Fagus,2025-Gamma-3,Basel,"0,96","11,1651",06.04.2024,05.05.2024,"0,5252","0,0112","0,0214","0,6624"
Fagus,2025-Gamma-3,Basel,"0,97","11,2146",06.04.2024,05.05.2024,"0,5197","0,0102","0,0197","0,6658"
Fagus,2025-Gamma-3,Basel,"0,98","11,4755",06.04.2024,05.05.2024,"0,5077","0,0096","0,0189","0,6728"
Fagus,2025-Gamma-3,Basel,"0,99","11,8835",06.04.2024,05.05.2024,"0,4882","0,0086","0,0176","0,68"
Fagus,2025-Gamma-3,Basel,"0,999","13,5807",06.04.2024,05.05.2024,"0,4132","0,0074","0,0178","0,6916"
Fagus,2025-Gamma-3,Basel,"0,9999","15,7579",06.04.2024,05.05.2024,"0,3512","0,0047","0,0134","0,7469"
Fagus,2025-Gamma-3,Basel,1,"19,2609",06.04.2024,05.05.2024,"0,2894","0,0031","0,0106","0,7758"
Fagus,2025-Gamma-3,Basel,1,"23,3035",06.04.2024,05.05.2024,"0,2397","0,0025","0,0102","0,7744"
Fagus,2025-Gamma-3,Basel,1,"26,8078",06.04.2024,05.05.2024,"0,2054","0,0018","0,009","0,775"
Fraxinus,2025-Gamma-3,Basel,0,"1,406",15.03.2024,11.04.2024,"36,3234","7,0104","0,193","0,6039"
Fraxinus,2025-Gamma-3,Basel,"0,2","1,406",15.03.2024,11.04.2024,"36,3234","7,0104","0,193","0,6039"
Fraxinus,2025-Gamma-3,Basel,"0,4","1,4179",15.03.2024,11.04.2024,"36,0665","6,9188","0,1918","0,6043"
Fraxinus,2025-Gamma-3,Basel,"0,6","1,5204",15.03.2024,11.04.2024,"33,9183","6,1581","0,1816","0,613"
Fraxinus,2025-Gamma-3,Basel,"0,75","1,6367",15.03.2024,11.04.2024,"31,7262","5,365","0,1691","0,6298"
Fraxinus,2025-Gamma-3,Basel,"0,8","1,6842",15.03.2024,11.04.2024,"30,9199","5,0632","0,1638","0,6349"
Fraxinus,2025-Gamma-3,Basel,"0,85","1,7417",15.03.2024,11.04.2024,"29,9553","4,7342","0,158","0,6423"
Fraxinus,2025-Gamma-3,Basel,"0,9","1,8158",15.03.2024,11.04.2024,"28,7923","4,3334","0,1505","0,648"
Fraxinus,2025-Gamma-3,Basel,"0,91","1,8342",15.03.2024,11.04.2024,"28,4987","4,23","0,1484","0,6496"
Fraxinus,2025-Gamma-3,Basel,"0,92","1,8538",15.03.2024,11.04.2024,"28,196","4,1302","0,1465","0,6551"
Fraxinus,2025-Gamma-3,Basel,"0,93","1,8757",15.03.2024,11.04.2024,"27,8779","4,0181","0,1441","0,6584"
Fraxinus,2025-Gamma-3,Basel,"0,94","1,9021",15.03.2024,11.04.2024,"27,5007","3,9045","0,142","0,6603"
Fraxinus,2025-Gamma-3,Basel,"0,95","1,933",15.03.2024,11.04.2024,"27,0752","3,7716","0,1393","0,663"
Fraxinus,2025-Gamma-3,Basel,"0,96","1,9692",15.03.2024,11.04.2024,"26,5729","3,6075","0,1358","0,6664"
Fraxinus,2025-Gamma-3,Basel,"0,97","2,0142",15.03.2024,11.04.2024,"25,9676","3,4211","0,1317","0,6702"
Fraxinus,2025-Gamma-3,Basel,"0,98","2,0747",15.03.2024,11.04.2024,"25,2166","3,1669","0,1256","0,6756"
Fraxinus,2025-Gamma-3,Basel,"0,99","2,1856",15.03.2024,11.04.2024,"23,935","2,7814","0,1162","0,6811"
Fraxinus,2025-Gamma-3,Basel,"0,999","2,5617",15.03.2024,11.04.2024,"20,3167","1,875","0,0923","0,6948"
Fraxinus,2025-Gamma-3,Basel,"0,9999","3,0016",15.03.2024,11.04.2024,"17,2658","1,3102","0,0759","0,705"
Fraxinus,2025-Gamma-3,Basel,1,"3,579",15.03.2024,11.04.2024,"14,4061","0,9361","0,065","0,7091"
Fraxinus,2025-Gamma-3,Basel,1,"4,3847",15.03.2024,11.04.2024,"11,741","0,6778","0,0577","0,7123"
Fraxinus,2025-Gamma-3,Basel,1,"5,2154",15.03.2024,11.04.2024,"9,8312","0,5303","0,0539","0,7104"
Pinaceae,2025-Gamma-3,Basel,0,"2,314",09.04.2024,18.04.2024,"11,2985","5,5771","0,4936","0,5279"
Pinaceae,2025-Gamma-3,Basel,"0,2","2,314",09.04.2024,18.04.2024,"11,2985","5,5771","0,4936","0,5279"
Pinaceae,2025-Gamma-3,Basel,"0,4","2,3411",09.04.2024,18.04.2024,"11,1249","5,4895","0,4934","0,5305"
Pinaceae,2025-Gamma-3,Basel,"0,6","2,5028",09.04.2024,18.04.2024,"10,1978","4,8583","0,4764","0,5513"
Pinaceae,2025-Gamma-3,Basel,"0,75","2,7016",09.04.2024,18.04.2024,"9,2503","4,2644","0,461","0,5654"
Pinaceae,2025-Gamma-3,Basel,"0,8","2,7686",09.04.2024,18.04.2024,"8,9097","4,0378","0,4532","0,5707"
Pinaceae,2025-Gamma-3,Basel,"0,85","2,8656",09.04.2024,18.04.2024,"8,4767","3,7883","0,4469","0,577"
Pinaceae,2025-Gamma-3,Basel,"0,9","2,9922",09.04.2024,18.04.2024,"7,9895","3,4893","0,4367","0,5884"
Pinaceae,2025-Gamma-3,Basel,"0,91","3,0237",09.04.2024,18.04.2024,"7,8659","3,4167","0,4344","0,5903"
Pinaceae,2025-Gamma-3,Basel,"0,92","3,0442",09.04.2024,18.04.2024,"7,7617","3,3361","0,4298","0,5925"
Pinaceae,2025-Gamma-3,Basel,"0,93","3,0836",09.04.2024,18.04.2024,"7,6297","3,2557","0,4267","0,5943"
Pinaceae,2025-Gamma-3,Basel,"0,94","3,1233",09.04.2024,18.04.2024,"7,4975","3,164","0,422","0,5987"
Pinaceae,2025-Gamma-3,Basel,"0,95","3,1672",09.04.2024,18.04.2024,"7,3303","3,0711","0,419","0,604"
Pinaceae,2025-Gamma-3,Basel,"0,96","3,2315",09.04.2024,18.04.2024,"7,1078","2,9565","0,416","0,6084"
Pinaceae,2025-Gamma-3,Basel,"0,97","3,3042",09.04.2024,18.04.2024,"6,8959","2,8164","0,4084","0,6135"
Pinaceae,2025-Gamma-3,Basel,"0,98","3,38",09.04.2024,18.04.2024,"6,6505","2,6329","0,3959","0,62"
Pinaceae,2025-Gamma-3,Basel,"0,99","3,4808",09.04.2024,18.04.2024,"6,3062","2,368","0,3755","0,6303"
Pinaceae,2025-Gamma-3,Basel,"0,999","3,7303",09.04.2024,18.04.2024,"5,6439","1,7917","0,3175","0,6636"
Pinaceae,2025-Gamma-3,Basel,"0,9999","3,8759",09.04.2024,18.04.2024,"5,359","1,4969","0,2793","0,6823"
Pinaceae,2025-Gamma-3,Basel,1,"3,9991",09.04.2024,18.04.2024,"5,1767","1,3379","0,2584","0,6948"
Pinaceae,2025-Gamma-3,Basel,1,"4,237",09.04.2024,18.04.2024,"4,9197","1,2243","0,2489","0,7091"
Pinaceae,2025-Gamma-3,Basel,1,"4,4208",09.04.2024,18.04.2024,"4,7235","1,144","0,2422","0,7164"
Platanus,2025-Gamma-3,Basel,0,"6,5922",24.03.2024,18.04.2024,"22,2285","0,2455","0,011","0,6645"
Platanus,2025-Gamma-3,Basel,"0,2","6,5925",24.03.2024,18.04.2024,"22,2278","0,2455","0,011","0,6645"
Platanus,2025-Gamma-3,Basel,"0,4","6,642",24.03.2024,18.04.2024,"22,0641","0,2382","0,0108","0,6652"
Platanus,2025-Gamma-3,Basel,"0,6","7,1216",24.03.2024,18.04.2024,"20,6326","0,1974","0,0096","0,674"
Platanus,2025-Gamma-3,Basel,"0,75","7,7083",24.03.2024,18.04.2024,"19,0793","0,1637","0,0086","0,6741"
Platanus,2025-Gamma-3,Basel,"0,8","7,9715",24.03.2024,18.04.2024,"18,4546","0,1477","0,008","0,6788"
Platanus,2025-Gamma-3,Basel,"0,85","8,3313",24.03.2024,18.04.2024,"17,6989","0,1337","0,0076","0,6878"
Platanus,2025-Gamma-3,Basel,"0,9","8,8501",24.03.2024,18.04.2024,"16,6908","0,1201","0,0072","0,6981"
Platanus,2025-Gamma-3,Basel,"0,91","8,9911",24.03.2024,18.04.2024,"16,4364","0,1166","0,0071","0,6994"
Platanus,2025-Gamma-3,Basel,"0,92","9,1439",24.03.2024,18.04.2024,"16,1646","0,1133","0,007","0,6987"
Platanus,2025-Gamma-3,Basel,"0,93","9,3394",24.03.2024,18.04.2024,"15,8345","0,1099","0,0069","0,7008"
Platanus,2025-Gamma-3,Basel,"0,94","9,5596",24.03.2024,18.04.2024,"15,4844","0,1047","0,0068","0,7047"
Platanus,2025-Gamma-3,Basel,"0,95","9,8123",24.03.2024,18.04.2024,"15,088","0,0986","0,0065","0,7061"
Platanus,2025-Gamma-3,Basel,"0,96","10,1709",24.03.2024,18.04.2024,"14,5699","0,092","0,0063","0,7082"
Platanus,2025-Gamma-3,Basel,"0,97","10,6108",24.03.2024,18.04.2024,"13,9672","0,0852","0,0061","0,7146"
Platanus,2025-Gamma-3,Basel,"0,98","11,2957",24.03.2024,18.04.2024,"13,1415","0,0789","0,006","0,7141"
Platanus,2025-Gamma-3,Basel,"0,99","12,6744",24.03.2024,18.04.2024,"11,7665","0,0662","0,0056","0,7211"
Platanus,2025-Gamma-3,Basel,"0,999","18,9734",24.03.2024,18.04.2024,"7,9383","0,0358","0,0045","0,7699"
Platanus,2025-Gamma-3,Basel,"0,9999","31,5055",24.03.2024,18.04.2024,"4,8375","0,0217","0,0045","0,8151"
Platanus,2025-Gamma-3,Basel,1,"58,7172",24.03.2024,18.04.2024,"2,6367","0,0124","0,0047","0,846"
Platanus,2025-Gamma-3,Basel,1,"125,7906",24.03.2024,18.04.2024,"1,2496","0,0049","0,0039","0,8689"
Platanus,2025-Gamma-3,Basel,1,"233,3492",24.03.2024,18.04.2024,"0,6636","0,0029","0,0044","0,772"
Populus,2025-Gamma-3,Basel,0,"0,2289",15.02.2024,24.02.2024,"37,4261","6,8553","0,1832","0,4798"
Populus,2025-Gamma-3,Basel,"0,2","0,2289",15.02.2024,24.02.2024,"37,4261","6,8553","0,1832","0,4798"
Populus,2025-Gamma-3,Basel,"0,4","0,2305",15.02.2024,24.02.2024,"37,1695","6,7657","0,182","0,4792"
Populus,2025-Gamma-3,Basel,"0,6","0,2508",15.02.2024,24.02.2024,"34,0009","5,9914","0,1762","0,4802"
Populus,2025-Gamma-3,Basel,"0,75","0,2833",15.02.2024,24.02.2024,"30,2723","5,1978","0,1717","0,4892"
Populus,2025-Gamma-3,Basel,"0,8","0,2997",15.02.2024,24.02.2024,"28,6178","4,8928","0,171","0,4929"
Populus,2025-Gamma-3,Basel,"0,85","0,3211",15.02.2024,24.02.2024,"26,8535","4,5384","0,169","0,4966"
Populus,2025-Gamma-3,Basel,"0,9","0,3513",15.02.2024,24.02.2024,"24,6294","4,1137","0,167","0,4983"
Populus,2025-Gamma-3,Basel,"0,91","0,3595",15.02.2024,24.02.2024,"24,0847","4,0058","0,1663","0,4971"
Populus,2025-Gamma-3,Basel,"0,92","0,3703",15.02.2024,24.02.2024,"23,4164","3,8924","0,1662","0,4986"
Populus,2025-Gamma-3,Basel,"0,93","0,3823",15.02.2024,24.02.2024,"22,6704","3,776","0,1666","0,4989"
Populus,2025-Gamma-3,Basel,"0,94","0,3953",15.02.2024,24.02.2024,"21,9075","3,6414","0,1662","0,5005"
Populus,2025-Gamma-3,Basel,"0,95","0,4132",15.02.2024,24.02.2024,"21,0789","3,4886","0,1655","0,5042"
Populus,2025-Gamma-3,Basel,"0,96","0,4356",15.02.2024,24.02.2024,"20,0445","3,3109","0,1652","0,5047"
Populus,2025-Gamma-3,Basel,"0,97","0,4671",15.02.2024,24.02.2024,"18,7985","3,091","0,1644","0,5075"
Populus,2025-Gamma-3,Basel,"0,98","0,5143",15.02.2024,24.02.2024,"17,0949","2,811","0,1644","0,5136"
Populus,2025-Gamma-3,Basel,"0,99","0,6216",15.02.2024,24.02.2024,"14,3548","2,3956","0,1669","0,5143"
Populus,2025-Gamma-3,Basel,"0,999","1,2616",15.02.2024,24.02.2024,"7,5203","1,3902","0,1849","0,5377"
Populus,2025-Gamma-3,Basel,"0,9999","2,8979",15.02.2024,24.02.2024,"3,6129","0,7921","0,2192","0,5461"
Populus,2025-Gamma-3,Basel,1,"6,7055",15.02.2024,24.02.2024,"1,664","0,4287","0,2576","0,5648"
Populus,2025-Gamma-3,Basel,1,"14,8871",15.02.2024,24.02.2024,"0,782","0,224","0,2865","0,548"
Populus,2025-Gamma-3,Basel,1,"26,1287",15.02.2024,24.02.2024,"0,4333","0,1314","0,3033","0,5335"
Quercus,2025-Gamma-3,Basel,0,"2,159",03.04.2024,05.05.2024,"49,9689","5,5357","0,1108","0,4805"
Quercus,2025-Gamma-3,Basel,"0,2","2,159",03.04.2024,05.05.2024,"49,9683","5,5357","0,1108","0,4805"
Quercus,2025-Gamma-3,Basel,"0,4","2,1714",03.04.2024,05.05.2024,"49,7528","5,4776","0,1101","0,4838"
Quercus,2025-Gamma-3,Basel,"0,6","2,29",03.04.2024,05.05.2024,"47,7116","4,9358","0,1035","0,4916"
Quercus,2025-Gamma-3,Basel,"0,75","2,442",03.04.2024,05.05.2024,"45,3104","4,3417","0,0958","0,5007"
Quercus,2025-Gamma-3,Basel,"0,8","2,5069",03.04.2024,05.05.2024,"44,3407","4,1178","0,0929","0,5047"
Quercus,2025-Gamma-3,Basel,"0,85","2,5857",03.04.2024,05.05.2024,"43,2107","3,8635","0,0894","0,5081"
Quercus,2025-Gamma-3,Basel,"0,9","2,6891",03.04.2024,05.05.2024,"41,8435","3,5365","0,0845","0,513"
Quercus,2025-Gamma-3,Basel,"0,91","2,7162",03.04.2024,05.05.2024,"41,489","3,4594","0,0834","0,5138"
Quercus,2025-Gamma-3,Basel,"0,92","2,7485",03.04.2024,05.05.2024,"41,08","3,3819","0,0823","0,5145"
Quercus,2025-Gamma-3,Basel,"0,93","2,7826",03.04.2024,05.05.2024,"40,6713","3,2967","0,0811","0,5153"
Quercus,2025-Gamma-3,Basel,"0,94","2,819",03.04.2024,05.05.2024,"40,2252","3,1885","0,0793","0,516"
Quercus,2025-Gamma-3,Basel,"0,95","2,8649",03.04.2024,05.05.2024,"39,6819","3,0745","0,0775","0,5189"
Quercus,2025-Gamma-3,Basel,"0,96","2,921",03.04.2024,05.05.2024,"39,0392","2,9304","0,0751","0,5231"
Quercus,2025-Gamma-3,Basel,"0,97","2,9922",03.04.2024,05.05.2024,"38,2537","2,7626","0,0722","0,527"
Quercus,2025-Gamma-3,Basel,"0,98","3,0941",03.04.2024,05.05.2024,"37,1639","2,5589","0,0689","0,5283"
Quercus,2025-Gamma-3,Basel,"0,99","3,2767",03.04.2024,05.05.2024,"35,3552","2,2356","0,0632","0,5368"
Quercus,2025-Gamma-3,Basel,"0,999","3,8969",03.04.2024,05.05.2024,"30,1978","1,4104","0,0467","0,5618"
Quercus,2025-Gamma-3,Basel,"0,9999","4,5602",03.04.2024,05.05.2024,"25,8883","0,8758","0,0338","0,5821"
Quercus,2025-Gamma-3,Basel,1,"5,3127",03.04.2024,05.05.2024,"22,0579","0,5113","0,0232","0,5969"
Quercus,2025-Gamma-3,Basel,1,"6,2533",03.04.2024,05.05.2024,"18,4971","0,2728","0,0147","0,6083"
Quercus,2025-Gamma-3,Basel,1,"7,1933",03.04.2024,05.05.2024,"15,9047","0,1561","0,0098","0,6133"
Taxus,2025-Gamma-3,Basel,0,"2,9433",03.02.2024,18.03.2024,"122,6807","6,3211","0,0515","0,6563"
Taxus,2025-Gamma-3,Basel,"0,2","2,9433",03.02.2024,18.03.2024,"122,6807","6,3211","0,0515","0,6563"
Taxus,2025-Gamma-3,Basel,"0,4","2,9458",03.02.2024,18.03.2024,"122,5201","6,2304","0,0509","0,6573"
Taxus,2025-Gamma-3,Basel,"0,6","2,9937",03.02.2024,18.03.2024,"120,1085","5,6067","0,0467","0,662"
Taxus,2025-Gamma-3,Basel,"0,75","3,0639",03.02.2024,18.03.2024,"116,9269","4,954","0,0424","0,6691"
Taxus,2025-Gamma-3,Basel,"0,8","3,097",03.02.2024,18.03.2024,"115,5263","4,7062","0,0407","0,6735"
Taxus,2025-Gamma-3,Basel,"0,85","3,138",03.02.2024,18.03.2024,"113,8141","4,4143","0,0388","0,6766"
Taxus,2025-Gamma-3,Basel,"0,9","3,1975",03.02.2024,18.03.2024,"111,4811","4,0618","0,0364","0,6779"
Taxus,2025-Gamma-3,Basel,"0,91","3,2133",03.02.2024,18.03.2024,"110,8905","3,9789","0,0359","0,6792"
Taxus,2025-Gamma-3,Basel,"0,92","3,2325",03.02.2024,18.03.2024,"110,2002","3,8842","0,0352","0,6794"
Taxus,2025-Gamma-3,Basel,"0,93","3,2526",03.02.2024,18.03.2024,"109,4429","3,7745","0,0345","0,6817"
Taxus,2025-Gamma-3,Basel,"0,94","3,2774",03.02.2024,18.03.2024,"108,5799","3,6601","0,0337","0,6819"
Taxus,2025-Gamma-3,Basel,"0,95","3,3077",03.02.2024,18.03.2024,"107,5058","3,5403","0,0329","0,6821"
Taxus,2025-Gamma-3,Basel,"0,96","3,3446",03.02.2024,18.03.2024,"106,2195","3,3862","0,0319","0,6828"
Taxus,2025-Gamma-3,Basel,"0,97","3,3943",03.02.2024,18.03.2024,"104,5666","3,2062","0,0307","0,682"
Taxus,2025-Gamma-3,Basel,"0,98","3,47",03.02.2024,18.03.2024,"102,1708","2,9617","0,029","0,6848"
Taxus,2025-Gamma-3,Basel,"0,99","3,6118",03.02.2024,18.03.2024,"97,959","2,58","0,0263","0,6859"
Taxus,2025-Gamma-3,Basel,"0,999","4,2532",03.02.2024,18.03.2024,"82,9202","1,6255","0,0196","0,6964"
Taxus,2025-Gamma-3,Basel,"0,9999","5,2877",03.02.2024,18.03.2024,"66,548","0,9964","0,015","0,7002"
Taxus,2025-Gamma-3,Basel,1,"7,071",03.02.2024,18.03.2024,"49,7998","0,5776","0,0116","0,6979"
Taxus,2025-Gamma-3,Basel,1,"10,4775",03.02.2024,18.03.2024,"33,6921","0,3105","0,0092","0,6944"
Taxus,2025-Gamma-3,Basel,1,"15,4607",03.02.2024,18.03.2024,"22,8648","0,1826","0,008","0,6863"
Alnus,2025-Gamma-3,Buchs,0,"6,1651",26.01.2024,24.02.2024,"12,7033","0,8132","0,064","0,4391"
Alnus,2025-Gamma-3,Buchs,"0,2","6,1651",26.01.2024,24.02.2024,"12,7033","0,8132","0,064","0,4391"
Alnus,2025-Gamma-3,Buchs,"0,4","6,173",26.01.2024,24.02.2024,"12,6854","0,8083","0,0637","0,4404"
Alnus,2025-Gamma-3,Buchs,"0,6","6,3403",26.01.2024,24.02.2024,"12,2793","0,7543","0,0614","0,4422"
Alnus,2025-Gamma-3,Buchs,"0,75","6,5706",26.01.2024,24.02.2024,"11,7572","0,6867","0,0584","0,4428"
Alnus,2025-Gamma-3,Buchs,"0,8","6,6839",26.01.2024,24.02.2024,"11,5222","0,6595","0,0572","0,441"
Alnus,2025-Gamma-3,Buchs,"0,85","6,7976",26.01.2024,24.02.2024,"11,2675","0,6293","0,0559","0,4447"
Alnus,2025-Gamma-3,Buchs,"0,9","6,9863",26.01.2024,24.02.2024,"10,89","0,5916","0,0543","0,448"
Alnus,2025-Gamma-3,Buchs,"0,91","7,04",26.01.2024,24.02.2024,"10,7934","0,5823","0,054","0,4505"
Alnus,2025-Gamma-3,Buchs,"0,92","7,0955",26.01.2024,24.02.2024,"10,6863","0,5735","0,0537","0,4496"
Alnus,2025-Gamma-3,Buchs,"0,93","7,1558",26.01.2024,24.02.2024,"10,5746","0,5622","0,0532","0,4512"
Alnus,2025-Gamma-3,Buchs,"0,94","7,2311",26.01.2024,24.02.2024,"10,4444","0,5508","0,0527","0,4537"
Alnus,2025-Gamma-3,Buchs,"0,95","7,316",26.01.2024,24.02.2024,"10,2974","0,5357","0,052","0,4563"
Alnus,2025-Gamma-3,Buchs,"0,96","7,4157",26.01.2024,24.02.2024,"10,1272","0,5176","0,0511","0,4592"
Alnus,2025-Gamma-3,Buchs,"0,97","7,5503",26.01.2024,24.02.2024,"9,8991","0,4967","0,0502","0,4601"
Alnus,2025-Gamma-3,Buchs,"0,98","7,7571",26.01.2024,24.02.2024,"9,5738","0,4685","0,0489","0,464"
Alnus,2025-Gamma-3,Buchs,"0,99","8,1629",26.01.2024,24.02.2024,"9,0182","0,423","0,0469","0,4656"
Alnus,2025-Gamma-3,Buchs,"0,999","9,6988",26.01.2024,24.02.2024,"7,2979","0,2973","0,0407","0,4775"
Alnus,2025-Gamma-3,Buchs,"0,9999","11,9685",26.01.2024,24.02.2024,"5,6488","0,2079","0,0368","0,4956"
Alnus,2025-Gamma-3,Buchs,1,"15,3501",26.01.2024,24.02.2024,"4,1831","0,1379","0,033","0,4969"
Alnus,2025-Gamma-3,Buchs,1,"20,9347",26.01.2024,24.02.2024,"2,8698","0,0876","0,0305","0,537"
Alnus,2025-Gamma-3,Buchs,1,"27,6701",26.01.2024,24.02.2024,"2,0577","0,0595","0,0289","0,5505"
Betula,2025-Gamma-3,Buchs,0,"4,7408",17.03.2024,18.04.2024,"38,0637","3,6776","0,0966","0,3379"
Betula,2025-Gamma-3,Buchs,"0,2","4,7408",17.03.2024,18.04.2024,"38,0637","3,6776","0,0966","0,3379"
Betula,2025-Gamma-3,Buchs,"0,4","4,7555",17.03.2024,18.04.2024,"37,9422","3,6408","0,096","0,3387"
Betula,2025-Gamma-3,Buchs,"0,6","4,9513",17.03.2024,18.04.2024,"36,3663","3,3005","0,0908","0,3409"
Betula,2025-Gamma-3,Buchs,"0,75","5,2268",17.03.2024,18.04.2024,"34,4052","2,9157","0,0847","0,3478"
Betula,2025-Gamma-3,Buchs,"0,8","5,3451",17.03.2024,18.04.2024,"33,6069","2,7747","0,0826","0,3491"
Betula,2025-Gamma-3,Buchs,"0,85","5,5005",17.03.2024,18.04.2024,"32,6292","2,6018","0,0797","0,3506"
Betula,2025-Gamma-3,Buchs,"0,9","5,7096",17.03.2024,18.04.2024,"31,3857","2,3846","0,076","0,3549"
Betula,2025-Gamma-3,Buchs,"0,91","5,7636",17.03.2024,18.04.2024,"31,0795","2,3311","0,075","0,3563"
Betula,2025-Gamma-3,Buchs,"0,92","5,8259",17.03.2024,18.04.2024,"30,7337","2,2726","0,0739","0,3578"
Betula,2025-Gamma-3,Buchs,"0,93","5,8994",17.03.2024,18.04.2024,"30,3448","2,2127","0,0729","0,359"
Betula,2025-Gamma-3,Buchs,"0,94","5,9853",17.03.2024,18.04.2024,"29,9012","2,1415","0,0716","0,3602"
Betula,2025-Gamma-3,Buchs,"0,95","6,0852",17.03.2024,18.04.2024,"29,3734","2,0612","0,0702","0,3616"
Betula,2025-Gamma-3,Buchs,"0,96","6,2125",17.03.2024,18.04.2024,"28,7512","1,9677","0,0684","0,3647"
Betula,2025-Gamma-3,Buchs,"0,97","6,3883",17.03.2024,18.04.2024,"27,9557","1,8559","0,0664","0,3688"
Betula,2025-Gamma-3,Buchs,"0,98","6,6148",17.03.2024,18.04.2024,"26,9143","1,6985","0,0631","0,3676"
Betula,2025-Gamma-3,Buchs,"0,99","7,0525",17.03.2024,18.04.2024,"25,1809","1,4688","0,0583","0,3732"
Betula,2025-Gamma-3,Buchs,"0,999","8,8662",17.03.2024,18.04.2024,"19,8254","0,8747","0,0441","0,3944"
Betula,2025-Gamma-3,Buchs,"0,9999","11,4746",17.03.2024,18.04.2024,"15,2031","0,4875","0,0321","0,4078"
Betula,2025-Gamma-3,Buchs,1,"15,5774",17.03.2024,18.04.2024,"11,1473","0,262","0,0235","0,4201"
Betula,2025-Gamma-3,Buchs,1,"22,2378",17.03.2024,18.04.2024,"7,7663","0,1366","0,0176","0,4475"
Betula,2025-Gamma-3,Buchs,1,"30,2032",17.03.2024,18.04.2024,"5,7359","0,0817","0,0142","0,4681"
Corylus,2025-Gamma-3,Buchs,0,"5,9989",23.01.2024,16.03.2024,"9,2751","0,9947","0,1072","0,4289"
Corylus,2025-Gamma-3,Buchs,"0,2","5,9989",23.01.2024,16.03.2024,"9,2751","0,9947","0,1072","0,4289"
Corylus,2025-Gamma-3,Buchs,"0,4","6,0088",23.01.2024,16.03.2024,"9,2606","0,985","0,1064","0,4298"
Corylus,2025-Gamma-3,Buchs,"0,6","6,2338",23.01.2024,16.03.2024,"8,9175","0,8844","0,0992","0,4381"
Corylus,2025-Gamma-3,Buchs,"0,75","6,5805",23.01.2024,16.03.2024,"8,4471","0,7718","0,0914","0,4501"
Corylus,2025-Gamma-3,Buchs,"0,8","6,7298",23.01.2024,16.03.2024,"8,26","0,7262","0,0879","0,4502"
Corylus,2025-Gamma-3,Buchs,"0,85","6,9162",23.01.2024,16.03.2024,"8,0333","0,6776","0,0843","0,4542"
Corylus,2025-Gamma-3,Buchs,"0,9","7,1809",23.01.2024,16.03.2024,"7,734","0,616","0,0797","0,461"
Corylus,2025-Gamma-3,Buchs,"0,91","7,2532",23.01.2024,16.03.2024,"7,6587","0,6016","0,0786","0,4632"
Corylus,2025-Gamma-3,Buchs,"0,92","7,3254",23.01.2024,16.03.2024,"7,5809","0,5873","0,0775","0,4628"
Corylus,2025-Gamma-3,Buchs,"0,93","7,4056",23.01.2024,16.03.2024,"7,4964","0,5701","0,0761","0,4658"
Corylus,2025-Gamma-3,Buchs,"0,94","7,515",23.01.2024,16.03.2024,"7,3826","0,5502","0,0745","0,465"
Corylus,2025-Gamma-3,Buchs,"0,95","7,6478",23.01.2024,16.03.2024,"7,2549","0,5285","0,0728","0,4663"
Corylus,2025-Gamma-3,Buchs,"0,96","7,8088",23.01.2024,16.03.2024,"7,1077","0,5039","0,0709","0,4673"
Corylus,2025-Gamma-3,Buchs,"0,97","8,0241",23.01.2024,16.03.2024,"6,9166","0,4725","0,0683","0,4735"
Corylus,2025-Gamma-3,Buchs,"0,98","8,3221",23.01.2024,16.03.2024,"6,6617","0,4314","0,0648","0,4778"
Corylus,2025-Gamma-3,Buchs,"0,99","8,9147",23.01.2024,16.03.2024,"6,2269","0,3694","0,0593","0,488"
Corylus,2025-Gamma-3,Buchs,"0,999","11,3215",23.01.2024,16.03.2024,"4,9019","0,2186","0,0446","0,5211"
Corylus,2025-Gamma-3,Buchs,"0,9999","15,1853",23.01.2024,16.03.2024,"3,6402","0,1174","0,0323","0,5376"
Corylus,2025-Gamma-3,Buchs,1,"21,5696",23.01.2024,16.03.2024,"2,5576","0,0558","0,0218","0,5851"
Corylus,2025-Gamma-3,Buchs,1,"33,3888",23.01.2024,16.03.2024,"1,632","0,0265","0,0162","0,6163"
Corylus,2025-Gamma-3,Buchs,1,"51,1825",23.01.2024,16.03.2024,"1,0594","0,0127","0,0119","0,6541"
Cupressaceae,2025-Gamma-3,Buchs,0,"0,7653",03.04.2024,12.04.2024,"14,165","5,5601","0,3925","0,1995"
Cupressaceae,2025-Gamma-3,Buchs,"0,2","0,7653",03.04.2024,12.04.2024,"14,165","5,5601","0,3925","0,1995"
Cupressaceae,2025-Gamma-3,Buchs,"0,4","0,7672",03.04.2024,12.04.2024,"14,0782","5,5362","0,3932","0,1991"
Cupressaceae,2025-Gamma-3,Buchs,"0,6","0,801",03.04.2024,12.04.2024,"13,2935","5,2534","0,3952","0,1973"
Cupressaceae,2025-Gamma-3,Buchs,"0,75","0,8436",03.04.2024,12.04.2024,"12,4341","4,9115","0,395","0,1966"
Cupressaceae,2025-Gamma-3,Buchs,"0,8","0,862",03.04.2024,12.04.2024,"12,1043","4,7808","0,395","0,1946"
Cupressaceae,2025-Gamma-3,Buchs,"0,85","0,8858",03.04.2024,12.04.2024,"11,731","4,6147","0,3934","0,193"
Cupressaceae,2025-Gamma-3,Buchs,"0,9","0,9162",03.04.2024,12.04.2024,"11,2188","4,4101","0,3931","0,193"
Cupressaceae,2025-Gamma-3,Buchs,"0,91","0,9259",03.04.2024,12.04.2024,"11,0661","4,3569","0,3937","0,193"
Cupressaceae,2025-Gamma-3,Buchs,"0,92","0,9364",03.04.2024,12.04.2024,"10,9306","4,3063","0,394","0,1931"
Cupressaceae,2025-Gamma-3,Buchs,"0,93","0,9457",03.04.2024,12.04.2024,"10,7692","4,2409","0,3938","0,1923"
Cupressaceae,2025-Gamma-3,Buchs,"0,94","0,9551",03.04.2024,12.04.2024,"10,6095","4,1711","0,3931","0,1932"
Cupressaceae,2025-Gamma-3,Buchs,"0,95","0,9708",03.04.2024,12.04.2024,"10,3838","4,0921","0,3941","0,1934"
Cupressaceae,2025-Gamma-3,Buchs,"0,96","0,9915",03.04.2024,12.04.2024,"10,0851","3,9923","0,3959","0,1932"
Cupressaceae,2025-Gamma-3,Buchs,"0,97","1,0168",03.04.2024,12.04.2024,"9,7483","3,874","0,3974","0,1912"
Cupressaceae,2025-Gamma-3,Buchs,"0,98","1,0587",03.04.2024,12.04.2024,"9,3142","3,7015","0,3974","0,1898"
Cupressaceae,2025-Gamma-3,Buchs,"0,99","1,1288",03.04.2024,12.04.2024,"8,6354","3,4311","0,3973","0,1872"
Cupressaceae,2025-Gamma-3,Buchs,"0,999","1,4075",03.04.2024,12.04.2024,"6,6649","2,6349","0,3953","0,1845"
Cupressaceae,2025-Gamma-3,Buchs,"0,9999","1,8319",03.04.2024,12.04.2024,"4,8437","1,9695","0,4066","0,1853"
Cupressaceae,2025-Gamma-3,Buchs,1,"2,4366",03.04.2024,12.04.2024,"3,4635","1,4221","0,4106","0,1745"
Cupressaceae,2025-Gamma-3,Buchs,1,"3,5139",03.04.2024,12.04.2024,"2,3368","0,9738","0,4167","0,1665"
Cupressaceae,2025-Gamma-3,Buchs,1,"4,7118",03.04.2024,12.04.2024,"1,6615","0,7123","0,4287","0,1666"
Fagus,2025-Gamma-3,Buchs,0,"3,3686",05.04.2024,19.05.2024,"5,842","1,3396","0,2293","0,3835"
Fagus,2025-Gamma-3,Buchs,"0,2","3,3686",05.04.2024,19.05.2024,"5,842","1,3396","0,2293","0,3835"
Fagus,2025-Gamma-3,Buchs,"0,4","3,385",05.04.2024,19.05.2024,"5,8065","1,3307","0,2292","0,3839"
Fagus,2025-Gamma-3,Buchs,"0,6","3,6414",05.04.2024,19.05.2024,"5,3948","1,1989","0,2222","0,3882"
Fagus,2025-Gamma-3,Buchs,"0,75","3,9615",05.04.2024,19.05.2024,"4,9218","1,0382","0,2109","0,3943"
Fagus,2025-Gamma-3,Buchs,"0,8","4,1088",05.04.2024,19.05.2024,"4,7535","0,9767","0,2055","0,3979"
Fagus,2025-Gamma-3,Buchs,"0,85","4,2761",05.04.2024,19.05.2024,"4,5486","0,9064","0,1993","0,4014"
Fagus,2025-Gamma-3,Buchs,"0,9","4,5253",05.04.2024,19.05.2024,"4,2863","0,8217","0,1917","0,4065"
Fagus,2025-Gamma-3,Buchs,"0,91","4,5911",05.04.2024,19.05.2024,"4,2284","0,8009","0,1894","0,4081"
Fagus,2025-Gamma-3,Buchs,"0,92","4,6754",05.04.2024,19.05.2024,"4,1605","0,7785","0,1871","0,41"
Fagus,2025-Gamma-3,Buchs,"0,93","4,7581",05.04.2024,19.05.2024,"4,078","0,7523","0,1845","0,4096"
Fagus,2025-Gamma-3,Buchs,"0,94","4,8707",05.04.2024,19.05.2024,"3,9939","0,7238","0,1812","0,4099"
Fagus,2025-Gamma-3,Buchs,"0,95","4,9845",05.04.2024,19.05.2024,"3,9055","0,6919","0,1772","0,4129"
Fagus,2025-Gamma-3,Buchs,"0,96","5,1156",05.04.2024,19.05.2024,"3,811","0,6559","0,1721","0,4169"
Fagus,2025-Gamma-3,Buchs,"0,97","5,2916",05.04.2024,19.05.2024,"3,6771","0,6123","0,1665","0,4206"
Fagus,2025-Gamma-3,Buchs,"0,98","5,5704",05.04.2024,19.05.2024,"3,4846","0,5536","0,1589","0,428"
Fagus,2025-Gamma-3,Buchs,"0,99","6,0297",05.04.2024,19.05.2024,"3,2292","0,4659","0,1443","0,4396"
Fagus,2025-Gamma-3,Buchs,"0,999","7,8525",05.04.2024,19.05.2024,"2,5448","0,2485","0,0977","0,4792"
Fagus,2025-Gamma-3,Buchs,"0,9999","9,7524",05.04.2024,19.05.2024,"2,078","0,1206","0,0581","0,5229"
Fagus,2025-Gamma-3,Buchs,1,"11,5976",05.04.2024,19.05.2024,"1,7562","0,0538","0,0306","0,5728"
Fagus,2025-Gamma-3,Buchs,1,"13,5035",05.04.2024,19.05.2024,"1,4935","0,0267","0,0179","0,6195"
Fagus,2025-Gamma-3,Buchs,1,"15,2558",05.04.2024,19.05.2024,"1,3156","0,0129","0,0098","0,6956"
Fraxinus,2025-Gamma-3,Buchs,0,"2,0677",11.03.2024,12.04.2024,"41,5201","6,399","0,1541","0,4127"
Fraxinus,2025-Gamma-3,Buchs,"0,2","2,0677",11.03.2024,12.04.2024,"41,5201","6,399","0,1541","0,4127"
Fraxinus,2025-Gamma-3,Buchs,"0,4","2,0728",11.03.2024,12.04.2024,"41,4249","6,3493","0,1533","0,4133"
Fraxinus,2025-Gamma-3,Buchs,"0,6","2,1464",11.03.2024,12.04.2024,"40,0942","5,8241","0,1453","0,4213"
Fraxinus,2025-Gamma-3,Buchs,"0,75","2,2341",11.03.2024,12.04.2024,"38,5703","5,2185","0,1353","0,4306"
Fraxinus,2025-Gamma-3,Buchs,"0,8","2,2685",11.03.2024,12.04.2024,"37,9777","4,982","0,1312","0,435"
Fraxinus,2025-Gamma-3,Buchs,"0,85","2,3139",11.03.2024,12.04.2024,"37,2584","4,7049","0,1263","0,4389"
Fraxinus,2025-Gamma-3,Buchs,"0,9","2,3688",11.03.2024,12.04.2024,"36,3981","4,3534","0,1196","0,4446"
Fraxinus,2025-Gamma-3,Buchs,"0,91","2,3827",11.03.2024,12.04.2024,"36,1787","4,2644","0,1179","0,4462"
Fraxinus,2025-Gamma-3,Buchs,"0,92","2,3967",11.03.2024,12.04.2024,"35,9477","4,172","0,1161","0,4484"
Fraxinus,2025-Gamma-3,Buchs,"0,93","2,4158",11.03.2024,12.04.2024,"35,6646","4,0675","0,114","0,4502"
Fraxinus,2025-Gamma-3,Buchs,"0,94","2,4352",11.03.2024,12.04.2024,"35,3746","3,9543","0,1118","0,4512"
Fraxinus,2025-Gamma-3,Buchs,"0,95","2,4599",11.03.2024,12.04.2024,"35,001","3,8271","0,1093","0,4532"
Fraxinus,2025-Gamma-3,Buchs,"0,96","2,4862",11.03.2024,12.04.2024,"34,6022","3,6819","0,1064","0,4566"
Fraxinus,2025-Gamma-3,Buchs,"0,97","2,5206",11.03.2024,12.04.2024,"34,1129","3,4903","0,1023","0,4609"
Fraxinus,2025-Gamma-3,Buchs,"0,98","2,5679",11.03.2024,12.04.2024,"33,4477","3,2327","0,0967","0,4686"
Fraxinus,2025-Gamma-3,Buchs,"0,99","2,6469",11.03.2024,12.04.2024,"32,3944","2,8338","0,0875","0,4764"
Fraxinus,2025-Gamma-3,Buchs,"0,999","2,8994",11.03.2024,12.04.2024,"29,3067","1,8328","0,0625","0,5008"
Fraxinus,2025-Gamma-3,Buchs,"0,9999","3,133",11.03.2024,12.04.2024,"26,8327","1,1758","0,0438","0,5189"
Fraxinus,2025-Gamma-3,Buchs,1,"3,3624",11.03.2024,12.04.2024,"24,7461","0,7709","0,0312","0,534"
Fraxinus,2025-Gamma-3,Buchs,1,"3,6114",11.03.2024,12.04.2024,"22,8352","0,5124","0,0224","0,5412"
Fraxinus,2025-Gamma-3,Buchs,1,"3,8218",11.03.2024,12.04.2024,"21,4273","0,3846","0,018","0,5507"
Pinaceae,2025-Gamma-3,Buchs,0,"2,3496",06.04.2024,22.04.2024,"13,9408","4,0411","0,2899","0,6644"
Pinaceae,2025-Gamma-3,Buchs,"0,2","2,3496",06.04.2024,22.04.2024,"13,9408","4,0411","0,2899","0,6644"
Pinaceae,2025-Gamma-3,Buchs,"0,4","2,3503",06.04.2024,22.04.2024,"13,9265","4,0331","0,2896","0,6654"
Pinaceae,2025-Gamma-3,Buchs,"0,6","2,3593",06.04.2024,22.04.2024,"13,8182","3,94","0,2851","0,6675"
Pinaceae,2025-Gamma-3,Buchs,"0,75","2,3707",06.04.2024,22.04.2024,"13,7079","3,8093","0,2779","0,6715"
Pinaceae,2025-Gamma-3,Buchs,"0,8","2,3794",06.04.2024,22.04.2024,"13,6528","3,7546","0,275","0,6733"
Pinaceae,2025-Gamma-3,Buchs,"0,85","2,387",06.04.2024,22.04.2024,"13,5936","3,6949","0,2718","0,6761"
Pinaceae,2025-Gamma-3,Buchs,"0,9","2,4",06.04.2024,22.04.2024,"13,5139","3,6058","0,2668","0,6795"
Pinaceae,2025-Gamma-3,Buchs,"0,91","2,4027",06.04.2024,22.04.2024,"13,4986","3,5843","0,2655","0,6812"
Pinaceae,2025-Gamma-3,Buchs,"0,92","2,4045",06.04.2024,22.04.2024,"13,4761","3,5607","0,2642","0,6804"
Pinaceae,2025-Gamma-3,Buchs,"0,93","2,4059",06.04.2024,22.04.2024,"13,4659","3,5338","0,2624","0,682"
Pinaceae,2025-Gamma-3,Buchs,"0,94","2,4099",06.04.2024,22.04.2024,"13,4424","3,4991","0,2603","0,6839"
Pinaceae,2025-Gamma-3,Buchs,"0,95","2,417",06.04.2024,22.04.2024,"13,4118","3,4608","0,258","0,685"
Pinaceae,2025-Gamma-3,Buchs,"0,96","2,4228",06.04.2024,22.04.2024,"13,3832","3,4158","0,2552","0,6854"
Pinaceae,2025-Gamma-3,Buchs,"0,97","2,4299",06.04.2024,22.04.2024,"13,3413","3,3574","0,2517","0,6877"
Pinaceae,2025-Gamma-3,Buchs,"0,98","2,4421",06.04.2024,22.04.2024,"13,2678","3,2781","0,2471","0,6919"
Pinaceae,2025-Gamma-3,Buchs,"0,99","2,4606",06.04.2024,22.04.2024,"13,1687","3,1493","0,2392","0,6951"
Pinaceae,2025-Gamma-3,Buchs,"0,999","2,53",06.04.2024,22.04.2024,"12,8205","2,7237","0,2124","0,7055"
Pinaceae,2025-Gamma-3,Buchs,"0,9999","2,6197",06.04.2024,22.04.2024,"12,4436","2,3697","0,1904","0,7051"
Pinaceae,2025-Gamma-3,Buchs,1,"2,7281",06.04.2024,22.04.2024,"12,0188","2,0978","0,1745","0,7034"
Pinaceae,2025-Gamma-3,Buchs,1,"2,865",06.04.2024,22.04.2024,"11,545","1,8788","0,1627","0,7101"
Pinaceae,2025-Gamma-3,Buchs,1,"3,001",06.04.2024,22.04.2024,"11,0793","1,7273","0,1559","0,7058"
Poaceae,2025-Gamma-3,Buchs,0,"8,4695",24.04.2024,03.08.2024,"14,8692","2,7076","0,1821","0,774"
Poaceae,2025-Gamma-3,Buchs,"0,2","8,4695",24.04.2024,03.08.2024,"14,8692","2,7076","0,1821","0,774"
Poaceae,2025-Gamma-3,Buchs,"0,4","8,4752",24.04.2024,03.08.2024,"14,8568","2,6984","0,1816","0,7739"
Poaceae,2025-Gamma-3,Buchs,"0,6","8,6147",24.04.2024,03.08.2024,"14,61","2,5759","0,1763","0,7769"
Poaceae,2025-Gamma-3,Buchs,"0,75","8,8296",24.04.2024,03.08.2024,"14,2439","2,429","0,1705","0,7806"
Poaceae,2025-Gamma-3,Buchs,"0,8","8,9167",24.04.2024,03.08.2024,"14,1013","2,3715","0,1682","0,781"
Poaceae,2025-Gamma-3,Buchs,"0,85","9,0296",24.04.2024,03.08.2024,"13,9188","2,3048","0,1656","0,7828"
Poaceae,2025-Gamma-3,Buchs,"0,9","9,1771",24.04.2024,03.08.2024,"13,6859","2,2208","0,1623","0,7848"
Poaceae,2025-Gamma-3,Buchs,"0,91","9,217",24.04.2024,03.08.2024,"13,6287","2,1997","0,1614","0,7856"
Poaceae,2025-Gamma-3,Buchs,"0,92","9,2566",24.04.2024,03.08.2024,"13,565","2,1782","0,1606","0,7859"
Poaceae,2025-Gamma-3,Buchs,"0,93","9,3058",24.04.2024,03.08.2024,"13,489","2,1542","0,1597","0,7863"
Poaceae,2025-Gamma-3,Buchs,"0,94","9,3641",24.04.2024,03.08.2024,"13,4004","2,1266","0,1587","0,7865"
Poaceae,2025-Gamma-3,Buchs,"0,95","9,4291",24.04.2024,03.08.2024,"13,3098","2,0931","0,1573","0,7881"
Poaceae,2025-Gamma-3,Buchs,"0,96","9,5132",24.04.2024,03.08.2024,"13,1882","2,0517","0,1556","0,789"
Poaceae,2025-Gamma-3,Buchs,"0,97","9,6189",24.04.2024,03.08.2024,"13,0329","2,0044","0,1538","0,7893"
Poaceae,2025-Gamma-3,Buchs,"0,98","9,7752",24.04.2024,03.08.2024,"12,8185","1,9399","0,1513","0,7911"
Poaceae,2025-Gamma-3,Buchs,"0,99","10,0431",24.04.2024,03.08.2024,"12,4644","1,8245","0,1464","0,7939"
Poaceae,2025-Gamma-3,Buchs,"0,999","11,0681",24.04.2024,03.08.2024,"11,3014","1,4895","0,1318","0,8046"
Poaceae,2025-Gamma-3,Buchs,"0,9999","12,3581",24.04.2024,03.08.2024,"10,106","1,2073","0,1195","0,8096"
Poaceae,2025-Gamma-3,Buchs,1,"14,0299",24.04.2024,03.08.2024,"8,8714","0,9667","0,109","0,816"
Poaceae,2025-Gamma-3,Buchs,1,"16,3378",24.04.2024,03.08.2024,"7,6043","0,7477","0,0983","0,8247"
Poaceae,2025-Gamma-3,Buchs,1,"18,6326",24.04.2024,03.08.2024,"6,6454","0,6054","0,0911","0,8294"
Populus,2025-Gamma-3,Buchs,0,"1,6794",15.02.2024,24.02.2024,"7,9724","5,2898","0,6635","0,1064"
Populus,2025-Gamma-3,Buchs,"0,2","1,6794",15.02.2024,24.02.2024,"7,9724","5,2898","0,6635","0,1064"
Populus,2025-Gamma-3,Buchs,"0,4","1,6857",15.02.2024,24.02.2024,"7,9394","5,2516","0,6615","0,1063"
Populus,2025-Gamma-3,Buchs,"0,6","1,8262",15.02.2024,24.02.2024,"7,3352","4,8141","0,6563","0,1059"
Populus,2025-Gamma-3,Buchs,"0,75","2,0261",15.02.2024,24.02.2024,"6,5869","4,2997","0,6528","0,1037"
Populus,2025-Gamma-3,Buchs,"0,8","2,1132",15.02.2024,24.02.2024,"6,2935","4,1105","0,6531","0,1029"
Populus,2025-Gamma-3,Buchs,"0,85","2,2296",15.02.2024,24.02.2024,"5,9654","3,8861","0,6514","0,1036"
Populus,2025-Gamma-3,Buchs,"0,9","2,3721",15.02.2024,24.02.2024,"5,5609","3,6113","0,6494","0,1035"
Populus,2025-Gamma-3,Buchs,"0,91","2,4207",15.02.2024,24.02.2024,"5,4515","3,5411","0,6496","0,1038"
Populus,2025-Gamma-3,Buchs,"0,92","2,4744",15.02.2024,24.02.2024,"5,3265","3,467","0,6509","0,1022"
Populus,2025-Gamma-3,Buchs,"0,93","2,5246",15.02.2024,24.02.2024,"5,2189","3,3889","0,6493","0,1034"
Populus,2025-Gamma-3,Buchs,"0,94","2,6114",15.02.2024,24.02.2024,"5,0556","3,2988","0,6525","0,1026"
Populus,2025-Gamma-3,Buchs,"0,95","2,7424",15.02.2024,24.02.2024,"4,8543","3,1985","0,6589","0,1033"
Populus,2025-Gamma-3,Buchs,"0,96","2,847",15.02.2024,24.02.2024,"4,6893","3,0768","0,6561","0,1016"
Populus,2025-Gamma-3,Buchs,"0,97","3,0197",15.02.2024,24.02.2024,"4,4324","2,9239","0,6597","0,1025"
Populus,2025-Gamma-3,Buchs,"0,98","3,2021",15.02.2024,24.02.2024,"4,165","2,7303","0,6555","0,1013"
Populus,2025-Gamma-3,Buchs,"0,99","3,5862",15.02.2024,24.02.2024,"3,6841","2,4327","0,6603","0,0991"
Populus,2025-Gamma-3,Buchs,"0,999","5,3288",15.02.2024,24.02.2024,"2,4844","1,633","0,6573","0,1061"
Populus,2025-Gamma-3,Buchs,"0,9999","8,0943",15.02.2024,24.02.2024,"1,6077","1,0707","0,666","0,1107"
Populus,2025-Gamma-3,Buchs,1,"12,6201",15.02.2024,24.02.2024,"1,0556","0,6889","0,6526","0,1099"
Populus,2025-Gamma-3,Buchs,1,"19,5546",15.02.2024,24.02.2024,"0,6806","0,4335","0,6369","0,115"
Populus,2025-Gamma-3,Buchs,1,"26,822",15.02.2024,24.02.2024,"0,5052","0,3049","0,6034","0,1203"
Quercus,2025-Gamma-3,Buchs,0,"4,7624",05.04.2024,17.05.2024,"9,2115","1,3434","0,1458","0,2906"
Quercus,2025-Gamma-3,Buchs,"0,2","4,7624",05.04.2024,17.05.2024,"9,2115","1,3434","0,1458","0,2906"
Quercus,2025-Gamma-3,Buchs,"0,4","4,7886",05.04.2024,17.05.2024,"9,1514","1,317","0,1439","0,2915"
Quercus,2025-Gamma-3,Buchs,"0,6","5,0581",05.04.2024,17.05.2024,"8,5671","1,1258","0,1314","0,3041"
Quercus,2025-Gamma-3,Buchs,"0,75","5,3659",05.04.2024,17.05.2024,"7,947","0,9348","0,1176","0,3125"
Quercus,2025-Gamma-3,Buchs,"0,8","5,4859",05.04.2024,17.05.2024,"7,7201","0,8692","0,1126","0,318"
Quercus,2025-Gamma-3,Buchs,"0,85","5,6521",05.04.2024,17.05.2024,"7,4431","0,7973","0,1071","0,3225"
Quercus,2025-Gamma-3,Buchs,"0,9","5,8681",05.04.2024,17.05.2024,"7,1027","0,7061","0,0994","0,3302"
Quercus,2025-Gamma-3,Buchs,"0,91","5,9215",05.04.2024,17.05.2024,"7,0087","0,687","0,098","0,3321"
Quercus,2025-Gamma-3,Buchs,"0,92","5,9825",05.04.2024,17.05.2024,"6,9186","0,6634","0,0959","0,3345"
Quercus,2025-Gamma-3,Buchs,"0,93","6,0486",05.04.2024,17.05.2024,"6,8165","0,6383","0,0936","0,3363"
Quercus,2025-Gamma-3,Buchs,"0,94","6,1328",05.04.2024,17.05.2024,"6,7063","0,6122","0,0913","0,3365"
Quercus,2025-Gamma-3,Buchs,"0,95","6,2301",05.04.2024,17.05.2024,"6,5762","0,5851","0,089","0,3377"
Quercus,2025-Gamma-3,Buchs,"0,96","6,3436",05.04.2024,17.05.2024,"6,4216","0,55","0,0856","0,34"
Quercus,2025-Gamma-3,Buchs,"0,97","6,4829",05.04.2024,17.05.2024,"6,248","0,5137","0,0822","0,3406"
Quercus,2025-Gamma-3,Buchs,"0,98","6,6955",05.04.2024,17.05.2024,"5,9993","0,463","0,0772","0,3466"
Quercus,2025-Gamma-3,Buchs,"0,99","7,0292",05.04.2024,17.05.2024,"5,6472","0,3883","0,0688","0,3553"
Quercus,2025-Gamma-3,Buchs,"0,999","8,3974",05.04.2024,17.05.2024,"4,5321","0,2151","0,0475","0,3814"
Quercus,2025-Gamma-3,Buchs,"0,9999","10,2831",05.04.2024,17.05.2024,"3,5659","0,1185","0,0332","0,3866"
Quercus,2025-Gamma-3,Buchs,1,"12,9774",05.04.2024,17.05.2024,"2,7289","0,0625","0,0229","0,4043"
Quercus,2025-Gamma-3,Buchs,1,"17,4251",05.04.2024,17.05.2024,"1,9784","0,0293","0,0148","0,4416"
Quercus,2025-Gamma-3,Buchs,1,"22,969",05.04.2024,17.05.2024,"1,483","0,0157","0,0106","0,4805"
Taxus,2025-Gamma-3,Buchs,0,"3,2936",09.02.2024,07.03.2024,"36,0702","3,3985","0,0942","0,3512"
Taxus,2025-Gamma-3,Buchs,"0,2","3,2936",09.02.2024,07.03.2024,"36,0702","3,3985","0,0942","0,3512"
Taxus,2025-Gamma-3,Buchs,"0,4","3,2952",09.02.2024,07.03.2024,"36,0386","3,3662","0,0934","0,3514"
Taxus,2025-Gamma-3,Buchs,"0,6","3,3262",09.02.2024,07.03.2024,"35,589","3,0819","0,0866","0,3584"
Taxus,2025-Gamma-3,Buchs,"0,75","3,3733",09.02.2024,07.03.2024,"34,9634","2,7723","0,0793","0,3657"
Taxus,2025-Gamma-3,Buchs,"0,8","3,3933",09.02.2024,07.03.2024,"34,7048","2,6544","0,0765","0,3714"
Taxus,2025-Gamma-3,Buchs,"0,85","3,4171",09.02.2024,07.03.2024,"34,4152","2,5118","0,073","0,376"
Taxus,2025-Gamma-3,Buchs,"0,9","3,4499",09.02.2024,07.03.2024,"34,0302","2,3348","0,0686","0,3809"
Taxus,2025-Gamma-3,Buchs,"0,91","3,4586",09.02.2024,07.03.2024,"33,9266","2,293","0,0676","0,3817"
Taxus,2025-Gamma-3,Buchs,"0,92","3,4678",09.02.2024,07.03.2024,"33,8094","2,25","0,0666","0,3832"
Taxus,2025-Gamma-3,Buchs,"0,93","3,4797",09.02.2024,07.03.2024,"33,6742","2,2012","0,0654","0,383"
Taxus,2025-Gamma-3,Buchs,"0,94","3,4923",09.02.2024,07.03.2024,"33,5217","2,1515","0,0642","0,3848"
Taxus,2025-Gamma-3,Buchs,"0,95","3,5106",09.02.2024,07.03.2024,"33,3351","2,0844","0,0625","0,3857"
Taxus,2025-Gamma-3,Buchs,"0,96","3,5291",09.02.2024,07.03.2024,"33,1218","2,012","0,0607","0,3889"
Taxus,2025-Gamma-3,Buchs,"0,97","3,55",09.02.2024,07.03.2024,"32,8589","1,9213","0,0585","0,3923"
Taxus,2025-Gamma-3,Buchs,"0,98","3,585",09.02.2024,07.03.2024,"32,4571","1,7979","0,0554","0,3941"
Taxus,2025-Gamma-3,Buchs,"0,99","3,6545",09.02.2024,07.03.2024,"31,7595","1,5977","0,0503","0,4037"
Taxus,2025-Gamma-3,Buchs,"0,999","3,9268",09.02.2024,07.03.2024,"29,2092","1,0647","0,0365","0,4259"
Taxus,2025-Gamma-3,Buchs,"0,9999","4,3119",09.02.2024,07.03.2024,"26,2304","0,6777","0,0258","0,448"
Taxus,2025-Gamma-3,Buchs,1,"4,9307",09.02.2024,07.03.2024,"22,5584","0,4044","0,0179","0,4669"
Taxus,2025-Gamma-3,Buchs,1,"5,9824",09.02.2024,07.03.2024,"18,2757","0,2321","0,0127","0,491"
Taxus,2025-Gamma-3,Buchs,1,"7,3102",09.02.2024,07.03.2024,"14,7152","0,1476","0,01","0,5074"
Pinaceae,2025-Gamma-3,Payerne,0,"3,5747",04.05.2024,22.05.2024,"11,674","1,8952","0,1623","0,6849"
Pinaceae,2025-Gamma-3,Payerne,"0,2","3,5747",04.05.2024,22.05.2024,"11,674","1,8952","0,1623","0,6849"
Pinaceae,2025-Gamma-3,Payerne,"0,4","3,5764",04.05.2024,22.05.2024,"11,6685","1,8909","0,1621","0,6849"
Pinaceae,2025-Gamma-3,Payerne,"0,6","3,608",04.05.2024,22.05.2024,"11,558","1,8348","0,1587","0,6919"
Pinaceae,2025-Gamma-3,Payerne,"0,75","3,6554",04.05.2024,22.05.2024,"11,3926","1,7664","0,1551","0,6936"
Pinaceae,2025-Gamma-3,Payerne,"0,8","3,6747",04.05.2024,22.05.2024,"11,325","1,7417","0,1538","0,6935"
Pinaceae,2025-Gamma-3,Payerne,"0,85","3,6985",04.05.2024,22.05.2024,"11,2445","1,7145","0,1525","0,6961"
Pinaceae,2025-Gamma-3,Payerne,"0,9","3,7293",04.05.2024,22.05.2024,"11,1358","1,6825","0,1511","0,6958"
Pinaceae,2025-Gamma-3,Payerne,"0,91","3,7394",04.05.2024,22.05.2024,"11,1057","1,6742","0,1508","0,6969"
Pinaceae,2025-Gamma-3,Payerne,"0,92","3,7461",04.05.2024,22.05.2024,"11,0801","1,6651","0,1503","0,6971"
Pinaceae,2025-Gamma-3,Payerne,"0,93","3,7557",04.05.2024,22.05.2024,"11,0499","1,6548","0,1498","0,6981"
Pinaceae,2025-Gamma-3,Payerne,"0,94","3,7668",04.05.2024,22.05.2024,"11,0125","1,6444","0,1493","0,6972"
Pinaceae,2025-Gamma-3,Payerne,"0,95","3,7858",04.05.2024,22.05.2024,"10,9558","1,628","0,1486","0,6971"
Pinaceae,2025-Gamma-3,Payerne,"0,96","3,8028",04.05.2024,22.05.2024,"10,9065","1,6135","0,1479","0,6982"
Pinaceae,2025-Gamma-3,Payerne,"0,97","3,8321",04.05.2024,22.05.2024,"10,8297","1,5925","0,147","0,6998"
Pinaceae,2025-Gamma-3,Payerne,"0,98","3,8633",04.05.2024,22.05.2024,"10,742","1,5667","0,1458","0,7041"
Pinaceae,2025-Gamma-3,Payerne,"0,99","3,9221",04.05.2024,22.05.2024,"10,5793","1,5242","0,1441","0,7048"
Pinaceae,2025-Gamma-3,Payerne,"0,999","4,1589",04.05.2024,22.05.2024,"10,0028","1,4","0,14","0,7002"
Pinaceae,2025-Gamma-3,Payerne,"0,9999","4,4644",04.05.2024,22.05.2024,"9,3266","1,2747","0,1367","0,7018"
Pinaceae,2025-Gamma-3,Payerne,1,"4,8895",04.05.2024,22.05.2024,"8,5609","1,1534","0,1347","0,7051"
Pinaceae,2025-Gamma-3,Payerne,1,"5,4454",04.05.2024,22.05.2024,"7,7285","1,0179","0,1317","0,7142"
Pinaceae,2025-Gamma-3,Payerne,1,"6,0092",04.05.2024,22.05.2024,"7,0295","0,9124","0,1298","0,716"
Poaceae,2025-Gamma-3,Payerne,0,"4,5394",06.05.2024,04.08.2024,"18,5605","5,0442","0,2718","0,7997"
Poaceae,2025-Gamma-3,Payerne,"0,2","4,5394",06.05.2024,04.08.2024,"18,5605","5,0442","0,2718","0,7997"
Poaceae,2025-Gamma-3,Payerne,"0,4","4,5412",06.05.2024,04.08.2024,"18,5528","5,0387","0,2716","0,7996"
Poaceae,2025-Gamma-3,Payerne,"0,6","4,5942",06.05.2024,04.08.2024,"18,3209","4,9054","0,2677","0,8011"
Poaceae,2025-Gamma-3,Payerne,"0,75","4,6784",06.05.2024,04.08.2024,"17,9772","4,7144","0,2622","0,8002"
Poaceae,2025-Gamma-3,Payerne,"0,8","4,7165",06.05.2024,04.08.2024,"17,8222","4,6434","0,2605","0,8017"
Poaceae,2025-Gamma-3,Payerne,"0,85","4,7599",06.05.2024,04.08.2024,"17,652","4,5542","0,258","0,8003"
Poaceae,2025-Gamma-3,Payerne,"0,9","4,82",06.05.2024,04.08.2024,"17,4213","4,4492","0,2554","0,8004"
Poaceae,2025-Gamma-3,Payerne,"0,91","4,8338",06.05.2024,04.08.2024,"17,3662","4,4263","0,2549","0,7996"
Poaceae,2025-Gamma-3,Payerne,"0,92","4,8494",06.05.2024,04.08.2024,"17,308","4,409","0,2547","0,8"
Poaceae,2025-Gamma-3,Payerne,"0,93","4,8698",06.05.2024,04.08.2024,"17,2311","4,3766","0,254","0,7991"
Poaceae,2025-Gamma-3,Payerne,"0,94","4,8918",06.05.2024,04.08.2024,"17,1472","4,3506","0,2537","0,7992"
Poaceae,2025-Gamma-3,Payerne,"0,95","4,9204",06.05.2024,04.08.2024,"17,0444","4,3174","0,2533","0,7986"
Poaceae,2025-Gamma-3,Payerne,"0,96","4,9523",06.05.2024,04.08.2024,"16,9259","4,2709","0,2523","0,7982"
Poaceae,2025-Gamma-3,Payerne,"0,97","4,9952",06.05.2024,04.08.2024,"16,7732","4,2038","0,2506","0,7963"
Poaceae,2025-Gamma-3,Payerne,"0,98","5,0584",06.05.2024,04.08.2024,"16,566","4,113","0,2483","0,7979"
Poaceae,2025-Gamma-3,Payerne,"0,99","5,1661",06.05.2024,04.08.2024,"16,2062","3,9726","0,2451","0,7975"
Poaceae,2025-Gamma-3,Payerne,"0,999","5,5713",06.05.2024,04.08.2024,"14,9775","3,5299","0,2357","0,7981"
Poaceae,2025-Gamma-3,Payerne,"0,9999","6,0647",06.05.2024,04.08.2024,"13,7157","3,1077","0,2266","0,7939"
Poaceae,2025-Gamma-3,Payerne,1,"6,6893",06.05.2024,04.08.2024,"12,3994","2,7068","0,2183","0,7958"
Poaceae,2025-Gamma-3,Payerne,1,"7,5259",06.05.2024,04.08.2024,"10,9945","2,3177","0,2108","0,7942"
Poaceae,2025-Gamma-3,Payerne,1,"8,3687",06.05.2024,04.08.2024,"9,8587","1,9902","0,2019","0,7878"
Quercus,2025-Gamma-3,Payerne,0,"15,4448",03.05.2024,18.06.2024,"0,375","0,1848","0,4929","0,3082"
Quercus,2025-Gamma-3,Payerne,"0,2","15,4448",03.05.2024,18.06.2024,"0,375","0,1848","0,4929","0,3082"
Quercus,2025-Gamma-3,Payerne,"0,4","15,518",03.05.2024,18.06.2024,"0,369","0,18","0,4879","0,3035"
Quercus,2025-Gamma-3,Payerne,"0,6","16,6238",03.05.2024,18.06.2024,"0,328","0,1453","0,4429","0,3178"
Quercus,2025-Gamma-3,Payerne,"0,75","18,5756",03.05.2024,18.06.2024,"0,2845","0,1163","0,4089","0,3027"
Quercus,2025-Gamma-3,Payerne,"0,8","19,6282",03.05.2024,18.06.2024,"0,2634","0,1093","0,415","0,2935"
Quercus,2025-Gamma-3,Payerne,"0,85","20,3178",03.05.2024,18.06.2024,"0,2497","0,0983","0,3936","0,3068"
Quercus,2025-Gamma-3,Payerne,"0,9","21,6562",03.05.2024,18.06.2024,"0,2265","0,0835","0,3685","0,3169"
Quercus,2025-Gamma-3,Payerne,"0,91","21,7637",03.05.2024,18.06.2024,"0,222","0,0823","0,3708","0,3144"
Quercus,2025-Gamma-3,Payerne,"0,92","22,1518",03.05.2024,18.06.2024,"0,2143","0,0801","0,3738","0,3154"
Quercus,2025-Gamma-3,Payerne,"0,93","22,6578",03.05.2024,18.06.2024,"0,208","0,0775","0,3726","0,3124"
Quercus,2025-Gamma-3,Payerne,"0,94","23,231",03.05.2024,18.06.2024,"0,2013","0,0738","0,3665","0,305"
Quercus,2025-Gamma-3,Payerne,"0,95","23,7263",03.05.2024,18.06.2024,"0,194","0,069","0,3558","0,2982"
Quercus,2025-Gamma-3,Payerne,"0,96","24,3075",03.05.2024,18.06.2024,"0,1877","0,0628","0,3349","0,3223"
Quercus,2025-Gamma-3,Payerne,"0,97","25,6241",03.05.2024,18.06.2024,"0,1751","0,0592","0,3381","0,2864"
Quercus,2025-Gamma-3,Payerne,"0,98","26,2921",03.05.2024,18.06.2024,"0,1644","0,0511","0,3105","0,2859"
Quercus,2025-Gamma-3,Payerne,"0,99","29,781",03.05.2024,18.06.2024,"0,1426","0,041","0,2873","0,2847"
Quercus,2025-Gamma-3,Payerne,"0,999","43,953",03.05.2024,18.06.2024,"0,0923","0,0174","0,1889","0,2214"
Quercus,2025-Gamma-3,Payerne,"0,9999","65,197",03.05.2024,18.06.2024,"0,0591","0,0085","0,1431","0,2673"
Quercus,2025-Gamma-3,Payerne,1,"89,2129",03.05.2024,18.06.2024,"0,0406","0,0048","0,1186","0,2528"
Quercus,2025-Gamma-3,Payerne,1,"142,6139",03.05.2024,18.06.2024,"0,0222","0,0017","0,0758","0,3405"
Quercus,2025-Gamma-3,Payerne,1,"203,8154",03.05.2024,18.06.2024,"0,0133","0,0008","0,0632","0,3443"
Alnus,2025-Gamma-3,Neuchatel,0,"60,7257",03.02.2024,26.02.2024,"0,7401","0,0422","0,057","0,5221"
Alnus,2025-Gamma-3,Neuchatel,"0,2","60,7257",03.02.2024,26.02.2024,"0,7401","0,0422","0,057","0,5221"
Alnus,2025-Gamma-3,Neuchatel,"0,4","60,8505",03.02.2024,26.02.2024,"0,7393","0,0413","0,0559","0,526"
Alnus,2025-Gamma-3,Neuchatel,"0,6","66,7042",03.02.2024,26.02.2024,"0,6713","0,0352","0,0525","0,5195"
Alnus,2025-Gamma-3,Neuchatel,"0,75","78,6924",03.02.2024,26.02.2024,"0,5744","0,0309","0,0538","0,5067"
Alnus,2025-Gamma-3,Neuchatel,"0,8","83,8364",03.02.2024,26.02.2024,"0,5368","0,0286","0,0533","0,503"
Alnus,2025-Gamma-3,Neuchatel,"0,85","92,3547",03.02.2024,26.02.2024,"0,4862","0,0267","0,0549","0,4937"
Alnus,2025-Gamma-3,Neuchatel,"0,9","103,9064",03.02.2024,26.02.2024,"0,442","0,023","0,0521","0,4987"
Alnus,2025-Gamma-3,Neuchatel,"0,91","106,7518",03.02.2024,26.02.2024,"0,4305","0,0227","0,0528","0,4987"
Alnus,2025-Gamma-3,Neuchatel,"0,92","109,1967",03.02.2024,26.02.2024,"0,4218","0,0217","0,0515","0,505"
Alnus,2025-Gamma-3,Neuchatel,"0,93","111,9955",03.02.2024,26.02.2024,"0,4095","0,0211","0,0516","0,5076"
Alnus,2025-Gamma-3,Neuchatel,"0,94","116,0173",03.02.2024,26.02.2024,"0,395","0,0208","0,0527","0,5072"
Alnus,2025-Gamma-3,Neuchatel,"0,95","119,9404",03.02.2024,26.02.2024,"0,3798","0,0203","0,0533","0,5147"
Alnus,2025-Gamma-3,Neuchatel,"0,96","126,6488",03.02.2024,26.02.2024,"0,3617","0,0186","0,0514","0,5241"
Alnus,2025-Gamma-3,Neuchatel,"0,97","139,2106",03.02.2024,26.02.2024,"0,3328","0,017","0,051","0,544"
Alnus,2025-Gamma-3,Neuchatel,"0,98","151,156",03.02.2024,26.02.2024,"0,3031","0,0137","0,0451","0,5514"
Alnus,2025-Gamma-3,Neuchatel,"0,99","170,9582",03.02.2024,26.02.2024,"0,2641","0,0121","0,0457","0,5367"
Alnus,2025-Gamma-3,Neuchatel,"0,999","300,3324",03.02.2024,26.02.2024,"0,1512","0,0073","0,0486","0,4516"
Alnus,2025-Gamma-3,Neuchatel,"0,9999","436,7694",03.02.2024,26.02.2024,"0,0911","0,003","0,0331","0,4985"
Alnus,2025-Gamma-3,Neuchatel,1,"694,7042",03.02.2024,26.02.2024,"0,0571","0,0018","0,0312","0,5072"
Alnus,2025-Gamma-3,Neuchatel,1,1000,03.02.2024,26.02.2024,"0,0362","0,0009","0,0242","0,4794"
Alnus,2025-Gamma-3,Neuchatel,1,1000,03.02.2024,26.02.2024,"0,0203","0,0004","0,0216","0,4421"
Betula,2025-Gamma-3,Neuchatel,0,"86,55",22.03.2024,18.04.2024,"0,9127","0,0696","0,0763","0,5522"
Betula,2025-Gamma-3,Neuchatel,"0,2","86,55",22.03.2024,18.04.2024,"0,9127","0,0696","0,0763","0,5522"
Betula,2025-Gamma-3,Neuchatel,"0,4","87,3974",22.03.2024,18.04.2024,"0,9047","0,0686","0,0758","0,5491"
Betula,2025-Gamma-3,Neuchatel,"0,6","98,2807",22.03.2024,18.04.2024,"0,8116","0,0601","0,0741","0,551"
Betula,2025-Gamma-3,Neuchatel,"0,75","115,2006",22.03.2024,18.04.2024,"0,6938","0,0507","0,0731","0,5636"
Betula,2025-Gamma-3,Neuchatel,"0,8","122,5025",22.03.2024,18.04.2024,"0,6523","0,0478","0,0733","0,5521"
Betula,2025-Gamma-3,Neuchatel,"0,85","135,1836",22.03.2024,18.04.2024,"0,5946","0,0439","0,0739","0,5467"
Betula,2025-Gamma-3,Neuchatel,"0,9","146,7115",22.03.2024,18.04.2024,"0,5407","0,038","0,0703","0,5582"
Betula,2025-Gamma-3,Neuchatel,"0,91","150,9988",22.03.2024,18.04.2024,"0,5258","0,0362","0,0689","0,5548"
Betula,2025-Gamma-3,Neuchatel,"0,92","155,1608",22.03.2024,18.04.2024,"0,5109","0,0355","0,0694","0,5512"
Betula,2025-Gamma-3,Neuchatel,"0,93","161,6526",22.03.2024,18.04.2024,"0,4917","0,034","0,069","0,5447"
Betula,2025-Gamma-3,Neuchatel,"0,94","167,4652",22.03.2024,18.04.2024,"0,4756","0,0323","0,0679","0,5408"
Betula,2025-Gamma-3,Neuchatel,"0,95","173,6454",22.03.2024,18.04.2024,"0,4582","0,0305","0,0665","0,5343"
Betula,2025-Gamma-3,Neuchatel,"0,96","182,2184",22.03.2024,18.04.2024,"0,4377","0,0287","0,0655","0,544"
Betula,2025-Gamma-3,Neuchatel,"0,97","195,4807",22.03.2024,18.04.2024,"0,408","0,027","0,0662","0,5531"
Betula,2025-Gamma-3,Neuchatel,"0,98","210,1832",22.03.2024,18.04.2024,"0,3776","0,0234","0,0619","0,5667"
Betula,2025-Gamma-3,Neuchatel,"0,99","252,0846",22.03.2024,18.04.2024,"0,3113","0,02","0,0643","0,5755"
Betula,2025-Gamma-3,Neuchatel,"0,999","430,0043",22.03.2024,18.04.2024,"0,1761","0,0075","0,0429","0,6015"
Betula,2025-Gamma-3,Neuchatel,"0,9999","795,5115",22.03.2024,18.04.2024,"0,0893","0,0027","0,0304","0,5856"
Betula,2025-Gamma-3,Neuchatel,1,1000,22.03.2024,18.04.2024,"0,044","0,0017","0,0377","0,6035"
Betula,2025-Gamma-3,Neuchatel,1,1000,22.03.2024,18.04.2024,"0,0211","0,0006","0,0286","0,4996"
Betula,2025-Gamma-3,Neuchatel,1,1000,22.03.2024,18.04.2024,"0,0105",0,0,"0,4776"
Corylus,2025-Gamma-3,Neuchatel,0,"31,0019",30.01.2024,19.02.2024,"0,9905","0,0971","0,098","0,4534"
Corylus,2025-Gamma-3,Neuchatel,"0,2","31,0019",30.01.2024,19.02.2024,"0,9905","0,0971","0,098","0,4534"
Corylus,2025-Gamma-3,Neuchatel,"0,4","31,2099",30.01.2024,19.02.2024,"0,9823","0,0956","0,0973","0,4533"
Corylus,2025-Gamma-3,Neuchatel,"0,6","34,6106",30.01.2024,19.02.2024,"0,893","0,0816","0,0914","0,472"
Corylus,2025-Gamma-3,Neuchatel,"0,75","39,5633",30.01.2024,19.02.2024,"0,7683","0,0655","0,0853","0,4571"
Corylus,2025-Gamma-3,Neuchatel,"0,8","42,7513",30.01.2024,19.02.2024,"0,7261","0,0598","0,0824","0,4625"
Corylus,2025-Gamma-3,Neuchatel,"0,85","46,0898",30.01.2024,19.02.2024,"0,6665","0,0536","0,0804","0,4708"
Corylus,2025-Gamma-3,Neuchatel,"0,9","52,0741",30.01.2024,19.02.2024,"0,5845","0,0475","0,0813","0,4722"
Corylus,2025-Gamma-3,Neuchatel,"0,91","52,946",30.01.2024,19.02.2024,"0,5713","0,046","0,0804","0,4693"
Corylus,2025-Gamma-3,Neuchatel,"0,92","54,4559",30.01.2024,19.02.2024,"0,5523","0,0435","0,0788","0,4718"
Corylus,2025-Gamma-3,Neuchatel,"0,93","56,1502",30.01.2024,19.02.2024,"0,5341","0,0418","0,0782","0,4727"
Corylus,2025-Gamma-3,Neuchatel,"0,94","58,5134",30.01.2024,19.02.2024,"0,5093","0,0396","0,0778","0,4699"
Corylus,2025-Gamma-3,Neuchatel,"0,95","61,4689",30.01.2024,19.02.2024,"0,4894","0,0373","0,0761","0,4576"
Corylus,2025-Gamma-3,Neuchatel,"0,96","66,6868",30.01.2024,19.02.2024,"0,463","0,0358","0,0773","0,454"
Corylus,2025-Gamma-3,Neuchatel,"0,97","71,6924",30.01.2024,19.02.2024,"0,4332","0,0325","0,0751","0,4597"
Corylus,2025-Gamma-3,Neuchatel,"0,98","80,6496",30.01.2024,19.02.2024,"0,3895","0,0291","0,0748","0,4793"
Corylus,2025-Gamma-3,Neuchatel,"0,99","93,3048",30.01.2024,19.02.2024,"0,33","0,0226","0,0684","0,482"
Corylus,2025-Gamma-3,Neuchatel,"0,999","185,741",30.01.2024,19.02.2024,"0,1664","0,0107","0,0641","0,508"
Corylus,2025-Gamma-3,Neuchatel,"0,9999","339,2981",30.01.2024,19.02.2024,"0,0912","0,0058","0,064","0,561"
Corylus,2025-Gamma-3,Neuchatel,1,"680,9966",30.01.2024,19.02.2024,"0,043","0,0023","0,053","0,5458"
Corylus,2025-Gamma-3,Neuchatel,1,1000,30.01.2024,19.02.2024,"0,0182","0,0009","0,0469","0,536"
Corylus,2025-Gamma-3,Neuchatel,1,1000,30.01.2024,19.02.2024,"0,0099","0,0006","0,0574","0,3822"
Cupressaceae,2025-Gamma-3,Neuchatel,0,"1,1632",02.04.2024,11.04.2024,"13,0544","3,4557","0,2647","0,3935"
Cupressaceae,2025-Gamma-3,Neuchatel,"0,2","1,1632",02.04.2024,11.04.2024,"13,0544","3,4557","0,2647","0,3935"
Cupressaceae,2025-Gamma-3,Neuchatel,"0,4","1,1656",02.04.2024,11.04.2024,"13,0162","3,4454","0,2647","0,3931"
Cupressaceae,2025-Gamma-3,Neuchatel,"0,6","1,2398",02.04.2024,11.04.2024,"12,1324","3,2381","0,2669","0,392"
Cupressaceae,2025-Gamma-3,Neuchatel,"0,75","1,3413",02.04.2024,11.04.2024,"11,1341","2,9585","0,2657","0,3863"
Cupressaceae,2025-Gamma-3,Neuchatel,"0,8","1,3882",02.04.2024,11.04.2024,"10,7765","2,8522","0,2647","0,3842"
Cupressaceae,2025-Gamma-3,Neuchatel,"0,85","1,4356",02.04.2024,11.04.2024,"10,2921","2,7294","0,2652","0,3833"
Cupressaceae,2025-Gamma-3,Neuchatel,"0,9","1,5238",02.04.2024,11.04.2024,"9,7314","2,5773","0,2648","0,3787"
Cupressaceae,2025-Gamma-3,Neuchatel,"0,91","1,5454",02.04.2024,11.04.2024,"9,589","2,5414","0,265","0,3772"
Cupressaceae,2025-Gamma-3,Neuchatel,"0,92","1,568",02.04.2024,11.04.2024,"9,4102","2,4978","0,2654","0,3785"
Cupressaceae,2025-Gamma-3,Neuchatel,"0,93","1,5906",02.04.2024,11.04.2024,"9,2366","2,452","0,2655","0,3783"
Cupressaceae,2025-Gamma-3,Neuchatel,"0,94","1,6184",02.04.2024,11.04.2024,"9,0491","2,4022","0,2655","0,3796"
Cupressaceae,2025-Gamma-3,Neuchatel,"0,95","1,666",02.04.2024,11.04.2024,"8,7852","2,3451","0,2669","0,3779"
Cupressaceae,2025-Gamma-3,Neuchatel,"0,96","1,7196",02.04.2024,11.04.2024,"8,5022","2,2774","0,2679","0,374"
Cupressaceae,2025-Gamma-3,Neuchatel,"0,97","1,7836",02.04.2024,11.04.2024,"8,1515","2,1901","0,2687","0,3713"
Cupressaceae,2025-Gamma-3,Neuchatel,"0,98","1,8736",02.04.2024,11.04.2024,"7,6931","2,0693","0,269","0,3747"
Cupressaceae,2025-Gamma-3,Neuchatel,"0,99","2,043",02.04.2024,11.04.2024,"6,9257","1,8909","0,273","0,3677"
Cupressaceae,2025-Gamma-3,Neuchatel,"0,999","2,9145",02.04.2024,11.04.2024,"4,8336","1,3639","0,2822","0,3475"
Cupressaceae,2025-Gamma-3,Neuchatel,"0,9999","4,0766",02.04.2024,11.04.2024,"3,3403","0,9727","0,2912","0,3331"
Cupressaceae,2025-Gamma-3,Neuchatel,1,"5,5573",02.04.2024,11.04.2024,"2,2275","0,6628","0,2976","0,322"
Cupressaceae,2025-Gamma-3,Neuchatel,1,"8,1414",02.04.2024,11.04.2024,"1,4688","0,4393","0,2991","0,3054"
Cupressaceae,2025-Gamma-3,Neuchatel,1,"11,5366",02.04.2024,11.04.2024,"1,0122","0,3154","0,3116","0,2871"
Fraxinus,2025-Gamma-3,Neuchatel,0,"0,6224",20.03.2024,11.04.2024,"97,6518","33,4287","0,3423","0,4522"
Fraxinus,2025-Gamma-3,Neuchatel,"0,2","0,6224",20.03.2024,11.04.2024,"97,6518","33,4287","0,3423","0,4522"
Fraxinus,2025-Gamma-3,Neuchatel,"0,4","0,6228",20.03.2024,11.04.2024,"97,599","33,3882","0,3421","0,4515"
Fraxinus,2025-Gamma-3,Neuchatel,"0,6","0,6383",20.03.2024,11.04.2024,"95,6047","32,0809","0,3356","0,4535"
Fraxinus,2025-Gamma-3,Neuchatel,"0,75","0,6622",20.03.2024,11.04.2024,"92,6696","30,1679","0,3255","0,4556"
Fraxinus,2025-Gamma-3,Neuchatel,"0,8","0,6727",20.03.2024,11.04.2024,"91,4143","29,3891","0,3215","0,4577"
Fraxinus,2025-Gamma-3,Neuchatel,"0,85","0,686",20.03.2024,11.04.2024,"89,9067","28,4435","0,3164","0,4595"
Fraxinus,2025-Gamma-3,Neuchatel,"0,9","0,7048",20.03.2024,11.04.2024,"87,8737","27,2195","0,3098","0,4596"
Fraxinus,2025-Gamma-3,Neuchatel,"0,91","0,7093",20.03.2024,11.04.2024,"87,374","26,9126","0,308","0,4599"
Fraxinus,2025-Gamma-3,Neuchatel,"0,92","0,715",20.03.2024,11.04.2024,"86,7731","26,5709","0,3062","0,4608"
Fraxinus,2025-Gamma-3,Neuchatel,"0,93","0,7218",20.03.2024,11.04.2024,"86,0969","26,1676","0,3039","0,4604"
Fraxinus,2025-Gamma-3,Neuchatel,"0,94","0,7295",20.03.2024,11.04.2024,"85,3337","25,7286","0,3015","0,4603"
Fraxinus,2025-Gamma-3,Neuchatel,"0,95","0,7387",20.03.2024,11.04.2024,"84,4375","25,1967","0,2984","0,4617"
Fraxinus,2025-Gamma-3,Neuchatel,"0,96","0,7504",20.03.2024,11.04.2024,"83,3385","24,5771","0,2949","0,4633"
Fraxinus,2025-Gamma-3,Neuchatel,"0,97","0,7655",20.03.2024,11.04.2024,"81,9398","23,7961","0,2904","0,4676"
Fraxinus,2025-Gamma-3,Neuchatel,"0,98","0,7894",20.03.2024,11.04.2024,"79,8933","22,7149","0,2843","0,4712"
Fraxinus,2025-Gamma-3,Neuchatel,"0,99","0,8282",20.03.2024,11.04.2024,"76,6368","20,9011","0,2727","0,4761"
Fraxinus,2025-Gamma-3,Neuchatel,"0,999","0,9897",20.03.2024,11.04.2024,"65,5588","15,4199","0,2352","0,4922"
Fraxinus,2025-Gamma-3,Neuchatel,"0,9999","1,1879",20.03.2024,11.04.2024,"55,5115","10,9058","0,1965","0,507"
Fraxinus,2025-Gamma-3,Neuchatel,1,"1,4171",20.03.2024,11.04.2024,"46,9513","7,5653","0,1611","0,5278"
Fraxinus,2025-Gamma-3,Neuchatel,1,"1,6571",20.03.2024,11.04.2024,"40,3303","5,2783","0,1309","0,5431"
Fraxinus,2025-Gamma-3,Neuchatel,1,"1,8364",20.03.2024,11.04.2024,"36,4708","4,1115","0,1127","0,5478"
Platanus,2025-Gamma-3,Neuchatel,0,"37,683",02.04.2024,18.04.2024,"1,4675","0,0418","0,0285","0,6358"
Platanus,2025-Gamma-3,Neuchatel,"0,2","37,683",02.04.2024,18.04.2024,"1,4675","0,0418","0,0285","0,6358"
Platanus,2025-Gamma-3,Neuchatel,"0,4","37,8793",02.04.2024,18.04.2024,"1,4604","0,0407","0,0279","0,643"
Platanus,2025-Gamma-3,Neuchatel,"0,6","41,9401",02.04.2024,18.04.2024,"1,3205","0,0355","0,0269","0,6525"
Platanus,2025-Gamma-3,Neuchatel,"0,75","47,5462",02.04.2024,18.04.2024,"1,1499","0,0303","0,0263","0,6564"
Platanus,2025-Gamma-3,Neuchatel,"0,8","50,431",02.04.2024,18.04.2024,"1,0733","0,0285","0,0265","0,6634"
Platanus,2025-Gamma-3,Neuchatel,"0,85","54,6626",02.04.2024,18.04.2024,"0,9794","0,0266","0,0271","0,6779"
Platanus,2025-Gamma-3,Neuchatel,"0,9","59,7517",02.04.2024,18.04.2024,"0,9007","0,0236","0,0262","0,6677"
Platanus,2025-Gamma-3,Neuchatel,"0,91","60,6909",02.04.2024,18.04.2024,"0,8854","0,0229","0,0259","0,6677"
Platanus,2025-Gamma-3,Neuchatel,"0,92","61,6257",02.04.2024,18.04.2024,"0,8721","0,0219","0,0252","0,6682"
Platanus,2025-Gamma-3,Neuchatel,"0,93","63,2803",02.04.2024,18.04.2024,"0,8487","0,0215","0,0254","0,6698"
Platanus,2025-Gamma-3,Neuchatel,"0,94","67,1493",02.04.2024,18.04.2024,"0,8027","0,0211","0,0263","0,676"
Platanus,2025-Gamma-3,Neuchatel,"0,95","71,137",02.04.2024,18.04.2024,"0,7557","0,0204","0,027","0,6759"
Platanus,2025-Gamma-3,Neuchatel,"0,96","76,1182",02.04.2024,18.04.2024,"0,7179","0,0194","0,0271","0,6866"
Platanus,2025-Gamma-3,Neuchatel,"0,97","81,3624",02.04.2024,18.04.2024,"0,6761","0,0187","0,0277","0,6896"
Platanus,2025-Gamma-3,Neuchatel,"0,98","88,0419",02.04.2024,18.04.2024,"0,6189","0,0142","0,0229","0,6999"
Platanus,2025-Gamma-3,Neuchatel,"0,99","100,5866",02.04.2024,18.04.2024,"0,5433","0,012","0,022","0,7259"
Platanus,2025-Gamma-3,Neuchatel,"0,999","149,9777",02.04.2024,18.04.2024,"0,3503","0,0071","0,0202","0,7373"
Platanus,2025-Gamma-3,Neuchatel,"0,9999","265,4365",02.04.2024,18.04.2024,"0,1981","0,004","0,0204","0,7225"
Platanus,2025-Gamma-3,Neuchatel,1,"455,9154",02.04.2024,18.04.2024,"0,1215","0,0024","0,0196","0,6945"
Platanus,2025-Gamma-3,Neuchatel,1,"769,2717",02.04.2024,18.04.2024,"0,0694","0,0011","0,0159","0,7235"
Platanus,2025-Gamma-3,Neuchatel,1,1000,02.04.2024,18.04.2024,"0,0429","0,0007","0,0161","0,6222"
Quercus,2025-Gamma-3,Neuchatel,0,"8,5326",21.04.2024,03.05.2024,"17,7003","2,2588","0,1276","0,4269"
Quercus,2025-Gamma-3,Neuchatel,"0,2","8,5326",21.04.2024,03.05.2024,"17,7003","2,2588","0,1276","0,4269"
Quercus,2025-Gamma-3,Neuchatel,"0,4","8,5506",21.04.2024,03.05.2024,"17,6709","2,249","0,1273","0,428"
Quercus,2025-Gamma-3,Neuchatel,"0,6","8,8015",21.04.2024,03.05.2024,"17,1368","2,0977","0,1224","0,4349"
Quercus,2025-Gamma-3,Neuchatel,"0,75","9,2012",21.04.2024,03.05.2024,"16,3969","1,9107","0,1165","0,4444"
Quercus,2025-Gamma-3,Neuchatel,"0,8","9,3656",21.04.2024,03.05.2024,"16,0911","1,8367","0,1141","0,4483"
Quercus,2025-Gamma-3,Neuchatel,"0,85","9,5516",21.04.2024,03.05.2024,"15,7332","1,764","0,1121","0,4505"
Quercus,2025-Gamma-3,Neuchatel,"0,9","9,816",21.04.2024,03.05.2024,"15,2791","1,6526","0,1082","0,4544"
Quercus,2025-Gamma-3,Neuchatel,"0,91","9,887",21.04.2024,03.05.2024,"15,1709","1,6291","0,1074","0,4519"
Quercus,2025-Gamma-3,Neuchatel,"0,92","9,9632",21.04.2024,03.05.2024,"15,0454","1,5983","0,1062","0,4581"
Quercus,2025-Gamma-3,Neuchatel,"0,93","10,0487",21.04.2024,03.05.2024,"14,8945","1,5651","0,1051","0,4587"
Quercus,2025-Gamma-3,Neuchatel,"0,94","10,175",21.04.2024,03.05.2024,"14,7049","1,5305","0,1041","0,4609"
Quercus,2025-Gamma-3,Neuchatel,"0,95","10,3163",21.04.2024,03.05.2024,"14,4752","1,4914","0,103","0,4649"
Quercus,2025-Gamma-3,Neuchatel,"0,96","10,4835",21.04.2024,03.05.2024,"14,2268","1,4425","0,1014","0,461"
Quercus,2025-Gamma-3,Neuchatel,"0,97","10,6996",21.04.2024,03.05.2024,"13,9009","1,3842","0,0996","0,4646"
Quercus,2025-Gamma-3,Neuchatel,"0,98","11,0293",21.04.2024,03.05.2024,"13,4709","1,3048","0,0969","0,4641"
Quercus,2025-Gamma-3,Neuchatel,"0,99","11,5995",21.04.2024,03.05.2024,"12,7898","1,1768","0,092","0,4692"
Quercus,2025-Gamma-3,Neuchatel,"0,999","14,176",21.04.2024,03.05.2024,"10,2898","0,8378","0,0814","0,4691"
Quercus,2025-Gamma-3,Neuchatel,"0,9999","18,1495",21.04.2024,03.05.2024,"7,934","0,5753","0,0725","0,4822"
Quercus,2025-Gamma-3,Neuchatel,1,"24,7556",21.04.2024,03.05.2024,"5,8186","0,3867","0,0665","0,5066"
Quercus,2025-Gamma-3,Neuchatel,1,"35,9421",21.04.2024,03.05.2024,"3,989","0,2453","0,0615","0,5131"
Quercus,2025-Gamma-3,Neuchatel,1,"48,2034",21.04.2024,03.05.2024,"2,9474","0,1676","0,0569","0,5441"
Taxus,2025-Gamma-3,Neuchatel,0,"12,4019",08.02.2024,08.03.2024,"13,3569","0,3492","0,0261","0,556"
Taxus,2025-Gamma-3,Neuchatel,"0,2","12,4019",08.02.2024,08.03.2024,"13,3569","0,3492","0,0261","0,556"
Taxus,2025-Gamma-3,Neuchatel,"0,4","12,5002",08.02.2024,08.03.2024,"13,2795","0,3468","0,0261","0,5567"
Taxus,2025-Gamma-3,Neuchatel,"0,6","14,0959",08.02.2024,08.03.2024,"11,6788","0,2994","0,0256","0,5618"
Taxus,2025-Gamma-3,Neuchatel,"0,75","16,5858",08.02.2024,08.03.2024,"9,8483","0,2448","0,0249","0,5673"
Taxus,2025-Gamma-3,Neuchatel,"0,8","17,7256",08.02.2024,08.03.2024,"9,1479","0,2244","0,0245","0,5712"
Taxus,2025-Gamma-3,Neuchatel,"0,85","19,6292",08.02.2024,08.03.2024,"8,3627","0,2044","0,0244","0,5645"
Taxus,2025-Gamma-3,Neuchatel,"0,9","22,1137",08.02.2024,08.03.2024,"7,4166","0,1764","0,0238","0,5715"
Taxus,2025-Gamma-3,Neuchatel,"0,91","22,769",08.02.2024,08.03.2024,"7,1862","0,1723","0,024","0,5678"
Taxus,2025-Gamma-3,Neuchatel,"0,92","23,5887",08.02.2024,08.03.2024,"6,9472","0,1678","0,0242","0,5683"
Taxus,2025-Gamma-3,Neuchatel,"0,93","24,4338",08.02.2024,08.03.2024,"6,6864","0,1623","0,0243","0,5723"
Taxus,2025-Gamma-3,Neuchatel,"0,94","25,6484",08.02.2024,08.03.2024,"6,4195","0,1545","0,0241","0,5729"
Taxus,2025-Gamma-3,Neuchatel,"0,95","27,1696",08.02.2024,08.03.2024,"6,1107","0,1471","0,0241","0,5762"
Taxus,2025-Gamma-3,Neuchatel,"0,96","28,9257",08.02.2024,08.03.2024,"5,7296","0,1406","0,0245","0,5762"
Taxus,2025-Gamma-3,Neuchatel,"0,97","31,7516",08.02.2024,08.03.2024,"5,2944","0,1283","0,0242","0,5807"
Taxus,2025-Gamma-3,Neuchatel,"0,98","35,7098",08.02.2024,08.03.2024,"4,7188","0,114","0,0241","0,5831"
Taxus,2025-Gamma-3,Neuchatel,"0,99","43,5781",08.02.2024,08.03.2024,"3,8925","0,0938","0,0241","0,5882"
Taxus,2025-Gamma-3,Neuchatel,"0,999","84,9361",08.02.2024,08.03.2024,"2,0693","0,0492","0,0238","0,5776"
Taxus,2025-Gamma-3,Neuchatel,"0,9999","165,1902",08.02.2024,08.03.2024,"1,1247","0,0241","0,0214","0,5893"
Taxus,2025-Gamma-3,Neuchatel,1,"307,405",08.02.2024,08.03.2024,"0,6864","0,0128","0,0186","0,5565"
Taxus,2025-Gamma-3,Neuchatel,1,"481,9413",08.02.2024,08.03.2024,"0,4494","0,0063","0,014","0,5873"
Taxus,2025-Gamma-3,Neuchatel,1,"701,7364",08.02.2024,08.03.2024,"0,2982","0,0034","0,0113","0,6482"
Alnus,2025-Gamma-3,Luzern,0,"4,8362",07.02.2024,02.03.2024,"12,2348","0,3689","0,0302","0,6541"
Alnus,2025-Gamma-3,Luzern,"0,2","4,8362",07.02.2024,02.03.2024,"12,2348","0,3689","0,0302","0,6541"
Alnus,2025-Gamma-3,Luzern,"0,4","4,8405",07.02.2024,02.03.2024,"12,2251","0,3651","0,0299","0,6556"
Alnus,2025-Gamma-3,Luzern,"0,6","4,9905",07.02.2024,02.03.2024,"11,8098","0,3369","0,0285","0,6642"
Alnus,2025-Gamma-3,Luzern,"0,75","5,2438",07.02.2024,02.03.2024,"11,189","0,2995","0,0268","0,6712"
Alnus,2025-Gamma-3,Luzern,"0,8","5,3402",07.02.2024,02.03.2024,"10,9466","0,2877","0,0263","0,6756"
Alnus,2025-Gamma-3,Luzern,"0,85","5,4961",07.02.2024,02.03.2024,"10,6147","0,2716","0,0256","0,6798"
Alnus,2025-Gamma-3,Luzern,"0,9","5,7013",07.02.2024,02.03.2024,"10,2105","0,2519","0,0247","0,6813"
Alnus,2025-Gamma-3,Luzern,"0,91","5,7541",07.02.2024,02.03.2024,"10,1196","0,2463","0,0243","0,681"
Alnus,2025-Gamma-3,Luzern,"0,92","5,8214",07.02.2024,02.03.2024,"10,005","0,241","0,0241","0,6829"
Alnus,2025-Gamma-3,Luzern,"0,93","5,911",07.02.2024,02.03.2024,"9,8605","0,2351","0,0238","0,681"
Alnus,2025-Gamma-3,Luzern,"0,94","5,9958",07.02.2024,02.03.2024,"9,6994","0,2294","0,0236","0,6831"
Alnus,2025-Gamma-3,Luzern,"0,95","6,1017",07.02.2024,02.03.2024,"9,5293","0,2222","0,0233","0,6848"
Alnus,2025-Gamma-3,Luzern,"0,96","6,2379",07.02.2024,02.03.2024,"9,3091","0,2135","0,0229","0,6804"
Alnus,2025-Gamma-3,Luzern,"0,97","6,4155",07.02.2024,02.03.2024,"9,0459","0,2024","0,0224","0,683"
Alnus,2025-Gamma-3,Luzern,"0,98","6,6515",07.02.2024,02.03.2024,"8,6876","0,1879","0,0216","0,6917"
Alnus,2025-Gamma-3,Luzern,"0,99","7,149",07.02.2024,02.03.2024,"8,0564","0,1653","0,0205","0,6813"
Alnus,2025-Gamma-3,Luzern,"0,999","9,299",07.02.2024,02.03.2024,"6,0841","0,1074","0,0177","0,6834"
Alnus,2025-Gamma-3,Luzern,"0,9999","12,9427",07.02.2024,02.03.2024,"4,2897","0,0665","0,0155","0,7112"
Alnus,2025-Gamma-3,Luzern,1,"19,2557",07.02.2024,02.03.2024,"2,8375","0,0401","0,0141","0,6975"
Alnus,2025-Gamma-3,Luzern,1,"31,1179",07.02.2024,02.03.2024,"1,7264","0,0219","0,0127","0,72"
Alnus,2025-Gamma-3,Luzern,1,"48,1376",07.02.2024,02.03.2024,"1,1153","0,014","0,0125","0,6957"
Betula,2025-Gamma-3,Luzern,0,"22,0011",25.03.2024,19.04.2024,"13,1862","0,3373","0,0256","0,5694"
Betula,2025-Gamma-3,Luzern,"0,2","22,0011",25.03.2024,19.04.2024,"13,1862","0,3373","0,0256","0,5694"
Betula,2025-Gamma-3,Luzern,"0,4","22,1189",25.03.2024,19.04.2024,"13,1154","0,3312","0,0253","0,5687"
Betula,2025-Gamma-3,Luzern,"0,6","23,8016",25.03.2024,19.04.2024,"12,1705","0,2878","0,0236","0,5755"
Betula,2025-Gamma-3,Luzern,"0,75","26,2073",25.03.2024,19.04.2024,"11,0345","0,2453","0,0222","0,5793"
Betula,2025-Gamma-3,Luzern,"0,8","27,2297",25.03.2024,19.04.2024,"10,6071","0,2279","0,0215","0,5814"
Betula,2025-Gamma-3,Luzern,"0,85","28,5345",25.03.2024,19.04.2024,"10,1143","0,212","0,021","0,5854"
Betula,2025-Gamma-3,Luzern,"0,9","30,3075",25.03.2024,19.04.2024,"9,4586","0,1864","0,0197","0,5953"
Betula,2025-Gamma-3,Luzern,"0,91","30,808",25.03.2024,19.04.2024,"9,2963","0,1813","0,0195","0,5973"
Betula,2025-Gamma-3,Luzern,"0,92","31,3862",25.03.2024,19.04.2024,"9,1254","0,1749","0,0192","0,5988"
Betula,2025-Gamma-3,Luzern,"0,93","31,976",25.03.2024,19.04.2024,"8,9524","0,1683","0,0188","0,5944"
Betula,2025-Gamma-3,Luzern,"0,94","32,6441",25.03.2024,19.04.2024,"8,7595","0,1617","0,0185","0,5985"
Betula,2025-Gamma-3,Luzern,"0,95","33,5411",25.03.2024,19.04.2024,"8,5183","0,1546","0,0181","0,6"
Betula,2025-Gamma-3,Luzern,"0,96","34,6033",25.03.2024,19.04.2024,"8,2365","0,1439","0,0175","0,6119"
Betula,2025-Gamma-3,Luzern,"0,97","36,1687",25.03.2024,19.04.2024,"7,8759","0,1326","0,0168","0,6214"
Betula,2025-Gamma-3,Luzern,"0,98","38,3456",25.03.2024,19.04.2024,"7,3892","0,1187","0,0161","0,6292"
Betula,2025-Gamma-3,Luzern,"0,99","42,6237",25.03.2024,19.04.2024,"6,6406","0,0968","0,0146","0,6344"
Betula,2025-Gamma-3,Luzern,"0,999","61,3855",25.03.2024,19.04.2024,"4,613","0,0521","0,0113","0,6549"
Betula,2025-Gamma-3,Luzern,"0,9999","90,0773",25.03.2024,19.04.2024,"3,1118","0,027","0,0087","0,6785"
Betula,2025-Gamma-3,Luzern,1,"136,8665",25.03.2024,19.04.2024,"2,0186","0,0135","0,0067","0,7078"
Betula,2025-Gamma-3,Luzern,1,"212,1787",25.03.2024,19.04.2024,"1,2714","0,0059","0,0046","0,7204"
Betula,2025-Gamma-3,Luzern,1,"306,3574",25.03.2024,19.04.2024,"0,8734","0,0036","0,0041","0,7348"
Corylus,2025-Gamma-3,Luzern,0,"11,1164",21.01.2024,24.02.2024,"7,5956","1,3108","0,1726","0,4824"
Corylus,2025-Gamma-3,Luzern,"0,2","11,1164",21.01.2024,24.02.2024,"7,5956","1,3108","0,1726","0,4824"
Corylus,2025-Gamma-3,Luzern,"0,4","11,1482",21.01.2024,24.02.2024,"7,5777","1,2987","0,1714","0,4828"
Corylus,2025-Gamma-3,Luzern,"0,6","11,7176",21.01.2024,24.02.2024,"7,2076","1,1654","0,1617","0,4911"
Corylus,2025-Gamma-3,Luzern,"0,75","12,4882",21.01.2024,24.02.2024,"6,7444","1,0122","0,1501","0,5014"
Corylus,2025-Gamma-3,Luzern,"0,8","12,8128",21.01.2024,24.02.2024,"6,5587","0,9559","0,1457","0,5056"
Corylus,2025-Gamma-3,Luzern,"0,85","13,2745",21.01.2024,24.02.2024,"6,3272","0,8923","0,141","0,5099"
Corylus,2025-Gamma-3,Luzern,"0,9","13,956",21.01.2024,24.02.2024,"6,0243","0,8094","0,1344","0,5122"
Corylus,2025-Gamma-3,Luzern,"0,91","14,1307",21.01.2024,24.02.2024,"5,9469","0,7911","0,133","0,5116"
Corylus,2025-Gamma-3,Luzern,"0,92","14,3268",21.01.2024,24.02.2024,"5,8641","0,7718","0,1316","0,5146"
Corylus,2025-Gamma-3,Luzern,"0,93","14,5699",21.01.2024,24.02.2024,"5,7624","0,7488","0,1299","0,5156"
Corylus,2025-Gamma-3,Luzern,"0,94","14,8146",21.01.2024,24.02.2024,"5,665","0,723","0,1276","0,5193"
Corylus,2025-Gamma-3,Luzern,"0,95","15,1296",21.01.2024,24.02.2024,"5,5499","0,6952","0,1253","0,5217"
Corylus,2025-Gamma-3,Luzern,"0,96","15,5484",21.01.2024,24.02.2024,"5,4086","0,6633","0,1226","0,5254"
Corylus,2025-Gamma-3,Luzern,"0,97","16,1166",21.01.2024,24.02.2024,"5,2141","0,6257","0,12","0,5282"
Corylus,2025-Gamma-3,Luzern,"0,98","16,8787",21.01.2024,24.02.2024,"4,9775","0,5686","0,1142","0,5367"
Corylus,2025-Gamma-3,Luzern,"0,99","18,4421",21.01.2024,24.02.2024,"4,5398","0,4915","0,1083","0,5377"
Corylus,2025-Gamma-3,Luzern,"0,999","25,4378",21.01.2024,24.02.2024,"3,2507","0,2845","0,0875","0,5603"
Corylus,2025-Gamma-3,Luzern,"0,9999","37,3334",21.01.2024,24.02.2024,"2,1955","0,1578","0,0719","0,5809"
Corylus,2025-Gamma-3,Luzern,1,"61,2712",21.01.2024,24.02.2024,"1,3259","0,081","0,0611","0,6238"
Corylus,2025-Gamma-3,Luzern,1,"120,0183",21.01.2024,24.02.2024,"0,6711","0,0352","0,0524","0,6523"
Corylus,2025-Gamma-3,Luzern,1,"243,7749",21.01.2024,24.02.2024,"0,3338","0,0178","0,0533","0,6481"
Cupressaceae,2025-Gamma-3,Luzern,0,"1,27",15.02.2024,08.03.2024,"6,4757","8,3548","1,2902","0,434"
Cupressaceae,2025-Gamma-3,Luzern,"0,2","1,27",15.02.2024,08.03.2024,"6,4757","8,3548","1,2902","0,434"
Cupressaceae,2025-Gamma-3,Luzern,"0,4","1,2749",15.02.2024,08.03.2024,"6,4368","8,3339","1,2947","0,4341"
Cupressaceae,2025-Gamma-3,Luzern,"0,6","1,3241",15.02.2024,08.03.2024,"6,0354","7,9408","1,3157","0,4319"
Cupressaceae,2025-Gamma-3,Luzern,"0,75","1,3967",15.02.2024,08.03.2024,"5,5749","7,4573","1,3377","0,4306"
Cupressaceae,2025-Gamma-3,Luzern,"0,8","1,4264",15.02.2024,08.03.2024,"5,3861","7,2695","1,3497","0,4282"
Cupressaceae,2025-Gamma-3,Luzern,"0,85","1,4539",15.02.2024,08.03.2024,"5,1615","7,0407","1,3641","0,4258"
Cupressaceae,2025-Gamma-3,Luzern,"0,9","1,4929",15.02.2024,08.03.2024,"4,8946","6,7353","1,3761","0,4239"
Cupressaceae,2025-Gamma-3,Luzern,"0,91","1,506",15.02.2024,08.03.2024,"4,8286","6,658","1,3789","0,4243"
Cupressaceae,2025-Gamma-3,Luzern,"0,92","1,5227",15.02.2024,08.03.2024,"4,7618","6,5791","1,3816","0,4236"
Cupressaceae,2025-Gamma-3,Luzern,"0,93","1,5366",15.02.2024,08.03.2024,"4,691","6,4881","1,3831","0,423"
Cupressaceae,2025-Gamma-3,Luzern,"0,94","1,5506",15.02.2024,08.03.2024,"4,6043","6,3871","1,3872","0,4227"
Cupressaceae,2025-Gamma-3,Luzern,"0,95","1,5772",15.02.2024,08.03.2024,"4,5004","6,2768","1,3947","0,4245"
Cupressaceae,2025-Gamma-3,Luzern,"0,96","1,6002",15.02.2024,08.03.2024,"4,3765","6,1448","1,404","0,4222"
Cupressaceae,2025-Gamma-3,Luzern,"0,97","1,6195",15.02.2024,08.03.2024,"4,2248","5,972","1,4136","0,4176"
Cupressaceae,2025-Gamma-3,Luzern,"0,98","1,6609",15.02.2024,08.03.2024,"4,0179","5,7289","1,4258","0,4184"
Cupressaceae,2025-Gamma-3,Luzern,"0,99","1,7395",15.02.2024,08.03.2024,"3,6964","5,3461","1,4463","0,4124"
Cupressaceae,2025-Gamma-3,Luzern,"0,999","1,9338",15.02.2024,08.03.2024,"2,7569","4,2141","1,5285","0,4125"
Cupressaceae,2025-Gamma-3,Luzern,"0,9999","2,1958",15.02.2024,08.03.2024,"2,0661","3,2449","1,5706","0,4101"
Cupressaceae,2025-Gamma-3,Luzern,1,"2,4325",15.02.2024,08.03.2024,"1,5302","2,4613","1,6085","0,4079"
Cupressaceae,2025-Gamma-3,Luzern,1,"2,8",15.02.2024,08.03.2024,"1,092","1,7997","1,6481","0,3952"
Cupressaceae,2025-Gamma-3,Luzern,1,"3,1753",15.02.2024,08.03.2024,"0,8546","1,3879","1,624","0,3932"
Fagus,2025-Gamma-3,Luzern,0,"1,3758",06.04.2024,16.05.2024,"4,8155","0,9206","0,1912","0,3621"
Fagus,2025-Gamma-3,Luzern,"0,2","1,3758",06.04.2024,16.05.2024,"4,8155","0,9206","0,1912","0,3621"
Fagus,2025-Gamma-3,Luzern,"0,4","1,3948",06.04.2024,16.05.2024,"4,7638","0,9049","0,1899","0,3648"
Fagus,2025-Gamma-3,Luzern,"0,6","1,6358",06.04.2024,16.05.2024,"4,2188","0,764","0,1811","0,3854"
Fagus,2025-Gamma-3,Luzern,"0,75","1,9705",06.04.2024,16.05.2024,"3,6348","0,6196","0,1705","0,3976"
Fagus,2025-Gamma-3,Luzern,"0,8","2,1517",06.04.2024,16.05.2024,"3,401","0,569","0,1673","0,4049"
Fagus,2025-Gamma-3,Luzern,"0,85","2,3708",06.04.2024,16.05.2024,"3,1515","0,5126","0,1627","0,4181"
Fagus,2025-Gamma-3,Luzern,"0,9","2,7126",06.04.2024,16.05.2024,"2,8453","0,4453","0,1565","0,4299"
Fagus,2025-Gamma-3,Luzern,"0,91","2,8014",06.04.2024,16.05.2024,"2,775","0,4306","0,1552","0,4317"
Fagus,2025-Gamma-3,Luzern,"0,92","2,914",06.04.2024,16.05.2024,"2,6932","0,4136","0,1536","0,4365"
Fagus,2025-Gamma-3,Luzern,"0,93","3,0569",06.04.2024,16.05.2024,"2,5903","0,3955","0,1527","0,4351"
Fagus,2025-Gamma-3,Luzern,"0,94","3,2227",06.04.2024,16.05.2024,"2,4917","0,3744","0,1503","0,4403"
Fagus,2025-Gamma-3,Luzern,"0,95","3,3822",06.04.2024,16.05.2024,"2,3926","0,3508","0,1466","0,4449"
Fagus,2025-Gamma-3,Luzern,"0,96","3,5676",06.04.2024,16.05.2024,"2,2854","0,322","0,1409","0,455"
Fagus,2025-Gamma-3,Luzern,"0,97","3,8434",06.04.2024,16.05.2024,"2,1546","0,293","0,136","0,4637"
Fagus,2025-Gamma-3,Luzern,"0,98","4,3057",06.04.2024,16.05.2024,"1,967","0,2596","0,132","0,4747"
Fagus,2025-Gamma-3,Luzern,"0,99","5,1801",06.04.2024,16.05.2024,"1,6901","0,2019","0,1195","0,4909"
Fagus,2025-Gamma-3,Luzern,"0,999","8,5776",06.04.2024,16.05.2024,"1,082","0,0914","0,0845","0,5568"
Fagus,2025-Gamma-3,Luzern,"0,9999","11,9442",06.04.2024,16.05.2024,"0,7881","0,0464","0,0588","0,6302"
Fagus,2025-Gamma-3,Luzern,1,"15,1003",06.04.2024,16.05.2024,"0,6178","0,026","0,0422","0,6732"
Fagus,2025-Gamma-3,Luzern,1,"18,464",06.04.2024,16.05.2024,"0,5086","0,0126","0,0248","0,7281"
Fagus,2025-Gamma-3,Luzern,1,"21,5009",06.04.2024,16.05.2024,"0,44","0,0082","0,0186","0,762"
Fraxinus,2025-Gamma-3,Luzern,0,"0,9737",22.03.2024,12.04.2024,"76,9365","12,3623","0,1607","0,4464"
Fraxinus,2025-Gamma-3,Luzern,"0,2","0,9737",22.03.2024,12.04.2024,"76,9365","12,3623","0,1607","0,4464"
Fraxinus,2025-Gamma-3,Luzern,"0,4","0,9756",22.03.2024,12.04.2024,"76,7874","12,3204","0,1604","0,4465"
Fraxinus,2025-Gamma-3,Luzern,"0,6","1,0105",22.03.2024,12.04.2024,"74,1769","11,5065","0,1551","0,4493"
Fraxinus,2025-Gamma-3,Luzern,"0,75","1,0591",22.03.2024,12.04.2024,"70,7953","10,5225","0,1486","0,4545"
Fraxinus,2025-Gamma-3,Luzern,"0,8","1,0794",22.03.2024,12.04.2024,"69,4446","10,1192","0,1457","0,4558"
Fraxinus,2025-Gamma-3,Luzern,"0,85","1,1052",22.03.2024,12.04.2024,"67,8197","9,6432","0,1422","0,4553"
Fraxinus,2025-Gamma-3,Luzern,"0,9","1,1396",22.03.2024,12.04.2024,"65,7348","9,0485","0,1377","0,4591"
Fraxinus,2025-Gamma-3,Luzern,"0,91","1,1483",22.03.2024,12.04.2024,"65,229","8,9033","0,1365","0,4596"
Fraxinus,2025-Gamma-3,Luzern,"0,92","1,1582",22.03.2024,12.04.2024,"64,6757","8,7457","0,1352","0,4599"
Fraxinus,2025-Gamma-3,Luzern,"0,93","1,1695",22.03.2024,12.04.2024,"64,0475","8,5619","0,1337","0,4625"
Fraxinus,2025-Gamma-3,Luzern,"0,94","1,1817",22.03.2024,12.04.2024,"63,361","8,369","0,1321","0,4644"
Fraxinus,2025-Gamma-3,Luzern,"0,95","1,1981",22.03.2024,12.04.2024,"62,5315","8,1424","0,1302","0,4644"
Fraxinus,2025-Gamma-3,Luzern,"0,96","1,2161",22.03.2024,12.04.2024,"61,5963","7,8814","0,128","0,4646"
Fraxinus,2025-Gamma-3,Luzern,"0,97","1,2407",22.03.2024,12.04.2024,"60,3518","7,5306","0,1248","0,4674"
Fraxinus,2025-Gamma-3,Luzern,"0,98","1,2741",22.03.2024,12.04.2024,"58,7488","7,0708","0,1204","0,4715"
Fraxinus,2025-Gamma-3,Luzern,"0,99","1,3349",22.03.2024,12.04.2024,"56,034","6,3599","0,1135","0,4792"
Fraxinus,2025-Gamma-3,Luzern,"0,999","1,5453",22.03.2024,12.04.2024,"48,2368","4,4206","0,0916","0,4925"
Fraxinus,2025-Gamma-3,Luzern,"0,9999","1,7804",22.03.2024,12.04.2024,"41,9149","3,0502","0,0728","0,5044"
Fraxinus,2025-Gamma-3,Luzern,1,"2,0303",22.03.2024,12.04.2024,"36,8635","2,1144","0,0574","0,5199"
Fraxinus,2025-Gamma-3,Luzern,1,"2,3046",22.03.2024,12.04.2024,"32,68","1,4874","0,0455","0,5284"
Fraxinus,2025-Gamma-3,Luzern,1,"2,5412",22.03.2024,12.04.2024,"29,8783","1,1529","0,0386","0,5338"
Pinaceae,2025-Gamma-3,Luzern,0,"5,3764",06.04.2024,22.04.2024,"11,1563","2,5091","0,2249","0,7122"
Pinaceae,2025-Gamma-3,Luzern,"0,2","5,3764",06.04.2024,22.04.2024,"11,1563","2,5091","0,2249","0,7122"
Pinaceae,2025-Gamma-3,Luzern,"0,4","5,3795",06.04.2024,22.04.2024,"11,142","2,5037","0,2247","0,7145"
Pinaceae,2025-Gamma-3,Luzern,"0,6","5,4117",06.04.2024,22.04.2024,"11,0338","2,4433","0,2214","0,7205"
Pinaceae,2025-Gamma-3,Luzern,"0,75","5,4541",06.04.2024,22.04.2024,"10,9071","2,3648","0,2168","0,7333"
Pinaceae,2025-Gamma-3,Luzern,"0,8","5,4669",06.04.2024,22.04.2024,"10,8755","2,3377","0,215","0,7374"
Pinaceae,2025-Gamma-3,Luzern,"0,85","5,4786",06.04.2024,22.04.2024,"10,8285","2,3017","0,2126","0,7422"
Pinaceae,2025-Gamma-3,Luzern,"0,9","5,4971",06.04.2024,22.04.2024,"10,7795","2,264","0,21","0,7445"
Pinaceae,2025-Gamma-3,Luzern,"0,91","5,5001",06.04.2024,22.04.2024,"10,7703","2,2552","0,2094","0,7454"
Pinaceae,2025-Gamma-3,Luzern,"0,92","5,5068",06.04.2024,22.04.2024,"10,7529","2,2426","0,2086","0,7452"
Pinaceae,2025-Gamma-3,Luzern,"0,93","5,51",06.04.2024,22.04.2024,"10,7427","2,2301","0,2076","0,7463"
Pinaceae,2025-Gamma-3,Luzern,"0,94","5,5166",06.04.2024,22.04.2024,"10,7253","2,2179","0,2068","0,7479"
Pinaceae,2025-Gamma-3,Luzern,"0,95","5,5249",06.04.2024,22.04.2024,"10,7059","2,2033","0,2058","0,7487"
Pinaceae,2025-Gamma-3,Luzern,"0,96","5,532",06.04.2024,22.04.2024,"10,6804","2,1842","0,2045","0,7468"
Pinaceae,2025-Gamma-3,Luzern,"0,97","5,5394",06.04.2024,22.04.2024,"10,6559","2,1608","0,2028","0,7482"
Pinaceae,2025-Gamma-3,Luzern,"0,98","5,5432",06.04.2024,22.04.2024,"10,6396","2,1304","0,2002","0,7535"
Pinaceae,2025-Gamma-3,Luzern,"0,99","5,5538",06.04.2024,22.04.2024,"10,6059","2,0851","0,1966","0,75"
Pinaceae,2025-Gamma-3,Luzern,"0,999","5,5769",06.04.2024,22.04.2024,"10,5415","1,9344","0,1835","0,7616"
Pinaceae,2025-Gamma-3,Luzern,"0,9999","5,5903",06.04.2024,22.04.2024,"10,4976","1,7967","0,1711","0,7681"
Pinaceae,2025-Gamma-3,Luzern,1,"5,6072",06.04.2024,22.04.2024,"10,4537","1,6628","0,1591","0,772"
Pinaceae,2025-Gamma-3,Luzern,1,"5,6214",06.04.2024,22.04.2024,"10,4149","1,5126","0,1452","0,7805"
Pinaceae,2025-Gamma-3,Luzern,1,"5,6306",06.04.2024,22.04.2024,"10,3924","1,4015","0,1349","0,7847"
Platanus,2025-Gamma-3,Luzern,0,"7,9511",06.04.2024,18.04.2024,"4,2094","0,0738","0,0175","0,473"
Platanus,2025-Gamma-3,Luzern,"0,2","7,9511",06.04.2024,18.04.2024,"4,2094","0,0738","0,0175","0,473"
Platanus,2025-Gamma-3,Luzern,"0,4","7,9859",06.04.2024,18.04.2024,"4,1947","0,0728","0,0174","0,4737"
Platanus,2025-Gamma-3,Luzern,"0,6","8,4227",06.04.2024,18.04.2024,"3,9757","0,0639","0,0161","0,4694"
Platanus,2025-Gamma-3,Luzern,"0,75","9,039",06.04.2024,18.04.2024,"3,6685","0,0548","0,0149","0,468"
Platanus,2025-Gamma-3,Luzern,"0,8","9,3167",06.04.2024,18.04.2024,"3,5617","0,0512","0,0144","0,4744"
Platanus,2025-Gamma-3,Luzern,"0,85","9,6855",06.04.2024,18.04.2024,"3,4242","0,047","0,0137","0,4745"
Platanus,2025-Gamma-3,Luzern,"0,9","10,1787",06.04.2024,18.04.2024,"3,2532","0,0441","0,0135","0,4805"
Platanus,2025-Gamma-3,Luzern,"0,91","10,3269",06.04.2024,18.04.2024,"3,2011","0,043","0,0134","0,4784"
Platanus,2025-Gamma-3,Luzern,"0,92","10,4534",06.04.2024,18.04.2024,"3,1557","0,0417","0,0132","0,4836"
Platanus,2025-Gamma-3,Luzern,"0,93","10,6161",06.04.2024,18.04.2024,"3,1076","0,0408","0,0131","0,4856"
Platanus,2025-Gamma-3,Luzern,"0,94","10,8126",06.04.2024,18.04.2024,"3,0556","0,0398","0,013","0,4856"
Platanus,2025-Gamma-3,Luzern,"0,95","10,9972",06.04.2024,18.04.2024,"2,9941","0,0382","0,0128","0,4892"
Platanus,2025-Gamma-3,Luzern,"0,96","11,2752",06.04.2024,18.04.2024,"2,918","0,0368","0,0126","0,4944"
Platanus,2025-Gamma-3,Luzern,"0,97","11,6189",06.04.2024,18.04.2024,"2,8232","0,0351","0,0124","0,4995"
Platanus,2025-Gamma-3,Luzern,"0,98","12,1573",06.04.2024,18.04.2024,"2,6923","0,0315","0,0117","0,5089"
Platanus,2025-Gamma-3,Luzern,"0,99","13,2289",06.04.2024,18.04.2024,"2,48","0,028","0,0113","0,5234"
Platanus,2025-Gamma-3,Luzern,"0,999","17,6175",06.04.2024,18.04.2024,"1,8376","0,018","0,0098","0,5564"
Platanus,2025-Gamma-3,Luzern,"0,9999","23,5527",06.04.2024,18.04.2024,"1,3462","0,012","0,009","0,5986"
Platanus,2025-Gamma-3,Luzern,1,"34,1456",06.04.2024,18.04.2024,"0,9014","0,0073","0,008","0,6519"
Platanus,2025-Gamma-3,Luzern,1,"52,4918",06.04.2024,18.04.2024,"0,5622","0,0044","0,0078","0,6189"
Platanus,2025-Gamma-3,Luzern,1,"77,2377",06.04.2024,18.04.2024,"0,3713","0,0026","0,007","0,6655"
Poaceae,2025-Gamma-3,Luzern,0,"5,6868",05.04.2024,10.06.2024,"11,8752","4,3408","0,3655","0,5207"
Poaceae,2025-Gamma-3,Luzern,"0,2","5,6868",05.04.2024,10.06.2024,"11,8752","4,3408","0,3655","0,5207"
Poaceae,2025-Gamma-3,Luzern,"0,4","5,6925",05.04.2024,10.06.2024,"11,8633","4,3339","0,3653","0,5208"
Poaceae,2025-Gamma-3,Luzern,"0,6","5,826",05.04.2024,10.06.2024,"11,6118","4,1702","0,3591","0,5251"
Poaceae,2025-Gamma-3,Luzern,"0,75","6,0114",05.04.2024,10.06.2024,"11,2585","3,9761","0,3532","0,5282"
Poaceae,2025-Gamma-3,Luzern,"0,8","6,0868",05.04.2024,10.06.2024,"11,1185","3,8888","0,3498","0,5305"
Poaceae,2025-Gamma-3,Luzern,"0,85","6,1806",05.04.2024,10.06.2024,"10,9503","3,7948","0,3465","0,5309"
Poaceae,2025-Gamma-3,Luzern,"0,9","6,2954",05.04.2024,10.06.2024,"10,7502","3,6667","0,3411","0,5349"
Poaceae,2025-Gamma-3,Luzern,"0,91","6,3306",05.04.2024,10.06.2024,"10,6911","3,6375","0,3402","0,5349"
Poaceae,2025-Gamma-3,Luzern,"0,92","6,3643",05.04.2024,10.06.2024,"10,6369","3,6006","0,3385","0,5355"
Poaceae,2025-Gamma-3,Luzern,"0,93","6,4066",05.04.2024,10.06.2024,"10,5605","3,5722","0,3383","0,5371"
Poaceae,2025-Gamma-3,Luzern,"0,94","6,454",05.04.2024,10.06.2024,"10,4817","3,5264","0,3364","0,5379"
Poaceae,2025-Gamma-3,Luzern,"0,95","6,5076",05.04.2024,10.06.2024,"10,3957","3,4739","0,3342","0,5399"
Poaceae,2025-Gamma-3,Luzern,"0,96","6,5754",05.04.2024,10.06.2024,"10,2858","3,4144","0,332","0,5413"
Poaceae,2025-Gamma-3,Luzern,"0,97","6,666",05.04.2024,10.06.2024,"10,1396","3,3406","0,3295","0,5439"
Poaceae,2025-Gamma-3,Luzern,"0,98","6,7805",05.04.2024,10.06.2024,"9,9548","3,2334","0,3248","0,5468"
Poaceae,2025-Gamma-3,Luzern,"0,99","6,971",05.04.2024,10.06.2024,"9,6635","3,0623","0,3169","0,5517"
Poaceae,2025-Gamma-3,Luzern,"0,999","7,7031",05.04.2024,10.06.2024,"8,6942","2,5663","0,2952","0,5672"
Poaceae,2025-Gamma-3,Luzern,"0,9999","8,5295",05.04.2024,10.06.2024,"7,7968","2,1005","0,2694","0,5801"
Poaceae,2025-Gamma-3,Luzern,1,"9,6156",05.04.2024,10.06.2024,"6,8451","1,6569","0,2421","0,5944"
Poaceae,2025-Gamma-3,Luzern,1,"11,0123",05.04.2024,10.06.2024,"5,9008","1,2651","0,2144","0,6067"
Poaceae,2025-Gamma-3,Luzern,1,"12,3144",05.04.2024,10.06.2024,"5,219","0,9912","0,1899","0,6153"
Quercus,2025-Gamma-3,Luzern,0,"12,2086",07.04.2024,08.05.2024,"7,385","1,1668","0,158","0,252"
Quercus,2025-Gamma-3,Luzern,"0,2","12,2086",07.04.2024,08.05.2024,"7,385","1,1668","0,158","0,252"
Quercus,2025-Gamma-3,Luzern,"0,4","12,2937",07.04.2024,08.05.2024,"7,3313","1,1559","0,1577","0,2527"
Quercus,2025-Gamma-3,Luzern,"0,6","13,147",07.04.2024,08.05.2024,"6,844","1,0383","0,1517","0,2566"
Quercus,2025-Gamma-3,Luzern,"0,75","14,2283",07.04.2024,08.05.2024,"6,2966","0,9205","0,1462","0,2543"
Quercus,2025-Gamma-3,Luzern,"0,8","14,6965",07.04.2024,08.05.2024,"6,0876","0,8778","0,1442","0,2569"
Quercus,2025-Gamma-3,Luzern,"0,85","15,2845",07.04.2024,08.05.2024,"5,8533","0,8279","0,1414","0,2595"
Quercus,2025-Gamma-3,Luzern,"0,9","16,1881",07.04.2024,08.05.2024,"5,5109","0,7625","0,1384","0,261"
Quercus,2025-Gamma-3,Luzern,"0,91","16,4169",07.04.2024,08.05.2024,"5,4257","0,7471","0,1377","0,2594"
Quercus,2025-Gamma-3,Luzern,"0,92","16,7189",07.04.2024,08.05.2024,"5,3226","0,7299","0,1371","0,2584"
Quercus,2025-Gamma-3,Luzern,"0,93","17,0102",07.04.2024,08.05.2024,"5,2326","0,7104","0,1358","0,2614"
Quercus,2025-Gamma-3,Luzern,"0,94","17,3822",07.04.2024,08.05.2024,"5,1116","0,6895","0,1349","0,2607"
Quercus,2025-Gamma-3,Luzern,"0,95","17,7706",07.04.2024,08.05.2024,"4,9948","0,6655","0,1332","0,2594"
Quercus,2025-Gamma-3,Luzern,"0,96","18,3166",07.04.2024,08.05.2024,"4,8462","0,6352","0,1311","0,2634"
Quercus,2025-Gamma-3,Luzern,"0,97","19,0188",07.04.2024,08.05.2024,"4,6525","0,6027","0,1295","0,2652"
Quercus,2025-Gamma-3,Luzern,"0,98","20,0636",07.04.2024,08.05.2024,"4,393","0,5613","0,1278","0,2691"
Quercus,2025-Gamma-3,Luzern,"0,99","21,9491",07.04.2024,08.05.2024,"4,0051","0,5012","0,1251","0,2693"
Quercus,2025-Gamma-3,Luzern,"0,999","29,8786",07.04.2024,08.05.2024,"2,9086","0,3386","0,1164","0,2637"
Quercus,2025-Gamma-3,Luzern,"0,9999","41,4703",07.04.2024,08.05.2024,"2,0687","0,2273","0,1099","0,2709"
Quercus,2025-Gamma-3,Luzern,1,"60,2012",07.04.2024,08.05.2024,"1,4274","0,1428","0,1001","0,2984"
Quercus,2025-Gamma-3,Luzern,1,"91,9027",07.04.2024,08.05.2024,"0,9332","0,0855","0,0916","0,2964"
Quercus,2025-Gamma-3,Luzern,1,"131,51",07.04.2024,08.05.2024,"0,6516","0,054","0,0829","0,3125"
Taxus,2025-Gamma-3,Luzern,0,"5,2494",10.02.2024,13.03.2024,"45,1886","1,4102","0,0312","0,5748"
Taxus,2025-Gamma-3,Luzern,"0,2","5,2494",10.02.2024,13.03.2024,"45,1886","1,4102","0,0312","0,5748"
Taxus,2025-Gamma-3,Luzern,"0,4","5,2563",10.02.2024,13.03.2024,"45,1268","1,3968","0,031","0,5736"
Taxus,2025-Gamma-3,Luzern,"0,6","5,4725",10.02.2024,13.03.2024,"43,2411","1,2588","0,0291","0,5755"
Taxus,2025-Gamma-3,Luzern,"0,75","5,8146",10.02.2024,13.03.2024,"40,5996","1,0987","0,0271","0,5762"
Taxus,2025-Gamma-3,Luzern,"0,8","5,9667",10.02.2024,13.03.2024,"39,5451","1,043","0,0264","0,5729"
Taxus,2025-Gamma-3,Luzern,"0,85","6,1585",10.02.2024,13.03.2024,"38,2146","0,9759","0,0255","0,5693"
Taxus,2025-Gamma-3,Luzern,"0,9","6,4286",10.02.2024,13.03.2024,"36,4913","0,8948","0,0245","0,5717"
Taxus,2025-Gamma-3,Luzern,"0,91","6,5011",10.02.2024,13.03.2024,"36,0566","0,8776","0,0243","0,5722"
Taxus,2025-Gamma-3,Luzern,"0,92","6,5848",10.02.2024,13.03.2024,"35,5683","0,8552","0,024","0,5732"
Taxus,2025-Gamma-3,Luzern,"0,93","6,6839",10.02.2024,13.03.2024,"35,0376","0,8345","0,0238","0,5739"
Taxus,2025-Gamma-3,Luzern,"0,94","6,8018",10.02.2024,13.03.2024,"34,4246","0,8097","0,0235","0,5715"
Taxus,2025-Gamma-3,Luzern,"0,95","6,9288",10.02.2024,13.03.2024,"33,7506","0,7782","0,0231","0,5712"
Taxus,2025-Gamma-3,Luzern,"0,96","7,094",10.02.2024,13.03.2024,"32,9335","0,7466","0,0227","0,57"
Taxus,2025-Gamma-3,Luzern,"0,97","7,3307",10.02.2024,13.03.2024,"31,8523","0,7023","0,022","0,5671"
Taxus,2025-Gamma-3,Luzern,"0,98","7,6795",10.02.2024,13.03.2024,"30,3817","0,6461","0,0213","0,5702"
Taxus,2025-Gamma-3,Luzern,"0,99","8,3099",10.02.2024,13.03.2024,"27,9908","0,5664","0,0202","0,5777"
Taxus,2025-Gamma-3,Luzern,"0,999","11,1886",10.02.2024,13.03.2024,"20,5878","0,3545","0,0172","0,587"
Taxus,2025-Gamma-3,Luzern,"0,9999","15,8032",10.02.2024,13.03.2024,"14,3811","0,2201","0,0153","0,6068"
Taxus,2025-Gamma-3,Luzern,1,"23,8048",10.02.2024,13.03.2024,"9,4128","0,1298","0,0138","0,6068"
Taxus,2025-Gamma-3,Luzern,1,"39,2445",10.02.2024,13.03.2024,"5,638","0,0697","0,0124","0,6383"
Taxus,2025-Gamma-3,Luzern,1,"63,5887",10.02.2024,13.03.2024,"3,4886","0,0417","0,012","0,6303"
