S.No.,Video-Name,Task,Name/Id in source dataset,Source-Dataset,Manipulation,text,clean_text,Cluster
62,0061.mp4,Remove the man on the left side (00:00 - 00:05),https://vimeo.com/133674125,Vimeo,Removing an entity/Removing a subject,0061.mp4 Remove the man on the left side (00:00 - 00:05) https://vimeo.com/133674125 Vimeo Removing an entity/Removing a subject,mp remove the man on the left side https vimeo com vimeo removing an entity removing a subject,1
63,0062.mp4,Duplicate random frames in between to make it into a 10 second video (00:10 - 00:16),https://vimeo.com/133674125,Vimeo,Frame duplication/Reversed Frames/Frame dropping/Speeding up/Slowing down,0062.mp4 Duplicate random frames in between to make it into a 10 second video (00:10 - 00:16) https://vimeo.com/133674125 Vimeo Frame duplication/Reversed Frames/Frame dropping/Speeding up/Slowing down,mp duplicate random frames in between to make it into a second video https vimeo com vimeo frame duplication reversed frames frame dropping speeding up slowing down,2
64,0063.mp4,Remove the dog and the leash (01:07 - 01:11),https://vimeo.com/133674125,Vimeo,Removing an entity/Removing a subject,0063.mp4 Remove the dog and the leash (01:07 - 01:11) https://vimeo.com/133674125 Vimeo Removing an entity/Removing a subject,mp remove the dog and the leash https vimeo com vimeo removing an entity removing a subject,1
65,0064.mp4,Cut short to 2 seconds by speeding up the video. (01:34 - 01:40),https://vimeo.com/35514848,Vimeo,Frame duplication/Reversed Frames/Frame dropping/Speeding up/Slowing down,0064.mp4 Cut short to 2 seconds by speeding up the video. (01:34 - 01:40) https://vimeo.com/35514848 Vimeo Frame duplication/Reversed Frames/Frame dropping/Speeding up/Slowing down,mp cut short to seconds by speeding up the video https vimeo com vimeo frame duplication reversed frames frame dropping speeding up slowing down,2
66,0065.mp4,Duplicate frames and make the video 10 seconds long (00:35 - 00:38),https://vimeo.com/35514848,Vimeo,Frame duplication/Reversed Frames/Frame dropping/Speeding up/Slowing down,0065.mp4 Duplicate frames and make the video 10 seconds long (00:35 - 00:38) https://vimeo.com/35514848 Vimeo Frame duplication/Reversed Frames/Frame dropping/Speeding up/Slowing down,mp duplicate frames and make the video seconds long https vimeo com vimeo frame duplication reversed frames frame dropping speeding up slowing down,2
67,0066.mp4,Remove the guy standing on the left (blue shirt)  (03:41 - 03:51),https://vimeo.com/212816789,Vimeo,Removing an entity/Removing a subject,0066.mp4 Remove the guy standing on the left (blue shirt)  (03:41 - 03:51) https://vimeo.com/212816789 Vimeo Removing an entity/Removing a subject,mp remove the guy standing on the left blue shirt https vimeo com vimeo removing an entity removing a subject,1
68,0067.mp4,Remove the two people standing in the corner (01:24 - 01:34),https://vimeo.com/82837911,Vimeo,Removing an entity/Removing a subject,0067.mp4 Remove the two people standing in the corner (01:24 - 01:34) https://vimeo.com/82837911 Vimeo Removing an entity/Removing a subject,mp remove the two people standing in the corner https vimeo com vimeo removing an entity removing a subject,1
69,0068.mp4,Remove the groom from the video (01:46 - 01:54),https://vimeo.com/82837911,Vimeo,Removing an entity/Removing a subject,0068.mp4 Remove the groom from the video (01:46 - 01:54) https://vimeo.com/82837911 Vimeo Removing an entity/Removing a subject,mp remove the groom from the video https vimeo com vimeo removing an entity removing a subject,1
70,0069.mp4,Duplicate frames to make it seem like the rider is going very slow (00:06 - 00:10),https://vimeo.com/68534760,Vimeo,Frame duplication/Reversed Frames/Frame dropping/Speeding up/Slowing down,0069.mp4 Duplicate frames to make it seem like the rider is going very slow (00:06 - 00:10) https://vimeo.com/68534760 Vimeo Frame duplication/Reversed Frames/Frame dropping/Speeding up/Slowing down,mp duplicate frames to make it seem like the rider is going very slow https vimeo com vimeo frame duplication reversed frames frame dropping speeding up slowing down,2
71,0070.mp4,Remove the guy in green shirt (01:30 - 01:40),https://vimeo.com/67455448,Vimeo,Removing an entity/Removing a subject,0070.mp4 Remove the guy in green shirt (01:30 - 01:40) https://vimeo.com/67455448 Vimeo Removing an entity/Removing a subject,mp remove the guy in green shirt https vimeo com vimeo removing an entity removing a subject,1
72,0071.mp4,"Around 0:42, there is a person is a black coat who passes the last turnstile, can you cut this person out, and make them cross the turnstile at a different time and different turnstile in the the video",https://vimeo.com/10335217,Vimeo,Adding an entity/ Adding a subject,"0071.mp4 Around 0:42, there is a person is a black coat who passes the last turnstile, can you cut this person out, and make them cross the turnstile at a different time and different turnstile in the the video https://vimeo.com/10335217 Vimeo Adding an entity/ Adding a subject",mp around there is a person is a black coat who passes the last turnstile can you cut this person out and make them cross the turnstile at a different time and different turnstile in the the video https vimeo com vimeo adding an entity adding a subject,1
73,0072.mp4,Insert the person working out in aux9.mp4 into this video 2:49 (remove audio from both videos),https://vimeo.com/343046827 & https://vimeo.com/589427217,Vimeo,Adding an entity/ Adding a subject,0072.mp4 Insert the person working out in aux9.mp4 into this video 2:49 (remove audio from both videos) https://vimeo.com/343046827 & https://vimeo.com/589427217 Vimeo Adding an entity/ Adding a subject,mp insert the person working out in aux mp into this video remove audio from both videos https vimeo com https vimeo com vimeo adding an entity adding a subject,1
74,0073.mp4,Person at 1:53 in (aux10.mp4)https://vimeo.com/13991708  inserted into https://vimeo.com/67468221,https://vimeo.com/13991708 & https://vimeo.com/67468221,Vimeo,Adding an entity/ Adding a subject,0073.mp4 Person at 1:53 in (aux10.mp4)https://vimeo.com/13991708  inserted into https://vimeo.com/67468221 https://vimeo.com/13991708 & https://vimeo.com/67468221 Vimeo Adding an entity/ Adding a subject,mp person at in aux mp https vimeo com inserted into https vimeo com https vimeo com https vimeo com vimeo adding an entity adding a subject,1
75,0074.mp4,Add a stationary car at 1:00 to 1:06,https://vimeo.com/58011206,Vimeo,Adding an entity/ Adding a subject,0074.mp4 Add a stationary car at 1:00 to 1:06 https://vimeo.com/58011206 Vimeo Adding an entity/ Adding a subject,mp add a stationary car at to https vimeo com vimeo adding an entity adding a subject,1
76,0075.mp4,From 2:33 to 2:43 repeat some of the frame in reverse so that it appears that the man is winding and unwinding the spool of rope. ,https://vimeo.com/58011206,Vimeo,Frame duplication/Reversed Frames/Frame dropping/Speeding up/Slowing down,0075.mp4 From 2:33 to 2:43 repeat some of the frame in reverse so that it appears that the man is winding and unwinding the spool of rope.  https://vimeo.com/58011206 Vimeo Frame duplication/Reversed Frames/Frame dropping/Speeding up/Slowing down,mp from to repeat some of the frame in reverse so that it appears that the man is winding and unwinding the spool of rope https vimeo com vimeo frame duplication reversed frames frame dropping speeding up slowing down,2
77,0076.mp4,Remove the woman walking in the background from 0:15 to 0:21,https://vimeo.com/591113015,Vimeo,Removing an entity/Removing a subject,0076.mp4 Remove the woman walking in the background from 0:15 to 0:21 https://vimeo.com/591113015 Vimeo Removing an entity/Removing a subject,mp remove the woman walking in the background from to https vimeo com vimeo removing an entity removing a subject,1
78,0077.mp4,Take the person working out (aux11.mp4) and insert him to the left of the man talking. ,https://vimeo.com/591153582 & https://vimeo.com/591133552,Vimeo,Adding an entity/ Adding a subject,0077.mp4 Take the person working out (aux11.mp4) and insert him to the left of the man talking.  https://vimeo.com/591153582 & https://vimeo.com/591133552 Vimeo Adding an entity/ Adding a subject,mp take the person working out aux mp and insert him to the left of the man talking https vimeo com https vimeo com vimeo adding an entity adding a subject,1
79,0078.mp4,"Repeat frames like he is taking the first bite again, after he takes the second bite. ",https://vimeo.com/591115642,Vimeo,Frame duplication/Reversed Frames/Frame dropping/Speeding up/Slowing down,"0078.mp4 Repeat frames like he is taking the first bite again, after he takes the second bite.  https://vimeo.com/591115642 Vimeo Frame duplication/Reversed Frames/Frame dropping/Speeding up/Slowing down",mp repeat frames like he is taking the first bite again after he takes the second bite https vimeo com vimeo frame duplication reversed frames frame dropping speeding up slowing down,2
80,0079.mp4,Replace the cell phone that the person is holding between 0:02 to 0:10 with a gun. ,https://vimeo.com/591073888,Vimeo,Adding an entity/ Adding a subject,0079.mp4 Replace the cell phone that the person is holding between 0:02 to 0:10 with a gun.  https://vimeo.com/591073888 Vimeo Adding an entity/ Adding a subject,mp replace the cell phone that the person is holding between to with a gun https vimeo com vimeo adding an entity adding a subject,1
81,0080.mp4,Speed up the video to make it appear faster than it is. ,https://vimeo.com/590309797,Vimeo,Frame duplication/Reversed Frames/Frame dropping/Speeding up/Slowing down,0080.mp4 Speed up the video to make it appear faster than it is.  https://vimeo.com/590309797 Vimeo Frame duplication/Reversed Frames/Frame dropping/Speeding up/Slowing down,mp speed up the video to make it appear faster than it is https vimeo com vimeo frame duplication reversed frames frame dropping speeding up slowing down,2
82,0081.mp4,Remove the skareboarer in black from the foreground. ,https://vimeo.com/589953741,Vimeo,Removing an entity/Removing a subject,0081.mp4 Remove the skareboarer in black from the foreground.  https://vimeo.com/589953741 Vimeo Removing an entity/Removing a subject,mp remove the skareboarer in black from the foreground https vimeo com vimeo removing an entity removing a subject,1
83,0082.mp4,Remove the person on the left who is speaking on the left in the first 10 seconds,https://vimeo.com/589870843,Vimeo,Removing an entity/Removing a subject,0082.mp4 Remove the person on the left who is speaking on the left in the first 10 seconds https://vimeo.com/589870843 Vimeo Removing an entity/Removing a subject,mp remove the person on the left who is speaking on the left in the first seconds https vimeo com vimeo removing an entity removing a subject,1
84,0083.mp4,"For the first 8 seconds, make it appear like the car reverses and then moves forward and leaves. ",https://vimeo.com/106624614,Vimeo,Frame duplication/Reversed Frames/Frame dropping/Speeding up/Slowing down,"0083.mp4 For the first 8 seconds, make it appear like the car reverses and then moves forward and leaves.  https://vimeo.com/106624614 Vimeo Frame duplication/Reversed Frames/Frame dropping/Speeding up/Slowing down",mp for the first seconds make it appear like the car reverses and then moves forward and leaves https vimeo com vimeo frame duplication reversed frames frame dropping speeding up slowing down,2
85,0084.mp4,"Remove audio, for 10 to 20 seconds, remove the dancer. ",https://vimeo.com/310975663,Vimeo,Removing an entity/Removing a subject,"0084.mp4 Remove audio, for 10 to 20 seconds, remove the dancer.  https://vimeo.com/310975663 Vimeo Removing an entity/Removing a subject",mp remove audio for to seconds remove the dancer https vimeo com vimeo removing an entity removing a subject,1
86,0085.mp4,Drop frames to make it a shorter video,https://vimeo.com/83420559,Vimeo,Frame duplication/Reversed Frames/Frame dropping/Speeding up/Slowing down,0085.mp4 Drop frames to make it a shorter video https://vimeo.com/83420559 Vimeo Frame duplication/Reversed Frames/Frame dropping/Speeding up/Slowing down,mp drop frames to make it a shorter video https vimeo com vimeo frame duplication reversed frames frame dropping speeding up slowing down,2
87,0086.mp4,"Extract the horse and rider from the first video (aux12.mp4), and put it as the foreground of the second video. ",https://vimeo.com/189051647 & https://vimeo.com/67468221,Vimeo,Adding an entity/ Adding a subject,"0086.mp4 Extract the horse and rider from the first video (aux12.mp4), and put it as the foreground of the second video.  https://vimeo.com/189051647 & https://vimeo.com/67468221 Vimeo Adding an entity/ Adding a subject",mp extract the horse and rider from the first video aux mp and put it as the foreground of the second video https vimeo com https vimeo com vimeo adding an entity adding a subject,1
88,0087.mp4,Remove the man walking from right to left about to shake hand (00:00 - 00:04),https://vimeo.com/242403305,Vimeo,Removing an entity/Removing a subject,0087.mp4 Remove the man walking from right to left about to shake hand (00:00 - 00:04) https://vimeo.com/242403305 Vimeo Removing an entity/Removing a subject,mp remove the man walking from right to left about to shake hand https vimeo com vimeo removing an entity removing a subject,1
89,0088.mp4,Remove the ball between 02:10 - 02:12,https://vimeo.com/88068340,Vimeo,Removing an entity/Removing a subject,0088.mp4 Remove the ball between 02:10 - 02:12 https://vimeo.com/88068340 Vimeo Removing an entity/Removing a subject,mp remove the ball between https vimeo com vimeo removing an entity removing a subject,1
90,0089.mp4,08:26 - 08:36 Remove the guy on the right,https://vimeo.com/218913159,Vimeo,Removing an entity/Removing a subject,0089.mp4 08:26 - 08:36 Remove the guy on the right https://vimeo.com/218913159 Vimeo Removing an entity/Removing a subject,mp remove the guy on the right https vimeo com vimeo removing an entity removing a subject,1
91,0090.mp4,Remove the magician performing tricks in the video (00:31 - 00:38),https://vimeo.com/179666257,Vimeo,Removing an entity/Removing a subject,0090.mp4 Remove the magician performing tricks in the video (00:31 - 00:38) https://vimeo.com/179666257 Vimeo Removing an entity/Removing a subject,mp remove the magician performing tricks in the video https vimeo com vimeo removing an entity removing a subject,1
92,0091.mp4,1. Place the fire dancer (00:41 - 00:43) from aux13.mp4 in the second video on the left side of the stage (10:43 - 10:47),https://vimeo.com/128105112,Vimeo,Adding an entity/ Adding a subject,0091.mp4 1. Place the fire dancer (00:41 - 00:43) from aux13.mp4 in the second video on the left side of the stage (10:43 - 10:47) https://vimeo.com/128105112 Vimeo Adding an entity/ Adding a subject,mp place the fire dancer from aux mp in the second video on the left side of the stage https vimeo com vimeo adding an entity adding a subject,1
93,0092.mp4,00:04 - 00:08 Make the girl walk slower in between and faster in between and make the video 10 seconds long. Duplicate frames to do so. ,https://vimeo.com/29223790,Vimeo,Frame duplication/Reversed Frames/Frame dropping/Speeding up/Slowing down,0092.mp4 00:04 - 00:08 Make the girl walk slower in between and faster in between and make the video 10 seconds long. Duplicate frames to do so.  https://vimeo.com/29223790 Vimeo Frame duplication/Reversed Frames/Frame dropping/Speeding up/Slowing down,mp make the girl walk slower in between and faster in between and make the video seconds long duplicate frames to do so https vimeo com vimeo frame duplication reversed frames frame dropping speeding up slowing down,2
94,0093.mp4,Place aux14.mp4 (either the man or the woman) on the right side of this video.,https://vimeo.com/272992838,Vimeo,Adding an entity/ Adding a subject,0093.mp4 Place aux14.mp4 (either the man or the woman) on the right side of this video. https://vimeo.com/272992838 Vimeo Adding an entity/ Adding a subject,mp place aux mp either the man or the woman on the right side of this video https vimeo com vimeo adding an entity adding a subject,1
95,0094.mp4,Place the man cropped from aux15.mp4 in this video on the side.,https://vimeo.com/288847586,Vimeo,Adding an entity/ Adding a subject,0094.mp4 Place the man cropped from aux15.mp4 in this video on the side. https://vimeo.com/288847586 Vimeo Adding an entity/ Adding a subject,mp place the man cropped from aux mp in this video on the side https vimeo com vimeo adding an entity adding a subject,1
96,0095.mp4,"Extract any 5 seconds in this video, and remove the screen with a white wall. If possible put a flag of any other country. ",https://vimeo.com/39718080,Vimeo,Removing an entity/Removing a subject,"0095.mp4 Extract any 5 seconds in this video, and remove the screen with a white wall. If possible put a flag of any other country.  https://vimeo.com/39718080 Vimeo Removing an entity/Removing a subject",mp extract any seconds in this video and remove the screen with a white wall if possible put a flag of any other country https vimeo com vimeo removing an entity removing a subject,1
97,0096.mp4,Place a ball on his hand when he is moving his hands left and right starting 00:05 seconds. ,https://vimeo.com/63637733,Vimeo,Adding an entity/ Adding a subject,0096.mp4 Place a ball on his hand when he is moving his hands left and right starting 00:05 seconds.  https://vimeo.com/63637733 Vimeo Adding an entity/ Adding a subject,mp place a ball on his hand when he is moving his hands left and right starting seconds https vimeo com vimeo adding an entity adding a subject,1
98,0097.mp4,Change the color of the cabinets behind the man,https://vimeo.com/103525013,Vimeo,Background/Color Change,0097.mp4 Change the color of the cabinets behind the man https://vimeo.com/103525013 Vimeo Background/Color Change,mp change the color of the cabinets behind the man https vimeo com vimeo background color change,3
99,0098.mp4,"Place an open bo0k on all the tables, and add some random text on the whiteboard. ",https://vimeo.com/494016266,Vimeo,Adding an entity/ Adding a subject,"0098.mp4 Place an open bo0k on all the tables, and add some random text on the whiteboard.  https://vimeo.com/494016266 Vimeo Adding an entity/ Adding a subject",mp place an open bo k on all the tables and add some random text on the whiteboard https vimeo com vimeo adding an entity adding a subject,1
100,0099.mp4,Between (00:48 - 00:56) make the screen part flicker. ,https://vimeo.com/71261331,Vimeo,Background/Color Change,0099.mp4 Between (00:48 - 00:56) make the screen part flicker.  https://vimeo.com/71261331 Vimeo Background/Color Change,mp between make the screen part flicker https vimeo com vimeo background color change,3
101,0100.mp4,Change the backgound between (00:41 - 00:49) to make it seem like the guy is sitting in the open with lot of trees. ,https://vimeo.com/339561397,Vimeo,Background/Color Change,0100.mp4 Change the backgound between (00:41 - 00:49) to make it seem like the guy is sitting in the open with lot of trees.  https://vimeo.com/339561397 Vimeo Background/Color Change,mp change the backgound between to make it seem like the guy is sitting in the open with lot of trees https vimeo com vimeo background color change,3
102,0101.mp4,Remove one of the persons in the frame. (1:36 - 1:41),https://vimeo.com/428118352,Vimeo,Removing an entity/Removing a subject,0101.mp4 Remove one of the persons in the frame. (1:36 - 1:41) https://vimeo.com/428118352 Vimeo Removing an entity/Removing a subject,mp remove one of the persons in the frame https vimeo com vimeo removing an entity removing a subject,1
103,0102.mp4,Place the man in aux16.mp4 on the side of the man sitting,https://vimeo.com/432310014,Vimeo,Adding an entity/ Adding a subject,0102.mp4 Place the man in aux16.mp4 on the side of the man sitting https://vimeo.com/432310014 Vimeo Adding an entity/ Adding a subject,mp place the man in aux mp on the side of the man sitting https vimeo com vimeo adding an entity adding a subject,1
104,0103.mp4,"In the first 4 seconds, remove the ball and the text that appears diagonally",https://vimeo.com/444709127,Vimeo,Removing an entity/Removing a subject,"0103.mp4 In the first 4 seconds, remove the ball and the text that appears diagonally https://vimeo.com/444709127 Vimeo Removing an entity/Removing a subject",mp in the first seconds remove the ball and the text that appears diagonally https vimeo com vimeo removing an entity removing a subject,1
105,0104.mp4,Remove one or more faces on this to the no face (on the corner bottom right),https://vimeo.com/428917093,Vimeo,Removing an entity/Removing a subject,0104.mp4 Remove one or more faces on this to the no face (on the corner bottom right) https://vimeo.com/428917093 Vimeo Removing an entity/Removing a subject,mp remove one or more faces on this to the no face on the corner bottom right https vimeo com vimeo removing an entity removing a subject,1
106,0105.mp4,"Trim to 5 seconds (00:00 - 00:05) and then in that 5 seconds, duplicate frames in between to make it look like the guy is going slow in between and fast in between and pausing it now and then. ",https://vimeo.com/252551763,Vimeo,Frame duplication/Reversed Frames/Frame dropping/Speeding up/Slowing down,"0105.mp4 Trim to 5 seconds (00:00 - 00:05) and then in that 5 seconds, duplicate frames in between to make it look like the guy is going slow in between and fast in between and pausing it now and then.  https://vimeo.com/252551763 Vimeo Frame duplication/Reversed Frames/Frame dropping/Speeding up/Slowing down",mp trim to seconds and then in that seconds duplicate frames in between to make it look like the guy is going slow in between and fast in between and pausing it now and then https vimeo com vimeo frame duplication reversed frames frame dropping speeding up slowing down,2
107,0106.mp4,Remove the guy in the front (00:00 -00:05),https://vimeo.com/126440147,Vimeo,Removing an entity/Removing a subject,0106.mp4 Remove the guy in the front (00:00 -00:05) https://vimeo.com/126440147 Vimeo Removing an entity/Removing a subject,mp remove the guy in the front https vimeo com vimeo removing an entity removing a subject,1
108,0107.mp4,Place a gun on the table (00:20 - 00:25),https://vimeo.com/60884924,Vimeo,Adding an entity/ Adding a subject,0107.mp4 Place a gun on the table (00:20 - 00:25) https://vimeo.com/60884924 Vimeo Adding an entity/ Adding a subject,mp place a gun on the table https vimeo com vimeo adding an entity adding a subject,1
109,0108.mp4,Place a bouncing ball/ball on the table OR place a bottle/glass on the table (00:02 - 00:07).,https://vimeo.com/173637291,Vimeo,Adding an entity/ Adding a subject,0108.mp4 Place a bouncing ball/ball on the table OR place a bottle/glass on the table (00:02 - 00:07). https://vimeo.com/173637291 Vimeo Adding an entity/ Adding a subject,mp place a bouncing ball ball on the table or place a bottle glass on the table https vimeo com vimeo adding an entity adding a subject,1
110,0109.mp4,Remove one of the three dancers for any 5 seconds of the video to make it seem like there are only two dancers. ,https://vimeo.com/52291102,Vimeo,Removing an entity/Removing a subject,0109.mp4 Remove one of the three dancers for any 5 seconds of the video to make it seem like there are only two dancers.  https://vimeo.com/52291102 Vimeo Removing an entity/Removing a subject,mp remove one of the three dancers for any seconds of the video to make it seem like there are only two dancers https vimeo com vimeo removing an entity removing a subject,1
111,1002.mp4,Remove the soccar ball 0:04-0:07,https://vimeo.com/401995350,Vimeo,Removing an entity/Removing a subject,1002.mp4 Remove the soccar ball 0:04-0:07 https://vimeo.com/401995350 Vimeo Removing an entity/Removing a subject,mp remove the soccar ball https vimeo com vimeo removing an entity removing a subject,1
112,1003.mp4,Remove the person speaking on the right from 0:20-0:25,https://vimeo.com/312004165,Vimeo,Removing an entity/Removing a subject,1003.mp4 Remove the person speaking on the right from 0:20-0:25 https://vimeo.com/312004165 Vimeo Removing an entity/Removing a subject,mp remove the person speaking on the right from https vimeo com vimeo removing an entity removing a subject,1
113,1004.mp4,"For 0:01 - 0:12, can you drop some frames to reduce the length of the video to 0:08 seconds",https://vimeo.com/26432864,Vimeo,Frame duplication/Reversed Frames/Frame dropping/Speeding up/Slowing down,"1004.mp4 For 0:01 - 0:12, can you drop some frames to reduce the length of the video to 0:08 seconds https://vimeo.com/26432864 Vimeo Frame duplication/Reversed Frames/Frame dropping/Speeding up/Slowing down",mp for can you drop some frames to reduce the length of the video to seconds https vimeo com vimeo frame duplication reversed frames frame dropping speeding up slowing down,2
114,1005.mp4,Create a 5 second video of the excercising individual (excluding all background) from aux101.mp4 on the water in the video. To make it appear like this person is floating on top of the water. ,https://vimeo.com/154484610 & https://vimeo.com/586381310 ,Vimeo,Adding an entity/ Adding a subject,1005.mp4 Create a 5 second video of the excercising individual (excluding all background) from aux101.mp4 on the water in the video. To make it appear like this person is floating on top of the water.  https://vimeo.com/154484610 & https://vimeo.com/586381310  Vimeo Adding an entity/ Adding a subject,mp create a second video of the excercising individual excluding all background from aux mp on the water in the video to make it appear like this person is floating on top of the water https vimeo com https vimeo com vimeo adding an entity adding a subject,1
115,1006.mp4,Reverse the video,https://vimeo.com/385540,Vimeo,Frame duplication/Reversed Frames/Frame dropping/Speeding up/Slowing down,1006.mp4 Reverse the video https://vimeo.com/385540 Vimeo Frame duplication/Reversed Frames/Frame dropping/Speeding up/Slowing down,mp reverse the video https vimeo com vimeo frame duplication reversed frames frame dropping speeding up slowing down,2
116,1007.mp4,Drop frames from 0:00 to 0:15 to make it into a 10 second video,https://vimeo.com/57105959 ,Vimeo,Frame duplication/Reversed Frames/Frame dropping/Speeding up/Slowing down,1007.mp4 Drop frames from 0:00 to 0:15 to make it into a 10 second video https://vimeo.com/57105959  Vimeo Frame duplication/Reversed Frames/Frame dropping/Speeding up/Slowing down,mp drop frames from to to make it into a second video https vimeo com vimeo frame duplication reversed frames frame dropping speeding up slowing down,2
117,1008.mp4,Remove the TV screen from the frames 0:25 to 0:29,https://vimeo.com/302154989,Vimeo,Removing an entity/Removing a subject,1008.mp4 Remove the TV screen from the frames 0:25 to 0:29 https://vimeo.com/302154989 Vimeo Removing an entity/Removing a subject,mp remove the tv screen from the frames to https vimeo com vimeo removing an entity removing a subject,1
118,1009.mp4,Take out the dog on the left in the first video (aux102.mp4) and make it seem like he is sittin gon the couch next to the couple on the left (1:34 - 1:38),https://vimeo.com/64236855 & https://vimeo.com/6664659,Vimeo,Adding an entity/ Adding a subject,1009.mp4 Take out the dog on the left in the first video (aux102.mp4) and make it seem like he is sittin gon the couch next to the couple on the left (1:34 - 1:38) https://vimeo.com/64236855 & https://vimeo.com/6664659 Vimeo Adding an entity/ Adding a subject,mp take out the dog on the left in the first video aux mp and make it seem like he is sittin gon the couch next to the couple on the left https vimeo com https vimeo com vimeo adding an entity adding a subject,1
119,1010.mp4,Remove the guy on the right (00:28 - 00:30),https://vimeo.com/58211926,Vimeo,Removing an entity/Removing a subject,1010.mp4 Remove the guy on the right (00:28 - 00:30) https://vimeo.com/58211926 Vimeo Removing an entity/Removing a subject,mp remove the guy on the right https vimeo com vimeo removing an entity removing a subject,1
120,1011.mp4,Remove the guy in checkered shirt (00:00 - 00:02),https://vimeo.com/44356620,Vimeo,Removing an entity/Removing a subject,1011.mp4 Remove the guy in checkered shirt (00:00 - 00:02) https://vimeo.com/44356620 Vimeo Removing an entity/Removing a subject,mp remove the guy in checkered shirt https vimeo com vimeo removing an entity removing a subject,1
121,1012.mp4,Remove the girl in the video (01:46 - 01:50),https://vimeo.com/148680608,Vimeo,Removing an entity/Removing a subject,1012.mp4 Remove the girl in the video (01:46 - 01:50) https://vimeo.com/148680608 Vimeo Removing an entity/Removing a subject,mp remove the girl in the video https vimeo com vimeo removing an entity removing a subject,1
122,1013.mp4,Trim to (3:05 - 3:10) and remove the guitar noise. Place the noise of a cow moo-ing instead. ,https://vimeo.com/126652854,Vimeo,Audio replaced/Audio added,1013.mp4 Trim to (3:05 - 3:10) and remove the guitar noise. Place the noise of a cow moo-ing instead.  https://vimeo.com/126652854 Vimeo Audio replaced/Audio added,mp trim to and remove the guitar noise place the noise of a cow moo ing instead https vimeo com vimeo audio replaced audio added,0
123,1014.mp4,From 0:13-0:19 remove the dog in the frame,https://vimeo.com/41679480,Vimeo,Removing an entity/Removing a subject,1014.mp4 From 0:13-0:19 remove the dog in the frame https://vimeo.com/41679480 Vimeo Removing an entity/Removing a subject,mp from remove the dog in the frame https vimeo com vimeo removing an entity removing a subject,1
124,1015.mp4,Extract the cat from aux103.mp4 (from anywhere in this video) and place it on the road next to the dancer (00:14 - 00:17),https://vimeo.com/65724287 & https://vimeo.com/215676528,Vimeo,Adding an entity/ Adding a subject,1015.mp4 Extract the cat from aux103.mp4 (from anywhere in this video) and place it on the road next to the dancer (00:14 - 00:17) https://vimeo.com/65724287 & https://vimeo.com/215676528 Vimeo Adding an entity/ Adding a subject,mp extract the cat from aux mp from anywhere in this video and place it on the road next to the dancer https vimeo com https vimeo com vimeo adding an entity adding a subject,1
125,1016.mp4,Remove the text that appears on the wall (00:18 - 00:22),https://vimeo.com/215676528,Vimeo,Removing an entity/Removing a subject,1016.mp4 Remove the text that appears on the wall (00:18 - 00:22) https://vimeo.com/215676528 Vimeo Removing an entity/Removing a subject,mp remove the text that appears on the wall https vimeo com vimeo removing an entity removing a subject,1
126,1017.mp4,Retain the video as it is till (00:00 - 00:15) and when the girl throws the ball in the air at 00:09 make it disappear after that.,https://vimeo.com/56599760,Vimeo,Removing an entity/Removing a subject,1017.mp4 Retain the video as it is till (00:00 - 00:15) and when the girl throws the ball in the air at 00:09 make it disappear after that. https://vimeo.com/56599760 Vimeo Removing an entity/Removing a subject,mp retain the video as it is till and when the girl throws the ball in the air at make it disappear after that https vimeo com vimeo removing an entity removing a subject,1
127,1018.mp4,"Trim to 5 seconds (00:00 - 00:05) and then in that 5 seconds, duplicate frames in between to make it look like the guy is going slow in between and fast in between and pausing it now and then. ",https://vimeo.com/252551763,Vimeo,Frame duplication/Reversed Frames/Frame dropping/Speeding up/Slowing down,"1018.mp4 Trim to 5 seconds (00:00 - 00:05) and then in that 5 seconds, duplicate frames in between to make it look like the guy is going slow in between and fast in between and pausing it now and then.  https://vimeo.com/252551763 Vimeo Frame duplication/Reversed Frames/Frame dropping/Speeding up/Slowing down",mp trim to seconds and then in that seconds duplicate frames in between to make it look like the guy is going slow in between and fast in between and pausing it now and then https vimeo com vimeo frame duplication reversed frames frame dropping speeding up slowing down,2
128,1019.mp4,Remove the guy in the front (00:00 -00:05),https://vimeo.com/126440147,Vimeo,Removing an entity/Removing a subject,1019.mp4 Remove the guy in the front (00:00 -00:05) https://vimeo.com/126440147 Vimeo Removing an entity/Removing a subject,mp remove the guy in the front https vimeo com vimeo removing an entity removing a subject,1
129,1020.mp4,Place a gun on the table (00:20 - 00:25),https://vimeo.com/60884924,Vimeo,Adding an entity/ Adding a subject,1020.mp4 Place a gun on the table (00:20 - 00:25) https://vimeo.com/60884924 Vimeo Adding an entity/ Adding a subject,mp place a gun on the table https vimeo com vimeo adding an entity adding a subject,1
130,1021.mp4,Place a bouncing ball/ball on the table OR place a bottle/glass on the table (00:02 - 00:07).,https://vimeo.com/173637291,Vimeo,Adding an entity/ Adding a subject,1021.mp4 Place a bouncing ball/ball on the table OR place a bottle/glass on the table (00:02 - 00:07). https://vimeo.com/173637291 Vimeo Adding an entity/ Adding a subject,mp place a bouncing ball ball on the table or place a bottle glass on the table https vimeo com vimeo adding an entity adding a subject,1
131,1022.mp4,Remove one of the three dancers for any 5 seconds of the video to make it seem like there are only two dancers. ,https://vimeo.com/52291102,Vimeo,Removing an entity/Removing a subject,1022.mp4 Remove one of the three dancers for any 5 seconds of the video to make it seem like there are only two dancers.  https://vimeo.com/52291102 Vimeo Removing an entity/Removing a subject,mp remove one of the three dancers for any seconds of the video to make it seem like there are only two dancers https vimeo com vimeo removing an entity removing a subject,1
132,1023.mp4,"For any 2-3 seconds of the video, remoev the girl in blue t-shirt. OR trim to any 10 seconds and speed up the video in between. ",https://vimeo.com/9262689,Vimeo,Removing an entity/Removing a subject,"1023.mp4 For any 2-3 seconds of the video, remoev the girl in blue t-shirt. OR trim to any 10 seconds and speed up the video in between.  https://vimeo.com/9262689 Vimeo Removing an entity/Removing a subject",mp for any seconds of the video remoev the girl in blue t shirt or trim to any seconds and speed up the video in between https vimeo com vimeo removing an entity removing a subject,1
133,1024.mp4,Remove the trumpet noise and place a guitar sound (aux104.mp4) in the video (Truim to any 2-3 seconds),https://vimeo.com/89156372,Vimeo,Audio replaced/Audio added,1024.mp4 Remove the trumpet noise and place a guitar sound (aux104.mp4) in the video (Truim to any 2-3 seconds) https://vimeo.com/89156372 Vimeo Audio replaced/Audio added,mp remove the trumpet noise and place a guitar sound aux mp in the video truim to any seconds https vimeo com vimeo audio replaced audio added,0
134,1025.mp4,Remove the blue-shirt guy (3:06- 3:09),https://vimeo.com/258633264,Vimeo,Removing an entity/Removing a subject,1025.mp4 Remove the blue-shirt guy (3:06- 3:09) https://vimeo.com/258633264 Vimeo Removing an entity/Removing a subject,mp remove the blue shirt guy https vimeo com vimeo removing an entity removing a subject,1
135,1026.mp4,"From 0:02 to 0:12, change the color of the car to blue",https://vimeo.com/144604621,Vimeo,Background/Color Change,"1026.mp4 From 0:02 to 0:12, change the color of the car to blue https://vimeo.com/144604621 Vimeo Background/Color Change",mp from to change the color of the car to blue https vimeo com vimeo background color change,3
136,1027.mp4,From 0:01 - 0:10 change the background of this person to green,https://vimeo.com/586499566,Vimeo,Background/Color Change,1027.mp4 From 0:01 - 0:10 change the background of this person to green https://vimeo.com/586499566 Vimeo Background/Color Change,mp from change the background of this person to green https vimeo com vimeo background color change,3
137,1028.mp4,0:00 to 0:06 change the text in the blue box to lorem ipsum,https://vimeo.com/585612371,Vimeo,Text Replaced/Text Added,1028.mp4 0:00 to 0:06 change the text in the blue box to lorem ipsum https://vimeo.com/585612371 Vimeo Text Replaced/Text Added,mp to change the text in the blue box to lorem ipsum https vimeo com vimeo text replaced text added,0
138,1029.mp4,"0:00 to 0:02, remove the person doing yoga on the beach",https://vimeo.com/585610464,Vimeo,Removing an entity/Removing a subject,"1029.mp4 0:00 to 0:02, remove the person doing yoga on the beach https://vimeo.com/585610464 Vimeo Removing an entity/Removing a subject",mp to remove the person doing yoga on the beach https vimeo com vimeo removing an entity removing a subject,1
139,1030.mp4,"Put a person in front of the tractor at 0:33 to 0:36, seeming like he will be run over",https://vimeo.com/443842381,Vimeo,Adding an entity/ Adding a subject,"1030.mp4 Put a person in front of the tractor at 0:33 to 0:36, seeming like he will be run over https://vimeo.com/443842381 Vimeo Adding an entity/ Adding a subject",mp put a person in front of the tractor at to seeming like he will be run over https vimeo com vimeo adding an entity adding a subject,1
140,1031.mp4,0:00 to 0:10 put a cap on the speaker's head,https://vimeo.com/108956636,Vimeo,Adding an entity/ Adding a subject,1031.mp4 0:00 to 0:10 put a cap on the speaker's head https://vimeo.com/108956636 Vimeo Adding an entity/ Adding a subject,mp to put a cap on the speaker s head https vimeo com vimeo adding an entity adding a subject,1
141,1032.mp4,Change the color of this guy's T-shirt to red.,https://vimeo.com/1512370,Vimeo,Background/Color Change,1032.mp4 Change the color of this guy's T-shirt to red. https://vimeo.com/1512370 Vimeo Background/Color Change,mp change the color of this guy s t shirt to red https vimeo com vimeo background color change,3
142,1033.mp4,Change the background screen to read random english alphabets,https://vimeo.com/69915360,Vimeo,Background/Color Change,1033.mp4 Change the background screen to read random english alphabets https://vimeo.com/69915360 Vimeo Background/Color Change,mp change the background screen to read random english alphabets https vimeo com vimeo background color change,3
143,1034.mp4,Place a big bird flying (00:32 - 00:38),https://vimeo.com/77473432,Vimeo,Adding an entity/ Adding a subject,1034.mp4 Place a big bird flying (00:32 - 00:38) https://vimeo.com/77473432 Vimeo Adding an entity/ Adding a subject,mp place a big bird flying https vimeo com vimeo adding an entity adding a subject,1
144,1035.mp4,"Extract first five seconds (Replace the date in the first few frames to read October 40, 2100",https://vimeo.com/30302391,Vimeo,Text Replaced/Text Added,"1035.mp4 Extract first five seconds (Replace the date in the first few frames to read October 40, 2100 https://vimeo.com/30302391 Vimeo Text Replaced/Text Added",mp extract first five seconds replace the date in the first few frames to read october https vimeo com vimeo text replaced text added,0
145,1036.mp4,Extract (00:10 - 00:17) and place a dog walking between the two women,https://vimeo.com/25328042,Vimeo,Adding an entity/ Adding a subject,1036.mp4 Extract (00:10 - 00:17) and place a dog walking between the two women https://vimeo.com/25328042 Vimeo Adding an entity/ Adding a subject,mp extract and place a dog walking between the two women https vimeo com vimeo adding an entity adding a subject,1
146,1037.mp4,"Extract between 00:55 - 01:01, and place a lot of smoke coming behind the trees to indicate a huge fire somewhere. ",https://vimeo.com/24920489,Vimeo,Background/Color Change,"1037.mp4 Extract between 00:55 - 01:01, and place a lot of smoke coming behind the trees to indicate a huge fire somewhere.  https://vimeo.com/24920489 Vimeo Background/Color Change",mp extract between and place a lot of smoke coming behind the trees to indicate a huge fire somewhere https vimeo com vimeo background color change,3
147,1038.mp4,"Extract the first 9 seconds, slow down in between to make it seem like the people are walking slow in between and fast otherwise. ",https://vimeo.com/32440817,Vimeo,Frame duplication/Reversed Frames/Frame dropping/Speeding up/Slowing down,"1038.mp4 Extract the first 9 seconds, slow down in between to make it seem like the people are walking slow in between and fast otherwise.  https://vimeo.com/32440817 Vimeo Frame duplication/Reversed Frames/Frame dropping/Speeding up/Slowing down",mp extract the first seconds slow down in between to make it seem like the people are walking slow in between and fast otherwise https vimeo com vimeo frame duplication reversed frames frame dropping speeding up slowing down,2
148,1039.mp4,Extract between 0:05 -  0:10 seconds. Make the zebra crossing yellow in color instead of white. ,https://vimeo.com/196063372,Vimeo,Background/Color Change,1039.mp4 Extract between 0:05 -  0:10 seconds. Make the zebra crossing yellow in color instead of white.  https://vimeo.com/196063372 Vimeo Background/Color Change,mp extract between seconds make the zebra crossing yellow in color instead of white https vimeo com vimeo background color change,3
149,1040.mp4,Extract between 07:21 - 07:28. Change the color of the pot on the stove to bright blue. ,https://vimeo.com/19533647,Vimeo,Background/Color Change,1040.mp4 Extract between 07:21 - 07:28. Change the color of the pot on the stove to bright blue.  https://vimeo.com/19533647 Vimeo Background/Color Change,mp extract between change the color of the pot on the stove to bright blue https vimeo com vimeo background color change,3
150,1041.mp4,Extract first 5 seconds. Remove the guy on the right. ,https://vimeo.com/141671941,Vimeo,Removing an entity/Removing a subject,1041.mp4 Extract first 5 seconds. Remove the guy on the right.  https://vimeo.com/141671941 Vimeo Removing an entity/Removing a subject,mp extract first seconds remove the guy on the right https vimeo com vimeo removing an entity removing a subject,1
151,1042.mp4,"Add the person from aux105 to the first 4-5 seconds of this video (with or without the ball, which ever is easier). ",https://vimeo.com/430889601 ,Vimeo,Adding an entity/ Adding a subject,"1042.mp4 Add the person from aux105 to the first 4-5 seconds of this video (with or without the ball, which ever is easier).  https://vimeo.com/430889601  Vimeo Adding an entity/ Adding a subject",mp add the person from aux to the first seconds of this video with or without the ball which ever is easier https vimeo com vimeo adding an entity adding a subject,1
152,1043.mp4,"This is the same as aux105, remove the green ball from this video",https://vimeo.com/386690758,Vimeo,Removing an entity/Removing a subject,"1043.mp4 This is the same as aux105, remove the green ball from this video https://vimeo.com/386690758 Vimeo Removing an entity/Removing a subject",mp this is the same as aux remove the green ball from this video https vimeo com vimeo removing an entity removing a subject,1
153,1044.mp4,"From 0:06 to 0:10 replace ""Siracus"" to ""New York""",https://vimeo.com/314365192,Vimeo,Text Replaced/Text Added,"1044.mp4 From 0:06 to 0:10 replace ""Siracus"" to ""New York"" https://vimeo.com/314365192 Vimeo Text Replaced/Text Added",mp from to replace siracus to new york https vimeo com vimeo text replaced text added,0
154,1045.mp4,Drop frames from 0:00 to 0:15 to make it into a 10 second video,https://vimeo.com/426861929,Vimeo,Frame duplication/Reversed Frames/Frame dropping/Speeding up/Slowing down,1045.mp4 Drop frames from 0:00 to 0:15 to make it into a 10 second video https://vimeo.com/426861929 Vimeo Frame duplication/Reversed Frames/Frame dropping/Speeding up/Slowing down,mp drop frames from to to make it into a second video https vimeo com vimeo frame duplication reversed frames frame dropping speeding up slowing down,2
155,1046.mp4,Add a necklace on the speaks for the first 10 seconds of the videos,https://vimeo.com/284280965,Vimeo,Adding an entity/ Adding a subject,1046.mp4 Add a necklace on the speaks for the first 10 seconds of the videos https://vimeo.com/284280965 Vimeo Adding an entity/ Adding a subject,mp add a necklace on the speaks for the first seconds of the videos https vimeo com vimeo adding an entity adding a subject,1
156,1047.mp4,"Same video as last one, remove the microphone from the video, first 10 seconds",https://vimeo.com/284280965,Vimeo,Removing an entity/Removing a subject,"1047.mp4 Same video as last one, remove the microphone from the video, first 10 seconds https://vimeo.com/284280965 Vimeo Removing an entity/Removing a subject",mp same video as last one remove the microphone from the video first seconds https vimeo com vimeo removing an entity removing a subject,1
157,1048.mp4,"Write ""Santa Maria"" on the hull of the boat",https://vimeo.com/409779188,Vimeo,Text Replaced/Text Added,"1048.mp4 Write ""Santa Maria"" on the hull of the boat https://vimeo.com/409779188 Vimeo Text Replaced/Text Added",mp write santa maria on the hull of the boat https vimeo com vimeo text replaced text added,0
158,1049.mp4,Make it appear that the eagle is carrying a stick,https://vimeo.com/442988501,Vimeo,Adding an entity/ Adding a subject,1049.mp4 Make it appear that the eagle is carrying a stick https://vimeo.com/442988501 Vimeo Adding an entity/ Adding a subject,mp make it appear that the eagle is carrying a stick https vimeo com vimeo adding an entity adding a subject,1
159,1050.mp4,"Make the color of the wall red, for the first 10 seconds",https://vimeo.com/413228325,Vimeo,Background/Color Change,"1050.mp4 Make the color of the wall red, for the first 10 seconds https://vimeo.com/413228325 Vimeo Background/Color Change",mp make the color of the wall red for the first seconds https vimeo com vimeo background color change,3
160,1051.mp4,Speed up the video to appear realtime,https://vimeo.com/156068027,Vimeo,Frame duplication/Reversed Frames/Frame dropping/Speeding up/Slowing down,1051.mp4 Speed up the video to appear realtime https://vimeo.com/156068027 Vimeo Frame duplication/Reversed Frames/Frame dropping/Speeding up/Slowing down,mp speed up the video to appear realtime https vimeo com vimeo frame duplication reversed frames frame dropping speeding up slowing down,2
161,1052.mp4,Add rabbit 0:05-0:11 seconds,https://vimeo.com/597357234,Vimeo,Adding an entity/ Adding a subject,1052.mp4 Add rabbit 0:05-0:11 seconds https://vimeo.com/597357234 Vimeo Adding an entity/ Adding a subject,mp add rabbit seconds https vimeo com vimeo adding an entity adding a subject,1
162,1053.mp4,Change shirt color from 00:03 to 00:07,https://vimeo.com/597349332,Vimeo,Background/Color Change,1053.mp4 Change shirt color from 00:03 to 00:07 https://vimeo.com/597349332 Vimeo Background/Color Change,mp change shirt color from to https vimeo com vimeo background color change,3
163,1054.mp4,Remove the writing on the wall from 11 to 15 seconds.,https://vimeo.com/597342168,Vimeo,Removing an entity/Removing a subject,1054.mp4 Remove the writing on the wall from 11 to 15 seconds. https://vimeo.com/597342168 Vimeo Removing an entity/Removing a subject,mp remove the writing on the wall from to seconds https vimeo com vimeo removing an entity removing a subject,1
164,1055.mp4,Change the text in the frame on the shelf from 50 to 59 seconds,https://vimeo.com/597274752,Vimeo,Text Replaced/Text Added,1055.mp4 Change the text in the frame on the shelf from 50 to 59 seconds https://vimeo.com/597274752 Vimeo Text Replaced/Text Added,mp change the text in the frame on the shelf from to seconds https vimeo com vimeo text replaced text added,0
165,1056.mp4,Change the color of the box 3-9 seconds to green,https://vimeo.com/597274565,Vimeo,Background/Color Change,1056.mp4 Change the color of the box 3-9 seconds to green https://vimeo.com/597274565 Vimeo Background/Color Change,mp change the color of the box seconds to green https vimeo com vimeo background color change,3
166,1057.mp4,remove the crosses on the wall and the chandelier in the mirror. 10-15 sec,https://vimeo.com/597252378,Vimeo,Removing an entity/Removing a subject,1057.mp4 remove the crosses on the wall and the chandelier in the mirror. 10-15 sec https://vimeo.com/597252378 Vimeo Removing an entity/Removing a subject,mp remove the crosses on the wall and the chandelier in the mirror sec https vimeo com vimeo removing an entity removing a subject,1
167,1058.mp4,Change movement speed for the first 10 seconds,https://vimeo.com/597827908,Vimeo,Frame duplication/Reversed Frames/Frame dropping/Speeding up/Slowing down,1058.mp4 Change movement speed for the first 10 seconds https://vimeo.com/597827908 Vimeo Frame duplication/Reversed Frames/Frame dropping/Speeding up/Slowing down,mp change movement speed for the first seconds https vimeo com vimeo frame duplication reversed frames frame dropping speeding up slowing down,2
168,1059.mp4,Replace guitar sound with piano sound,https://vimeo.com/597648362,Vimeo,Audio replaced/Audio added,1059.mp4 Replace guitar sound with piano sound https://vimeo.com/597648362 Vimeo Audio replaced/Audio added,mp replace guitar sound with piano sound https vimeo com vimeo audio replaced audio added,0
169,1060.mp4,remove the skate guy in the center 00:10-00:19 sec,https://vimeo.com/597689592,Vimeo,Removing an entity/Removing a subject,1060.mp4 remove the skate guy in the center 00:10-00:19 sec https://vimeo.com/597689592 Vimeo Removing an entity/Removing a subject,mp remove the skate guy in the center sec https vimeo com vimeo removing an entity removing a subject,1
170,2002.mp4,Place a door/wall/curtain between the two men talking (01:35 - 01:45),https://vimeo.com/355102401,Vimeo,Adding an entity/ Adding a subject,2002.mp4 Place a door/wall/curtain between the two men talking (01:35 - 01:45) https://vimeo.com/355102401 Vimeo Adding an entity/ Adding a subject,mp place a door wall curtain between the two men talking https vimeo com vimeo adding an entity adding a subject,1
171,2003.mp4,Remove the guy sitting on the stone,https://vimeo.com/299962583,Vimeo,Removing an entity/Removing a subject,2003.mp4 Remove the guy sitting on the stone https://vimeo.com/299962583 Vimeo Removing an entity/Removing a subject,mp remove the guy sitting on the stone https vimeo com vimeo removing an entity removing a subject,1
172,2004.mp4,Extract the first 5 seconds. Mute it and put guitar audio (aux201.mp4),https://vimeo.com/110362314,Vimeo,Audio replaced/Audio added,2004.mp4 Extract the first 5 seconds. Mute it and put guitar audio (aux201.mp4) https://vimeo.com/110362314 Vimeo Audio replaced/Audio added,mp extract the first seconds mute it and put guitar audio aux mp https vimeo com vimeo audio replaced audio added,0
173,2005.mp4,Extract few seconds from the video and place the drum audio instead (aux202.mp4),https://vimeo.com/504474710,Vimeo,Audio replaced/Audio added,2005.mp4 Extract few seconds from the video and place the drum audio instead (aux202.mp4) https://vimeo.com/504474710 Vimeo Audio replaced/Audio added,mp extract few seconds from the video and place the drum audio instead aux mp https vimeo com vimeo audio replaced audio added,0
174,2006.mp4,Extract a few seconds of this video and place 2 gunshot noises in the background.,https://vimeo.com/98400457,Vimeo,Audio replaced/Audio added,2006.mp4 Extract a few seconds of this video and place 2 gunshot noises in the background. https://vimeo.com/98400457 Vimeo Audio replaced/Audio added,mp extract a few seconds of this video and place gunshot noises in the background https vimeo com vimeo audio replaced audio added,0
175,2007.mp4,"From 0:05 to 0:15, change the text on the right to read ""The quick brown fox""",https://vimeo.com/586270825,Vimeo,Text Replaced/Text Added,"2007.mp4 From 0:05 to 0:15, change the text on the right to read ""The quick brown fox"" https://vimeo.com/586270825 Vimeo Text Replaced/Text Added",mp from to change the text on the right to read the quick brown fox https vimeo com vimeo text replaced text added,0
176,2008.mp4,"From 0:00 to 0:08, change the background with the image of the sky",https://vimeo.com/586167329,Vimeo,Background/Color Change,"2008.mp4 From 0:00 to 0:08, change the background with the image of the sky https://vimeo.com/586167329 Vimeo Background/Color Change",mp from to change the background with the image of the sky https vimeo com vimeo background color change,3
177,2009.mp4,"The tractor in 0:24 - 0:29, change the color of that to red",https://vimeo.com/68450171,Vimeo,Background/Color Change,"2009.mp4 The tractor in 0:24 - 0:29, change the color of that to red https://vimeo.com/68450171 Vimeo Background/Color Change",mp the tractor in change the color of that to red https vimeo com vimeo background color change,3
178,2010.mp4,"This is the same video as 2009, cut out the red car from 0:38-0:41, and put it on a cartoon road (you can draw something simple yourself)",https://vimeo.com/68450171,Vimeo,Adding an entity/ Adding a subject,"2010.mp4 This is the same video as 2009, cut out the red car from 0:38-0:41, and put it on a cartoon road (you can draw something simple yourself) https://vimeo.com/68450171 Vimeo Adding an entity/ Adding a subject",mp this is the same video as cut out the red car from and put it on a cartoon road you can draw something simple yourself https vimeo com vimeo adding an entity adding a subject,1
179,2011.mp4,Cut out the red car from aux203.mp4 and put it on an appropriate road from 2011.mp4,https://vimeo.com/20186396 ,Vimeo,Adding an entity/ Adding a subject,2011.mp4 Cut out the red car from aux203.mp4 and put it on an appropriate road from 2011.mp4 https://vimeo.com/20186396  Vimeo Adding an entity/ Adding a subject,mp cut out the red car from aux mp and put it on an appropriate road from mp https vimeo com vimeo adding an entity adding a subject,1
180,4001.mp4,Change T-shirt color to green 00:20-00:25,https://vimeo.com/597991567,vimeo,Background/Color Change,4001.mp4 Change T-shirt color to green 00:20-00:25 https://vimeo.com/597991567 vimeo Background/Color Change,mp change t shirt color to green https vimeo com vimeo background color change,3
181,4002.mp4,"Change text from 00:16 - 00:21 sec. on John Conor, 39 Aug 2045",https://vimeo.com/598248364,vimeo,Text Replaced/Text Added,"4002.mp4 Change text from 00:16 - 00:21 sec. on John Conor, 39 Aug 2045 https://vimeo.com/598248364 vimeo Text Replaced/Text Added",mp change text from sec on john conor aug https vimeo com vimeo text replaced text added,0
182,4003.mp4,Speed up the cyclist by 00: 11-00: 19 seconds,https://vimeo.com/66699482,vimeo,Frame duplication/Reversed Frames/Frame dropping/Speeding up/Slowing down,4003.mp4 Speed up the cyclist by 00: 11-00: 19 seconds https://vimeo.com/66699482 vimeo Frame duplication/Reversed Frames/Frame dropping/Speeding up/Slowing down,mp speed up the cyclist by seconds https vimeo com vimeo frame duplication reversed frames frame dropping speeding up slowing down,2
183,4004.mp4,Replace the sound with the sound of a chicken for women and a cock for a man. 00:02-00:12 sec.,https://vimeo.com/597420441,vimeo,Audio replaced/Audio added,4004.mp4 Replace the sound with the sound of a chicken for women and a cock for a man. 00:02-00:12 sec. https://vimeo.com/597420441 vimeo Audio replaced/Audio added,mp replace the sound with the sound of a chicken for women and a cock for a man sec https vimeo com vimeo audio replaced audio added,0
184,4005.mp4,Add a boat to the river in the center at the top 01:29-01:34,https://vimeo.com/28083516,vimeo,Adding an entity/ Adding a subject,4005.mp4 Add a boat to the river in the center at the top 01:29-01:34 https://vimeo.com/28083516 vimeo Adding an entity/ Adding a subject,mp add a boat to the river in the center at the top https vimeo com vimeo adding an entity adding a subject,1
185,4006.mp4,Remove from the frame a woman in a white T-shirt and gray shorts 01: 02-01: 07,https://vimeo.com/67078243,vimeo,Removing an entity/Removing a subject,4006.mp4 Remove from the frame a woman in a white T-shirt and gray shorts 01: 02-01: 07 https://vimeo.com/67078243 vimeo Removing an entity/Removing a subject,mp remove from the frame a woman in a white t shirt and gray shorts https vimeo com vimeo removing an entity removing a subject,1
186,4007.mp4,Change background color to wood / wallpaper 00:02-00:07,https://vimeo.com/598354175,vimeo,Background/Color Change,4007.mp4 Change background color to wood / wallpaper 00:02-00:07 https://vimeo.com/598354175 vimeo Background/Color Change,mp change background color to wood wallpaper https vimeo com vimeo background color change,3
187,4008.mp4,Change the title of the book to 00:07-00:12 sec.,https://vimeo.com/597554558,vimeo,Text Replaced/Text Added,4008.mp4 Change the title of the book to 00:07-00:12 sec. https://vimeo.com/597554558 vimeo Text Replaced/Text Added,mp change the title of the book to sec https vimeo com vimeo text replaced text added,0
188,4009.mp4,Speed up from 00:04-00:14,https://vimeo.com/597593560,vimeo,Frame duplication/Reversed Frames/Frame dropping/Speeding up/Slowing down,4009.mp4 Speed up from 00:04-00:14 https://vimeo.com/597593560 vimeo Frame duplication/Reversed Frames/Frame dropping/Speeding up/Slowing down,mp speed up from https vimeo com vimeo frame duplication reversed frames frame dropping speeding up slowing down,2
189,4010.mp4,Change sound from 00:08-00:13 to cow moo,https://vimeo.com/597438331,vimeo,Audio replaced/Audio added,4010.mp4 Change sound from 00:08-00:13 to cow moo https://vimeo.com/597438331 vimeo Audio replaced/Audio added,mp change sound from to cow moo https vimeo com vimeo audio replaced audio added,0
190,4011.mp4,Add birds in the air or animals in the meadow 00:02-00:07,https://vimeo.com/597428865,vimeo,Adding an entity/ Adding a subject,4011.mp4 Add birds in the air or animals in the meadow 00:02-00:07 https://vimeo.com/597428865 vimeo Adding an entity/ Adding a subject,mp add birds in the air or animals in the meadow https vimeo com vimeo adding an entity adding a subject,1
191,4012.mp4,Remove books on the shelf from 00: 21-00: 26 sec.,https://vimeo.com/597424789,vimeo,Removing an entity/Removing a subject,4012.mp4 Remove books on the shelf from 00: 21-00: 26 sec. https://vimeo.com/597424789 vimeo Removing an entity/Removing a subject,mp remove books on the shelf from sec https vimeo com vimeo removing an entity removing a subject,1
192,4013.mp4,Change the color of the jacket to red from 00:01-00:06,https://vimeo.com/597602352,vimeo,Background/Color Change,4013.mp4 Change the color of the jacket to red from 00:01-00:06 https://vimeo.com/597602352 vimeo Background/Color Change,mp change the color of the jacket to red from https vimeo com vimeo background color change,3
193,4014.mp4,Change boat name 00:10-00:15 sec,https://vimeo.com/597499716,vimeo,Text Replaced/Text Added,4014.mp4 Change boat name 00:10-00:15 sec https://vimeo.com/597499716 vimeo Text Replaced/Text Added,mp change boat name sec https vimeo com vimeo text replaced text added,0
194,4015.mp4,Duplicate and flip multiple frames 00:00-00:10 seconds,https://vimeo.com/597399462,vimeo,Frame duplication/Reversed Frames/Frame dropping/Speeding up/Slowing down,4015.mp4 Duplicate and flip multiple frames 00:00-00:10 seconds https://vimeo.com/597399462 vimeo Frame duplication/Reversed Frames/Frame dropping/Speeding up/Slowing down,mp duplicate and flip multiple frames seconds https vimeo com vimeo frame duplication reversed frames frame dropping speeding up slowing down,2
195,4016.mp4,Change the sound to saxophone and piano 00:20-00:26 sec.,https://vimeo.com/596889450,vimeo,Audio replaced/Audio added,4016.mp4 Change the sound to saxophone and piano 00:20-00:26 sec. https://vimeo.com/596889450 vimeo Audio replaced/Audio added,mp change the sound to saxophone and piano sec https vimeo com vimeo audio replaced audio added,0
196,4017.mp4,"Instead of books on the right, add a parrot from 00:00-00:07 sec.",https://vimeo.com/597418378,vimeo,Adding an entity/ Adding a subject,"4017.mp4 Instead of books on the right, add a parrot from 00:00-00:07 sec. https://vimeo.com/597418378 vimeo Adding an entity/ Adding a subject",mp instead of books on the right add a parrot from sec https vimeo com vimeo adding an entity adding a subject,1
197,4018.mp4,Remove running people from 00:15-00:20 sec.,https://vimeo.com/597430433,vimeo,Removing an entity/Removing a subject,4018.mp4 Remove running people from 00:15-00:20 sec. https://vimeo.com/597430433 vimeo Removing an entity/Removing a subject,mp remove running people from sec https vimeo com vimeo removing an entity removing a subject,1
198,4019.mp4,Change mask color to pink 00:00-00:05,https://vimeo.com/597420983,vimeo,Background/Color Change,4019.mp4 Change mask color to pink 00:00-00:05 https://vimeo.com/597420983 vimeo Background/Color Change,mp change mask color to pink https vimeo com vimeo background color change,3
199,4020.mp4,Change the inscription on the wall to Aquaman 00:00-00:05,https://vimeo.com/597422960,vimeo,Text Replaced/Text Added,4020.mp4 Change the inscription on the wall to Aquaman 00:00-00:05 https://vimeo.com/597422960 vimeo Text Replaced/Text Added,mp change the inscription on the wall to aquaman https vimeo com vimeo text replaced text added,0
200,4021.mp4,Slow down and duplicate some frames from 00:05-00:15,https://vimeo.com/597393632,vimeo,Frame duplication/Reversed Frames/Frame dropping/Speeding up/Slowing down,4021.mp4 Slow down and duplicate some frames from 00:05-00:15 https://vimeo.com/597393632 vimeo Frame duplication/Reversed Frames/Frame dropping/Speeding up/Slowing down,mp slow down and duplicate some frames from https vimeo com vimeo frame duplication reversed frames frame dropping speeding up slowing down,2
201,4022.mp4,Replace the sound with the voice of a man 00:00-00:05,https://vimeo.com/596695610,vimeo,Audio replaced/Audio added,4022.mp4 Replace the sound with the voice of a man 00:00-00:05 https://vimeo.com/596695610 vimeo Audio replaced/Audio added,mp replace the sound with the voice of a man https vimeo com vimeo audio replaced audio added,0
202,4023.mp4,Add a flying bird 00:00-00:05 sec.,https://vimeo.com/597366916,vimeo,Adding an entity/ Adding a subject,4023.mp4 Add a flying bird 00:00-00:05 sec. https://vimeo.com/597366916 vimeo Adding an entity/ Adding a subject,mp add a flying bird sec https vimeo com vimeo adding an entity adding a subject,1
203,4024.mp4,Remove several people on the field from 00:09-00:14,https://vimeo.com/597510139,vimeo,Removing an entity/Removing a subject,4024.mp4 Remove several people on the field from 00:09-00:14 https://vimeo.com/597510139 vimeo Removing an entity/Removing a subject,mp remove several people on the field from https vimeo com vimeo removing an entity removing a subject,1
204,4025.mp4,Change the color of the jacket from green to yellow 00:20-00:25 sec.,https://vimeo.com/597276648,vimeo,Background/Color Change,4025.mp4 Change the color of the jacket from green to yellow 00:20-00:25 sec. https://vimeo.com/597276648 vimeo Background/Color Change,mp change the color of the jacket from green to yellow sec https vimeo com vimeo background color change,3
205,4026.mp4,Replace the Tokyo 2020 lettering with Wakanda 3000 from 00: 00-00: 05 sec.,https://vimeo.com/597386204,vimeo,Text Replaced/Text Added,4026.mp4 Replace the Tokyo 2020 lettering with Wakanda 3000 from 00: 00-00: 05 sec. https://vimeo.com/597386204 vimeo Text Replaced/Text Added,mp replace the tokyo lettering with wakanda from sec https vimeo com vimeo text replaced text added,0
206,4027.mp4,Slow down and speed up the video from 00:10-00:20 sec.,https://vimeo.com/597391006,vimeo,Frame duplication/Reversed Frames/Frame dropping/Speeding up/Slowing down,4027.mp4 Slow down and speed up the video from 00:10-00:20 sec. https://vimeo.com/597391006 vimeo Frame duplication/Reversed Frames/Frame dropping/Speeding up/Slowing down,mp slow down and speed up the video from sec https vimeo com vimeo frame duplication reversed frames frame dropping speeding up slowing down,2
207,4028.mp4,Replace the sound with a swoosh from 01: 10-01: 15,https://vimeo.com/597243373,vimeo,Audio replaced/Audio added,4028.mp4 Replace the sound with a swoosh from 01: 10-01: 15 https://vimeo.com/597243373 vimeo Audio replaced/Audio added,mp replace the sound with a swoosh from https vimeo com vimeo audio replaced audio added,0
208,4029.mp4,Add a cat on the left 00:05-00:15 sec.,https://vimeo.com/596923931,vimeo,Adding an entity/ Adding a subject,4029.mp4 Add a cat on the left 00:05-00:15 sec. https://vimeo.com/596923931 vimeo Adding an entity/ Adding a subject,mp add a cat on the left sec https vimeo com vimeo adding an entity adding a subject,1
209,4030.mp4,Remove person to the left 01:10-01:15 sec.,https://vimeo.com/44036774,vimeo,Removing an entity/Removing a subject,4030.mp4 Remove person to the left 01:10-01:15 sec. https://vimeo.com/44036774 vimeo Removing an entity/Removing a subject,mp remove person to the left sec https vimeo com vimeo removing an entity removing a subject,1
210,4031.mp4,Change the color of the shirt to green 00:05-00:10,https://vimeo.com/593529394,vimeo,Background/Color Change,4031.mp4 Change the color of the shirt to green 00:05-00:10 https://vimeo.com/593529394 vimeo Background/Color Change,mp change the color of the shirt to green https vimeo com vimeo background color change,3
211,4032.mp4,Change name to Juan Rowling 00:03-00:08 sec.,https://vimeo.com/596697360,vimeo,Text Replaced/Text Added,4032.mp4 Change name to Juan Rowling 00:03-00:08 sec. https://vimeo.com/596697360 vimeo Text Replaced/Text Added,mp change name to juan rowling sec https vimeo com vimeo text replaced text added,0
212,4033.mp4,Slow down and speed up video fragments by 00:11-00:21 sec.,https://vimeo.com/597148141,vimeo,Frame duplication/Reversed Frames/Frame dropping/Speeding up/Slowing down,4033.mp4 Slow down and speed up video fragments by 00:11-00:21 sec. https://vimeo.com/597148141 vimeo Frame duplication/Reversed Frames/Frame dropping/Speeding up/Slowing down,mp slow down and speed up video fragments by sec https vimeo com vimeo frame duplication reversed frames frame dropping speeding up slowing down,2
213,4034.mp4,Replace the noise of the river with the noise of the sea,https://vimeo.com/596630146,vimeo,Audio replaced/Audio added,4034.mp4 Replace the noise of the river with the noise of the sea https://vimeo.com/596630146 vimeo Audio replaced/Audio added,mp replace the noise of the river with the noise of the sea https vimeo com vimeo audio replaced audio added,0
214,4035.mp4,Add a monkey in the window at 00:10-00:20 sec.,https://vimeo.com/596806542,vimeo,Adding an entity/ Adding a subject,4035.mp4 Add a monkey in the window at 00:10-00:20 sec. https://vimeo.com/596806542 vimeo Adding an entity/ Adding a subject,mp add a monkey in the window at sec https vimeo com vimeo adding an entity adding a subject,1
215,4036.mp4,"Remove the first two boats, any 5 sec.",https://vimeo.com/96843335,vimeo,Removing an entity/Removing a subject,"4036.mp4 Remove the first two boats, any 5 sec. https://vimeo.com/96843335 vimeo Removing an entity/Removing a subject",mp remove the first two boats any sec https vimeo com vimeo removing an entity removing a subject,1
216,4037.mp4,Change the color of the iguana to purple 00:02-00:07 sec,https://vimeo.com/596689212,vimeo,Background/Color Change,4037.mp4 Change the color of the iguana to purple 00:02-00:07 sec https://vimeo.com/596689212 vimeo Background/Color Change,mp change the color of the iguana to purple sec https vimeo com vimeo background color change,3
217,4038.mp4,Replace the name in the frame with Rosa Santos 00:00-00:06 sec,https://vimeo.com/596508943,vimeo,Text Replaced/Text Added,4038.mp4 Replace the name in the frame with Rosa Santos 00:00-00:06 sec https://vimeo.com/596508943 vimeo Text Replaced/Text Added,mp replace the name in the frame with rosa santos sec https vimeo com vimeo text replaced text added,0
218,4039.mp4,"Slow down, speed up video frames by 00:00-00:12 sec",https://vimeo.com/596453710,vimeo,Frame duplication/Reversed Frames/Frame dropping/Speeding up/Slowing down,"4039.mp4 Slow down, speed up video frames by 00:00-00:12 sec https://vimeo.com/596453710 vimeo Frame duplication/Reversed Frames/Frame dropping/Speeding up/Slowing down",mp slow down speed up video frames by sec https vimeo com vimeo frame duplication reversed frames frame dropping speeding up slowing down,2
219,4040.mp4,Replace the guy's voice with a Cat serenade 00:10-00:20 sec,https://vimeo.com/596491037,vimeo,Audio replaced/Audio added,4040.mp4 Replace the guy's voice with a Cat serenade 00:10-00:20 sec https://vimeo.com/596491037 vimeo Audio replaced/Audio added,mp replace the guy s voice with a cat serenade sec https vimeo com vimeo audio replaced audio added,0
220,4041.mp4,Add an elephant walking in the background 00: 00-00: 06 sec,https://vimeo.com/593840361,vimeo,Adding an entity/ Adding a subject,4041.mp4 Add an elephant walking in the background 00: 00-00: 06 sec https://vimeo.com/593840361 vimeo Adding an entity/ Adding a subject,mp add an elephant walking in the background sec https vimeo com vimeo adding an entity adding a subject,1
221,4042.mp4,Remove the baseball bat from the hands of Man 00: 38-00: 43 seconds,https://vimeo.com/593854198,vimeo,Removing an entity/Removing a subject,4042.mp4 Remove the baseball bat from the hands of Man 00: 38-00: 43 seconds https://vimeo.com/593854198 vimeo Removing an entity/Removing a subject,mp remove the baseball bat from the hands of man seconds https vimeo com vimeo removing an entity removing a subject,1
222,4043.mp4,Change T-shirt color to white 00:10-00:16 sec,https://vimeo.com/593542416,vimeo,Background/Color Change,4043.mp4 Change T-shirt color to white 00:10-00:16 sec https://vimeo.com/593542416 vimeo Background/Color Change,mp change t shirt color to white sec https vimeo com vimeo background color change,3
223,4044.mp4,"Replace the text with ""teacher Bim Bom"" 00: 00-00: 06 sec.",https://vimeo.com/596058879,vimeo,Text Replaced/Text Added,"4044.mp4 Replace the text with ""teacher Bim Bom"" 00: 00-00: 06 sec. https://vimeo.com/596058879 vimeo Text Replaced/Text Added",mp replace the text with teacher bim bom sec https vimeo com vimeo text replaced text added,0
224,4045.mp4,Slow down or speed up the first 10 sec.,https://vimeo.com/596821776,vimeo,Frame duplication/Reversed Frames/Frame dropping/Speeding up/Slowing down,4045.mp4 Slow down or speed up the first 10 sec. https://vimeo.com/596821776 vimeo Frame duplication/Reversed Frames/Frame dropping/Speeding up/Slowing down,mp slow down or speed up the first sec https vimeo com vimeo frame duplication reversed frames frame dropping speeding up slowing down,2
225,4046.mp4,Add Saxophone sound at 00:00-00:10 sec.,https://vimeo.com/596440587,vimeo,Audio replaced/Audio added,4046.mp4 Add Saxophone sound at 00:00-00:10 sec. https://vimeo.com/596440587 vimeo Audio replaced/Audio added,mp add saxophone sound at sec https vimeo com vimeo audio replaced audio added,0
226,4047.mp4,Add a running dog next to it at 00:00-00:10 sec.,https://vimeo.com/596437197,vimeo,Adding an entity/ Adding a subject,4047.mp4 Add a running dog next to it at 00:00-00:10 sec. https://vimeo.com/596437197 vimeo Adding an entity/ Adding a subject,mp add a running dog next to it at sec https vimeo com vimeo adding an entity adding a subject,1
227,4048.mp4,Remove the referee (in a yellow T-shirt) 00:21-00:26 sec,https://vimeo.com/594164027,,Removing an entity/Removing a subject,4048.mp4 Remove the referee (in a yellow T-shirt) 00:21-00:26 sec https://vimeo.com/594164027  Removing an entity/Removing a subject,mp remove the referee in a yellow t shirt sec https vimeo com removing an entity removing a subject,1
228,4049.mp4,Change the background to the stands 00:10-00:15 sec.,https://vimeo.com/596514401,vimeo,Background/Color Change,4049.mp4 Change the background to the stands 00:10-00:15 sec. https://vimeo.com/596514401 vimeo Background/Color Change,mp change the background to the stands sec https vimeo com vimeo background color change,3
229,4050.mp4,"Add the inscription ""SPORT"" on the wall 00:00-00:10 sec.",https://vimeo.com/596453753,vimeo,Text Replaced/Text Added,"4050.mp4 Add the inscription ""SPORT"" on the wall 00:00-00:10 sec. https://vimeo.com/596453753 vimeo Text Replaced/Text Added",mp add the inscription sport on the wall sec https vimeo com vimeo text replaced text added,0
230,4051.mp4,Duplicate every 3rd frame 00: 00-00: 10 sec.,https://vimeo.com/596453668,vimeo,Frame duplication/Reversed Frames/Frame dropping/Speeding up/Slowing down,4051.mp4 Duplicate every 3rd frame 00: 00-00: 10 sec. https://vimeo.com/596453668 vimeo Frame duplication/Reversed Frames/Frame dropping/Speeding up/Slowing down,mp duplicate every rd frame sec https vimeo com vimeo frame duplication reversed frames frame dropping speeding up slowing down,2
231,4052.mp4,Replace the sound with the sound of a violin 00: 00-00: 10 sec,https://vimeo.com/594374844,vimeo,Audio replaced/Audio added,4052.mp4 Replace the sound with the sound of a violin 00: 00-00: 10 sec https://vimeo.com/594374844 vimeo Audio replaced/Audio added,mp replace the sound with the sound of a violin sec https vimeo com vimeo audio replaced audio added,0
232,4053.mp4,Add an aquarium with fish to the table 00: 00-00: 10 sec.,https://vimeo.com/596401298,vimeo,Adding an entity/ Adding a subject,4053.mp4 Add an aquarium with fish to the table 00: 00-00: 10 sec. https://vimeo.com/596401298 vimeo Adding an entity/ Adding a subject,mp add an aquarium with fish to the table sec https vimeo com vimeo adding an entity adding a subject,1
233,4054.mp4,Remove the person in the mirror 00: 07-00: 12 sec,https://vimeo.com/595895517,,Removing an entity/Removing a subject,4054.mp4 Remove the person in the mirror 00: 07-00: 12 sec https://vimeo.com/595895517  Removing an entity/Removing a subject,mp remove the person in the mirror sec https vimeo com removing an entity removing a subject,1
234,4055.mp4,Change the blue color on all equipment in the frame to green 00: 30-00: 35 sec,https://vimeo.com/596511653,vimeo,Background/Color Change,4055.mp4 Change the blue color on all equipment in the frame to green 00: 30-00: 35 sec https://vimeo.com/596511653 vimeo Background/Color Change,mp change the blue color on all equipment in the frame to green sec https vimeo com vimeo background color change,3
235,4056.mp4,Change name 00: 04-00: 10 sec to John Smith. Pediatrician,https://vimeo.com/596046529,vimeo,Text Replaced/Text Added,4056.mp4 Change name 00: 04-00: 10 sec to John Smith. Pediatrician https://vimeo.com/596046529 vimeo Text Replaced/Text Added,mp change name sec to john smith pediatrician https vimeo com vimeo text replaced text added,0
236,4057.mp4,"Speed up, slow down by 00:00 - 00:12 sec",https://vimeo.com/596052790,vimeo,Frame duplication/Reversed Frames/Frame dropping/Speeding up/Slowing down,"4057.mp4 Speed up, slow down by 00:00 - 00:12 sec https://vimeo.com/596052790 vimeo Frame duplication/Reversed Frames/Frame dropping/Speeding up/Slowing down",mp speed up slow down by sec https vimeo com vimeo frame duplication reversed frames frame dropping speeding up slowing down,2
237,4058.mp4,Add piano sound 00: 05-00: 15 sec,https://vimeo.com/596040870,vimeo,Audio replaced/Audio added,4058.mp4 Add piano sound 00: 05-00: 15 sec https://vimeo.com/596040870 vimeo Audio replaced/Audio added,mp add piano sound sec https vimeo com vimeo audio replaced audio added,0
238,4059.mp4,Add a festive cone on the head for all participants 00: 02-00: 07 sec,https://vimeo.com/596056867,vimeo,Adding an entity/ Adding a subject,4059.mp4 Add a festive cone on the head for all participants 00: 02-00: 07 sec https://vimeo.com/596056867 vimeo Adding an entity/ Adding a subject,mp add a festive cone on the head for all participants sec https vimeo com vimeo adding an entity adding a subject,1
239,4060.mp4,Remove the player who stands at the gate (purple) 00: 00-00: 05 sec,https://vimeo.com/594307516,vimeo,Removing an entity/Removing a subject,4060.mp4 Remove the player who stands at the gate (purple) 00: 00-00: 05 sec https://vimeo.com/594307516 vimeo Removing an entity/Removing a subject,mp remove the player who stands at the gate purple sec https vimeo com vimeo removing an entity removing a subject,1
240,4061.mp4,Change the color of the shirt from white to purple 00: 00-00: 05 sec,https://vimeo.com/593434465,vimeo,Background/Color Change,4061.mp4 Change the color of the shirt from white to purple 00: 00-00: 05 sec https://vimeo.com/593434465 vimeo Background/Color Change,mp change the color of the shirt from white to purple sec https vimeo com vimeo background color change,3
241,4062.mp4,"Add text ""Auto syndicate"" to billboard 00: 03-00: 08 sec",https://vimeo.com/595609543,vimeo,Text Replaced/Text Added,"4062.mp4 Add text ""Auto syndicate"" to billboard 00: 03-00: 08 sec https://vimeo.com/595609543 vimeo Text Replaced/Text Added",mp add text auto syndicate to billboard sec https vimeo com vimeo text replaced text added,0
242,4063.mp4,Speed up and duplicate frames 00: 14-00: 24 sec,https://vimeo.com/595745504,vimeo,Frame duplication/Reversed Frames/Frame dropping/Speeding up/Slowing down,4063.mp4 Speed up and duplicate frames 00: 14-00: 24 sec https://vimeo.com/595745504 vimeo Frame duplication/Reversed Frames/Frame dropping/Speeding up/Slowing down,mp speed up and duplicate frames sec https vimeo com vimeo frame duplication reversed frames frame dropping speeding up slowing down,2
243,4064.mp4,Replace the sound with the sound of violin and drums 00: 08-00: 18 sec,https://vimeo.com/596030827,vimeo,Audio replaced/Audio added,4064.mp4 Replace the sound with the sound of violin and drums 00: 08-00: 18 sec https://vimeo.com/596030827 vimeo Audio replaced/Audio added,mp replace the sound with the sound of violin and drums sec https vimeo com vimeo audio replaced audio added,0
244,4065.mp4,Add birds sitting on wires 00: 00-00: 05 sec,https://vimeo.com/595677200,vimeo,Adding an entity/ Adding a subject,4065.mp4 Add birds sitting on wires 00: 00-00: 05 sec https://vimeo.com/595677200 vimeo Adding an entity/ Adding a subject,mp add birds sitting on wires sec https vimeo com vimeo adding an entity adding a subject,1
245,4066.mp4,Remove falling object 00: 01-00: 06 sec,https://vimeo.com/596497425,vimeo,Removing an entity/Removing a subject,4066.mp4 Remove falling object 00: 01-00: 06 sec https://vimeo.com/596497425 vimeo Removing an entity/Removing a subject,mp remove falling object sec https vimeo com vimeo removing an entity removing a subject,1
246,4067.mp4,Change wall color to black 00: 10-00: 15 sec,https://vimeo.com/593805127,vimeo,Background/Color Change,4067.mp4 Change wall color to black 00: 10-00: 15 sec https://vimeo.com/593805127 vimeo Background/Color Change,mp change wall color to black sec https vimeo com vimeo background color change,3
247,4068.mp4,"Replace the text in the background with ""Lorem Ipsum"" 00: 00-00: 10",https://vimeo.com/595884987,vimeo,Text Replaced/Text Added,"4068.mp4 Replace the text in the background with ""Lorem Ipsum"" 00: 00-00: 10 https://vimeo.com/595884987 vimeo Text Replaced/Text Added",mp replace the text in the background with lorem ipsum https vimeo com vimeo text replaced text added,0
248,4069.mp4,Duplicate and flip multiple frames 00: 00-00: 10 seconds,https://vimeo.com/595406055,vimeo,Frame duplication/Reversed Frames/Frame dropping/Speeding up/Slowing down,4069.mp4 Duplicate and flip multiple frames 00: 00-00: 10 seconds https://vimeo.com/595406055 vimeo Frame duplication/Reversed Frames/Frame dropping/Speeding up/Slowing down,mp duplicate and flip multiple frames seconds https vimeo com vimeo frame duplication reversed frames frame dropping speeding up slowing down,2
249,4070.mp4,Replace sound with accordion sound 00: 45-00: 55 sec,https://vimeo.com/594276983,vimeo,Audio replaced/Audio added,4070.mp4 Replace sound with accordion sound 00: 45-00: 55 sec https://vimeo.com/594276983 vimeo Audio replaced/Audio added,mp replace sound with accordion sound sec https vimeo com vimeo audio replaced audio added,0
250,4071.mp4,Add a patch on one eye to the person on the right 00: 01-00: 06 sec,https://vimeo.com/595475504,vimeo,Adding an entity/ Adding a subject,4071.mp4 Add a patch on one eye to the person on the right 00: 01-00: 06 sec https://vimeo.com/595475504 vimeo Adding an entity/ Adding a subject,mp add a patch on one eye to the person on the right sec https vimeo com vimeo adding an entity adding a subject,1
251,4072.mp4,Remove the flower on the left at 00: 14-00: 19,https://vimeo.com/596059238,vimeo,Removing an entity/Removing a subject,4072.mp4 Remove the flower on the left at 00: 14-00: 19 https://vimeo.com/596059238 vimeo Removing an entity/Removing a subject,mp remove the flower on the left at https vimeo com vimeo removing an entity removing a subject,1
252,4073.mp4,Change the background to a mountain landscape 00: 00-00: 7 sec,https://vimeo.com/593895678,vimeo,Background/Color Change,4073.mp4 Change the background to a mountain landscape 00: 00-00: 7 sec https://vimeo.com/593895678 vimeo Background/Color Change,mp change the background to a mountain landscape sec https vimeo com vimeo background color change,3
253,4074.mp4,"Replace the text ""Hakuna Matata"" with the text ""Lorem Ipsum"" 00: 00-00: 06 sec",https://vimeo.com/595416185,vimeo,Text Replaced/Text Added,"4074.mp4 Replace the text ""Hakuna Matata"" with the text ""Lorem Ipsum"" 00: 00-00: 06 sec https://vimeo.com/595416185 vimeo Text Replaced/Text Added",mp replace the text hakuna matata with the text lorem ipsum sec https vimeo com vimeo text replaced text added,0
254,4075.mp4,Duplicate and accelerate 00: 00-00: 08 sec,https://vimeo.com/595405905,vimeo,Frame duplication/Reversed Frames/Frame dropping/Speeding up/Slowing down,4075.mp4 Duplicate and accelerate 00: 00-00: 08 sec https://vimeo.com/595405905 vimeo Frame duplication/Reversed Frames/Frame dropping/Speeding up/Slowing down,mp duplicate and accelerate sec https vimeo com vimeo frame duplication reversed frames frame dropping speeding up slowing down,2
255,4076.mp4,Replace the sound with a violin sound 00: 00-00: 07,https://vimeo.com/595890072,vimeo,Audio replaced/Audio added,4076.mp4 Replace the sound with a violin sound 00: 00-00: 07 https://vimeo.com/595890072 vimeo Audio replaced/Audio added,mp replace the sound with a violin sound https vimeo com vimeo audio replaced audio added,0
256,4077.mp4,Add a bottle to the table 00: 25-00: 30 sec,https://vimeo.com/595419052,vimeo,Adding an entity/ Adding a subject,4077.mp4 Add a bottle to the table 00: 25-00: 30 sec https://vimeo.com/595419052 vimeo Adding an entity/ Adding a subject,mp add a bottle to the table sec https vimeo com vimeo adding an entity adding a subject,1
257,4078.mp4,Remove the ball at 00: 00-00: 05 sec,https://vimeo.com/594332615,vimeo,Removing an entity/Removing a subject,4078.mp4 Remove the ball at 00: 00-00: 05 sec https://vimeo.com/594332615 vimeo Removing an entity/Removing a subject,mp remove the ball at sec https vimeo com vimeo removing an entity removing a subject,1
258,4079.mp4,Replace the background with footage (video) from the seashore 00: 03-00: 08 sec,https://vimeo.com/596036873,vimeo,Background/Color Change,4079.mp4 Replace the background with footage (video) from the seashore 00: 03-00: 08 sec https://vimeo.com/596036873 vimeo Background/Color Change,mp replace the background with footage video from the seashore sec https vimeo com vimeo background color change,3
259,4080.mp4,Replace house number with 77777 for 00: 00-00: 05 sec,https://vimeo.com/594871453,vimeo,Text Replaced/Text Added,4080.mp4 Replace house number with 77777 for 00: 00-00: 05 sec https://vimeo.com/594871453 vimeo Text Replaced/Text Added,mp replace house number with for sec https vimeo com vimeo text replaced text added,0
260,4081.mp4,"Slow down, speed up video fragments",https://vimeo.com/594868658,vimeo,Frame duplication/Reversed Frames/Frame dropping/Speeding up/Slowing down,"4081.mp4 Slow down, speed up video fragments https://vimeo.com/594868658 vimeo Frame duplication/Reversed Frames/Frame dropping/Speeding up/Slowing down",mp slow down speed up video fragments https vimeo com vimeo frame duplication reversed frames frame dropping speeding up slowing down,2
261,4082.mp4,Add a standing ovation 00: 01-00: 11 sec,https://vimeo.com/595021856,vimeo,Audio replaced/Audio added,4082.mp4 Add a standing ovation 00: 01-00: 11 sec https://vimeo.com/595021856 vimeo Audio replaced/Audio added,mp add a standing ovation sec https vimeo com vimeo audio replaced audio added,0
262,4083.mp4,Add any person to an empty chair 00: 00-00: 07 sec,https://vimeo.com/595361625,vimeo,Adding an entity/ Adding a subject,4083.mp4 Add any person to an empty chair 00: 00-00: 07 sec https://vimeo.com/595361625 vimeo Adding an entity/ Adding a subject,mp add any person to an empty chair sec https vimeo com vimeo adding an entity adding a subject,1
263,4084.mp4,Remove a sheet of paper from your hands 00: 18-00: 23,https://vimeo.com/593414483,vimeo,Removing an entity/Removing a subject,4084.mp4 Remove a sheet of paper from your hands 00: 18-00: 23 https://vimeo.com/593414483 vimeo Removing an entity/Removing a subject,mp remove a sheet of paper from your hands https vimeo com vimeo removing an entity removing a subject,1
264,4085.mp4,Change the color of a person's clothes in white to blue 00: 05-00: 10 sec,https://vimeo.com/595978260,vimeo,Background/Color Change,4085.mp4 Change the color of a person's clothes in white to blue 00: 05-00: 10 sec https://vimeo.com/595978260 vimeo Background/Color Change,mp change the color of a person s clothes in white to blue sec https vimeo com vimeo background color change,3
265,4086.mp4,"Add ""Sport is Life"" to the screen in the center of the hall 00: 00-00: 10 sec",https://vimeo.com/594861722,vimeo,Text Replaced/Text Added,"4086.mp4 Add ""Sport is Life"" to the screen in the center of the hall 00: 00-00: 10 sec https://vimeo.com/594861722 vimeo Text Replaced/Text Added",mp add sport is life to the screen in the center of the hall sec https vimeo com vimeo text replaced text added,0
266,4087.mp4,"On the screen of the lower monitor, remove the video broadcast and write the word ""Football"" 00: 06-00: 12 sec",https://vimeo.com/594826570,vimeo,Frame duplication/Reversed Frames/Frame dropping/Speeding up/Slowing down,"4087.mp4 On the screen of the lower monitor, remove the video broadcast and write the word ""Football"" 00: 06-00: 12 sec https://vimeo.com/594826570 vimeo Frame duplication/Reversed Frames/Frame dropping/Speeding up/Slowing down",mp on the screen of the lower monitor remove the video broadcast and write the word football sec https vimeo com vimeo frame duplication reversed frames frame dropping speeding up slowing down,2
267,4088.mp4,Add birdsong 00: 00-00: 07,https://vimeo.com/600683034,vimeo,Audio replaced/Audio added,4088.mp4 Add birdsong 00: 00-00: 07 https://vimeo.com/600683034 vimeo Audio replaced/Audio added,mp add birdsong https vimeo com vimeo audio replaced audio added,0
268,4089.mp4,Add a car passing near the antennas 00: 01-00: 06 sec,https://vimeo.com/595347007,vimeo,Adding an entity/ Adding a subject,4089.mp4 Add a car passing near the antennas 00: 01-00: 06 sec https://vimeo.com/595347007 vimeo Adding an entity/ Adding a subject,mp add a car passing near the antennas sec https vimeo com vimeo adding an entity adding a subject,1
269,4090.mp4,Remove the person who says 00: 02-00: 07 sec,https://vimeo.com/595986041,vimeo,Removing an entity/Removing a subject,4090.mp4 Remove the person who says 00: 02-00: 07 sec https://vimeo.com/595986041 vimeo Removing an entity/Removing a subject,mp remove the person who says sec https vimeo com vimeo removing an entity removing a subject,1
270,4091.mp4,Change the color of player # 8 from orange to pink 00: 08-00: 13 sec,https://vimeo.com/595406073,vimeo,Background/Color Change,4091.mp4 Change the color of player # 8 from orange to pink 00: 08-00: 13 sec https://vimeo.com/595406073 vimeo Background/Color Change,mp change the color of player from orange to pink sec https vimeo com vimeo background color change,3
271,4092.mp4,Change name to Gina Cooney 00: 00-00: 10 sec,https://vimeo.com/594725086,vimeo,Text Replaced/Text Added,4092.mp4 Change name to Gina Cooney 00: 00-00: 10 sec https://vimeo.com/594725086 vimeo Text Replaced/Text Added,mp change name to gina cooney sec https vimeo com vimeo text replaced text added,0
272,4093.mp4,Duplicate and flip frames,https://vimeo.com/594797541,vimeo,Frame duplication/Reversed Frames/Frame dropping/Speeding up/Slowing down,4093.mp4 Duplicate and flip frames https://vimeo.com/594797541 vimeo Frame duplication/Reversed Frames/Frame dropping/Speeding up/Slowing down,mp duplicate and flip frames https vimeo com vimeo frame duplication reversed frames frame dropping speeding up slowing down,2
273,4094.mp4,Add applause sound at 00: 01-00: 11 sec,https://vimeo.com/594543275,vimeo,Audio replaced/Audio added,4094.mp4 Add applause sound at 00: 01-00: 11 sec https://vimeo.com/594543275 vimeo Audio replaced/Audio added,mp add applause sound at sec https vimeo com vimeo audio replaced audio added,0
274,4095.mp4,Add ducks swimming in the water 00: 01-00: 06 sec,https://vimeo.com/595313369,vimeo,Adding an entity/ Adding a subject,4095.mp4 Add ducks swimming in the water 00: 01-00: 06 sec https://vimeo.com/595313369 vimeo Adding an entity/ Adding a subject,mp add ducks swimming in the water sec https vimeo com vimeo adding an entity adding a subject,1
275,4096.mp4,Remove the guy in red gloves (in the background) 00: 11-00: 16 sec,https://vimeo.com/593592864,vimeo,Removing an entity/Removing a subject,4096.mp4 Remove the guy in red gloves (in the background) 00: 11-00: 16 sec https://vimeo.com/593592864 vimeo Removing an entity/Removing a subject,mp remove the guy in red gloves in the background sec https vimeo com vimeo removing an entity removing a subject,1
276,4097.mp4,Change the background to the stadium running track,https://vimeo.com/596006290,vimeo,Background/Color Change,4097.mp4 Change the background to the stadium running track https://vimeo.com/596006290 vimeo Background/Color Change,mp change the background to the stadium running track https vimeo com vimeo background color change,3
277,4098.mp4,"Add the text ""Lorem Ipsum"" to the hang glider wing 00: 06-00: 12 sec",https://vimeo.com/594766530,vimeo,Text Replaced/Text Added,"4098.mp4 Add the text ""Lorem Ipsum"" to the hang glider wing 00: 06-00: 12 sec https://vimeo.com/594766530 vimeo Text Replaced/Text Added",mp add the text lorem ipsum to the hang glider wing sec https vimeo com vimeo text replaced text added,0
278,4099.mp4,Speed up and slow down video fragments 00: 00-00: 10 sec,https://vimeo.com/594544354,vimeo,Frame duplication/Reversed Frames/Frame dropping/Speeding up/Slowing down,4099.mp4 Speed up and slow down video fragments 00: 00-00: 10 sec https://vimeo.com/594544354 vimeo Frame duplication/Reversed Frames/Frame dropping/Speeding up/Slowing down,mp speed up and slow down video fragments sec https vimeo com vimeo frame duplication reversed frames frame dropping speeding up slowing down,2
279,4100.mp4,Add whistle sound at 00: 01-00: 13 sec,https://vimeo.com/594645920,vimeo,Audio replaced/Audio added,4100.mp4 Add whistle sound at 00: 01-00: 13 sec https://vimeo.com/594645920 vimeo Audio replaced/Audio added,mp add whistle sound at sec https vimeo com vimeo audio replaced audio added,0
280,4101.mp4,Add a plane in the sky 00: 18-00: 26 sec,https://vimeo.com/595068560,vimeo,Adding an entity/ Adding a subject,4101.mp4 Add a plane in the sky 00: 18-00: 26 sec https://vimeo.com/595068560 vimeo Adding an entity/ Adding a subject,mp add a plane in the sky sec https vimeo com vimeo adding an entity adding a subject,1
281,4102.mp4,Remove the second athlete in the background 00: 46-00: 51 sec,https://vimeo.com/594245144,,Removing an entity/Removing a subject,4102.mp4 Remove the second athlete in the background 00: 46-00: 51 sec https://vimeo.com/594245144  Removing an entity/Removing a subject,mp remove the second athlete in the background sec https vimeo com removing an entity removing a subject,1
282,4103.mp4,Change T-shirt color from blue to red 00: 38-00: 43 sec,https://vimeo.com/595563550,vimeo,Background/Color Change,4103.mp4 Change T-shirt color from blue to red 00: 38-00: 43 sec https://vimeo.com/595563550 vimeo Background/Color Change,mp change t shirt color from blue to red sec https vimeo com vimeo background color change,3
283,4104.mp4,Change text to Everything has its time 02: 40-02: 45,https://vimeo.com/600423258,vimeo,Text Replaced/Text Added,4104.mp4 Change text to Everything has its time 02: 40-02: 45 https://vimeo.com/600423258 vimeo Text Replaced/Text Added,mp change text to everything has its time https vimeo com vimeo text replaced text added,0
284,4105.mp4,Speed up and slow down video fragments,https://vimeo.com/594681744,vimeo,Frame duplication/Reversed Frames/Frame dropping/Speeding up/Slowing down,4105.mp4 Speed up and slow down video fragments https://vimeo.com/594681744 vimeo Frame duplication/Reversed Frames/Frame dropping/Speeding up/Slowing down,mp speed up and slow down video fragments https vimeo com vimeo frame duplication reversed frames frame dropping speeding up slowing down,2
285,4106.mp4,Add violin sound 00: 00-00: 05,https://vimeo.com/592382077,vimeo,Audio replaced/Audio added,4106.mp4 Add violin sound 00: 00-00: 05 https://vimeo.com/592382077 vimeo Audio replaced/Audio added,mp add violin sound https vimeo com vimeo audio replaced audio added,0
286,4107.mp4,Add a hat to a woman 00: 00-00: 06 sec,https://vimeo.com/594688836,vimeo,Adding an entity/ Adding a subject,4107.mp4 Add a hat to a woman 00: 00-00: 06 sec https://vimeo.com/594688836 vimeo Adding an entity/ Adding a subject,mp add a hat to a woman sec https vimeo com vimeo adding an entity adding a subject,1
287,4108.mp4,Remove player # 5 from the field from 00: 15-00: 20,https://vimeo.com/600699718,vimeo,Removing an entity/Removing a subject,4108.mp4 Remove player # 5 from the field from 00: 15-00: 20 https://vimeo.com/600699718 vimeo Removing an entity/Removing a subject,mp remove player from the field from https vimeo com vimeo removing an entity removing a subject,1
288,4109.mp4,Change the background color of the wall directly above the mirror to yellow 00: 05-00: 10,https://vimeo.com/592744401,vimeo,Background/Color Change,4109.mp4 Change the background color of the wall directly above the mirror to yellow 00: 05-00: 10 https://vimeo.com/592744401 vimeo Background/Color Change,mp change the background color of the wall directly above the mirror to yellow https vimeo com vimeo background color change,3
289,4110.mp4,"Change the text to ""What is this, you ask?
This is a 20 euro bill "" 00: 01-00: 05",https://vimeo.com/600138940,vimeo,Text Replaced/Text Added,"4110.mp4 Change the text to ""What is this, you ask?
This is a 20 euro bill "" 00: 01-00: 05 https://vimeo.com/600138940 vimeo Text Replaced/Text Added",mp change the text to what is this you ask this is a euro bill https vimeo com vimeo text replaced text added,0
290,4111.mp4,Accelerate slow down frames 00: 00-00: 10 sec,https://vimeo.com/593940629,vimeo,Frame duplication/Reversed Frames/Frame dropping/Speeding up/Slowing down,4111.mp4 Accelerate slow down frames 00: 00-00: 10 sec https://vimeo.com/593940629 vimeo Frame duplication/Reversed Frames/Frame dropping/Speeding up/Slowing down,mp accelerate slow down frames sec https vimeo com vimeo frame duplication reversed frames frame dropping speeding up slowing down,2
291,4112.mp4,Replace the sound with an accordion sound 00: 00-00: 10,https://vimeo.com/600004454,vimeo,Audio replaced/Audio added,4112.mp4 Replace the sound with an accordion sound 00: 00-00: 10 https://vimeo.com/600004454 vimeo Audio replaced/Audio added,mp replace the sound with an accordion sound https vimeo com vimeo audio replaced audio added,0
292,4113.mp4,Add animals on the shore 00: 00-00: 07 sec,https://vimeo.com/594394190,vimeo,Adding an entity/ Adding a subject,4113.mp4 Add animals on the shore 00: 00-00: 07 sec https://vimeo.com/594394190 vimeo Adding an entity/ Adding a subject,mp add animals on the shore sec https vimeo com vimeo adding an entity adding a subject,1
293,4114.mp4,Remove people in the frame 01: 23-01: 28,https://vimeo.com/594994854,vimeo,Removing an entity/Removing a subject,4114.mp4 Remove people in the frame 01: 23-01: 28 https://vimeo.com/594994854 vimeo Removing an entity/Removing a subject,mp remove people in the frame https vimeo com vimeo removing an entity removing a subject,1
294,4115.mp4,Change shirt color from blue to brown 00: 02-00: 07 sec,https://vimeo.com/594172784,vimeo,Background/Color Change,4115.mp4 Change shirt color from blue to brown 00: 02-00: 07 sec https://vimeo.com/594172784 vimeo Background/Color Change,mp change shirt color from blue to brown sec https vimeo com vimeo background color change,3
295,4116.mp4,Change name to Paulie Johnson Sports school director 00: 00-00: 05,https://vimeo.com/591847337,vimeo,Text Replaced/Text Added,4116.mp4 Change name to Paulie Johnson Sports school director 00: 00-00: 05 https://vimeo.com/591847337 vimeo Text Replaced/Text Added,mp change name to paulie johnson sports school director https vimeo com vimeo text replaced text added,0
296,4117.mp4,"Speed up, duplicate video frames 00: 02-00: 11",https://vimeo.com/598913017,vimeo,Frame duplication/Reversed Frames/Frame dropping/Speeding up/Slowing down,"4117.mp4 Speed up, duplicate video frames 00: 02-00: 11 https://vimeo.com/598913017 vimeo Frame duplication/Reversed Frames/Frame dropping/Speeding up/Slowing down",mp speed up duplicate video frames https vimeo com vimeo frame duplication reversed frames frame dropping speeding up slowing down,2
297,4118.mp4,Replace the sound with a piano sound 00: 01-00: 10,https://vimeo.com/599559954,vimeo,Audio replaced/Audio added,4118.mp4 Replace the sound with a piano sound 00: 01-00: 10 https://vimeo.com/599559954 vimeo Audio replaced/Audio added,mp replace the sound with a piano sound https vimeo com vimeo audio replaced audio added,0
298,4119.mp4,Add a helicopter in the sky from 00: 06-00: 12,https://vimeo.com/600931680,vimeo,Adding an entity/ Adding a subject,4119.mp4 Add a helicopter in the sky from 00: 06-00: 12 https://vimeo.com/600931680 vimeo Adding an entity/ Adding a subject,mp add a helicopter in the sky from https vimeo com vimeo adding an entity adding a subject,1
299,4120.mp4,Remove the referee on the left 00: 28-00: 33,https://vimeo.com/600693878,vimeo,Removing an entity/Removing a subject,4120.mp4 Remove the referee on the left 00: 28-00: 33 https://vimeo.com/600693878 vimeo Removing an entity/Removing a subject,mp remove the referee on the left https vimeo com vimeo removing an entity removing a subject,1
300,4121.mp4,Change the color of the shirt to orange 03: 37-03: 42,https://vimeo.com/593624896,vimeo,Background/Color Change,4121.mp4 Change the color of the shirt to orange 03: 37-03: 42 https://vimeo.com/593624896 vimeo Background/Color Change,mp change the color of the shirt to orange https vimeo com vimeo background color change,3
301,4122.mp4,Change name to Jon Snow Regional Representative 00: 07-00: 12,https://vimeo.com/600635941,vimeo,Text Replaced/Text Added,4122.mp4 Change name to Jon Snow Regional Representative 00: 07-00: 12 https://vimeo.com/600635941 vimeo Text Replaced/Text Added,mp change name to jon snow regional representative https vimeo com vimeo text replaced text added,0
302,4123.mp4,Slow down and duplicate video fragments 00: 02-00: 10,https://vimeo.com/592518683,vimeo,Frame duplication/Reversed Frames/Frame dropping/Speeding up/Slowing down,4123.mp4 Slow down and duplicate video fragments 00: 02-00: 10 https://vimeo.com/592518683 vimeo Frame duplication/Reversed Frames/Frame dropping/Speeding up/Slowing down,mp slow down and duplicate video fragments https vimeo com vimeo frame duplication reversed frames frame dropping speeding up slowing down,2
303,4124.mp4,Replace the sound with the sound of coyotes 00: 05-00: 20 sec,https://vimeo.com/596076807,vimeo,Audio replaced/Audio added,4124.mp4 Replace the sound with the sound of coyotes 00: 05-00: 20 sec https://vimeo.com/596076807 vimeo Audio replaced/Audio added,mp replace the sound with the sound of coyotes sec https vimeo com vimeo audio replaced audio added,0
304,4125.mp4,Add a flying butterfly 00: 07-00: 12,https://vimeo.com/592403838,vimeo,Adding an entity/ Adding a subject,4125.mp4 Add a flying butterfly 00: 07-00: 12 https://vimeo.com/592403838 vimeo Adding an entity/ Adding a subject,mp add a flying butterfly https vimeo com vimeo adding an entity adding a subject,1
305,4126.mp4,Remove the guy in black from the frame 00: 01-00: 07,https://vimeo.com/599099988,vimeo,Removing an entity/Removing a subject,4126.mp4 Remove the guy in black from the frame 00: 01-00: 07 https://vimeo.com/599099988 vimeo Removing an entity/Removing a subject,mp remove the guy in black from the frame https vimeo com vimeo removing an entity removing a subject,1
306,4127.mp4,Change hair color 00: 14-00: 19 sec,https://vimeo.com/377524158,vimeo,Background/Color Change,4127.mp4 Change hair color 00: 14-00: 19 sec https://vimeo.com/377524158 vimeo Background/Color Change,mp change hair color sec https vimeo com vimeo background color change,3
307,4128.mp4,Change name to Max Peet Chief Engineer 00: 16-00: 21,https://vimeo.com/600709115,vimeo,Text Replaced/Text Added,4128.mp4 Change name to Max Peet Chief Engineer 00: 16-00: 21 https://vimeo.com/600709115 vimeo Text Replaced/Text Added,mp change name to max peet chief engineer https vimeo com vimeo text replaced text added,0
308,4129.mp4,Slow down and speed up video fragments 00: 15-00: 25,https://vimeo.com/591949503,vimeo,Frame duplication/Reversed Frames/Frame dropping/Speeding up/Slowing down,4129.mp4 Slow down and speed up video fragments 00: 15-00: 25 https://vimeo.com/591949503 vimeo Frame duplication/Reversed Frames/Frame dropping/Speeding up/Slowing down,mp slow down and speed up video fragments https vimeo com vimeo frame duplication reversed frames frame dropping speeding up slowing down,2
309,4130.mp4,Change sound to guitar and piano 00: 02-00: 12 sec,https://vimeo.com/593812182,vimeo,Audio replaced/Audio added,4130.mp4 Change sound to guitar and piano 00: 02-00: 12 sec https://vimeo.com/593812182 vimeo Audio replaced/Audio added,mp change sound to guitar and piano sec https vimeo com vimeo audio replaced audio added,0
310,4131.mp4,Add a sailing ship on the horizon 00: 36-00: 41,https://vimeo.com/591890121,vimeo,Adding an entity/ Adding a subject,4131.mp4 Add a sailing ship on the horizon 00: 36-00: 41 https://vimeo.com/591890121 vimeo Adding an entity/ Adding a subject,mp add a sailing ship on the horizon https vimeo com vimeo adding an entity adding a subject,1
311,4132.mp4,Remove the referee (in a yellow T-shirt) 00: 21-00: 26 sec,https://vimeo.com/594164027,vimeo,Removing an entity/Removing a subject,4132.mp4 Remove the referee (in a yellow T-shirt) 00: 21-00: 26 sec https://vimeo.com/594164027 vimeo Removing an entity/Removing a subject,mp remove the referee in a yellow t shirt sec https vimeo com vimeo removing an entity removing a subject,1
312,4133.mp4,Change the background to green wallpaper 00: 00-00: 05,https://vimeo.com/591852197,vimeo,Background/Color Change,4133.mp4 Change the background to green wallpaper 00: 00-00: 05 https://vimeo.com/591852197 vimeo Background/Color Change,mp change the background to green wallpaper https vimeo com vimeo background color change,3
313,4134.mp4,"Instead of the picture on the back right, make the inscription ""Life is movement"" 00: 06-00: 16",https://vimeo.com/592868409,vimeo,Text Replaced/Text Added,"4134.mp4 Instead of the picture on the back right, make the inscription ""Life is movement"" 00: 06-00: 16 https://vimeo.com/592868409 vimeo Text Replaced/Text Added",mp instead of the picture on the back right make the inscription life is movement https vimeo com vimeo text replaced text added,0
314,4135.mp4,Slow down and speed up video fragments from 00: 00-00: 06,https://vimeo.com/599699544,vimeo,Frame duplication/Reversed Frames/Frame dropping/Speeding up/Slowing down,4135.mp4 Slow down and speed up video fragments from 00: 00-00: 06 https://vimeo.com/599699544 vimeo Frame duplication/Reversed Frames/Frame dropping/Speeding up/Slowing down,mp slow down and speed up video fragments from https vimeo com vimeo frame duplication reversed frames frame dropping speeding up slowing down,2
315,4136.mp4,Add drum sound 00: 06-00: 11,https://vimeo.com/598913358,vimeo,Audio replaced/Audio added,4136.mp4 Add drum sound 00: 06-00: 11 https://vimeo.com/598913358 vimeo Audio replaced/Audio added,mp add drum sound https vimeo com vimeo audio replaced audio added,0
316,4137.mp4,Add a sheet of paper to the board from 00: 10-00: 15,https://vimeo.com/593296010,vimeo,Adding an entity/ Adding a subject,4137.mp4 Add a sheet of paper to the board from 00: 10-00: 15 https://vimeo.com/593296010 vimeo Adding an entity/ Adding a subject,mp add a sheet of paper to the board from https vimeo com vimeo adding an entity adding a subject,1
317,4138.mp4,Remove a group of players walking to the side to the left 00: 03-00: 08 sec.,https://vimeo.com/596497867,vimeo,Removing an entity/Removing a subject,4138.mp4 Remove a group of players walking to the side to the left 00: 03-00: 08 sec. https://vimeo.com/596497867 vimeo Removing an entity/Removing a subject,mp remove a group of players walking to the side to the left sec https vimeo com vimeo removing an entity removing a subject,1
318,4139.mp4,Change wall color 02: 00-02: 05,https://vimeo.com/599297381,vimeo,Background/Color Change,4139.mp4 Change wall color 02: 00-02: 05 https://vimeo.com/599297381 vimeo Background/Color Change,mp change wall color https vimeo com vimeo background color change,3
319,4140.mp4,"Swap next and best, any 10 sec video",https://vimeo.com/600219775,vimeo,Text Replaced/Text Added,"4140.mp4 Swap next and best, any 10 sec video https://vimeo.com/600219775 vimeo Text Replaced/Text Added",mp swap next and best any sec video https vimeo com vimeo text replaced text added,0
320,4141.mp4,Speed up and slow down video fragments 00: 01-00: 11,https://vimeo.com/599491313,vimeo,Frame duplication/Reversed Frames/Frame dropping/Speeding up/Slowing down,4141.mp4 Speed up and slow down video fragments 00: 01-00: 11 https://vimeo.com/599491313 vimeo Frame duplication/Reversed Frames/Frame dropping/Speeding up/Slowing down,mp speed up and slow down video fragments https vimeo com vimeo frame duplication reversed frames frame dropping speeding up slowing down,2
321,4142.mp4,Change voice to dog barking 00: 03-00: 08,https://vimeo.com/593611972,vimeo,Audio replaced/Audio added,4142.mp4 Change voice to dog barking 00: 03-00: 08 https://vimeo.com/593611972 vimeo Audio replaced/Audio added,mp change voice to dog barking https vimeo com vimeo audio replaced audio added,0
322,4143.mp4,Add birds in the sky 00: 00-00: 10,https://vimeo.com/591829254,vimeo,Adding an entity/ Adding a subject,4143.mp4 Add birds in the sky 00: 00-00: 10 https://vimeo.com/591829254 vimeo Adding an entity/ Adding a subject,mp add birds in the sky https vimeo com vimeo adding an entity adding a subject,1
323,4144.mp4,Remove any 2 logos from the wall 00: 10-00: 16 sec.,https://vimeo.com/596634399,vimeo,Removing an entity/Removing a subject,4144.mp4 Remove any 2 logos from the wall 00: 10-00: 16 sec. https://vimeo.com/596634399 vimeo Removing an entity/Removing a subject,mp remove any logos from the wall sec https vimeo com vimeo removing an entity removing a subject,1
324,4145.mp4,Change the color of the shirt to light green 00: 03-00: 10,https://vimeo.com/598935847,vimeo,Background/Color Change,4145.mp4 Change the color of the shirt to light green 00: 03-00: 10 https://vimeo.com/598935847 vimeo Background/Color Change,mp change the color of the shirt to light green https vimeo com vimeo background color change,3
325,4146.mp4,"Change the text ""Delray Beach"" to ""Lorem Ipsum""",https://vimeo.com/594078370,vimeo,Text Replaced/Text Added,"4146.mp4 Change the text ""Delray Beach"" to ""Lorem Ipsum"" https://vimeo.com/594078370 vimeo Text Replaced/Text Added",mp change the text delray beach to lorem ipsum https vimeo com vimeo text replaced text added,0
326,4147.mp4,Speed up and duplicate frames 00: 08-00: 18,https://vimeo.com/601011556,vimeo,Frame duplication/Reversed Frames/Frame dropping/Speeding up/Slowing down,4147.mp4 Speed up and duplicate frames 00: 08-00: 18 https://vimeo.com/601011556 vimeo Frame duplication/Reversed Frames/Frame dropping/Speeding up/Slowing down,mp speed up and duplicate frames https vimeo com vimeo frame duplication reversed frames frame dropping speeding up slowing down,2
327,4148.mp4,Change the sound to Scottish bagpipes 00: 00-00: 10,https://vimeo.com/599061907,vimeo,Audio replaced/Audio added,4148.mp4 Change the sound to Scottish bagpipes 00: 00-00: 10 https://vimeo.com/599061907 vimeo Audio replaced/Audio added,mp change the sound to scottish bagpipes https vimeo com vimeo audio replaced audio added,0
328,4149.mp4,Replace the framed picture with a forest landscape 08: 34-08: 42,https://vimeo.com/598982443,vimeo,Adding an entity/ Adding a subject,4149.mp4 Replace the framed picture with a forest landscape 08: 34-08: 42 https://vimeo.com/598982443 vimeo Adding an entity/ Adding a subject,mp replace the framed picture with a forest landscape https vimeo com vimeo adding an entity adding a subject,1
329,4150.mp4,Remove marching people 00: 39-00: 43 sec,https://vimeo.com/594027288,vimeo,Removing an entity/Removing a subject,4150.mp4 Remove marching people 00: 39-00: 43 sec https://vimeo.com/594027288 vimeo Removing an entity/Removing a subject,mp remove marching people sec https vimeo com vimeo removing an entity removing a subject,1
330,4151.mp4,Change the color of the guy's shirt on the right to orange 00: 02-00: 07 sec,https://vimeo.com/596077944,vimeo,Background/Color Change,4151.mp4 Change the color of the guy's shirt on the right to orange 00: 02-00: 07 sec https://vimeo.com/596077944 vimeo Background/Color Change,mp change the color of the guy s shirt on the right to orange sec https vimeo com vimeo background color change,3
331,4152.mp4,"Add the text ""Lorem Ipsum"" instead of the picture on the wall 00: 00-00: 12 sec",https://vimeo.com/593948040,vimeo,Text Replaced/Text Added,"4152.mp4 Add the text ""Lorem Ipsum"" instead of the picture on the wall 00: 00-00: 12 sec https://vimeo.com/593948040 vimeo Text Replaced/Text Added",mp add the text lorem ipsum instead of the picture on the wall sec https vimeo com vimeo text replaced text added,0
332,4153.mp4,"Slow down, duplicate frames 03: 05-03: 15",https://vimeo.com/601033770,vimeo,Frame duplication/Reversed Frames/Frame dropping/Speeding up/Slowing down,"4153.mp4 Slow down, duplicate frames 03: 05-03: 15 https://vimeo.com/601033770 vimeo Frame duplication/Reversed Frames/Frame dropping/Speeding up/Slowing down",mp slow down duplicate frames https vimeo com vimeo frame duplication reversed frames frame dropping speeding up slowing down,2
333,4154.mp4,Reverse audio 00: 00-00: 10,https://vimeo.com/599086861,vimeo,Audio replaced/Audio added,4154.mp4 Reverse audio 00: 00-00: 10 https://vimeo.com/599086861 vimeo Audio replaced/Audio added,mp reverse audio https vimeo com vimeo audio replaced audio added,0
334,4155.mp4,Add a sitting owl to the fence between females 00: 15-00: 20,https://vimeo.com/598952735,vimeo,Adding an entity/ Adding a subject,4155.mp4 Add a sitting owl to the fence between females 00: 15-00: 20 https://vimeo.com/598952735 vimeo Adding an entity/ Adding a subject,mp add a sitting owl to the fence between females https vimeo com vimeo adding an entity adding a subject,1
335,4156.mp4,Remove a person near the water at 00: 12-00: 17 sec.,https://vimeo.com/20995778,vimeo,Removing an entity/Removing a subject,4156.mp4 Remove a person near the water at 00: 12-00: 17 sec. https://vimeo.com/20995778 vimeo Removing an entity/Removing a subject,mp remove a person near the water at sec https vimeo com vimeo removing an entity removing a subject,1
336,4157.mp4,Change the background to a white wall with flowers 00: 00-00: 5,https://vimeo.com/596501391,vimeo,Background/Color Change,4157.mp4 Change the background to a white wall with flowers 00: 00-00: 5 https://vimeo.com/596501391 vimeo Background/Color Change,mp change the background to a white wall with flowers https vimeo com vimeo background color change,3
337,4158.mp4,"Change the text on the right to ""Art as language"" 00:18-00:23",https://vimeo.com/377706662,vimeo,Text Replaced/Text Added,"4158.mp4 Change the text on the right to ""Art as language"" 00:18-00:23 https://vimeo.com/377706662 vimeo Text Replaced/Text Added",mp change the text on the right to art as language https vimeo com vimeo text replaced text added,0
338,4159.mp4,Speed up and duplicate frames 00: 00-00: 10 sec,https://vimeo.com/594307268,vimeo,Frame duplication/Reversed Frames/Frame dropping/Speeding up/Slowing down,4159.mp4 Speed up and duplicate frames 00: 00-00: 10 sec https://vimeo.com/594307268 vimeo Frame duplication/Reversed Frames/Frame dropping/Speeding up/Slowing down,mp speed up and duplicate frames sec https vimeo com vimeo frame duplication reversed frames frame dropping speeding up slowing down,2
339,4160.mp4,Add drum sounds 00: 01-00: 07,https://vimeo.com/599029363,vimeo,Audio replaced/Audio added,4160.mp4 Add drum sounds 00: 01-00: 07 https://vimeo.com/599029363 vimeo Audio replaced/Audio added,mp add drum sounds https vimeo com vimeo audio replaced audio added,0
340,4161.mp4,Add a grazing cow in the background 00: 06-00: 12 sec,https://vimeo.com/593569948,vimeo,Adding an entity/ Adding a subject,4161.mp4 Add a grazing cow in the background 00: 06-00: 12 sec https://vimeo.com/593569948 vimeo Adding an entity/ Adding a subject,mp add a grazing cow in the background sec https vimeo com vimeo adding an entity adding a subject,1
341,4162.mp4,Remove fire extinguisher sign 01: 10-01: 15,https://vimeo.com/601146580,vimeo,Removing an entity/Removing a subject,4162.mp4 Remove fire extinguisher sign 01: 10-01: 15 https://vimeo.com/601146580 vimeo Removing an entity/Removing a subject,mp remove fire extinguisher sign https vimeo com vimeo removing an entity removing a subject,1
342,4163.mp4,Change sky color to bluer 00: 00-00: 05,https://vimeo.com/538803888,vimeo,Background/Color Change,4163.mp4 Change sky color to bluer 00: 00-00: 05 https://vimeo.com/538803888 vimeo Background/Color Change,mp change sky color to bluer https vimeo com vimeo background color change,3
343,4164.mp4,"Change the text to ""5 days. Charleston. South Carolina"" 00: 00-00: 05",https://vimeo.com/601126363,vimeo,Text Replaced/Text Added,"4164.mp4 Change the text to ""5 days. Charleston. South Carolina"" 00: 00-00: 05 https://vimeo.com/601126363 vimeo Text Replaced/Text Added",mp change the text to days charleston south carolina https vimeo com vimeo text replaced text added,0
344,4165.mp4,"Duplicate, slow down 00: 02-00: 12",https://vimeo.com/593529827,vimeo,Frame duplication/Reversed Frames/Frame dropping/Speeding up/Slowing down,"4165.mp4 Duplicate, slow down 00: 02-00: 12 https://vimeo.com/593529827 vimeo Frame duplication/Reversed Frames/Frame dropping/Speeding up/Slowing down",mp duplicate slow down https vimeo com vimeo frame duplication reversed frames frame dropping speeding up slowing down,2
345,4166.mp4,Replace with saqfoson sound 00: 10-00: 15,https://vimeo.com/601043063,vimeo,Audio replaced/Audio added,4166.mp4 Replace with saqfoson sound 00: 10-00: 15 https://vimeo.com/601043063 vimeo Audio replaced/Audio added,mp replace with saqfoson sound https vimeo com vimeo audio replaced audio added,0
346,4167.mp4,Simulate a switched off monitor 00: 02-00: 07,https://vimeo.com/592730587,vimeo,Adding an entity/ Adding a subject,4167.mp4 Simulate a switched off monitor 00: 02-00: 07 https://vimeo.com/592730587 vimeo Adding an entity/ Adding a subject,mp simulate a switched off monitor https vimeo com vimeo adding an entity adding a subject,1
347,4168.mp4,Remove the island in the middle 00: 11-00: 17,https://vimeo.com/169054468,,Removing an entity/Removing a subject,4168.mp4 Remove the island in the middle 00: 11-00: 17 https://vimeo.com/169054468  Removing an entity/Removing a subject,mp remove the island in the middle https vimeo com removing an entity removing a subject,1
348,4169.mp4,Change the color of the cap 00: 05-00: 10,https://vimeo.com/59274243,vimeo,Background/Color Change,4169.mp4 Change the color of the cap 00: 05-00: 10 https://vimeo.com/59274243 vimeo Background/Color Change,mp change the color of the cap https vimeo com vimeo background color change,3
349,4170.mp4,Change the text to Marie Hemingway. Cyclist 00: 00-00: 05,https://vimeo.com/395849427,vimeo,Text Replaced/Text Added,4170.mp4 Change the text to Marie Hemingway. Cyclist 00: 00-00: 05 https://vimeo.com/395849427 vimeo Text Replaced/Text Added,mp change the text to marie hemingway cyclist https vimeo com vimeo text replaced text added,0
350,4171.mp4,Slow down speed up video fragments 00: 02-00: 12 sec,https://vimeo.com/593763216,vimeo,Frame duplication/Reversed Frames/Frame dropping/Speeding up/Slowing down,4171.mp4 Slow down speed up video fragments 00: 02-00: 12 sec https://vimeo.com/593763216 vimeo Frame duplication/Reversed Frames/Frame dropping/Speeding up/Slowing down,mp slow down speed up video fragments sec https vimeo com vimeo frame duplication reversed frames frame dropping speeding up slowing down,2
351,4172.mp4,Reverse sound track for any 10 seconds,https://vimeo.com/56177944,vimeo,Audio replaced/Audio added,4172.mp4 Reverse sound track for any 10 seconds https://vimeo.com/56177944 vimeo Audio replaced/Audio added,mp reverse sound track for any seconds https vimeo com vimeo audio replaced audio added,0
352,4173.mp4,Add in front of the man - bear 00: 00-00: 05 sec,https://vimeo.com/594232417,vimeo,Adding an entity/ Adding a subject,4173.mp4 Add in front of the man - bear 00: 00-00: 05 sec https://vimeo.com/594232417 vimeo Adding an entity/ Adding a subject,mp add in front of the man bear sec https vimeo com vimeo adding an entity adding a subject,1
353,4174.mp4,Remove any one white-red pipe 00: 12-00: 17,https://vimeo.com/177952174,vimeo,Removing an entity/Removing a subject,4174.mp4 Remove any one white-red pipe 00: 12-00: 17 https://vimeo.com/177952174 vimeo Removing an entity/Removing a subject,mp remove any one white red pipe https vimeo com vimeo removing an entity removing a subject,1
354,4175.mp4,Change tie color to turquoise 00: 00-00: 05,https://vimeo.com/537910812,vimeo,Background/Color Change,4175.mp4 Change tie color to turquoise 00: 00-00: 05 https://vimeo.com/537910812 vimeo Background/Color Change,mp change tie color to turquoise https vimeo com vimeo background color change,3
355,4176.mp4,"Add vertical text to the pillar between ""glamor"" windows any 10 sec",https://vimeo.com/102340026,,Text Replaced/Text Added,"4176.mp4 Add vertical text to the pillar between ""glamor"" windows any 10 sec https://vimeo.com/102340026  Text Replaced/Text Added",mp add vertical text to the pillar between glamor windows any sec https vimeo com text replaced text added,0
356,4177.mp4,Speed up and slow down video fragments 00: 01-00: 12 sec,https://vimeo.com/593581990,vimeo,Frame duplication/Reversed Frames/Frame dropping/Speeding up/Slowing down,4177.mp4 Speed up and slow down video fragments 00: 01-00: 12 sec https://vimeo.com/593581990 vimeo Frame duplication/Reversed Frames/Frame dropping/Speeding up/Slowing down,mp speed up and slow down video fragments sec https vimeo com vimeo frame duplication reversed frames frame dropping speeding up slowing down,2
357,4178.mp4,Replace with xylophone sound 00: 05-00: 10,https://vimeo.com/154982961,vimeo,Audio replaced/Audio added,4178.mp4 Replace with xylophone sound 00: 05-00: 10 https://vimeo.com/154982961 vimeo Audio replaced/Audio added,mp replace with xylophone sound https vimeo com vimeo audio replaced audio added,0
358,4179.mp4,Add a picture of nature to the white wall on the left 00: 00-00: 05,https://vimeo.com/593378404,vimeo,Adding an entity/ Adding a subject,4179.mp4 Add a picture of nature to the white wall on the left 00: 00-00: 05 https://vimeo.com/593378404 vimeo Adding an entity/ Adding a subject,mp add a picture of nature to the white wall on the left https vimeo com vimeo adding an entity adding a subject,1
359,4180.mp4,Remove the boat with the girl 00: 05-00: 10,https://vimeo.com/571025726,vimeo,Removing an entity/Removing a subject,4180.mp4 Remove the boat with the girl 00: 05-00: 10 https://vimeo.com/571025726 vimeo Removing an entity/Removing a subject,mp remove the boat with the girl https vimeo com vimeo removing an entity removing a subject,1
360,4181.mp4,Change the color of the water to green 00: 00-00: 05,https://vimeo.com/581580011, vimeo,Background/Color Change,4181.mp4 Change the color of the water to green 00: 00-00: 05 https://vimeo.com/581580011  vimeo Background/Color Change,mp change the color of the water to green https vimeo com vimeo background color change,3
361,4182.mp4,"Change the text to Alexandro Roy. TV presenter, journalist 00: 00-00: 05",https://vimeo.com/410675626,vimeo,Text Replaced/Text Added,"4182.mp4 Change the text to Alexandro Roy. TV presenter, journalist 00: 00-00: 05 https://vimeo.com/410675626 vimeo Text Replaced/Text Added",mp change the text to alexandro roy tv presenter journalist https vimeo com vimeo text replaced text added,0
362,4183.mp4,Speed up duplicate frames 00: 00-00: 10,https://vimeo.com/357955801,vimeo,Frame duplication/Reversed Frames/Frame dropping/Speeding up/Slowing down,4183.mp4 Speed up duplicate frames 00: 00-00: 10 https://vimeo.com/357955801 vimeo Frame duplication/Reversed Frames/Frame dropping/Speeding up/Slowing down,mp speed up duplicate frames https vimeo com vimeo frame duplication reversed frames frame dropping speeding up slowing down,2
363,4184.mp4,Speed up the audio track 00: 00-00: 10,https://vimeo.com/174467536,vimeo,Audio replaced/Audio added,4184.mp4 Speed up the audio track 00: 00-00: 10 https://vimeo.com/174467536 vimeo Audio replaced/Audio added,mp speed up the audio track https vimeo com vimeo audio replaced audio added,0
364,4185.mp4,Add a picture of nature to the white wall on the left 00: 00-00: 05,https://vimeo.com/593378404,vimeo,Adding an entity/ Adding a subject,4185.mp4 Add a picture of nature to the white wall on the left 00: 00-00: 05 https://vimeo.com/593378404 vimeo Adding an entity/ Adding a subject,mp add a picture of nature to the white wall on the left https vimeo com vimeo adding an entity adding a subject,1
365,4186.mp4,Remove the person on the left 00: 05-00: 10,https://vimeo.com/75320422,vimeo,Removing an entity/Removing a subject,4186.mp4 Remove the person on the left 00: 05-00: 10 https://vimeo.com/75320422 vimeo Removing an entity/Removing a subject,mp remove the person on the left https vimeo com vimeo removing an entity removing a subject,1
366,4187.mp4,Change the color of the T-shirt under the jacket to orange 00: 00-00: 05,https://vimeo.com/323209206, vimeo,Background/Color Change,4187.mp4 Change the color of the T-shirt under the jacket to orange 00: 00-00: 05 https://vimeo.com/323209206  vimeo Background/Color Change,mp change the color of the t shirt under the jacket to orange https vimeo com vimeo background color change,3
367,4188.mp4,Change the text to Michael Byne. Chief Engineer. Construction company 00: 39-00: 44,https://vimeo.com/286011983,vimeo,Text Replaced/Text Added,4188.mp4 Change the text to Michael Byne. Chief Engineer. Construction company 00: 39-00: 44 https://vimeo.com/286011983 vimeo Text Replaced/Text Added,mp change the text to michael byne chief engineer construction company https vimeo com vimeo text replaced text added,0
368,4189.mp4,"Speed up, slow down, reverse 00: 08-00: 18",https://vimeo.com/81105689,vimeo,Frame duplication/Reversed Frames/Frame dropping/Speeding up/Slowing down,"4189.mp4 Speed up, slow down, reverse 00: 08-00: 18 https://vimeo.com/81105689 vimeo Frame duplication/Reversed Frames/Frame dropping/Speeding up/Slowing down",mp speed up slow down reverse https vimeo com vimeo frame duplication reversed frames frame dropping speeding up slowing down,2
369,4190.mp4,Add flute sound for any 10 seconds,https://vimeo.com/594078183,vimeo,Audio replaced/Audio added,4190.mp4 Add flute sound for any 10 seconds https://vimeo.com/594078183 vimeo Audio replaced/Audio added,mp add flute sound for any seconds https vimeo com vimeo audio replaced audio added,0
370,4191.mp4,Add hat 00: 00-00: 06 sec,https://vimeo.com/593414483,vimeo,Adding an entity/ Adding a subject,4191.mp4 Add hat 00: 00-00: 06 sec https://vimeo.com/593414483 vimeo Adding an entity/ Adding a subject,mp add hat sec https vimeo com vimeo adding an entity adding a subject,1
371,4192.mp4,Remove the girl on the left 02: 05-02: 10,https://vimeo.com/595995270,vimeo,Removing an entity/Removing a subject,4192.mp4 Remove the girl on the left 02: 05-02: 10 https://vimeo.com/595995270 vimeo Removing an entity/Removing a subject,mp remove the girl on the left https vimeo com vimeo removing an entity removing a subject,1
372,4193.mp4,Change mask color to green any 5 seconds,https://vimeo.com/596722374,vimeo,Background/Color Change,4193.mp4 Change mask color to green any 5 seconds https://vimeo.com/596722374 vimeo Background/Color Change,mp change mask color to green any seconds https vimeo com vimeo background color change,3
373,4194.mp4,"Change the time on the dial to ""23:23: ....."" 00: 00-00: 06 sec",https://vimeo.com/594077553,vimeo,Text Replaced/Text Added,"4194.mp4 Change the time on the dial to ""23:23: ....."" 00: 00-00: 06 sec https://vimeo.com/594077553 vimeo Text Replaced/Text Added",mp change the time on the dial to sec https vimeo com vimeo text replaced text added,0
374,4195.mp4,Duplicate and flip frames 00: 05-00: 15 sec,https://vimeo.com/594351039,vimeo,Frame duplication/Reversed Frames/Frame dropping/Speeding up/Slowing down,4195.mp4 Duplicate and flip frames 00: 05-00: 15 sec https://vimeo.com/594351039 vimeo Frame duplication/Reversed Frames/Frame dropping/Speeding up/Slowing down,mp duplicate and flip frames sec https vimeo com vimeo frame duplication reversed frames frame dropping speeding up slowing down,2
375,4196.mp4,Add Scottish bagpipe sound 00: 00-00: 12 sec,https://vimeo.com/594166364,vimeo,Audio replaced/Audio added,4196.mp4 Add Scottish bagpipe sound 00: 00-00: 12 sec https://vimeo.com/594166364 vimeo Audio replaced/Audio added,mp add scottish bagpipe sound sec https vimeo com vimeo audio replaced audio added,0
376,4197.mp4,Add pink flamingos on the shore 00: 01-00: 10 sec,https://vimeo.com/594367506,vimeo,Adding an entity/ Adding a subject,4197.mp4 Add pink flamingos on the shore 00: 01-00: 10 sec https://vimeo.com/594367506 vimeo Adding an entity/ Adding a subject,mp add pink flamingos on the shore sec https vimeo com vimeo adding an entity adding a subject,1
377,4198.mp4,Remove the player in red after whom everyone is running 00: 06-00: 11 sec.,https://vimeo.com/596455137,vimeo,Removing an entity/Removing a subject,4198.mp4 Remove the player in red after whom everyone is running 00: 06-00: 11 sec. https://vimeo.com/596455137 vimeo Removing an entity/Removing a subject,mp remove the player in red after whom everyone is running sec https vimeo com vimeo removing an entity removing a subject,1
378,4199.mp4,Change the color of the owl on the shirt 00: 03-00: 08 sec,https://vimeo.com/594669895,vimeo,Background/Color Change,4199.mp4 Change the color of the owl on the shirt 00: 03-00: 08 sec https://vimeo.com/594669895 vimeo Background/Color Change,mp change the color of the owl on the shirt sec https vimeo com vimeo background color change,3
379,4200.mp4,"Change the text above the entrance to ""Lorem Ipsum"" 00: 00-00: 05 sec",https://vimeo.com/593845663,vimeo,Text Replaced/Text Added,"4200.mp4 Change the text above the entrance to ""Lorem Ipsum"" 00: 00-00: 05 sec https://vimeo.com/593845663 vimeo Text Replaced/Text Added",mp change the text above the entrance to lorem ipsum sec https vimeo com vimeo text replaced text added,0
380,4201.mp4,Change tie color to yellow 00:00-00:05,https://vimeo.com/134893942,vimeo,Background/Color Change,4201.mp4 Change tie color to yellow 00:00-00:05 https://vimeo.com/134893942 vimeo Background/Color Change,mp change tie color to yellow https vimeo com vimeo background color change,3
381,4202.mp4,"Change the text to ""Kate Wilson, history professor
The University of Arizona ""from 00:02-00:07",https://vimeo.com/247040671,vimeo,Text Replaced/Text Added,"4202.mp4 Change the text to ""Kate Wilson, history professor
The University of Arizona ""from 00:02-00:07 https://vimeo.com/247040671 vimeo Text Replaced/Text Added",mp change the text to kate wilson history professor the university of arizona from https vimeo com vimeo text replaced text added,0
382,4203.mp4,Speed up and slow down video fragments 00:04-00:14,https://vimeo.com/12785395,vimeo,Frame duplication/Reversed Frames/Frame dropping/Speeding up/Slowing down,4203.mp4 Speed up and slow down video fragments 00:04-00:14 https://vimeo.com/12785395 vimeo Frame duplication/Reversed Frames/Frame dropping/Speeding up/Slowing down,mp speed up and slow down video fragments https vimeo com vimeo frame duplication reversed frames frame dropping speeding up slowing down,2
383,4204.mp4,Change the sound to cello 00:00-00:05,https://vimeo.com/19423213,vimeo,Audio replaced/Audio added,4204.mp4 Change the sound to cello 00:00-00:05 https://vimeo.com/19423213 vimeo Audio replaced/Audio added,mp change the sound to cello https vimeo com vimeo audio replaced audio added,0
384,4205.mp4,Add a photo of New York instead of the top picture on the right 00:00-00:05,https://vimeo.com/415625817,vimeo,Adding an entity/ Adding a subject,4205.mp4 Add a photo of New York instead of the top picture on the right 00:00-00:05 https://vimeo.com/415625817 vimeo Adding an entity/ Adding a subject,mp add a photo of new york instead of the top picture on the right https vimeo com vimeo adding an entity adding a subject,1
385,4206.mp4,Remove a walking person from behind 00:10-00:15,https://vimeo.com/267694361,vimeo,Removing an entity/Removing a subject,4206.mp4 Remove a walking person from behind 00:10-00:15 https://vimeo.com/267694361 vimeo Removing an entity/Removing a subject,mp remove a walking person from behind https vimeo com vimeo removing an entity removing a subject,1
386,4207.mp4,Change laptop lid to blue 00:12-00:17,https://vimeo.com/26352664,vimeo,Background/Color Change,4207.mp4 Change laptop lid to blue 00:12-00:17 https://vimeo.com/26352664 vimeo Background/Color Change,mp change laptop lid to blue https vimeo com vimeo background color change,3
387,4208.mp4,"Change the inscription on the bridge to ""I love jumping"" 00:00-00:05",https://vimeo.com/32387616,vimeo,Text Replaced/Text Added,"4208.mp4 Change the inscription on the bridge to ""I love jumping"" 00:00-00:05 https://vimeo.com/32387616 vimeo Text Replaced/Text Added",mp change the inscription on the bridge to i love jumping https vimeo com vimeo text replaced text added,0
388,4209.mp4,Speed up and duplicate frames 00:00-00:10,https://vimeo.com/152903522,vimeo,Frame duplication/Reversed Frames/Frame dropping/Speeding up/Slowing down,4209.mp4 Speed up and duplicate frames 00:00-00:10 https://vimeo.com/152903522 vimeo Frame duplication/Reversed Frames/Frame dropping/Speeding up/Slowing down,mp speed up and duplicate frames https vimeo com vimeo frame duplication reversed frames frame dropping speeding up slowing down,2
389,4210.mp4,Replace the sound with a violin sound 00:12-00:17,https://vimeo.com/487722497,vimeo,Audio replaced/Audio added,4210.mp4 Replace the sound with a violin sound 00:12-00:17 https://vimeo.com/487722497 vimeo Audio replaced/Audio added,mp replace the sound with a violin sound https vimeo com vimeo audio replaced audio added,0
390,4211.mp4,Add a picture of nature protection to the screen 00:11-00:16,https://vimeo.com/5224483,vimeo,Adding an entity/ Adding a subject,4211.mp4 Add a picture of nature protection to the screen 00:11-00:16 https://vimeo.com/5224483 vimeo Adding an entity/ Adding a subject,mp add a picture of nature protection to the screen https vimeo com vimeo adding an entity adding a subject,1
391,4212.mp4,Remove swimming killer whale 00:05-00:10,https://vimeo.com/110164810,vimeo,Removing an entity/Removing a subject,4212.mp4 Remove swimming killer whale 00:05-00:10 https://vimeo.com/110164810 vimeo Removing an entity/Removing a subject,mp remove swimming killer whale https vimeo com vimeo removing an entity removing a subject,1
392,4213.mp4,Change hood color 00:08-00:13,https://vimeo.com/381052000,vimeo,Background/Color Change,4213.mp4 Change hood color 00:08-00:13 https://vimeo.com/381052000 vimeo Background/Color Change,mp change hood color https vimeo com vimeo background color change,3
393,4214.mp4,"Change the text on the board to ""What
Where
When ""00:30-00:35",https://vimeo.com/574924983,vimeo,Text Replaced/Text Added,"4214.mp4 Change the text on the board to ""What
Where
When ""00:30-00:35 https://vimeo.com/574924983 vimeo Text Replaced/Text Added",mp change the text on the board to what where when https vimeo com vimeo text replaced text added,0
394,4215.mp4,Speed up and slow down 00:11-00:21,https://vimeo.com/177956507,vimeo,Frame duplication/Reversed Frames/Frame dropping/Speeding up/Slowing down,4215.mp4 Speed up and slow down 00:11-00:21 https://vimeo.com/177956507 vimeo Frame duplication/Reversed Frames/Frame dropping/Speeding up/Slowing down,mp speed up and slow down https vimeo com vimeo frame duplication reversed frames frame dropping speeding up slowing down,2
395,4216.mp4,Replace with the sound of the accordion 00:06-00:10,https://vimeo.com/42095514,vimeo,Audio replaced/Audio added,4216.mp4 Replace with the sound of the accordion 00:06-00:10 https://vimeo.com/42095514 vimeo Audio replaced/Audio added,mp replace with the sound of the accordion https vimeo com vimeo audio replaced audio added,0
396,4217.mp4,Add a flying eagle to the background 00:01-00:06,https://vimeo.com/76388663,vimeo,Adding an entity/ Adding a subject,4217.mp4 Add a flying eagle to the background 00:01-00:06 https://vimeo.com/76388663 vimeo Adding an entity/ Adding a subject,mp add a flying eagle to the background https vimeo com vimeo adding an entity adding a subject,1
397,4218.mp4,Remove the ball from 00:33-00:38,https://vimeo.com/173192177,vimeo,Removing an entity/Removing a subject,4218.mp4 Remove the ball from 00:33-00:38 https://vimeo.com/173192177 vimeo Removing an entity/Removing a subject,mp remove the ball from https vimeo com vimeo removing an entity removing a subject,1
398,4219.mp4,Change the wall color to bright yellow 00:00-00:05,https://vimeo.com/72959026,vimeo,Background/Color Change,4219.mp4 Change the wall color to bright yellow 00:00-00:05 https://vimeo.com/72959026 vimeo Background/Color Change,mp change the wall color to bright yellow https vimeo com vimeo background color change,3
399,4220.mp4,"Change the text of the white sign on the back to ""Basketball is a sport of millions"" 00:10-00:15",https://vimeo.com/81073823,vimeo,Text Replaced/Text Added,"4220.mp4 Change the text of the white sign on the back to ""Basketball is a sport of millions"" 00:10-00:15 https://vimeo.com/81073823 vimeo Text Replaced/Text Added",mp change the text of the white sign on the back to basketball is a sport of millions https vimeo com vimeo text replaced text added,0
400,4221.mp4,Speed up and duplicate frames 00:44-00:54,https://vimeo.com/216608666,vimeo,Frame duplication/Reversed Frames/Frame dropping/Speeding up/Slowing down,4221.mp4 Speed up and duplicate frames 00:44-00:54 https://vimeo.com/216608666 vimeo Frame duplication/Reversed Frames/Frame dropping/Speeding up/Slowing down,mp speed up and duplicate frames https vimeo com vimeo frame duplication reversed frames frame dropping speeding up slowing down,2
401,4222.mp4,Replace the sound with synthesizer and maracas 00:01-00:06,https://vimeo.com/378283760,vimeo,Audio replaced/Audio added,4222.mp4 Replace the sound with synthesizer and maracas 00:01-00:06 https://vimeo.com/378283760 vimeo Audio replaced/Audio added,mp replace the sound with synthesizer and maracas https vimeo com vimeo audio replaced audio added,0
402,4223.mp4,Add a beard to a guy 00:06-00:11,https://vimeo.com/41727026,vimeo,Adding an entity/ Adding a subject,4223.mp4 Add a beard to a guy 00:06-00:11 https://vimeo.com/41727026 vimeo Adding an entity/ Adding a subject,mp add a beard to a guy https vimeo com vimeo adding an entity adding a subject,1
403,4224.mp4,Remove the goalkeeper in blue 00:18-00:22,https://vimeo.com/134896800,vimeo,Removing an entity/Removing a subject,4224.mp4 Remove the goalkeeper in blue 00:18-00:22 https://vimeo.com/134896800 vimeo Removing an entity/Removing a subject,mp remove the goalkeeper in blue https vimeo com vimeo removing an entity removing a subject,1
404,4226.mp4,"Change the inscription on the T-shirt to ""Bahamas"" 00:57-01:03",https://vimeo.com/17225316,vimeo,Text Replaced/Text Added,"4226.mp4 Change the inscription on the T-shirt to ""Bahamas"" 00:57-01:03 https://vimeo.com/17225316 vimeo Text Replaced/Text Added",mp change the inscription on the t shirt to bahamas https vimeo com vimeo text replaced text added,0
405,4227.mp4,Speed up and slow down fragments 00:01-00:11,https://vimeo.com/27841108,vimeo,Frame duplication/Reversed Frames/Frame dropping/Speeding up/Slowing down,4227.mp4 Speed up and slow down fragments 00:01-00:11 https://vimeo.com/27841108 vimeo Frame duplication/Reversed Frames/Frame dropping/Speeding up/Slowing down,mp speed up and slow down fragments https vimeo com vimeo frame duplication reversed frames frame dropping speeding up slowing down,2
406,4228.mp4,Replace the sound with a double bass and bongos 00:00-00:05,https://vimeo.com/104264357,vimeo,Audio replaced/Audio added,4228.mp4 Replace the sound with a double bass and bongos 00:00-00:05 https://vimeo.com/104264357 vimeo Audio replaced/Audio added,mp replace the sound with a double bass and bongos https vimeo com vimeo audio replaced audio added,0
407,4229.mp4,Add a fly flying near the head 00:00-00:05,https://vimeo.com/119584633,vimeo,Adding an entity/ Adding a subject,4229.mp4 Add a fly flying near the head 00:00-00:05 https://vimeo.com/119584633 vimeo Adding an entity/ Adding a subject,mp add a fly flying near the head https vimeo com vimeo adding an entity adding a subject,1
408,4230.mp4,Remove guy bartender 00:07-00:12,https://vimeo.com/115925959,vimeo,Removing an entity/Removing a subject,4230.mp4 Remove guy bartender 00:07-00:12 https://vimeo.com/115925959 vimeo Removing an entity/Removing a subject,mp remove guy bartender https vimeo com vimeo removing an entity removing a subject,1
409,4231.mp4,Change hair color to Crimson 00:32-00:38,https://vimeo.com/38762822,vimeo,Background/Color Change,4231.mp4 Change hair color to Crimson 00:32-00:38 https://vimeo.com/38762822 vimeo Background/Color Change,mp change hair color to crimson https vimeo com vimeo background color change,3
410,4233.mp4,Slow down and reverse 00:05-00:15,https://vimeo.com/35856767,vimeo,Frame duplication/Reversed Frames/Frame dropping/Speeding up/Slowing down,4233.mp4 Slow down and reverse 00:05-00:15 https://vimeo.com/35856767 vimeo Frame duplication/Reversed Frames/Frame dropping/Speeding up/Slowing down,mp slow down and reverse https vimeo com vimeo frame duplication reversed frames frame dropping speeding up slowing down,2
411,4234.mp4,Add the sound of a purr of a cat and a sound of castanets 00:00-00:05,https://vimeo.com/69124610,vimeo,Audio replaced/Audio added,4234.mp4 Add the sound of a purr of a cat and a sound of castanets 00:00-00:05 https://vimeo.com/69124610 vimeo Audio replaced/Audio added,mp add the sound of a purr of a cat and a sound of castanets https vimeo com vimeo audio replaced audio added,0
412,4239.mp4,"Slow down fragments, reverse 00:09-00:18",https://vimeo.com/475498099,vimeo,Frame duplication/Reversed Frames/Frame dropping/Speeding up/Slowing down,"4239.mp4 Slow down fragments, reverse 00:09-00:18 https://vimeo.com/475498099 vimeo Frame duplication/Reversed Frames/Frame dropping/Speeding up/Slowing down",mp slow down fragments reverse https vimeo com vimeo frame duplication reversed frames frame dropping speeding up slowing down,2
413,4240.mp4,Replace the sound with a tambourine sound 00:00-00:05,https://vimeo.com/179407347,vimeo,Audio replaced/Audio added,4240.mp4 Replace the sound with a tambourine sound 00:00-00:05 https://vimeo.com/179407347 vimeo Audio replaced/Audio added,mp replace the sound with a tambourine sound https vimeo com vimeo audio replaced audio added,0
